n_events,rep,sampled_event_ids,common_event_ids
40,0,1049 1075 1166 281 1054 346 1089 176 1065 1053 1076 1101 1015 151 161 1018 1091 280 1138 1033 1044 1145 1066 177 1118 1051 1215 1130 1135 1094 1113 1170 1132 278 1008 171 1070 180 1002 1003,1075 281 346 176 1015 1018 280 1066 177 278 180 1002 1003
40,1,1033 1053 1013 279 1146 1015 1048 1006 1001 137 1064 1054 1170 1190 1215 1019 1152 1097 1044 1034 1079 30 1025 114 127 1011 177 1094 1014 281 1049 1098 1145 1113 175 1124 1050 1023 1061 113,279 1015 1006 1001 137 1064 1019 127 1011 177 1014 281 175
40,2,1128 1034 176 1025 1045 151 1054 1065 1062 1099 1007 1087 137 1130 1145 1066 76 1170 1069 158 1190 1046 278 1030 1154 1163 1060 1108 346 1094 1095 1178 1152 1008 1043 173 1103 177 127 1023,1128 176 1045 1007 137 1066 158 278 346 173 177 127
40,3,1020 1128 1008 1108 1033 1087 1035 1003 1166 1032 1013 1034 1089 1154 1069 30 1094 1135 1145 1002 1098 1086 1011 125 1022 1190 1081 1186 1027 151 172 1140 1007 1054 114 1061 1110 1170 1103 179,1128 1003 1002 1011 125 172 1007 179
40,4,1075 1135 1134 1079 1053 137 1059 1128 1060 1118 126 1166 274 1020 1031 1065 1099 1064 1016 125 1068 1098 1123 1221 346 180 170 1007 1146 1151 1107 1097 1054 1034 163 1045 1110 1154 1014 175,1075 137 1128 274 1031 1064 1016 125 1068 346 180 170 1007 163 1045 1014 175
40,5,1145 1123 180 1216 1034 1137 1113 114 1015 1130 1101 1098 1125 1046 1107 1033 177 1170 137 346 1068 1025 1064 113 1139 1014 1089 1128 118 274 1066 1070 1160 1099 1075 1134 167 1016 1065 1156,180 1015 177 137 346 1068 1064 1014 1128 118 274 1066 1075 1016
40,6,1079 1110 175 1065 76 151 1012 1060 274 1107 172 1103 1152 1094 1154 1035 1125 1051 1020 1023 1140 180 1049 1038 1166 1050 1123 280 1098 1022 1014 161 1015 1032 177 1216 118 1064 1095 158,175 1012 274 172 180 1038 280 1014 1015 177 118 1064 158
40,7,1132 1221 1070 1016 1178 127 1125 125 1215 1046 1032 1013 1146 1156 1045 1128 1019 1086 176 1186 1138 1118 1021 113 1094 1003 1190 1018 274 1151 1096 114 1124 170 1089 1025 279 1027 1135 1035,1016 127 125 1045 1128 1019 176 1003 1018 274 170 279
40,8,1190 1103 114 1015 1008 1014 1125 1166 1146 1075 167 1051 176 1003 1028 1021 1013 1043 1070 1054 1038 1049 1087 1151 280 1186 1216 1161 1124 1097 1134 1137 1023 281 1007 174 1156 1025 1011 1068,1015 1014 1075 176 1003 1038 280 281 1007 174 1011 1068
40,9,278 176 1151 173 1060 161 179 125 1070 1014 1113 1186 1128 1118 127 1098 1131 1028 158 1019 1025 1001 1066 1085 174 1012 1161 1023 1069 1079 1027 1101 1033 1054 1140 1043 1013 1081 1002 1089,278 176 173 179 125 1014 1128 127 158 1019 1001 1066 174 1012 1002
40,10,1031 1053 1134 1221 1022 1016 1068 1132 1020 1110 30 1028 1170 1215 167 1034 1032 151 114 281 1054 161 1107 1095 1146 118 1003 1021 279 1096 1076 1011 1051 1042 1156 1018 1166 113 1131 1049,1031 1016 1068 281 118 1003 279 1011 1018
40,11,1178 167 1087 1059 1025 174 1216 172 1170 1001 127 1139 1003 1060 1045 1028 274 1107 1113 1085 1131 1061 1008 1051 179 1264 1020 1002 1110 76 1140 1049 281 151 1013 1166 1022 1070 1154 1076,174 172 1001 127 1003 1045 274 179 1002 281
40,12,1014 1161 1023 1145 1032 1042 1044 1016 1002 1068 1107 1022 1030 177 1138 1038 1166 1059 1001 1020 1060 176 1008 1128 1103 1046 1215 1043 1125 1075 1118 1053 1095 167 1085 1139 280 126 278 1134,1014 1016 1002 1068 177 1038 1001 176 1128 1075 280 278
40,13,1170 1013 1012 346 30 177 1110 1049 1125 1001 167 1064 274 1019 1103 1146 1097 1008 1152 1033 1100 1151 1156 1076 1085 1145 174 1190 1101 1011 1160 1123 1015 1046 1221 1068 1003 1132 158 1108,1012 346 177 1001 1064 274 1019 174 1011 1015 1068 1003 158
40,14,1018 1221 1046 1139 1107 1123 1054 1043 1038 1118 1086 125 174 1052 171 1011 1154 1216 1099 280 170 1023 113 173 1095 1125 1134 1045 1215 1003 1050 1152 126 114 1166 1033 1066 1035 1028 1163,1018 1038 125 174 1011 280 170 173 1045 1003 1066
40,15,1065 1163 1085 1031 1160 1124 175 1015 126 1096 176 1138 1042 127 1018 1050 281 1030 1066 179 280 1113 1094 1038 161 1003 1054 1125 1140 1100 1132 1060 1178 1012 1035 174 279 125 1089 1025,1031 175 1015 176 127 1018 281 1066 179 280 1038 1003 1012 174 279 125
40,16,1096 167 113 1154 1098 1054 174 1125 1027 1166 1132 1124 1068 1099 1008 1134 1065 280 1139 1170 1216 1042 1002 1079 1085 1146 161 127 1066 1145 1020 1152 179 172 1001 1160 1038 1101 180 1021,174 1068 280 1002 127 1066 179 172 1001 1038 180
40,17,1124 1022 1042 1075 1135 176 163 1152 1098 125 1006 280 1049 1216 1178 1061 1163 126 76 346 1069 274 1131 1014 151 1138 173 1156 1085 1190 114 1076 1118 179 1038 1154 1032 1021 1008 1081,1075 176 163 125 1006 280 346 274 1014 173 179 1038
40,18,1145 1061 1190 1069 1156 1128 1178 1045 180 1019 1132 1015 1081 158 30 1065 1134 1151 167 1135 1124 1051 1046 127 1008 1085 76 163 1096 1027 1003 1023 118 1054 1066 1001 1166 1060 1099 1021,1128 1045 180 1019 1015 158 127 163 1003 118 1066 1001
40,19,1019 1025 1160 76 1128 1151 30 278 137 1011 1145 1023 279 1138 1085 1096 1101 1068 1118 1089 1170 176 1022 1110 113 1049 1006 1161 151 1021 1038 174 1061 1215 1113 1163 1123 167 1002 158,1019 1128 278 137 1011 279 1068 176 1006 1038 174 1002 158
40,20,167 118 1076 1154 1012 1264 1075 1131 1132 1018 1021 1101 1085 1027 1028 1069 1001 1160 1166 1130 1113 1170 1062 175 1135 1015 1125 1086 1145 1049 1020 1011 163 125 1099 1107 1053 1097 174 1042,118 1012 1075 1018 1001 175 1015 1011 163 125 174
40,21,1016 1151 1103 1134 173 1091 1023 1089 1094 1061 1154 1099 1032 1043 1087 163 1118 158 171 1101 1052 1030 118 180 281 1096 274 1012 114 1027 76 1123 1100 1132 1086 1022 1006 1215 1059 175,1016 173 163 158 118 180 281 274 1012 1006 175
40,22,180 30 1049 167 1033 1002 274 1152 1130 1075 1070 1178 1146 1124 1140 278 1215 279 1016 1003 346 1045 173 1118 1110 1054 1131 1043 1031 1170 1025 1135 280 1085 1053 1052 1190 1006 1048 1018,180 1002 274 1075 278 279 1016 1003 346 1045 173 1031 280 1006 1018
40,23,1075 1052 1098 151 173 1123 1034 1050 1095 1163 1096 1048 1178 1161 1023 279 1062 171 118 1152 1021 1151 1160 1001 1124 274 1015 1186 1014 278 1042 1059 1045 126 1069 1049 1128 1107 1065 1113,1075 173 279 118 1001 274 1015 1014 278 1045 1128
40,24,1139 1118 1070 1140 1012 118 1100 1044 1085 1025 1097 1145 1096 1068 175 1123 1107 1050 127 1018 1031 1091 346 1170 1028 1051 1034 170 1052 1049 1059 1095 1161 1081 1014 173 1103 171 1045 1003,1012 118 1068 175 127 1018 1031 346 170 1014 173 1045 1003
40,25,1008 1002 1059 170 76 278 1049 1138 1137 1107 1190 1095 1103 1096 126 167 1038 1113 1099 280 1264 1018 1075 1079 1016 1139 1006 1124 1068 1062 1076 1215 1013 30 1156 1028 1065 1046 1098 1050,1002 170 278 1038 280 1018 1075 1016 1006 1068
40,26,346 1019 1018 1087 1076 1186 1138 1030 1099 1014 1016 1215 1001 1097 1032 280 1166 1028 127 1094 167 1062 175 1027 1031 1021 1086 1035 1038 278 1110 1123 1050 1045 1096 172 1154 1100 1128 1046,346 1019 1018 1014 1016 1001 280 127 175 1031 1038 278 1045 172 1128
40,27,1130 1002 1023 30 1099 1163 279 1125 1045 1170 1132 1048 1016 1059 1030 1007 1049 1086 1079 177 1097 1075 1031 1216 1012 172 1107 1034 1060 1061 1190 1108 1123 1118 171 118 1160 1065 179 175,1002 279 1045 1016 1007 177 1075 1031 1012 172 118 179 175
40,28,175 1186 1215 1216 1070 1154 1014 137 1002 113 1118 274 1131 1160 1151 1007 174 1025 114 1064 1161 1128 1018 1059 1027 1145 1152 1045 1190 1113 1264 126 1130 1042 1013 1097 1221 1085 1087 1178,175 1014 137 1002 274 1007 174 1064 1128 1018 1045
40,29,1031 1123 1021 167 1097 171 1113 1154 126 1089 1030 1002 1151 1137 1049 1075 1101 1044 1007 1066 1016 1138 1060 1019 1103 1033 1032 1135 1011 1035 1140 274 176 1059 1025 1128 1170 180 151 1051,1031 1002 1075 1007 1066 1016 1019 1011 274 176 1128 180
40,30,1081 1031 175 1085 1089 1123 1110 1019 1046 1086 1064 1051 1170 1107 170 1140 1014 1186 1059 1032 174 1087 1160 173 1178 177 1062 1025 1098 1020 1108 1163 1003 76 280 1050 278 1060 1161 1028,1031 175 1019 1064 170 1014 174 173 177 1003 280 278
40,31,1151 1103 170 1152 1045 1170 1264 1118 1098 1051 1160 279 1076 1125 1146 1065 1069 278 1008 1110 1221 158 151 1062 1027 176 1003 1137 167 1086 1046 1018 174 1101 30 1140 1012 1066 126 1061,170 1045 279 278 158 176 1003 1018 174 1012 1066
40,32,1031 1021 173 1033 1053 30 125 1059 175 1103 1081 1032 1014 151 1146 1152 1099 1215 1145 1027 1264 1079 163 1042 1190 1097 1186 1166 1012 1007 1139 1030 1003 1069 1016 1221 1043 1051 1124 1086,1031 173 125 175 1014 163 1012 1007 1003 1016
40,33,1051 76 1065 1113 1097 1075 1062 1118 1021 1125 1130 1079 1045 1190 1054 1110 1059 1066 163 1170 1146 1081 1221 1091 280 1186 1052 1070 1020 114 174 30 1156 1099 346 1100 137 1043 1034 1068,1075 1045 1066 163 280 174 346 137 1068
40,34,1135 151 1002 1152 176 1086 1014 1035 170 1085 1160 1018 1151 1059 1166 1027 1013 1091 1052 113 1124 1008 1108 1042 1016 1145 346 1097 1020 1095 1107 1051 1131 1003 1044 127 1098 1030 1161 137,1002 176 1014 170 1018 1016 346 1003 127 137
40,35,1016 1075 167 1062 1064 1113 113 1031 161 1030 1079 1054 1138 1215 180 1014 1108 1020 1140 151 1107 1160 1076 1085 1221 1103 170 175 1022 1081 1066 1124 1139 1128 1125 1061 114 1086 1053 280,1016 1075 1064 1031 180 1014 170 175 1066 1128 280
40,36,1022 1069 1138 1123 1065 1140 1028 1003 76 1098 151 1099 125 1020 1033 127 1135 1027 1108 174 1139 180 1030 1145 137 1031 1011 1091 1100 1215 1006 1049 1096 1007 1190 1052 1221 274 1152 1043,1003 125 127 174 180 137 1031 1011 1006 1007 274
40,37,172 1052 1152 1014 125 1053 1215 1145 1023 113 1190 1094 179 171 1076 1045 161 1101 1161 1128 1054 1065 1113 1060 1087 1166 274 1033 1059 1095 1118 1124 1028 1027 1160 163 1061 1002 1085 1132,172 1014 125 179 1045 1128 274 163 1002
40,38,118 1003 1011 170 1052 1066 1096 1100 1038 1048 1076 280 1061 1186 1135 1097 1125 1064 1087 1085 1062 1001 1054 30 76 1014 177 161 1079 1123 278 1108 1020 174 1140 1170 1012 1089 1022 1031,118 1003 1011 170 1066 1038 280 1064 1001 1014 177 278 174 1012 1031
40,39,177 1128 1060 1154 1065 1070 174 1140 158 1166 1110 1015 180 1032 1034 1001 1098 1103 176 125 1018 1044 1043 1170 1038 1031 151 175 1221 173 1054 1035 1008 1130 126 1152 1124 1051 1131 1076,177 1128 174 158 1015 180 1001 176 125 1018 1038 1031 175 173
40,40,1068 1061 1145 1170 1161 1059 1069 1216 1007 1138 1027 1075 176 1079 346 1125 180 1065 1016 1107 1091 158 1062 127 1101 1103 1001 1008 161 1087 163 1043 114 172 1099 1110 1190 1006 1042 1166,1068 1007 1075 176 346 180 1016 158 127 1001 163 172 1006
40,41,1032 1069 1094 1135 1052 1081 113 1170 1060 173 1125 137 180 1001 1064 1076 125 177 1035 1099 278 1079 1062 280 1221 1086 1027 1145 1154 1015 1163 1215 1130 1091 176 1065 1098 1097 1033 1014,173 137 180 1001 1064 125 177 278 280 1015 176 1014
40,42,1027 1075 1145 1076 158 175 118 1087 1094 113 1140 180 1070 1221 1137 1019 127 1030 179 1052 1064 1061 1086 1031 1008 1022 1013 173 1012 1154 1160 1018 1045 1100 114 1101 1062 1015 281 1139,1075 158 175 118 180 1019 127 179 1064 1031 173 1012 1018 1045 1015 281
40,43,113 1087 76 118 127 1097 1152 1098 1046 114 280 137 177 1001 1038 1051 1069 1135 1118 1043 161 1022 1050 1081 1054 1131 1108 174 1032 1023 274 1003 1034 172 1070 1030 151 1042 1014 1137,118 127 280 137 177 1001 1038 174 274 1003 172 1014
40,44,1068 161 1152 1086 1008 1099 1048 1097 1062 281 127 1061 1130 1190 1087 1098 1216 1139 171 1123 1215 1065 1051 1113 114 76 1264 1100 1001 1221 167 1007 1146 1070 1170 176 1081 1134 1034 1002,1068 281 127 1001 1007 176 1002
40,45,1086 1021 1161 1132 280 1076 1186 1008 180 1097 1087 170 177 175 1015 171 1103 1166 1107 125 1060 158 172 1094 1138 1099 1085 1079 1043 1011 1154 1052 1064 1031 346 1045 1018 1013 167 1003,280 180 170 177 175 1015 125 158 172 1011 1064 1031 346 1045 1018 1003
40,46,346 180 1094 1023 1156 1110 1019 1031 1070 1003 1038 1087 173 1013 1086 114 1096 1081 1016 1190 1042 1166 1123 125 1163 1069 137 1146 1065 1011 1264 278 1075 1079 1048 1125 1053 1049 1030 1152,346 180 1019 1031 1003 1038 173 1016 125 137 1011 278 1075
40,47,177 1135 1096 1062 125 1020 274 1007 1075 180 1113 1001 1035 1061 30 76 1022 1008 1160 1018 1038 1118 126 113 1098 1076 1065 1070 1089 1124 1023 1052 1152 1186 1042 1048 1099 170 1103 1130,177 125 274 1007 1075 180 1001 1018 1038 170
40,48,1032 1018 1059 1075 125 1068 1170 161 281 1022 1108 1006 1161 1038 1030 177 175 126 1145 1051 1045 1139 1134 1002 1152 1098 1050 1178 1215 114 1101 346 1027 1062 1052 278 1015 151 1118 1094,1018 1075 125 1068 281 1006 1038 177 175 1045 1002 346 278 1015
40,49,126 1178 1032 176 1103 172 1130 1052 1166 1221 1113 1099 1186 179 1016 1146 1107 278 1132 1095 175 1101 1013 280 170 174 1020 151 1086 1051 1042 274 1027 1140 1098 1035 1163 118 1012 161,176 172 179 1016 278 175 280 170 174 274 118 1012
40,50,1032 1216 1156 1028 1264 1097 177 161 1011 1108 1044 1161 1131 126 1069 1046 1138 175 1049 1079 1051 114 1140 172 1023 125 1128 118 1099 1064 1015 1089 1060 1113 274 1103 1100 1021 1134 1054,177 1011 175 172 125 1128 118 1064 1015 274
40,51,113 1021 1049 280 180 1034 1064 346 161 126 1135 1015 1124 167 1066 174 1221 175 1043 1079 1128 1091 173 1123 1085 1166 1163 127 1215 1022 1132 1113 1020 125 1145 1061 170 137 1098 1170,280 180 1064 346 1015 1066 174 175 1128 173 127 125 170 137
40,52,1190 1124 1128 1069 1007 1118 1042 1146 118 114 1060 1221 1096 1123 1086 1075 1137 1043 1015 167 151 174 158 176 170 1154 1016 1053 1099 1027 1020 1070 1152 1054 1132 1028 1032 1085 173 1134,1128 1007 118 1075 1015 174 158 176 170 1016 173
40,53,1050 1216 1008 1139 1079 1128 1048 1186 1025 1086 1125 1033 179 1034 1070 1043 1113 1065 172 76 118 346 1098 1053 1137 1152 1146 1099 1031 1107 151 1068 1016 1081 1042 1161 1061 1038 1060 1011,1128 179 172 118 346 1031 1068 1016 1038 1011
40,54,274 1043 176 1003 1216 1099 1086 1156 1125 125 1087 1085 1140 1075 177 1089 1061 151 76 1163 174 1066 1190 1048 1014 1002 1006 1027 1151 1113 1137 1038 1076 1031 1118 1042 1064 1018 1095 1025,274 176 1003 125 1075 177 174 1066 1014 1002 1006 1038 1031 1064 1018
40,55,1221 1079 1050 1099 1054 172 1069 1163 1139 278 1076 137 1138 1051 1018 114 1035 1124 1062 174 1011 161 346 1096 118 1043 274 1151 1006 1135 1044 1027 280 1085 1107 1022 1095 1264 1160 126,172 278 137 1018 174 1011 346 118 274 1006 280
40,56,30 1087 1094 1085 1060 1023 1132 1070 1145 1113 1064 1099 1076 1042 1049 1054 118 1128 1178 346 1022 1160 1101 1025 1011 170 1186 1066 1103 281 1110 1069 1140 1035 1016 1061 1146 114 1221 1086,1064 118 1128 346 1011 170 1066 281 1016
40,57,125 1060 1028 114 1166 1064 1118 170 161 346 173 76 180 1033 127 174 1125 1145 1081 1049 1113 1170 1099 1100 1043 1052 279 1085 1101 1146 1054 113 176 1131 1045 1152 1014 1075 1163 1002,125 1064 170 346 173 180 127 174 279 176 1045 1014 1075 1002
40,58,279 1070 1178 1016 1216 173 1031 1186 1038 1123 1003 1215 1140 1033 1007 1138 1125 1134 1044 161 1130 1163 1025 1103 1035 1135 1096 1068 1221 118 174 1152 137 1113 1110 1137 1045 1128 1012 1076,279 1016 173 1031 1038 1003 1007 1068 118 174 137 1045 1128 1012
40,59,1186 1097 137 1022 1075 1045 1110 1049 1264 1003 1020 1034 1030 1060 167 1118 113 1095 1096 1012 1021 1031 1103 1135 1156 1094 1068 1086 1145 174 173 1050 127 1163 1069 126 1166 1006 1065 1099,137 1075 1045 1003 1012 1031 1068 174 173 127 1006
40,60,1035 1033 172 1019 1151 1031 180 1089 1030 1022 1160 279 1101 1215 1064 1113 176 1152 1052 1216 1096 1190 170 1125 1051 1002 278 1091 175 274 1107 1145 1156 1054 1043 177 1016 1079 1097 1020,172 1019 1031 180 279 1064 176 170 1002 278 175 274 177 1016
40,61,1152 1050 1023 1081 1032 1049 76 274 1079 1025 1051 1061 1124 114 1113 151 280 1021 1118 1134 1125 1186 1264 1160 1034 1216 1085 1066 1170 1131 1108 172 158 1095 1038 1107 1022 1035 1044 125,274 280 1066 172 158 1038 125
40,62,1101 1006 126 1096 1186 1163 1054 1022 1003 1051 1264 1216 1108 118 1052 1118 1020 1100 1140 1076 1035 1027 1015 1014 1025 1103 1089 1097 1033 1023 1045 1151 1137 1001 1107 1094 173 1069 1007 1095,1006 1003 118 1015 1014 1045 1001 173 1007
40,63,1025 278 1138 1099 1103 1001 281 179 1028 170 1135 1154 1066 1163 1006 1076 1089 1118 1137 1031 1012 113 177 1068 1101 1113 1098 172 1065 1124 1042 1264 1097 1061 1190 1070 1107 1044 151 1128,278 1001 281 179 170 1066 1006 1031 1012 177 1068 172 1128
40,64,180 1110 137 1097 1163 174 1015 1118 1137 1030 118 1264 1134 1038 1020 1031 1138 1101 1170 1130 177 1006 1022 1061 1007 1035 161 1064 1135 1050 1100 175 1062 158 1014 1069 1186 278 1021 1154,180 137 174 1015 118 1038 1031 177 1006 1007 1064 175 158 1014 278
40,65,1033 179 1035 1085 1030 1152 1060 1021 1132 1145 1025 278 1042 1134 1140 281 1081 1130 1059 1151 172 1166 1012 125 30 280 1050 1022 1098 1138 137 1131 1049 1003 1170 1100 1124 1156 1066 118,179 278 281 172 1012 125 280 137 1003 1066 118
40,66,1146 174 1001 118 1044 1124 1085 1101 1031 1190 1138 1170 1125 1163 1011 113 1098 1100 1002 179 126 1022 1018 1079 158 1137 1110 1053 279 1023 177 1118 1033 1099 281 1065 1062 1134 172 1034,174 1001 118 1031 1011 1002 179 1018 158 279 177 281 172
40,67,1051 1095 1145 1052 1033 1054 1045 163 281 1091 1089 1053 1190 1070 1014 1046 1186 76 1050 1085 1035 1027 1154 1161 177 1048 1064 1163 1028 1178 137 30 118 1135 1019 1094 1018 1118 1020 1062,1045 163 281 1014 177 1064 137 118 1019 1018
40,68,1146 1068 1066 1087 118 1190 1014 274 1061 1043 1097 125 1264 1085 1139 1128 1132 172 1019 1154 1064 1161 137 1095 1018 1081 1125 1123 30 1046 1028 1045 114 1053 1221 1007 1062 1170 1035 1020,1068 1066 118 1014 274 125 1128 172 1019 1064 137 1018 1045 1007
40,69,1145 158 1034 177 1178 1061 1131 1151 171 30 1006 1021 1052 137 161 1166 1062 1068 1123 1014 179 1049 1139 1190 1013 1096 1108 1032 1070 1138 1215 1125 167 1016 1038 1044 1163 1020 278 1132,158 177 1006 137 1068 1014 179 1016 1038 278
40,70,1013 1146 1023 1008 1096 1094 1065 1012 1048 1064 114 1016 1049 1030 125 1075 1264 280 1140 1178 1076 180 1134 1103 1061 1123 1007 1022 1145 176 1038 1113 1091 173 281 158 1138 171 1002 1068,1012 1064 1016 125 1075 280 180 1007 176 1038 173 281 158 1002 1068
40,71,126 1099 346 1103 1138 1107 1101 1002 1064 1061 1034 1035 1131 173 1098 1163 1059 1178 1215 1045 1001 1079 1113 1135 114 1052 1166 1014 1160 1019 1006 1087 176 1028 1008 1156 1044 1049 1020 1085,346 1002 1064 173 1045 1001 1014 1019 1006 176
40,72,1053 151 1066 1098 1107 1027 177 1095 1045 1008 1131 1110 179 126 1031 1118 1015 1137 1022 1216 1146 1061 137 1051 1128 1050 1007 1023 1108 1166 1065 158 1156 1089 1019 1011 1103 1125 1028 1151,1066 177 1045 179 1031 1015 137 1128 1007 158 1019 1011
40,73,1045 1118 1046 1007 1079 1065 1099 1161 1166 1053 1110 1113 1066 1006 1033 1138 1095 1108 177 1038 1061 167 1032 1178 1031 1156 1221 1049 1123 118 278 158 1043 1094 1186 1097 1128 179 1013 1003,1045 1007 1066 1006 177 1038 1031 118 278 158 1128 179 1003
40,74,1065 1011 1134 137 167 127 1033 76 180 176 1125 171 1091 1152 1161 1012 1178 1018 174 1118 1095 1076 1101 278 1064 1008 1130 1135 151 1054 114 1043 1190 1046 1053 118 1086 1014 1022 1021,1011 137 127 180 176 1012 1018 174 278 1064 118 1014
40,75,30 279 1128 1087 346 177 161 1021 114 1060 1023 1022 113 1135 1065 1161 1038 1107 1216 1048 173 176 1134 1140 127 1050 180 1064 1027 1066 1086 1101 1035 1051 281 1160 1030 1031 1062 1089,279 1128 346 177 1038 173 176 127 180 1064 1066 281 1031
40,76,1156 1128 1221 1033 1123 1019 1045 177 346 1054 1027 1001 161 1085 1190 1166 1075 1034 1066 1160 1021 170 1028 118 1097 1131 125 1012 1216 1052 1137 1030 151 171 1079 1062 126 281 172 1070,1128 1019 1045 177 346 1001 1075 1066 170 118 125 1012 281 172
40,77,170 174 1170 1140 1022 1038 1154 1118 1264 1076 1027 1016 1135 177 1053 1031 1032 1216 1215 1045 1130 1161 114 1015 1132 1139 1089 1101 137 1034 1021 1097 172 1086 281 1070 1012 1002 163 274,170 174 1038 1016 177 1031 1045 1015 137 172 281 1012 1002 163 274
40,78,1045 278 114 274 175 1053 1006 1170 125 1064 30 1152 281 1138 1046 1132 1033 1068 1154 1166 1061 1060 1100 170 1001 1095 1134 1264 1049 171 1094 1050 1021 1020 1062 1145 1031 1215 158 1066,1045 278 274 175 1006 125 1064 281 1068 170 1001 1031 158 1066
40,79,174 1003 1154 179 163 1118 1020 125 127 1032 1156 1050 1013 167 278 1110 1096 1098 1131 1097 1140 1163 1086 1124 1087 1107 76 1161 1007 1060 1018 1044 1046 1151 1091 1051 170 177 1043 1021,174 1003 179 163 125 127 278 1007 1018 170 177
40,80,1030 1019 1079 1069 1023 1020 163 1089 1101 137 1066 1134 1131 1085 1016 1033 1064 1013 1128 1061 1034 76 1095 1006 1110 1043 1012 1028 346 1138 1060 1065 1003 1132 125 1135 1154 1050 1118 1022,1019 163 137 1066 1016 1064 1128 1006 1012 346 1003 125
40,81,1030 1221 1038 171 1086 1216 1135 1125 1154 1099 1069 1028 180 1139 1097 1034 1095 1124 1060 1052 1042 1110 1190 158 1131 1006 114 1178 1156 1101 1170 113 1023 1003 172 1091 1079 1130 279 1186,1038 180 158 1006 1003 172 279
40,82,1125 1161 171 1031 1163 163 1018 176 1022 1065 1062 1019 1081 1050 1064 1049 1151 1098 1099 1021 1190 1035 1045 126 1170 1023 1044 1097 1042 1076 1264 127 279 1131 1027 174 1135 1028 274 1059,1031 163 1018 176 1019 1064 1045 127 279 174 274
40,83,1049 1075 1131 1145 1178 1044 1035 1054 30 1028 1100 1033 1152 1264 1064 172 76 1108 1016 1123 1098 1163 118 1154 1027 177 171 1018 280 151 1034 1124 1160 1221 1113 137 1095 1087 1045 1070,1075 1064 172 1016 118 177 1018 280 137 1045
40,84,1086 1061 1130 1023 1048 1016 1100 1011 1068 1095 127 1160 1014 1046 1101 1022 1190 1103 1145 1064 1087 1032 1131 1007 76 1221 1264 1128 1134 1062 1034 1123 1051 1076 1001 1079 1015 170 1038 1066,1016 1011 1068 127 1014 1064 1007 1128 1001 1015 170 1038 1066
40,85,1022 1113 1006 1044 1033 1021 1123 278 137 1186 118 1100 1156 151 1089 1016 1134 1052 1038 1221 1108 1012 1031 1264 1069 1014 174 1190 346 1098 1110 1140 1096 1103 1020 1146 179 1145 1095 279,1006 278 137 118 1016 1038 1012 1031 1014 174 346 179 279
40,86,1052 1016 1113 1163 1007 1123 1060 180 1094 1066 1135 1095 1031 1124 1096 1156 1091 1013 1108 1134 1190 1138 1125 1049 172 161 1001 1064 1075 171 1012 1027 127 1014 1160 1028 1081 1166 1051 1069,1016 1007 180 1066 1031 172 1001 1064 1075 1012 127 1014
40,87,1014 1215 1032 1166 1264 1152 280 1128 173 1061 177 1178 126 170 1019 1038 1064 1023 1087 1131 346 1190 1081 1096 1099 1011 1094 1069 1138 1151 1137 1059 1085 1018 278 1130 1161 1140 180 1124,1014 280 1128 173 177 170 1019 1038 1064 346 1011 1018 278 180
40,88,1028 1030 170 1098 1054 158 1100 1134 1049 127 280 1027 1038 1118 1001 1008 1033 1011 1086 1075 1012 1022 1059 1076 1035 1064 1216 1186 1139 163 1053 1094 172 1091 1152 1156 1099 1043 1151 1068,170 158 127 280 1038 1001 1011 1075 1012 1064 163 172 1068
40,89,1138 1070 1170 1028 1215 1007 170 163 1021 1049 1075 1066 1015 1081 1128 1098 281 1014 137 1032 1008 1001 1166 278 1097 113 1031 1045 1013 1163 1061 1085 1132 179 1059 1103 1038 1100 1043 30,1007 170 163 1075 1066 1015 1128 281 1014 137 1001 278 1031 1045 179 1038
40,90,30 1094 1060 346 1020 1048 1021 1166 1163 173 1027 1110 1016 1015 1011 179 1098 1028 1139 127 1043 1123 1001 1065 1079 1135 1216 1052 163 1022 174 274 1006 1264 1151 1132 1070 1013 1160 137,346 173 1016 1015 1011 179 127 1001 163 174 274 1006 137
40,91,1107 1052 1100 1015 1069 1007 1013 1027 1064 161 171 1086 1018 1190 177 1264 180 1030 114 278 280 1032 1096 158 1044 1130 1066 1001 1062 1051 1154 1097 1065 1170 1079 1021 1011 1070 167 1132,1015 1007 1064 1018 177 180 278 280 158 1066 1001 1011
40,92,1075 280 1221 1152 180 1002 1027 1064 1139 1049 1021 1131 1145 1042 1128 1068 278 1163 177 1099 1160 1107 76 1051 1014 163 1087 1061 1095 127 1020 1125 1138 1059 1085 1035 1132 137 1101 1118,1075 280 180 1002 1064 1128 1068 278 177 1014 163 127 137
40,93,279 1151 1166 1003 1135 1018 161 163 1016 137 1054 1110 1060 1163 1131 346 114 1045 1046 170 1140 1124 1048 1170 125 1216 1022 1013 118 1123 76 1065 1186 176 1107 172 1190 113 1134 281,279 1003 1018 163 1016 137 346 1045 170 125 118 176 172 281
40,94,1059 1028 1160 127 1016 1145 1113 1042 1049 175 1012 177 171 1094 1076 1128 1022 1066 180 176 1118 1070 1061 1065 281 1101 1007 1152 1123 151 1019 1015 1014 1089 1060 179 1103 1154 1087 1034,127 1016 175 1012 177 1128 1066 180 176 281 1007 1019 1015 1014 179
40,95,1018 1076 1140 1011 1125 1049 1003 1081 1096 180 1027 1154 1216 274 1059 1160 137 1186 118 163 1053 126 1134 1123 1138 167 1095 1023 1031 1087 175 1135 1048 1044 1098 151 174 279 1021 281,1018 1011 1003 180 274 137 118 163 1031 175 174 279 281
40,96,1051 1038 1081 1145 175 1107 1138 1013 1046 1015 1054 1099 346 1059 1130 1025 1061 1100 1019 1137 1151 1023 163 1050 76 1108 1035 1032 1045 1123 170 176 1014 167 126 1140 161 1033 1215 1146,1038 175 1015 346 1019 163 1045 170 176 1014
40,97,1079 137 1015 1054 1007 1053 280 1059 1076 1020 1160 1137 1014 118 1061 1048 1216 173 1019 1123 1025 1052 1118 176 1046 1145 1132 1178 1035 1030 151 1089 1064 1087 1161 1008 1215 1034 113 1134,137 1015 1007 280 1014 118 173 1019 176 1064
40,98,274 1019 1160 1020 1190 279 1132 1015 1070 1061 1062 280 1032 167 1033 1099 1130 1042 175 118 1113 1025 1014 1006 1107 1094 1043 1048 1045 1087 1118 281 1035 1065 1054 1140 1135 30 278 1064,274 1019 279 1015 280 175 118 1014 1006 1045 281 278 1064
40,99,1221 175 1069 1001 1100 1125 167 1025 280 1079 1098 163 1065 1070 1086 1087 1130 1085 1076 1091 161 1044 1139 1170 1011 1064 1050 1049 1030 1007 278 177 170 1019 1002 1042 114 1094 1178 1006,175 1001 280 163 1011 1064 1007 278 177 170 1019 1002 1006
60,0,1059 1062 1008 151 1003 1030 1028 1060 1022 280 1186 1002 281 1140 1032 1043 1034 1001 126 1042 1125 1048 176 1068 1031 127 1011 1075 1061 171 1020 125 174 1046 1091 114 1035 1146 1013 1006 1151 1103 1118 167 1007 170 1025 1076 1221 1098 1016 1021 158 1027 1064 1152 137 1131 1145 1138,1003 280 1002 281 1001 176 1068 1031 127 1011 1075 125 174 1006 1007 170 1016 158 1064 137
60,1,1048 1044 118 1130 1023 1186 1054 1178 1081 1042 158 174 1087 1137 1051 274 279 1154 1139 30 1086 1035 281 126 1091 1038 346 1065 1002 1089 177 1001 1190 137 1021 1022 1221 1075 1043 1068 1146 1045 1170 161 1100 1064 1049 1125 1160 1066 151 176 1101 1097 1007 1028 1015 113 1027 1118,118 158 174 274 279 281 1038 346 1002 177 1001 137 1075 1068 1045 1064 1066 176 1007 1015
60,2,163 151 1139 1079 1059 1042 125 1012 161 1124 1020 278 1015 1060 76 280 1264 1027 1065 174 1061 170 1054 346 1107 1152 1066 1049 1170 1163 1096 1014 1025 1031 1118 1035 176 1070 1006 1146 1050 1137 1023 1154 1043 1190 1178 1013 279 1032 179 1094 137 1044 1140 1216 1100 1033 1103 1161,163 125 1012 278 1015 280 174 170 346 1066 1014 1031 176 1006 279 179 137
60,3,125 1049 1068 1031 1011 1110 127 1070 114 1065 1006 1118 346 1050 280 1059 118 1016 1161 1094 1028 1132 279 1138 1085 1012 1066 1151 1054 1125 1124 163 1154 274 179 173 76 1064 176 175 172 1145 1097 1015 278 1146 1042 1166 1123 1021 1048 1002 1190 167 1103 1130 1099 151 1033 1032,125 1068 1031 1011 127 1006 346 280 118 1016 279 1012 1066 163 274 179 173 1064 176 175 172 1015 278 1002
60,4,127 1128 1098 1030 1052 171 346 1138 1154 1051 1113 176 170 1007 1099 1054 1001 173 1048 1014 1094 1042 1068 1130 1012 1028 1170 1018 1031 1008 274 1152 1032 1178 1190 1069 1019 1065 1076 1264 30 1146 1015 1075 137 1160 167 280 1124 1110 1091 1025 174 1027 1049 1095 151 1135 177 1140,127 1128 346 176 170 1007 1001 173 1014 1068 1012 1018 1031 274 1019 1015 1075 137 280 174 177
60,5,1108 1061 1130 30 1032 1100 1163 1264 1066 172 1035 1097 1087 1139 1045 1098 158 127 1070 1124 1131 1052 1118 278 1027 1030 1044 1003 1049 346 1215 175 1123 1068 1152 1076 1221 1156 1089 1046 1022 1062 1161 1011 174 1154 1099 1081 151 1043 1060 1216 1019 279 1033 1016 1186 1085 1107 167,1066 172 1045 158 127 278 1003 346 175 1068 1011 174 1019 279 1016
60,6,1186 1103 1216 1163 1021 1059 125 1076 1156 1123 1125 1137 274 1166 176 1139 1128 173 1087 1022 175 158 1054 1034 1003 346 1012 1018 1089 1135 1015 1038 1051 1050 179 1108 1061 1069 1086 1035 1008 1030 1145 1016 163 1130 137 1215 1001 167 1025 1028 180 1027 1085 1154 76 1007 1140 1014,125 274 176 1128 173 175 158 1003 346 1012 1018 1015 1038 179 1016 163 137 1001 180 1007 1014
60,7,1006 1113 1086 1022 1018 1002 176 1140 1079 1069 1030 1137 1075 1008 1151 1108 1059 163 1087 1094 1139 1021 125 1043 1128 1049 1065 1034 1097 1110 127 167 1100 1032 1101 1264 170 1190 1038 1045 1015 1107 1161 113 1085 1146 1054 1028 1163 1221 1170 1178 1068 1053 1154 1020 1051 281 1013 1014,1006 1018 1002 176 1075 163 125 1128 127 170 1038 1045 1015 1068 281 1014
60,8,1022 1123 1070 1066 1215 1098 170 114 1152 1096 1166 1103 1118 1053 1008 1125 1087 1069 125 1012 1002 1031 280 1033 1076 1091 180 1038 1034 171 1062 1264 1016 161 1081 274 172 137 1068 278 127 1048 1137 1089 1094 76 1020 1025 1042 1124 1101 1163 1161 346 1049 1044 1035 1064 1079 1028,1066 170 125 1012 1002 1031 280 180 1038 1016 274 172 137 1068 278 127 346 1064
60,9,1065 1075 151 1166 158 1038 1123 1113 173 175 177 1099 1018 1023 1139 1108 1081 1070 1161 163 1097 172 1045 1095 1043 1178 118 1152 1125 1156 176 1079 1060 1011 281 1019 1163 1006 1145 76 170 1186 1059 1033 1042 1068 1030 1132 1054 1160 1110 174 125 1046 1216 161 1066 180 1094 179,1075 158 1038 173 175 177 1018 163 172 1045 118 176 1011 281 1019 1006 170 1068 174 125 1066 180 179
60,10,1137 278 1019 30 170 1110 126 281 174 1066 1134 1089 274 1216 163 1049 1096 1190 1095 1031 1014 1081 158 1016 1264 176 1108 1054 1053 1161 1146 1131 1061 1098 1023 1008 1027 172 1032 137 1034 76 179 1030 1020 177 1006 175 1001 1021 1007 1044 1118 1052 279 1166 1107 113 1013 118,278 1019 170 281 174 1066 274 163 1031 1014 158 1016 176 172 137 179 177 1006 175 1001 1007 279 118
60,11,1070 172 173 1002 1068 125 1125 1025 281 1076 1006 170 1113 137 1215 1152 1128 1051 280 1170 1186 177 1099 1081 1151 1054 1064 1118 1021 1264 1033 1107 1016 118 175 161 1059 1015 1052 1050 1013 1046 1216 1154 1161 1075 1140 163 1043 1038 1110 179 1034 1134 1139 1048 1137 1020 1087 1097,172 173 1002 1068 125 281 1006 170 137 1128 280 177 1064 1016 118 175 1015 1075 163 1038 179
60,12,1113 1081 1134 1124 1085 1101 1125 1032 114 1137 1135 1156 1152 1097 1076 1138 1008 1118 1098 1160 151 1045 170 1025 1022 1003 1064 1066 1075 127 1128 1065 279 1096 1170 1015 1107 1044 1095 172 1178 281 1033 125 1140 1034 161 167 1051 1006 1130 1001 1221 1086 30 274 1050 1049 1190 1028,1045 170 1003 1064 1066 1075 127 1128 279 1015 172 281 125 1006 1001 274
60,13,1054 1035 1023 1097 1022 1099 1094 1048 1008 1095 118 1042 1059 1125 1066 1186 1049 1146 1002 1096 1043 1050 1156 1068 1033 1134 1103 172 1152 1089 1108 1019 346 274 1081 125 1011 1118 1137 1107 1215 1135 175 1131 278 1140 163 177 1190 30 1030 1045 1007 1161 1034 1062 1079 1065 1145 179,118 1066 1002 1068 172 1019 346 274 125 1011 175 278 163 177 1045 1007 179
60,14,1099 1138 1013 1076 1035 1008 1081 1156 1014 114 1020 1166 1066 1151 1038 1113 1059 1110 1023 179 1097 1161 1098 127 1048 1019 1108 76 163 161 1103 174 1221 171 170 1130 1016 1033 1069 1086 1006 1060 1152 1027 113 1050 1134 1124 1123 1065 1002 1163 172 1128 1064 126 1096 1264 1028 137,1014 1066 1038 179 127 1019 163 174 170 1016 1006 1002 172 1128 1064 137
60,15,1006 1113 1025 1051 30 1016 1054 1166 125 173 1019 1065 1028 1031 1123 113 170 1052 1094 1096 280 1027 1032 1048 1190 174 1100 1043 1089 1156 1178 1021 1064 1118 1049 1138 1097 1146 1050 1066 281 1033 1221 1012 1152 1045 1103 1070 1131 126 278 1139 151 1022 1023 1154 1137 1013 1061 1135,1006 1016 125 173 1019 1031 170 280 174 1064 1066 281 1012 1045 278
60,16,1054 1066 1137 1021 1002 1030 1045 1170 1163 173 1166 1124 1110 1131 1132 1178 1059 1264 1052 1138 127 279 1076 1151 114 1099 1107 278 1101 1019 1062 137 346 1046 1094 1186 1069 161 170 1035 171 30 1049 1044 1053 1061 1075 1011 1113 1051 1031 1007 176 174 1095 167 177 1068 1140 1097,1066 1002 1045 173 127 279 278 1019 137 346 170 1075 1011 1031 1007 176 174 177 1068
60,17,1060 1113 1091 126 278 1070 1001 1215 1015 161 1059 170 1031 281 1081 1054 1061 1107 1100 172 1098 1087 1068 1042 280 1019 1051 1076 1028 1035 114 1043 1025 1163 173 118 1044 1140 113 1012 1138 30 279 1151 1099 1006 1264 1032 1053 1130 1145 151 177 1125 1045 1014 179 163 1050 1096,278 1001 1015 170 1031 281 172 1068 280 1019 173 118 1012 279 1006 177 1045 1014 179 163
60,18,1098 1053 1146 1066 113 1031 1016 1089 76 1022 1034 1079 125 1076 1103 127 158 1091 114 1008 1051 1086 1190 1068 1011 1178 1081 1170 346 1030 1097 1075 1132 1094 137 1108 1087 175 173 1264 1140 1107 1215 1018 1046 170 1007 1166 1035 1020 1064 1221 174 1110 151 1001 1012 1013 1025 1069,1066 1031 1016 125 127 158 1068 1011 346 1075 137 175 173 1018 170 1007 1064 174 1001 1012
60,19,114 1178 151 118 1098 1146 1022 1124 1007 1018 1038 1052 176 1012 1091 1050 1051 1035 1108 126 1156 1023 278 1059 1113 1070 1042 1160 1103 127 1053 1135 1123 1020 1019 1138 1015 1069 1139 1221 1032 1011 280 1215 1128 1110 1002 1097 1152 1045 1076 76 1087 1094 281 1100 1065 1099 172 30,118 1007 1018 1038 176 1012 278 127 1019 1015 1011 280 1128 1002 1045 281 172
60,20,1035 1170 127 281 280 1132 1151 1012 1096 151 1007 174 1101 1221 180 161 1216 1190 1131 1019 1044 163 1020 1049 1069 1031 1140 1022 76 1075 1178 1130 1034 1124 1015 1052 1138 1076 1018 1006 1103 1166 1013 1050 1098 114 1054 1264 1027 1032 1215 1081 172 1038 137 1146 1125 1079 1134 118,127 281 280 1012 1007 174 180 1019 163 1031 1075 1015 1018 1006 172 1038 137 118
60,21,1033 1046 1100 1166 1124 172 1020 1215 1006 1081 1027 1128 1146 1186 1130 1038 1049 1075 1076 1065 1216 1031 1264 1152 1014 346 163 1170 1151 173 278 1059 1012 1019 280 1043 1161 158 1135 1070 76 274 114 1021 1099 1015 1054 113 1001 1085 180 127 174 170 1002 1190 118 1035 1139 1069,172 1006 1128 1038 1075 1031 1014 346 163 173 278 1012 1019 280 158 274 1015 1001 180 127 174 170 1002 118
60,22,1054 1079 176 1095 177 281 1091 1099 1145 1045 163 1137 1012 1152 1021 1064 1031 1043 1065 1103 158 113 1166 279 1140 1215 170 1011 1032 171 30 1146 1019 127 1163 1178 1134 1016 1013 1018 174 1015 1061 1028 1221 161 1087 1156 1124 1062 1014 1070 1139 1132 118 1125 1034 1264 1035 1048,176 177 281 1045 163 1012 1064 1031 158 279 170 1011 1019 127 1016 1018 174 1015 1014 118
60,23,1006 1050 1154 114 1124 1064 1054 30 281 1033 1139 1134 1145 1103 1186 1138 1101 176 1128 1221 1099 125 1051 1100 1132 1135 1027 280 1061 1160 1131 118 1091 137 1086 1079 1034 1264 1014 173 1018 1003 1015 1096 1094 1019 1046 1166 1095 170 1012 1028 161 180 1069 1002 1085 1152 179 274,1006 1064 281 176 1128 125 280 118 137 1014 173 1018 1003 1015 1019 170 1012 180 1002 179 274
60,24,1011 1101 1045 1035 280 1151 1215 1076 1161 1096 1034 137 1069 1110 1118 1170 1085 1095 172 1042 1128 1108 158 127 1100 1131 151 76 1044 1130 1166 180 1132 1264 1079 1061 1186 1059 1098 173 1008 1099 1160 171 1028 1025 1022 174 1094 161 1043 176 1054 1087 30 167 1075 1038 1091 1031,1011 1045 280 137 172 1128 158 127 180 173 174 176 1075 1038 1031
60,25,1003 1086 1096 1033 167 1050 1060 1051 1020 1123 158 1018 1076 1064 172 1178 1019 179 30 180 1138 1186 76 279 1135 1160 1049 1079 1022 1154 1146 1052 1030 161 1001 1034 1015 1140 1066 1042 281 1025 1100 1124 118 1095 1059 1016 1044 1006 278 1069 1190 1081 280 1097 176 1099 1048 1215,1003 158 1018 1064 172 1019 179 180 279 1001 1015 1066 281 118 1016 1006 278 280 176
60,26,1042 1050 1053 1033 1064 1035 1019 126 1134 1085 1131 1221 1098 1135 30 1216 1140 1022 171 1002 1118 173 1059 1007 1097 1096 1087 174 1186 1062 1016 281 167 1079 163 137 280 1028 1025 1065 1178 1054 1046 1032 1128 1125 1013 1003 125 1151 180 1166 346 1043 177 1264 1023 1124 1014 1154,1064 1019 1002 173 1007 174 1016 281 163 137 280 1128 1003 125 180 346 177 1014
60,27,1178 170 1091 1019 113 1043 1052 171 1011 1086 1050 1079 1087 1003 1048 1028 179 1135 1095 1101 1014 1075 1015 1049 1151 176 1018 1038 1006 125 1008 1098 1045 1145 1051 1134 1123 1060 172 1016 1139 30 1137 1076 1033 1146 1069 1027 1022 1023 1068 180 1065 1031 1094 280 1124 1128 1061 1099,170 1019 1011 1003 179 1014 1075 1015 176 1018 1038 1006 125 1045 172 1016 1068 180 1031 280 1128
60,28,1013 1054 1160 1108 1113 1012 1140 1049 1094 1264 346 1081 1135 1163 1076 173 1166 1001 1221 1161 127 1103 1154 1137 180 125 1123 1089 1215 171 172 1061 1028 1060 118 1008 1152 113 281 177 76 1007 1046 1096 1042 1095 137 1118 1031 1100 1190 158 1015 174 1023 1025 1050 1079 279 1030,1012 346 173 1001 127 180 125 172 118 281 177 1007 137 1031 158 1015 174 279
60,29,174 274 1190 1053 1066 1160 1145 1151 1100 1170 1125 1028 177 1052 1007 1046 1025 1130 1021 1166 1069 1050 1019 1002 1137 1044 1032 1033 126 1068 1059 1018 161 30 1123 1013 171 1023 1076 1020 1134 1060 137 1264 172 114 1051 1014 1038 127 1095 1091 1108 1113 1045 1001 1154 1178 170 278,174 274 1066 177 1007 1019 1002 1068 1018 137 172 1014 1038 127 1045 1001 170 278
60,30,174 280 1145 1103 1140 1123 126 1053 1156 1061 1007 281 1161 1131 1064 1015 1020 1089 1069 176 1098 170 278 1190 172 1060 1221 1110 1028 1018 1042 1079 1001 1085 1016 1052 1030 1038 346 1019 1137 1054 1138 175 1068 118 1014 1100 1086 1035 1186 1146 161 1034 1081 1023 1049 1048 1032 163,174 280 1007 281 1064 1015 176 170 278 172 1018 1001 1016 1038 346 1019 175 1068 118 1014 163
60,31,1095 1050 1019 180 125 1062 126 1065 1103 1053 1139 151 279 1076 1069 1001 177 1113 1170 1124 274 1030 1100 1163 1051 1011 1028 1052 1031 1014 1064 1002 1190 1048 1070 1134 1094 1089 1003 1038 1107 30 173 1045 1066 1085 1146 1020 1061 1075 1216 1054 1132 281 1097 1079 1049 1152 1131 114,1019 180 125 279 1001 177 274 1011 1031 1014 1064 1002 1003 1038 173 1045 1066 1075 281
60,32,177 1014 137 126 1123 172 1101 1131 1065 167 1166 1151 1061 1007 1049 1050 279 1008 1023 1135 113 1042 1145 1108 1031 346 125 1178 1137 1066 1025 1006 1134 1038 1086 1015 1075 1128 1152 1100 1076 1045 1069 1020 1132 1221 1048 274 179 170 1053 1118 1130 180 175 1035 1054 151 1052 281,177 1014 137 172 1007 279 1031 346 125 1066 1006 1038 1015 1075 1128 1045 274 179 170 180 175 281
60,33,1012 1124 1094 167 1190 151 1125 1170 1137 1013 1107 1016 1178 174 1100 1154 1075 1033 1113 1103 163 1215 1034 171 1006 1135 158 177 1022 1091 1118 1028 1003 1132 76 278 1216 1007 1019 1123 1002 161 1070 1060 173 1064 1053 1163 1186 1108 1062 113 1035 1145 1152 1086 280 179 172 1151,1012 1016 174 1075 163 1006 158 177 1003 278 1007 1019 1002 173 1064 280 179 172
60,34,1151 1050 1030 118 1069 280 279 1002 1098 1086 137 1215 1132 1079 1076 1062 1022 1135 1094 1108 1170 1052 1103 1216 1154 1035 1064 174 1081 151 1006 1045 1028 1145 1060 281 1070 158 172 1042 163 1221 1124 1100 1160 1032 1075 1166 1097 1021 1051 179 1018 1128 167 1107 1113 1118 113 1014,118 280 279 1002 137 1064 174 1006 1045 281 158 172 163 1075 179 1018 1128 1014
60,35,1031 1062 177 1118 1123 346 179 1011 1079 1108 1146 175 1032 1186 1049 1100 1076 1015 1098 1101 137 1051 1095 1160 1020 1089 1066 1007 1052 1096 180 1138 1091 126 1048 1025 114 1027 281 1125 1016 1139 1018 1070 1061 1033 1140 1034 1190 1001 1152 1053 151 30 1178 127 278 1103 1124 1008,1031 177 346 179 1011 175 1015 137 1066 1007 180 281 1016 1018 1001 127 278
60,36,1069 281 1032 1156 1015 1019 1154 278 170 1131 163 1101 1215 1161 1018 1044 1138 1002 1081 1095 1001 1013 179 127 279 113 1178 177 1137 1264 137 1146 1145 1079 1221 151 1043 1050 1160 1052 1064 1163 1060 1134 1118 1113 1059 1098 118 280 1170 1068 1008 1110 1053 1186 173 1046 1140 1151,281 1015 1019 278 170 163 1018 1002 1001 179 127 279 177 137 1064 118 280 1068 173
60,37,1061 1007 1096 1091 1033 1053 1020 1025 1087 1086 1081 1161 1051 1163 1075 125 1156 151 126 1052 1125 1160 1101 1128 1060 278 1146 1027 1110 1066 1089 1044 1035 1097 1085 1068 1215 174 158 113 1221 1049 1032 1001 1045 1023 1019 1190 1178 170 177 1170 1140 1022 76 114 1166 1151 173 161,1007 1075 125 1128 278 1066 1068 174 158 1001 1045 1019 170 177 173
60,38,170 1145 1079 1059 274 1163 1002 177 1128 278 1015 1049 1166 1075 1033 1151 1068 1215 161 1094 126 1044 1031 279 1022 1096 1091 1066 1124 1008 1065 1100 1264 1098 1070 1001 1053 1013 280 1152 1030 1131 1161 1021 1107 1097 1087 1156 1135 1007 1154 346 1085 1103 281 1050 173 1028 1052 1132,170 274 1002 177 1128 278 1015 1075 1068 1031 279 1066 1001 280 1007 346 281 173
60,39,1028 1101 1124 1085 1061 1139 1044 175 1131 1161 1006 1098 1015 1049 1132 1166 1012 1048 1103 114 179 180 1264 1022 1140 1052 1034 274 1060 1125 173 118 1138 1134 1035 1075 1097 1002 1178 1130 1016 1018 1070 171 177 1042 1152 1066 1135 1113 1011 1045 1118 1053 125 167 1100 1046 161 279,175 1006 1015 1012 179 180 274 173 118 1075 1002 1016 1018 177 1066 1011 1045 125 279
60,40,1044 346 1151 1050 1264 1146 1123 1216 1015 1051 1006 1108 1064 1101 1215 1045 1113 127 1065 1186 1145 1154 1139 1107 1018 118 1053 1190 1007 1042 1014 176 1076 1128 1085 1048 1140 1163 1068 1132 1025 1166 1070 1046 279 137 158 1008 30 1011 1023 1035 1131 1125 280 1137 1097 1054 1103 1130,346 1015 1006 1064 1045 127 1018 118 1007 1014 176 1128 1068 279 137 158 1011 280
60,41,1061 126 1015 1054 1060 1020 125 170 1118 1016 179 1099 1006 113 1134 1186 1038 1156 1021 158 1044 175 1091 76 1003 1028 1145 1166 1089 1076 1030 177 1018 1161 1138 1128 1132 1012 127 1079 1264 1215 114 1019 1033 1098 1065 1124 1108 1042 1035 281 1123 1130 1014 1064 1001 278 1002 1085,1015 125 170 1016 179 1006 1038 158 175 1003 177 1018 1128 1012 127 1019 281 1014 1064 1001 278 1002
60,42,1079 1118 175 1003 1131 1170 1034 167 1065 126 1099 1085 170 1069 173 1075 1130 1151 76 1132 163 1025 1051 1035 1032 279 1152 158 1108 1089 280 1030 1006 1107 114 1031 1060 1053 1135 1044 1163 1048 1100 346 1068 1095 1033 1028 1014 1042 1087 1054 1124 1023 1166 1064 1125 1160 1086 30,175 1003 170 173 1075 163 279 158 280 1006 1031 346 1068 1014 1064
60,43,1186 1101 1050 1163 1089 1166 1022 174 1006 1051 1216 125 1137 1001 1128 1011 176 172 170 177 161 1178 180 1131 173 1124 127 163 1146 1130 113 1053 30 1045 278 280 1156 1027 118 1145 1038 1049 1079 1086 1016 1098 1100 1151 1020 1042 1059 1215 1103 1031 151 1123 1075 175 126 1152,174 1006 125 1001 1128 1011 176 172 170 177 180 173 127 163 1045 278 280 118 1038 1016 1031 1075 175
60,44,1123 1038 1046 1031 172 1065 1132 280 1011 76 1156 137 1146 1079 1161 1027 1030 1051 1054 1018 1048 1096 1050 279 173 1139 1032 1216 1016 278 1014 1087 1062 113 1044 179 1053 1125 1028 1131 1049 1007 1190 167 1008 1113 1154 1110 125 176 1006 1124 151 1013 1075 1215 1163 114 1091 1152,1038 1031 172 280 1011 137 1018 279 173 1016 278 1014 179 1007 125 176 1006 1075
60,45,1015 278 1054 1097 1008 1098 180 1103 1070 1032 1100 1152 1186 1160 1139 1087 1145 173 1062 126 1137 1035 1068 1154 1053 1060 1021 175 179 1215 1045 279 1096 1099 1163 1020 1016 163 1125 1178 137 346 1216 1079 114 172 1151 1049 1221 1001 1091 1006 1095 1033 1023 1044 1140 274 1135 1161,1015 278 180 173 1068 175 179 1045 279 1016 163 137 346 172 1001 1006 274
60,46,171 278 1118 1085 1101 161 1170 1160 113 1081 172 1027 118 177 1001 1044 1052 1089 1108 1003 1086 174 179 1060 1033 1097 281 1021 1028 1030 1131 1079 279 1066 1007 163 1025 1006 1062 167 1012 1100 1110 1054 1031 1103 1134 1065 1140 175 1087 1096 1091 126 1076 1094 1113 180 274 1051,278 172 118 177 1001 1003 174 179 281 279 1066 1007 163 1006 1012 1031 175 180 274
60,47,1098 1152 1085 280 1061 137 1095 1030 1091 1007 1107 1043 1160 1108 1264 1079 1013 1118 1140 1128 1138 1178 1054 1046 1038 1034 1087 1089 281 1021 1051 179 1131 1060 1032 118 1042 1170 1062 170 1059 1044 1066 30 1134 1096 171 1048 1075 1003 175 1161 1103 1019 1012 167 1113 1045 1137 1081,280 137 1007 1128 1038 281 179 118 170 1066 1075 1003 175 1019 1012 1045
60,48,172 1086 1128 1028 1094 1079 30 1166 1095 176 114 1015 1033 1140 274 1062 1107 1006 1023 1070 1138 281 1130 1103 170 1096 1034 1003 118 1264 1085 1110 1139 1001 1065 1161 1097 1050 1099 161 1053 1132 1215 167 1076 1054 1100 1048 1032 163 1145 1059 1042 1170 278 1020 1019 280 1022 1027,172 1128 176 1015 274 1006 281 170 1003 118 1001 163 278 1019 280
60,49,1124 279 1003 1101 1138 1135 1113 1216 1134 1075 1052 1091 175 1043 127 1132 1095 1085 1215 1034 1096 113 30 1002 1001 1006 1033 177 346 1021 1076 1049 173 1125 1053 1166 1098 1068 1190 151 125 1152 1059 179 1032 1079 1069 1110 137 1007 172 1030 174 1156 280 1062 1161 1064 278 1044,279 1003 1075 175 127 1002 1001 1006 177 346 173 1068 125 179 137 1007 172 174 280 1064 278
60,50,1089 1108 278 1044 126 1069 1014 1048 1038 1075 1125 127 171 1087 1145 279 1118 1216 1131 113 1001 1061 1190 1070 1031 125 1135 1059 1178 1186 1007 1052 1079 158 1099 1016 172 1107 1068 170 1103 1049 1053 1170 1043 1113 1008 1124 346 1076 1094 1161 114 1021 180 1098 1064 1221 151 280,278 1014 1038 1075 127 279 1001 1031 125 1007 158 1016 172 1068 170 346 180 1064 280
60,51,175 1151 1134 1128 125 280 1068 1170 1264 1123 1046 180 1021 1101 1050 127 1033 1095 1131 1130 113 1098 1027 279 1221 274 1124 1091 1103 174 1006 1044 1042 1118 1052 1012 171 1186 1034 1070 1113 1053 1043 1108 1061 1069 1025 126 1028 281 1096 1166 1076 1125 1163 1138 1035 176 1030 1081,175 1128 125 280 1068 180 127 279 274 174 1006 1012 281 176
60,52,1027 1062 179 1103 1091 1075 1064 1099 1098 1089 171 118 1140 125 1086 1264 1015 1166 1134 177 1069 1085 279 126 1065 1053 1152 1060 1161 1087 1145 346 180 1002 1156 1125 113 151 281 1123 1025 1011 173 1032 1130 1006 1128 1031 1022 1154 1028 163 1042 1216 1076 1163 1221 1021 1100 1079,179 1075 1064 118 125 1015 177 279 346 180 1002 281 1011 173 1006 1128 1031 163
60,53,170 1025 1006 274 126 1186 1130 1075 1054 1035 1128 1124 1134 1001 1065 1008 151 113 1135 1137 1190 1123 1052 1050 125 1045 281 1161 177 1085 174 1160 1034 161 1070 1031 1097 1151 1099 1019 1079 1018 1087 346 280 1138 1170 1064 1021 1007 1012 1068 1051 1113 1139 175 1016 1145 1086 1060,170 1006 274 1075 1128 1001 125 1045 281 177 174 1031 1019 1018 346 280 1064 1007 1012 1068 175 1016
60,54,1152 1128 1030 180 174 1085 1065 1062 1138 1015 1034 1190 1028 1124 125 1046 1035 1012 1145 1215 1097 1053 30 1163 346 1008 1021 1098 1131 1060 127 1048 1079 1095 175 137 1086 1075 1068 1091 1108 1087 1049 1011 1132 1022 1096 172 1070 1178 1051 274 1264 173 1103 1140 1032 1146 76 118,1128 180 174 1015 125 1012 346 127 175 137 1075 1068 1011 172 274 173 118
60,55,1166 1215 1032 118 1190 1097 1022 1264 1161 161 163 1137 1060 1053 1065 1025 1044 1079 1160 151 113 1021 1014 1043 1152 172 1089 127 1066 1139 274 1186 346 1087 1048 1135 30 1145 1015 1013 1076 1094 1028 280 1070 179 1221 1103 1123 1124 1113 137 1052 1050 1049 1061 1134 171 1140 1086,118 163 1014 172 127 1066 274 346 1015 280 179 137
60,56,1068 176 280 1125 1094 1028 30 1003 1101 1060 1052 1160 1059 1123 167 1031 1113 1135 1137 1103 1215 1081 174 1062 1002 179 1030 1045 1089 1086 172 1025 1098 1044 274 1100 1161 158 1035 1054 1128 113 1216 1264 1013 1079 1087 1154 1124 1008 1163 114 1046 125 180 346 1091 1032 1042 278,1068 176 280 1003 1031 174 1002 179 1045 172 274 158 1128 125 180 346 278
60,57,1044 30 1066 174 76 1049 1151 1089 1043 1145 1002 1146 1137 1065 1097 1170 1079 1016 158 175 1050 1046 1118 1061 1101 1006 118 1216 1108 1034 1064 280 1014 1075 1021 1038 180 1070 1099 1124 346 1001 1008 1221 179 1019 1096 125 1154 1023 1160 1027 1113 173 1123 1100 151 1128 1030 1054,1066 174 1002 1016 158 175 1006 118 1064 280 1014 1075 1038 180 346 1001 179 1019 125 173 1128
60,58,30 1087 1161 1097 1103 158 1113 1098 1008 174 346 1012 1016 1094 175 113 1131 1132 1076 172 279 1170 1085 179 1062 280 1099 1060 281 180 1108 1096 1052 114 1118 1100 127 1032 1034 1035 1139 1013 1070 1027 1128 1186 1216 1140 167 1025 1123 1003 1086 173 1166 1031 1135 1044 1023 1007,158 174 346 1012 1016 175 172 279 179 280 281 180 127 1128 1003 173 1031 1007
60,59,1221 1033 1013 1103 1006 1050 1163 1138 1048 1137 172 1140 1166 118 1216 151 1016 1012 170 1156 1021 278 174 1079 1032 179 1091 163 1139 1124 1110 1064 114 1151 1076 1096 1027 1038 177 1075 1054 1011 1145 1130 1022 1066 173 161 1059 1034 125 1070 1170 1098 1044 1086 279 1001 1118 1131,1006 172 118 1016 1012 170 278 174 179 163 1064 1038 177 1075 1011 1066 173 125 279 1001
60,60,1008 1099 177 1013 1043 1035 179 1038 1221 1161 161 127 281 1139 1166 172 1069 1021 1135 1053 1012 1028 280 1060 1066 1091 279 1215 137 278 1190 1123 1160 1170 1015 1045 1145 1186 1096 1087 1085 1051 1124 1107 175 1062 158 1163 30 114 1042 1097 1264 1156 1103 118 1089 1023 1034 1032,177 179 1038 127 281 172 1012 280 1066 279 137 278 1015 1045 175 158 118
60,61,1006 1048 1264 1014 1146 1051 167 1098 1052 1134 176 172 1007 1053 137 1161 30 1145 1178 1135 1107 1050 1216 1015 179 1013 175 1027 278 1160 1094 1038 1124 1130 1081 1110 1034 1045 1032 114 1079 1018 1163 1103 1059 1095 1044 1030 1215 1139 1012 174 177 1085 1069 1089 1046 1186 1100 1061,1006 1014 176 172 1007 137 1015 179 175 278 1038 1045 1018 1012 174 177
60,62,1178 1163 1151 76 1089 118 1042 1123 1166 1110 1030 1062 1099 1138 125 1095 1023 1100 1097 126 281 1132 1065 1145 1140 1054 171 1101 1045 1186 179 1048 1070 1044 137 1113 1002 279 173 167 30 180 114 1021 1035 1152 172 1032 1139 1154 1053 1096 1086 176 1085 1135 127 1052 1087 1006,118 125 281 1045 179 137 1002 279 173 180 172 176 127 1006
60,63,1178 1014 172 1108 1135 171 1145 1013 1099 1137 179 127 1186 1190 1091 1100 1044 1151 126 1021 1059 1065 1054 1107 1050 1089 161 1096 1031 1130 1018 1022 1008 1062 274 137 1124 1094 1006 1221 346 1048 76 1264 158 1032 1012 1028 1118 1070 1134 1152 1101 1069 1139 1033 1140 1095 174 170,1014 172 179 127 1031 1018 274 137 1006 346 158 1012 174 170
60,64,1015 1053 1170 1130 1045 1089 1145 114 1061 174 176 1002 274 126 1030 1264 1096 1023 1034 1098 1110 279 1134 172 173 278 1016 1087 1137 151 118 1131 1038 125 1139 163 1022 1161 1070 1215 1001 1103 1031 1101 1019 1123 1027 1007 1062 1075 1054 1025 1032 1152 1186 1042 1050 1099 127 1146,1015 1045 174 176 1002 274 279 172 173 278 1016 118 1038 125 163 1001 1031 1019 1007 1075 127
60,65,1215 281 1130 118 1089 1125 1140 1015 1065 1062 1032 126 1023 1086 1052 1048 1097 161 1100 1019 1216 1118 76 1021 1221 1139 1079 1178 1264 1098 1012 1075 1134 1137 151 173 1002 1160 1087 1103 1025 167 1138 1107 171 1095 1108 1096 125 1059 1099 1060 177 1035 1154 158 1123 1013 1053 1051,281 118 1015 1019 1012 1075 173 1002 125 177 158
60,66,1013 125 1178 1137 1070 1021 1043 1113 1023 1002 1018 1145 1059 1131 1079 1066 1139 1130 1091 1012 1030 1128 174 1003 177 1020 113 1075 1034 1140 1163 1052 1065 1154 1118 1186 180 126 175 137 30 127 1166 1025 1087 1161 1151 1001 1044 1152 114 76 274 1048 179 280 1132 1038 1019 1095,125 1002 1018 1066 1012 1128 174 1003 177 1075 180 175 137 127 1001 274 179 280 1038 1019
60,67,1059 1076 167 1146 1051 1186 1022 1081 1131 1094 170 1048 1018 1042 1132 1113 1091 1134 30 1170 113 1054 1069 175 1216 173 1096 1043 1052 172 1099 180 1221 1016 1007 279 1110 1023 1098 1060 1264 1025 171 1021 1035 151 1065 158 1107 161 179 1032 1152 118 1001 1008 1015 1020 1061 1031,170 1018 175 173 172 180 1016 1007 279 158 179 118 1001 1015 1031
60,68,1020 1087 1046 180 125 1145 1050 1190 1103 1089 1216 161 1016 1061 1033 137 1022 1038 1099 30 1166 1030 1160 1170 1053 1086 1154 176 76 1066 1146 1138 1108 1221 114 173 346 1028 1044 1023 1049 175 151 1032 1065 1123 1060 1015 1059 171 1012 279 179 1021 1101 167 1096 1002 1081 126,180 125 1016 137 1038 176 1066 173 346 175 1015 1012 279 179 1002
60,69,1221 1100 1103 76 1060 1061 173 1053 1094 1081 1007 158 175 1096 1131 278 137 1130 1062 1091 1160 1135 127 1154 174 1014 1045 1215 1046 1044 167 1152 1075 1101 280 1178 1124 1264 1035 1139 1030 1028 1076 1003 1087 1052 1085 1027 170 1110 1025 1145 1097 180 1033 171 346 1065 1118 1020,173 1007 158 175 278 137 127 174 1014 1045 1075 280 1003 170 180 346
60,70,1118 1079 126 1186 1069 137 346 1221 1061 1035 76 1178 1096 1215 1190 173 151 1076 30 1152 1060 1027 1170 1015 1216 1101 1032 1125 1048 113 1021 1001 163 1046 280 1107 1033 1103 1166 1124 1140 174 1145 278 1100 1086 1097 1137 1156 158 1043 1053 1034 1025 175 118 274 1128 1087 1007,137 346 173 1015 1001 163 280 174 278 158 175 118 274 1128 1007
60,71,1178 1085 1049 1097 158 1068 1103 1034 1166 1151 1137 278 163 170 1130 1016 1030 1079 1031 1025 1108 1011 1006 1135 1154 281 1043 1076 1089 1160 279 1035 1091 125 1018 1045 274 180 1060 1170 1094 1100 161 1002 1051 1070 1032 1101 76 1007 174 1146 1059 1014 1008 1044 177 171 30 113,158 1068 278 163 170 1016 1031 1011 1006 281 279 125 1018 1045 274 180 1002 1007 174 1014 177
60,72,177 151 1138 1064 1178 1012 1043 1032 1060 1011 280 1068 1013 1139 1131 1094 113 180 30 1095 1014 1101 1048 281 163 1059 1091 1050 1079 1045 172 170 278 1016 1186 1097 1046 1151 1070 1051 1085 1096 1156 179 1128 1035 1019 1221 1089 1166 346 274 1152 1124 1100 1134 1170 1135 1023 1018,177 1064 1012 1011 280 1068 180 1014 281 163 1045 172 170 278 1016 179 1128 1019 346 274 1018
60,73,1132 1044 1016 1049 1128 1001 1060 1221 1035 274 76 1190 1110 1019 1012 1094 126 279 161 1023 1008 1042 1124 278 177 1022 1145 113 1140 1046 167 1032 1152 1100 1028 1103 1264 1108 180 1062 173 1079 1146 1006 1051 1089 1154 1070 30 1065 1085 171 1216 1003 1002 1031 1068 151 1134 1033,1016 1128 1001 274 1019 1012 279 278 177 180 173 1006 1003 1002 1031 1068
60,74,1216 1089 167 1002 1065 279 1022 1066 1008 1031 171 76 137 113 1042 346 281 1012 1033 1050 163 126 1221 1130 1097 1132 1062 1054 161 1085 1048 1015 1011 1190 1027 1103 1061 1023 1014 1160 177 278 1178 280 1070 1151 174 1100 1264 1032 1137 175 172 1098 179 274 1086 1068 1081 1038,1002 279 1066 1031 137 346 281 1012 163 1015 1011 1014 177 278 280 174 175 172 179 274 1068 1038
60,75,1113 1034 126 1049 1145 1160 1099 1215 1028 1020 1079 1190 1025 1146 1131 1101 151 1059 1018 1002 1091 1051 1061 1045 1038 1138 137 1161 175 171 279 1007 1089 1123 1060 76 1014 1097 1087 125 118 1027 179 1110 1216 1050 1107 127 1052 1096 177 158 1152 1156 176 1048 161 1012 1019 1043,1018 1002 1045 1038 137 175 279 1007 1014 125 118 179 127 177 158 176 1012 1019
60,76,1062 1068 1186 280 1178 158 1027 1049 1011 1016 125 1216 1028 1044 1030 1066 113 1151 1130 1020 1138 1118 1137 1046 1107 1132 1123 281 1156 179 1110 151 1097 1069 1125 1008 1076 1139 1051 1022 1134 1021 177 274 126 1052 1100 1038 1128 1081 1101 1054 1006 1035 1108 1163 1060 1012 1135 1215,1068 280 158 1011 1016 125 1066 281 179 177 274 1038 1128 1006 1012
60,77,167 1140 1086 1079 1099 1006 172 114 1008 113 1131 175 280 1085 1012 177 1019 1068 1101 125 1061 1059 1145 1107 1097 1123 1015 1215 171 1043 1050 1096 1060 1130 1160 1221 1052 1016 1053 1124 1186 1023 1134 1035 1044 1094 1151 279 137 170 1065 1100 1089 1046 1135 278 281 1166 1064 1062,1006 172 175 280 1012 177 1019 1068 125 1015 1016 279 137 170 278 281 1064
60,78,1061 1012 167 1065 1139 281 279 1023 1044 171 1062 1154 1019 1011 1046 1138 1030 1025 1085 1013 1264 1059 1170 278 1038 172 1216 1018 1001 1103 1094 1135 1108 1091 1123 1049 1027 174 1020 126 1033 274 1215 1053 1128 1045 1079 1068 1186 1100 1051 158 1190 1064 1125 1034 1118 1048 1137 163,1012 281 279 1019 1011 278 1038 172 1018 1001 174 274 1128 1045 1068 158 1064 163
60,79,1038 1123 1132 1018 1075 113 1007 151 1139 1069 1095 1050 1043 127 1013 170 1113 114 180 1066 1053 1052 1154 1161 1030 1128 1051 1264 174 346 1021 1085 1146 1130 126 1140 1094 1035 279 1031 280 1001 1034 175 1097 1046 1022 1096 171 118 1170 1098 1137 158 1028 1042 1190 30 281 1079,1038 1018 1075 1007 127 170 180 1066 1128 174 346 279 1031 280 1001 175 118 158 281
60,80,170 1178 1135 1045 1060 1132 1046 1044 175 1137 1152 1062 1096 1043 1140 1110 125 1030 1019 1050 1138 1051 1108 174 1070 1221 113 1161 1086 177 1101 1215 1001 126 1091 1095 1065 1097 1100 179 1079 1160 1103 1035 1264 1118 1031 1020 76 1064 279 1032 163 1085 1166 118 1048 1069 1018 1124,170 1045 175 125 1019 174 177 1001 179 1031 1064 279 163 118 1018
60,81,1030 1051 1086 1018 1101 1054 1135 176 346 1096 1166 1190 125 1118 1021 1094 1011 1008 1100 1049 113 279 1152 1160 114 1060 177 30 1064 1048 1043 1023 1006 1061 127 1110 1052 172 1079 1264 1108 179 1221 1059 1161 1103 1154 1007 1151 161 1107 1003 1069 180 1028 1050 76 1031 1014 1035,1018 176 346 125 1011 279 177 1064 1006 127 172 179 1007 1003 180 1031 1014
60,82,1094 1098 1163 1006 113 1100 1139 176 1061 1038 1018 1154 1190 175 1019 1042 274 1044 1031 1091 1131 281 1059 1066 1103 1021 177 1156 1137 1101 1096 137 1108 1002 1048 1045 1125 1033 1023 174 1146 173 1110 1085 114 1095 1081 171 1118 1014 1070 1130 1216 167 1145 180 1086 1022 1060 1062,1006 176 1038 1018 175 1019 274 1031 281 1066 177 137 1002 1045 174 173 1014 180
60,83,1069 1178 278 1145 1011 1134 1156 1001 127 175 1013 1125 180 1006 174 1140 30 1081 1097 1098 280 1099 1091 1062 1113 1130 126 1100 1015 1044 173 1079 172 163 167 1151 118 1022 1051 1050 1014 1154 1124 1123 1052 114 170 1264 1128 1043 76 1028 1132 1146 1163 1086 1054 1064 171 125,278 1011 1001 127 175 180 1006 174 280 1015 173 172 163 118 1014 170 1128 1064 125
60,84,1086 1028 1023 1081 1098 1066 174 1033 1061 1161 1221 1132 1103 1087 1012 125 172 1013 1108 1044 1095 1190 1011 158 175 1070 1137 1131 1021 1068 163 1134 1118 1100 137 1096 179 1138 114 1034 1264 1042 151 76 1135 1151 1079 1145 1007 1166 176 113 1170 1014 1020 1060 1022 1075 1076 1216,1066 174 1012 125 172 1011 158 175 1068 163 137 179 1007 176 1014 1075
60,85,1043 151 180 1125 1034 125 1264 1099 167 1014 1108 177 170 118 1075 1101 1064 1001 1100 76 1085 280 1065 1020 1215 1025 1061 1052 1012 1110 1156 1178 1103 1053 113 30 281 1107 1032 1030 1050 1094 172 1170 1134 1160 1059 1006 174 114 1079 1221 1132 1003 158 1186 1076 1113 1138 163,180 125 1014 177 170 118 1075 1064 1001 280 1012 281 172 1006 174 1003 158 163
60,86,1015 346 1099 1091 1098 1130 1001 173 1161 1061 30 158 1020 1038 1059 1033 279 1264 1069 1075 1018 1060 1034 113 280 1087 1124 1070 1066 1023 1012 1118 1019 1007 163 1052 1178 1163 1085 1096 1166 1002 1062 1128 1068 1008 174 1100 1131 1048 1216 175 1138 1049 167 137 1076 1089 1094 1053,1015 346 1001 173 158 1038 279 1075 1018 280 1066 1012 1019 1007 163 1002 1128 1068 174 175 137
60,87,1015 1098 1100 1170 1008 1132 1156 1137 76 274 1028 1108 1094 1138 1087 1065 1054 279 1011 1064 1001 174 1022 1095 179 1007 1061 1053 1025 158 1096 1139 1068 1154 1062 1190 1043 1113 1130 114 126 137 1124 1099 1135 1215 1044 1151 1052 173 1075 177 1070 1038 1069 1020 167 1128 1012 1163,1015 274 279 1011 1064 1001 174 179 1007 158 1068 137 173 1075 177 1038 1128 1012
60,88,172 1059 1134 1042 1151 1097 30 274 281 76 1098 1138 1030 126 346 1023 1118 1135 1022 171 179 1035 1065 1034 125 1044 1160 1186 1081 1049 114 1089 1064 1152 151 1031 173 1087 1107 1012 113 1154 1015 1006 1101 1007 177 1215 1161 1070 1062 1100 1130 1137 1025 1033 1069 1094 174 1054,172 274 281 346 179 125 1064 1031 173 1012 1015 1006 1007 177 174
60,89,1216 1070 280 274 1006 1152 1079 1103 1145 1066 1089 1064 1008 170 151 1035 1025 1134 1113 118 1170 1139 1108 1154 1264 1028 1215 177 1014 1186 1032 30 175 279 161 113 76 1002 1045 1050 1190 1022 1069 1038 1046 1131 1059 1015 1123 1043 1161 1151 1132 180 1018 1160 1156 1030 1146 163,280 274 1006 1066 1064 170 118 177 1014 175 279 1002 1045 1038 1015 180 1018 163
60,90,1006 1060 1032 1015 1066 1038 1146 1087 1264 1221 1156 1110 1059 1079 1061 126 1045 1021 151 1166 170 1076 274 1048 1107 1160 281 1052 1065 1190 1137 1035 1152 171 1018 1022 1130 1098 163 1054 1131 125 1097 1161 1068 1081 1138 1046 1118 118 1031 1028 280 1033 1012 1034 1103 30 1062 1091,1006 1015 1066 1038 1045 170 274 281 1018 163 125 1068 118 1031 280 1012
60,91,1140 1264 175 1014 1107 172 1048 1096 1031 1190 30 346 1059 1049 1052 177 1087 161 1085 1094 1145 1160 1130 1139 1151 1135 1042 1050 1091 1033 170 1032 1161 1089 1118 1152 1001 1012 1146 1068 1098 173 1003 1060 1076 1131 1124 1025 1043 114 1062 1081 1021 1065 1069 1086 1020 180 274 126,175 1014 172 1031 346 177 170 1001 1012 1068 173 1003 180 274
60,92,1154 1006 1118 1140 118 1059 76 278 1023 1132 1216 1066 1163 1089 1107 1008 1018 279 1113 1051 1042 1091 1030 1012 151 1020 177 137 1053 1079 1048 1125 1022 180 125 1086 1013 1139 158 1060 1035 1065 1151 1085 1015 1135 171 1011 1064 126 163 1002 1100 1068 30 1044 1087 1190 1070 114,1006 118 278 1066 1018 279 1012 177 137 180 125 158 1015 1011 1064 163 1002 1068
60,93,1138 127 1107 163 180 1051 1135 151 177 1007 1113 1094 1264 1033 1170 1146 1031 171 1012 1076 1048 1097 346 1125 1156 1089 1128 1137 1018 1140 1002 1118 1101 1050 1145 172 1052 1043 1015 1124 1066 1131 1099 1095 1087 1152 1070 1065 274 1166 1215 281 30 1075 126 1069 1045 1134 1216 174,127 163 180 177 1007 1031 1012 346 1128 1018 1002 172 1015 1066 274 281 1075 1045 174
60,94,1045 1098 1062 1166 1134 1108 76 1015 172 1096 1025 1101 1076 1011 177 1113 179 1118 1099 118 1139 1035 151 1079 281 1151 280 1091 174 1001 1107 1051 1190 1034 1070 1064 1020 1060 1131 1154 114 1161 1132 1069 1160 1075 1043 137 113 1022 1059 1085 1100 1163 1152 1033 274 1013 1052 1130,1045 1015 172 1011 177 179 118 281 280 174 1001 1064 1075 137 274
60,95,1053 346 176 175 163 1139 1006 1215 180 280 1018 1064 1132 1145 1152 1011 1020 1135 1002 1052 274 1022 1032 179 125 1076 1118 1023 1190 1151 1065 158 1095 1003 113 171 1016 1089 1075 278 1091 1021 1086 1019 1125 1059 1043 1050 1186 1042 1098 1099 170 1044 1163 1068 76 1156 1138 281,346 176 175 163 1006 180 280 1018 1064 1011 1002 274 179 125 158 1003 1016 1075 278 1019 170 1068 281
60,96,1161 1151 1030 1264 1016 1014 1099 1053 114 1132 177 1154 1046 1006 1108 172 1139 1028 274 1140 1110 1025 125 1064 1152 113 1216 1003 176 1221 1043 1137 1124 137 1190 1095 1060 179 30 1130 170 180 1050 1186 1096 171 1065 1019 1059 346 280 1076 151 1031 1085 1101 1021 1094 1118 1062,1016 1014 177 1006 172 274 125 1064 1003 176 137 179 170 180 1019 346 280 1031
80,0,1178 280 1032 1151 1145 1051 171 176 1003 1087 1020 127 1110 1023 1095 1007 1156 1091 1137 1130 151 1033 1099 1170 179 1089 1015 1012 1014 1100 170 158 1046 1059 1139 1135 177 1146 1050 1118 1054 1068 1215 113 1128 1052 1016 1066 1065 1113 167 1053 278 1108 1166 126 174 1018 172 1161 1097 163 1013 1042 1190 1132 1025 1101 1064 1031 1061 1045 1152 1011 1038 1160 1125 1062 346 1124,280 176 1003 127 1007 179 1015 1012 1014 170 158 177 1068 1128 1016 1066 278 174 1018 172 163 1064 1031 1045 1011 1038 346
80,1,1154 1042 1020 1132 1034 1068 158 125 1031 167 1060 175 1101 1124 1019 1013 1146 1264 179 1138 172 1015 1075 1069 180 1086 174 1160 1118 1089 1098 1028 1215 1103 1003 1049 161 1170 278 274 1025 1002 1008 151 1113 1046 1186 1059 126 1016 171 1134 1011 1097 1125 1131 1053 1152 1014 1145 1128 1012 114 1038 1161 1135 30 1087 1156 346 1081 170 176 1216 1151 1079 1139 1050 1108 1023,1068 158 125 1031 175 1019 179 172 1015 1075 180 174 1003 278 274 1002 1016 1011 1014 1128 1012 1038 346 170 176
80,2,1170 1108 1013 127 280 118 1103 126 1096 1015 1007 1043 1069 1065 1012 1264 179 1018 1152 1101 1049 1216 1011 1046 1118 1154 1161 1100 1052 1076 1045 1132 1079 125 1186 151 1163 1125 1061 1134 1034 1054 1053 1032 1022 1091 1048 1030 1138 1215 1002 158 1066 1089 1135 1107 1062 1060 1008 1051 113 1099 1031 1139 163 1020 1014 30 1097 1140 170 1081 1059 180 1038 174 172 173 114 1095,127 280 118 1015 1007 1012 179 1018 1011 1045 125 1002 158 1066 1031 163 1014 170 180 1038 174 172 173
80,3,171 1190 1108 1070 1065 1091 1031 1054 1050 1048 1033 1007 1062 1032 1069 1110 1216 1086 278 1095 1137 1038 1035 1001 1264 1135 1138 1103 1027 114 1156 1014 1075 126 118 1131 1124 1094 151 1096 1022 1046 1079 1166 1021 1089 280 1087 1068 1145 1128 172 158 167 1098 1100 1015 179 1097 1146 175 1052 1113 1139 127 1140 180 1163 163 1160 1011 1130 30 1023 1043 1221 1059 1030 1012 1042,1031 1007 278 1038 1001 1014 1075 118 280 1068 1128 172 158 1015 179 175 127 180 163 1011 1012
80,4,1190 1034 1064 1132 1094 1045 1027 173 1123 176 1160 1070 161 1053 1099 174 1042 1135 127 125 1050 1110 151 1221 1137 1049 1095 346 1076 1019 1154 1091 158 1066 1046 1006 1151 1065 279 1069 1131 1052 175 278 163 1016 1085 1163 1012 1264 1062 1031 1033 1186 281 1097 1124 1060 1001 1100 1018 137 1216 1054 1011 177 1166 1003 1038 1023 1125 1087 1134 1007 172 113 1140 1032 274 1059,1064 1045 173 176 174 127 125 346 1019 158 1066 1006 279 175 278 163 1016 1012 1031 281 1001 1018 137 1011 177 1003 1038 1007 172 274
80,5,1046 1002 1113 1216 1163 1051 1031 1028 1178 171 137 1095 1135 167 1161 174 1022 1020 278 1048 346 1145 161 1118 1014 1215 1027 1032 1152 274 1190 1085 1006 151 1131 1089 1132 1070 1156 127 1128 170 125 1007 1011 1094 1019 281 1061 118 179 1012 1100 1097 1015 1023 1054 1221 158 1098 1044 1108 172 1096 1033 126 1065 1160 1008 1140 1066 1034 1124 1079 1138 1016 1151 1081 1062 279,1002 1031 137 174 278 346 1014 274 1006 127 1128 170 125 1007 1011 1019 281 118 179 1012 1015 158 172 1066 1016 279
80,6,180 172 1015 1075 1034 1110 176 1054 1108 1020 1060 1125 1113 1221 1069 1146 1065 126 1087 1107 1031 1012 1016 1007 1043 1025 125 171 1013 1051 1132 1046 1081 278 114 1028 346 30 1070 113 1008 1048 1156 1160 1123 151 1178 1166 175 1124 158 1152 1001 1085 118 127 1064 1135 1130 1050 1103 1022 1186 1061 280 279 1066 1033 177 170 76 1140 1042 1096 1100 1128 1095 1170 1032 1098,180 172 1015 1075 176 1031 1012 1016 1007 125 278 346 175 158 1001 118 127 1064 280 279 1066 177 170 1128
80,7,1027 1048 1045 173 1152 171 175 1178 170 1110 1125 30 281 1170 1018 1138 1107 1006 1038 1042 163 1135 126 125 174 1215 1099 1011 1097 279 280 1061 161 176 1075 1094 1095 278 1076 1130 1154 1068 1008 274 1046 1003 1054 1137 1001 1064 346 158 118 1085 1123 1043 137 1051 1160 1060 1050 1096 1221 1062 1069 1014 1020 180 1021 1012 1022 1156 1151 127 1145 1134 1146 1032 1019 76,1045 173 175 170 281 1018 1006 1038 163 125 174 1011 279 280 176 1075 278 1068 274 1003 1001 1064 346 158 118 137 1014 180 1012 127 1019
80,8,1146 1151 177 1103 1118 1110 1014 1048 1098 1019 113 346 1085 1081 1025 1053 1215 1049 1045 125 161 1042 118 163 1108 1166 1132 1035 1060 1134 174 1097 1264 127 1015 1051 1075 1003 1059 1190 1006 1130 1100 1076 280 1044 1013 1001 1066 278 1050 1052 151 1089 1069 1221 1065 170 1095 1068 126 1022 1061 1033 1186 1101 1124 1161 1032 1170 1027 1154 1012 172 1099 1107 1064 1178 180 158,177 1014 1019 346 1045 125 118 163 174 127 1015 1075 1003 1006 280 1001 1066 278 170 1068 1012 172 1064 180 158
80,9,171 1130 1118 163 1012 1103 1089 1096 175 1032 1221 161 1123 1065 30 176 180 1107 1163 1081 279 1030 76 1095 1156 1044 1125 346 1031 1054 1034 274 1001 1027 1131 125 1007 170 1061 1134 1051 1160 1068 126 114 1075 158 1091 278 1052 1048 1014 1022 1069 1190 1151 1008 1166 151 1135 281 1087 1038 174 173 1097 172 1146 179 167 1139 1011 118 1101 1099 1132 1094 127 1015 1003,163 1012 175 176 180 279 346 1031 274 1001 125 1007 170 1068 1075 158 278 1014 281 1038 174 173 172 179 1011 118 127 1015 1003
80,10,1101 1130 1064 175 274 1079 76 1145 1128 1051 1264 174 1107 1178 279 278 1034 1132 1015 1103 1046 1138 1025 180 1011 1124 1002 126 1065 1043 1069 1044 1050 1094 1095 1013 1163 118 1100 1030 1032 281 1123 1166 1135 1170 1096 1016 1018 1154 113 137 1052 1033 1087 280 1028 1027 1146 1048 1097 1012 1007 346 1137 1113 127 1086 1085 1001 1131 179 30 176 1035 114 1216 1006 1054 1014,1064 175 274 1128 174 279 278 1015 180 1011 1002 118 281 1016 1018 137 280 1012 1007 346 127 1001 179 176 1006 1014
80,11,1015 1049 1135 1101 1161 1031 1081 274 1110 137 1050 1087 1139 1066 1042 1061 1094 172 1128 1032 1027 280 346 1086 1091 1103 278 1043 1138 1038 173 1016 1007 1023 1113 1020 1215 163 1125 279 1145 1033 1014 1019 1221 1107 1146 1051 1096 1108 176 1035 1140 170 1130 1025 1053 1045 1068 167 174 118 177 1012 1002 1160 179 1163 180 1065 1064 1216 1156 1137 1001 1060 1178 1008 1186 1264,1015 1031 274 137 1066 172 1128 280 346 278 1038 173 1016 1007 163 279 1014 1019 176 170 1045 1068 174 118 177 1012 1002 179 180 1064 1001
80,12,1059 1014 1140 1042 1132 76 1163 1060 1089 1025 1124 1053 1008 1031 114 1145 174 1006 1091 1125 1016 125 1030 1013 1043 1022 1001 1190 172 1068 170 1027 274 1065 177 1110 1012 1048 1128 1021 1107 278 1064 1028 1130 279 1135 1051 137 1019 1095 1011 1075 180 158 1215 161 1103 1076 151 1052 113 1264 1137 1061 1020 179 1003 1154 1100 118 163 1139 1156 173 1046 1045 1166 1007 1050,1014 1031 174 1006 1016 125 1001 172 1068 170 274 177 1012 1128 278 1064 279 137 1019 1011 1075 180 158 179 1003 118 163 173 1045 1007
80,13,1110 1099 1118 126 170 1076 274 1101 1066 163 1085 1059 1028 1062 1131 1178 1128 1035 1031 1134 1018 1065 1124 76 127 179 172 1190 1215 346 1068 1034 1170 158 1046 1052 1053 137 1086 1081 1107 1113 1161 1022 281 1137 1033 1045 118 1043 1103 1166 1108 1151 1002 1075 1096 1061 1048 1001 1069 280 1008 1135 180 1138 1154 1140 1095 161 1042 125 1023 174 1038 278 1079 1019 1012 113,170 274 1066 163 1128 1031 1018 127 179 172 346 1068 158 137 281 1045 118 1002 1075 1001 280 180 125 174 1038 278 1019 1012
80,14,1008 1134 1027 1139 1051 1170 1076 1011 274 1070 1215 174 1221 1020 1068 1059 1075 1087 1095 1216 1028 1062 1152 167 1016 1032 1054 1044 1130 179 1060 137 278 170 1107 1081 1035 1128 1100 1048 1014 1031 30 127 1085 1022 1103 76 118 180 177 1154 280 281 1108 151 1064 1156 1066 1264 1190 126 1161 1006 1186 175 1043 113 1007 1140 1079 1023 1065 279 1125 1089 346 1151 1123 1096,1011 274 174 1068 1075 1016 179 137 278 170 1128 1014 1031 127 118 180 177 280 281 1064 1066 1006 175 1007 279 346
80,15,1021 1151 1006 172 1125 1070 1130 1049 1110 1097 158 161 1016 1091 173 1066 1140 1132 1059 1007 1101 1103 1221 1030 1019 1095 1033 1161 179 1062 1038 1018 1008 1053 1215 1139 1146 170 1012 1128 127 76 278 1124 1068 126 1044 176 1003 114 113 1046 1099 1138 1118 1032 1152 180 280 1086 30 1145 174 281 1216 1108 125 1186 151 1025 1123 346 1027 279 1042 1069 1013 1043 1107 1076,1006 172 158 1016 173 1066 1007 1019 179 1038 1018 170 1012 1128 127 278 1068 176 1003 180 280 174 281 125 346 279
80,16,346 1190 1152 1030 171 1061 1013 1145 1062 1035 1107 278 1221 174 1110 125 151 1096 1007 1001 167 1178 1100 1065 1021 1134 1023 1099 1027 280 1108 1053 1043 1139 1156 1091 1045 1018 177 1125 158 30 1151 172 179 76 1124 1094 1075 1132 118 1146 1022 1130 1186 1019 1135 1006 161 1032 1076 1137 1012 1064 1066 1128 1216 126 1002 274 1103 1015 1154 1016 1101 1070 1081 1170 1118 1033,346 278 174 125 1007 1001 280 1045 1018 177 158 172 179 1075 118 1019 1006 1012 1064 1066 1128 1002 274 1015 1016
80,17,1022 1019 1008 1059 1006 1170 1014 1163 1135 1061 1166 1094 1161 1076 1031 1053 1097 1007 1066 1045 126 1099 1160 175 1032 1003 127 1125 278 1011 1050 179 1013 1065 1221 1128 1052 346 1042 1044 1046 1030 1001 1091 1018 1068 1145 1152 1012 177 1034 1151 1156 1064 1138 1113 1015 114 174 1131 1096 1130 118 1134 1216 1100 170 281 1140 125 1060 274 1137 1070 1016 1110 176 1062 1095 280,1019 1006 1014 1031 1007 1066 1045 175 1003 127 278 1011 179 1128 346 1001 1018 1068 1012 177 1064 1015 174 118 170 281 125 274 1016 176 280
80,18,1091 171 1216 1097 1002 1069 1215 1012 1100 1076 1107 76 1051 1014 1161 1123 180 161 1081 158 1134 151 1043 1139 1135 1008 278 1163 1145 1068 1264 1053 1061 173 1001 279 1079 167 346 1128 281 1131 1038 1096 1044 126 1006 1146 1098 1130 1042 1094 1085 1095 1066 1113 1018 1186 1032 1003 125 1075 1118 1110 1170 1045 1166 1108 1151 1027 1099 1138 1011 280 163 1103 1022 1054 118 113,1002 1012 1014 180 158 278 1068 173 1001 279 346 1128 281 1038 1006 1066 1018 1003 125 1075 1045 1011 280 163 118
80,19,1166 1160 113 1022 127 174 1100 1087 125 1146 1016 1068 1264 126 1011 1002 1012 1108 1045 1023 1020 1132 1035 1053 1065 1138 177 1118 1027 280 1140 1139 1103 1062 137 1096 1075 1079 1019 114 1156 1101 1095 163 1007 1066 1049 1014 1091 172 118 1161 274 1032 1025 279 1003 1221 175 1170 1186 1001 1110 1137 1128 1113 1130 1152 1135 76 167 1085 1086 151 1061 1044 1046 158 1124 1015,127 174 125 1016 1068 1011 1002 1012 1045 177 280 137 1075 1019 163 1007 1066 1014 172 118 274 279 1003 175 1001 1128 158 1015
80,20,279 1085 137 158 1032 1135 1070 1138 1042 1064 1140 1030 114 281 1079 1100 1130 1031 174 1054 170 1048 1018 1065 1002 1062 1022 1190 1081 1134 1146 30 76 1028 1131 125 176 1145 180 1052 1038 1006 167 1023 1061 1125 1091 1034 1089 1103 1059 1060 1152 1170 1154 280 173 1044 274 1035 346 1076 1043 1110 1264 1020 1087 1027 1108 1107 1001 1156 278 1151 1161 1053 161 1221 1051 1008,279 137 158 1064 281 1031 174 170 1018 1002 125 176 180 1038 1006 280 173 274 346 1001 278
80,21,1070 1019 172 1059 1146 1221 167 1097 1086 1002 1110 1216 1135 114 1140 175 127 30 1107 1021 1014 1160 1061 1054 1038 1087 1123 1137 1015 1132 1091 1069 1139 1108 113 1186 1079 1028 177 1065 1050 1013 151 1018 1027 1035 163 1118 1113 279 1008 1051 1060 1098 1163 1095 1076 1068 1145 171 1001 1130 179 1094 1075 1099 1264 1151 1043 1138 1066 1125 170 1062 174 1128 1124 1012 1190 1089,1019 172 1002 175 127 1014 1038 1015 177 1018 163 279 1068 1001 179 1075 1066 170 174 1128 1012
80,22,1137 1094 1066 1075 1015 1091 1130 1011 1049 1103 1166 1128 1022 1068 1186 1032 278 1050 1003 174 279 1215 1069 1046 281 1216 1118 126 1065 1178 1052 1064 1076 137 175 1034 1020 1125 1221 1087 1123 151 127 1019 1163 1264 1139 1048 163 1012 1038 158 1190 1045 1135 1035 1014 274 1095 1023 1054 161 1089 1124 1107 176 1051 118 1151 1096 167 1044 1081 1110 1154 1140 1062 1033 1002 1008,1066 1075 1015 1011 1128 1068 278 1003 174 279 281 1064 137 175 127 1019 163 1012 1038 158 1045 1014 274 176 118 1002
80,23,1060 1015 1048 1054 118 1091 1264 1215 1128 172 1059 274 1022 1113 281 280 127 1050 1094 1166 161 1070 1134 1139 1221 1038 1001 1062 167 1035 1099 1118 1034 137 1124 1002 1156 1045 1216 1046 1086 1125 1030 1044 174 1006 1028 279 1145 1065 176 1101 1008 1135 1016 1042 1069 158 1108 1011 1032 1131 1043 1076 1152 1012 1137 1066 1003 1064 173 1052 1023 1163 346 1138 1068 1051 1013 1061,1015 118 1128 172 274 281 280 127 1038 1001 137 1002 1045 174 1006 279 176 1016 158 1011 1012 1066 1003 1064 173 346 1068
80,24,1135 126 167 1154 1015 1123 1022 1166 113 1108 1031 1190 1152 1138 1216 1050 1069 1132 173 151 1085 1027 1161 1048 1140 1178 1054 1059 175 114 1131 118 1124 158 1145 1008 1098 177 1023 1034 1061 1096 1052 281 30 1134 278 1221 1068 1028 1137 1100 1070 274 1062 1081 1045 1215 1042 1065 1160 1264 76 280 170 1011 1053 1038 1091 1089 1014 174 179 180 1064 1079 1066 1086 1156 127,1015 1031 173 175 118 158 177 281 278 1068 274 1045 280 170 1011 1038 1014 174 179 180 1064 1066 127
80,25,163 1221 1019 280 1048 161 274 1186 1161 1053 1138 1118 281 1076 137 1140 1087 180 1013 1043 1023 118 1022 1098 125 1061 1020 1042 127 1015 1170 1028 1001 1002 1006 1069 1033 1007 1012 30 1190 1064 1124 1099 1137 151 1135 1014 1046 179 175 1081 1062 1091 1045 1123 346 1101 1066 1095 1025 1052 1145 279 1125 1094 1097 1008 1178 1146 1051 174 76 1018 114 1216 1060 1034 1096 167,163 1019 280 274 281 137 180 118 125 127 1015 1001 1002 1006 1007 1012 1064 1014 179 175 1045 346 1066 279 174 1018
80,26,1095 1054 118 1064 1062 1066 1190 1163 1018 1130 137 1079 1011 1139 173 163 1103 1154 1044 1021 346 1061 1068 1032 151 1264 279 1016 1123 1015 1140 1134 1038 1049 1031 1081 1216 1135 1008 158 176 113 1124 1152 114 280 1012 170 1030 1161 1221 1002 126 1186 180 1022 1099 1110 1091 125 1003 1098 1075 1069 76 1113 30 1046 1151 1027 1087 1013 179 127 1070 1094 1108 274 1014 1101,118 1064 1066 1018 137 1011 173 163 346 1068 279 1016 1015 1038 1031 158 176 280 1012 170 1002 180 125 1003 1075 179 127 274 1014
80,27,1130 163 1011 114 1166 1035 172 1002 1061 1132 1154 125 1042 151 1007 1070 1048 1081 161 1027 1091 1014 278 1178 1052 1113 1022 1221 279 175 1156 1160 1186 1021 173 1099 158 1170 1163 1076 30 1066 1110 1152 1008 1069 1075 1215 1064 1015 174 1100 274 1025 1264 1134 1038 118 1095 113 1059 126 1097 1124 1145 1046 1062 1216 179 1006 176 1079 1131 76 280 281 1103 1161 1118 1023,163 1011 172 1002 125 1007 1014 278 279 175 173 158 1066 1075 1064 1015 174 274 1038 118 179 1006 176 280 281
80,28,278 1012 1146 125 1130 1051 1100 1156 1160 158 1035 1066 1113 1101 1006 1128 151 1161 161 1027 1086 1081 1154 170 1054 1048 346 1076 1014 1020 1135 274 127 1032 1060 1163 1064 1015 1085 137 177 1108 1013 1069 1062 163 1065 1079 1034 1022 1053 30 1045 1075 174 1103 126 1042 1021 1215 281 1137 1099 1138 1124 1052 1011 1018 1190 1139 1098 1068 1059 1044 1001 1097 1091 1170 167 280,278 1012 125 158 1066 1006 1128 170 346 1014 274 127 1064 1015 137 177 163 1045 1075 174 281 1011 1018 1068 1001 280
80,29,1107 173 279 1069 127 1100 1130 172 1002 1061 1032 1027 1043 1110 1046 1096 1138 1170 1086 177 1019 1066 278 125 1035 1161 1006 1160 137 1054 1123 1125 1012 1050 1145 1085 1025 1118 1108 1042 1113 1023 1018 1014 1154 1008 1049 1013 1007 1151 1075 1081 281 1016 1095 1132 1064 161 175 1190 1062 1215 1060 179 163 1031 1131 1034 1103 1003 1051 1097 1139 126 1094 1076 1152 174 1098 1033,173 279 127 172 1002 177 1019 1066 278 125 1006 137 1012 1018 1014 1007 1075 281 1016 1064 175 179 163 1031 1003 174
80,30,1103 1030 1028 274 1054 127 1107 1108 1075 278 1006 1066 176 1086 1178 1016 279 1038 118 1021 1138 1098 1081 1131 158 171 1018 1011 161 1095 346 1264 114 1045 1186 281 1050 1025 163 1161 1137 1135 174 1027 1110 126 180 1034 1156 1151 1089 1087 1068 172 1020 1022 1002 1076 1123 1052 1044 1100 1060 1139 167 1059 1015 1146 170 1079 1035 1048 1125 30 1042 1023 1154 175 1003 1140,274 127 1075 278 1006 1066 176 1016 279 1038 118 158 1018 1011 346 1045 281 163 174 180 1068 172 1002 1015 170 175 1003
80,31,1052 1130 1066 163 1042 1013 1103 1076 1134 1030 1028 1062 172 113 1068 1012 1011 1016 1034 274 1007 1216 173 1054 1053 1101 1151 1154 1132 1152 177 1137 1089 1048 1045 1170 1100 1022 278 30 1110 280 1264 346 1027 1069 1081 114 1070 1087 1002 1215 1008 279 1023 1221 127 1123 1145 1096 1161 1064 1107 176 1186 1163 1095 1006 1139 1099 1135 1051 1021 158 1140 1065 1038 1190 1075 125,1066 163 172 1068 1012 1011 1016 274 1007 173 177 1045 278 280 346 1002 279 127 1064 176 1006 158 1038 1075 125
80,32,1135 1048 1049 1046 171 1011 1053 1145 1042 346 1028 1030 1081 1007 1110 180 1065 1015 1186 1138 1045 1013 151 1156 1190 1094 118 1002 1146 1070 1085 167 278 1101 1052 1170 1038 158 1163 1118 1006 1132 1086 1134 76 1069 1027 1054 1075 1096 1035 1079 176 1264 1033 1161 1012 1021 125 1068 1103 1059 1137 1001 175 1160 1125 114 1113 1221 1016 1003 281 170 1066 1097 177 1089 1044 1087,1011 346 1007 180 1015 1045 118 1002 278 1038 158 1006 1075 176 1012 125 1068 1001 175 1016 1003 281 170 1066 177
80,33,1103 1163 1020 30 1051 1038 1060 1151 1022 1049 1216 278 151 167 1043 1166 1146 1021 1178 1097 1042 118 126 1152 1095 1091 1062 1113 1160 1134 163 1014 1081 346 179 177 1137 170 1154 1066 1107 1089 114 1023 1130 1161 1011 1008 1108 180 1079 1050 1025 1064 1125 1046 1052 1123 1068 1145 1007 1135 1003 1001 1098 1053 1139 125 1048 1015 137 1033 1030 281 1190 1013 1221 1128 1012 1132,1038 278 118 163 1014 346 179 177 170 1066 1011 180 1064 1068 1007 1003 1001 125 1015 137 281 1128 1012
80,34,1107 1086 174 1038 1027 1050 1145 1216 1019 172 1103 76 1031 1012 171 1160 1099 1013 113 1030 346 1034 163 1032 158 1006 1049 176 1001 1008 280 1152 1060 1089 1098 1014 137 1151 1064 173 1053 1065 30 274 1066 1016 1096 1052 1046 1130 1100 177 1215 1020 1178 1062 1045 1022 1002 127 1095 1156 1081 1161 1025 1170 1021 1044 1190 279 1035 170 1042 1054 1264 1048 180 1059 1097 1186,174 1038 1019 172 1031 1012 346 163 158 1006 176 1001 280 1014 137 1064 173 274 1066 1016 177 1045 1002 127 279 170 180
80,35,1186 1118 1099 281 1166 180 1123 1062 1012 1014 176 1190 167 175 163 1124 1215 1152 1096 1161 1125 1019 1048 1154 1140 1151 114 1068 1064 1043 1034 1045 1101 1027 1075 1107 1038 1032 1059 1013 1015 137 1170 1160 1003 170 1042 346 1051 151 161 1001 1135 172 125 1002 1008 1069 179 1018 177 158 1007 1044 1145 278 1134 1113 279 1030 1091 1022 1076 1079 1216 1046 1060 1089 1011 1178,281 180 1012 1014 176 175 163 1019 1068 1064 1045 1075 1038 1015 137 1003 170 346 1001 172 125 1002 179 1018 177 158 1007 278 279 1011
80,36,1089 1085 1076 1015 1087 1190 1100 1130 1065 1069 1048 1264 1035 1139 171 1061 1131 1178 137 1145 1016 1018 1152 1138 1186 1059 1134 1128 1034 127 1046 1019 1160 125 1003 1146 1054 158 1166 1030 1008 170 1049 279 1011 1042 1075 1113 1027 114 1001 1125 151 1066 177 126 1135 1103 278 346 1021 1014 1002 1216 1031 1081 1028 175 1108 179 1156 1107 1118 274 1091 1050 1137 1032 167 172,1015 137 1016 1018 1128 127 1019 125 1003 158 170 279 1011 1075 1001 1066 177 278 346 1014 1002 1031 175 179 274 172
80,37,1135 1076 1051 1031 1098 1028 163 1081 1128 1013 1160 1140 1064 151 1059 1014 1085 1131 281 1087 1215 1103 1108 1054 1007 180 280 1118 1048 1025 158 174 1022 1034 167 1060 1091 1027 161 1100 1146 1086 1145 171 76 1002 1097 1050 113 1216 1006 1019 173 1079 1125 1020 1038 1154 274 1264 1186 170 1151 279 1045 1123 1015 1190 1132 1011 1008 1134 1156 1163 1042 1018 1152 1016 172 176,1031 163 1128 1064 1014 281 1007 180 280 158 174 1002 1006 1019 173 1038 274 170 279 1045 1015 1011 1018 1016 172 176
80,38,1140 1134 281 1061 1099 176 1033 30 1053 1113 1125 1051 180 1264 1044 1123 1108 1132 127 1054 1048 1086 1097 1002 1156 1020 1022 151 1001 1137 1096 1038 1064 1215 167 1178 1016 170 1060 1045 1160 1046 1124 1094 1101 1032 76 1163 1043 1110 1095 1031 174 1139 1007 1018 1013 126 1069 1025 1023 1028 1008 1166 278 172 1145 1014 1146 1154 1070 1065 1107 1015 1135 1216 1027 1091 1081 1098,281 176 180 127 1002 1001 1038 1064 1016 170 1045 1031 174 1007 1018 278 172 1014 1015
80,39,1050 1014 1068 1100 1156 125 1042 274 1166 1043 1033 1264 1086 1094 1125 1065 1123 1152 1079 1095 1140 1087 175 1020 1132 279 1151 1107 1076 1038 1066 1053 1054 1011 30 1028 1221 1019 151 1137 1130 167 180 1045 179 113 1044 1091 1145 1186 1060 1216 1025 1070 161 1128 76 1098 1097 1154 1032 280 1048 1110 158 1061 1030 278 1021 1001 163 1113 114 1138 1007 1018 1008 1139 1099 1006,1014 1068 125 274 175 279 1038 1066 1011 1019 180 1045 179 1128 280 158 278 1001 163 1007 1018 1006
80,40,1062 1161 1156 151 1066 1107 1166 175 1130 163 113 1113 1032 1132 161 1014 1264 1048 1016 1135 1020 1139 1033 1060 1098 1186 1022 281 1146 179 1079 1086 1123 1125 1021 1030 1013 1025 158 1097 118 1064 180 1061 1027 1042 1091 1050 177 1081 1096 1221 170 1087 1045 1085 1075 1031 127 1101 1028 1015 1099 279 1154 1068 1128 1003 172 1054 1043 1019 1124 1051 1052 1044 1012 1131 137 1160,1066 175 163 1014 1016 281 179 158 118 1064 180 177 170 1045 1075 1031 127 1015 279 1068 1128 1003 172 1019 1012 137
80,41,1066 1051 1139 1161 1146 1099 1007 1075 1264 114 179 1045 1021 1031 1163 1065 167 1070 1012 1100 278 1061 274 1034 1043 1124 161 1154 1156 1151 127 280 1091 177 1186 1001 1060 1113 346 1089 1145 163 1085 180 279 1160 1138 1095 1170 1013 1128 170 125 1076 76 1125 1030 1152 1028 1137 1103 1178 1003 1049 1135 1079 176 1002 1038 1101 118 1006 1132 1096 1022 1062 173 1027 1108 1008,1066 1007 1075 179 1045 1031 1012 278 274 127 280 177 1001 346 163 180 279 1128 170 125 1003 176 1002 1038 118 1006 173
80,42,1156 176 1137 1042 1091 1264 1135 126 1038 1108 1048 1044 163 1166 1178 137 1059 1138 1095 1094 1107 1018 1139 1030 1025 1013 1160 173 1096 1097 1100 179 114 1070 1061 1124 125 127 1033 1089 1023 1012 1062 1154 1132 1216 1134 1021 1054 1086 1145 177 1069 1014 1035 175 1130 1003 1019 1011 1049 1060 1053 1032 1123 30 1015 1034 1052 1065 1045 151 1064 1152 1043 1046 113 118 1101 1099,176 1038 163 137 1018 173 179 125 127 1012 177 1014 175 1003 1019 1011 1015 1045 1064 118
80,43,1118 1053 1170 1079 1013 1264 1096 173 1070 274 1002 1186 114 1151 1020 1050 125 1028 1107 1130 1019 1131 1034 1006 1021 1042 172 281 1085 1016 177 1044 1030 1110 1124 174 1007 1097 1059 1068 1023 1125 76 158 1027 163 1087 1161 1012 278 1086 1146 1140 1015 1031 1132 127 1066 1001 1065 167 170 175 1025 1108 1064 1152 1003 1166 1215 1054 1190 1089 1135 1046 1101 126 1035 1145 1139,173 274 1002 125 1019 1006 172 281 1016 177 174 1007 1068 158 163 1012 278 1015 1031 127 1066 1001 170 175 1064 1003
80,44,1097 1075 1113 279 1108 1135 1070 1156 1031 114 1107 1069 1094 151 1152 174 1079 1008 1178 1066 1098 1059 1100 1160 1170 113 127 1095 1118 1022 1221 176 180 1053 1264 1125 1044 1020 172 171 1013 1151 1099 1027 1101 1035 1003 177 125 167 346 126 1062 1081 1096 1006 1015 1131 1061 1086 118 1123 163 278 1163 1028 1146 1215 1134 1139 1132 281 1042 1166 1161 1018 1038 1190 1110 1016,1075 279 1031 174 1066 127 176 180 172 1003 177 125 346 1006 1015 118 163 278 281 1018 1038 1016
80,45,1062 1049 1166 179 1007 1031 1025 1066 1139 1154 1178 1065 1075 1108 1022 1043 281 1034 1046 114 1008 1123 1221 1098 1019 1156 1086 1170 274 1131 1053 1186 1002 172 1060 1001 1097 1163 1125 170 1132 1135 1016 1128 1003 126 1085 1044 1014 1038 1018 1094 1161 346 1095 1138 175 1021 1076 176 1103 279 1134 174 1064 161 1054 1152 1145 1052 1030 171 1048 1061 30 1045 1216 1028 1160 1068,179 1007 1031 1066 1075 281 1019 274 1002 172 1001 170 1016 1128 1003 1014 1038 1018 346 175 176 279 174 1064 1045 1068
80,46,1064 1022 1264 1138 1011 1028 1045 1030 1160 1054 1018 1001 1081 1086 1003 281 177 1190 1049 278 1006 1008 1020 114 1042 280 1025 1113 1215 1145 1178 1016 126 1154 158 1019 1068 1163 1134 1216 1066 274 1130 1096 167 1023 172 173 1099 1014 1146 1095 279 1140 125 1051 1007 1151 1124 1098 30 1123 176 1094 1015 113 1118 180 137 1085 1070 1108 179 1079 1091 1101 1050 1043 175 1031,1064 1011 1045 1018 1001 1003 281 177 278 1006 280 1016 158 1019 1068 1066 274 172 173 1014 279 125 1007 176 1015 180 137 179 175 1031
80,47,346 1113 1043 279 1059 174 1030 1016 1094 173 1027 1099 1031 30 137 1050 1066 1060 1139 113 1178 1125 1065 1045 1038 125 1086 1138 1051 126 1007 1124 1068 1053 1018 1146 1044 1107 1048 180 1216 1215 172 1161 1061 274 118 1186 1151 1023 170 1264 1131 167 171 1064 1002 1070 1152 1008 1096 1049 179 1098 1046 1170 1012 1132 1033 127 1160 177 1123 158 1154 1028 1001 1014 280 1011,346 279 174 1016 173 1031 137 1066 1045 1038 125 1007 1068 1018 180 172 274 118 170 1064 1002 179 1012 127 177 158 1001 1014 280 1011
80,48,1061 1049 174 1166 171 1014 1046 1013 1099 1011 1154 175 1094 1043 1101 180 1178 1138 1022 118 1087 1110 1051 1050 1146 1045 1053 125 1135 1113 1151 1163 1139 30 1215 1108 1118 177 280 1015 1130 1021 1003 1028 1048 1264 1081 1190 163 1044 1125 1038 1186 1107 1079 158 1001 1152 1075 274 279 1134 1033 281 1132 1098 1069 137 1016 1023 1070 1042 1156 1008 1054 1002 167 176 1032 1030,174 1014 1011 175 180 118 1045 125 177 280 1015 1003 163 1038 158 1001 1075 274 279 281 137 1016 1002 176
80,49,1035 1027 118 1061 1066 1085 1123 1128 173 1134 1124 176 1046 1032 114 1065 163 30 1186 1020 1053 113 172 1030 1132 1015 1125 170 1038 1094 158 1059 1023 1190 1054 278 1113 1151 1156 1042 1079 1130 1068 1008 1075 1139 1031 125 1060 1264 174 1050 1011 1138 1045 1048 1070 1064 1110 1002 1019 1089 177 179 1140 1152 1018 1145 1096 1216 180 279 1161 1098 280 1087 137 1049 1051 1033,118 1066 1128 173 176 163 172 1015 170 1038 158 278 1068 1075 1031 125 174 1011 1045 1064 1002 1019 177 179 1018 180 279 280 137
80,50,1065 1003 171 1018 1030 1137 1051 1166 1006 1044 1221 281 1016 1012 1068 1135 126 1156 1028 1160 1186 30 1081 1008 158 1001 1108 1085 179 1151 1107 127 1011 346 1015 180 1125 1050 1131 1134 1020 1061 1101 1096 1066 1060 1062 1178 114 1033 1095 167 279 175 1007 1019 1048 1124 1079 118 173 1014 1089 1027 1045 1034 1013 1099 1046 1140 1145 1170 1043 280 1075 1052 1103 170 113 278,1003 1018 1006 281 1016 1012 1068 158 1001 179 127 1011 346 1015 180 1066 279 175 1007 1019 118 173 1014 1045 280 1075 170 278
80,51,177 1031 1020 1066 76 158 125 1051 281 1016 274 113 1131 176 1043 30 1085 1044 1081 126 1132 1161 1100 1070 1042 1007 161 1140 1075 1152 151 1097 1061 1001 1011 1264 1089 1137 1012 1008 170 1215 279 174 1053 1160 1123 1091 1064 346 1079 1145 1050 278 1062 1027 163 1178 1021 1038 1048 1124 1113 1087 1015 180 1069 137 1059 1076 1163 1028 114 1135 1134 1125 1068 171 1098 1156,177 1031 1066 158 125 281 1016 274 176 1007 1075 1001 1011 1012 170 279 174 1064 346 278 163 1038 1015 180 137 1068
80,52,1151 1050 1022 170 1030 1160 1027 1060 137 1118 1081 278 1015 1139 173 1138 175 1085 1001 114 1034 1068 167 1128 1097 1046 1025 1161 1043 1113 1076 1003 1011 1014 1216 76 1075 346 1103 1140 1146 179 176 1048 1264 1023 158 1002 113 1006 1032 1110 1045 1099 161 1186 1012 177 1100 1137 1134 1101 1061 1021 1079 1095 1215 1096 125 279 1019 1190 1031 163 1065 1094 1035 1062 1052 1178,170 137 278 1015 173 175 1001 1068 1128 1003 1011 1014 1075 346 179 176 158 1002 1006 1045 1012 177 125 279 1019 1031 163
80,53,1013 1043 1086 1045 1138 1003 125 1011 1069 174 175 1131 170 1021 1186 1054 1139 1190 1091 1048 1101 1107 1130 1154 1132 1095 1097 281 1145 1170 1020 1062 1163 1166 1033 1160 1014 1046 1124 1079 1221 179 1128 1061 1032 1006 1125 1051 278 151 176 1075 1134 161 1100 1044 1140 30 1016 1065 1146 1089 1156 1022 1034 1002 1049 1038 1151 113 1161 1015 1135 1028 1025 118 1264 1035 114 172,1045 1003 125 1011 174 175 170 281 1014 179 1128 1006 278 176 1075 1016 1002 1038 1015 118 172
80,54,1186 1216 1001 1023 1152 1003 1012 1027 281 1140 1095 279 1097 1151 1154 1028 1046 1110 1190 1020 174 1008 1018 118 1139 158 1069 1033 1138 1060 1264 1103 1059 1054 1101 1007 1099 274 1096 151 176 1064 30 1170 1061 1130 1131 1042 1025 1006 1134 1045 1146 137 1070 1030 1011 1128 170 1118 1221 1166 163 346 280 1076 125 1066 1137 1021 1132 1062 1068 171 1053 1048 161 1163 126 1145,1001 1003 1012 281 279 174 1018 118 158 1007 274 176 1064 1006 1045 137 1011 1128 170 163 346 280 125 1066 1068
80,55,1022 1087 1054 1011 346 163 274 1016 1166 173 179 1049 1108 1001 1137 1103 1140 1130 1068 1002 1012 1154 1030 180 1151 1125 1033 1006 1110 167 1064 1008 175 1085 1107 1048 137 127 1043 1066 1134 1160 1075 161 1178 1156 1215 1139 1123 279 1221 1264 1131 1132 1027 1161 113 1042 1086 1089 1065 125 1170 1216 1070 1032 1045 1091 1135 177 1038 1152 1062 1079 1095 151 1101 118 76 1081,1011 346 163 274 1016 173 179 1001 1068 1002 1012 180 1006 1064 175 137 127 1066 1075 279 125 1045 177 1038 118
80,56,1132 1001 1025 177 278 1178 1137 1161 180 172 1028 1110 1140 1049 1139 161 1061 1123 1054 1068 158 1190 1101 1135 1050 1152 1014 1013 125 1043 1095 175 1151 1035 1131 126 1079 1069 151 114 1146 113 1221 1065 1031 1038 1032 279 118 1007 1018 1021 1099 346 1006 1070 1100 137 1002 1128 1003 1015 1113 1145 1019 1138 1075 1023 1215 1011 1091 1020 1048 1166 1022 1062 1076 76 1103 1066,1001 177 278 180 172 1068 158 1014 125 175 1031 1038 279 118 1007 1018 346 1006 137 1002 1128 1003 1015 1019 1075 1011 1066
80,57,1186 1152 1130 1023 170 1170 1002 1030 278 1015 1038 1161 1099 127 179 113 1156 1076 76 177 1190 1008 1145 1062 161 1089 1101 1118 1052 1086 1125 126 1140 1060 1031 1018 1003 1091 1019 1020 1044 1151 1021 1163 1134 118 1069 114 1012 172 1178 1087 1033 173 1064 1135 1050 1215 280 167 1108 1028 1016 1110 1051 1100 1068 1048 1139 1065 1025 1081 1098 1097 1045 1103 1013 1128 1027 1166,170 1002 278 1015 1038 127 179 177 1031 1018 1003 1019 118 1012 172 173 1064 280 1016 1068 1045 1128
80,58,1027 1025 1020 1045 1061 1023 1038 1124 114 1054 175 1156 1190 1075 1215 1066 1050 1060 163 1007 1042 76 280 1096 1033 1140 1022 1161 158 1051 1030 1049 170 1028 1131 1135 1012 1069 151 1163 1097 1016 1001 1101 1170 1108 1146 1048 1043 1053 1032 167 1052 1152 1113 1095 279 1062 1091 1011 1128 179 346 281 1154 1089 1137 1031 1081 1134 176 30 1107 1125 1085 1014 125 1079 1138 174,1045 1038 175 1075 1066 163 1007 280 158 170 1012 1016 1001 279 1011 1128 179 346 281 1031 176 1014 125 174
80,59,1089 1002 1068 1152 1107 1013 1019 1101 1079 1027 1048 1052 1156 1053 1145 1003 1033 1038 280 1060 1050 1021 1018 174 1046 1042 1100 1163 278 1135 1264 1103 1166 1130 1023 1190 1015 1016 172 1061 1139 1066 158 1014 1007 1138 1131 1096 1044 176 1137 274 1110 1028 1124 1140 1128 1161 1113 1215 76 1125 1020 137 1070 1069 1012 1034 127 151 1132 1221 1035 1022 126 1086 125 1062 175 1123,1002 1068 1019 1003 1038 280 1018 174 278 1015 1016 172 1066 158 1014 1007 176 274 1128 137 1012 127 125 175
80,60,1052 1062 1151 1066 1140 171 1123 1076 1045 172 151 1051 158 176 179 1034 1085 1186 1163 1028 1110 1100 1023 1021 279 173 1053 1089 1025 1128 175 1107 1006 1137 1081 278 1048 1013 167 1190 1152 1001 163 1044 1061 1060 280 1033 1030 1079 1068 1096 1135 161 1139 1215 1059 1019 1043 1160 1131 76 1086 1011 1012 1221 1166 1002 126 180 1134 125 1108 170 1008 1095 1065 1070 1130 1049,1066 1045 172 158 176 179 279 173 1128 175 1006 278 1001 163 280 1068 1019 1011 1012 1002 180 125 170
80,61,1137 114 1014 1066 1190 118 1103 1101 1018 1098 1033 1124 1125 1070 1060 1152 1215 1156 346 1081 175 1030 1045 113 125 1160 1050 1034 278 179 1086 1113 1166 1094 1035 1046 1096 1038 1154 1146 279 161 1023 1069 1089 1075 1068 1011 1099 126 1097 1110 1054 1048 1049 1053 163 1003 280 1019 1042 1044 1015 1028 1107 1008 1016 1051 1123 1128 1025 177 1065 1145 1161 1062 281 180 1027 1216,1014 1066 118 1018 346 175 1045 125 278 179 1038 279 1075 1068 1011 163 1003 280 1019 1015 1016 1128 177 281 180
80,62,1095 1107 1134 1079 1140 1087 1045 177 1070 1139 1013 1053 1221 280 175 1007 171 1081 1096 274 1124 279 1031 1161 278 1160 1042 1170 1051 1001 1025 1085 1138 1030 1038 1034 125 1066 1061 172 1099 1023 126 1006 1130 1069 1145 1151 346 281 1154 1152 1019 1113 1125 1016 1032 113 1264 1132 1098 170 161 1086 1131 1215 1046 1050 1091 1156 179 127 1123 1048 163 1049 114 1108 1003 1137,1045 177 280 175 1007 274 279 1031 278 1001 1038 125 1066 172 1006 346 281 1019 1016 170 179 127 163 1003
80,63,1131 1033 1154 1003 1015 1046 1028 1161 1043 114 1022 346 1069 281 1130 1002 1065 1059 1138 1156 1097 1215 1025 1013 113 1145 1140 1060 76 1027 1051 1190 1048 1151 173 1170 1034 1110 1075 274 176 1070 174 126 1137 280 170 1021 1125 1146 1085 1134 1008 1132 1094 1064 172 1066 125 163 1032 1087 1113 161 1216 1123 137 118 1186 1042 1049 1139 1124 1016 1099 158 1264 1038 1163 1089,1003 1015 346 281 1002 173 1075 274 176 174 280 170 1064 172 1066 125 163 137 118 1016 158 1038
80,64,1035 1018 114 1052 1054 1145 1081 1113 1048 1087 1070 1025 1152 1014 1019 1132 1079 1110 280 1069 274 1007 1028 180 1221 1125 1178 1131 1065 1008 1027 1023 1103 1022 1011 1061 1108 1163 171 1031 1076 1156 1013 1021 1140 1006 1060 1030 179 1099 1151 1128 1043 1094 1033 1264 151 1139 1154 30 1001 1124 278 281 1100 1160 113 1091 1015 172 1064 1170 1107 1020 1190 1050 1089 1062 1003 1137,1018 1014 1019 280 274 1007 180 1011 1031 1006 179 1128 1001 278 281 1015 172 1064 1003
80,65,1015 1264 1161 1085 1170 1070 180 1094 1042 1044 175 1140 1038 1081 1124 179 114 1001 1028 118 280 278 1068 1156 1064 1030 1190 127 1031 1021 125 1221 281 1023 1123 30 1098 1007 1050 1132 170 346 174 1033 1089 1045 1215 1032 1011 1137 1166 1138 1051 1048 1066 1076 1110 1022 1059 1139 1025 1160 274 1130 1006 1096 1128 1035 1043 1065 1008 1154 1052 1151 172 1125 1034 1060 1100 1163,1015 180 175 1038 179 1001 118 280 278 1068 1064 127 1031 125 281 1007 170 346 174 1045 1011 1066 274 1006 1128 172
80,66,172 1215 1118 137 1042 1103 1096 173 1134 170 1044 1170 1066 1163 1070 1015 1013 1035 1139 1065 1034 1095 1049 1110 1007 1050 1137 163 1022 125 1108 1216 127 76 1146 176 1089 1020 1154 1161 1079 1221 1145 1068 1030 1156 1031 1011 1123 158 177 174 1060 1006 280 1086 1061 1003 274 1028 1025 1059 114 1021 1097 1018 1100 1087 1113 1107 171 1052 1054 179 1023 1140 126 113 278 1046,172 137 173 170 1066 1015 1007 163 125 127 176 1068 1031 1011 158 177 174 1006 280 1003 274 1018 179 278
80,67,1131 151 1002 1042 1166 1264 1216 1154 1107 1099 1031 346 1221 1013 1053 1085 1021 1146 1023 137 274 1020 158 1035 176 113 1054 1046 1052 1016 173 1008 1160 1022 1108 1003 1145 167 1075 1059 1186 1095 1128 1050 1163 179 1135 1087 1030 1001 163 1045 1038 1051 1028 114 1018 1097 1152 1178 1068 1049 1081 125 1065 1066 1103 1215 1043 1019 118 1124 278 1048 126 76 1151 1134 1094 1064,1002 1031 346 137 274 158 176 1016 173 1003 1075 1128 179 1001 163 1045 1038 1018 1068 125 1066 1019 118 278 1064
80,68,1066 1161 1145 1101 1100 1186 1137 279 1023 1160 1016 113 1013 1045 280 1033 1027 171 1156 278 151 1076 1028 1070 173 1061 1096 1107 1131 1163 176 1065 1012 1001 1025 1151 1050 1128 1049 1046 1021 1097 1043 30 1020 1052 1002 1054 1035 174 1170 1014 1103 1091 170 180 1140 163 1118 1134 1132 1086 1216 1113 1123 1060 1130 126 1124 1038 1098 1075 1190 281 1062 1069 1030 1068 1166 1085,1066 279 1016 1045 280 278 173 176 1012 1001 1128 1002 174 1014 170 180 163 1038 1075 281 1068
80,69,1145 1163 1091 1190 1012 1002 1146 1101 1160 1131 1011 1110 76 1123 1125 1108 1050 1015 179 176 280 1060 161 1140 125 279 1139 1033 1186 1075 278 1264 1062 1027 1032 1053 172 1028 1048 1216 1096 118 1064 1124 30 1069 1016 1178 113 1061 1100 174 158 1081 1052 1086 281 1161 1170 1001 1021 1151 137 1094 1076 127 1035 1128 1042 1046 1051 1068 1070 1098 1034 1022 1166 1025 1087 1138,1012 1002 1011 1015 179 176 280 125 279 1075 278 172 118 1064 1016 174 158 281 1001 137 127 1128 1068
80,70,1048 1163 1075 1013 1097 1028 1052 167 1100 1190 1044 1054 1060 1027 1101 113 180 1154 1076 1099 1079 1043 1020 1094 1108 1216 1110 114 1025 1014 1022 1050 1151 1030 1221 172 281 1023 1160 161 171 174 1139 1070 126 1145 1107 1015 163 1096 170 179 1006 137 1011 1103 1118 1215 1152 1021 173 1049 125 177 1012 1068 1138 1137 1031 1038 346 158 1018 1066 1064 1002 1132 1001 1123 1046,1075 180 1014 172 281 174 1015 163 170 179 1006 137 1011 173 125 177 1012 1068 1031 1038 346 158 1018 1066 1064 1002 1001
80,71,1008 1050 1043 1110 1079 1076 1096 172 1135 274 176 1062 1052 1048 126 1134 1045 1027 1054 1042 180 1131 1087 1094 1113 1123 118 1178 137 1006 1064 1069 1100 1011 1051 1016 1101 1075 1098 1013 1001 179 1002 1146 1061 1166 30 1215 1186 1068 125 1264 1085 278 346 1160 1034 1091 1125 1118 1138 1060 1003 163 170 1081 1035 1038 1031 161 1095 281 1059 151 1216 1021 1014 174 1012 1007,172 274 176 1045 180 118 137 1006 1064 1011 1016 1075 1001 179 1002 1068 125 278 346 1003 163 170 1038 1031 281 1014 174 1012 1007
80,72,1027 1216 1145 1066 1022 1178 1023 1079 127 125 1015 1138 1052 1091 1156 346 1081 1012 1048 1001 1094 1190 1110 274 1152 1002 1013 114 1050 1069 1032 30 1014 1131 1049 1085 163 1124 151 1061 1166 180 179 1062 126 158 1020 175 280 1044 118 1076 171 1070 1132 1064 1135 1028 278 1053 1054 1018 1140 167 1123 1125 1103 1108 1025 1160 1221 1107 1186 1163 1264 1113 1065 1030 1137 1097,1066 127 125 1015 346 1012 1001 274 1002 1014 163 180 179 158 175 280 118 1064 278 1018
80,73,1152 1062 1094 1190 1131 1154 1032 125 1186 1107 1012 281 1125 1124 1065 1044 1091 1045 179 1050 126 1070 1054 1053 1139 1061 1146 1014 1130 1099 278 1156 170 1138 1123 1097 1011 137 1016 1145 158 1128 1031 1215 1264 113 1052 1137 1001 1035 1151 1100 175 1221 174 280 1042 1013 346 1079 171 1135 1028 1030 1046 1110 1132 1033 1161 1081 1019 1076 114 1140 1178 173 1015 1027 1060 1006,125 1012 281 1045 179 1014 278 170 1011 137 1016 158 1128 1031 1001 175 174 280 346 1019 173 1015 1006
80,74,1087 1125 1038 1166 1043 137 1066 1132 1145 1012 1113 1006 179 1070 278 1089 175 125 1140 1001 1097 163 1068 1091 1190 1170 1103 1011 173 1050 346 1014 1100 1081 1107 161 30 1065 172 1054 1160 281 1098 1161 1186 1094 1013 1139 158 1062 1007 1131 1123 1178 1154 1059 114 1023 170 113 151 1156 1021 1124 279 1128 1096 1018 1022 1108 1042 1138 1031 1002 1061 1019 1027 171 1046 1221,1038 137 1066 1012 1006 179 278 175 125 1001 163 1068 1011 173 346 1014 172 281 158 1007 170 279 1128 1018 1031 1002 1019
80,75,1053 1011 1124 1096 1081 1089 1031 1094 1006 1086 1033 1061 113 1049 1130 1025 1008 1070 1001 1221 1064 1138 1023 346 1156 1035 280 1154 161 127 1139 1099 1060 1128 137 125 1020 1027 1038 274 1264 1215 1046 1050 1140 177 176 173 1032 1152 171 1132 1065 179 1054 1091 1135 170 163 1170 1062 1016 1066 1013 1007 1018 1052 1051 30 1015 1068 1100 1022 172 281 1118 1059 1103 76 1095,1011 1031 1006 1001 1064 346 280 127 1128 137 125 1038 274 177 176 173 179 170 163 1016 1066 1007 1018 1015 1068 172 281
80,76,1103 1113 1076 1018 1096 161 1065 137 179 1069 1060 1079 1034 1016 346 1050 1156 1021 1186 1110 1053 1032 1020 1166 30 1140 1013 174 118 1066 1123 1128 176 1099 1151 1089 1002 278 1027 167 125 1135 1085 1264 1012 1160 1101 114 1178 1118 1138 1054 1152 113 151 1215 1035 1046 180 1064 1154 1011 1190 1019 1007 163 1008 1161 1132 1045 1146 1139 1125 1014 1108 279 127 1070 1137 280,1018 137 179 1016 346 174 118 1066 1128 176 1002 278 125 1012 180 1064 1011 1019 1007 163 1045 1014 279 127 280
80,77,1138 1166 1035 1030 1131 1068 161 1015 1099 151 1216 175 1038 171 1098 114 1118 127 1170 1139 281 1096 278 1064 118 1043 1025 1006 1019 1087 1042 1154 30 1049 180 76 1054 179 1186 1161 137 1066 1031 125 170 1091 1094 1048 1134 1060 1190 1051 1100 1101 1135 1012 1108 1081 1002 1061 176 1044 280 1016 1178 279 1076 167 1046 1103 1085 174 163 1123 1059 1069 1050 158 1008 1156,1068 1015 175 1038 127 281 278 1064 118 1006 1019 180 179 137 1066 1031 125 170 1012 1002 176 280 1016 279 174 163 158
80,78,278 127 1128 163 176 346 1043 30 280 1034 1038 1018 1166 137 1013 1068 171 1161 1103 1216 180 1054 1152 1065 1108 1025 1081 158 1028 1118 113 1098 1021 1014 1163 170 1138 1066 1134 1061 174 172 1154 1101 151 1012 1069 1030 167 279 1091 1086 1123 1170 1064 1089 1062 1160 1079 1125 1049 1001 1110 1016 173 1178 1051 1132 118 1190 175 1124 1140 1045 1137 1020 1050 179 1003 1032,278 127 1128 163 176 346 280 1038 1018 137 1068 180 158 1014 170 1066 174 172 1012 279 1064 1001 1016 173 118 175 1045 179 1003
80,79,1025 1022 1011 1110 1160 1089 278 1186 1018 279 113 1151 1076 1053 1113 1069 1031 1107 1215 1014 1062 1264 1068 1103 1028 1059 1097 1045 1178 1152 1038 1132 1043 1046 1021 1134 1145 158 1050 1008 1108 1099 1140 1042 1015 1066 1163 1006 1020 1138 1075 179 1033 151 173 1124 1131 280 1094 1054 161 180 1048 1221 171 1095 1091 174 1098 76 1061 1139 167 1051 1027 1065 175 1154 1125 1146,1011 278 1018 279 1031 1014 1068 1045 1038 158 1015 1066 1006 1075 179 173 280 180 174 175
80,80,281 1061 126 1027 1003 114 1085 1190 1013 1099 1012 1001 278 1146 1035 170 1023 1049 1030 1053 1068 1097 1137 1044 1186 1075 1008 1128 1151 1086 1062 1079 1160 1096 1152 1178 1022 30 1054 1087 180 1139 1140 151 346 1156 1006 279 125 1031 163 118 1166 1131 1089 1045 1103 179 1091 161 1052 174 1130 1124 1215 1007 1118 1108 176 1066 137 1134 1028 1145 1069 1107 1032 1016 1019 274,281 1003 1012 1001 278 170 1068 1075 1128 180 346 1006 279 125 1031 163 118 1045 179 174 1007 176 1066 137 1016 1019 274
80,81,151 274 1095 1087 1042 1007 1046 1006 279 1048 137 1053 1031 1038 1076 1264 1066 1013 1103 125 1124 1022 1030 163 1178 1152 1015 1146 1081 180 1154 1045 1137 176 167 1128 1099 1075 1012 1019 161 1023 1070 1034 1050 1134 1096 1130 1059 1170 114 1049 1035 1044 175 346 1018 171 1160 1079 280 1020 1068 1118 1016 1025 118 1086 1032 1060 1139 1002 1101 1221 1163 170 1216 1145 1190 174,274 1007 1006 279 137 1031 1038 1066 125 163 1015 180 1045 176 1128 1075 1012 1019 175 346 1018 280 1068 1016 118 1002 170 174
80,82,1145 177 1096 1025 1178 1002 1130 1034 1049 1051 1101 1019 1156 1124 1015 1098 1137 280 1012 163 1154 1132 1065 281 125 1048 1123 1089 1163 1107 151 1221 1021 1075 1032 30 1081 1161 1131 1044 1060 1035 1033 1091 1125 137 1139 1050 1103 1099 1068 161 274 1151 1054 1264 179 1059 1100 278 1001 1003 180 1013 1011 1018 1095 1006 76 1094 1215 1186 176 1140 1085 1038 1028 1023 1045 167,177 1002 1019 1015 280 1012 163 281 125 1075 137 1068 274 179 278 1001 1003 180 1011 1018 1006 176 1038 1045
80,83,151 1070 1264 1190 1170 278 1042 1096 1032 1020 1062 1081 1044 1001 1075 1066 1186 1038 1089 1022 1094 175 1095 1100 1216 30 1045 1069 1043 1108 1163 1068 1107 1079 1103 167 1034 1054 274 1028 1087 1027 1146 1145 126 1014 1151 1154 1021 1132 1113 1051 1031 1025 1016 1123 125 137 1015 1101 1059 1018 170 1052 1023 1166 1006 179 1221 1053 1050 1128 1137 1139 1003 1033 172 1060 1152 127,278 1001 1075 1066 1038 175 1045 1068 274 1014 1031 1016 125 137 1015 1018 170 1006 179 1128 1003 172 127
80,84,179 1035 1100 1079 1045 1076 174 1006 1103 1021 1061 172 163 1178 1048 1002 1091 1054 1095 177 281 1123 167 1097 1068 1014 1264 274 127 1134 125 1139 1016 1064 1066 1075 151 1108 1033 1027 1160 1028 1020 1124 1030 1086 1132 1062 1085 1113 1161 1186 161 1038 1089 1019 1140 1081 176 1046 1012 1018 1043 1052 180 1221 1059 1069 1007 137 1065 1163 1131 1098 1001 118 1170 1110 1154 1215,179 1045 174 1006 172 163 1002 177 281 1068 1014 274 127 125 1016 1064 1066 1075 1038 1019 176 1012 1018 180 1007 137 1001 118
80,85,1021 1152 1060 1161 1059 167 1030 280 1066 1130 1031 1043 1065 1166 161 1076 1087 1049 1118 1098 1091 1134 1038 1012 1146 1186 1025 114 174 1054 1113 171 158 1052 1264 1003 163 1069 1001 1108 1070 1128 1156 1045 1079 126 1139 118 1035 1023 151 113 1008 1018 1110 127 177 1007 1124 170 1006 1042 175 1089 281 180 1160 1064 1131 1125 1096 76 1022 1061 172 1016 1151 1100 1103 1140,280 1066 1031 1038 1012 174 158 1003 163 1001 1128 1045 118 1018 127 177 1007 170 1006 175 281 180 1064 172 1016
80,86,1125 1130 1186 280 346 1108 1091 1014 1015 1163 1069 1018 1161 1097 1030 1216 1145 1045 1052 1107 127 1095 167 173 1160 1027 1137 170 1038 174 1132 1013 1079 1110 1124 1215 1021 1053 1113 125 1022 1099 279 1042 1065 1264 1134 1043 1049 1068 113 1152 1221 1007 1003 1001 1076 179 1020 171 1032 1051 126 1081 1075 274 1033 1118 137 1012 1146 1006 1002 1170 1096 177 1031 1050 1028 1135,280 346 1014 1015 1018 1045 127 173 170 1038 174 125 279 1068 1007 1003 1001 179 1075 274 137 1012 1006 1002 177 1031
80,87,1006 177 1107 1031 1033 1087 1051 1003 125 1134 1022 1086 1048 1014 1054 179 1020 1044 1221 1081 1152 126 1045 175 127 1216 1140 1110 1079 1156 1053 1064 1103 1125 279 1002 170 1145 1264 1038 1076 1061 1065 1030 1069 1099 1025 1151 113 1135 1091 114 1043 1021 281 346 1046 1108 1170 172 1139 1186 1160 1097 1066 1089 1190 1023 1018 171 76 1007 1034 167 1050 1049 1075 274 1163 1001,1006 177 1031 1003 125 1014 179 1045 175 127 1064 279 1002 170 1038 281 346 172 1066 1018 1007 1075 274 1001
80,88,1131 1066 1076 174 1094 1135 180 173 1025 1100 1101 177 1086 1051 1107 1054 279 126 278 125 1013 1016 1002 1161 1033 1008 171 179 1075 1034 175 1154 137 1137 1151 76 280 1087 1079 1028 1027 1006 1045 1035 170 1139 1134 172 1007 1089 1046 1113 281 1190 1160 1015 1011 1001 1221 1069 1125 114 1043 118 1128 1021 1145 1070 127 1099 1003 1065 1186 30 163 1068 1130 1030 1052 1023,1066 174 180 173 177 279 278 125 1016 1002 179 1075 175 137 280 1006 1045 170 172 1007 281 1015 1011 1001 118 1128 127 1003 163 1068
80,89,1025 1166 127 1100 1130 1052 151 1033 1089 1113 1038 1079 118 137 1086 1031 1160 1002 1048 174 180 1064 1099 1124 1145 1012 167 1019 1140 280 30 281 1028 1215 1065 1101 1034 1107 274 1151 1076 1007 1085 1091 1006 170 163 1054 113 173 1020 346 1161 1030 1049 1123 1062 1190 179 1051 1134 1027 1110 1131 1013 114 126 1066 1125 1170 279 161 1015 1216 1178 1087 1138 278 1264 1096,127 1038 118 137 1031 1002 174 180 1064 1012 1019 280 281 274 1007 1006 170 163 173 346 179 1066 279 1015 278
80,90,1146 176 1038 1089 1154 177 1016 1151 1006 1124 1044 172 1113 1160 1075 1022 278 171 1138 170 1087 1140 1186 279 1027 1042 1130 173 1170 1052 1025 1034 1053 137 114 179 281 1166 1098 1118 1108 1099 1011 1014 1064 1163 1086 1015 161 1264 175 1100 1061 1049 1091 1007 1050 1001 1018 1019 125 1065 30 1128 1095 1045 274 1002 1081 1103 1054 1131 280 1013 1046 1134 167 118 1060 1215,176 1038 177 1016 1006 172 1075 278 170 279 173 137 179 281 1011 1014 1064 1015 175 1007 1001 1018 1019 125 1128 1045 274 1002 280 118
80,91,1156 1128 1031 176 1101 1138 1130 1132 346 1007 1045 1097 127 1123 1021 1087 1154 1044 1086 173 1046 1145 1066 167 1008 126 1052 1023 1170 1094 1190 174 1085 1043 1125 1011 1027 161 1103 1113 1012 1161 1178 175 1053 1025 1075 1100 1003 1014 1139 172 1135 30 1069 137 1166 1163 1034 279 280 1221 118 1098 1110 1216 1054 1033 1061 1028 1015 1081 1124 1002 1091 1001 125 1032 1060 1049,1128 1031 176 346 1007 1045 127 173 1066 174 1011 1012 175 1075 1003 1014 172 137 279 280 118 1015 1002 1001 125
80,92,1068 1098 1075 1131 1042 1132 1043 1060 1107 1113 278 280 1096 1050 1081 1178 1163 167 346 1134 1079 1020 1110 1038 1137 170 126 1100 1124 1139 125 1140 1215 1101 1091 1154 1161 180 1103 1022 1013 1018 1152 1001 1125 1023 1046 1076 1054 1264 174 1097 1166 1051 113 1031 1086 1145 274 1008 1108 1027 1052 1070 161 1034 1053 179 118 163 151 279 1015 1044 1007 1032 1069 1094 1118 1033,1068 1075 278 280 346 1038 170 125 180 1018 1001 174 1031 274 179 118 163 279 1015 1007
80,93,1054 1006 177 1015 151 1003 1186 1135 1097 1048 1052 1001 1027 30 1137 167 113 1038 1131 118 1101 1011 175 1019 1108 1170 1151 1060 1152 1091 1138 1145 126 1068 1103 172 114 1095 1221 1125 274 1123 278 174 1053 1079 173 1070 1059 1033 1163 1110 1020 1124 1099 1087 163 180 1069 1034 1049 1081 1096 127 279 137 1064 1113 1050 161 1022 1032 1016 1044 1061 1128 1134 1051 1132 1098,1006 177 1015 1003 1001 1038 118 1011 175 1019 1068 172 274 278 174 173 163 180 127 279 137 1064 1016 1128
80,94,1012 180 174 118 1016 1097 1216 1140 1099 1081 1021 1062 1030 1061 137 1066 1152 1003 1049 170 279 1008 1110 1108 1076 1156 1137 1139 177 1221 1013 172 1123 1006 1045 1020 1018 1098 1118 1107 151 179 127 1130 1023 1028 1125 1069 1050 1170 161 1264 1015 281 1087 1095 1186 158 1034 1096 1025 1178 1146 1068 114 1091 1007 278 346 1089 1135 1046 76 1051 175 1065 1027 1151 1060 125,1012 180 174 118 1016 137 1066 1003 170 279 177 172 1006 1045 1018 179 127 1015 281 158 1068 1007 278 346 175 125
80,95,1154 1103 113 176 1019 1032 1123 1186 1215 125 1113 1099 1043 279 1050 174 1087 1118 177 280 1044 1070 1025 1160 1098 1140 1137 1166 1178 1062 76 172 1095 1124 1052 1023 1060 1018 1101 1068 1081 1054 1007 1100 1053 1022 171 346 1012 137 1097 1086 1221 1011 1061 1156 1046 1139 1264 274 163 1064 1161 167 118 1035 1034 1002 1042 1079 1085 1048 1059 1089 1031 1216 1128 1045 1110 173,176 1019 125 279 174 177 280 172 1018 1068 1007 346 1012 137 1011 274 163 1064 118 1002 1031 1128 1045 173
80,96,1138 1019 1098 1031 1140 1027 1146 127 1160 1154 1025 1028 1216 1050 1046 172 1079 176 114 346 179 1060 30 1045 1151 1137 1139 1076 1075 170 1081 1123 1042 1002 1032 1130 1118 1013 1215 1053 1020 1100 1003 1033 1064 1103 1128 1052 1145 279 174 281 1087 1022 1012 76 1091 1008 1156 1051 1059 118 1124 1018 1014 177 1006 1015 1023 1038 1001 1011 1264 1034 1066 1163 1132 1221 1113 158,1019 1031 127 172 176 346 179 1045 1075 170 1002 1003 1064 1128 279 174 281 1012 118 1018 1014 177 1006 1015 1038 1001 1011 1066 158
80,97,174 158 1060 1264 274 1002 1138 1051 76 1068 126 1046 1007 1123 179 1152 1006 151 1027 1018 1050 1221 1118 281 1089 1075 118 1001 1131 1048 113 1012 1030 1140 1186 1085 1107 1110 1043 1035 161 177 173 1137 1178 1062 1125 1064 1069 1132 1020 1053 30 1028 280 1023 172 1216 125 137 1091 1045 1166 1160 170 1095 1103 1094 1098 1086 1081 1034 1054 1022 1100 1076 1215 1019 1170 1079,174 158 274 1002 1068 1007 179 1006 1018 281 1075 118 1001 1012 177 173 1064 280 172 125 137 1045 170 1019
80,98,1170 1107 1118 1098 125 1095 1014 1028 177 1033 179 1125 163 1145 1163 1043 1110 118 1099 1050 1101 1156 1076 1049 274 137 1186 1215 1006 158 1124 174 1025 167 1085 1113 1137 170 113 1264 1064 1069 1160 1123 1221 1018 1094 1019 1046 1052 1103 1032 1042 1178 1154 1001 1059 1038 1051 1151 1081 1075 1013 1152 30 1190 1061 1060 1100 126 346 176 1089 1021 1096 161 1161 1108 1023 1007,125 1014 177 179 163 118 274 137 1006 158 174 170 1064 1018 1019 1001 1038 1075 346 176 1007
80,99,1008 1035 151 1128 1064 281 1053 1215 1186 172 1145 1007 278 1069 171 1021 1134 1023 1020 1264 1032 1139 1019 158 1170 1022 1006 1087 1146 174 1091 1166 1154 1140 176 279 180 1130 1190 167 1216 177 125 1161 1097 1034 1061 1016 161 1059 1178 1051 1015 1123 1002 1132 1011 1138 118 1075 173 76 1125 1221 1043 30 1135 1085 1038 127 1099 1062 163 1049 1025 1013 1065 1096 1001 1052,1128 1064 281 172 1007 278 1019 158 1006 174 176 279 180 177 125 1016 1015 1002 1011 118 1075 173 1038 127 163 1001
100,0,1079 118 1042 1068 1135 1186 137 1166 1034 1007 1161 113 167 1022 1103 1154 1089 1011 274 1002 1014 1065 281 1108 280 1059 1075 1049 1096 1015 1006 1130 1032 1038 1018 1124 1215 1069 1019 30 1045 1101 1044 1128 163 151 171 1094 1060 1190 1134 1138 1051 1131 1113 1146 1125 1048 1085 127 1012 172 1087 1061 1070 1076 1140 126 158 1145 1264 1066 1028 1081 1008 1132 1031 173 1013 1001 1035 1052 1160 1107 1003 1123 1023 1095 1062 1152 114 179 161 346 1097 1086 279 1098 125 170,118 1068 137 1007 1011 274 1002 1014 281 280 1075 1015 1006 1038 1018 1019 1045 1128 163 127 1012 172 158 1066 1031 173 1001 1003 179 346 279 125 170
100,1,1033 1032 171 1160 158 1044 1064 1145 1048 1101 1076 1038 1124 274 151 1008 281 1113 1163 118 1100 76 175 1221 1030 125 1065 1135 1031 167 1007 1154 1107 1022 1170 1081 113 1002 127 1131 1137 170 1028 1062 1075 1021 1108 1166 126 180 1085 1215 1060 163 1070 1118 1052 1098 1012 1103 1130 1068 1050 1095 278 1139 1152 173 1043 1128 137 1011 1059 1027 1140 1089 174 1216 1186 1016 1096 1034 1053 161 1156 1025 1099 176 30 1018 1019 114 1069 346 1094 1138 1045 1134 1087 1264,158 1064 1038 274 281 118 175 125 1031 1007 1002 127 170 1075 180 163 1012 1068 278 173 1128 137 1011 174 1016 176 1018 1019 346 1045
100,2,137 274 1030 1054 1068 1154 1016 125 1044 1123 1014 1161 1053 1035 1089 1021 1069 1135 1125 1076 1019 1101 1061 1130 176 1151 1098 1011 1118 1001 1028 1124 1020 1034 174 1003 1062 175 1025 167 1085 1032 1007 1018 1012 1110 1108 1051 1099 170 1091 1100 1013 1137 1008 76 1043 280 1163 1138 1128 1050 1046 114 1095 1094 1022 1045 1145 1152 1015 1190 1178 1060 1096 1070 1027 1139 1064 1065 1103 1166 1140 1107 171 158 1048 1086 279 113 1131 278 281 151 1002 180 1066 1216 1081 1132,137 274 1068 1016 125 1014 1019 176 1011 1001 174 1003 175 1007 1018 1012 170 280 1128 1045 1015 1064 158 279 278 281 1002 180 1066
100,3,1139 1048 1123 1154 279 1079 1081 1221 1135 1138 137 1186 1151 1031 1027 1050 1061 1011 1099 1042 1097 1021 1076 1130 179 151 158 171 1003 1015 1131 346 1054 1007 1089 1146 170 161 278 118 1043 1098 1096 1107 1215 1069 1094 1034 1125 1032 1062 1033 1012 1190 1124 127 274 1020 1030 1145 1066 1035 1178 1085 1049 1161 1086 1156 1038 173 1132 1087 1052 1001 113 1023 1006 1152 1075 1008 280 1068 1163 1013 167 1101 174 1166 1025 126 1140 1022 177 1216 1070 1046 30 176 1019 1002,279 137 1031 1011 179 158 1003 1015 346 1007 170 278 118 1012 127 274 1066 1038 173 1001 1006 1075 280 1068 174 177 176 1019 1002
100,4,1025 1003 274 1075 1006 1022 1139 1140 126 1021 278 1130 1103 1190 1049 1163 1110 1101 1012 1019 1042 1062 1020 1018 179 346 113 174 1046 127 1002 1079 1087 1065 1030 1091 176 163 1027 1152 1107 125 1059 1032 167 1070 1089 1166 1060 172 1094 280 1135 1108 1145 1221 1051 1161 1028 1099 1023 1013 1138 1044 175 1064 1100 1137 161 1035 180 1015 1215 1097 171 114 1043 1069 118 279 1156 1118 1132 137 1011 1146 1038 1076 1050 1123 1061 281 1054 1128 1113 170 1124 1016 1066 1033,1003 274 1075 1006 278 1012 1019 1018 179 346 174 127 1002 176 163 125 172 280 175 1064 180 1015 118 279 137 1011 1038 281 1128 170 1016 1066
100,5,1151 1054 76 1216 1051 1101 1146 1025 114 1130 1032 151 177 1027 1091 1049 1030 1166 1003 1046 1016 1140 1022 274 1023 158 1001 1128 180 1020 1021 1097 1178 1015 346 1044 1095 1028 30 1154 1008 1137 1066 125 1002 1138 1089 1013 280 1006 174 1061 1134 1096 1034 1100 1075 278 1160 1125 1031 1011 1043 1156 1113 176 1068 1108 281 1033 1186 279 1085 1007 1053 1131 1065 1019 1161 170 1152 167 1079 1190 118 161 1118 173 1145 175 1070 1215 1059 1107 1060 1099 1064 1050 137 1035,177 1003 1016 274 158 1001 1128 180 1015 346 1066 125 1002 280 1006 174 1075 278 1031 1011 176 1068 281 279 1007 1019 170 118 173 175 1064 137
100,6,1081 1178 1264 1002 174 1015 281 1166 1087 180 1079 1018 1031 163 1118 1091 1046 1075 1042 177 158 278 1014 1011 1032 1108 1028 179 1062 1128 171 1053 1132 1064 1130 30 1013 167 1052 1151 1085 274 279 1050 1094 161 1019 1160 1101 1054 1096 1221 175 1095 1154 1070 1016 1131 1043 1110 1001 1170 1003 1190 127 1066 1098 1134 1048 1006 1034 1124 1061 1099 1069 1008 1076 1059 1007 1097 1216 1023 1145 1033 1060 118 1137 1089 1138 176 1086 1051 1065 1027 1125 172 1025 1038 1161 1156,1002 174 1015 281 180 1018 1031 163 1075 177 158 278 1014 1011 179 1128 1064 274 279 1019 175 1016 1001 1003 127 1066 1006 1007 118 176 172 1038
100,7,1064 1076 1097 1113 175 1044 1048 1007 1079 1125 161 1134 163 176 127 1030 30 1190 1070 1014 1091 1085 279 1186 1178 281 1131 171 1139 1087 167 1019 1034 1013 151 1154 1066 1107 1221 1049 1031 1053 1002 1151 179 1061 1015 180 1042 1132 1043 1028 137 1008 1022 1099 1135 1021 158 1130 1152 1098 1006 126 1025 118 1032 173 1062 1108 114 177 1101 1045 274 1137 1065 1138 1059 1020 1069 1046 1054 1001 1124 76 1023 1050 1100 1003 1038 172 1118 1161 1170 1012 1081 1096 1166 1095,1064 175 1007 163 176 127 1014 279 281 1019 1066 1031 1002 179 1015 180 137 158 1006 118 173 177 1045 274 1001 1003 1038 172 1012
100,8,1107 1023 1152 161 1118 1095 1099 114 1002 1087 281 1132 1186 1022 1170 1068 1053 180 1016 1043 1051 1060 1216 171 1048 1076 1013 170 1064 1081 1054 1156 1027 1134 1006 177 1079 1003 1100 1035 1038 1139 1085 1151 1028 1032 175 173 1018 1045 1031 1062 1145 1098 1070 1001 113 1052 1042 1046 278 1086 1154 1131 1050 1021 1166 1069 1015 1113 1123 1137 1140 346 174 167 1065 1089 1014 172 1066 1146 279 1091 1094 1075 125 118 1110 1138 137 127 1012 1264 1163 1025 1033 1008 1128 163,1002 281 1068 180 1016 170 1064 1006 177 1003 1038 175 173 1018 1045 1031 1001 278 1015 346 174 1014 172 1066 279 1075 125 118 137 127 1012 1128 163
100,9,1118 1103 163 177 118 1154 174 126 1069 1161 1100 1099 1021 171 175 1035 1018 1051 1027 1025 179 1023 1130 1006 1013 1050 1095 113 1034 1170 1146 1042 1076 1081 1002 1264 1012 280 1166 1186 1011 1033 30 173 125 1094 1085 1096 1216 1038 127 172 274 1046 1124 1015 1075 176 1019 1097 1101 1043 1086 158 1152 281 1138 167 1031 1045 180 76 1178 1087 170 1065 1007 161 1134 1215 114 1163 1048 1079 1091 1068 278 1125 1061 1001 1145 1132 1221 1123 1014 1032 1060 279 1151 346,163 177 118 174 175 1018 179 1006 1002 1012 280 1011 173 125 1038 127 172 274 1015 1075 176 1019 158 281 1031 1045 180 170 1007 1068 278 1001 1014 279 346
100,10,1031 1131 1166 1032 1186 1123 76 1034 173 278 1128 1030 1132 1035 174 1015 1062 1154 180 1146 1087 170 1125 1079 346 1003 126 1110 1163 118 1108 1134 1137 1054 1050 171 113 1156 1089 1066 1096 1139 172 125 1097 1021 1061 1013 1002 1103 1022 1264 1161 1053 1101 1100 1076 1160 1027 1008 1043 1068 280 175 114 1018 177 1098 176 274 1001 1138 167 1081 1025 1075 1113 1014 1051 1145 1033 1049 1178 1020 1065 1012 1118 30 1023 1086 279 1046 1221 1091 1095 281 1059 1190 1038 1052,1031 173 278 1128 174 1015 180 170 346 1003 118 1066 172 125 1002 1068 280 175 1018 177 176 274 1001 1075 1014 1012 279 281 1038
100,11,1023 167 1091 163 1101 30 1152 173 1085 1103 274 1170 176 1118 1015 346 1003 118 1076 1046 1128 161 1134 1186 1107 1163 1095 1113 278 1020 1065 1125 1264 177 1075 1028 1048 281 1049 179 1166 1050 1081 1062 1110 126 1178 1096 1053 1032 1145 1035 1002 1221 1013 137 1059 1027 1108 1140 1054 1006 1019 1089 158 1100 1052 170 280 1146 175 1154 1064 1124 1151 1161 1022 1068 1087 1123 1097 180 171 1190 1135 1138 1066 1215 1137 1069 1060 1070 1044 1021 172 1045 1001 1094 1008 1099,163 173 274 176 1015 346 1003 118 1128 278 177 1075 281 179 1002 137 1006 1019 158 170 280 175 1064 1068 180 1066 172 1045 1001
100,12,1044 278 177 1003 1118 1013 1034 114 1048 1059 1050 1062 1216 1130 1110 175 1008 1021 1069 180 1011 1076 1032 1166 1061 1107 1042 176 1264 1186 1027 1135 1215 1054 1108 1094 126 1030 125 1151 1001 1137 1221 1007 1031 1190 118 1068 1163 1156 1022 1138 280 1132 1065 161 1085 113 1161 1099 279 1100 1066 1134 163 172 1123 1064 1086 1046 167 170 1131 1060 1018 1070 1012 1045 1035 1101 1087 1160 1081 281 1020 1154 1139 158 137 1145 1140 1028 1113 1096 1170 1002 1038 1023 1053 1079,278 177 1003 175 180 1011 176 125 1001 1007 1031 118 1068 280 279 1066 163 172 1064 170 1018 1012 1045 281 158 137 1002 1038
100,13,1048 1099 1051 174 1043 1125 1178 1001 1264 1032 1094 161 1098 1151 76 1154 1086 1044 113 1068 1137 1215 1138 1160 1065 1011 279 1035 280 1018 1134 1038 1069 1062 1042 1033 1049 172 170 1066 1152 1076 1054 1003 180 125 1161 1007 1186 1166 1140 1059 1146 177 114 1075 1079 127 1118 346 167 1034 1023 1139 1103 1132 1060 1107 30 278 1091 1221 176 1022 1014 1131 1053 1027 1108 1190 1124 158 1089 1113 175 1019 137 1128 151 1012 1110 1031 1096 1002 179 1170 1006 1081 1045 274,174 1001 1068 1011 279 280 1018 1038 172 170 1066 1003 180 125 1007 177 1075 127 346 278 176 1014 158 175 1019 137 1128 1012 1031 1002 179 1006 1045 274
100,14,1137 1087 1160 1050 1118 1145 1125 1094 1081 158 1166 1108 1086 1059 180 1085 1060 126 1161 1033 30 175 1013 1075 1043 127 125 1046 113 1031 176 1140 1054 1128 1020 1131 1012 118 1023 1032 1103 1038 1101 151 1098 1216 1027 1048 1215 278 1154 1156 1045 1008 281 173 1030 1100 1152 1018 1178 1113 1186 1096 1065 137 1146 1053 1034 171 1089 1015 1003 1001 1123 1124 1076 1051 76 1044 163 177 1264 1190 170 1007 1107 174 1099 1135 1110 179 1014 1070 1095 1025 1138 1139 1062 1132,158 180 175 1075 127 125 1031 176 1128 1012 118 1038 278 1045 281 173 1018 137 1015 1003 1001 163 177 170 1007 174 179 1014
100,15,167 1025 1123 1061 113 1016 1027 1079 1018 1013 1146 114 1221 1101 127 1137 1190 1099 176 278 1186 170 1038 180 1110 158 1081 1152 1002 1140 1064 30 179 1008 1053 1001 1059 1103 1135 1132 1045 1216 1035 1087 1019 1050 1031 1048 1124 1051 1044 1011 1046 346 1075 1145 1091 1170 1065 161 1128 1100 1108 1034 1003 126 1098 1134 1139 1096 1006 1049 1007 1043 1033 1130 1028 1118 1086 1166 1161 1094 172 1066 1151 1178 1023 76 137 1070 175 118 1095 1060 1012 173 1163 1020 1030 125,1016 1018 127 176 278 170 1038 180 158 1002 1064 179 1001 1045 1019 1031 1011 346 1075 1128 1003 1006 1007 172 1066 137 175 118 1012 173 125
100,16,125 1043 1154 1045 113 1099 177 1081 126 173 1035 1028 1098 171 278 118 1134 127 1089 1054 1137 1062 1033 1146 1032 1096 151 1186 1061 1008 1070 30 346 1085 1059 281 1094 1021 1135 1013 1018 167 1139 1031 1101 1025 174 1042 163 1156 1190 114 137 1103 1125 1178 1145 1086 1027 274 1152 1140 1108 1038 1007 1053 1012 1030 1166 1023 1097 1170 279 1014 1068 1034 1065 1064 1002 1095 1110 1124 1151 1003 172 1051 1060 1221 1076 1107 1046 1123 1216 1044 179 1130 1052 175 1015 1075,125 1045 177 173 278 118 127 346 281 1018 1031 174 163 137 274 1038 1007 1012 279 1014 1068 1064 1002 1003 172 179 175 1015 1075
100,17,113 1085 1131 1108 1110 1069 1076 1060 1075 1160 1166 1100 1042 281 125 1033 1216 1095 1049 1007 171 1081 173 346 1156 279 1170 1154 1163 1015 175 176 1001 137 1186 1097 1089 1130 126 1079 1019 1031 1061 1086 274 1027 1096 1054 1124 1045 151 1006 1101 1132 158 1094 1048 1103 278 161 1128 1059 1066 1012 1146 1107 1065 174 1138 1053 1035 1018 1050 163 1062 177 1135 1002 1190 1044 1264 1091 1098 1087 280 1052 1021 170 1152 1003 1134 1151 1064 1113 167 127 1016 1014 1221 1068,1075 281 125 1007 173 346 279 1015 175 176 1001 137 1019 1031 274 1045 1006 158 278 1128 1066 1012 174 1018 163 177 1002 280 170 1003 1064 127 1016 1014 1068
100,18,1094 1048 1140 1064 1107 1069 125 118 1087 1046 1045 175 1011 1134 113 1034 1020 1186 1190 1152 158 1124 346 1091 1060 1019 126 1096 1068 1146 1101 1043 281 1053 1008 1099 1178 170 1128 1061 1100 1170 76 174 1131 274 1130 1160 1012 1166 1138 1031 1066 1014 167 1139 1051 1013 180 1216 1049 1215 171 1145 1161 1089 1081 280 30 1001 278 114 1062 1023 1163 1221 1032 1137 1042 1022 179 137 173 151 1156 1113 1002 279 1085 1075 1118 1016 1033 1025 1108 1059 1154 1006 1125 1098,1064 125 118 1045 175 1011 158 346 1019 1068 281 170 1128 174 274 1012 1031 1066 1014 180 280 1001 278 179 137 173 1002 279 1075 1016 1006
100,19,1101 346 1170 1186 30 1066 1006 1064 1070 167 1264 1166 1123 1052 170 1100 1062 1015 1160 1079 173 1221 1027 1007 1089 1059 1060 279 1110 1076 1099 1108 1130 1048 113 1085 1145 125 1156 1021 1163 1118 1091 1137 1103 1095 179 1135 1124 1075 1154 1128 1038 175 1008 1011 1139 1081 1216 161 1215 1013 1053 1018 1002 1050 1131 281 126 1151 1043 1033 1125 1065 1049 1161 158 1034 1035 114 278 76 1140 1146 1178 1051 1097 1061 274 118 1028 1014 1045 1023 1190 1098 1042 1019 1030 1134,346 1066 1006 1064 170 1015 173 1007 279 125 179 1075 1128 1038 175 1011 1018 1002 281 158 278 274 118 1014 1045 1019
100,20,171 1069 1019 172 126 279 1081 1215 1130 1001 176 1128 1132 1013 1054 1087 1089 1075 1170 1003 1221 161 1052 114 1110 1099 1085 1011 1043 1154 1178 1101 1059 167 30 127 1049 1124 346 1152 1051 1135 1070 163 179 151 1042 1146 1034 1002 1076 1053 1079 1137 1097 174 1151 175 177 274 1012 118 1030 1008 1066 280 1028 1098 170 1094 125 1033 1125 1145 1065 1032 281 278 137 1264 1156 1107 1091 1064 76 1138 1021 1048 1022 1103 1113 1096 1134 1139 1014 1020 1163 1161 1023 1166,1019 172 279 1001 176 1128 1075 1003 1011 127 346 163 179 1002 174 175 177 274 1012 118 1066 280 170 125 281 278 137 1064 1014
100,21,1089 1013 1034 1094 1139 1021 1069 158 1216 1096 171 1140 1103 1097 1068 1130 280 1085 1075 30 1160 1163 137 1066 1053 127 1011 1098 1002 1156 1215 1018 1086 1079 1023 170 1107 173 1161 177 1076 1154 1016 1132 1087 278 1060 1008 163 1049 126 1113 175 1128 1035 1118 1061 1059 1044 1125 179 1178 1033 1137 1031 1054 281 1045 1131 180 1046 113 1099 1038 1166 167 1001 1022 1123 176 1030 1221 1151 1020 1124 1108 1007 1145 1052 1134 274 1070 1152 1006 1012 1095 1019 1110 172 1051,158 1068 280 1075 137 1066 127 1011 1002 1018 170 173 177 1016 278 163 175 1128 179 1031 281 1045 180 1038 1001 176 1007 274 1006 1012 1019 172
100,22,137 76 1064 1069 1215 1146 1020 1139 1001 1019 281 1044 1011 1123 1140 1038 1021 1062 1013 125 1134 1059 1132 1061 1007 1103 113 1086 1023 172 278 180 1163 1087 1046 1022 1034 1070 1008 1099 1012 173 1014 1018 1052 1027 1060 1156 1075 1031 1049 1032 1033 1051 1124 1006 1131 279 167 114 1178 176 1138 170 1028 1085 1170 1098 346 177 1151 1003 1030 1137 1221 1100 1125 30 174 126 1081 1135 1101 1048 1043 127 1068 1050 280 1035 1042 175 1264 1154 1108 1094 1076 1054 1091 118,137 1064 1001 1019 281 1011 1038 125 1007 172 278 180 1012 173 1014 1018 1075 1031 1006 279 176 170 346 177 1003 174 127 1068 280 175 118
100,23,163 151 1163 170 1086 1087 1034 1096 1131 1054 1094 280 1068 161 173 1028 1135 1128 1123 1003 1081 171 1099 1085 1066 1065 118 1100 1139 1107 1098 1095 1178 1151 179 1221 1075 1016 1051 1166 1124 1215 175 1190 279 278 1048 1008 1103 30 1138 125 1018 1014 180 1015 1001 158 1061 1022 1134 1079 1035 126 1161 1027 1118 1101 1132 1032 1110 1145 1069 176 1046 1170 174 1125 1076 1186 281 1146 1152 1140 1216 1108 1130 1050 1113 177 1264 1030 1064 1013 1070 127 1062 1038 1091 1006,163 170 280 1068 173 1128 1003 1066 118 179 1075 1016 175 279 278 125 1018 1014 180 1015 1001 158 176 174 281 177 1064 127 1038 1006
100,24,177 1137 1062 1033 1012 1086 1014 1264 172 1011 1118 1139 1070 1065 1008 1152 1138 1054 1044 1034 126 1186 114 176 1023 1132 137 1160 1089 1161 1128 1091 151 1021 1135 1020 1025 1075 1006 1079 179 1059 1140 1007 1051 1151 1076 1095 1030 158 1016 1043 274 1110 1113 1069 1081 1028 1018 1052 1064 1107 1163 1216 1003 1001 1125 1048 1097 1103 1002 170 1045 1013 1156 174 125 1032 1066 1166 30 1061 1146 1015 1154 280 161 278 1099 1022 1098 1096 1087 175 1170 1053 167 173 1027 1035,177 1012 1014 172 1011 176 137 1128 1075 1006 179 1007 158 1016 274 1018 1064 1003 1001 1002 170 1045 174 125 1066 1015 280 278 175 173
100,25,1044 1086 1043 1020 177 1151 1160 1002 1019 1053 278 1124 1022 1125 1128 1134 126 1097 1152 172 1003 125 174 1028 1011 1008 158 175 1139 1007 1085 1060 1087 1006 114 1064 127 30 1089 1069 1061 1031 1178 1025 1091 1123 1050 1062 76 1096 1081 1054 1027 1034 1023 161 171 1076 1068 1138 1146 1051 281 1099 1103 1170 1098 1049 1110 280 1100 1038 1013 1046 1021 1215 1166 167 1140 1016 1132 151 1070 1065 1264 1221 1035 1145 1018 1130 1079 1048 1030 1108 1186 274 1042 1118 1052 1066,177 1002 1019 278 1128 172 1003 125 174 1011 158 175 1007 1006 1064 127 1031 1068 281 280 1038 1016 1018 274 1066
100,26,1014 1170 1087 274 1023 167 180 1022 1008 281 1065 1154 1098 1128 1050 1097 1086 1045 158 177 1015 1021 1100 1160 1011 1264 1054 1110 125 1035 151 1033 1094 170 1215 1079 279 1137 1044 1107 1012 1032 1161 1166 1146 1124 1019 172 1051 1068 1096 1064 1186 1002 1091 1132 1007 1013 1025 1042 1062 1043 1031 1028 163 30 1140 1108 1178 1135 1113 1081 1076 1103 1156 1018 1020 171 1125 1190 1095 126 1089 1052 1152 76 176 1006 1131 1216 1038 174 175 1060 1046 1123 118 280 137 1027,1014 274 180 281 1128 1045 158 177 1015 1011 125 170 279 1012 1019 172 1068 1064 1002 1007 1031 163 1018 176 1006 1038 174 175 118 280 137
100,27,1163 1151 1069 1190 1075 1046 1110 1108 1023 1094 1025 163 1048 1042 1054 114 1134 1052 1034 1021 346 1095 1016 1140 175 1097 172 1113 137 1156 1221 1152 1137 1011 1125 158 1076 1015 1118 1132 1045 1002 170 1035 1051 1145 126 1053 1103 1001 1091 1160 1215 1216 176 1131 1032 1086 1161 174 1027 1033 1128 125 113 1096 1060 1018 180 278 76 173 274 1044 1170 1139 177 1070 1028 1107 1064 1006 1062 30 1081 1020 1007 1059 1066 1154 1068 1178 161 1087 1085 1049 1101 1135 280 1022,1075 163 346 1016 175 172 137 1011 158 1015 1045 1002 170 1001 176 174 1128 125 1018 180 278 173 274 177 1064 1006 1007 1066 1068 280
100,28,1091 1178 1033 1035 170 1087 1060 1003 279 1138 1215 114 1089 127 161 278 1019 1006 1094 1016 1002 1061 1022 1028 346 1085 76 1014 172 1046 1146 1012 176 173 1140 1062 1001 113 1011 1048 167 1152 1098 1135 1103 1050 1221 1154 1008 1216 171 1170 1069 1031 1064 1038 1113 1070 1051 1076 274 1042 280 1052 1131 1059 126 1023 1118 1151 1030 151 174 1123 1124 1095 1163 1049 1110 1125 137 180 1132 1130 1032 1044 1034 1021 1097 1068 1186 1137 1020 1264 1134 1065 1018 175 163 1081,170 1003 279 127 278 1019 1006 1016 1002 346 1014 172 1012 176 173 1001 1011 1031 1064 1038 274 280 174 137 180 1068 1018 175 163
100,29,1091 1135 1123 1049 1215 279 1145 180 1087 175 1161 1059 1216 1012 280 1097 1118 1178 1001 1081 125 1124 1013 1006 1137 1052 1022 1099 1003 1125 1064 1069 113 1034 1060 1154 161 1190 1070 1016 172 1138 173 137 176 1018 1044 1096 1160 278 1085 1101 1076 1046 163 1030 1110 1140 167 174 1050 1023 1042 1048 1113 114 1043 1131 1062 1139 1134 274 1011 1038 171 1075 1151 1100 1152 177 1002 1170 1065 179 1166 1031 1156 1027 1028 1019 1128 1094 1054 1032 1015 1186 1007 1098 1021 1108,279 180 175 1012 280 1001 125 1006 1003 1064 1016 172 173 137 176 1018 278 163 174 274 1011 1038 1075 177 1002 179 1031 1019 1128 1015 1007
100,30,1064 1160 1044 1186 1130 1152 1123 1033 1139 1132 126 1089 1065 125 172 1028 1118 1015 1001 1025 114 1034 1110 170 1002 171 1087 1170 1045 151 1059 1099 1018 1013 158 279 1094 1042 1081 176 280 113 1060 118 1095 1007 1003 1023 1156 1008 1100 1043 1035 346 1021 1161 1216 175 1098 161 1049 1163 1134 174 1166 1125 1053 274 127 1107 1103 1051 1154 1069 1066 1178 1027 1131 1012 1221 1022 1050 1085 1068 281 179 1124 1108 1079 1135 1032 1091 1052 1011 1070 1097 1190 30 1137 1019,1064 125 172 1015 1001 170 1002 1045 1018 158 279 176 280 118 1007 1003 346 175 174 274 127 1066 1012 1068 281 179 1011 1019
100,31,126 1086 1033 167 1016 1186 1123 1018 1062 1001 1103 1038 278 1096 1137 1146 1097 1054 1128 1190 1031 1002 1118 1053 1042 1107 30 1032 1264 1075 1095 171 113 1046 1135 1085 1035 118 1066 1060 1023 1132 1051 163 1048 161 151 1094 1076 279 1020 1134 175 1030 1216 180 1152 1091 280 1124 281 114 274 1087 1013 173 1064 1027 1021 1161 1008 1028 1170 1081 1015 1166 1050 1108 1044 1019 346 1043 1151 1089 125 1145 1068 1059 1139 177 1006 1099 1012 1125 176 1003 137 1163 1061 1160,1016 1018 1001 1038 278 1128 1031 1002 1075 118 1066 163 279 175 180 280 281 274 173 1064 1015 1019 346 125 1068 177 1006 1012 176 1003 137
100,32,118 1012 1048 1018 1030 1190 1035 1050 1140 1032 161 1028 1170 1103 1134 1065 1108 1089 174 158 1064 1021 1054 1216 1131 177 280 1003 1154 1101 1163 1014 1096 1075 171 1156 1061 1130 1023 167 1015 1146 163 1068 346 1132 1043 1095 1066 1049 137 173 1138 1052 1087 1081 1107 1033 1020 180 113 1264 114 281 1031 1011 1079 175 1001 172 1025 76 1046 125 1070 1076 1135 1137 1086 1059 1016 1161 1124 1085 279 1186 1128 1022 1152 1069 1094 1008 1053 1013 1019 274 151 126 1044 1060,118 1012 1018 174 158 1064 177 280 1003 1014 1075 1015 163 1068 346 1066 137 173 180 281 1031 1011 175 1001 172 125 1016 279 1128 1019 274
100,33,127 279 1059 1032 1128 76 1190 176 1034 1016 1033 1110 1044 1018 173 1023 281 1064 1079 1101 1045 161 1025 1154 1052 278 1019 1123 1013 1216 1145 1012 163 1002 1085 1006 1108 167 1027 1130 137 1050 1011 1007 1061 1038 1264 1151 114 1053 118 1051 177 30 1095 175 1062 280 1048 1135 1097 158 1221 1060 1125 1030 1137 1028 174 1001 1107 1020 1100 1015 1065 1098 1008 1086 274 1091 171 1042 1066 1124 1046 113 1161 1081 346 125 1166 1215 180 1087 1076 1094 1156 1160 1068 1031,127 279 1128 176 1016 1018 173 281 1064 1045 278 1019 1012 163 1002 1006 137 1011 1007 1038 118 177 175 280 158 174 1001 1015 274 1066 346 125 180 1068 1031
100,34,1096 173 177 1221 1046 1118 1001 1125 1131 1042 281 1015 1091 1066 280 1103 114 1075 1085 1186 1014 126 279 1064 1044 1020 1008 1130 1032 1190 76 1160 1089 180 167 278 151 1086 1069 1045 158 1050 1065 1107 1163 1051 1216 346 137 1098 1099 1094 1034 1079 125 1137 1108 1002 1025 1018 1003 170 1161 1062 1110 1215 1060 1061 1123 1154 113 1048 1038 1011 1170 1101 1043 179 1151 1135 1156 1138 1081 1053 1076 1264 1028 1033 1019 1132 1113 1059 1027 1095 1023 1178 1054 1134 127 1124,173 177 1001 281 1015 1066 280 1075 1014 279 1064 180 278 1045 158 346 137 125 1002 1018 1003 170 1038 1011 179 1019 127
100,35,161 1154 170 1178 118 1061 1140 1134 76 280 1053 1031 1006 1190 1060 1098 1146 127 1151 274 1099 1030 1038 1139 1103 1021 1018 1025 1015 1043 1014 1186 1059 175 279 172 171 1054 1011 1215 30 1087 1137 1052 1075 1101 1046 1130 1035 1131 1113 1081 125 179 1042 1012 1108 1123 1001 1156 1068 1016 137 1032 151 1069 1096 1064 1163 1100 167 126 1152 1076 1160 1091 1070 1013 1145 1135 1028 1110 1132 1019 114 1107 1007 1128 113 1033 346 1020 1166 1264 1050 1051 174 1125 1095 1216,170 118 280 1031 1006 127 274 1038 1018 1015 1014 175 279 172 1011 1075 125 179 1012 1001 1068 1016 137 1064 1019 1007 1128 346 174
100,36,1033 113 1022 125 1154 114 1091 1151 118 1099 1166 1128 1013 1066 1054 1032 1156 167 280 346 1131 1018 1125 1085 1001 1048 170 1190 1069 151 1027 1087 1086 1062 1107 1221 1124 1161 173 1145 1170 171 1146 1216 1007 1042 1079 1043 172 1003 1123 174 1052 279 127 1011 1163 1061 126 1034 1130 1068 161 281 1012 1016 1100 177 1046 1264 274 1064 1051 1031 1076 1050 179 1139 1140 175 1053 137 1118 1089 1138 1038 1006 158 1095 1178 1160 180 1020 1019 1015 1137 1025 1152 1045 1110,125 118 1128 1066 280 346 1018 1001 170 173 1007 172 1003 174 279 127 1011 1068 281 1012 1016 177 274 1064 1031 179 175 137 1038 1006 158 180 1019 1015 1045
100,37,1062 1015 1156 1163 1043 1108 1045 1044 1049 1060 177 1216 1019 1178 1008 1118 1011 1091 76 1130 1018 161 1086 1033 1140 125 1152 171 176 1064 126 1034 1003 1221 1030 1190 1166 1027 173 1051 1081 1006 1132 1170 1021 1068 1023 1007 1002 30 1101 279 151 1048 1013 1061 1110 1032 1094 1031 1186 1054 1085 1022 1020 1125 1035 1107 170 180 1100 1087 1028 172 1128 1124 174 1264 1134 1016 118 137 1001 1012 1146 1042 1135 1046 1097 1065 346 113 1079 1069 1113 175 1075 1145 274 127,1015 1045 177 1019 1011 1018 125 176 1064 1003 173 1006 1068 1007 1002 279 1031 170 180 172 1128 174 1016 118 137 1001 1012 346 175 1075 274 127
100,38,1134 114 346 1089 1131 1101 1137 1028 1098 1135 1061 125 1091 1031 137 1069 1001 280 1070 1099 1016 1097 118 1140 278 1051 1049 1018 1118 1032 30 1186 1100 1043 1087 1046 1095 1163 170 279 1216 158 1094 1170 172 1156 1060 1003 1145 1062 1020 1027 1022 113 163 151 1023 1152 1221 173 1161 1138 1139 1154 1045 1019 1113 1064 1178 1002 1014 171 1011 1059 1048 1025 1085 1076 1125 1068 1044 1166 1006 1021 1042 1151 167 1190 161 1008 1066 179 1007 1035 1053 1103 174 1033 177 1015,346 125 1031 137 1001 280 1016 118 278 1018 170 279 158 172 1003 163 173 1045 1019 1064 1002 1014 1011 1068 1006 1066 179 1007 174 177 1015
100,39,1094 1060 1151 1145 1113 1027 1132 1101 1160 1186 1044 1075 1221 1139 1020 174 1030 1161 1043 126 278 1091 1018 280 76 1038 179 173 1103 167 30 1128 1100 1215 279 1137 1154 163 114 1011 1170 1023 1042 1001 1163 1110 1051 1065 113 1125 1098 1097 1061 125 1053 1033 1118 1032 1034 1046 1025 1068 1156 151 1152 1059 1076 172 1130 1081 161 158 1022 1019 1013 1135 1123 1048 177 118 1054 1166 1070 1062 1089 1107 1028 1085 1124 1178 1099 137 1052 1002 1190 274 1134 1069 1008 1096,1075 174 278 1018 280 1038 179 173 1128 279 163 1011 1001 125 1068 172 158 1019 177 118 137 1002 274
100,40,1069 281 1059 1070 1046 1154 280 1170 1128 1081 1035 30 1052 1018 1062 1130 1007 1163 1011 1023 1132 1100 1103 1094 279 179 172 1085 1190 161 1113 1087 1012 1028 1060 127 177 1095 1216 274 1101 1138 1131 76 1065 1061 1032 1064 1001 278 1019 1068 126 1110 1140 1137 137 1145 1135 173 1215 1016 1030 176 1151 1002 1134 1086 1066 125 1089 1034 1178 1015 1033 118 1013 1264 1097 1108 1075 1160 158 1003 1156 1044 1022 1096 1091 1079 114 1053 1118 1123 1166 1186 1050 1076 113 1051,281 280 1128 1018 1007 1011 279 179 172 1012 127 177 274 1064 1001 278 1019 1068 137 173 1016 176 1002 1066 125 1015 118 1075 158 1003
100,41,1027 1043 1089 1030 1178 1076 1032 1033 1028 1031 1087 173 1101 1216 1006 1097 279 274 1021 1085 1001 1070 1132 171 1053 114 30 1016 280 174 175 1086 1124 177 1035 1003 1161 1123 1128 1022 1065 1091 1049 158 1134 1052 1002 1186 1068 1215 1060 1019 1062 1163 76 1156 1013 1154 1125 346 281 170 1110 113 137 1137 1103 1113 1038 1131 1061 1135 1007 125 1139 1066 278 1034 180 161 1145 1042 1146 1130 1099 1166 1025 1051 1059 1015 1160 1012 1098 1190 1107 1023 1094 127 1069 1118,1031 173 1006 279 274 1001 1016 280 174 175 177 1003 1128 158 1002 1068 1019 346 281 170 137 1038 1007 125 1066 278 180 1015 1012 127
100,42,1068 1156 179 1053 1107 1062 1089 30 1130 158 1125 1013 1061 163 1160 1170 1128 1022 137 1048 1138 1123 176 1043 1049 1163 173 1098 1108 1118 1042 114 1099 1076 1151 1033 1032 1085 1097 127 1081 1140 118 278 1101 1046 113 1064 170 1052 1028 1023 1095 1137 1166 1045 1131 1216 1113 1011 1019 1038 1103 1178 1035 1051 1034 1021 346 171 1003 1161 1215 1139 1154 1186 1124 1070 1264 1018 1044 1065 1069 167 1100 1221 1025 1079 281 1001 1110 1050 1066 1134 1054 76 1007 175 1091 1086,1068 179 158 163 1128 137 176 173 127 118 278 1064 170 1045 1011 1019 1038 346 1003 1018 281 1001 1066 1007 175
100,43,1030 170 177 1135 1178 1160 1107 1091 1099 1050 179 1151 1137 158 1013 1032 1101 1020 114 1103 1023 167 1170 1028 1124 1043 1128 1025 1152 76 1006 274 1052 1044 1051 1132 1138 171 125 1042 1069 1070 1019 1139 1014 1163 1096 1100 1075 163 126 118 1054 1035 1125 1031 346 1048 1027 1215 280 1156 1130 1007 1038 1145 1011 173 1190 1053 161 1064 1095 1140 1186 1045 1015 1001 1060 1134 1065 1021 1087 1154 1033 180 1061 1022 1123 1012 279 1161 1146 1110 1094 1008 1079 1046 1049 1216,170 177 179 158 1128 1006 274 125 1019 1014 1075 163 118 1031 346 280 1007 1038 1011 173 1064 1045 1015 1001 180 1012 279
100,44,1068 1033 1049 170 1053 1123 1135 161 127 278 1021 175 1086 114 30 1075 172 1166 1054 1079 76 1264 346 1022 1139 1003 1178 1170 1085 113 1050 1100 1095 177 1019 1081 1128 1091 1070 1160 125 171 1035 1006 167 1007 1099 1018 1014 174 1161 1131 1103 1015 1154 1107 1048 1137 1011 1042 179 1186 1034 1027 1028 1066 1098 1096 180 1044 281 1089 1087 1132 1152 1221 1134 1051 126 1038 1108 1059 1140 1124 1101 137 280 158 1008 1097 1064 1001 1025 1118 1043 279 1032 176 1076 1060,1068 170 127 278 175 1075 172 346 1003 177 1019 1128 125 1006 1007 1018 1014 174 1015 1011 179 1066 180 281 1038 137 280 158 1064 1001 279 176
100,45,151 1075 1170 1027 1025 1128 1038 177 175 158 1139 1089 1095 1032 1099 1152 126 1091 137 1049 1145 1100 1002 1140 161 1046 280 1190 172 1110 1161 1107 1065 1033 1051 1113 1103 1028 114 76 1108 1013 1034 1124 1048 1050 1154 174 1064 346 1031 1160 176 1042 1023 163 125 1043 1125 1068 30 1061 1131 1045 113 1062 127 1101 1016 180 1006 167 1022 1003 1135 1030 1021 1097 1011 1012 1221 1081 1019 1151 173 1076 1098 1123 1094 1137 1054 1020 1079 1069 1070 1186 1053 171 1044 1156,1075 1128 1038 177 175 158 137 1002 280 172 174 1064 346 1031 176 163 125 1068 1045 127 1016 180 1006 1003 1011 1012 1019 173
100,46,1034 1019 1018 1012 1098 30 1087 1146 1030 1028 161 174 1054 1096 179 1031 1134 274 1048 1110 1099 1042 127 1070 1075 1094 114 278 1130 1016 1160 1137 1095 1044 170 1081 1190 1006 1107 1020 151 1053 1132 126 1216 1156 1052 1015 1065 1100 1025 1032 1113 1140 1059 76 1014 1091 1069 1011 1135 1108 118 1002 1103 1131 1123 1035 280 1013 1062 125 137 1264 1001 1066 1139 346 1049 1118 1085 279 1145 113 1076 1221 1050 175 1064 1003 1125 1138 1027 1186 1128 1163 1061 1021 167 163,1019 1018 1012 174 179 1031 274 127 1075 278 1016 170 1006 1015 1014 1011 118 1002 280 125 137 1001 1066 346 279 175 1064 1003 1128 163
100,47,1135 1052 161 1018 1186 1033 1087 1108 179 1016 1140 1216 1025 1101 1062 1163 1028 137 1069 1023 171 1076 1100 279 175 1264 274 1139 1053 1099 1110 126 1035 1030 1221 1068 1151 125 1156 1061 1079 114 1059 118 1042 1019 1097 1132 1170 158 1043 278 1160 1107 1123 1012 1006 174 1022 1008 1020 1013 1128 1048 1066 1113 1131 1049 176 1098 167 1095 1091 1038 1070 127 346 1118 1081 1215 1103 1134 1051 1064 163 1065 1089 30 1086 1146 1094 1034 1003 1001 281 1130 1014 1060 1045 1085,1018 179 1016 137 279 175 274 1068 125 118 1019 158 278 1012 1006 174 1128 1066 176 1038 127 346 1064 163 1003 1001 281 1014 1045
100,48,125 1030 1032 1085 1161 1186 1099 1006 1097 127 1094 1064 137 1089 1131 1012 1221 1061 170 1156 1128 1132 1049 1059 1038 1123 126 1042 1045 161 118 1035 1021 114 1025 1044 76 1048 1015 1100 1034 1050 151 1140 1002 1135 1146 1139 1101 1096 174 1130 1053 1215 274 171 1060 1016 1065 1051 113 1052 1124 172 1098 278 1095 1023 1046 1170 1134 346 1003 1163 1110 1166 1190 1018 179 1043 1070 1216 1014 1087 1033 1001 1107 1138 1062 1068 1028 1079 1103 175 1113 163 1020 279 1007 1160,125 1006 127 1064 137 1012 170 1128 1038 1045 118 1015 1002 174 274 1016 172 278 346 1003 1018 179 1014 1001 1068 175 163 279 1007
100,49,1091 1154 179 1186 1089 1032 1081 1065 1064 1095 274 1019 1124 1151 1163 1051 1011 171 1113 1068 1216 1066 1020 1046 280 1028 1139 30 76 161 177 1006 1018 346 1044 180 1170 1098 167 1007 1096 113 1025 1079 175 170 1221 1003 1140 1100 1145 1054 151 1110 172 1030 1076 1049 1022 1190 1059 1085 1101 126 1099 1131 125 1062 1061 1130 173 114 1146 1012 1023 1156 1135 1161 1038 1152 1103 1137 1264 1016 1134 1027 1053 1107 1052 1001 1070 1118 1138 176 1160 1086 1166 1050 1002 1033,179 1064 274 1019 1011 1068 1066 280 177 1006 1018 346 180 1007 175 170 1003 172 125 173 1012 1038 1016 1001 176 1002
100,50,1076 172 1061 1075 1108 1048 1128 1062 1103 179 1042 1113 180 118 1160 1013 1045 1190 173 1015 1139 1038 30 1163 113 177 1091 1060 1018 1264 76 1054 151 1161 1008 1146 1035 114 1156 175 1065 1070 1130 1019 1023 280 1022 171 163 161 279 126 1066 1046 1125 125 1138 127 1043 1002 278 176 1007 1110 1011 1081 1097 1051 1053 1186 1101 1028 1123 1059 1025 1089 274 1107 1145 1012 174 1003 1027 1131 1064 1034 1006 1050 1166 1215 1087 1085 1134 1095 1118 1135 1086 1052 1014 158,172 1075 1128 179 180 118 1045 173 1015 1038 177 1018 175 1019 280 163 279 1066 125 127 1002 278 176 1007 1011 274 1012 174 1003 1064 1006 1014 158
100,51,1118 1019 1113 1069 280 1264 126 1020 1091 1132 1061 1134 161 113 1038 1075 1215 1097 1030 1110 1221 1031 1042 1008 114 1068 1065 1023 125 1151 1101 1053 1216 151 1033 1140 1043 1002 1152 346 1007 177 1059 1178 1123 1027 1034 274 1103 1011 174 163 1021 1066 1124 1003 158 1051 1045 1125 1081 1137 1107 1035 1094 278 1154 1099 1135 1013 1076 1064 1190 1139 118 167 281 1048 1015 180 1032 1085 127 171 1131 176 137 1050 1060 175 1096 1145 1138 30 1054 1163 76 1095 179 1100,1019 280 1038 1075 1031 1068 125 1002 346 1007 177 274 1011 174 163 1066 1003 158 1045 278 1064 118 281 1015 180 127 176 137 175 179
100,52,1135 1264 1103 1100 179 281 1046 1190 1045 1051 1027 1003 1054 180 1110 278 1089 1068 1059 1166 1081 1014 1134 1011 280 1060 1030 114 1186 1032 1107 1049 173 1128 1048 1099 177 1108 1101 172 1064 1091 1098 1025 1156 76 118 1002 1021 1151 1145 1006 1154 1062 1031 1130 1152 1033 1075 1178 1146 1118 1013 1221 1053 126 1001 1137 137 1018 1079 1163 1052 1215 158 127 1086 176 30 1012 1216 1096 279 1066 1170 167 1097 113 274 1085 1015 1094 175 1038 1022 1125 1028 1023 161 1043,179 281 1045 1003 180 278 1068 1014 1011 280 173 1128 177 172 1064 118 1002 1006 1031 1075 1001 137 1018 158 127 176 1012 279 1066 274 1015 175 1038
100,53,1139 158 1007 1156 126 1107 1062 346 1069 1076 1135 1110 1060 1048 30 1166 1015 177 137 170 1087 1050 1046 1008 1108 1030 1027 1016 279 114 1019 174 1216 1100 167 1178 1113 1014 1051 1045 1091 125 173 1049 1031 1059 1001 1118 1161 1086 1038 1028 1094 1146 1186 1125 161 1097 1096 1152 1032 1081 1052 1054 278 1018 1002 1215 1134 1022 1035 1098 1023 179 1101 281 1124 1163 1154 1033 1145 1044 1006 127 1013 176 1065 1151 1128 1138 1075 1131 1064 113 1190 1085 1025 180 1123 1061,158 1007 346 1015 177 137 170 1016 279 1019 174 1014 1045 125 173 1031 1001 1038 278 1018 1002 179 281 1006 127 176 1128 1075 1064 180
100,54,1031 1081 1002 161 1096 1046 174 1098 163 1094 1034 180 1060 1166 1008 1015 170 1021 1022 1069 158 1160 1134 167 274 1099 171 278 1101 1151 1152 1163 1087 1038 1065 1091 1042 1066 1140 1076 1019 1107 279 137 1049 1068 1139 1003 1100 1118 151 1050 1145 127 1186 1095 172 1221 1215 1018 177 1035 1044 1138 1170 1135 1264 173 1156 1032 1054 118 1161 175 76 1216 1110 1131 1045 1130 1025 1030 1048 1086 1053 1062 1051 1001 346 1020 1052 1113 1033 126 1178 1059 1070 179 1023 1124,1031 1002 174 163 180 1015 170 158 274 278 1038 1066 1019 279 137 1068 1003 127 172 1018 177 173 118 175 1045 1001 346 179
100,55,1008 1125 127 1060 1019 1089 1070 167 1043 1016 1064 1013 175 1160 1145 125 1022 1062 1113 179 1135 1131 1178 1107 1042 1186 1161 1044 1015 1216 1138 1151 163 1170 1035 173 176 1156 1050 1097 274 1003 1046 1139 1110 114 1061 1081 1045 1099 1163 1094 1221 1140 180 1079 1020 1054 1103 1002 1018 1052 1190 1059 1038 1091 1096 1146 113 1264 161 1049 151 1086 1098 76 1134 1152 1066 1076 1068 1053 1001 1014 1095 1069 1065 1011 177 1027 278 1030 1075 1021 1154 281 279 1130 1085 1048,127 1019 1016 1064 175 125 179 1015 163 173 176 274 1003 1045 180 1002 1018 1038 1066 1068 1001 1014 1011 177 278 1075 281 279
100,56,1190 175 114 167 1107 177 1096 1002 280 1052 1125 1086 1079 1013 1060 1019 1018 1065 1131 1025 125 1061 180 1051 1134 1137 1032 1016 1031 1064 1034 1186 1264 1146 1038 1008 1221 1124 1139 163 1094 158 1030 30 1135 1044 1097 1132 1128 179 1050 176 274 171 1007 1170 278 1042 137 1151 1059 1070 1027 1110 76 127 1145 1053 1014 151 1152 1161 1048 1011 1023 1215 1015 174 1138 161 1163 1054 1043 1003 281 1028 170 1154 1178 1099 113 1140 1091 1103 1098 1095 1035 1033 1081 1075,175 177 1002 280 1019 1018 125 180 1016 1031 1064 1038 163 158 1128 179 176 274 1007 278 137 127 1014 1011 1015 174 1003 281 170 1075
100,57,30 137 1216 1091 1101 1035 1038 1018 1145 1025 1140 1103 1085 1110 161 1146 1139 1178 1061 1031 1094 174 1008 1264 1135 1124 1001 176 1020 114 280 1076 127 1034 1022 1042 1048 1186 1128 1044 1013 278 1003 1068 274 1050 1064 1015 1023 279 1006 175 1107 76 346 1028 1190 167 1161 1156 1049 1086 1154 1032 1007 1221 1097 180 1113 1132 1123 1125 1070 1069 1027 1095 1096 1053 163 1163 1098 1215 1002 1052 1108 1170 1099 1043 1012 1087 125 1075 126 113 1021 1014 1033 1081 1066 118,137 1038 1018 1031 174 1001 176 280 127 1128 278 1003 1068 274 1064 1015 279 1006 175 346 1007 180 163 1002 1012 125 1075 1014 1066 118
100,58,1132 126 1140 1016 1145 173 1103 1134 1125 1128 1066 174 1101 278 1023 1085 1079 171 180 1190 1113 1087 1154 1065 1170 1014 1099 280 1038 1124 177 1051 1139 1118 1137 1069 1008 1031 274 1022 1086 1011 118 1098 158 1025 1068 1264 1178 1123 1186 1015 1030 1064 137 1045 1006 1070 125 1108 1043 1049 1097 1013 1012 1042 1060 30 1044 161 1166 1163 1032 1054 1027 279 175 1130 163 1215 1094 113 1019 1028 1110 1107 1053 1046 114 151 1002 1035 1221 1034 1050 1062 1076 1138 1216 1059,1016 173 1128 1066 174 278 180 1014 280 1038 177 1031 274 1011 118 158 1068 1015 1064 137 1045 1006 125 1012 279 175 163 1019 1002
100,59,1045 114 1054 1049 1031 151 1118 1001 1161 274 1131 1139 125 173 1095 1020 1163 1027 1023 1028 1085 1132 180 1190 1021 1044 176 1070 1030 1043 1062 1264 171 1065 1154 1156 1012 1068 1087 1042 113 1186 1019 1007 1015 1089 1098 1003 1140 1152 1135 1130 1096 1099 1069 1008 281 1086 1060 1216 1178 1061 1125 163 1051 1081 1066 167 1059 280 1079 1107 1046 278 1048 1138 1022 1113 1221 1018 1110 1075 172 126 118 161 1215 158 175 1038 137 1094 1033 1032 1064 1013 1025 174 177 1076,1045 1031 1001 274 125 173 180 176 1012 1068 1019 1007 1015 1003 281 163 1066 280 278 1018 1075 172 118 158 175 1038 137 1064 174 177
100,60,1146 1028 278 280 281 1050 1163 1032 172 1140 1027 1135 1215 1264 1052 1033 1101 1008 1079 279 137 1049 1145 1003 1054 1160 1035 1089 1038 1098 1131 177 1221 30 1015 1019 1025 274 1154 1021 1060 1065 118 151 1130 346 125 161 127 1023 1178 1020 1081 1124 1097 1012 1107 1075 1022 114 170 1118 1085 76 1190 1100 1152 1186 1030 1006 1170 1062 1156 1053 167 1216 1069 1002 1138 1064 1070 1095 1066 1068 1076 1161 1166 1001 1061 1125 1134 1087 1139 1011 1007 126 1051 179 180 173,278 280 281 172 279 137 1003 1038 177 1015 1019 274 118 346 125 127 1012 1075 170 1006 1002 1064 1066 1068 1001 1011 1007 179 180 173
100,61,1035 1097 1060 1043 113 1098 175 1151 1107 1028 1138 167 125 1008 174 1095 1053 118 1101 1038 1031 1045 1178 1216 179 1118 126 1170 1094 278 1086 127 1065 1064 1146 1032 1007 1096 1027 1030 1139 1128 151 1022 1103 177 161 1161 281 1012 163 280 1066 1087 1100 1003 1046 1085 1006 1135 1062 1070 1019 1152 1014 1011 1013 1186 170 1091 1018 1049 1163 1042 1061 1054 1215 171 1050 158 1051 1123 1059 1002 1154 1110 30 1068 76 1025 1023 1190 1137 1108 1131 1166 1033 1132 1125 1079,175 125 174 118 1038 1031 1045 179 278 127 1064 1007 1128 177 281 1012 163 280 1066 1003 1006 1019 1014 1011 170 1018 158 1002 1068
100,62,1033 1152 1019 180 167 1003 274 1006 1054 1013 1110 1123 1002 163 1030 1070 1118 1025 1011 1216 1089 1163 1095 280 1131 1086 1016 1124 1145 170 278 1146 1081 1166 1076 1125 1001 281 1075 1161 1032 1186 1087 1049 1138 1135 1064 1107 171 1098 1043 172 279 1160 1042 158 1190 1023 1100 1048 346 1151 137 1018 1101 1060 179 1132 1108 1012 175 1134 1085 30 177 1221 114 1061 1091 176 1068 1062 1034 1027 1156 126 1264 1137 1128 1051 1044 161 1079 174 1099 1059 1045 1046 1020 125,1019 180 1003 274 1006 1002 163 1011 280 1016 170 278 1001 281 1075 1064 172 279 158 346 137 1018 179 1012 175 177 176 1068 1128 174 1045 125
100,63,170 113 1138 1151 1095 1043 1068 346 1131 158 1087 1132 1118 1030 274 1100 1012 1035 171 1107 1125 1013 179 1163 161 76 137 1027 125 1014 1221 1146 1066 1053 1097 177 1064 1015 1166 1154 118 1060 279 1038 280 176 1161 126 1045 1099 1089 167 1059 1135 1007 1094 1098 1050 1046 1091 1020 1145 1137 1264 1033 30 174 1128 172 1170 281 1023 1019 1216 1044 1139 1051 114 1186 1042 1016 1003 1011 1069 1062 1006 1110 1052 1031 1002 1108 1096 151 1075 1081 1124 1103 1034 1032 278,170 1068 346 158 274 1012 179 137 125 1014 1066 177 1064 1015 118 279 1038 280 176 1045 1007 174 1128 172 281 1019 1016 1003 1011 1006 1031 1002 1075 278
100,64,158 1070 1031 1051 1086 1046 1089 1091 137 1128 127 1027 1152 1125 179 1101 1137 1138 1022 1002 1003 177 274 1103 1044 1075 1178 1132 280 1048 1085 1059 1028 1100 1096 1035 1140 1107 1016 1221 173 1118 1094 1161 161 113 1190 1216 1045 163 1008 1146 1023 167 151 1052 171 76 1131 1139 1015 1163 1021 1108 1097 1007 1087 1025 1061 1113 118 1065 1068 1069 176 180 1013 170 1130 1054 1001 1011 1018 1160 1043 1066 1060 1012 1030 278 1034 346 1151 1062 1135 1053 1145 1186 1079 1215,158 1031 137 1128 127 179 1002 1003 177 274 1075 280 1016 173 1045 163 1015 1007 118 1068 176 180 170 1001 1011 1018 1066 1012 278 346
100,65,1160 1085 161 1154 1016 1108 1079 1096 1186 1103 280 1042 151 1166 1170 1101 1012 1118 1054 113 1146 1019 1094 1098 1152 137 346 1020 172 274 1064 1014 1156 1135 1070 1163 1032 176 1043 1025 1130 1052 170 1081 1100 1061 1086 1099 1075 1066 1062 125 1216 1003 1031 1033 1051 1023 1221 1011 1113 1095 127 1190 1035 1001 1015 1034 278 1139 30 1007 1131 1161 174 1044 1030 114 1068 1178 1215 173 177 1050 1140 1028 1065 1087 171 1089 1107 1124 1123 1128 279 1076 1132 118 1138 1021,1016 280 1012 1019 137 346 172 274 1064 1014 176 170 1075 1066 125 1003 1031 1011 127 1001 1015 278 1007 174 1068 173 177 1128 279 118
100,66,1166 1043 1014 1151 1101 1060 1023 30 172 170 137 280 1007 1070 158 1046 173 1044 274 1030 1008 177 1085 161 1132 1012 1032 1079 1086 1019 1131 1062 1002 179 167 1069 1053 1091 1160 1061 176 1215 1128 1051 1100 1154 1163 1016 1139 1089 180 114 279 1140 171 1038 1045 1059 126 281 1130 1076 1099 1138 1123 1264 1003 127 1110 1103 1145 1013 163 151 278 1028 1064 1042 1035 1018 1066 1048 1094 1022 1118 1020 1006 1025 1134 1098 1186 175 1033 1096 1178 1146 76 1001 1054 1135,1014 172 170 137 280 1007 158 173 274 177 1012 1019 1002 179 176 1128 1016 180 279 1038 1045 281 1003 127 163 278 1064 1018 1066 1006 175 1001
100,67,1190 1178 1170 1061 127 1140 175 1103 1022 113 1264 1130 1043 1062 1160 30 1012 151 167 1101 172 1064 1025 1108 1137 137 1045 171 118 1023 1014 1076 1019 1048 1046 1124 1008 1007 1163 1113 1002 1066 161 114 1075 1132 1028 1096 1100 1135 1221 174 1094 1042 1146 1034 1098 1151 1097 1020 1016 1018 1118 280 177 1081 1215 173 1053 126 1070 1001 1099 1038 1125 1216 176 179 1032 1186 1059 1054 1015 1131 1006 1079 1128 1087 1154 1091 180 1011 1110 1156 1049 1134 1089 274 1152 158,127 175 1012 172 1064 137 1045 118 1014 1019 1007 1002 1066 1075 174 1016 1018 280 177 173 1001 1038 176 179 1015 1006 1128 180 1011 274 158
100,68,1264 1013 1043 1151 174 1139 127 76 1042 1070 170 1125 1123 1130 1086 1178 1054 1124 1049 1050 1145 281 1053 1051 1034 1131 1022 171 1215 1052 1154 172 1138 1069 1065 1008 1108 1132 1089 1094 1221 126 1107 137 1118 175 1161 1031 1007 1075 1015 1023 1156 1020 1066 1137 1011 1060 1113 1038 1021 1166 1035 1032 274 1216 1100 151 1030 113 1025 1016 1170 1062 1076 1103 1018 1097 1012 1095 118 1128 179 1081 1190 346 1002 1059 30 1146 1068 1135 1101 1045 1152 280 1098 163 278 161,174 127 170 281 172 137 175 1031 1007 1075 1015 1066 1011 1038 274 1016 1018 1012 118 1128 179 346 1002 1068 1045 280 163 278
100,69,1190 1096 174 1028 172 1011 1043 1027 1186 137 1264 1081 30 167 1125 1137 1034 1038 1023 1076 1134 1060 179 126 278 113 170 1110 1095 1146 1145 1128 1048 1042 1016 1079 114 1014 1094 76 180 1130 1178 125 1019 1152 1089 1006 1051 1020 1070 1018 1118 171 1015 175 1003 1086 1061 1107 163 1054 1053 118 1075 1100 1101 1131 1069 1099 1064 151 1030 281 1166 274 158 1216 1050 1059 1021 1032 1045 1068 1097 1033 1156 173 1113 176 1163 177 279 1035 1066 1215 1140 1138 1001 1161,174 172 1011 137 1038 179 278 170 1128 1016 1014 180 125 1019 1006 1018 1015 175 1003 163 118 1075 1064 281 274 158 1045 1068 173 176 177 279 1066 1001
100,70,1059 170 1103 1130 1166 172 1019 1068 1014 1065 1052 173 1215 177 1145 1022 1190 1079 1086 1032 1178 1053 1161 1030 1064 1034 1087 1061 158 1050 1091 1098 1025 1001 1002 1076 1013 30 174 281 126 125 1045 1020 167 1156 1101 279 1118 1023 1139 1008 1125 1137 1007 1110 1216 1043 118 1015 171 1131 1060 1124 1096 1003 1033 1138 1154 1128 1160 176 1027 1012 1035 113 163 1170 1042 1095 1006 175 1135 76 127 1018 1163 1051 180 1107 1044 1151 1146 1089 1038 1049 114 1132 274 1028,170 172 1019 1068 1014 173 177 1064 158 1001 1002 174 281 125 1045 279 1007 118 1015 1003 1128 176 1012 163 1006 175 127 1018 180 1038 274
100,71,1043 1151 1124 1060 279 1062 1096 174 1137 1002 1125 1042 1178 1007 1161 1108 1054 1132 127 1019 114 1075 1027 1045 171 1152 1095 1011 281 1003 1076 1061 1135 1081 1154 1145 1065 1046 1163 1021 118 1053 1044 1110 1052 125 1030 278 1131 1025 1048 1128 1023 1087 1022 1050 177 1064 1094 172 76 1020 161 1049 126 1113 1066 167 1035 274 1138 176 1032 1170 173 1031 137 1034 1018 158 163 180 1069 1028 170 1156 1098 179 1123 1091 1099 1190 1160 1068 1033 1146 1101 1134 1086 1089,279 174 1002 1007 127 1019 1075 1045 1011 281 1003 118 125 278 1128 177 1064 172 1066 274 176 173 1031 137 1018 158 163 180 170 179 1068
100,72,1052 1062 1053 1054 1050 1042 1118 1045 1085 1060 1049 163 1051 171 1044 1137 1163 1134 1043 1107 180 1096 1064 1070 1101 1008 1007 1021 278 1154 76 1095 125 1028 1264 1006 1031 1048 1156 1128 170 1019 1018 1110 1022 158 1215 1139 1034 1069 1166 1081 1059 1016 1130 1152 1003 280 1161 1221 279 161 274 1011 1002 1094 1125 1012 167 1135 1027 1113 126 1038 127 1151 1138 1076 1099 173 177 1123 281 151 1131 1001 1190 1186 1108 1160 1075 1079 175 30 1170 1178 1068 1098 1066 1132,1045 163 180 1064 1007 278 125 1006 1031 1128 170 1019 1018 158 1016 1003 280 279 274 1011 1002 1012 1038 127 173 177 281 1001 1075 175 1068 1066
100,73,1190 1020 1095 1033 1103 127 76 179 1048 1097 274 1107 1035 1075 113 1079 1178 1052 1186 126 1076 1007 1215 1140 1216 1154 173 175 1081 1059 1044 1085 137 279 1064 174 1051 1099 1163 1013 1110 1021 1042 1123 1061 1046 1094 1070 1101 1060 1137 158 180 1089 1025 1015 167 171 1006 1221 1045 346 1124 176 1132 1098 1125 1002 1152 1108 1146 1128 1138 114 161 1049 1012 1264 1032 278 1062 1087 1113 1134 1096 151 1031 280 1053 1166 1028 1135 1050 1027 1011 1130 281 1019 1003 1069,127 179 274 1075 1007 173 175 137 279 1064 174 158 180 1015 1006 1045 346 176 1002 1128 1012 278 1031 280 1011 281 1019 1003
100,74,114 1043 1025 1021 1170 1054 1046 1003 1048 1076 1059 1032 1049 1060 1216 1221 1016 1023 1089 1125 126 1085 1264 177 1178 1135 125 1138 173 1118 1091 1030 279 1086 346 1018 1070 1011 1065 1027 1033 1079 1101 274 1137 171 1008 170 1161 1013 1113 1166 1050 1098 1163 1053 1094 1097 174 127 180 1140 1015 158 1061 161 1028 280 1014 176 1034 1107 1066 1031 1128 278 1154 281 1095 1075 1123 1146 30 175 1052 1152 1044 1007 1035 1006 1103 172 1002 1186 1145 1022 1130 113 151 1215,1003 1016 177 125 173 279 346 1018 1011 274 170 174 127 180 1015 158 280 1014 176 1066 1031 1128 278 281 1075 175 1007 1006 172 1002
100,75,1076 1062 1032 274 1100 1094 171 1027 1021 1108 177 161 1113 179 1048 1087 1140 1054 1070 1018 114 180 1152 1216 279 1124 1011 30 1035 1131 1161 1118 1053 278 137 1264 173 1145 1015 1097 1190 1007 151 1050 281 76 1085 1135 1012 1096 1130 1025 1103 1008 1014 125 1065 163 1139 1215 1107 1079 1125 1061 1132 1160 167 1001 1030 1002 1069 1134 1060 1091 1045 1146 1046 1059 1051 126 175 1178 1023 1151 1081 170 1099 1052 1186 113 1013 346 1038 1064 127 280 1031 1034 1089 1163,274 177 179 1018 180 279 1011 278 137 173 1015 1007 281 1012 1014 125 163 1001 1002 1045 175 170 346 1038 1064 127 280 1031
100,76,1015 1130 1138 1048 1054 1170 1128 176 1059 1118 1190 281 1013 1135 137 1100 163 1131 151 1081 180 1103 1049 1124 1178 274 1068 1069 1007 1038 1025 1034 1166 1045 1014 1018 1043 1044 1027 1046 1160 1094 279 1023 114 1163 1089 177 1031 1087 1022 1032 76 1264 1050 167 1095 1123 171 127 1152 1021 1035 1064 1033 1098 280 1012 1215 1132 1154 1099 1051 118 1066 1003 1008 175 1139 1097 172 1113 1125 1140 1070 1085 1110 173 174 1216 1076 1161 30 1151 346 1062 1019 1101 1042 1091,1015 1128 176 281 137 163 180 274 1068 1007 1038 1045 1014 1018 279 177 1031 127 1064 280 1012 118 1066 1003 175 172 173 174 346 1019
100,77,1051 1069 1138 1070 1108 1099 1124 1052 1030 1012 174 127 1059 1013 1050 278 1068 1045 1027 1097 114 177 1081 1137 1100 1060 1015 1002 1054 1163 1064 167 1152 175 1079 1011 1003 1131 1075 151 1101 1094 158 1006 1151 1216 1046 1156 1145 1161 1020 1044 1132 1022 1091 1053 1166 1154 1160 1103 274 1021 1023 1146 1048 1019 1215 1028 1042 1076 346 1035 1125 161 1186 163 1032 1034 1170 1110 1135 281 176 1062 1086 1134 1025 1095 1087 1049 1107 1038 1033 1096 1140 1001 1113 179 126 280,1012 174 127 278 1068 1045 177 1015 1002 1064 175 1011 1003 1075 158 1006 274 1019 346 163 281 176 1038 1001 179 280
100,78,1098 1085 1091 274 137 1186 1051 1107 1123 113 1021 1031 281 1046 161 1137 1163 1044 1087 1052 172 170 1099 1264 158 1145 1068 1139 127 1020 1025 1138 1001 30 1069 174 1076 1128 1135 1060 278 346 279 167 171 1108 1019 1170 1061 1062 1027 1054 1034 1110 1022 1053 1146 1160 1043 114 1014 1050 1045 1118 1113 1097 1178 1066 1007 163 1030 1008 1103 1035 1081 1132 177 1096 1086 1023 1101 179 1012 1089 1028 1049 1216 1154 1016 125 1002 1131 151 1011 1075 180 126 1095 1161 1152,274 137 1031 281 172 170 158 1068 127 1001 174 1128 278 346 279 1019 1014 1045 1066 1007 163 177 179 1012 1016 125 1002 1011 1075 180
100,79,1107 279 1008 1089 1170 1101 118 1028 1013 1098 1051 1060 1085 1025 30 1001 1031 1046 1151 1066 1156 1137 1020 127 1014 1035 1161 1140 1064 274 1166 1019 1052 1138 171 1124 114 1125 1264 1059 1131 175 1163 161 1091 1178 1015 174 1113 1186 1030 1160 1103 179 1006 278 1002 1043 1110 177 126 1032 1145 1022 1130 1045 1154 1044 1108 1135 1003 1069 1118 1215 1123 1062 137 1099 1049 1097 113 173 1034 151 1007 1146 1070 170 1021 1033 1086 1087 1152 281 1053 125 1081 167 1068 1128,279 118 1001 1031 1066 127 1014 1064 274 1019 175 1015 174 179 1006 278 1002 177 1045 1003 137 173 1007 170 281 125 1068 1128
100,80,346 1016 274 1068 1013 1107 1140 1099 1069 125 1137 179 1007 1108 1051 170 1085 76 1103 1139 30 1075 1134 114 278 1163 1138 1014 1020 1060 1100 1031 1098 1086 1059 1021 1062 1019 1065 1160 1081 1186 1216 180 1002 1008 1066 1156 1125 1011 1110 158 1045 1027 1151 1050 1076 171 127 177 1215 126 1095 167 1128 118 1012 151 1044 1035 1091 163 1061 1154 1097 1030 173 1033 280 1038 1118 137 1135 1094 281 113 1006 1131 1064 1087 1018 1034 176 1003 174 1113 175 1053 1101 1015,346 1016 274 1068 125 179 1007 170 1075 278 1014 1031 1019 180 1002 1066 1011 158 1045 127 177 1128 118 1012 163 173 280 1038 137 281 1006 1064 1018 176 1003 174 175 1015
100,81,1145 1016 279 1025 1123 137 1007 180 1065 1160 1066 118 1003 1103 346 1215 173 1095 1118 1166 1163 1139 1014 1070 1152 1087 1079 1186 1013 1128 151 170 1081 1134 1043 1012 1035 1069 1085 1049 1027 1048 172 1030 158 1021 1002 280 1125 1044 1045 1054 1001 167 1131 1011 1137 1086 1028 1154 1178 1059 1097 113 1170 1094 1151 278 1156 177 1089 1146 1015 161 171 1138 1032 1264 1099 176 1140 125 274 1190 76 175 1135 1031 1033 1098 1008 1050 1051 1042 1113 163 179 1221 1046 1091,1016 279 137 1007 180 1066 118 1003 346 173 1014 1128 170 1012 172 158 1002 280 1045 1001 1011 278 177 1015 176 125 274 175 1031 163 179
100,82,1053 1066 1059 1161 1101 1145 1163 76 1069 1091 167 1049 1062 1031 151 171 1060 1096 1079 1118 1034 1156 1002 1099 1007 1016 1089 1215 1098 161 1042 1086 1124 114 1068 1100 1021 1140 279 173 1051 1052 1081 1095 1154 1050 113 175 1028 30 1044 1035 1046 1123 1125 1070 1064 1003 1015 1019 1113 1022 1097 1018 127 170 1013 1032 1134 346 174 1085 1043 126 1011 1128 1027 1190 137 1048 1025 1008 1132 1146 1006 163 1160 1216 176 125 1110 1087 280 1138 1166 172 1152 1014 1108 1139,1066 1031 1002 1007 1016 1068 279 173 175 1064 1003 1015 1019 1018 127 170 346 174 1011 1128 137 1006 163 176 125 280 172 1014
100,83,175 1137 1033 1123 1107 1032 177 1038 174 1166 1087 1096 1131 1221 1108 1052 1130 1060 1054 1094 279 161 1081 1022 1043 1186 1028 171 1015 1020 1151 1061 1051 167 180 1049 1023 172 1118 1046 179 30 1132 1134 158 1091 1140 173 1163 280 1031 1062 114 1013 346 1154 1095 1215 1065 76 1264 1011 1075 281 1027 137 1016 1070 1012 1076 1099 1085 1138 176 1050 118 113 1042 1160 1069 1178 1103 1068 1002 1008 151 1034 1139 1044 1089 1053 1125 125 1003 163 1135 1097 1128 1014 1113,175 177 1038 174 279 1015 180 172 179 158 173 280 1031 346 1011 1075 281 137 1016 1012 176 118 1068 1002 125 1003 163 1128 1014
100,84,1099 173 1098 1131 1033 1161 113 1139 1035 1101 278 137 1152 1170 1094 1034 172 125 1163 1124 1060 1079 1061 1108 1154 1097 1215 1151 1166 1042 1086 1038 114 127 175 280 1137 180 1221 1046 1113 1007 118 1027 1190 1134 1001 1025 1125 1032 1135 1008 1006 167 171 1140 1091 1110 1145 1014 1089 1030 1003 30 1081 176 1053 161 1118 1264 1045 1043 1064 1059 1069 1128 1044 151 1023 1186 1049 1138 163 1076 1021 177 1096 1216 346 174 1002 1130 1050 274 1016 1103 1068 1062 1013 179,173 278 137 172 125 1038 127 175 280 180 1007 118 1001 1006 1014 1003 176 1045 1064 1128 163 177 346 174 1002 274 1016 1068 179
100,85,1038 1128 1138 1021 1033 1124 1151 1186 1044 167 1118 1061 113 1100 177 174 1160 1110 1178 1012 1007 180 1049 1020 1131 170 1097 1108 1146 173 1027 1154 126 1008 158 1163 118 163 1264 1087 1046 1042 1216 1013 125 76 1156 1101 1123 1135 1054 1076 281 1028 1052 151 1034 175 1006 1134 1025 1166 1022 1030 1060 1015 176 279 127 1145 1098 1161 1094 171 1215 1091 1069 278 1035 1003 172 1099 1103 1125 1137 179 1075 161 1014 274 1190 1068 1086 1001 1113 114 1170 1152 1011 346,1038 1128 177 174 1012 1007 180 170 173 158 118 163 125 281 175 1006 1015 176 279 127 278 1003 172 179 1075 1014 274 1068 1001 1011 346
100,86,1012 1035 1028 1020 1049 176 1140 1096 1264 1097 1163 114 1086 177 158 1125 1054 1059 1053 1025 118 1002 1113 171 1046 1007 1103 1186 1166 1075 1108 346 1052 76 1138 279 1043 1152 1139 1132 180 1135 167 1081 1006 1110 1064 173 163 281 113 1048 1101 179 1018 127 1033 1146 1215 172 1008 1050 1154 1099 1107 1178 126 1013 1094 1156 1124 1065 1061 1038 1015 1190 274 1051 1160 1079 1034 151 1131 1128 1161 1100 161 1001 1045 1221 1134 278 1216 1044 1091 1021 1014 1062 1145 1030,1012 176 177 158 118 1002 1007 1075 346 279 180 1006 1064 173 163 281 179 1018 127 172 1038 1015 274 1128 1001 1045 278 1014
100,87,1079 1075 1051 1045 1154 1002 1043 1100 174 1190 1123 1215 1068 1027 1139 1007 179 1110 1098 1140 1008 1145 346 176 1113 1061 1118 1125 1053 1096 1138 1022 113 1085 1011 1046 278 1015 1178 1065 1070 1019 1001 1170 1099 1050 114 1028 118 1166 1130 167 1107 1012 1035 1054 1020 1160 180 161 30 1221 1131 1135 1042 171 1095 1006 158 1030 151 1097 1033 1066 1146 1059 1076 279 1108 1264 1134 125 175 280 1132 1161 1023 1216 1089 137 1151 1087 1186 1128 1016 76 173 1101 1137 1124,1075 1045 1002 174 1068 1007 179 346 176 1011 278 1015 1019 1001 118 1012 180 1006 158 1066 279 125 175 280 137 1128 1016 173
100,88,1264 167 1028 1089 1221 1107 1032 1068 1015 1022 1027 1070 1002 1034 176 1095 126 1061 171 151 1103 1060 1137 1007 1160 137 1038 1108 1190 172 1051 1128 1216 1099 1134 76 1011 163 1064 1086 280 1081 1096 1124 1014 1031 1044 1054 1138 1156 30 1052 180 118 1161 1021 179 274 1030 1019 1110 114 1098 1025 1125 1085 1043 1130 1215 1186 1066 1045 1163 1048 173 1018 127 1069 174 1178 1152 1008 1049 175 1139 1075 170 1050 1012 1042 1118 1087 161 1146 113 278 1065 1154 346 1131,1068 1015 1002 176 1007 137 1038 172 1128 1011 163 1064 280 1014 1031 180 118 179 274 1019 1066 1045 173 1018 127 174 175 1075 170 1012 278 346
100,89,1038 281 1049 180 1014 1002 118 125 1100 1020 1054 1215 171 1028 1186 1099 1068 1160 1042 1060 167 1094 174 1034 1135 1003 1053 1161 158 137 1087 1008 1154 1033 126 1086 1061 1022 1052 1221 1140 1118 1139 278 177 1101 1031 1146 1075 274 1098 113 1123 1124 1065 173 1145 1019 346 1134 1045 1046 1013 1130 1156 151 1163 1095 1137 1125 1027 170 1043 161 1178 1107 1015 1216 76 1170 179 1035 1062 1048 1006 1032 1064 1050 1023 279 176 1069 1076 1016 1132 1012 30 1007 1079 1113,1038 281 180 1014 1002 118 125 1068 174 1003 158 137 278 177 1031 1075 274 173 1019 346 1045 170 1015 179 1006 1064 279 176 1016 1012 1007
100,90,1014 1166 1096 1011 1038 1019 1042 1018 1095 1086 1027 1107 1151 1140 1113 1062 1137 1135 1163 1146 1022 1075 1035 1156 1076 1125 171 118 175 1124 1161 174 1087 1049 1186 113 346 1178 1145 179 1034 180 30 1216 1132 1134 1013 1170 1081 172 1031 1052 1128 1064 1054 177 1110 1046 1048 278 1152 1091 1028 279 274 1098 137 1007 1154 1050 170 1033 280 76 1045 151 1094 1003 1130 1051 173 1264 1215 1061 1221 1068 1060 1160 1101 1059 1006 1079 1016 114 176 1103 1100 1139 1001 1123,1014 1011 1038 1019 1018 1075 118 175 174 346 179 180 172 1031 1128 1064 177 278 279 274 137 1007 170 280 1045 1003 173 1068 1006 1016 176 1001
100,91,1118 1016 1011 278 1161 1086 1034 176 1186 1190 174 118 125 1019 1152 1103 1107 170 1052 1006 1068 1030 1012 1221 30 113 1156 1135 177 114 1033 1170 1128 1178 1123 1099 1079 175 167 1018 1095 1028 1062 280 1007 1051 127 1014 1160 1140 1049 1045 1132 1087 1146 179 173 1008 1076 1003 1069 1081 1023 1053 1089 161 1043 171 151 1050 1022 1085 1061 1038 1145 163 1151 1094 1048 1264 1035 1044 1027 172 126 1125 1054 1015 1031 137 1163 1042 1002 1059 1100 1131 1097 1020 1025 1032,1016 1011 278 176 174 118 125 1019 170 1006 1068 1012 177 1128 175 1018 280 1007 127 1014 1045 179 173 1003 1038 163 172 1015 1031 137 1002
100,92,274 1140 1128 1052 1031 1050 1035 1089 1138 151 1065 1081 179 1123 1015 1011 1160 1137 1044 1054 1135 1019 125 173 1061 1130 1186 1118 281 1094 1068 1025 1070 1033 1051 1125 1087 1016 1108 1170 1018 1049 1178 176 1027 1131 1086 1021 127 1007 1264 1008 1053 1006 1085 1107 278 163 1139 1059 1060 1032 1146 1046 1124 180 114 1014 1095 172 1154 1062 1113 1100 1028 1076 113 30 1079 1020 280 1003 1064 175 1145 1069 1099 279 171 1002 1215 1091 1045 137 118 76 1042 1152 1022 1075,274 1128 1031 179 1015 1011 1019 125 173 281 1068 1016 1018 176 127 1007 1006 278 163 180 1014 172 280 1003 1064 175 279 1002 1045 137 118 1075
100,93,127 176 1015 346 1087 1075 1085 1079 1025 1163 1138 1012 1128 173 1099 1146 1043 125 1051 30 179 1103 1046 1059 76 1096 1065 1140 1264 170 1123 1135 1054 1137 1069 1125 1053 1014 1178 1018 1166 1062 1108 279 1113 177 180 1031 1101 1154 1045 1019 1008 1100 1124 1030 1042 1170 167 1086 126 1016 1052 1110 1132 1044 280 1035 1066 1048 1139 1107 1091 1097 1161 1002 1190 1130 1011 158 1145 1095 161 278 118 1033 1068 1156 1134 114 1060 174 1023 1215 1070 1186 1032 137 1027 1007,127 176 1015 346 1075 1012 1128 173 125 179 170 1014 1018 279 177 180 1031 1045 1019 1016 280 1066 1002 1011 158 278 118 1068 174 137 1007
120,0,1161 1027 1145 1128 1160 174 1087 1221 1023 151 1081 1034 1216 1054 1015 1046 281 1154 1151 1123 1085 1065 1166 125 1103 114 1043 1051 1079 1030 1156 1178 1013 1032 118 1007 278 1016 1019 1048 1060 1131 167 176 1100 1021 279 1097 1125 113 1011 1190 1101 76 1118 1044 137 127 158 346 274 1152 1001 1099 1033 1134 1132 1140 1064 1061 171 1062 30 1035 1139 1089 172 1107 1049 179 1038 1146 1050 1028 1138 1113 1008 1170 1076 1096 1006 1091 1059 1110 1086 161 177 173 1108 170 1003 1045 1053 1068 1014 1094 1163 1070 1012 1066 1052 280 175 1095 1022 1124 1025 126 1020 1069,1128 174 1015 281 125 118 1007 278 1016 1019 176 279 1011 137 127 158 346 274 1001 1064 172 179 1038 1006 177 173 170 1003 1045 1068 1014 1012 1066 280 175
120,1,1154 1156 127 1028 1015 280 1052 1033 1014 1042 1103 1108 126 1124 1011 179 1099 1050 173 1110 1107 1146 274 1215 1018 1048 1151 1160 1221 76 114 1134 158 1170 1051 1076 1022 346 1062 1097 1118 1091 1013 1138 1139 30 1161 1190 1131 1008 1096 161 118 1163 1145 1128 1043 1166 151 1098 1027 180 1034 125 1065 1130 177 1094 1054 1135 1125 281 1081 1001 1019 1101 1095 1046 176 1023 1070 1066 170 174 1038 279 1075 1030 1006 1035 1061 1100 1068 1086 1140 1186 1045 1079 1064 137 1021 1020 1025 1059 1087 1152 113 1007 1085 1053 1012 1137 1060 1003 278 171 1031 172 163 1069,127 1015 280 1014 1011 179 173 274 1018 158 346 118 1128 180 125 177 281 1001 1019 176 1066 170 174 1038 279 1075 1006 1068 1045 1064 137 1007 1012 1003 278 1031 172 163
120,2,1086 175 1160 1123 278 1033 1125 1099 1069 279 1007 1097 1137 1130 1091 1044 1027 170 173 1110 1264 1221 1020 1061 1045 1043 1060 1049 171 1146 127 1108 1216 1015 1190 174 1215 1059 161 1085 1054 137 1064 1048 163 1001 1089 1018 125 126 1135 1166 1038 1131 1075 1103 1145 1152 1066 1008 1012 1021 76 1022 1113 177 1028 1025 118 1014 1011 1081 1023 1096 30 1134 1030 113 1101 1161 1019 1032 1016 280 1095 167 1042 1050 1163 1094 1100 1052 1062 158 1076 1065 1140 180 1031 1002 1178 281 1139 274 1035 1138 179 114 176 1156 1132 1003 172 1124 1128 1154 1006 1053 1170 1087,175 278 279 1007 170 173 1045 127 1015 174 137 1064 163 1001 1018 125 1038 1075 1066 1012 177 118 1014 1011 1019 1016 280 158 180 1031 1002 281 274 179 176 1003 172 1128 1006
120,3,1123 346 1028 1091 161 1034 1086 1186 1048 1130 1152 1138 158 1125 1190 1081 1018 1008 1095 1110 114 274 137 177 1216 126 179 1163 1113 1170 1049 1051 1096 1001 1178 1145 1059 1045 1050 1061 1154 1013 1161 1027 76 174 1146 1030 1089 1002 1053 1087 167 1118 1060 1128 151 1035 1064 1012 281 30 1007 1160 1043 1103 1135 1124 1020 1166 118 1068 1156 1006 1140 176 1065 1137 1075 1264 1139 1023 175 1031 1025 1046 1132 1100 1151 280 1021 1054 1032 278 1070 1101 1079 1019 171 1108 1014 1134 1107 1069 1066 1094 1085 1003 1044 1038 1098 172 1011 1016 1076 1131 163 180 1042 173,346 158 1018 274 137 177 179 1001 1045 174 1002 1128 1064 1012 281 1007 118 1068 1006 176 1075 175 1031 280 278 1019 1014 1066 1003 1038 172 1011 1016 163 180 173
120,4,1018 176 1006 1091 1098 1003 1059 114 1128 180 1101 1014 1190 1007 1156 1264 1137 1100 1096 1108 1130 1062 177 1001 161 1028 346 1186 1089 1060 1113 1139 151 1079 281 167 1016 1023 1131 279 137 1051 1013 1015 76 1107 158 1053 179 170 118 1140 173 1154 1061 1160 278 1044 1170 1066 1097 1161 1099 1178 1027 1085 1049 1086 1020 1221 1138 1151 1042 1050 1011 1025 1094 171 1043 1124 1002 172 1076 1048 1134 30 113 1081 1145 1032 163 1070 1135 1132 1069 1030 1021 1163 175 1019 125 1064 1095 1118 280 1110 1035 1123 1052 1008 1033 1046 1022 1034 1146 1068 1125 1054 126 1216,1018 176 1006 1003 1128 180 1014 1007 177 1001 346 281 1016 279 137 1015 158 179 170 118 173 278 1066 1011 1002 172 163 175 1019 125 1064 280 1068
120,5,170 1107 1046 1051 137 1022 1125 281 1151 30 1061 1113 1163 1128 1216 1108 125 1221 1069 278 1032 1008 1140 1081 179 1110 1038 174 1124 1089 1075 151 1186 172 1264 1101 1059 1012 158 1134 1130 1156 1139 1065 1086 1091 1025 1011 280 1049 1085 1068 114 1215 1013 177 1027 1003 1132 1060 167 1138 1166 1007 1001 1070 1045 1096 1118 1052 1146 1028 1160 180 1145 173 1006 1035 1044 1076 1016 1019 1152 1031 1135 279 1023 1002 1042 176 1030 1099 1034 1018 1123 1020 1097 1064 1095 1103 1066 171 1154 175 1021 163 1190 1178 1094 274 1033 346 1161 1062 1131 1079 118 1087 1054 1015,170 137 281 1128 125 278 179 1038 174 1075 172 1012 158 1011 280 1068 177 1003 1007 1001 1045 180 173 1006 1016 1019 1031 279 1002 176 1018 1064 1066 175 163 274 346 118 1015
120,6,158 1061 1031 1013 1085 1100 1151 1048 173 126 30 1161 1006 1079 177 1053 1107 1065 1137 1132 1145 279 1022 172 1186 1178 1125 1016 137 1020 1101 1021 1146 161 1134 1025 1110 1135 1045 1033 280 1027 1097 1130 1034 1060 1043 1049 1139 1098 1099 1138 113 1044 1059 1050 281 1019 1038 1154 127 1054 1003 1089 1087 1163 1012 1221 1216 167 1068 1156 1081 1108 1011 1070 1118 1152 1051 1035 171 125 1066 1166 114 274 1075 1030 1014 151 174 76 1123 1096 175 1069 1190 346 1124 1103 1170 1062 179 176 1094 1113 163 118 1095 1007 1018 278 1076 1091 180 1023 1042 1215 1015 1046,158 1031 173 1006 177 279 172 1016 137 1045 280 281 1019 1038 127 1003 1012 1068 1011 125 1066 274 1075 1014 174 175 346 179 176 163 118 1007 1018 278 180 1015
120,7,1156 1140 1091 1032 1096 1002 76 1060 1025 1042 1081 127 173 1131 1051 113 1006 1053 1108 1221 1154 174 1137 1146 1027 1152 1008 1038 1068 126 346 1007 176 118 1107 1101 1103 1145 1050 1034 1035 1054 175 1061 1134 1086 1048 280 1045 163 1087 1123 1098 1018 1015 1066 1089 1079 1216 1100 1178 1062 1046 1012 1099 1085 114 167 1166 1070 30 172 171 1023 180 1052 1124 1138 1128 278 1076 1075 1001 1028 1016 1022 1170 1190 1033 179 125 1118 1094 1049 1019 1059 281 1030 1003 137 1215 1043 1161 1135 1021 1264 1011 1013 1160 1139 1020 279 1132 1069 1125 151 1065 1014 274 1064,1002 127 173 1006 174 1038 1068 346 1007 176 118 175 280 1045 163 1018 1015 1066 1012 172 180 1128 278 1075 1001 1016 179 125 1019 281 1003 137 1011 279 1014 274 1064
120,8,1085 1019 1035 278 1021 1087 1096 1094 1138 161 1264 1064 176 1097 1137 1152 1068 167 1124 125 1015 114 1049 1170 1118 1151 1025 1031 1095 173 175 1018 1052 1108 1046 1066 1186 1216 1131 1128 1125 1012 1034 1091 170 1045 1160 118 1221 179 1070 281 171 172 113 1079 1161 174 1086 1101 1043 1145 1003 1069 1089 1053 1098 137 1048 1110 1062 280 1059 163 1140 1076 1123 279 1011 1163 180 1006 1132 1038 1166 1016 1001 274 346 1061 1135 1113 1178 1103 127 1002 1023 1042 151 1007 1050 1156 1030 1134 1065 1020 1100 1130 1013 1027 30 1014 1154 126 76 1054 1032 1146 1022 1099,1019 278 1064 176 1068 125 1015 1031 173 175 1018 1066 1128 1012 170 1045 118 179 281 172 174 1003 137 280 163 279 1011 180 1006 1038 1016 1001 274 346 127 1002 1007 1014
120,9,1050 171 1138 1085 1161 1021 1049 1033 1059 279 1048 1091 1061 1094 1081 173 180 1135 1101 346 1008 163 1103 1064 278 1006 1051 1018 1110 1108 1095 1097 1264 118 1151 1118 1035 1031 1087 1027 172 170 175 1052 30 1001 1139 176 1044 177 1043 1145 1216 274 1025 1020 125 1014 1099 1028 167 1166 1042 113 1045 1069 1156 1003 179 76 126 1016 1002 1013 1019 1178 1163 1154 1125 151 127 1068 1038 1134 1221 1170 281 1070 1146 1023 174 1030 1096 1046 1190 1130 1079 1215 1100 1137 1065 1007 1062 1123 1053 1140 114 137 280 1086 1152 1160 1075 1011 1012 1128 1034 1022 1066 1060,279 173 180 346 163 1064 278 1006 1018 118 1031 172 170 175 1001 176 177 274 125 1014 1045 1003 179 1016 1002 1019 127 1068 1038 281 174 1007 137 280 1075 1011 1012 1128 1066
120,10,176 1065 1035 1030 1146 1023 1123 1098 171 1096 1043 1027 1156 1079 30 1151 114 1061 1020 1031 1130 175 1101 1132 1166 346 1087 1215 1131 1139 1053 158 274 1125 1170 1094 1152 1016 1049 1028 167 1066 1128 1178 1007 1221 1059 170 1068 1021 1138 1070 125 1060 1001 113 1161 161 1025 1064 1076 1008 1002 177 1097 280 1069 1091 163 1054 1113 179 1081 1042 1075 1154 1006 1135 1013 1163 1051 1033 1216 1052 1019 1014 1048 1003 174 127 1011 1062 1124 1118 278 1089 1264 1045 151 279 1032 173 76 137 1108 172 1038 1134 1012 118 281 1186 1022 1095 1107 1086 1145 1034 1046 1100,176 1031 175 346 158 274 1016 1066 1128 1007 170 1068 125 1001 1064 1002 177 280 163 179 1075 1006 1019 1014 1003 174 127 1011 278 1045 279 173 137 172 1038 1012 118 281
120,11,1012 1014 170 1025 1053 1059 1045 161 1033 137 171 1131 1048 176 1098 1160 1075 1139 1016 1020 1006 1101 1069 1085 30 1076 1046 1221 1095 177 1132 1043 1166 1050 1061 1134 1030 125 113 1190 1118 1081 278 1035 1044 1064 1089 1107 1011 1068 1019 1170 279 1215 1110 1021 1096 151 1038 1125 1123 1097 1152 1099 1032 1216 1135 1002 173 281 1113 280 1028 1065 1079 1034 1145 1023 1087 1151 179 1146 1161 114 1042 175 1049 1054 274 1015 1124 1031 1100 1186 1137 1027 1008 174 172 1138 167 126 127 1022 1108 1007 1130 1178 1066 1070 1013 180 1060 1003 1163 1052 1091 1156 1128 346,1012 1014 170 1045 137 176 1075 1016 1006 177 125 278 1064 1011 1068 1019 279 1038 1002 173 281 280 179 175 274 1015 1031 174 172 127 1007 1066 180 1003 1128 346
120,12,1001 1045 1130 1043 1038 1151 1031 1053 1161 1079 1070 163 1014 1034 1012 118 30 1081 1032 1061 151 1066 1095 1016 280 1152 1033 1163 1069 1062 1140 1131 1048 1011 137 1186 1264 1065 1138 1064 279 346 1028 161 1178 1025 171 1046 1132 1099 281 126 1128 1094 1156 1051 1006 274 1052 114 1089 1021 1068 1008 1160 1134 1221 113 176 76 1108 1107 173 1035 1022 1100 1020 1113 1030 170 278 1124 1019 1098 1137 1110 174 1118 1086 127 1050 1003 175 1091 125 1154 1190 1216 1054 1103 177 1085 1027 1215 1096 1013 1049 1059 167 1044 1101 1007 1170 180 1139 172 1042 1076 1146 1135,1001 1045 1038 1031 163 1014 1012 118 1066 1016 280 1011 137 1064 279 346 281 1128 1006 274 1068 176 173 170 278 1019 174 127 1003 175 125 177 1007 180 172
120,13,176 1103 1134 1011 1025 1101 1052 1156 1135 1013 1028 1031 175 1022 1068 1061 278 1138 1014 114 1034 1019 1118 1139 1146 173 1089 1130 1128 1154 172 1007 281 1081 346 1066 1097 1100 1012 1027 151 1170 1002 1075 179 1001 1023 1140 1091 1048 1166 1163 127 274 1035 1085 1113 1042 1045 167 1110 125 1016 1069 1107 180 1098 1099 1020 1145 1015 1059 1125 137 1215 1190 1079 1151 1216 1096 1132 1018 1060 174 126 1108 1033 1087 1160 1161 1021 1049 76 1221 1095 1044 1264 118 1053 161 1124 113 1131 1043 163 30 279 1046 1123 1038 1030 1008 1178 1137 1003 158 1064 171 177 1051,176 1011 1031 175 1068 278 1014 1019 173 1128 172 1007 281 346 1066 1012 1002 1075 179 1001 127 274 1045 125 1016 180 1015 137 1018 174 118 163 279 1038 1003 158 1064 177
120,14,1022 1089 1064 1046 1076 1061 125 278 274 1050 1125 1053 76 346 280 137 1156 1025 163 1107 1081 279 1098 1163 172 175 1030 1152 1151 126 1140 118 1048 174 1096 1215 1042 1054 1059 1161 1100 1086 1052 1190 1015 1068 1002 1131 1087 1008 1123 1043 1070 1033 1044 1051 176 1065 1031 1013 1101 1139 1178 1124 1003 1045 1021 1145 180 158 1007 1132 1085 167 1099 1034 1028 1032 1160 1049 173 1135 1038 1011 1060 1016 1221 161 1095 1094 179 281 1166 1020 113 1023 1113 1110 1069 1035 1146 1097 171 1027 30 1130 1138 1216 114 1001 1079 1134 177 1091 1019 1137 1062 1170 1118 1012,1064 125 278 274 346 280 137 163 279 172 175 118 174 1015 1068 1002 176 1031 1003 1045 180 158 1007 173 1038 1011 1016 179 281 1001 177 1019 1012
120,15,175 1034 1124 76 1054 126 1025 1046 1069 1066 1038 1089 1097 1059 1023 1053 179 1110 1027 114 176 167 1061 1060 1022 1134 1163 1107 1051 1099 1007 161 1216 1006 1264 1079 113 278 1166 1015 1042 1215 1081 171 1087 1002 1033 1135 1152 281 1125 1035 1032 1156 1030 1130 1031 1085 1131 1012 1096 1160 137 172 1076 1138 1048 1094 1154 1132 174 1095 1161 1068 1145 1018 1113 151 1043 1101 118 177 346 170 1186 1151 1008 1064 1013 1140 158 1075 1052 30 1128 1091 173 1062 1001 1049 1137 1103 1065 1011 1014 1021 1170 127 180 1146 1020 1098 274 1070 1123 1028 1190 1044 1045 279,175 1066 1038 179 176 1007 1006 278 1015 1002 281 1031 1012 137 172 174 1068 1018 118 177 346 170 1064 158 1075 1128 173 1001 1011 1014 127 180 274 1045 279
120,16,1021 1152 1046 1069 1042 281 1062 1139 280 279 1132 1221 1049 1043 1061 1014 177 1138 174 1146 176 1048 1064 1101 1091 1007 1008 1035 1068 1019 1076 1033 1013 180 1178 1125 1190 1107 1145 1044 1137 1081 137 1027 1087 1020 158 167 175 179 1065 1002 1264 151 1100 1016 1012 1038 1160 1186 1079 118 1156 1135 346 1154 1124 1128 171 1134 1096 173 1161 1075 1045 1070 1086 1099 1098 30 1151 172 1001 1123 1060 1131 1051 1034 1085 1140 1032 1170 1113 1015 163 126 1163 113 1059 1003 1108 1052 1022 274 1030 1110 1166 1018 1095 1023 1216 1011 170 127 1053 1066 1089 114 1130 1025,281 280 279 1014 177 174 176 1064 1007 1068 1019 180 137 158 175 179 1002 1016 1012 1038 118 346 1128 173 1075 1045 172 1001 1015 163 1003 274 1018 1011 170 127 1066
120,17,281 151 1131 1161 280 1076 1043 1079 1042 274 1160 114 1013 173 1027 177 158 118 1137 1061 76 1046 1034 1101 1138 1110 1081 1097 1135 1221 278 1006 179 171 1044 1156 1087 1086 1011 161 1051 1154 1025 1134 1098 1053 1091 1216 127 1031 1064 1008 1022 1054 1145 1108 1152 1215 1059 1062 125 1038 1023 1099 1060 1016 1100 1151 1019 1052 1050 1139 1190 1095 167 1001 1096 1035 1107 1014 1186 1069 1094 1075 1032 1140 279 1018 1012 170 180 1125 1118 30 174 346 1089 1130 1085 1002 1163 1264 1170 1113 1049 1132 1015 1020 176 1065 113 137 1070 1033 1178 1030 175 1045 1128 1028,281 280 274 173 177 158 118 278 1006 179 1011 127 1031 1064 125 1038 1016 1019 1001 1014 1075 279 1018 1012 170 180 174 346 1002 1015 176 137 175 1045 1128
120,18,1095 1110 1003 1025 1160 1094 175 1140 1178 1008 114 1099 1043 158 1152 1006 1190 1161 1091 1045 1163 1097 1011 1013 279 118 1021 1033 1156 1053 1089 1081 30 1170 1022 151 1166 1014 1130 1154 1264 173 1007 1002 1012 180 179 1038 1123 1016 126 1059 1098 1216 127 1087 76 1015 1139 1051 1132 174 278 1054 1046 1001 170 1027 1076 1018 1042 1134 1125 163 280 1151 1070 176 1066 1069 1032 1101 1100 1137 1019 1064 113 167 1138 137 1146 125 1145 1030 1052 1124 1048 1096 1049 346 161 1028 1035 1065 274 1050 1020 1060 1023 1108 172 1061 1103 1215 1079 1113 177 1128 1085 1186,1003 175 158 1006 1045 1011 279 118 1014 173 1007 1002 1012 180 179 1038 1016 127 1015 174 278 1001 170 1018 163 280 176 1066 1019 1064 137 125 346 274 172 177 1128
120,19,126 175 176 172 1216 1076 1132 1215 1015 1135 1014 279 1190 1043 1028 163 1044 278 1124 274 1035 1002 1085 1018 1051 1053 1021 1027 180 125 1163 281 174 1081 1125 1003 1011 1095 1023 127 1086 280 1066 1100 1160 1045 1110 1094 151 1025 1108 1186 1048 1161 1118 1130 1050 1099 1221 1145 1030 113 1012 1089 1031 1091 1139 1059 161 177 1123 76 1064 1138 1098 1013 1042 1170 1032 1103 1146 1061 1016 1060 1065 118 1008 1062 1020 1264 179 158 170 1113 1019 1097 346 137 1178 1107 1151 1131 1140 1096 1034 1087 1152 30 1068 1001 1069 1033 1154 1054 1007 173 1046 1128 1022 171,175 176 172 1015 1014 279 163 278 274 1002 1018 180 125 281 174 1003 1011 127 280 1066 1045 1012 1031 177 1064 1016 118 179 158 170 1019 346 137 1068 1001 1007 173 1128
120,20,1131 171 1098 125 1113 1068 1079 158 170 1216 1130 1062 1152 1027 1140 1186 118 1135 1007 280 1003 1028 1008 137 30 179 1020 127 1097 1012 1086 1264 1118 1110 274 1023 1081 1044 1030 1065 76 1085 174 1145 1137 1060 1108 1011 1151 1089 1160 1038 176 126 1123 1050 1163 279 1066 1016 1014 180 1103 1031 1070 1095 1215 1107 1138 1035 1124 151 1139 1100 1002 1046 1013 1052 1015 1049 1076 113 1170 114 177 1166 1018 1221 1146 1096 1091 1132 1045 173 1021 175 346 1061 1054 281 1094 1059 1125 1128 1075 1099 163 1053 1161 167 1101 1006 1022 1178 1043 1156 1087 1048 1190 1032,125 1068 158 170 118 1007 280 1003 137 179 127 1012 274 174 1011 1038 176 279 1066 1016 1014 180 1031 1002 1015 177 1018 1045 173 175 346 281 1128 1075 163 1006
120,21,1156 174 1118 1146 1032 1023 1089 1035 177 1086 1042 1087 1151 1130 180 1221 161 1043 1053 1011 1001 113 127 346 1125 167 1097 281 118 1013 1190 1110 1008 1081 1264 1079 1113 1051 1020 1103 1014 1135 170 1046 1021 30 1045 1095 176 158 76 1186 1019 173 1101 1137 1100 126 1002 1138 1108 1068 163 1152 1050 114 1096 1140 1015 1070 1030 1124 1069 1059 1044 1076 1128 1131 278 171 1025 1012 1038 1098 1161 1166 1048 1022 1154 1031 1085 1160 1065 1052 1006 151 1091 1049 1061 1163 1016 1060 1134 1132 1066 1099 125 1139 274 279 1034 1027 175 172 1170 1145 1215 1075 1094 1178,174 177 180 1011 1001 127 346 281 118 1014 170 1045 176 158 1019 173 1002 1068 163 1015 1128 278 1012 1038 1031 1006 1016 1066 125 274 279 175 172 1075
120,22,1134 1107 1139 1125 1097 1033 1023 1013 1095 1008 1022 279 158 1094 1044 113 1146 1003 1028 1002 1050 1152 1123 346 1130 1043 1012 1035 1068 172 1156 176 1118 1096 1216 1108 1103 1059 1065 171 1021 1045 1042 1101 274 1140 1007 1145 1060 137 1086 1027 1019 1014 1061 1038 1190 179 1051 1006 1053 1046 1178 1079 170 1076 177 1138 163 1052 1070 125 1128 1054 1186 1113 1264 1151 278 1032 175 1001 1062 1131 1030 173 1161 114 1087 76 30 280 1066 1137 1049 174 1166 167 127 1064 1160 1215 1015 1221 1020 1170 1034 1163 118 1132 1025 1091 1089 1098 1110 1048 1031 1124 1099 1069,279 158 1003 1002 346 1012 1068 172 176 1045 274 1007 137 1019 1014 1038 179 1006 170 177 163 125 1128 278 175 1001 173 280 1066 174 127 1064 1015 118 1031
120,23,1045 1043 1100 1054 1068 114 1022 175 278 1160 1113 1021 174 1086 274 1101 1216 1049 1096 137 1013 163 158 172 1124 1123 1059 1066 1001 1137 1014 1145 1131 1034 1033 1139 1025 1163 1060 1146 76 1019 1154 1166 151 1135 1107 1170 1130 1044 1108 279 1132 1020 1103 1065 1118 1050 1091 1097 1028 1031 1095 1048 1069 1016 1052 1075 1032 1128 1094 1152 281 1035 30 125 170 1098 1018 1042 1087 1002 127 1178 1012 1151 1134 1110 179 1023 1161 1011 1186 1062 1053 180 1006 1089 1003 1156 1007 1215 1099 1085 1015 1070 1190 1038 118 1081 173 1027 177 161 167 1051 1061 113 126 1079,1045 1068 175 278 174 274 137 163 158 172 1066 1001 1014 1019 279 1031 1016 1075 1128 281 125 170 1018 1002 127 1012 179 1011 180 1006 1003 1007 1015 1038 118 173 177
120,24,127 1163 1146 167 1053 1152 1156 1022 1034 1031 1044 1045 1123 1216 171 1081 1100 180 1138 1066 280 30 175 1015 1128 279 346 1019 179 1075 1011 1065 1069 1091 1140 1020 1046 1059 1018 1118 137 1028 1096 1054 1098 174 1135 114 1097 1086 1151 1038 1089 125 274 126 1042 1125 1049 1007 1052 1113 1002 1085 1099 1160 1161 1094 163 172 1108 1130 1103 1087 1035 1016 1048 173 1137 1012 1178 1186 1013 1101 1107 1131 1154 1061 1166 1070 176 113 1030 170 1027 1134 1064 1060 1008 1051 1095 1076 1170 1110 278 1043 1215 158 1001 1021 1068 1145 1032 151 281 1079 1023 118 76 1221,127 1031 1045 180 1066 280 175 1015 1128 279 346 1019 179 1075 1011 1018 137 174 1038 125 274 1007 1002 163 172 1016 173 1012 176 170 1064 278 158 1001 1068 281 118
120,25,278 1061 1079 1034 1163 280 279 1161 1264 1186 180 1050 1130 274 1064 1178 1221 173 1139 1062 1075 127 1216 1030 1087 1031 126 1022 1100 1053 1016 1140 1045 1124 1003 1076 1125 30 1096 170 1154 158 172 1018 1085 137 1014 1007 1098 1095 1135 1052 1146 1170 171 1025 1190 1123 1020 151 174 1113 1028 1059 1128 1035 1066 1051 179 1110 163 1089 1137 1097 1101 113 1008 1070 1033 1001 176 76 1060 1215 346 1054 1044 1038 1048 1145 1160 1023 1065 1108 281 1138 118 1011 1068 175 1156 1152 1151 1043 1032 1086 114 1006 1132 1019 1118 1021 1099 1166 1107 1069 1046 167 1042 1002,278 280 279 180 274 1064 173 1075 127 1031 1016 1045 1003 170 158 172 1018 137 1014 1007 174 1128 1066 179 163 1001 176 346 1038 281 118 1011 1068 175 1006 1019 1002
120,26,1097 1091 1016 1066 1221 1013 1094 1070 1107 1151 1190 1095 179 158 1146 1053 1001 1264 346 281 1012 114 137 278 170 1051 1130 1140 1064 279 1015 1137 1160 1110 1021 1089 1025 118 1019 280 1123 1101 1018 1035 1099 171 1085 1011 1132 1086 1103 1008 151 125 1125 1022 1178 126 1050 1161 1096 175 167 1156 1131 1020 1069 173 1098 1034 1045 76 174 180 1068 1049 1027 1076 1032 1003 163 161 1033 1007 1023 1170 1059 1065 30 1030 113 1152 1079 1215 1081 1075 1042 1052 1043 1145 1166 1031 1118 176 1054 1113 177 1060 1044 1108 274 1135 1216 1134 1100 1002 1048 1061 1138 1163,1016 1066 179 158 1001 346 281 1012 137 278 170 1064 279 1015 118 1019 280 1018 1011 125 175 173 1045 174 180 1068 1003 163 1007 1075 1031 176 177 274 1002
120,27,1016 1054 1094 1152 1023 125 1166 118 1048 1030 1160 1062 1035 1108 1008 1095 1264 171 1052 1015 1060 1134 1012 1006 346 1066 1064 1138 1101 126 163 1086 1161 1079 167 137 1061 1045 1137 1075 1028 30 175 1034 1140 1186 1059 1018 1131 1044 1025 1178 1139 1099 281 1020 274 161 1013 1123 1046 1146 1128 180 1033 1085 1053 158 1038 176 177 1118 1076 1069 1019 1154 1103 1021 1113 114 1022 1043 174 1002 1096 1132 1135 1032 1130 151 279 1098 1050 179 1215 1011 1042 170 1110 1091 1031 1087 1190 1163 1003 1027 1081 1170 1221 1049 1014 1145 1107 1156 113 173 76 1068 1001 1065,1016 125 118 1015 1012 1006 346 1066 1064 163 137 1045 1075 175 1018 281 274 1128 180 158 1038 176 177 1019 174 1002 279 179 1011 170 1031 1003 1014 173 1068 1001
120,28,176 1062 274 1098 1032 1140 1042 1035 125 1091 1128 1060 1135 1264 1002 1054 1178 1050 170 1100 1166 1160 1152 1156 1027 1118 1131 1053 279 1020 1215 126 1087 1094 1021 113 1097 1068 76 1033 1099 1134 179 1019 1113 1018 1013 1096 1161 1186 1101 1216 1079 1138 1065 1221 1006 1030 1066 177 1059 1190 1008 1038 1014 1028 1132 1107 171 173 1012 1044 1085 127 1048 1070 1137 1146 1170 1103 1095 1043 1061 1110 137 1045 1139 1154 1025 180 1011 1089 1046 1001 1015 1022 1016 1049 151 30 175 1081 1051 172 1052 1151 1124 1075 1108 163 174 280 1125 1069 278 1023 1086 281 1034 346,176 274 125 1128 1002 170 279 1068 179 1019 1018 1006 1066 177 1038 1014 173 1012 127 137 1045 180 1011 1001 1015 1016 175 172 1075 163 174 280 278 281 346
120,29,1002 1008 1023 1137 1034 1094 1085 1052 113 1006 1022 1050 278 1161 173 1035 1221 1118 1049 1048 281 1132 1051 1264 1015 1044 1110 125 1060 174 1043 1069 1014 1070 1091 1065 1018 1108 1079 280 1053 137 1012 1076 1028 1100 1140 1124 1059 1081 1016 126 172 118 175 1086 1013 151 1156 1130 1103 1003 1128 1032 1033 1025 1066 1215 1101 177 1151 1146 1061 1095 346 1135 1152 1107 114 1046 279 1160 170 1099 179 1001 1145 1064 163 1170 171 76 274 1030 1089 1131 1062 1038 1075 161 1027 1154 30 1134 1019 1020 1096 1098 1011 1216 1054 1186 1021 1113 158 1097 1007 180 1190 1068,1002 1006 278 173 281 1015 125 174 1014 1018 280 137 1012 1016 172 118 175 1003 1128 1066 177 346 279 170 179 1001 1064 163 274 1038 1075 1019 1011 158 1007 180 1068
120,30,1013 113 1094 1028 1089 1156 1044 1113 1012 1087 1061 163 1110 1052 1125 118 1138 1008 279 1130 1042 1123 1100 1062 174 1038 1018 1043 1020 280 1011 179 1131 1019 1050 1140 1097 1145 1166 281 126 1139 175 1059 1215 1034 1101 177 1118 1031 1001 1161 1032 1163 1045 1066 1216 170 1146 1085 171 1070 1022 173 1025 1190 1098 1007 167 1053 1264 1178 1152 1003 172 1069 1064 1014 1137 161 346 137 1091 1160 1124 1221 1023 151 1060 1151 1051 274 1065 176 1049 1095 1107 278 1033 1030 1075 125 1046 180 158 1016 1081 1006 1108 1099 30 1076 1035 1096 1170 127 1079 1154 1068 1027,1012 163 118 279 174 1038 1018 280 1011 179 1019 281 175 177 1031 1001 1045 1066 170 173 1007 1003 172 1064 1014 346 137 274 176 278 1075 125 180 158 1016 1006 127 1068
120,31,151 1118 1069 1134 1007 1139 1068 1035 279 1125 163 1001 30 1028 1216 1160 1137 1131 1124 1094 1054 346 1019 1011 1015 137 1050 1108 1034 281 170 1021 1140 1014 1038 118 280 1012 1023 1113 113 1103 1107 1061 1002 1151 1076 125 114 1161 1052 1154 1053 1043 1135 1186 1085 1046 1163 1100 1215 1042 1033 1062 171 175 1081 1152 1146 1045 1138 1070 1018 76 1065 1049 1066 278 1096 179 1022 127 177 1156 1128 1006 1016 1044 1008 1123 172 1145 180 1178 1264 1020 1025 1099 1132 1089 174 1095 126 1086 1221 1051 1097 1170 1130 1110 1027 1101 274 1064 176 1079 1013 1091 1075 1032,1007 1068 279 163 1001 346 1019 1011 1015 137 281 170 1014 1038 118 280 1012 1002 125 175 1045 1018 1066 278 179 127 177 1128 1006 1016 172 180 174 274 1064 176 1075
120,32,1059 126 1130 177 1186 1166 1118 1053 1060 1161 1085 1099 1048 1110 278 1070 1128 1079 1011 1028 1023 1087 281 1170 1145 1045 1160 1065 170 1062 1034 1012 180 30 1006 1046 1091 1027 1152 1031 1069 1030 1086 1016 1061 1014 163 1020 173 280 1125 1132 1068 1042 1107 279 1113 1131 1089 1135 167 1100 1044 161 1163 127 1140 179 1052 1050 174 1049 1035 171 1076 1178 1264 176 1007 1108 1216 1154 1003 1151 1095 1019 1008 1043 1066 1098 137 125 175 1054 114 1033 1156 1025 1064 113 76 1190 1124 1013 1001 1215 1123 1101 172 151 1146 1097 1134 1051 1002 1021 1138 1094 1015 1137,177 278 1128 1011 281 1045 170 1012 180 1006 1031 1016 1014 163 173 280 1068 279 127 179 174 176 1007 1003 1019 1066 137 125 175 1064 1001 172 1002 1015
120,33,1131 1050 1098 274 1139 1065 174 1062 172 1163 1035 175 126 1100 170 1108 1134 1099 1049 167 1046 1166 1151 1096 1001 1152 1068 1018 1020 1023 1140 1103 1079 1107 1044 113 1216 171 1138 1095 1033 114 151 1146 1060 1085 1081 125 1118 1075 1128 1170 1043 1154 1161 1042 1135 1264 161 1014 1030 1012 118 1027 1022 1160 1069 1066 1097 1019 1007 163 1011 1045 1178 176 1130 1002 1156 1025 1053 1091 1089 76 1124 137 278 1021 1059 173 1221 1137 1051 127 1034 177 1190 1013 1145 1113 279 1003 1101 1132 1215 280 179 1186 1028 1087 1008 1086 1038 1031 1061 1052 1076 1016 346 1032,274 174 172 175 170 1001 1068 1018 125 1075 1128 1014 1012 118 1066 1019 1007 163 1011 1045 176 1002 137 278 173 127 177 279 1003 280 179 1038 1031 1016 346
120,34,1065 1156 179 1098 1095 1052 1051 1131 1048 1001 1154 274 1030 1186 1054 76 1062 1264 1049 1139 1096 1060 1086 175 279 1110 1069 1007 280 171 1125 1034 1068 1145 1045 1134 1113 161 173 1025 1161 1138 1099 1190 1008 114 1070 1053 1151 113 1216 1163 1081 1046 1019 1059 1027 1076 1101 137 174 1094 1140 1103 1020 1079 1146 1012 1023 1038 1100 1170 127 1042 1089 1135 1044 1108 1066 1015 158 281 1130 1035 1215 1128 1032 172 1152 1002 180 1087 1091 1028 1006 118 1132 1221 1064 177 1075 176 126 151 1166 346 1021 1085 1123 1137 1050 1061 1043 1124 1178 1033 1013 1016 1022 1011,179 1001 274 175 279 1007 280 1068 1045 173 1019 137 174 1012 1038 127 1066 1015 158 281 1128 172 1002 180 1006 118 1064 177 1075 176 346 1016 1011
120,35,1025 1019 174 1096 1101 1020 1110 1050 127 1132 163 1061 161 1095 1008 175 1035 1001 1154 118 1146 30 1002 1022 279 1042 1086 1007 1160 172 1152 1069 1135 1186 171 180 1085 1140 1108 176 1124 1030 1060 1012 1138 1128 1215 1221 281 1094 1065 278 1048 1031 1081 1137 1068 1043 1156 167 137 1066 1064 1103 1100 173 1091 1054 1014 1190 151 1075 1079 1038 1011 1053 125 1123 1099 1016 158 1021 1107 1097 280 1130 114 1134 1023 1098 1216 1076 1151 1032 1034 1113 1046 1028 113 1087 1062 1118 1006 1178 1044 1003 1051 274 177 1015 1145 1139 1049 1161 1264 1070 1052 1013 1163 179,1019 174 127 163 175 1001 118 1002 279 1007 172 180 176 1012 1128 281 278 1031 1068 137 1066 1064 173 1014 1075 1038 1011 125 1016 158 280 1006 1003 274 177 1015 179
120,36,1135 1081 1108 1139 1134 1128 174 1160 1091 1025 1151 1044 1215 1161 1140 1051 1049 125 158 163 1123 1034 281 1054 1264 1001 1038 137 1006 113 1035 118 1012 1069 1019 177 1145 30 1065 1042 1098 1216 1103 280 127 1060 1131 1023 1125 1021 1099 1027 171 1166 1068 1002 114 1170 279 1094 274 1138 175 1045 1100 1113 76 176 1085 1059 1186 1130 278 167 1110 1053 1043 1046 1124 1095 1028 1031 1137 1066 1020 1107 1018 172 1008 170 179 1016 1048 1097 1178 1061 126 1032 1062 1007 1221 1033 1013 1064 1086 1146 1030 180 346 1101 151 1156 1050 1152 1132 1052 1022 1089 1014 161,1128 174 125 158 163 281 1001 1038 137 1006 118 1012 1019 177 280 127 1068 1002 279 274 175 1045 176 278 1031 1066 1018 172 170 179 1016 1007 1064 180 346 1014
120,37,114 1096 1094 1018 163 1075 1107 1087 1264 1053 1051 1008 1013 1034 1038 1019 1103 1060 1089 1054 278 167 1021 1020 1113 137 1139 1069 1044 175 1030 179 1091 1137 1085 280 1079 1033 274 161 1151 1028 1046 172 127 1190 176 1131 1146 1108 1125 1001 1031 1003 1045 1161 1081 1043 177 30 1002 1065 1110 76 1163 1170 1097 1215 1178 1132 125 1101 1086 1064 1124 113 1050 171 281 1100 1049 1011 1118 1156 1048 173 1012 1015 1154 170 1098 1130 1138 1027 346 1007 1032 174 1135 1095 1006 1128 180 1216 1052 279 126 1068 1035 1014 1070 1221 1042 1016 1062 1025 1123 1099 1166 1066,1018 163 1075 1038 1019 278 137 175 179 280 274 172 127 176 1001 1031 1003 1045 177 1002 125 1064 281 1011 173 1012 1015 170 346 1007 174 1006 1128 180 279 1068 1014 1016 1066
120,38,1053 1065 175 1131 1046 1108 1043 1033 1018 1146 281 1015 1166 1059 158 1216 1020 76 1170 1014 1137 1154 1001 1031 1139 1045 1021 1128 173 1118 1085 1163 1264 1070 1221 280 1064 1094 1156 1123 170 1052 1178 1028 1095 1042 180 1186 1061 279 125 1097 1002 346 1035 1034 1066 1003 127 1075 1130 1135 1079 151 1215 1101 1089 1068 1098 1132 1012 1030 1140 1151 1161 30 1160 1025 274 1124 1103 1152 1013 137 1060 1032 1027 163 177 114 1086 1022 176 1016 167 1044 1091 1050 1023 1076 1069 1051 1062 1110 1087 1008 172 1138 1038 1096 1011 1107 174 1054 1007 1190 1006 278 118 1099,175 1018 281 1015 158 1014 1001 1031 1045 1128 173 280 1064 170 180 279 125 1002 346 1066 1003 127 1075 1068 1012 274 137 163 177 176 1016 172 1038 1011 174 1007 1006 278 118
120,39,1079 113 1030 171 1137 1152 1068 126 177 1002 1016 163 1032 1160 1089 1075 1028 1128 1154 1027 1031 114 1013 1096 1066 174 1069 167 1049 1145 1139 1062 1006 274 1060 1178 1125 1113 1103 1151 158 1012 1094 1146 76 1021 1051 1221 1161 1050 1163 1130 279 346 1076 1135 1034 1098 1124 1110 1025 161 1190 1118 1015 172 127 1095 1064 1043 1014 1156 1020 125 1138 137 1035 1081 1107 1042 1001 1108 1019 278 1065 1061 1022 1059 1033 1011 1132 1052 1018 1007 1008 1087 179 176 1264 175 118 30 1091 1101 1140 1044 1100 173 1099 1086 1186 170 1123 1054 1134 1085 180 280 151 281,1068 177 1002 1016 163 1075 1128 1031 1066 174 1006 274 158 1012 279 346 1015 172 127 1064 1014 125 137 1001 1019 278 1011 1018 1007 179 176 175 118 173 170 180 280 281
120,40,1008 1021 279 1023 1042 1014 1035 1089 1044 1061 1050 1025 1015 281 1060 1154 1070 1128 1031 1038 170 1052 1001 1049 1048 1003 113 1006 1098 161 1186 1016 1123 1156 274 1163 126 127 280 172 1113 1022 1075 1085 1032 1097 118 1034 1028 1124 163 1178 1081 1053 1152 1146 346 1160 125 1135 173 1134 1043 1137 1096 1131 1130 1020 1045 177 1033 1018 1007 1030 1019 1264 137 1076 1069 1054 171 1066 1099 1086 174 1151 1221 180 1002 1100 167 1110 1094 176 1046 1107 1140 175 1013 1095 114 76 1145 1068 1064 1138 1062 1215 1166 1139 1059 1216 1027 1079 1012 1132 1065 1161 1091 1190,279 1014 1015 281 1128 1031 1038 170 1001 1003 1006 1016 274 127 280 172 1075 118 163 346 125 173 1045 177 1018 1007 1019 137 1066 174 180 1002 176 175 1068 1064 1012
120,41,137 279 1030 1042 1011 1006 1003 1089 1134 1065 1060 1031 1138 1140 1125 1091 76 1095 1139 1027 1061 274 114 1151 1100 1118 1130 1014 1050 1001 1068 1035 1066 1038 1019 1051 1160 1064 278 151 1025 346 158 1094 1076 1018 1097 1079 1170 173 1098 1107 1216 1022 172 1135 1016 1053 1156 30 1015 1178 1124 1103 180 1049 170 1034 179 1264 1008 1161 126 1007 1075 163 1085 171 1145 1128 175 1012 1052 1113 1021 280 1096 1032 1152 1215 1046 1186 1190 1028 1087 174 113 125 1101 167 1059 1069 1070 1048 161 118 127 1013 1044 1062 176 1166 1154 1099 1081 1110 1108 1163 1045 1020,137 279 1011 1006 1003 1031 274 1014 1001 1068 1066 1038 1019 1064 278 346 158 1018 173 172 1016 1015 180 170 179 1007 1075 163 1128 175 1012 280 174 125 118 127 176 1045
120,42,1031 158 161 1161 1028 174 1042 30 1050 1216 1215 114 1139 1134 1046 1100 346 1094 137 1020 1019 1110 1146 1124 151 1095 1089 1098 1138 179 1001 1044 173 1087 1132 125 1003 1163 126 1045 76 1064 1178 175 1066 1052 1008 1023 1170 1006 1075 1097 1113 1032 1021 1096 1118 172 1060 1137 1033 1053 1025 1166 1065 1015 1061 180 171 1059 1030 1016 1108 1190 1007 1018 1048 1125 1022 1160 167 1151 1034 113 1070 1051 1123 1221 1038 1011 176 1054 1101 1049 1091 1081 1154 1099 1069 1062 1068 1079 118 281 177 1035 1085 1103 1156 1002 1043 127 1013 278 1076 1135 280 1128 1264 170,1031 158 174 346 137 1019 179 1001 173 125 1003 1045 1064 175 1066 1006 1075 172 1015 180 1016 1007 1018 1038 1011 176 1068 118 281 177 1002 127 278 280 1128 170
120,43,1089 1042 30 1140 1166 163 1008 1216 1161 1076 1099 1015 1066 1113 179 1045 278 1035 1108 1170 1016 1134 1019 1033 1146 167 126 1064 1025 1091 113 1123 1070 158 1002 1190 174 1081 1097 1028 1052 1139 1103 1154 175 1053 1044 171 1215 125 1054 1100 173 1186 151 161 1030 1065 281 1125 1018 1131 1001 1095 1137 1128 1135 1048 1007 1075 1118 1068 1151 1069 180 1006 1130 1132 1098 1046 1096 1013 1027 1124 1020 1221 1101 1049 1138 1094 1145 274 137 279 76 1021 1023 177 1060 1038 1163 1051 1085 1022 1110 1034 1062 1156 1032 1160 1178 1012 176 1061 1059 1152 1087 1031 118 1079,163 1015 1066 179 1045 278 1016 1019 1064 158 1002 174 175 125 173 281 1018 1001 1128 1007 1075 1068 180 1006 274 137 279 177 1038 1012 176 1031 118
120,44,1135 1060 1125 1103 1034 1027 158 1019 1152 1038 1021 1022 1089 1138 1049 1066 1002 1094 137 1013 1048 1178 1068 1146 1134 125 1124 280 127 1110 177 1160 1053 1107 1216 1059 1215 1052 175 1012 1033 1045 163 1014 30 167 1076 1101 1030 1075 1132 1064 1062 1032 1123 1025 1139 1221 1003 118 1018 346 1128 1050 126 1070 1028 1008 1035 114 1118 1163 151 170 1161 1016 1097 1085 1100 176 1020 1051 173 278 279 1042 1069 1031 1001 1086 1044 1065 171 1023 1137 1170 1186 1095 1043 172 1156 1154 1091 1079 1061 1113 1007 1151 274 76 113 1011 1145 1131 180 1108 1098 179 1081 1099,158 1019 1038 1066 1002 137 1068 125 280 127 177 175 1012 1045 163 1014 1075 1064 1003 118 1018 346 1128 170 1016 176 173 278 279 1031 1001 172 1007 274 1011 180 179
120,45,1110 1086 1019 1066 113 1079 172 1137 1011 278 1006 1134 1099 175 279 118 1003 1020 1103 1124 1098 1095 281 1091 1152 125 1156 1059 173 1031 1166 1125 1140 1100 1123 1068 174 1221 1178 1065 1216 1186 1045 1018 176 1022 1087 1070 1163 1190 76 170 1060 1085 274 1050 1215 1002 1013 1145 1035 1264 1012 114 1139 1038 1030 1108 1034 1146 1053 126 1008 1015 137 1081 1154 1049 1023 1113 1033 1170 177 1014 346 1061 1089 1028 1094 1016 1051 1064 1097 1001 1043 1151 1138 180 30 1054 1062 1052 163 161 1132 1131 167 1048 1101 1076 179 1107 1025 1160 1096 1021 1128 1044 1046 1118,1019 1066 172 1011 278 1006 175 279 118 1003 281 125 173 1031 1068 174 1045 1018 176 170 274 1002 1012 1038 1015 137 177 1014 346 1016 1064 1001 180 163 179 1128
120,46,1034 1190 1012 1014 1032 1059 1145 1096 1264 1216 1113 1075 176 174 1170 1050 1015 1134 179 1186 1020 1135 280 177 1068 1118 1011 1097 346 137 1125 158 1049 1043 278 1089 1215 1095 1065 1139 1128 171 113 1003 1086 170 1038 1151 1016 1044 151 1085 1079 1152 163 1027 1033 180 1124 1013 172 1066 1054 1081 125 175 1025 1052 1076 1140 1035 1137 1087 1123 1061 1053 30 1221 1019 76 1069 127 1107 1108 1062 1132 1030 1098 1099 1161 161 1146 1156 1160 173 1046 1154 1002 1103 1131 1110 1042 1100 1045 1166 1130 1094 1060 279 274 114 1031 1101 126 1064 1091 1006 281 1007 167,1012 1014 1075 176 174 1015 179 280 177 1068 1011 346 137 158 278 1128 1003 170 1038 1016 163 180 172 1066 125 175 1019 127 173 1002 1045 279 274 1031 1064 1006 281 1007
120,47,1053 1085 1007 1002 1138 1054 1264 1013 1108 173 1060 1044 170 1137 1011 1096 1091 167 1016 1019 1045 1145 1221 76 1076 1069 1070 1035 1156 175 1095 1079 1068 1178 1134 126 1030 1059 1027 1160 118 1100 1020 281 1086 1103 1110 30 1049 1139 1186 1128 1166 161 127 1025 1043 1190 1046 1028 1001 1018 163 1034 1163 1066 1216 1123 1003 1048 1031 279 1125 158 278 1151 174 172 1075 151 1032 1131 1081 1042 177 114 176 1021 1051 1099 1006 1008 1097 1130 1061 179 1161 1038 171 1101 274 1107 1087 1215 1140 1022 137 1132 1170 1154 1014 1094 113 1033 1089 1065 1118 1052 280 1064,1007 1002 173 170 1011 1016 1019 1045 175 1068 118 281 1128 127 1001 1018 163 1066 1003 1031 279 158 278 174 172 1075 177 176 1006 179 1038 274 137 1014 280 1064
120,48,1118 1161 126 113 1094 1264 280 114 278 1139 1002 1013 1076 1134 177 1053 1186 176 174 1030 1069 1081 180 1087 1012 127 1052 1014 1140 1038 1170 1019 1022 1046 76 167 1050 1062 346 1151 1138 1001 1099 1156 1066 1098 163 1100 1051 1043 1006 1049 1085 1023 1065 1130 1091 1103 1097 175 1166 151 1075 30 1033 1061 1190 1044 1086 1178 1163 118 1152 1045 1007 1113 1059 1064 1107 1095 1032 1042 1110 1027 1031 1018 1125 1096 1101 1089 1015 1135 1145 1068 179 1070 1108 1221 281 1011 1128 1021 1025 1154 173 1123 1132 137 1079 161 279 170 1054 1131 1146 1003 172 1160 158 1034,280 278 1002 177 176 174 180 1012 127 1014 1038 1019 346 1001 1066 163 1006 175 1075 118 1045 1007 1064 1031 1018 1015 1068 179 281 1011 1128 173 137 279 170 1003 172 158
120,49,1161 274 1068 1110 173 1046 137 1081 1053 179 174 1086 1221 1134 1062 1034 1066 1033 1025 1095 1178 1043 1075 171 1049 1135 278 151 1027 1166 1020 279 1064 175 1152 1061 1098 1030 125 76 176 1124 1051 1065 1016 1079 163 1044 1100 1013 1085 1019 1125 1145 1035 1113 1107 172 1054 1042 1038 114 1108 1021 1103 1089 1003 1186 1011 170 126 1032 1097 161 1008 1146 1070 1012 1156 1087 280 1015 1007 1002 1018 1163 1050 1132 1091 1059 1160 1045 1264 30 1094 180 1006 158 1048 346 1140 118 1216 1001 1154 1052 1076 1096 1118 1123 1190 1131 1023 127 1031 1069 1130 1215 1151 1060,274 1068 173 137 179 174 1066 1075 278 279 1064 175 125 176 1016 163 1019 172 1038 1003 1011 170 1012 280 1015 1007 1002 1018 1045 180 1006 158 346 118 1001 127 1031
120,50,1156 175 1002 1019 1022 179 1124 1170 1087 1085 126 1066 1031 1051 1130 176 1110 1006 1050 167 1161 1008 1032 1045 1049 1103 1091 1018 281 1107 161 1098 172 118 1160 1064 1053 1221 1054 1101 30 1060 170 1043 1001 1137 278 1061 1099 1163 180 151 1138 1145 1264 137 1075 1042 76 1034 171 125 1069 1023 1070 1118 1166 1178 1081 1216 280 1094 1046 1028 1012 274 1021 127 1215 163 1140 177 1048 279 1134 1139 1086 1128 1146 114 1108 1123 1015 1065 1132 173 1030 1079 1097 1033 1068 1062 1025 1013 113 1076 1131 1125 1011 1113 174 1151 1100 1190 1096 346 1135 1152 1020 1027,175 1002 1019 179 1066 1031 176 1006 1045 1018 281 172 118 1064 170 1001 278 180 137 1075 125 280 1012 274 127 163 177 279 1128 1015 173 1068 1011 174 346
120,51,1160 1135 76 1070 1170 1049 1186 1140 1023 1161 1118 1107 1081 1011 1100 163 1069 161 1027 1137 127 113 1098 1076 1050 1216 151 1079 1124 1085 1101 1014 1045 1053 1054 173 1016 1128 174 1042 1108 1151 1021 1087 1028 1123 176 1052 170 1032 1012 1166 1146 1190 1033 1103 1094 175 1156 1034 1062 1075 1086 1043 30 274 1089 1038 1031 172 1044 1221 1095 1048 279 137 158 1138 126 280 1091 1134 1008 167 1125 1066 1059 125 1068 1097 1064 1001 1025 1030 281 1131 1061 1178 1113 1006 1163 180 1020 346 1065 179 1022 1154 278 1035 1013 1132 1060 1003 1152 1015 1110 1018 171 1002,1011 163 127 1014 1045 173 1016 1128 174 176 170 1012 175 1075 274 1038 1031 172 279 137 158 280 1066 125 1068 1064 1001 281 1006 180 346 179 278 1003 1015 1018 1002
120,52,1098 1016 1022 1013 1139 126 1025 1134 1038 1018 1216 1042 1128 274 1137 1034 280 1163 1103 1156 1015 1014 1140 173 1059 174 1001 114 1006 1079 163 1003 1145 158 1108 1125 170 1118 172 1101 279 1021 76 1132 1062 1124 1048 1066 1020 1152 1060 125 1069 346 1089 1138 1110 1086 1094 1054 1264 1008 1166 1002 281 151 1046 161 127 1044 1051 1030 1130 1012 1011 1087 1135 177 1085 1031 278 176 1096 167 1113 1050 1064 171 179 1221 1095 30 1161 1052 1068 1035 1131 175 1027 1043 1186 1170 1107 1070 1045 1032 1178 1160 1076 1007 1053 118 1099 180 1123 113 1075 1146 1049 1215,1016 1038 1018 1128 274 280 1015 1014 173 174 1001 1006 163 1003 158 170 172 279 1066 125 346 1002 281 127 1012 1011 177 1031 278 176 1064 179 1068 175 1045 1007 118 180 1075
120,53,1062 1216 1045 1066 1061 1103 113 1079 1161 1087 126 30 1003 1076 1025 1100 1070 1215 1095 1264 1001 1022 1031 173 1132 1068 1137 1051 1023 1006 1089 167 1064 1096 1007 1002 127 274 1059 1043 1107 1110 1123 281 1018 1138 1094 1081 1139 1008 1050 179 1034 1013 1134 1060 1124 1151 170 346 76 1166 151 1190 1145 1098 1016 1019 1108 1027 174 1032 1140 1052 1160 1163 1030 163 1038 137 1178 1046 172 1021 1146 177 1130 1014 1011 1152 279 280 171 1012 118 161 175 1020 1186 278 1042 1015 1091 1053 1086 1170 1221 1044 1028 1113 180 176 1085 1033 1131 1135 1128 1101 1097 1154,1045 1066 1003 1001 1031 173 1068 1006 1064 1007 1002 127 274 281 1018 179 170 346 1016 1019 174 163 1038 137 172 177 1014 1011 279 280 1012 118 175 278 1015 180 176 1128
120,54,1064 1140 1154 1016 1019 137 1054 1059 1001 1034 1049 1002 1046 1086 1108 1135 1190 1006 1216 346 1044 1022 1085 1095 1096 1178 1128 1013 1099 1052 1007 167 1060 127 163 1156 1215 274 175 179 1008 1110 173 1011 1048 1100 177 1089 1145 1101 1066 1103 1113 176 1014 170 1023 1045 1031 76 1134 1170 1050 1068 114 1065 1094 1025 1151 1032 1091 113 1221 1107 1043 118 1132 1124 174 1012 1062 1069 1146 1138 158 1076 1061 1027 1131 1030 30 1053 1081 1186 1070 1118 1051 1125 1021 1160 1087 126 1166 1130 1033 171 279 278 1139 1015 1163 1075 1123 1038 1098 1264 180 1035 1097 1018,1064 1016 1019 137 1001 1002 1006 346 1128 1007 127 163 274 175 179 173 1011 177 1066 176 1014 170 1045 1031 1068 118 174 1012 158 279 278 1015 1075 1038 180 1018
120,55,1002 1095 1161 177 1028 1075 1134 1020 1049 1003 1015 1128 1043 1163 278 1030 179 1125 1097 1046 1094 1070 1216 113 1001 158 1016 1013 1066 1023 1264 1006 161 1113 125 1033 137 1130 1064 174 1108 1068 170 1100 1089 1069 1087 1045 1051 1137 1025 163 346 1123 175 281 1076 1156 1110 274 1007 1079 1221 1140 1139 1042 1124 127 1027 1065 180 1096 1061 1062 118 1044 1052 1021 30 151 1019 1151 172 1086 1152 1014 1031 279 1022 1186 1085 1154 1060 1091 1048 1166 1099 1035 1145 1190 1132 1054 176 1038 1101 173 1170 1131 1215 1053 1178 1135 1098 1160 1059 1146 1032 76 1138 1012,1002 177 1075 1003 1015 1128 278 179 1001 158 1016 1066 1006 125 137 1064 174 1068 170 1045 163 346 175 281 274 1007 127 180 118 1019 172 1014 1031 279 176 1038 173 1012
120,56,1095 1007 173 1022 1123 1221 1190 281 346 1054 151 137 1045 1163 1094 1038 1046 1025 1140 1166 180 1053 1011 118 175 1099 1124 1066 1098 1170 167 1062 1068 30 1107 1021 1060 1065 1085 1006 1076 1118 1052 114 1130 279 1002 177 1091 1110 158 170 1059 1032 1069 1134 1138 1145 1178 1023 1135 1049 1103 1070 1160 126 1151 278 1044 1161 1035 1014 1131 171 1042 1089 1030 1015 1033 1061 1128 1051 1013 1018 125 1186 1016 1043 1215 113 1081 1020 1125 1146 161 163 1001 1132 76 1012 1139 176 1113 174 1048 1003 1096 1097 1031 1264 179 1050 1086 172 1216 1079 1019 1101 1100 274,1007 173 281 346 137 1045 1038 180 1011 118 175 1066 1068 1006 279 1002 177 158 170 278 1014 1015 1128 1018 125 1016 163 1001 1012 176 174 1003 1031 179 172 1019 274
120,57,158 176 1051 346 1128 1062 281 1045 1101 279 1215 274 1146 1020 278 1015 1085 1132 1003 1022 114 179 137 1007 1118 1216 1087 1151 76 1076 1166 1070 1025 1160 1097 1021 1060 1011 1178 1042 1137 1131 1161 1014 125 1048 170 1030 1061 177 1032 1125 1156 171 1135 172 1098 1145 1023 175 167 1013 1221 1170 1043 1054 1068 1099 1113 1038 1079 1108 1059 1139 30 1134 1100 1033 113 1034 1091 1018 1152 1110 1094 161 1096 1190 1124 1069 1002 1081 163 1089 1016 1103 180 1027 1006 1154 1053 1066 173 1019 1028 151 1186 118 1095 1001 1035 126 1065 1046 1049 1050 1140 1064 1031 174,158 176 346 1128 281 1045 279 274 278 1015 1003 179 137 1007 1011 1014 125 170 177 172 175 1068 1038 1018 1002 163 1016 180 1006 1066 173 1019 118 1001 1064 1031 174
120,58,1139 1099 1096 1033 281 1110 1134 1107 1123 151 1146 1170 1015 1160 1076 1027 1051 1152 1013 1021 1003 173 1012 1006 1108 1014 158 1100 1132 1079 125 1030 1098 170 1130 1075 1163 1001 175 1049 1052 1028 1086 1095 1064 1097 1069 1020 1125 1035 1118 118 76 1060 113 30 1025 1081 1138 1131 1103 1085 1018 1038 1101 1087 1137 1135 1066 1002 1178 1050 1140 163 1061 1059 176 1053 1048 1023 1019 1046 1190 1032 1022 280 171 167 1008 126 1264 279 1070 346 1186 1011 1128 1216 1043 114 1156 1054 172 1166 1068 161 179 1089 180 278 1016 1031 1044 174 1221 177 1154 1091 1094 1007,281 1015 1003 173 1012 1006 1014 158 125 170 1075 1001 175 1064 118 1018 1038 1066 1002 163 176 1019 280 279 346 1011 1128 172 1068 179 180 278 1016 1031 174 177 1007
120,59,1107 1070 1131 1031 175 274 346 173 279 1008 280 1016 1124 1152 1075 1137 177 1154 1086 114 1065 278 1160 1051 167 1076 1006 1045 1025 126 1087 1042 1099 1046 163 137 1044 118 1096 171 1033 1014 1060 1089 1101 1138 125 1043 174 1146 30 1022 1178 1028 1061 179 1216 1130 1100 1108 1048 1161 1125 1019 127 1054 1163 1001 1020 1113 180 1140 1062 1038 1015 1068 1011 1221 1095 1134 1050 1079 172 1059 1013 1066 176 1190 170 1103 1215 1052 1085 113 1027 1145 1081 1002 1135 1166 281 1094 1110 1128 1186 1035 1003 158 1023 1021 1098 1018 1034 76 1007 1012 161 1118 1264 1170,1031 175 274 346 173 279 280 1016 1075 177 278 1006 1045 163 137 118 1014 125 174 179 1019 127 1001 180 1038 1015 1068 1011 172 1066 176 170 1002 281 1128 1003 158 1018 1007 1012
120,60,127 1110 1061 151 1097 1065 170 1042 1025 126 1085 1103 1091 1221 1113 177 125 1124 1035 161 1132 179 1018 1123 158 1130 1066 280 1166 1156 1045 1060 114 1021 1186 1098 1013 1051 1140 1014 1135 1064 1028 1152 1087 1125 171 1086 1032 175 1002 1070 1128 1076 281 1161 1053 1031 1043 163 137 1019 1096 1006 1011 1007 1264 1215 1081 76 176 1079 1069 1022 1062 172 1050 1094 1027 1033 1151 1052 1016 1146 180 1100 1178 1023 1101 1160 279 1154 1049 1131 113 1118 1048 1012 1095 1108 1107 1134 1038 118 1003 1145 1059 346 173 1190 1054 1075 1099 1008 1137 1020 1139 1170 1034 1163,127 170 177 125 179 1018 158 1066 280 1045 1014 1064 175 1002 1128 281 1031 163 137 1019 1006 1011 1007 176 172 1016 180 279 1012 1038 118 1003 346 173 1075
120,61,1094 1128 113 1178 1019 1023 1091 127 163 1124 1053 1131 173 1098 1006 1013 1152 179 1146 1031 180 1060 1110 76 1042 1001 1081 118 1089 1048 1215 1012 1045 1137 176 1065 274 1123 1027 1007 346 1034 1103 174 171 161 177 1068 1099 170 278 1076 1166 1101 1046 1051 281 1059 1130 1035 1113 1033 279 1160 1022 1100 158 1132 1025 1154 1108 1008 1161 1139 1097 1003 1028 137 1044 1135 1062 1054 126 151 1264 1079 1043 1061 1032 280 1064 1052 1011 1221 1216 1190 1015 30 1016 1070 125 167 114 1151 1156 1050 175 1140 1014 1021 1138 1075 1186 1030 1087 1020 172 1038 1134 1163,1128 1019 127 163 173 1006 179 1031 180 1001 118 1012 1045 176 274 1007 346 174 177 1068 170 278 281 279 158 1003 137 280 1064 1011 1015 1016 125 175 1014 1075 172 1038
120,62,1161 1137 1001 1091 1156 1101 1152 1022 1042 1094 1146 1163 1061 281 1016 177 114 175 174 1020 1018 1043 172 1003 158 1032 1140 1128 1007 176 1160 1069 1264 278 1033 1099 1166 1123 1100 1075 1038 1059 1138 171 1215 1031 1051 1044 279 280 1139 118 1050 1068 1013 274 1012 1132 1027 1006 1021 1054 1221 1076 1085 1097 1035 1066 1060 1087 1014 1134 170 1052 1151 76 1154 179 1045 1124 1048 1046 127 1216 1049 173 1065 30 1008 1186 151 1002 1113 1103 1089 1030 113 1034 1130 346 1081 137 1125 1107 1135 125 1170 161 1098 1086 1023 1011 1019 1025 1070 126 1145 1110 1064 167,1001 281 1016 177 175 174 1018 172 1003 158 1128 1007 176 278 1075 1038 1031 279 280 118 1068 274 1012 1006 1066 1014 170 179 1045 127 173 1002 346 137 125 1011 1019 1064
120,63,1023 1170 127 158 1021 1215 1022 174 1103 1068 1020 1100 1030 1007 1066 1091 274 1096 1161 1032 1006 1099 1086 1221 1145 1154 1110 279 114 278 30 176 1085 179 173 1019 1128 161 1052 1042 1013 1264 1038 1190 1216 1028 1135 1070 1097 1098 1101 1160 1131 1065 113 1124 1137 1008 1094 1076 1132 1043 172 1163 1048 1054 1014 1140 76 163 1123 1134 177 1079 171 1075 118 1051 346 1152 1035 1087 170 137 1033 1060 1113 1031 1139 180 280 1003 1107 1027 1089 1125 1166 1130 1012 1050 167 1062 1095 1034 1108 1001 1059 1069 126 1053 1049 1186 125 1015 1018 1011 1016 1061 1178 1151,127 158 174 1068 1007 1066 274 1006 279 278 176 179 173 1019 1128 1038 172 1014 163 177 1075 118 346 170 137 1031 180 280 1003 1012 1001 125 1015 1018 1011 1016
120,64,278 172 1216 174 1107 1049 137 1052 1042 346 1034 1012 1070 1125 151 1060 163 1008 1021 1027 274 1032 1095 1076 1178 1100 127 118 1001 1124 1186 1007 1046 1264 1132 1113 1086 1166 1091 30 1013 1140 1134 170 1190 176 1019 1145 125 1139 175 1138 1059 1096 1161 1151 1053 114 1170 1066 1156 1131 1031 1137 76 1022 1108 1128 1062 280 1015 1069 1118 1018 1087 158 1099 279 1079 1098 126 1075 1044 1011 167 1028 171 1135 1085 1023 1123 1081 1054 177 1006 1094 1003 281 113 1097 1045 1030 1146 1064 1043 173 1050 1068 1154 1130 1016 1160 1051 179 1038 1048 1089 1152 1163 1002,278 172 174 137 346 1012 163 274 127 118 1001 1007 170 176 1019 125 175 1066 1031 1128 280 1015 1018 158 279 1075 1011 177 1006 1003 281 1045 1064 173 1068 1016 179 1038 1002
120,65,1107 1131 170 1033 1021 176 1216 1031 1035 1145 1108 1132 1178 279 1012 151 1043 1154 1060 1011 1006 1124 1094 167 1019 30 1048 113 1095 1146 1002 1087 1064 1028 1018 1110 1085 179 180 1030 1081 281 1046 1059 1089 171 158 1118 1053 1068 1190 1264 118 1015 1221 1044 1062 346 174 1156 163 1075 1152 1061 177 1049 1215 1166 1038 1054 1160 1051 1138 1034 1016 1097 137 1020 1151 1032 1013 1091 1100 1050 1125 1070 280 172 1001 1003 1027 1186 278 1023 1137 1042 125 1170 1098 1045 126 1008 1161 1103 1014 173 1139 1069 1130 274 1101 175 1066 1007 1052 1025 1128 1079 76 1065,170 176 1031 279 1012 1011 1006 1019 1002 1064 1018 179 180 281 158 1068 118 1015 346 174 163 1075 177 1038 1016 137 280 172 1001 1003 278 125 1045 1014 173 274 175 1066 1007 1128
120,66,1190 1081 1113 1100 1044 163 1156 76 1099 1019 1023 1098 1135 1152 1048 1138 171 1012 126 1154 1130 1028 278 1025 1001 1060 1086 1221 1035 1015 167 1022 1101 1070 114 1045 1091 176 1079 1087 1161 1134 1038 1096 1145 281 1151 1124 1051 1006 1128 1062 1016 1166 1123 1059 1085 173 1163 1097 1020 1031 1139 1014 1178 1030 1107 1216 1033 1075 1003 1042 1011 1066 1064 1053 274 1008 1052 1049 1170 1027 180 1264 280 1132 1013 1103 161 1089 1018 279 174 127 113 1076 30 1140 1061 172 1110 1118 1160 151 1095 1043 1069 1215 1131 1186 1034 1094 1137 1065 158 1108 1068 177 1002 1046,163 1019 1012 278 1001 1015 1045 176 1038 281 1006 1128 1016 173 1031 1014 1075 1003 1011 1066 1064 274 180 280 1018 279 174 127 172 158 1068 177 1002
120,67,1160 1079 1034 1011 1053 1099 1098 174 172 167 1032 179 170 279 1110 1027 1086 1113 1003 1061 1140 1135 1038 180 171 1170 1161 126 1045 1145 1035 1134 1101 1070 137 1033 1062 127 113 278 280 158 1013 1096 1059 161 1018 1156 1048 1215 1130 30 1152 1151 1221 1108 1094 1023 1125 1019 1097 1100 1065 1016 1124 1001 1216 1085 1054 151 114 1163 1154 1190 1068 1107 1064 1087 1138 163 1137 1103 1044 1095 1022 1002 1014 1020 1042 1081 1075 1008 118 1091 1051 1021 1025 1264 1128 281 1030 1166 177 1060 1178 1123 1076 1186 175 1007 173 1089 1028 1139 1066 76 1031 1069 176 1052,1011 174 172 179 170 279 1003 1038 180 1045 137 127 278 280 158 1018 1019 1016 1001 1068 1064 163 1002 1014 1075 118 1128 281 177 175 1007 173 1066 1031 176
120,68,1031 1035 1076 1130 1113 1023 1089 1186 1021 1163 1146 125 1128 1160 1060 1042 1066 1032 1006 1011 1135 1034 1030 1069 1101 1020 173 1043 1096 137 1154 1007 1059 1086 281 161 280 1048 1125 174 1138 1053 1108 1051 1033 113 1075 1015 1079 1098 1095 1107 1018 1134 127 1110 170 171 1028 1064 1166 1002 1178 1081 76 1170 1100 176 1062 1044 1003 1027 1061 1008 1001 1097 1052 1046 1013 1215 30 1264 1025 1014 1099 177 1070 1216 1016 114 1139 1050 126 1045 1140 1038 1156 158 175 151 118 1068 1123 1190 1012 346 274 1091 1065 179 1131 279 1019 1161 180 1132 1137 1094 1103 172,1031 125 1128 1066 1006 1011 173 137 1007 281 280 174 1075 1015 1018 127 170 1064 1002 176 1003 1001 1014 177 1016 1045 1038 158 175 118 1068 1012 346 274 179 279 1019 180 172
120,69,177 1061 1095 1015 1031 173 1075 1001 1151 1003 1070 1054 1135 1025 1068 1096 1021 127 1221 1014 1020 137 1069 1113 161 175 1016 1006 1154 1081 1137 1053 1097 1124 1060 1012 1066 1152 279 1131 151 346 1216 1065 278 1215 1049 1190 1170 76 1030 280 179 1107 1038 180 1146 1123 1086 1059 1108 1186 1161 1013 1138 1052 1094 1160 1166 1079 1035 1043 125 167 1023 126 1103 1033 1140 174 1007 1145 1100 1045 1028 1156 1051 1022 1018 163 274 113 1019 170 1089 1048 1046 1002 1087 176 158 1101 1064 1076 1062 171 1011 1125 1042 1118 1032 114 281 172 1050 1128 1027 1130 1085 1098,177 1015 1031 173 1075 1001 1003 1068 127 1014 137 175 1016 1006 1012 1066 279 346 278 280 179 1038 180 125 174 1007 1045 1018 163 274 1019 170 1002 176 158 1064 1011 281 172 1128
120,70,1110 1075 1025 1087 1085 179 1001 1156 1061 1053 174 1038 1018 281 1068 1012 1091 125 1163 1043 1089 1066 1098 167 1022 175 1151 1264 1059 1170 114 1134 1035 1139 1019 118 1086 1060 346 173 1108 158 1135 1097 1100 1015 1042 1107 1125 1152 1030 1046 180 1113 1190 1034 76 176 1021 1002 1006 137 1062 1011 1070 1016 1221 1027 1146 1131 1049 177 1140 1014 163 1044 1096 1137 1033 1215 1065 1094 1186 1008 172 1160 1031 170 1045 1145 1050 1161 1101 1023 1178 1118 274 1013 127 126 161 1028 1003 30 1130 113 1103 1095 1052 1154 279 1069 1076 1081 171 1020 1124 151 1166 1051,1075 179 1001 174 1038 1018 281 1068 1012 125 1066 175 1019 118 346 173 158 1015 180 176 1002 1006 137 1011 1016 177 1014 163 172 1031 170 1045 274 127 1003 279
120,71,1221 1132 1062 172 1098 1131 1100 1089 1096 1107 179 125 1087 1025 1094 1075 114 1023 1124 1003 1046 1028 1050 1161 1134 1018 161 1048 1001 1030 30 1002 76 281 1007 151 1085 1151 1128 1163 1095 1140 1190 280 1022 1103 118 177 278 170 1137 180 274 127 1014 1123 1135 1091 171 1019 346 1068 1146 1139 126 1049 1170 1035 1160 1110 1081 1061 1118 1099 1086 1011 1152 113 173 1054 1032 1015 1070 163 1020 1130 1016 1008 1042 1044 1060 1264 1108 1138 1053 1013 1076 1216 176 1069 1215 1154 175 279 1027 1045 158 1031 1145 1052 1021 1043 1051 137 1101 167 1065 1113 1097 1066,172 179 125 1075 1003 1018 1001 1002 281 1007 1128 280 118 177 278 170 180 274 127 1014 1019 346 1068 1011 173 1015 163 1016 176 175 279 1045 158 1031 137 1066
120,72,1018 1125 1100 279 1094 1049 175 1139 137 1019 1008 1069 1062 1054 1042 1091 1124 1068 1146 1081 114 1007 151 1107 1021 1023 1152 180 1118 1065 1135 1087 1110 1043 1085 1128 1032 1089 1132 1060 1011 274 1221 1166 1154 1053 1101 1033 1186 1014 1044 1013 1079 1108 167 1160 1137 1070 1025 1264 1059 1086 1163 1076 76 176 1038 127 1134 1178 1048 1001 1015 163 1098 113 1140 171 1035 1190 1028 1027 1012 1130 1003 1020 161 280 1097 1050 1215 1096 174 1145 125 1046 1030 1022 1156 1002 1006 281 1045 1103 1123 1161 1095 1034 1170 1075 1113 173 179 1138 1131 1151 1066 278 346 118,1018 279 175 137 1019 1068 1007 180 1128 1011 274 1014 176 1038 127 1001 1015 163 1012 1003 280 174 125 1002 1006 281 1045 1075 173 179 1066 278 346 118
120,73,1151 1062 1008 180 113 1108 1086 1110 1016 1132 1140 1166 1052 1186 1035 1075 176 1033 1098 1002 1113 1027 1060 1170 1215 175 1154 1146 30 1094 1064 161 151 1156 1003 1053 1085 179 1097 118 1018 172 1100 1020 1013 1001 1068 1264 126 1012 1045 1160 1123 1028 1128 1096 114 1015 1076 1095 1138 1069 1131 1022 1089 173 1061 1137 137 170 1107 1025 1099 1091 163 1161 1178 346 1019 1043 279 1030 1216 1007 1038 1125 1145 1103 1032 1048 1054 1118 1011 1070 1152 1050 1124 174 1081 1135 1021 158 281 1014 1101 1023 1079 1031 1049 177 1130 1139 1065 171 167 1163 1051 1059 1042 125,180 1016 1075 176 1002 175 1064 1003 179 118 1018 172 1001 1068 1012 1045 1128 1015 173 137 170 163 346 1019 279 1007 1038 1011 174 158 281 1014 1031 177 125
120,74,1007 1123 1163 1062 1021 281 1064 1131 1151 1019 1134 1048 1096 161 1070 1051 1033 1034 1061 1038 1046 1081 167 151 1052 1042 1097 1011 175 1069 1170 1216 1089 1020 1156 1140 1023 158 118 1059 1027 30 1091 1016 172 1137 1110 1100 76 1022 170 1043 126 1035 1049 176 1146 1221 1068 1161 1045 1003 1028 1154 177 278 1190 1132 346 1025 1065 1095 127 1002 171 1128 125 279 1099 1113 274 1054 1006 1018 1085 1138 1008 1118 137 1079 1166 1125 1013 1130 1152 114 1135 1101 1098 179 1124 1107 1086 163 1186 1215 1050 1160 1075 1030 180 1001 1060 1015 1139 1066 1032 1076 280 173,1007 281 1064 1019 1038 1011 175 158 118 1016 172 170 176 1068 1045 1003 177 278 346 127 1002 1128 125 279 274 1006 1018 137 179 163 1075 180 1001 1015 1066 280 173
120,75,114 1264 1091 1139 1038 1089 1170 161 1070 1190 173 1128 1160 1002 1163 1048 1019 1032 1096 1131 1156 278 281 1094 1098 1011 1013 1085 126 1008 1076 1125 1101 1059 1033 1178 176 1050 1161 1103 1003 1079 1081 1151 1064 280 1014 172 1031 1015 1075 1016 1006 1069 1023 1051 1043 1025 151 1221 1086 76 1052 1118 170 1108 1054 127 1095 279 1060 1045 1134 171 1110 1068 1186 1138 1012 1135 1021 1132 1216 1053 1140 1123 174 167 30 1215 1044 1137 158 113 1035 1028 1146 118 1034 1065 1099 177 1152 1097 1022 1130 346 1087 1145 274 1062 137 125 1061 1001 1113 1046 163 1007 1030,1038 173 1128 1002 1019 278 281 1011 176 1003 1064 280 1014 172 1031 1015 1075 1016 1006 170 127 279 1045 1068 1012 174 158 118 177 346 274 137 125 1001 163 1007
120,76,1146 1190 173 1161 1032 1145 1098 1060 1022 1031 170 280 1124 1011 1054 1038 274 1023 1050 1030 171 1053 167 1097 1166 1007 1025 172 1061 1048 175 176 1095 174 1110 1108 1152 1107 1094 1028 1075 1064 1013 1008 1035 1151 1068 279 1138 1051 281 346 1140 180 1014 1052 1087 1264 1016 1134 1101 1216 1118 1137 1131 1100 1139 125 1085 1079 1178 118 163 1046 1034 1043 113 1125 1103 1062 1042 1044 1019 1096 1066 1059 1002 127 1132 1123 1015 1065 137 177 158 1130 179 1221 161 1020 30 1045 1021 1135 1091 1154 126 1006 1076 1001 1099 1081 1027 1089 76 1012 1163 1160 114 151,173 1031 170 280 1011 1038 274 1007 172 175 176 174 1075 1064 1068 279 281 346 180 1014 1016 125 118 163 1019 1066 1002 127 1015 137 177 158 179 1045 1006 1001 1012
120,77,1140 173 175 1098 1156 1034 274 1053 1190 118 1031 114 1065 278 1064 1161 1060 1027 1046 1045 1163 1091 1075 1021 137 1014 1152 1022 176 1012 1013 1166 1087 1068 1033 151 1146 1138 127 1186 1154 1086 1132 1061 172 1059 1032 1020 1038 1097 1062 1035 1016 1018 1048 158 1081 1070 1096 1137 1001 1100 125 1003 1006 281 1042 1178 1044 1221 1134 161 1160 1131 1089 1043 1079 1125 1118 1107 1139 1264 1030 113 126 1151 1145 1108 1049 1019 1051 30 180 1099 1123 163 1135 1113 1023 346 1025 1008 1085 1124 1128 1007 1028 1052 76 174 1215 1110 1170 1095 1066 1103 1054 179 1130 1069,173 175 274 118 1031 278 1064 1045 1075 137 1014 176 1012 1068 127 172 1038 1016 1018 158 1001 125 1003 1006 281 1019 180 163 346 1128 1007 174 1066 179
120,78,1123 1022 1069 167 1049 30 1054 281 280 1130 1161 1052 1108 1035 170 175 1166 1096 278 1163 1085 1100 1190 1044 1178 1015 1008 1070 1007 1081 346 1019 114 1264 1060 1098 274 1045 179 1132 1012 1061 172 1006 1097 125 1068 1079 1135 1059 1099 1076 1087 1021 180 1066 1134 1018 1064 1145 1062 1154 1032 1215 1170 1033 173 1118 1140 1075 1138 1094 1053 1125 1124 1131 1011 1001 126 1050 1095 1086 163 1101 1016 1113 1110 1048 1139 1160 1030 1013 113 1031 151 1107 1014 279 1043 1034 1051 171 1023 137 1025 118 1103 1186 1091 1089 1028 1046 76 127 1156 1065 1020 1137 174 1038,281 280 170 175 278 1015 1007 346 1019 274 1045 179 1012 172 1006 125 1068 180 1066 1018 1064 173 1075 1011 1001 163 1016 1031 1014 279 137 118 127 174 1038
120,79,1190 1033 1086 1113 1101 1264 1061 1062 1001 1095 118 1160 1018 1216 1016 173 1076 1134 1069 1059 1048 1139 113 278 167 177 158 180 1007 125 1044 1130 1128 1065 1013 1103 1014 1098 114 1070 1066 1030 1118 1124 1145 1132 1170 1137 1011 1028 1075 30 1096 1097 176 1042 1050 1049 281 1131 1091 1034 171 172 1099 1046 1123 1003 1094 1023 1154 274 1068 151 1012 1215 1079 175 1166 1108 1146 1060 1031 1161 1156 1163 1006 170 1052 1152 161 1151 1053 1035 1051 179 1045 1087 1089 1020 1221 1125 1178 1021 1085 1019 1186 174 1138 1002 163 126 1022 1027 1107 346 1135 1015 1032 1100,1001 118 1018 1016 173 278 177 158 180 1007 125 1128 1014 1066 1011 1075 176 281 172 1003 274 1068 1012 175 1031 1006 170 179 1045 1019 174 1002 163 346 1015
120,80,1215 114 1156 1016 281 1022 1053 1097 76 1163 1068 172 1012 1002 1098 1186 1118 1044 1089 1125 118 1038 1034 278 151 171 1025 127 1138 1054 1087 1135 1061 1096 1095 1045 1113 1065 1052 1161 1139 161 1003 1100 1051 1008 158 1001 177 1069 179 1049 1043 1091 280 1094 1013 1123 1128 1124 176 1130 1076 1178 1154 1160 167 1132 274 1146 1018 1019 1050 1027 1081 1108 1066 1085 1030 1221 180 1028 1032 113 175 1170 1007 30 174 1042 1011 163 1216 1070 125 1190 1033 1064 1062 1086 1006 1015 1059 1099 1140 1101 1014 173 1048 1151 1079 1134 1145 1035 1166 137 1060 170 1107 1137,1016 281 1068 172 1012 1002 118 1038 278 127 1045 1003 158 1001 177 179 280 1128 176 274 1018 1019 1066 180 175 1007 174 1011 163 125 1064 1006 1015 1014 173 137 170
120,81,1139 1050 180 1264 1095 1107 113 1091 76 158 1068 1108 1089 1161 1046 1124 1054 1059 170 126 1008 1152 1137 1011 1044 1018 1100 137 1045 1170 1053 1015 1135 1118 1110 1051 172 1096 1064 1190 176 1131 1146 161 1025 346 151 1065 1123 1042 1075 1032 127 1006 1070 1033 1060 1099 1215 1151 125 1163 1166 167 175 1128 1021 1030 179 1038 118 1087 1094 1186 1066 1020 30 1086 1002 1007 1132 278 163 1178 274 1035 1016 1101 1113 1027 1130 1160 1061 1079 1013 1043 1097 1081 1028 174 1031 1098 1138 1125 1049 1076 1034 1085 1156 279 1048 1145 1023 1012 1022 1014 1001 1216 171 281,180 158 1068 170 1011 1018 137 1045 1015 172 1064 176 346 1075 127 1006 125 175 1128 179 1038 118 1066 1002 1007 278 163 274 1016 174 1031 279 1012 1014 1001 281
120,82,1012 174 1118 125 1107 1095 180 1028 163 1161 1085 114 1059 1019 158 1027 1215 1135 1048 113 170 1124 176 1070 1007 1076 1064 1216 1163 1030 1025 1014 1033 1113 1089 1151 1140 1145 1152 1021 1170 1190 151 1053 1065 279 1154 1096 1045 1066 179 1068 1221 175 1156 1008 161 1060 1079 1061 1003 1020 1098 1042 1006 1134 1264 281 1123 1186 1178 172 1015 1130 177 1146 274 1086 173 1069 1075 1043 1038 1099 1125 167 1087 1081 1160 30 1002 1011 1031 1137 1101 137 1138 1100 1046 1166 1103 1032 118 1054 1139 280 1022 1018 1131 1052 126 1097 1049 1094 1132 1108 1016 1034 1062 1023,1012 174 125 180 163 1019 158 170 176 1007 1064 1014 279 1045 1066 179 1068 175 1003 1006 281 172 1015 177 274 173 1075 1038 1002 1011 1031 137 118 280 1018 1016
120,83,1033 1138 151 1095 1050 1154 1079 158 1186 280 279 1156 1030 1062 180 1178 173 1110 1020 1061 1049 1034 1002 1070 177 1128 1100 1131 1161 161 172 1011 1059 1044 1125 1012 1028 1006 1042 1001 1007 179 1060 1091 1132 278 1019 174 1046 1215 175 30 1097 1013 1135 1016 1048 113 1023 1123 1051 1087 1045 1027 125 1025 1018 1170 1085 1151 1054 1118 1190 126 127 1152 281 163 1124 274 1098 1068 1107 1003 1015 1216 1069 1099 1145 1094 1075 114 1053 1139 1264 1140 1163 1103 1113 1014 76 1081 1052 171 1134 1086 1096 1065 1160 1032 118 1089 167 170 1130 1031 1076 1146 1043 346,158 280 279 180 173 1002 177 1128 172 1011 1012 1006 1001 1007 179 278 1019 174 175 1016 1045 125 1018 127 281 163 274 1068 1003 1015 1075 1014 118 170 1031 346
120,84,1124 1064 174 1087 1216 1107 1156 1134 1154 1011 1012 1125 1099 1003 1161 1046 171 1022 1035 1070 1108 1118 1101 274 1166 1034 1186 1023 1007 1139 1006 161 1069 1163 1095 1221 113 1215 1113 1001 1135 1094 151 1051 1178 1128 1190 1096 1061 1079 1132 1002 1123 1019 180 114 125 172 1033 1076 118 280 1030 1130 1098 1091 1016 1086 1151 1075 1097 1044 1138 1081 1049 1085 1032 179 1031 346 1062 1065 281 1018 1028 279 1025 1043 170 127 1008 1050 1054 30 1020 1027 1045 1048 1060 1264 1089 1146 1053 175 1152 1015 1145 1068 163 177 1038 1013 1014 1170 1137 1131 137 76 1052 1042,1064 174 1011 1012 1003 274 1007 1006 1001 1128 1002 1019 180 125 172 118 280 1016 1075 179 1031 346 281 1018 279 170 127 1045 175 1015 1068 163 177 1038 1014 137
120,85,1264 1025 151 1103 180 1061 1100 1008 1101 1069 1186 1123 1046 1085 1030 1098 176 1128 1137 274 1110 1042 1038 1081 1012 1113 1049 279 76 177 1216 1019 1060 1161 1130 1065 1094 1032 1053 125 1045 1221 1086 1064 1079 1033 278 1023 1075 1178 1015 1050 1052 1140 1156 1154 1097 161 1091 1152 171 1096 126 1022 1051 1145 1095 1108 167 1070 1048 175 1034 137 1027 1160 1125 1003 1043 1170 1190 1002 114 1076 1013 127 172 1163 1011 174 1001 346 280 1146 163 1132 1151 1118 1215 1166 1135 1021 30 1018 1044 1068 1089 173 1006 158 1099 1035 113 1062 1031 1124 281 1028 1020 1131,180 176 1128 274 1038 1012 279 177 1019 125 1045 1064 278 1075 1015 175 137 1003 1002 127 172 1011 174 1001 346 280 163 1018 1068 173 1006 158 1031 281
120,86,167 1008 114 1118 126 1066 1020 1042 1151 1103 137 179 1015 1086 1035 173 1139 127 172 1166 1054 1048 1013 1050 1069 1098 1128 175 1016 1123 1156 346 1025 1097 1190 1033 1100 1099 274 1132 1003 1085 151 1130 1060 1091 1138 1006 1027 1096 170 30 176 1065 1079 1064 1061 278 1170 1022 1018 1023 1137 1031 1007 279 1053 1101 1145 1076 1221 1038 1043 1146 280 76 1032 163 1186 1019 1095 1089 1113 1030 281 1216 1052 1094 1070 1011 1161 1034 1154 1131 1264 174 1051 177 1075 1152 180 1135 1081 1107 1134 1163 113 1062 171 118 1002 1021 1125 1124 1001 1108 161 1068 1140 1215,1066 137 179 1015 173 127 172 1128 175 1016 346 274 1003 1006 170 176 1064 278 1018 1031 1007 279 1038 280 163 1019 281 1011 174 177 1075 180 118 1002 1001 1068
120,87,137 1160 1048 163 1033 1163 1221 1145 1137 1002 127 1062 161 114 1154 1032 1012 280 278 1098 1069 1101 1068 1043 1007 1061 1034 1008 1085 1015 346 1066 1003 1027 151 1022 1059 1132 173 118 1019 1125 1146 1001 1051 1138 1044 1086 1053 175 1054 1123 180 167 174 1038 171 1108 1087 1046 126 1216 279 1099 1031 1052 1161 1020 1050 170 1021 1025 1094 1091 113 1064 1103 1118 1151 158 1081 30 1135 274 176 76 1134 1131 1128 1110 1100 177 172 1190 1215 1096 1140 1028 125 1070 281 1186 1097 1079 1011 179 1152 1049 1156 1089 1264 1075 1130 1113 1166 1045 1095 1124 1006 1030,137 163 1002 127 1012 280 278 1068 1007 1015 346 1066 1003 173 118 1019 1001 175 180 174 1038 279 1031 170 1064 158 274 176 1128 177 172 125 281 1011 179 1075 1045 1006
120,88,172 346 125 1062 1128 1264 1135 175 1221 1032 171 1138 1099 179 1068 1125 1166 1049 1069 1018 1059 1089 1087 1066 1145 1046 1081 1030 1038 1095 118 1160 1015 1137 1110 1086 1103 1031 167 1043 1065 1216 1053 137 279 1034 1033 30 1079 1130 280 126 1048 1008 1170 127 281 1045 1022 1178 1132 1076 114 1139 1161 1123 113 1020 1070 1151 1025 1124 1113 1023 1154 1108 1013 1061 174 1118 1002 1028 1131 1035 1098 1044 1097 177 1060 1001 173 1163 170 1064 1101 1140 151 1156 274 1011 1021 1091 1014 158 1007 1186 1019 1096 161 1146 1027 1042 278 76 1003 1100 1134 1054 1075 1094,172 346 125 1128 175 179 1068 1018 1066 1038 118 1015 1031 137 279 280 127 281 1045 174 1002 177 1001 173 170 1064 274 1011 1014 158 1007 1019 278 1003 1075
120,89,1075 1132 151 1034 30 125 281 1042 1031 161 1138 1081 1178 1096 1140 1264 1027 1103 1131 1123 175 158 1007 1095 1215 1050 180 1064 1118 1139 1015 1089 127 1012 1025 1163 1085 1006 1052 137 278 1086 176 1062 179 1221 1021 172 1113 1030 170 1107 1099 1145 1108 1146 1154 1003 1046 1069 1100 1020 1023 1098 1053 1135 177 1170 1101 1124 1097 1152 1137 1032 1011 114 1125 1013 1110 1076 346 1091 1186 1059 1066 1054 1048 1038 126 1051 1002 1014 1028 167 1043 1151 1044 279 171 1087 1022 1001 1065 1134 1033 1130 1008 1016 76 1070 174 1068 1094 1018 1045 113 163 1190 1019 1156,1075 125 281 1031 175 158 1007 180 1064 1015 127 1012 1006 137 278 176 179 172 170 1003 177 1011 346 1066 1038 1002 1014 279 1001 1016 174 1068 1018 1045 163 1019
120,90,1108 1151 170 1216 281 1031 175 1064 1132 172 1011 151 76 1003 279 1097 1049 171 1044 1054 1140 137 1125 1089 1160 1186 1016 1038 1110 1103 1070 1096 1051 1065 1086 167 1190 1050 1014 1076 1139 1131 1069 1107 1020 1045 1081 1018 1170 1130 1043 1075 125 1221 1068 1123 1145 1012 1154 113 280 1015 278 1022 1264 1060 1032 1062 1095 1178 1042 1023 1021 1146 1087 1085 30 1079 1028 158 118 1007 1025 1019 177 1046 114 1113 1002 1052 1152 1027 1100 1215 1101 163 1128 1061 1030 1001 1118 1013 1161 179 1099 1006 1053 127 1156 1008 1035 1134 1066 1059 1163 1166 176 174 1098 161,170 281 1031 175 1064 172 1011 1003 279 137 1016 1038 1014 1045 1018 1075 125 1068 1012 280 1015 278 158 118 1007 1019 177 1002 163 1128 1001 179 1006 127 1066 176 174
120,91,1154 1131 1146 1190 1019 1021 1107 1098 1018 1049 346 1015 1012 1031 1124 1022 1085 1086 113 114 1060 1035 163 1052 1089 1062 1163 1140 1043 1050 1065 118 1161 1053 1081 1032 1118 137 1025 1023 1076 274 151 1016 180 1108 1070 175 1097 161 1099 1137 1011 1087 1048 1028 1138 1215 1068 30 1101 158 1014 280 1095 179 170 281 1152 1096 1064 1170 1094 1110 1166 1216 1079 1013 1027 1046 76 171 1186 1066 1113 1151 1002 1221 1033 1059 1132 1008 1100 1034 1020 1091 1123 1160 1007 1006 177 127 278 1038 1001 172 1061 1135 1145 1103 1054 125 173 1069 1130 174 1178 126 1075 1042,1019 1018 346 1015 1012 1031 163 118 137 274 1016 180 175 1011 1068 158 1014 280 179 170 281 1064 1066 1002 1007 1006 177 127 278 1038 1001 172 125 173 174 1075
120,92,1003 1038 1163 114 167 1007 1075 1131 1128 1031 1081 1100 76 1006 1065 1151 1097 1076 1025 1190 174 1160 176 1098 278 1021 1062 1014 175 1068 1095 1152 1124 1094 1264 1054 1061 1028 1110 1096 1101 1027 1113 1125 125 1134 1140 1011 1123 113 1043 1089 1052 1118 1034 1161 1107 1045 1046 1099 1002 1087 1013 1132 1064 1216 1145 1022 179 1156 1146 1030 1103 1019 1186 1135 1137 170 1060 1044 346 180 137 1050 1178 1066 30 126 172 1053 118 173 161 1221 1008 1059 1051 1138 1020 1108 1069 1049 158 127 1048 1012 1091 1033 1085 1215 281 1070 1018 171 151 1032 279 1016 1170 1139,1003 1038 1007 1075 1128 1031 1006 174 176 278 1014 175 1068 125 1011 1045 1002 1064 179 1019 170 346 180 137 1066 172 118 173 158 127 1012 281 1018 279 1016
120,93,1094 1060 1053 1013 1025 176 180 137 1161 1166 1003 280 1050 1160 114 1086 1151 1216 1264 1064 1048 177 1087 1016 1146 1085 127 1023 1015 1076 1034 113 1031 1049 1069 1103 1079 167 1137 1061 1042 1178 1062 1108 1098 1038 1190 170 1132 1123 1118 1032 1089 1099 1110 1021 1101 1081 1145 1066 1100 1134 1130 1007 1156 1011 151 1027 1128 1022 1125 1091 30 1152 1018 1006 274 126 1052 179 1035 1043 1096 1001 1131 346 278 76 281 1068 1186 1095 174 171 1113 1215 1140 279 1070 1002 1154 1051 1045 175 1097 1033 1124 1019 118 1107 172 1075 1020 1012 125 1163 1138 1008 1059 161,176 180 137 1003 280 1064 177 1016 127 1015 1031 1038 170 1066 1007 1011 1128 1018 1006 274 179 1001 346 278 281 1068 174 279 1002 1045 175 1019 118 172 1075 1012 125
120,94,1146 1049 1052 1151 1264 1113 170 1135 1065 1094 167 1013 76 163 1131 1046 30 1042 1054 1070 1186 1132 1139 1062 1038 1034 1101 278 1221 274 1066 172 1035 1015 1103 137 1178 1060 1003 1011 1110 1095 1021 1160 281 1107 176 151 1166 126 1053 1064 1050 1190 1001 1023 1124 1032 175 280 1096 1076 177 1031 1091 1028 1099 1125 1059 1128 1087 346 1170 1014 1140 279 1069 118 1137 1025 1130 1123 1022 1033 1019 114 1216 125 1007 1048 113 161 1043 1086 158 1027 1061 180 1134 1108 1079 1152 173 1138 1118 1016 1097 171 1075 1154 1145 1020 1156 1051 1163 1098 1085 179 1012 1006,170 163 1038 278 274 1066 172 1015 137 1003 1011 281 176 1064 1001 175 280 177 1031 1128 346 1014 279 118 1019 125 1007 158 180 173 1016 1075 179 1012 1006
120,95,1014 1027 175 1190 1091 1101 1096 1089 1054 163 1086 1021 1098 167 1113 346 1215 127 1059 1012 1035 1020 125 1033 1006 1125 1135 1032 1079 1137 177 1050 1099 1066 1103 1013 161 1170 1131 1138 1221 113 1094 1007 1015 1042 1051 1070 281 1030 1062 1110 1178 1043 179 1075 1152 1076 171 1161 158 1028 1044 1016 1216 1060 1053 1186 1097 1045 1003 1146 126 1151 1049 1025 172 1160 1052 1087 1061 1132 1023 1140 1100 1011 1154 1069 1264 1145 1034 1095 1064 1001 1085 1065 170 278 1046 1048 1002 174 1124 76 280 118 1134 274 1031 1139 1019 279 176 173 1081 1123 1008 1107 30 1163,1014 175 163 346 127 1012 125 1006 177 1066 1007 1015 281 179 1075 158 1016 1045 1003 172 1011 1064 1001 170 278 1002 174 280 118 274 1031 1019 279 176 173
120,96,1014 1139 1062 1087 1046 1002 346 278 1053 161 1103 1186 1043 1038 1048 1160 1134 1065 1123 158 151 1052 173 1264 170 1075 1146 1069 280 1100 1145 127 1006 1032 1050 1059 1095 1064 1215 1137 1178 1130 171 1019 1107 1140 1096 1023 1035 1033 1098 274 1022 281 1054 1089 1060 1125 1013 1132 1025 1161 1138 118 1085 1099 76 174 1018 1076 1156 1113 175 126 1135 1044 1097 172 1051 1216 177 137 279 1152 1049 1128 113 1030 1003 1170 1031 1163 1042 1166 1068 1131 125 1061 1008 30 1012 1021 180 1221 1066 176 1011 1079 1154 1016 1091 1110 1081 1124 1108 1151 1190 1094 167 1118,1014 1002 346 278 1038 158 173 170 1075 280 127 1006 1064 1019 274 281 118 174 1018 175 172 177 137 279 1128 1003 1031 1068 125 1012 180 1066 176 1011 1016
120,97,1023 1100 280 174 1022 1043 1086 127 1075 167 1064 1015 158 1118 161 1016 1091 1178 1123 1161 137 1081 1186 1059 1021 1146 279 1012 177 1216 1190 1068 126 346 1025 179 1139 1145 1006 1156 1031 1096 1061 1166 1011 1095 1050 1051 30 1042 1052 281 1125 1131 1098 1053 1049 1085 1094 151 114 1060 1152 1097 1154 1054 118 1046 113 1138 1128 1110 1020 1038 1027 1003 1140 1079 1001 1018 125 1034 1062 1066 1101 1087 1170 1065 1014 1048 1151 1030 278 1103 1160 1264 1108 76 1045 1033 1007 1032 1099 1134 274 1137 1124 1163 1130 1089 171 163 1008 175 1028 1215 1002 180 172 1035,280 174 127 1075 1064 1015 158 1016 137 279 1012 177 1068 346 179 1006 1031 1011 281 118 1128 1038 1003 1001 1018 125 1066 1014 278 1045 1007 274 163 175 1002 180 172
120,98,1028 1215 1007 1030 1064 1101 1002 1051 1264 1108 1018 114 158 1075 1190 1068 1081 170 1095 1091 1137 173 1118 1134 346 278 1023 30 1062 118 1140 1044 1076 1046 1035 1052 1032 1098 1170 180 1124 1011 1042 125 126 171 1216 1146 1113 175 1049 1008 1013 1059 1110 1006 1103 1154 1053 1125 1096 1016 151 1089 1020 1001 113 177 274 1145 1107 1038 1003 1132 1043 1066 1186 161 1128 1086 279 1014 1015 1085 1156 1065 1060 1152 1050 1100 1045 1160 1097 1019 1163 1221 1123 1069 172 127 1034 1031 1054 1151 1135 1131 280 1025 1099 1087 1094 1012 1070 174 1138 176 179 1178 1139 76,1007 1064 1002 1018 158 1075 1068 170 173 346 278 118 180 1011 125 175 1006 1016 1001 177 274 1038 1003 1066 1128 279 1014 1015 1045 1019 172 127 1031 280 1012 174 176 179
120,99,76 114 1044 1264 1070 137 1166 1032 1042 171 1018 1050 1118 113 175 167 1081 1012 1079 1124 1011 1034 1048 1215 1038 1125 1035 1060 1049 1221 1108 177 30 279 274 1098 1022 1008 1089 170 1095 125 1130 1061 158 1170 127 1154 1064 1069 1139 151 1014 1123 126 1086 1007 1028 1132 1001 1046 1152 1045 1019 1135 118 1013 1030 1043 346 163 1065 280 1091 1103 1151 1134 1016 1068 1100 180 1156 179 1053 1137 1085 1101 1002 1006 1051 1020 1131 1054 172 1094 174 1003 1031 1190 1033 1059 1097 173 1128 1096 161 1099 1087 1052 1145 1023 1216 1066 176 1140 1110 278 1161 1160 1021,137 1018 175 1012 1011 1038 177 279 274 170 125 158 127 1064 1014 1007 1001 1045 1019 118 346 163 280 1016 1068 180 179 1002 1006 172 174 1003 1031 173 1128 1066 176 278
134,0,1034 1130 113 1145 1221 346 1002 1021 1123 1156 1069 1014 1030 1043 125 1095 1022 1086 1215 1049 1134 1103 1100 1135 175 1001 1066 1046 1019 1079 1061 1178 1087 1137 1140 1006 1098 76 1018 1016 1064 1012 1151 177 1163 1031 172 1033 126 170 137 1081 114 1264 167 1152 1032 1216 1113 163 1065 1025 1160 1089 1124 1075 1125 280 279 118 1128 1054 1028 176 1008 1094 1154 1007 1027 1068 1059 1060 1118 173 1097 30 1161 171 1186 1138 1045 1035 1146 1015 1050 1166 1107 127 1076 1053 1042 278 1108 174 158 1190 161 1038 1085 1052 1023 1170 1139 281 1013 1091 1110 274 1101 1062 1020 1096 1011 179 1048 1131 151 180 1044 1132 1070 1003 1099 1051,346 1002 1014 125 175 1001 1066 1019 1006 1018 1016 1064 1012 177 1031 172 170 137 163 1075 280 279 118 1128 176 1007 1068 173 1045 1015 127 278 174 158 1038 281 274 1011 179 180 1003
134,1,1216 171 1138 1178 175 176 1060 1059 1015 1081 1125 1045 158 1152 1130 1134 1128 1221 1154 1001 274 1006 1091 1016 1163 1046 1050 1031 1151 1053 76 1096 1098 1061 1085 163 1043 1027 1161 1075 118 127 1103 1042 1018 1118 1038 1099 1087 1030 1003 1186 30 1008 1014 1023 1068 172 346 167 1062 1035 177 1113 173 1094 126 1264 1002 1110 1044 1007 180 280 1101 1012 1124 1131 1069 1049 137 1095 1160 1145 1025 1097 279 1032 1086 151 1070 1011 1019 1123 1021 1051 1033 1079 1054 179 1065 1135 1048 1020 1108 174 1100 1022 1052 1146 1089 1139 113 1140 1013 1064 1066 114 1137 1166 170 1190 1107 1170 1132 278 1156 281 1028 125 1215 1076 161 1034,175 176 1015 1045 158 1128 1001 274 1006 1016 1031 163 1075 118 127 1018 1038 1003 1014 1068 172 346 177 173 1002 1007 180 280 1012 137 279 1011 1019 179 174 1064 1066 170 278 281 125
134,2,1107 1034 1045 1011 1087 1103 1043 1264 1060 1013 1030 1138 1099 346 1100 1186 1135 1064 1146 1125 1042 1152 1062 1066 1054 278 1139 1046 1044 1014 126 1028 1140 1076 1178 113 1027 161 1124 1123 179 30 1110 1025 177 1051 1216 1221 151 1003 1033 175 1145 176 1001 1101 1061 1086 1215 1170 174 1085 1019 1160 173 1075 1002 1096 1151 1094 274 114 1068 1130 1007 1154 163 167 1118 1089 1023 1190 1016 1050 1097 158 1131 1128 170 1161 1020 118 1081 1006 76 1108 1163 1095 280 1166 279 1137 137 1113 1132 125 1049 1032 1018 127 1069 1070 1052 1038 1091 1035 1079 1048 1059 171 1053 1031 180 1098 1021 172 1156 1012 1065 1008 1015 281 1022 1134,1045 1011 346 1064 1066 278 1014 179 177 1003 175 176 1001 174 1019 173 1075 1002 274 1068 1007 163 1016 158 1128 170 118 1006 280 279 137 125 1018 127 1038 1031 180 172 1012 1015 281
134,3,1070 1062 1054 1064 1013 163 1130 1135 1095 158 1096 1151 180 1161 173 1178 151 1145 1110 1025 1045 1035 1123 1065 1156 1128 1068 1086 279 1160 1052 167 1048 1001 1015 1103 172 1100 1091 1089 1046 1011 1076 274 1264 30 171 1027 1081 1152 175 1163 1049 170 1030 1022 1003 1066 1016 1137 1007 1170 1069 1215 1059 1021 1166 1098 1033 179 1012 1032 1139 176 177 1107 125 1006 1146 118 1216 1132 127 1034 1085 346 1221 1124 1087 1108 278 1018 1002 1131 1023 1060 114 126 1020 1140 1190 1113 1053 1028 1075 1154 1031 1019 174 113 1042 1101 1079 1134 1138 1038 161 1094 137 281 1186 1118 1097 1051 1099 1061 1044 1008 280 1043 1050 1014 1125 76,1064 163 158 180 173 1045 1128 1068 279 1001 1015 172 1011 274 175 170 1003 1066 1016 1007 179 1012 176 177 125 1006 118 127 346 278 1018 1002 1075 1031 1019 174 1038 137 281 280 1014
134,4,1032 1216 172 1015 1022 1091 1069 113 1161 1050 278 1038 1163 1125 1025 1086 1132 125 1060 1062 1027 1075 1081 1166 1018 180 1186 1221 1131 1190 1124 274 1020 1137 1054 1087 1003 1101 151 1061 1099 177 1033 1138 126 1095 1031 1065 1140 1103 1048 1096 1068 1006 1042 118 158 1051 1130 1076 1100 1134 171 127 173 179 1098 280 1019 137 1016 1160 114 175 346 174 1023 1110 161 1085 1013 1151 1170 1049 1152 1066 1011 1113 1146 1030 1014 1035 1215 170 1107 30 1053 1064 1154 1034 279 1045 1264 163 1007 1001 1002 1052 1089 1123 1094 1046 1118 167 281 1043 1079 1008 1028 1070 1097 1012 1021 176 76 1059 1178 1139 1128 1156 1145 1044 1135 1108,172 1015 278 1038 125 1075 1018 180 274 1003 177 1031 1068 1006 118 158 127 173 179 280 1019 137 1016 175 346 174 1066 1011 1014 170 1064 279 1045 163 1007 1001 1002 281 1012 176 1128
134,5,1046 1118 1139 1065 1003 1221 1096 1178 1135 1002 1069 1053 1152 113 1091 1032 1161 30 1031 1075 1066 1033 175 1089 1132 1038 1044 1020 180 1028 1113 1154 1023 1124 114 1035 274 1125 1025 1100 1015 1050 1151 1107 176 1076 127 1064 163 1018 151 346 279 1014 280 1086 1045 158 1146 1097 1070 1059 1001 1068 1052 1140 1085 1021 1007 1027 177 1016 1103 1054 1131 76 1094 1008 118 1138 1019 1081 1145 1087 1156 1190 1012 1216 1062 1051 170 1264 1049 174 1042 171 1060 1128 1101 172 1160 1043 1099 1098 1166 125 1123 1134 126 1095 1048 1110 1163 1079 281 1130 1013 167 173 1108 179 1022 1030 1011 1137 1186 1061 1170 137 1006 1215 161 278 1034,1003 1002 1031 1075 1066 175 1038 180 274 1015 176 127 1064 163 1018 346 279 1014 280 1045 158 1001 1068 1007 177 1016 118 1019 1012 170 174 1128 172 125 281 173 179 1011 137 1006 278
134,6,171 175 163 1110 1053 1163 1066 1118 113 1012 1006 281 1048 1170 1091 1016 1146 177 179 1046 1025 1156 1087 158 1014 1022 1103 1166 1007 1050 1098 279 1044 1132 1035 1097 1052 1125 1065 114 1154 1079 1020 1031 1060 280 1161 174 151 30 1001 1152 1135 1028 1145 1003 161 1061 1107 1113 1089 127 1190 1011 1137 1140 1054 1130 137 1139 1094 170 167 1043 1108 173 176 1018 172 1038 1221 1101 1086 1215 1069 1015 1062 1085 1264 1034 1151 1100 1070 278 1081 1131 125 346 1124 1178 1096 1033 76 1128 1042 1095 1138 1019 1059 1068 1186 1160 1030 1027 1008 1075 274 1216 118 180 1099 1021 1049 1023 1051 1123 1002 1076 1064 1032 1045 126 1134 1013,175 163 1066 1012 1006 281 1016 177 179 158 1014 1007 279 1031 280 174 1001 1003 127 1011 137 170 173 176 1018 172 1038 1015 278 125 346 1128 1019 1068 1075 274 118 180 1002 1064 1045
134,7,1068 1031 170 1043 1007 1085 1030 1110 1044 1032 1190 175 1123 1051 1215 125 1052 1135 1132 1045 1012 30 1060 1107 1038 1028 118 1138 1018 1099 1151 280 1070 1156 1075 179 1170 1087 180 1053 1033 1125 1152 137 172 1003 1089 1015 1079 1013 1134 1128 1023 1016 1137 1066 151 1140 1069 1131 1002 174 1186 163 127 1130 1019 1064 1103 1095 1145 1264 167 1100 1098 1118 171 1014 1061 1146 1065 1025 1154 1124 1062 1001 281 158 176 1086 1113 1097 1020 1006 1081 278 1049 1216 1059 114 1108 76 1166 1076 1101 1096 1094 1221 1048 1011 1160 279 1034 1021 1042 126 1046 346 1054 1008 1178 177 173 113 1163 1161 1022 274 1091 1035 1139 1050 161 1027,1068 1031 170 1007 175 125 1045 1012 1038 118 1018 280 1075 179 180 137 172 1003 1015 1128 1016 1066 1002 174 163 127 1019 1064 1014 1001 281 158 176 1006 278 1011 279 346 177 173 274
134,8,1031 279 1137 1069 1156 1070 1030 1064 76 1033 1131 173 1087 1107 1020 1045 1221 1038 1019 1130 1123 1002 1081 1027 1034 1085 151 1163 1264 179 1065 1161 1022 1099 1146 1016 281 30 1079 1012 176 1044 1066 1152 1089 1095 1124 161 1076 1015 1091 1128 1032 1094 1025 1048 1097 158 1011 1003 1060 280 126 1052 172 1216 1023 1170 1166 1096 1140 175 137 1113 1042 1186 174 278 1001 1151 1139 1134 1013 163 125 1051 1021 1061 1050 1054 171 1145 1008 1007 1110 1014 1075 1190 1101 1103 1059 1154 1086 1118 1160 177 1178 1098 1035 1125 118 113 167 1062 1132 1135 1053 180 274 1100 1018 1006 1049 1043 114 1108 1068 1046 346 1028 1215 170 127 1138,1031 279 1064 173 1045 1038 1019 1002 179 1016 281 1012 176 1066 1015 1128 158 1011 1003 280 172 175 137 174 278 1001 163 125 1007 1014 1075 177 118 180 274 1018 1006 1068 346 170 127
134,9,1006 1161 175 1052 1186 1033 1130 1059 1019 1124 1145 1065 1110 1013 1020 1221 1002 1054 1014 1061 1044 1046 114 1085 1042 1099 1022 1135 177 167 1008 151 1051 1035 1160 1089 1064 1138 1087 179 1028 1137 1139 163 278 280 1094 1016 1097 180 1079 174 1021 1190 161 137 1156 1091 1030 158 1062 1170 1216 1132 1070 172 1154 170 1027 1066 176 1068 125 1011 1107 1113 1100 1034 1003 1081 1215 1012 1086 1134 1125 1163 1076 1151 1025 1123 118 1069 1045 1075 1053 1131 1096 171 1140 1032 1264 1050 1015 1101 1043 1049 173 279 30 274 1166 1018 126 346 1098 1001 1031 1038 1103 1128 1095 127 1146 281 113 1118 1108 1060 1023 1178 1048 76 1007 1152,1006 175 1019 1002 1014 177 1064 179 163 278 280 1016 180 174 137 158 172 170 1066 176 1068 125 1011 1003 1012 118 1045 1075 1015 173 279 274 1018 346 1001 1031 1038 1128 127 281 1007
134,10,1118 172 1070 1145 1046 1097 1065 1061 1215 1018 170 76 1049 1087 1051 118 177 1050 125 1101 1178 1011 1019 1160 1048 1085 1128 1030 1022 1091 1032 1140 1086 127 1166 1060 1021 1016 1151 1131 1113 1052 1108 1053 1043 1075 1152 151 1132 1013 1137 280 1038 1031 1221 179 1103 1134 1156 174 1020 167 1096 1076 1023 176 1110 137 1079 1081 1161 1125 161 1015 114 1190 1025 1100 281 1064 1135 180 1069 1012 1054 1028 1089 1216 1163 1139 158 1007 1123 1186 1154 175 1066 278 1062 1107 1045 1095 1042 279 1002 1003 1035 1008 1264 1034 1059 1014 1044 1098 274 126 113 346 1068 1146 1138 1170 1099 1124 1001 1006 171 1027 1094 163 30 1130 173 1033,172 1018 170 118 177 125 1011 1019 1128 127 1016 1075 280 1038 1031 179 174 176 137 1015 281 1064 180 1012 158 1007 175 1066 278 1045 279 1002 1003 1014 274 346 1068 1001 1006 163 173
134,11,1139 1031 1140 1087 174 1123 1264 1013 1086 1025 1163 172 1035 1089 161 281 76 1099 1075 1186 1124 1066 1062 113 179 1097 118 1064 1110 1094 1015 280 1125 163 1044 1161 1028 1023 30 1053 1091 158 1070 1118 1019 1113 175 1095 1215 1043 1145 1178 114 1048 1032 1079 167 1052 1042 171 173 1016 1146 1020 1096 1107 1131 1008 274 1038 1135 1152 1006 1065 1137 1049 1002 1190 1170 1033 1051 1138 1101 1045 1059 1021 1134 279 1156 1069 125 1130 1166 137 1081 1014 278 1098 1076 1011 1068 1100 1022 1003 1018 177 1216 1221 1108 1030 1050 176 1085 1061 1027 1054 1012 346 1132 1007 127 1001 126 1154 1103 180 1046 1128 1151 1060 170 1034 1160 151,1031 174 172 281 1075 1066 179 118 1064 1015 280 163 158 1019 175 173 1016 274 1038 1006 1002 1045 279 125 137 1014 278 1011 1068 1003 1018 177 176 1012 346 1007 127 1001 180 1128 170
134,12,180 176 1140 1103 1030 1018 1166 1045 1002 1134 1076 1095 1075 1101 1145 1085 175 1091 1125 1070 1069 1086 1131 1107 1065 1034 1019 127 1015 274 1098 1035 1011 278 1163 1113 1100 1264 1094 1014 118 1020 1089 1027 1156 113 171 1031 1096 1022 174 1087 1081 1154 1049 1152 137 1161 1128 1124 1059 76 1170 1007 1135 1079 1118 125 1013 1051 1221 30 1048 1151 1003 1146 1132 1186 1008 1123 1052 1043 1216 1060 1046 1215 163 151 1032 1139 1033 172 1053 1137 1042 279 173 1099 161 1028 281 1016 1050 1178 177 1038 1108 1025 1068 126 1062 170 1044 1097 1190 158 1160 179 346 114 1138 1012 1021 1130 1006 280 1001 1110 1066 1064 1054 1061 167 1023,180 176 1018 1045 1002 1075 175 1019 127 1015 274 1011 278 1014 118 1031 174 137 1128 1007 125 1003 163 172 279 173 281 1016 177 1038 1068 170 158 179 346 1012 1006 280 1001 1066 1064
134,13,76 1152 1123 1069 1098 1062 1031 1061 1264 1156 175 171 163 1085 1086 1131 1161 1064 1095 1034 1075 280 1151 1186 1042 1011 1091 1154 1166 1022 1110 1038 1028 161 1016 127 1216 1139 113 1001 1013 1128 1020 1050 1221 1007 1135 1032 1081 172 1044 1025 1068 1049 1089 1094 1008 1130 1146 180 1018 1065 1160 1027 1108 1059 118 1035 1215 1003 1015 1019 137 1070 274 1190 1079 176 158 1125 1002 278 1113 1097 281 1163 1023 30 1134 1045 1051 1099 1137 151 1014 346 1066 126 1054 170 1012 1076 1103 1060 179 1052 1006 114 1096 1124 1048 1030 1046 1107 125 1138 1053 173 1043 1118 167 1021 174 1132 1100 279 177 1145 1170 1178 1033 1140 1087 1101,1031 175 163 1064 1075 280 1011 1038 1016 127 1001 1128 1007 172 1068 180 1018 118 1003 1015 1019 137 274 176 158 1002 278 281 1045 1014 346 1066 170 1012 179 1006 125 173 174 279 177
134,14,1100 1132 127 1054 1108 1089 1087 1069 179 1059 274 1264 1014 278 1043 1095 1045 1048 1190 1018 1032 1022 1020 171 1033 1035 1061 1052 1145 1151 1096 1146 1081 1034 1006 173 1216 1013 1086 163 1098 1110 1166 175 1051 176 1031 1028 180 1160 1019 1097 1030 1008 279 1186 125 1163 1128 1170 113 1066 1154 1135 158 1044 1027 137 346 1178 1042 1152 1076 1103 1118 1007 1015 281 1002 167 1023 1016 1003 1065 170 1001 1068 151 1161 1012 1094 1079 1125 1134 1131 172 126 1053 1060 1038 280 1139 1113 1046 1140 1099 1064 1085 114 1107 76 1050 1137 1101 1070 177 161 1156 1062 1123 174 1130 1091 1221 1049 30 1138 118 1011 1025 1124 1021 1075 1215,127 179 274 1014 278 1045 1018 1006 173 163 175 176 1031 180 1019 279 125 1128 1066 158 137 346 1007 1015 281 1002 1016 1003 170 1001 1068 1012 172 1038 280 1064 177 174 118 1011 1075
134,15,1019 1044 1002 1022 170 174 1059 158 1020 167 1023 1096 280 1031 1130 1146 1015 1033 76 279 1154 1061 1011 1137 1124 1264 113 1101 1160 1156 1045 1027 1100 114 1138 1097 1054 1066 1107 1062 118 1003 1086 1006 172 30 1132 1053 1166 1139 1099 1161 346 1123 1216 1049 1186 1221 1103 1170 175 1095 177 1043 1098 1051 1075 1018 1094 1048 1038 1030 1042 1085 1046 163 1081 1052 1050 179 1089 127 1070 173 1060 1163 1190 176 151 1028 1108 1013 1140 1008 125 1118 1151 1068 1131 1087 278 1125 1091 1065 171 1069 1178 281 1064 161 1145 1215 1113 126 1079 1021 1135 274 1025 1035 1034 1152 180 1134 1032 1128 1012 1016 1007 137 1110 1014 1076 1001,1019 1002 170 174 158 280 1031 1015 279 1011 1045 1066 118 1003 1006 172 346 175 177 1075 1018 1038 163 179 127 173 176 125 1068 278 281 1064 274 180 1128 1012 1016 1007 137 1014 1001
134,16,274 1100 1130 1178 1097 1186 1138 1019 1123 1091 1151 1069 175 1030 173 1098 1025 180 1064 176 1140 1062 1065 1131 1023 1096 1052 1003 170 1018 1128 1134 1001 1190 172 1125 1033 163 158 1139 1137 1016 1015 1101 1221 1085 1008 1021 1007 171 137 174 1043 1059 279 1028 167 1045 1051 1070 151 30 1011 1066 1049 1075 1113 1160 1032 1076 1170 1215 1161 1002 1034 1087 179 1094 1135 1006 1054 177 1013 1050 127 1110 161 1014 346 126 1146 1060 113 1068 1152 1216 1095 1107 76 1264 1061 114 1081 1145 1099 1027 1053 1012 1035 1108 278 1124 1166 1089 1132 1156 1048 1038 1042 281 1044 1031 280 118 1118 1154 1022 1020 1079 1046 125 1163 1086 1103,274 1019 175 173 180 1064 176 1003 170 1018 1128 1001 172 163 158 1016 1015 1007 137 174 279 1045 1011 1066 1075 1002 179 1006 177 127 1014 346 1068 1012 278 1038 281 1031 280 118 125
134,17,1128 1161 1011 1007 1031 1131 1048 1079 1264 1160 1100 1018 1049 177 151 1216 1081 1170 1103 175 1101 278 173 163 179 1221 1095 1019 1186 280 274 1113 1215 113 172 1032 1070 1013 1027 167 1069 1054 1190 1016 1123 1086 174 1001 1006 1094 1035 1014 127 1107 1130 1139 1087 1045 1043 1099 1050 346 1138 1060 1062 1066 1061 1091 118 1108 1151 1068 1152 1012 1042 1145 1135 76 1008 1110 1023 1137 1015 1178 1021 279 1052 114 1134 1051 1098 1033 1059 1163 1064 1038 1097 126 1085 1002 1125 125 1118 30 1046 1003 1154 158 1044 1025 1022 161 137 1020 1166 176 1053 1089 281 1065 1028 180 1034 1030 170 1124 1075 1156 1076 1096 1146 171 1132 1140,1128 1011 1007 1031 1018 177 175 278 173 163 179 1019 280 274 172 1016 174 1001 1006 1014 127 1045 346 1066 118 1068 1012 1015 279 1064 1038 1002 125 1003 158 137 176 281 180 170 1075
134,18,1163 281 114 280 1089 1087 1098 1006 1216 1156 1170 1028 1027 1048 1014 1124 158 1161 1130 1145 179 125 279 1132 172 1032 1137 1128 1085 1154 1099 1049 1038 1095 1062 171 1138 163 1125 1023 113 167 1060 1086 1131 1020 1001 1018 1035 1022 1151 170 1091 76 1100 1044 1079 1107 1021 1075 1030 1034 1215 137 1123 1190 1016 161 1264 127 151 1054 1076 1002 1096 1065 1139 1031 1118 173 1108 1070 1066 1025 1068 1103 1015 1011 174 1113 1033 1097 1007 1053 1134 1135 1042 274 30 1051 1152 180 1050 1003 1186 1008 1052 1094 1043 1019 177 176 278 1012 1166 1046 1221 1178 1160 1045 118 1069 126 1013 1064 1059 175 1101 1061 1140 1146 1081 1110 346,281 280 1006 1014 158 179 125 279 172 1128 1038 163 1001 1018 170 1075 137 1016 127 1002 1031 173 1066 1068 1015 1011 174 1007 274 180 1003 1019 177 176 278 1012 1045 118 1064 175 346
134,19,1012 1094 1028 278 113 1095 1151 1101 1002 1016 1178 1118 279 1135 158 1166 1027 1124 1163 1100 1139 1025 1152 1003 1161 1015 1086 1146 1014 163 180 1107 1035 1128 1060 281 137 1031 1018 1038 1011 1065 176 1023 1091 1054 1145 1110 151 1096 1076 1021 172 1019 127 1097 171 1131 174 1170 1098 1108 1033 167 1066 1001 1264 173 1215 114 1068 1020 1186 1046 1156 1045 1081 1089 1132 170 1008 1032 1030 1052 1134 1013 1034 1138 177 1050 1069 1059 1113 118 1043 126 1130 179 1053 1085 1064 1061 1221 1042 125 161 1044 346 1087 1154 274 30 1216 1070 1062 1049 280 1048 1099 1079 1007 1123 1022 1190 1051 1160 1137 1103 1075 1140 1125 1006 175 76,1012 278 1002 1016 279 158 1003 1015 1014 163 180 1128 281 137 1031 1018 1038 1011 176 172 1019 127 174 1066 1001 173 1068 1045 170 177 118 179 1064 125 346 274 280 1007 1075 1006 175
134,20,1038 1016 1085 1069 1066 1031 1022 1035 1178 1145 1130 1042 1049 1027 1095 1006 1190 1025 1050 1163 1075 1138 1152 1048 1028 114 1160 1091 1100 1034 1103 174 76 1139 1132 1046 1101 1054 280 1030 1170 1186 158 1215 1014 179 113 171 1043 1011 125 1135 1108 1045 1131 1096 1118 176 1001 1137 1013 1151 1064 1060 1081 167 1086 1051 1018 170 1076 1008 1059 1166 1021 118 1099 278 1125 1012 1003 1065 1113 1079 1044 1140 137 1007 274 1134 1089 279 1221 1087 1015 1053 30 1161 127 163 1110 1020 180 1019 1052 1070 172 1156 1123 1216 173 281 1107 161 1124 1032 1264 1154 177 1097 151 1098 1023 1002 1033 346 1128 1146 1061 1068 175 126 1094 1062,1038 1016 1066 1031 1006 1075 174 280 158 1014 179 1011 125 1045 176 1001 1064 1018 170 118 278 1012 1003 137 1007 274 279 1015 127 163 180 1019 172 173 281 177 1002 346 1128 1068 175
134,21,175 1145 1134 1125 173 1046 1027 167 1178 1113 1033 1095 1066 170 1003 1068 279 1163 1099 1170 1034 1043 151 1012 1094 1098 163 1035 1042 113 1138 177 1030 1051 1065 1059 1048 1081 1015 1089 1190 1166 1140 1087 1028 1018 30 1215 171 1107 1124 1070 1079 1118 1160 1044 1161 1020 1013 1045 1264 278 76 1054 1022 161 174 118 1103 1021 127 1130 1086 1076 1137 1100 1156 1097 1061 1064 1011 1152 1132 1108 1146 1128 1154 1038 1023 125 1069 1096 281 1139 1123 180 1085 1006 1031 1135 1075 1008 1053 1050 1091 1216 126 1221 280 1151 1025 1186 274 1131 158 1007 1002 1052 1014 346 1019 137 176 172 1062 1060 1032 179 1016 1049 1001 1110 114 1101,175 173 1066 170 1003 1068 279 1012 163 177 1015 1018 1045 278 174 118 127 1064 1011 1128 1038 125 281 180 1006 1031 1075 280 274 158 1007 1002 1014 346 1019 137 176 172 179 1016 1001
134,22,1049 1108 1066 1001 1166 76 172 171 1098 151 1161 1068 1135 1110 1052 1014 1215 1130 1124 167 158 1089 1059 1085 1048 1145 1170 176 1023 1015 1075 1062 114 1186 1131 125 1163 1069 1061 113 274 1038 137 1042 1079 1046 1016 1118 1152 1137 1034 1128 1035 1051 1002 1076 1139 30 1031 1019 170 1020 1025 1190 1138 1006 1008 1134 1156 1043 1113 163 1027 1132 1091 1099 278 1221 1154 1021 1140 1160 1065 1050 1011 1123 1060 1103 1007 346 1094 1032 1095 1216 1022 1125 1028 1070 1087 280 1045 177 174 1033 1044 1086 1146 1018 1013 1096 180 281 1053 127 126 279 1101 161 1003 118 1264 1100 1151 173 1081 1178 175 179 1012 1030 1107 1097 1054 1064,1066 1001 172 1068 1014 158 176 1015 1075 125 274 1038 137 1016 1128 1002 1031 1019 170 1006 163 278 1011 1007 346 280 1045 177 174 1018 180 281 127 279 1003 118 173 175 179 1012 1064
134,23,1221 171 1097 1089 1045 1027 1095 1022 1021 1020 1034 1051 125 1012 1087 1032 1096 1068 1131 151 1091 158 1028 1046 1079 179 76 1128 1044 127 1085 1163 1038 114 1043 174 1002 1031 170 172 176 1008 1014 1033 1030 1125 1186 1098 1035 113 1099 1137 1052 1135 1132 346 1124 278 180 1139 1042 1081 1166 167 1156 1076 177 279 175 1103 118 281 1049 1264 1023 163 1100 1016 1152 161 1151 1190 1061 30 1118 1145 1062 1025 1064 1053 1134 1086 1161 1070 1015 1130 1094 1075 1138 1123 1108 1054 1018 1216 1059 1107 1113 1154 1011 1140 173 1003 1178 1146 1069 1215 1019 1101 1170 1050 1048 274 1160 1007 1066 1060 1013 126 1110 1001 137 1006 1065 280,1045 125 1012 1068 158 179 1128 127 1038 174 1002 1031 170 172 176 1014 346 278 180 177 279 175 118 281 163 1016 1064 1015 1075 1018 1011 173 1003 1019 274 1007 1066 1001 137 1006 280
134,24,1146 1135 1145 278 279 1076 1110 1113 1013 1014 1125 1095 1264 1128 1015 1215 1081 1006 1091 1186 179 113 1098 1108 1022 1025 126 1070 1016 1134 1190 1027 1049 1118 1089 1053 1130 1087 114 30 1008 1030 1123 118 1034 158 1131 172 1066 1012 177 1075 1079 167 1132 174 1052 1154 1140 280 1138 1035 1023 1051 1069 1137 1044 1094 1161 1085 346 1042 180 1061 1064 1152 1018 161 1086 1059 1045 1166 1050 1032 1011 76 173 1002 1001 1054 1046 1097 1096 1107 281 1103 1216 1007 274 1033 1221 175 1031 1062 1170 1163 1019 1048 1028 176 1068 125 127 170 1178 137 1020 1099 163 1139 1021 1060 171 1124 1065 1043 151 1156 1160 1151 1003 1100 1101 1038,278 279 1014 1128 1015 1006 179 1016 118 158 172 1066 1012 177 1075 174 280 346 180 1064 1018 1045 1011 173 1002 1001 281 1007 274 175 1031 1019 176 1068 125 127 170 137 163 1003 1038
134,25,118 1022 1001 278 1051 1012 1023 1163 1008 1140 1002 1053 1110 1019 177 1178 1086 1151 171 1123 1107 1100 1113 1064 1160 114 1137 1081 174 1098 1146 1054 1154 1215 180 1186 1170 1094 1087 1035 1050 1156 274 1027 1045 1134 1028 1145 1020 1025 113 1046 1132 1065 137 1085 1103 1190 1003 1018 1139 76 1007 1125 172 280 1131 1124 1034 1011 163 176 1095 1099 1070 30 1130 170 1033 1015 1096 1016 1076 1059 1152 1052 125 1032 158 1061 1030 151 1135 1038 1161 1006 279 1044 1108 179 175 1068 1101 1075 173 167 1216 1264 127 1021 1091 1138 126 1060 1048 1097 1079 281 1166 1031 1043 1049 1062 1118 346 1089 1221 1042 1128 1069 161 1014 1066 1013,118 1001 278 1012 1002 1019 177 1064 174 180 274 1045 137 1003 1018 1007 172 280 1011 163 176 170 1015 1016 125 158 1038 1006 279 179 175 1068 1075 173 127 281 1031 346 1128 1014 1066
134,26,1042 1033 1140 125 1086 1027 1151 114 1108 1070 1125 1051 1085 1059 1161 1178 1139 1031 1007 1020 1135 1097 1008 1186 280 179 1065 1053 1163 279 1118 118 1170 1062 1052 1028 1190 1216 1138 1069 1064 1146 1061 1101 1025 126 1100 1018 1035 1094 1043 1099 1044 1160 1221 137 1096 163 1049 1060 174 151 1081 1103 1089 175 1023 1016 1019 1124 1123 1154 170 127 1068 1166 1130 1132 1215 1113 1145 1091 30 1012 1087 1137 167 1098 1034 1128 278 1048 113 1006 161 1264 1022 1014 1066 1107 1045 1021 1054 76 1011 1134 274 1110 1001 1002 1075 1079 180 1156 1038 171 1003 1095 172 1076 1015 177 1152 1050 1131 1046 158 1030 1032 281 176 1013 346 173,125 1031 1007 280 179 279 118 1064 1018 137 163 174 175 1016 1019 170 127 1068 1012 1128 278 1006 1014 1066 1045 1011 274 1001 1002 1075 180 1038 1003 172 1015 177 158 281 176 346 173
134,27,1186 1015 1216 1151 1170 1054 1131 1086 1134 1101 1160 1156 1013 1007 172 1097 1190 1034 1076 1178 151 167 1066 1125 1128 1001 163 1060 1032 1094 1096 280 1046 179 1075 1132 1163 1264 161 1008 1016 170 30 1099 1146 1025 1006 1062 1091 281 1065 1161 1050 174 1048 1154 1052 171 1019 175 1023 1043 1145 1108 1221 1020 1095 1028 113 1113 346 1100 1003 1022 1068 274 1124 1051 114 1059 76 1031 279 1098 1081 1130 1035 1087 1152 1118 158 126 1027 1138 1002 1069 137 1166 173 1018 180 1103 176 1033 1038 1044 1061 1135 125 118 1064 1045 1110 1123 1049 177 127 1215 1137 1107 1140 1030 1012 1021 1011 1014 1079 1089 1053 1070 1085 1139 1042 278,1015 1007 172 1066 1128 1001 163 280 179 1075 1016 170 1006 281 174 1019 175 346 1003 1068 274 1031 279 158 1002 137 173 1018 180 176 1038 125 118 1064 1045 177 127 1012 1011 1014 278
134,28,1008 1021 1190 113 1124 1152 1044 1156 1145 172 1034 1028 1032 1051 175 1138 170 1046 1061 1094 1086 1045 174 1216 1003 1101 1060 1087 1038 1066 1035 1020 173 278 179 114 346 1068 1027 1048 1012 1001 1139 1215 177 1123 137 1031 151 1125 76 1163 1085 1131 1100 1018 1054 1016 1095 1062 1161 1075 1098 1110 1146 1113 274 1137 163 279 1064 1053 1050 1014 1002 1015 1178 1006 180 1043 280 1170 1096 1070 1108 1151 1091 118 1097 1022 171 1132 30 1128 281 1042 1140 1118 1025 1013 1166 1221 1264 1134 1023 1033 158 176 1099 1154 1076 1135 1079 1019 1186 1065 125 1052 167 1069 1107 1049 1103 1130 1011 1030 1059 1081 127 1160 161 126 1007 1089,172 175 170 1045 174 1003 1038 1066 173 278 179 346 1068 1012 1001 177 137 1031 1018 1016 1075 274 163 279 1064 1014 1002 1015 1006 180 280 118 1128 281 158 176 1019 125 1011 127 1007
134,29,280 1061 1139 1050 1011 1079 1170 1163 177 1002 1033 1091 1013 1066 167 1134 1130 1020 127 1048 1007 1103 1166 1101 1022 1070 281 1264 1042 1108 1032 1089 1146 1014 125 1118 1138 1107 1028 1097 76 1060 1186 1001 1034 114 158 1044 118 1045 1065 1137 278 1094 1030 279 1161 1023 1076 126 161 1151 1068 1154 1160 1124 30 1059 1025 1100 1003 1016 1152 170 1221 1031 1135 1062 174 1043 1006 1095 346 1015 1216 1190 1054 1051 1019 1018 1038 1123 1075 1052 1110 180 176 1069 1012 1113 1046 137 1008 1035 1099 179 1131 1096 1178 163 173 1156 1053 113 1021 1081 1064 1132 274 151 1087 1098 1145 1085 172 1140 1027 1049 1128 1086 1125 175 1215 171,280 1011 177 1002 1066 127 1007 281 1014 125 1001 158 118 1045 278 279 1068 1003 1016 170 1031 174 1006 346 1015 1019 1018 1038 1075 180 176 1012 137 179 163 173 1064 274 172 1128 175
134,30,1027 1031 1042 1146 1089 126 170 1170 1139 1095 1006 1038 167 1054 1107 1103 346 1003 1110 1086 1135 278 76 1161 1062 1099 30 1044 1060 1053 113 1123 179 175 173 137 1059 1021 1049 1046 161 1075 281 1012 1186 1035 1221 1094 127 1065 1140 151 274 1097 118 1085 180 1131 176 1098 1081 1101 1130 1013 1156 1190 1151 1043 1132 1125 1215 1108 163 1154 1178 1014 1152 1079 279 1128 1124 1137 1068 1096 1023 1045 1028 1113 125 1025 1019 1091 1020 1100 1033 1032 1030 1002 1048 1163 1018 1216 1138 1052 172 158 1022 171 1066 1015 1166 1264 1051 1007 1070 1050 1008 280 1160 1034 1145 1064 1134 177 1069 1061 1087 114 1076 1001 1011 174 1118 1016,1031 170 1006 1038 346 1003 278 179 175 173 137 1075 281 1012 127 274 118 180 176 163 1014 279 1128 1068 1045 125 1019 1002 1018 172 158 1066 1015 1007 280 1064 177 1001 1011 174 1016
134,31,172 76 1021 1091 1002 1015 1046 1028 163 1140 167 1050 1065 1190 1264 1134 1008 1052 1139 1186 281 1013 1170 171 1132 161 1163 1101 1128 1154 1025 1156 1097 1100 1044 1087 1054 1166 1215 113 1160 1079 1053 1064 1003 1123 1045 1014 127 1145 1019 1096 1030 274 1138 346 1103 1081 1035 1151 1042 1069 1060 1048 1108 1152 1018 125 1098 180 1130 1061 118 279 174 1032 1022 1027 280 1124 1012 175 1066 114 137 1023 1137 170 1221 1161 1001 176 1049 1062 1216 158 177 1131 1099 1006 1076 179 1089 173 1085 1020 1038 1033 1075 126 1086 1178 1068 1135 1070 1125 1051 151 278 1034 1007 1113 1016 1095 1043 1146 1110 1059 1118 30 1031 1107 1094 1011,172 1002 1015 163 281 1128 1064 1003 1045 1014 127 1019 274 346 1018 125 180 118 279 174 280 1012 175 1066 137 170 1001 176 158 177 1006 179 173 1038 1075 1068 278 1007 1016 1031 1011
134,32,1033 1190 1070 1062 1008 1094 280 1016 1052 151 1145 1096 1060 113 1019 1140 1130 1020 1013 1221 1035 1044 1027 1061 1132 1023 1066 1034 1154 1085 1139 171 1138 1051 1043 281 126 118 1113 1015 1128 1007 1021 1152 1216 1011 346 1045 1069 1054 1107 137 1001 76 1108 1031 1098 1099 1110 1087 1053 1215 1118 1049 1014 1012 1028 1050 114 1170 1091 1101 1123 1086 177 175 1038 174 1018 279 1079 1030 1046 1081 158 1003 127 1059 1048 179 1135 1100 125 1186 1137 1025 1146 1068 1006 1064 176 1160 1032 1163 1089 1076 1264 274 1002 1151 167 163 1124 1042 1178 1075 30 1161 1103 1134 173 170 172 1097 1065 278 1131 161 1022 1125 1156 1166 1095 180,280 1016 1019 1066 281 118 1015 1128 1007 1011 346 1045 137 1001 1031 1014 1012 177 175 1038 174 1018 279 158 1003 127 179 125 1068 1006 1064 176 274 1002 163 1075 173 170 172 278 180
134,33,1028 1044 1108 1060 1046 1096 1086 1031 1079 1025 1221 1027 30 1113 1012 176 1161 174 1118 1095 1059 1123 1011 1094 1008 126 1151 1186 281 1089 1100 179 274 1045 1075 172 1034 1002 1076 1033 1145 137 1038 1099 180 1020 125 163 1003 151 114 1043 1054 1264 161 1066 175 1051 1178 1130 1023 1125 1135 1062 1018 1061 118 1163 158 1068 1085 1138 167 1132 1110 173 1007 1030 127 1049 1101 1156 279 1050 1019 1140 1091 1053 1022 1134 1131 1013 1154 76 1146 1160 1190 1064 280 1015 1137 1098 1032 1097 1103 1216 1021 346 1128 1124 1087 1069 113 177 1001 1107 278 1016 1152 171 1081 1065 1215 1170 1035 1166 170 1070 1052 1006 1048 1042 1139 1014,1031 1012 176 174 1011 281 179 274 1045 1075 172 1002 137 1038 180 125 163 1003 1066 175 1018 118 158 1068 173 1007 127 279 1019 1064 280 1015 346 1128 177 1001 278 1016 170 1006 1014
134,34,1068 1132 279 1016 1101 1051 1124 1015 1264 1053 114 1135 163 1070 280 1097 1021 177 1038 1130 1163 1146 1065 1096 1020 30 1100 1091 167 1002 1050 137 1085 1137 176 126 1134 1215 1061 113 1060 1145 1095 1028 127 1034 1110 1166 1160 1099 1140 1069 1161 1151 1178 151 76 1007 180 1131 1054 1045 274 171 1216 175 1107 1190 1049 1011 1128 1081 1221 1023 1076 179 1108 173 1062 1042 1035 158 174 1032 1113 118 1033 170 1139 125 1170 1043 1154 1103 1013 1052 346 1156 1030 1046 1079 1027 1125 1087 1014 1186 278 1098 1001 1089 1059 1012 1118 1048 1138 172 1019 1003 1018 1123 1064 1094 1025 1086 1066 1152 1008 281 1044 1022 161 1006 1075 1031,1068 279 1016 1015 163 280 177 1038 1002 137 176 127 1007 180 1045 274 175 1011 1128 179 173 158 174 118 170 125 346 1014 278 1001 1012 172 1019 1003 1018 1064 1066 281 1006 1075 1031
134,35,1125 1170 1006 1064 1018 1075 1021 1154 1023 1186 1089 1100 1146 1002 1059 1216 1060 76 1034 1046 1061 1138 1081 1103 158 118 1130 1054 1139 1099 137 1145 1033 1020 1108 1101 1013 1043 1069 167 1070 163 1079 1049 1087 1151 1003 1042 278 1166 1178 180 113 1190 1053 127 1085 1062 1221 173 1038 1016 281 1065 1086 1160 1094 1032 274 346 176 1066 1012 1076 1014 279 1031 1028 1015 1022 1091 1035 1096 1124 1107 1007 1045 1140 1052 1163 1019 1128 1097 171 151 30 1050 1048 1264 161 1113 280 126 1051 179 1095 172 1156 1001 1068 1098 1044 1135 177 175 174 1027 1025 170 1132 1110 1118 1161 125 114 1011 1215 1137 1123 1131 1008 1030 1134 1152,1006 1064 1018 1075 1002 158 118 137 163 1003 278 180 127 173 1038 1016 281 274 346 176 1066 1012 1014 279 1031 1015 1007 1045 1019 1128 280 179 172 1001 1068 177 175 174 170 125 1011
134,36,1032 1044 1019 1128 127 1113 1059 1018 1166 1186 1139 180 1027 174 1002 1221 278 1103 1137 1216 1089 1154 163 280 1069 1100 274 1131 1146 1042 1015 1053 151 173 1096 1118 1145 161 1098 1014 1087 1050 1070 113 1052 1051 1099 1066 1130 1152 1161 1160 126 177 1079 1107 1156 1101 1021 1033 1060 1132 1215 1007 1012 30 1064 1178 281 137 1016 1075 1048 1025 279 1163 1170 114 1134 118 1020 1138 1091 1022 1123 1094 1001 1035 1049 1045 1006 1043 1028 1140 1108 1034 346 176 179 1065 1190 1031 171 172 1008 76 1264 1086 1124 1023 1085 125 1081 1062 1151 1076 1097 1038 1110 1061 158 167 175 170 1135 1046 1003 1030 1054 1011 1095 1125 1013 1068,1019 1128 127 1018 180 174 1002 278 163 280 274 1015 173 1014 1066 177 1007 1012 1064 281 137 1016 1075 279 118 1001 1045 1006 346 176 179 1031 172 125 1038 158 175 170 1003 1011 1068
134,37,1051 1031 151 1062 1264 1098 1152 1030 176 1178 163 1043 170 137 1028 1012 167 1053 1123 1216 274 1016 1134 1138 1065 114 1108 1035 1110 173 1125 1161 161 1018 1079 1008 1101 1034 1146 1094 1091 1086 1160 180 1059 1132 1045 125 1097 1044 1027 1170 1186 1019 1023 1145 1089 1022 1007 158 279 1032 1215 1003 126 1020 1048 1166 1130 1107 1033 1042 1049 1046 1015 1190 1068 1066 179 171 1081 1085 1128 1099 1014 127 1103 1156 113 1011 1070 1140 1050 1075 1061 30 1038 174 177 1060 1151 1002 281 1118 175 1006 1100 76 278 1154 1139 172 118 346 1113 1221 1095 1001 1087 1064 1013 1025 1096 1163 1137 1021 1124 280 1076 1054 1135 1069 1052 1131,1031 176 163 170 137 1012 274 1016 173 1018 180 1045 125 1019 1007 158 279 1003 1015 1068 1066 179 1128 1014 127 1011 1075 1038 174 177 1002 281 175 1006 278 172 118 346 1001 1064 280
134,38,1044 1085 1012 173 176 127 1054 274 1042 1020 1166 1161 1003 1151 1043 1108 1068 1098 1021 1124 1215 1118 1032 1160 1132 137 1091 1134 1016 1097 1038 1076 174 1059 1053 1027 1033 1060 1001 1089 158 1094 346 118 170 1156 1070 1051 1216 1011 30 151 1013 1110 1006 1065 1023 1096 1030 1034 175 1101 1045 1154 161 1123 1145 1087 1081 1022 1264 1048 1025 113 1135 1138 1146 76 1061 1140 279 278 1008 1031 1178 1139 172 281 1221 1049 1007 1019 1052 1113 1018 1050 177 1035 1014 280 1028 1015 1107 180 1095 1086 1062 114 1079 1128 1099 1100 1069 1152 163 179 1125 126 1137 1170 1130 1046 1131 1186 171 1002 1103 125 167 1190 1075 1066 1163 1064,1012 173 176 127 274 1003 1068 137 1016 1038 174 1001 158 346 118 170 1011 1006 175 1045 279 278 1031 172 281 1007 1019 1018 177 1014 280 1015 180 1128 163 179 1002 125 1075 1066 1064
134,39,1156 1002 1038 1035 176 1053 1163 114 1025 1059 175 30 1091 1020 1178 1130 125 1131 1089 1015 1110 167 1085 1043 1124 1001 1145 1013 158 1123 1046 1032 1050 1068 180 1140 1221 1097 1138 161 1099 126 76 280 1006 1103 1031 1042 113 1113 281 1086 1079 1034 163 1069 1151 1007 1186 1101 1027 177 278 1094 1170 1087 1060 1107 346 1018 137 1075 1108 1052 127 1044 1154 179 1065 1030 1161 1146 1023 1021 1098 1215 1135 1100 1066 1022 1264 1048 279 1132 1070 1137 1160 1003 1152 1045 1061 1216 1051 1054 1118 1076 1011 1049 170 118 1033 1125 1128 151 1028 1014 1095 1062 1190 1096 172 1064 171 1166 1012 1019 1016 1008 1139 274 174 173 1134 1081,1002 1038 176 175 125 1015 1001 158 1068 180 280 1006 1031 281 163 1007 177 278 346 1018 137 1075 127 179 1066 279 1003 1045 1011 170 118 1128 1014 172 1064 1012 1019 1016 274 174 173
134,40,1028 279 1035 1016 1068 1100 173 1118 281 1003 1085 1137 1264 1008 1178 151 1216 1094 1045 113 1079 1015 1166 30 1098 1091 1027 1125 1089 167 1044 1099 1061 1101 171 1110 174 1013 1033 1066 1048 1161 1049 1075 1012 1140 1131 1020 274 177 1221 76 1031 1034 137 1054 1001 1014 180 1156 1123 175 158 1011 1030 163 1059 1062 179 1190 1070 1095 1046 1146 1163 1134 1064 1060 1135 1170 1069 1107 1151 1124 1022 170 1086 1087 1103 1130 1043 1018 1139 1215 1096 1021 1053 1076 1023 1081 126 1152 1050 1145 1128 1006 1025 346 1138 1113 1002 1186 1065 1108 118 1019 1052 1038 1160 161 127 176 1154 1007 172 280 1132 1042 125 1051 1032 278 1097 114,279 1016 1068 173 281 1003 1045 1015 174 1066 1075 1012 274 177 1031 137 1001 1014 180 175 158 1011 163 179 1064 170 1018 1128 1006 346 1002 118 1019 1038 127 176 1007 172 280 125 278
134,41,126 1216 1163 1166 1051 1013 1043 1156 176 1087 127 173 1022 1091 1062 1125 1042 1170 1018 180 1070 137 1046 1031 1123 1038 1045 118 346 1110 1139 179 1101 1053 1075 1108 151 1154 1008 1130 1132 1016 279 1097 1069 76 1098 113 1025 1118 1052 1094 167 1060 1015 158 1131 1095 280 30 1081 171 1137 1146 175 1061 1096 1135 1006 1033 1103 1049 1059 1138 1089 1145 1030 1076 1019 274 1086 1124 172 1068 1100 1152 174 1161 1027 1215 1190 114 1001 1034 1021 1020 1140 1065 1050 1003 1178 1079 1066 1134 1007 1002 1186 1023 163 1048 1011 1107 1160 177 1221 1028 1113 170 1099 1151 1012 281 1054 161 1085 278 1032 1014 1128 1064 1264 1044 125 1035,176 127 173 1018 180 137 1031 1038 1045 118 346 179 1075 1016 279 1015 158 280 175 1006 1019 274 172 1068 174 1001 1003 1066 1007 1002 163 1011 177 170 1012 281 278 1014 1128 1064 125
134,42,137 176 174 1045 1154 278 1178 1095 1033 1145 1053 180 1152 1086 126 1054 346 158 1075 1068 118 1030 1139 1031 1050 1061 170 1027 1012 1132 1015 1001 1091 1079 1042 1131 1138 1006 1113 1221 1264 1125 1146 1023 1046 1035 177 279 1038 1020 179 1019 1014 1003 1215 1069 163 1130 1110 1044 1123 1100 1066 1101 1137 1065 1216 1070 1002 281 1032 1076 1135 1160 30 1151 114 1097 1007 1025 1094 1128 1096 1043 1021 1190 1059 1018 1087 1085 1013 1011 1108 1103 1156 1124 1060 127 1170 1008 172 274 1081 1052 76 161 1049 280 1099 1022 1028 1140 1051 1016 1161 1186 1107 113 1062 1048 167 1064 1034 1098 171 1118 151 175 1163 125 1089 173 1166 1134,137 176 174 1045 278 180 346 158 1075 1068 118 1031 170 1012 1015 1001 1006 177 279 1038 179 1019 1014 1003 163 1066 1002 281 1007 1128 1018 1011 127 172 274 280 1016 1064 175 125 173
134,43,1103 1008 1031 1178 1003 1134 137 1163 173 1091 180 1061 1001 274 1151 1076 1215 1113 1098 1045 1019 174 346 1044 280 176 163 1014 1161 177 172 1186 1042 76 1054 279 1035 175 1264 1156 1049 1070 1152 1025 1021 127 1006 1043 1075 1170 1110 125 1123 1087 1064 1086 1062 1013 126 1050 281 1095 1065 1138 1132 158 1052 1023 1190 1125 1107 1146 1216 1069 1137 1154 151 1018 1085 1020 1002 1166 1128 167 1068 278 1089 1066 1140 1100 171 1048 1012 1145 1097 114 1046 1108 1139 170 1038 30 1022 1118 113 1130 161 1079 1015 1030 1099 1028 1131 179 1051 1053 1027 1060 1016 1032 1081 1059 1033 1135 1221 1096 1011 1007 1094 118 1124 1101 1160 1034,1031 1003 137 173 180 1001 274 1045 1019 174 346 280 176 163 1014 177 172 279 175 127 1006 1075 125 1064 281 158 1018 1002 1128 1068 278 1066 1012 170 1038 1015 179 1016 1011 1007 118
134,44,1131 1034 1020 172 1132 1145 1003 114 1087 1100 1023 1015 1022 279 1137 1053 167 1049 1151 1089 1068 176 126 1118 158 1001 1027 118 1052 1107 1264 1108 1095 1138 1069 1216 1028 1066 1113 1050 1139 1086 1011 1064 346 1094 1035 1110 1025 1091 125 1019 1101 1166 1032 173 1146 1030 1060 1130 170 1016 1070 179 1021 1008 1043 1160 127 1186 274 1170 1103 1013 1038 278 1048 161 1221 1081 1012 180 137 113 1124 151 1098 1128 1045 1134 280 1097 163 1065 1054 1125 1075 1085 1051 1152 177 1163 1006 281 1033 1099 1044 1042 1135 30 1190 1096 1062 1007 1156 174 1161 76 1018 1059 1076 1215 1002 1079 1178 1061 1046 1154 1031 1123 1014 175 1140 171,172 1003 1015 279 1068 176 158 1001 118 1066 1011 1064 346 125 1019 173 170 1016 179 127 274 1038 278 1012 180 137 1128 1045 280 163 1075 177 1006 281 1007 174 1018 1002 1031 1014 175
134,45,172 1178 1124 1163 1101 1068 1152 1027 1049 1107 1016 1070 173 1022 137 1042 1021 1019 1087 1123 1135 1190 1086 1091 1138 1030 1069 1059 1034 1140 1108 1031 30 1011 1113 1161 167 1013 1216 1170 76 1062 1012 1099 1046 1025 1098 1128 1097 1061 1130 170 1035 1014 1018 1166 1051 1076 1002 1048 1096 1132 1001 1053 1038 1160 1033 1156 158 278 1023 1134 1139 1050 161 1118 1221 1060 274 279 1081 281 1137 1064 1015 1032 127 1100 114 1264 1065 1079 1215 125 1145 163 1006 1094 176 1052 179 1066 174 1095 1103 1110 1043 1003 1054 280 126 1007 1154 1008 1028 151 1089 346 180 118 1131 175 1044 1151 1125 1045 1186 1085 1075 1146 171 113 177 1020,172 1068 1016 173 137 1019 1031 1011 1012 1128 170 1014 1018 1002 1001 1038 158 278 274 279 281 1064 1015 127 125 163 1006 176 179 1066 174 1003 280 1007 346 180 118 175 1045 1075 177
134,46,1110 1152 114 125 1025 1042 163 1095 1019 151 118 1012 1094 161 1099 1170 1100 1033 1006 1031 1160 281 1091 1049 1065 1060 1087 137 278 1045 1048 1163 113 1089 1216 1118 1085 1070 1038 1046 1124 1020 126 1053 127 1064 1132 1050 346 1061 1001 1035 280 1062 180 1002 1028 1128 1021 172 1146 1178 1107 1023 1022 1135 1044 1003 1008 1068 175 1151 1081 1108 179 1016 1079 76 1054 1130 167 274 1215 1066 170 1018 1221 174 1013 1139 1032 1123 1086 1156 1138 1027 1161 1190 1069 158 176 1145 1030 171 1125 279 1140 173 1134 1186 1059 1075 1096 1097 1052 1103 1007 1166 1015 1051 1101 1154 1131 1043 1098 1014 1264 1011 1034 30 1076 1113 177 1137,125 163 1019 118 1012 1006 1031 281 137 278 1045 1038 127 1064 346 1001 280 180 1002 1128 172 1003 1068 175 179 1016 274 1066 170 1018 174 158 176 279 173 1075 1007 1015 1014 1011 177
134,47,346 281 1014 1108 1128 1166 1043 1100 1054 179 1027 1178 1113 1061 30 1008 1012 172 1079 1146 125 1130 161 1030 1125 1060 1134 1140 1154 1006 1023 1035 167 1019 1131 1170 170 1015 1048 1190 1028 1007 1049 126 1046 1033 274 1068 1264 76 1124 1065 1186 1066 1151 127 163 175 1095 1031 1221 1086 1045 1156 1051 1062 1135 1018 1089 1020 1011 1160 1069 1081 1094 1044 1038 1091 1087 171 113 1075 1002 1021 1042 1110 1022 1076 280 177 173 1152 1215 1107 1050 1097 1123 1013 1099 114 151 174 1132 1163 1070 1016 1034 1001 1085 118 1145 1096 1137 1118 1032 1003 180 279 176 1101 1139 1216 1059 1052 1161 1103 1138 1098 1064 1025 158 278 1053 137,346 281 1014 1128 179 1012 172 125 1006 1019 170 1015 1007 274 1068 1066 127 163 175 1031 1045 1018 1011 1038 1075 1002 280 177 173 174 1016 1001 118 1003 180 279 176 1064 158 278 137
134,48,346 114 1079 177 1216 1190 1044 1186 1065 1095 1053 1123 1011 1166 1085 1221 1130 127 1035 1124 279 179 1178 1107 1034 274 1021 1062 1020 161 175 1015 1215 1028 1139 1016 1052 163 173 1061 76 1131 1014 1054 1128 1076 118 1091 1137 151 1022 1163 278 1145 1012 1094 1103 1059 1051 1013 1068 1135 1089 1070 1118 1001 1066 30 1060 281 1042 280 1038 180 1125 1049 126 1170 1156 1101 1100 1032 1046 1048 1154 1264 1043 113 170 1008 1161 1097 1113 1045 1030 1099 1138 174 1146 1132 1027 1152 171 1018 158 1096 125 1069 176 1050 172 1025 1081 1098 1006 1003 167 1134 1140 1007 1108 1160 137 1023 1087 1110 1031 1075 1064 1019 1002 1033 1086 1151,346 177 1011 127 279 179 274 175 1015 1016 163 173 1014 1128 118 278 1012 1068 1001 1066 281 280 1038 180 170 1045 174 1018 158 125 176 172 1006 1003 1007 137 1031 1075 1064 1019 1002
134,49,1076 1103 1140 1049 279 1034 1138 172 1160 1178 1064 1014 1123 1130 1042 1089 1069 1046 1059 161 1048 127 1043 1097 1096 1215 180 1013 1124 1264 1023 163 1161 1051 1100 1137 1131 1044 171 1008 1151 30 1007 1186 1038 1146 1065 346 1033 1011 1108 1132 1190 76 1086 1221 1068 173 1163 1216 280 1035 278 1156 1099 118 274 1118 1006 113 1050 1015 1166 1054 1145 1170 1021 177 1062 175 1125 1110 1016 1025 174 1113 176 151 1020 1028 1152 1079 1139 1128 137 1032 1060 1030 1052 1134 167 1066 1107 1154 1027 1001 1101 1061 1075 170 1018 158 1045 1070 1135 1098 126 1081 281 1031 1094 1022 1053 114 1095 125 1091 1085 1002 1012 1087 1019 1003 179,279 172 1064 1014 127 180 163 1007 1038 346 1011 1068 173 280 278 118 274 1006 1015 177 175 1016 174 176 1128 137 1066 1001 1075 170 1018 158 1045 281 1031 125 1002 1012 1019 1003 179
134,50,1134 176 1007 173 1070 1151 1085 1091 281 172 1042 1216 1098 1101 1054 1069 1014 1049 1008 158 1095 1138 113 1087 1160 1170 1099 1113 1124 1027 1011 1079 1066 1110 1053 1146 1094 1021 1140 1018 1130 1061 1137 1046 1108 1033 278 175 1044 1190 127 179 1154 1161 1032 1020 1060 1081 114 171 1125 76 1028 118 1132 1030 1264 1001 1166 1002 180 1045 1015 1097 1035 1131 1023 1006 167 1059 1062 1215 1050 1068 1003 1089 163 1163 1048 346 1031 1086 1038 177 126 1152 1100 1065 1145 1013 280 1076 1034 1107 1135 1139 1186 1052 274 1064 151 30 1051 170 1118 161 125 174 1103 1221 279 1012 1096 1043 1016 1178 1025 1128 1022 1075 1123 1156 137 1019,176 1007 173 281 172 1014 158 1011 1066 1018 278 175 127 179 118 1001 1002 180 1045 1015 1006 1068 1003 163 346 1031 1038 177 280 274 1064 170 125 174 279 1012 1016 1128 1075 137 1019
134,51,1152 118 1091 1099 280 1130 1031 167 175 1131 1096 179 1011 180 1170 1123 1038 1001 1124 127 1081 1013 279 1221 1166 1019 126 151 1006 1065 1110 1151 1059 1054 1066 1190 1049 1089 1023 1103 170 1045 1075 1020 1132 1028 1008 1016 274 1002 161 1100 278 30 1215 1048 172 1033 1154 163 1053 176 1139 1264 1097 1128 1178 1015 1003 1042 1098 1034 1086 1163 1140 1161 1113 1101 1062 1044 1012 1025 1160 1216 1070 1107 346 1118 174 1032 1145 1050 114 1069 177 171 1035 1068 281 1064 1134 1027 1087 1018 1051 76 1079 173 1138 1043 1022 1085 125 1095 1046 1125 1135 1030 1061 113 1186 1146 1137 1014 1007 1076 1052 1094 1108 137 1060 1021 158 1156,118 280 1031 175 179 1011 180 1038 1001 127 279 1019 1006 1066 170 1045 1075 1016 274 1002 278 172 163 176 1128 1015 1003 1012 346 174 177 1068 281 1064 1018 173 125 1014 1007 137 158
134,52,1049 1137 176 1013 1170 1113 1178 137 1108 1076 1186 1125 1264 1022 1085 1098 1050 1054 1130 1002 174 1131 1138 1118 1089 171 1128 1081 1107 274 1087 179 1014 1028 161 1151 76 1101 177 279 175 1139 1068 1221 1019 1016 1034 1086 151 1015 1062 1166 114 1006 1146 30 1048 1152 346 173 167 170 1215 1051 1020 1134 1069 1160 163 1038 1007 1045 1012 1123 1032 1042 1023 1065 1132 1035 281 1052 1094 1075 1096 1018 1095 1099 126 278 1030 1216 113 1003 280 1100 1044 1154 172 1145 1027 1097 1190 180 1033 158 1001 1103 1079 125 1046 127 1140 1064 1021 1061 1043 1059 1156 1008 118 1163 1025 1124 1091 1110 1161 1135 1060 1031 1070 1053 1011 1066,176 137 1002 174 1128 274 179 1014 177 279 175 1068 1019 1016 1015 1006 346 173 170 163 1038 1007 1045 1012 281 1075 1018 278 1003 280 172 180 158 1001 125 127 1064 118 1031 1011 1066
134,53,1110 118 1123 1140 1025 163 1007 1108 137 1021 1186 1139 1103 161 1128 1221 1076 1011 1046 1178 1060 1081 1015 1013 1118 1130 1096 1050 1100 1016 1008 1166 1086 1069 172 179 1066 1095 1134 1033 1137 1061 1094 126 175 1124 1014 278 1062 1161 1125 1054 1002 1018 1152 30 1145 1070 1030 1154 1052 1001 1151 1065 1031 1101 1053 1034 171 170 281 1049 1107 1160 1027 1019 1044 177 113 1022 1098 1006 1170 346 1131 1032 125 280 1190 114 1089 1163 1023 1097 1156 1087 1079 274 1146 1132 173 1043 76 1048 1264 180 1020 1064 176 1099 1028 1138 1059 1042 1215 174 1045 1012 1038 158 151 1113 127 1216 1003 1085 167 1075 1135 1068 279 1035 1051 1091,118 163 1007 137 1128 1011 1015 1016 172 179 1066 175 1014 278 1002 1018 1001 1031 170 281 1019 177 1006 346 125 280 274 173 180 1064 176 174 1045 1012 1038 158 127 1003 1075 1068 279
134,54,174 1027 1070 1100 1160 1094 1099 1101 1034 1068 1130 118 1013 1050 1054 1186 1098 1064 1028 1085 1221 1018 1044 1023 1031 126 1154 170 30 1011 1091 1045 1032 1019 1051 1107 1086 1108 1015 1110 1060 1030 1103 1046 167 1014 137 173 1022 278 1134 1156 1096 171 175 176 1128 1178 1016 1131 1061 161 1052 280 1152 346 1062 1007 1145 158 1075 1170 1166 1138 76 163 1076 1087 1048 1006 1065 1139 1066 179 1059 1003 1113 1079 1163 1012 1216 1038 274 172 1140 127 1001 114 125 1137 1135 279 1021 1151 1049 1089 1053 1095 1190 1124 1035 1161 1081 1042 180 1043 1264 177 1033 281 151 1002 1146 1132 1118 1125 1025 113 1020 1215 1123 1097 1008 1069,174 1068 118 1064 1018 1031 170 1011 1045 1019 1015 1014 137 173 278 175 176 1128 1016 280 346 1007 158 1075 163 1006 1066 179 1003 1012 1038 274 172 127 1001 125 279 180 177 281 1002
134,55,1151 1008 175 1028 170 1138 1054 30 76 278 1001 173 1006 1215 274 1031 1048 1134 1046 1032 1023 1011 279 1098 1052 1051 1045 1002 1099 1053 1020 1062 1030 1064 1013 1087 1103 1166 1152 174 1113 281 1140 1061 1049 1033 1125 1095 1085 1124 1160 1186 1221 118 1016 1025 1132 176 1065 1178 1003 180 1137 113 127 1145 1139 171 151 1069 161 1123 346 1264 1161 1007 158 1035 1156 167 1094 1027 1118 1135 1042 1018 137 179 1015 1163 1108 1100 1170 1086 1043 1044 172 1034 1059 114 125 280 1019 1068 1079 163 1076 1101 1021 1131 1089 1097 1050 1070 1081 1060 1130 126 1012 1066 1014 1128 1096 1038 1154 1022 1190 1110 1091 1146 177 1107 1075 1216,175 170 278 1001 173 1006 274 1031 1011 279 1045 1002 1064 174 281 118 1016 176 1003 180 127 346 1007 158 1018 137 179 1015 172 125 280 1019 1068 163 1012 1066 1014 1128 1038 177 1075
134,56,1012 172 1108 163 1125 1216 1022 125 1124 1070 1118 114 1134 1076 1065 1042 1099 1025 1086 180 161 1001 1030 113 1033 167 1100 1154 1008 1190 179 1128 1264 76 279 346 1085 1048 126 137 1028 173 280 171 1186 281 1045 1023 1221 1006 118 1027 1059 1064 174 1137 1170 1013 1066 151 1097 1032 1081 1091 1135 1138 1035 1002 1049 1131 1166 1050 1011 1152 170 1051 1178 1021 1054 1103 1123 1132 1075 1110 1038 1060 1107 1043 1156 1068 127 278 30 1215 177 1034 1062 1052 1015 1095 1061 1139 1113 1140 1053 1069 1094 1101 1151 1160 175 1031 1007 1014 1079 1003 1019 158 1098 274 176 1096 1161 1145 1020 1130 1146 1046 1163 1087 1089 1018 1016 1044,1012 172 163 125 180 1001 179 1128 279 346 137 173 280 281 1045 1006 118 1064 174 1066 1002 1011 170 1075 1038 1068 127 278 177 1015 175 1031 1007 1014 1003 1019 158 274 176 1018 1016
134,57,1013 179 1086 137 113 1042 1123 1108 175 1146 167 1022 1099 1154 1135 158 1163 278 1068 1027 281 1124 180 1132 1070 1103 1151 1138 1034 1018 1061 1008 1221 1053 1066 1007 127 1140 1014 1046 1098 1094 1186 1113 163 1006 1076 1021 174 1139 1137 1059 1054 30 279 1038 280 1215 1028 161 346 1020 1091 1050 1065 1125 173 1110 1043 125 1003 1064 76 1030 1031 1166 1170 1062 172 1118 1107 1033 1012 126 1048 1190 1069 1035 1049 1001 1081 1015 1085 1016 1044 114 1160 170 118 1152 1011 1101 1161 1019 1075 1023 1079 1002 151 171 1134 1052 176 1178 1216 1145 1130 1096 1264 1060 1051 1095 274 1045 1087 1100 1097 1131 1025 1089 1128 177 1032 1156,179 137 175 158 278 1068 281 180 1018 1066 1007 127 1014 163 1006 174 279 1038 280 346 173 125 1003 1064 1031 172 1012 1001 1015 1016 170 118 1011 1019 1075 1002 176 274 1045 1128 177
134,58,1152 1156 1163 1221 171 127 1095 1019 175 1139 1062 1070 161 1086 1025 137 163 1098 1138 1094 1100 174 1124 1032 1125 1190 1081 1053 1003 125 1046 30 1079 167 1043 1052 1178 1089 1028 1012 1146 1151 176 1145 1135 1064 158 1002 173 1016 274 1096 114 126 1087 1134 1069 1166 1045 1154 1085 1008 1015 1051 1170 1048 1216 1014 279 1042 1123 1031 179 151 1030 1044 1097 1006 1001 1066 1038 177 1110 1099 1035 1264 278 180 1054 1118 280 1107 281 1068 1075 1101 1108 1049 1022 1091 1021 1076 118 1131 1113 1023 1033 1020 1059 1215 1013 1065 1140 1007 1027 1130 170 172 1061 1050 76 113 1161 1137 346 1103 1132 1128 1160 1034 1011 1018 1186 1060,127 1019 175 137 163 174 1003 125 1012 176 1064 158 1002 173 1016 274 1045 1015 1014 279 1031 179 1006 1001 1066 1038 177 278 180 280 281 1068 1075 118 1007 170 172 346 1128 1011 1018
134,59,280 1186 1161 1018 171 151 1015 1095 1151 1081 1031 163 1049 1110 1094 167 1028 125 1097 158 1019 1079 179 1128 274 281 346 1166 1108 1066 1016 1087 1124 1139 1118 1060 1089 1216 1051 1125 1264 175 1044 1069 113 176 1011 1048 1076 1027 177 174 1178 1103 1152 173 1190 1038 1091 1021 1020 1032 1140 1085 1012 1096 1221 172 1022 1146 1001 1134 137 1042 279 1062 1035 1100 1107 1137 1061 1130 1002 76 127 1160 1053 1054 114 1014 278 1006 1086 1025 1008 1099 1170 161 118 1156 1098 1034 1052 30 1163 1070 1050 170 1101 1123 1007 1131 1030 1138 1135 1065 180 1023 1043 1113 1145 1059 1215 1064 1154 1013 1033 1046 1075 1003 1045 1132 1068 126,280 1018 1015 1031 163 125 158 1019 179 1128 274 281 346 1066 1016 175 176 1011 177 174 173 1038 1012 172 1001 137 279 1002 127 1014 278 1006 118 170 1007 180 1064 1075 1003 1045 1068
134,60,1094 1087 174 1015 1038 172 346 1086 1050 1027 1066 163 1060 137 179 1030 1070 1035 274 1062 1031 1075 1151 113 1042 1145 1059 1076 170 1108 1016 1163 1132 1152 1095 1064 167 1001 1125 1025 1101 1081 177 1049 1012 1048 151 1156 1018 175 173 1034 1131 1161 1051 125 161 279 1160 158 1096 1103 1002 1032 1085 1134 118 1110 1124 126 1061 1139 1089 1118 1065 1022 171 1069 1043 1008 176 1097 1044 1107 1128 1007 1054 1216 1045 1170 278 1098 1221 1033 1011 1264 1138 127 1140 1028 1019 76 1021 1099 1079 1013 1046 1100 1052 114 1178 1146 1091 1154 1068 281 1113 1003 280 1014 1023 1135 1137 1020 1130 1123 1215 180 1166 1006 1053 1186 30 1190,174 1015 1038 172 346 1066 163 137 179 274 1031 1075 170 1016 1064 1001 177 1012 1018 175 173 125 279 158 1002 118 176 1128 1007 1045 278 1011 127 1019 1068 281 1003 280 1014 180 1006
134,61,1216 1178 1186 1027 1264 1163 1023 1131 1145 1042 1152 1006 1140 127 1079 1128 1146 1135 1081 1170 1033 1021 118 281 1125 1046 274 1008 126 1087 1034 1044 1132 1137 1060 180 1051 1075 1068 1050 1018 1154 1054 1156 176 1100 113 1076 1013 1016 1095 1049 1052 172 1118 161 280 1064 1053 1035 1161 137 1025 346 1012 1221 1138 1031 1139 1015 1038 1019 1099 1014 167 1098 1065 1066 1096 1059 1043 1089 125 1108 1020 163 1107 1103 1190 151 1123 1215 1045 114 177 1094 76 1124 1028 1061 1113 279 1070 1085 170 1134 175 1003 1007 173 1069 278 1101 158 179 1130 1166 1030 30 1062 171 1022 1097 1086 1110 1091 1048 1011 1151 1032 174 1160 1001 1002,1006 127 1128 118 281 274 180 1075 1068 1018 176 1016 172 280 1064 137 346 1012 1031 1015 1038 1019 1014 1066 125 163 1045 177 279 170 175 1003 1007 173 278 158 179 1011 174 1001 1002
134,62,1118 1081 278 1098 174 1054 1134 1069 1062 1161 125 274 1140 1264 1042 1131 1110 1028 1146 1065 167 1125 1002 1101 114 1221 1051 1130 1113 1014 1018 175 1190 1011 1170 1061 1163 1023 1178 1022 171 76 1052 280 1128 1019 1135 1064 1033 1152 1137 1138 180 1050 179 1013 1089 113 30 1160 1166 1216 1034 1099 170 1053 1007 1020 1079 1001 281 126 1068 1012 1156 1108 1132 1060 346 1097 176 1059 1107 1186 1094 1006 1032 163 1031 1123 1003 1035 1038 1070 1087 1091 1046 1043 1215 158 137 1048 1145 1027 1086 1095 151 1045 1076 173 127 1139 1025 1151 279 1066 1021 1124 1030 1044 1049 118 1015 1016 1075 1154 177 1085 1008 1096 172 1100 161 1103,278 174 125 274 1002 1014 1018 175 1011 280 1128 1019 1064 180 179 170 1007 1001 281 1068 1012 346 176 1006 163 1031 1003 1038 158 137 1045 173 127 279 1066 118 1015 1016 1075 177 172
134,63,1035 114 1079 1049 1216 137 1170 1125 1134 161 1013 279 158 1033 1066 172 1043 1062 274 1050 346 1137 1051 1139 1094 1085 1113 176 1006 1044 1060 1089 1019 1145 180 1146 175 1086 1030 1075 113 1101 173 1166 1008 1081 1046 1099 1034 1160 1138 281 1011 1020 125 1048 1178 1031 1027 1130 1131 1032 118 1003 1161 1025 1042 1065 1190 1014 1001 1097 1123 1038 1128 1221 170 278 1015 1018 1110 126 1068 171 1007 1061 1156 1098 1132 1054 76 1021 174 280 167 1108 1076 1124 1096 1100 1151 1069 1064 1028 1264 1091 151 1215 1059 1095 1053 1163 1023 30 1045 1118 163 1103 177 1052 1154 1012 1022 1186 1016 1087 179 1107 1135 127 1070 1140 1002 1152,137 279 158 1066 172 274 346 176 1006 1019 180 175 1075 173 281 1011 125 1031 118 1003 1014 1001 1038 1128 170 278 1015 1018 1068 1007 174 280 1064 1045 163 177 1012 1016 179 127 1002
134,64,125 1051 1062 1011 1060 1085 1003 151 1038 1032 281 1020 1216 1098 163 114 1022 1046 1025 179 30 1095 274 76 280 1151 1016 1132 1007 1070 1048 1131 1128 1146 1030 1066 1139 1135 1027 1001 180 177 1091 1045 278 171 172 279 1021 1028 1123 1097 1138 346 1110 1023 1100 1006 1075 1156 118 1015 1186 1166 1068 1152 1018 1012 176 1002 1215 158 1079 173 1099 1042 127 1170 1081 1190 1050 1087 1178 1130 1061 137 1108 1054 1103 1013 1125 175 1052 1113 1019 1154 1101 1086 1264 1064 1031 126 1069 1096 1163 1065 1137 1089 1014 1034 1094 1033 174 1161 1124 1053 1107 1118 1221 113 1059 161 1160 167 1145 1035 1008 1076 1140 1044 1049 170 1043 1134,125 1011 1003 1038 281 163 179 274 280 1016 1007 1128 1066 1001 180 177 1045 278 172 279 346 1006 1075 118 1015 1068 1018 1012 176 1002 158 173 127 137 175 1019 1064 1031 1014 174 170
134,65,1118 1152 1215 1221 280 1186 1170 1190 279 1053 1094 1019 1151 1015 113 1099 1087 1008 172 1079 1060 1022 1108 1016 1003 1145 1061 281 1101 171 1075 278 1031 1030 1110 1045 1131 179 1146 1264 1051 126 175 1098 1154 1014 1002 1107 1033 1123 170 1062 1049 1012 1007 173 1065 1130 1134 1011 1076 1043 1138 1086 1091 176 346 1068 1013 1156 1018 1124 1100 1038 1160 125 30 1125 1027 1054 1178 174 1081 163 1042 1140 1096 1064 1034 180 1113 127 1128 1070 1044 1052 1161 1059 274 1097 1103 1089 1001 1069 1023 1163 1066 1137 1032 1139 1046 1095 167 151 1035 1025 1048 1006 177 1028 118 137 161 158 114 1216 1050 1135 1166 1020 76 1021 1085 1132,280 279 1019 1015 172 1016 1003 281 1075 278 1031 1045 179 175 1014 1002 170 1012 1007 173 1011 176 346 1068 1018 1038 125 174 163 1064 180 127 1128 274 1001 1066 1006 177 118 137 158
134,66,1064 1134 1154 1022 1166 1003 1066 1137 1221 1075 280 1161 1053 1098 1051 1107 1034 1091 281 1113 175 1128 1054 1043 1069 76 1103 1015 1019 1007 127 1050 1052 1012 1151 1130 1062 1031 1131 279 118 173 167 1118 1110 172 1216 176 163 1038 1186 1002 1170 126 1125 170 161 1042 1099 346 1060 1124 1025 1044 1094 1163 1081 1190 1123 1035 1070 1065 1139 1160 1020 1023 113 179 1008 1016 1089 1132 1086 125 177 1096 1085 1027 1013 1135 1033 1048 1156 114 1014 137 1178 151 1097 1030 1264 1146 1138 1006 30 1087 1046 1059 1045 1018 180 1152 1021 1108 1049 1095 171 174 1032 1100 1011 1101 1061 1076 1140 274 1145 1001 1215 278 1068 158 1079 1028,1064 1003 1066 1075 280 281 175 1128 1015 1019 1007 127 1012 1031 279 118 173 172 176 163 1038 1002 170 346 179 1016 125 177 1014 137 1006 1045 1018 180 174 1011 274 1001 278 1068 158
134,67,1065 1132 1095 1045 1108 1123 1049 1103 346 1134 137 1091 1130 1094 1087 1138 1151 177 1048 1034 1097 125 1170 158 1032 1054 176 1061 1096 1076 1135 1215 1161 172 1020 279 151 127 1023 1118 1190 1022 174 1035 1066 1002 1154 1125 1140 1156 170 1186 1068 1139 1011 1124 1052 1137 1018 1028 163 179 1146 1069 1025 1050 30 1264 1107 1016 1216 1008 1070 1098 280 1001 180 1038 76 1131 274 1113 1033 1060 173 1013 1014 1019 1110 171 1053 1003 1015 175 1089 1079 1012 1021 1062 1099 1044 1160 1075 1043 1166 1152 1163 126 1101 1051 1086 1007 1046 1031 167 1145 118 1064 1042 1059 1128 1221 281 1027 161 1081 114 1006 1178 113 1100 1030 278 1085,1045 346 137 177 125 158 176 172 279 127 174 1066 1002 170 1068 1011 1018 163 179 1016 280 1001 180 1038 274 173 1014 1019 1003 1015 175 1012 1075 1007 1031 118 1064 1128 281 1006 278
134,68,1098 1134 1061 1190 1170 1123 1163 161 1007 1054 1042 1015 1135 1076 1016 1215 1006 1066 1030 1128 1081 1050 171 1166 1108 1113 1178 1008 1075 1068 1145 1137 76 1264 279 1221 1044 346 1035 1118 1146 1027 1045 1059 1085 1043 1012 1053 1097 1052 113 151 1089 1051 174 1022 1131 1107 175 1020 1103 1031 30 163 1011 1087 1091 1139 1216 1096 1032 1038 1151 1065 281 1156 177 1069 1064 1161 1132 1186 1046 1025 1002 1034 278 118 280 1099 1003 1014 1013 1095 1086 176 1101 1100 158 1160 1140 1154 1048 1124 137 1033 1062 1079 1110 126 1023 274 1070 1028 125 1049 180 1060 1130 1018 1019 1094 1138 167 1001 127 114 170 1021 179 173 1152 172 1125,1007 1015 1016 1006 1066 1128 1075 1068 279 346 1045 1012 174 175 1031 163 1011 1038 281 177 1064 1002 278 118 280 1003 1014 176 158 137 274 125 180 1018 1019 1001 127 170 179 173 172
134,69,1027 1042 1097 1065 1048 1186 1221 1011 1045 167 1140 1061 1003 1091 1001 1152 1020 1043 161 1008 1014 1103 1132 176 278 1032 1012 1033 1099 1110 1019 1025 118 1085 1022 274 1138 76 1079 1135 179 1137 1128 1046 1066 1166 1044 280 1131 1124 1107 279 125 1190 1068 1118 1178 1095 174 1154 1062 175 1030 151 1075 171 1113 1059 1100 1101 1215 1049 126 1070 1006 1015 1094 281 1086 1216 127 1156 1050 1013 1054 1023 1151 1018 1031 1007 346 1087 158 1064 1130 1264 163 1002 1060 1125 1038 172 1163 1145 170 177 1035 173 1028 1134 1016 113 114 1034 1021 1146 180 1139 137 1096 1098 1170 1081 1089 1161 1123 1069 1053 1160 1051 1076 1052 30 1108,1011 1045 1003 1001 1014 176 278 1012 1019 118 274 179 1128 1066 280 279 125 1068 174 175 1075 1006 1015 281 127 1018 1031 1007 346 158 1064 163 1002 1038 172 170 177 173 1016 180 137
134,70,274 1032 167 1069 1060 1030 1018 1064 151 1075 1053 1124 1166 1125 1046 1025 1086 76 1027 1015 179 1049 1042 1146 1140 1035 177 114 1113 1022 113 1190 1021 1043 173 1079 1003 1061 125 1123 1097 1135 172 1101 281 280 1054 1118 1128 1059 1048 1070 1264 1178 1038 1216 1160 1014 158 1087 1134 161 1152 1008 137 163 1031 1110 1096 1085 1098 1139 1023 279 1138 1019 1095 1108 118 278 176 1002 1076 1131 1013 1065 126 1028 1062 1221 1091 1034 1151 127 1052 1094 1001 1068 1033 175 1089 1006 1103 171 1215 1161 1012 1045 1137 1100 1044 1163 1011 1130 346 1081 1007 1145 1170 174 1186 1051 1066 1020 1154 1016 180 30 1132 170 1050 1156 1107 1099,274 1018 1064 1075 1015 179 177 173 1003 125 172 281 280 1128 1038 1014 158 137 163 1031 279 1019 118 278 176 1002 127 1001 1068 175 1006 1012 1045 1011 346 1007 174 1066 1016 180 170
134,71,1156 1087 1011 1098 1053 1070 1107 1151 1048 1125 170 1044 167 1221 1069 1131 1021 1108 1079 1022 1097 1013 175 180 1089 1190 1012 1215 1086 1060 171 1110 278 179 1138 1095 1027 1076 1146 1075 1007 151 280 1113 1128 1124 1100 1043 1016 1068 172 161 1099 1061 1094 30 1066 1014 163 1064 1152 1042 1166 1161 1002 1003 114 126 1033 1062 1140 1006 1123 1051 1054 274 1163 1001 1049 113 1081 1052 176 1046 158 1025 1065 118 1160 1101 1034 346 1023 1170 1031 1028 125 1091 1038 76 1137 1015 1030 177 1145 1045 1186 1118 137 1019 1130 1008 1264 1154 173 1216 1059 1096 1132 1050 1020 1085 1134 1103 127 279 1135 174 1035 1032 1178 1139 1018 281,1011 170 175 180 1012 278 179 1075 1007 280 1128 1016 1068 172 1066 1014 163 1064 1002 1003 1006 274 1001 176 158 118 346 1031 125 1038 1015 177 1045 137 1019 173 127 279 174 1018 281
134,72,1190 1042 1032 1135 1107 1003 1086 1025 1034 1095 170 1145 1099 278 1138 1085 1137 179 1166 1221 1044 161 1087 1023 1079 30 1043 1215 1076 1156 274 127 1186 1018 1066 114 1160 1061 1002 1094 1151 1001 1014 1064 1012 1110 1022 281 1101 174 1065 1045 1132 279 1060 172 158 1050 175 180 1178 1139 1124 1020 1131 1038 137 1013 1052 1068 1027 1075 1051 173 1070 1140 1008 280 1152 125 1163 1108 1097 1096 1006 176 1016 167 1146 1123 163 1118 1154 177 1015 1033 346 1059 1081 1053 126 1046 1113 1069 1128 1161 1125 1049 1031 1007 1089 1216 1134 113 1103 1130 1062 1011 171 1264 151 1170 1098 118 1028 76 1054 1100 1035 1021 1048 1091 1030 1019,1003 170 278 179 274 127 1018 1066 1002 1001 1014 1064 1012 281 174 1045 279 172 158 175 180 1038 137 1068 1075 173 280 125 1006 176 1016 163 177 1015 346 1128 1031 1007 1011 118 1019
134,73,1031 1216 1020 1027 274 1079 1186 170 279 1045 1152 1016 163 1038 1053 1110 1033 1095 174 1011 1137 1013 126 1028 1025 1054 1051 1161 346 1091 125 1113 118 1118 1128 1018 1098 1019 1076 1108 1059 1044 1065 172 1042 1062 1131 1022 1008 1094 281 1014 1135 1132 1003 1066 1001 1068 167 1006 114 1085 1043 76 1030 173 278 1007 158 1154 1103 1215 180 1012 1081 161 1107 1138 30 1163 1002 179 151 1060 1123 1146 1023 1086 1048 127 1170 137 1061 1125 1064 1089 1097 1156 176 1087 1139 1130 1160 1264 1070 1101 1140 1221 1099 1166 1015 1069 113 1050 1049 177 1178 1145 1124 1190 1035 1021 1032 1075 175 171 1046 1052 1100 1096 1134 280 1151 1034,1031 274 170 279 1045 1016 163 1038 174 1011 346 125 118 1128 1018 1019 172 281 1014 1003 1066 1001 1068 1006 173 278 1007 158 180 1012 1002 179 127 137 1064 176 1015 177 1075 175 280
134,74,1021 1034 1069 1123 1087 1013 1086 1095 1003 1061 1028 1035 176 1100 1145 114 1079 1031 1094 1178 113 1215 30 1134 1051 171 274 1170 174 1038 1110 279 1264 1113 1044 1020 1190 1107 1065 167 180 163 1043 1012 1130 1075 1050 1108 1064 127 1160 1097 1011 1216 1118 1007 175 1068 1076 1070 1091 1025 1046 1018 1008 1023 1066 118 1059 1014 1060 1166 126 346 1015 179 1002 281 177 1099 1137 1096 1135 1138 1001 1139 1089 172 1161 1154 1124 76 158 1163 1052 278 1048 1132 1221 1101 1006 1054 1045 1151 1030 1053 1016 1032 1081 1186 280 161 1103 1098 137 1062 1049 1131 1027 1042 1128 1140 1146 1085 173 1033 151 1125 125 1156 1152 1022 1019 170,1003 176 1031 274 174 1038 279 180 163 1012 1075 1064 127 1011 1007 175 1068 1018 1066 118 1014 346 1015 179 1002 281 177 1001 172 158 278 1006 1045 1016 280 137 1128 173 125 1019 170
134,75,1021 1025 1095 1069 1098 1018 1170 173 137 1186 179 1031 1023 1045 1003 1065 1089 1001 1124 1066 170 1059 113 1216 1097 158 1131 163 1015 1138 1264 1064 1160 1108 1125 1028 177 1012 1094 1086 1062 1038 1068 118 180 1051 1190 1139 1123 125 1152 1081 1079 1043 161 1100 1137 1033 1107 1163 1044 176 1103 1048 1101 278 1146 1099 1014 172 1130 1156 1113 175 1016 1008 1002 279 127 1076 1145 1134 1151 1050 1085 1096 1042 281 1013 167 1118 1215 1027 274 1070 126 1011 1061 1030 1221 1053 1178 114 1060 1075 1054 1087 1166 1091 1052 280 174 1046 1019 1132 30 1007 1034 76 1035 1032 1161 1022 1140 171 346 151 1049 1135 1020 1128 1006 1154 1110,1018 173 137 179 1031 1045 1003 1001 1066 170 158 163 1015 1064 177 1012 1038 1068 118 180 125 176 278 1014 172 175 1016 1002 279 127 281 274 1011 1075 280 174 1019 1007 346 1128 1006
134,76,1007 1048 1086 177 1101 158 1012 1161 1085 1051 1054 1215 1091 1113 126 1216 346 1025 1107 176 1059 1128 1045 174 1018 1156 30 1076 1053 1019 1075 1061 1134 1108 1163 1013 1050 1125 280 1140 281 1030 1152 1031 1087 1124 1049 1099 1043 151 1131 1068 274 1014 1137 1190 163 1079 127 1023 1264 1032 171 1097 1069 1042 1020 161 1003 1028 1098 175 1070 1008 118 1186 1052 1221 1038 1118 1060 167 278 1103 1130 1044 1160 1138 1096 1139 1011 1135 1035 1132 114 1064 1046 1094 1033 137 1027 1065 1066 1170 1016 1100 1146 1145 1062 1001 1151 1178 1123 179 76 180 1006 1021 1089 1022 1110 279 1015 1081 1166 1095 1002 125 170 173 172 1154 113 1034,1007 177 158 1012 346 176 1128 1045 174 1018 1019 1075 280 281 1031 1068 274 1014 163 127 1003 175 118 1038 278 1011 1064 137 1066 1016 1001 179 180 1006 279 1015 1002 125 170 173 172
134,77,1049 1131 1099 346 1014 161 1033 1132 1107 1118 127 1098 1151 1042 1043 125 1001 1006 1154 1018 1012 1070 1145 172 1137 1123 1095 137 1128 174 1050 113 1054 1065 1097 1170 1052 1025 1156 1032 1051 1016 1091 1011 1113 163 1130 1046 170 1034 1027 30 1079 1069 1019 1003 1002 76 1125 1135 1108 175 280 179 126 1062 1059 1015 1089 1139 1086 1146 1101 1166 151 1048 176 1190 171 1045 177 1038 1031 1163 118 1152 1096 173 278 1061 1178 1094 180 1066 1007 1138 1060 1216 1022 1215 1221 1134 1186 1140 1008 167 1087 1081 1028 1068 1044 114 274 1064 1264 1076 1110 279 1161 1160 1053 158 1100 1030 1021 1085 1124 1103 1013 1023 1035 281 1075 1020,346 1014 127 125 1001 1006 1018 1012 172 137 1128 174 1016 1011 163 170 1019 1003 1002 175 280 179 1015 176 1045 177 1038 1031 118 173 278 180 1066 1007 1068 274 1064 279 158 281 1075
134,78,1087 1132 1145 1051 76 1094 1075 1221 1021 30 346 175 1016 274 1125 1015 1013 1151 1002 1108 1091 167 1086 1061 1052 176 278 1140 1068 173 158 1096 1100 1101 1033 114 1049 1134 1156 1190 1035 1048 179 1110 1031 1042 127 174 1098 1186 180 1123 1215 1089 113 1264 1070 1062 1065 1107 1152 137 1138 171 1044 1124 1020 1069 1022 1001 1170 1079 1006 1076 279 161 1014 1216 1137 1053 1045 1023 1081 1008 1050 1018 1097 151 1030 1128 1043 1011 1103 177 1160 170 1034 1054 1130 1059 1131 1161 1163 1085 1146 1027 1135 1032 1025 1046 172 126 1064 280 163 1019 1038 281 118 1012 1099 1028 125 1154 1166 1066 1095 1139 1007 1060 1113 1178 1118 1003,1075 346 175 1016 274 1015 1002 176 278 1068 173 158 179 1031 127 174 180 137 1001 1006 279 1014 1045 1018 1128 1011 177 170 172 1064 280 163 1019 1038 281 118 1012 125 1066 1007 1003
134,79,180 1050 1018 1013 127 1019 1221 1132 1086 125 126 1186 1076 1101 280 1069 1061 1113 174 1028 1001 172 177 1079 1068 1016 279 161 1139 1087 1124 1053 1081 1014 1033 179 1118 1015 1022 1190 1021 167 1138 1020 1011 173 1008 158 1110 1023 1048 1108 1145 1178 1089 1216 1064 1146 274 1030 1094 1097 1134 1107 163 1215 1151 1042 114 1027 281 1052 170 1095 1046 1043 1166 1096 76 113 1123 1103 1070 1160 1163 1059 1034 175 1054 1045 1012 1062 1137 1044 171 1154 1060 30 1161 1131 1128 1099 1065 1140 1049 1025 1085 1003 1264 1075 1135 1091 1152 1100 278 1098 137 118 151 1002 1038 1051 176 1066 1125 1170 1032 1035 1130 1031 1006 1156 346 1007,180 1018 127 1019 125 280 174 1001 172 177 1068 1016 279 1014 179 1015 1011 173 158 1064 274 163 281 170 175 1045 1012 1128 1003 1075 278 137 118 1002 1038 176 1066 1031 1006 346 1007
134,80,1097 1094 1048 1038 114 174 1021 172 1146 1166 1128 1030 113 1020 1046 1023 1075 1134 1059 1012 1076 1044 1087 1022 1124 171 1052 1014 1018 1161 137 1096 1132 1034 1013 1060 1069 1145 1221 1113 1007 118 1049 1103 76 126 1137 163 1190 274 176 1003 1216 1061 1089 1045 1140 1008 1064 1135 1033 1152 1099 177 167 1125 1001 1151 1054 173 278 151 125 1098 1062 1035 1154 30 279 1264 1025 1160 1163 1028 175 1015 1031 1068 170 1131 1032 1002 1050 180 1215 1042 1138 1110 1053 161 158 127 1081 281 1011 1086 1186 1065 1100 1043 346 1156 1178 1118 1123 1079 1019 1108 179 1016 1101 1091 1107 280 1070 1085 1006 1095 1051 1170 1027 1066 1139 1130,1038 174 172 1128 1075 1012 1014 1018 137 1007 118 163 274 176 1003 1045 1064 177 1001 173 278 125 279 175 1015 1031 1068 170 1002 180 158 127 281 1011 346 1019 179 1016 280 1006 1066
134,81,1130 127 1007 1161 1103 1154 161 114 1021 1163 1140 1001 1135 1019 170 1095 1086 1015 1011 1146 1053 1064 30 1061 1003 1046 173 177 1075 1020 1139 1101 274 1043 1085 1076 167 1108 1096 174 1054 158 1221 113 1069 176 278 1068 1178 1070 180 126 1125 118 1051 179 1118 1016 1123 1022 1186 1138 1059 1034 1137 1110 1060 1062 1049 346 1089 1065 76 1160 1170 1006 171 1025 1128 1008 1091 172 1027 125 1032 1012 1087 1264 1094 1042 1166 1216 1023 1100 1156 1134 1099 280 1131 1215 1018 151 137 1028 1190 1035 1132 279 1145 1031 1052 1050 1151 163 1048 1013 1113 1097 1098 1030 1079 1045 1081 281 1066 1152 175 1033 1124 1002 1107 1038 1014 1044,127 1007 1001 1019 170 1015 1011 1064 1003 173 177 1075 274 174 158 176 278 1068 180 118 179 1016 346 1006 1128 172 125 1012 280 1018 137 279 1031 163 1045 281 1066 175 1002 1038 1014
134,82,1099 1066 1065 1221 1044 1060 1131 172 1002 1160 1098 1135 1001 1028 1145 1216 1031 1091 1101 1163 1052 1118 118 1034 1152 1095 171 1059 1161 1085 1048 1043 1089 1178 1097 1053 1020 163 1132 1008 127 1014 1140 1086 113 1215 1264 1006 1018 1062 346 1100 1032 1019 1011 1079 1108 1166 1138 30 280 1068 1051 1075 1110 1045 1070 167 1081 1113 1013 1094 278 170 158 1107 1021 1030 137 174 1125 1003 1035 179 1151 1076 1124 1022 279 1033 161 1154 1012 1130 1064 126 1025 1139 1015 1023 1087 1027 1038 1134 1128 1054 1042 1103 1156 1069 175 151 1049 1007 173 1096 114 1016 1146 177 1190 1061 1123 1046 274 281 125 1050 1137 1170 76 1186 176 180,1066 172 1002 1001 1031 118 163 127 1014 1006 1018 346 1019 1011 280 1068 1075 1045 278 170 158 137 174 1003 179 279 1012 1064 1015 1038 1128 175 1007 173 1016 177 274 281 125 176 180
134,83,1152 1061 1264 1087 1034 1023 280 1044 1161 1013 279 137 1151 1062 1007 1190 1145 1054 1031 1068 1130 1042 1003 1021 180 1001 1170 1050 1066 1064 1019 1060 1012 127 1052 1160 1113 1128 1032 1138 1125 1025 1079 1163 172 1178 1110 1020 1094 1014 173 1099 1065 281 1134 176 1154 1107 1135 163 1018 1033 1085 1095 1166 1045 1098 151 1132 1043 1215 30 1096 1139 1123 171 1075 1216 1089 126 1070 1137 1049 125 1086 1103 174 1108 113 1008 1076 175 177 1186 1011 1006 1028 1015 1059 170 1002 1118 346 1035 1022 278 1081 118 161 1030 1051 1069 1038 1156 274 1027 1131 1048 1146 167 76 1097 1053 1221 1101 1016 1140 1091 1046 1124 114 158 1100 179,280 279 137 1007 1031 1068 1003 180 1001 1066 1064 1019 1012 127 1128 172 1014 173 281 176 163 1018 1045 1075 125 174 175 177 1011 1006 1015 170 1002 346 278 118 1038 274 1016 158 179
134,84,1022 1097 1128 1087 1023 1138 1079 161 1170 1160 1110 1032 1135 1049 1016 163 1091 1101 1021 175 151 1089 1085 1100 113 280 1035 1044 158 1069 1216 1156 1033 1050 126 1123 1103 1027 1186 1013 1020 1146 1038 281 1068 1045 1215 173 76 1003 127 1099 1043 1008 1151 1062 1059 279 1042 1096 1076 1130 1178 1061 1046 1007 1019 1152 1107 1166 1034 1139 1264 1064 125 1161 1190 1011 1108 1054 1098 176 1154 1015 1134 274 1131 1052 180 1124 1030 1081 171 30 1066 1086 1132 1065 1140 1028 167 1070 1001 1075 172 278 1014 1012 1113 1221 174 1137 1094 118 177 170 1060 137 1053 1031 114 1048 179 1051 1025 1145 1118 1095 1125 1006 1002 1018 346 1163,1128 1016 163 175 280 158 1038 281 1068 1045 173 1003 127 279 1007 1019 1064 125 1011 176 1015 274 180 1066 1001 1075 172 278 1014 1012 174 118 177 170 137 1031 179 1006 1002 1018 346
134,85,1042 1087 278 1014 1095 30 1108 177 161 1079 1107 1023 1012 1138 1098 1154 1002 1022 1013 1049 1123 1100 1060 1264 1031 1125 172 1221 1028 1033 1103 1161 1065 1011 1089 1190 137 174 1085 1034 1163 1007 1051 1025 1030 1019 167 180 1027 1178 1131 1113 1003 1054 1061 113 1075 1070 1053 1064 1130 1048 1006 1069 125 1018 163 1086 279 1066 1062 1046 1186 1021 1134 1166 1152 274 1038 175 1016 1215 170 179 1045 118 1076 281 1139 151 1132 1110 1050 1068 1020 1032 1044 1097 114 1135 171 176 1059 1137 280 1170 158 1001 1151 1128 1043 1216 76 1118 1008 346 173 1096 1081 1145 1124 126 1156 1160 1099 127 1094 1052 1035 1015 1146 1101 1140 1091,278 1014 177 1012 1002 1031 172 1011 137 174 1007 1019 180 1003 1075 1064 1006 125 1018 163 279 1066 274 1038 175 1016 170 179 1045 118 281 1068 176 280 158 1001 1128 346 173 127 1015
134,86,1054 1042 126 1156 1154 1161 1061 1052 1132 1046 1108 281 1096 1163 1062 1064 1034 1215 176 175 1216 1002 1086 174 1138 1118 1128 346 1190 1081 158 278 1097 1186 1160 1166 151 1075 1124 1139 1016 1134 1006 1068 163 1221 1059 1146 137 1094 1007 1019 1130 1015 167 1011 1170 1091 1089 1027 1264 1018 1079 1044 274 1003 1008 1051 1045 1113 127 1070 1087 1032 1095 125 76 1021 180 280 1178 1100 1030 1060 172 1145 1028 1043 1140 1038 1099 1022 30 1033 1031 279 1035 118 1023 1066 1151 170 113 1131 1012 173 1049 1110 1065 1101 177 1014 1013 1053 161 1050 1069 1020 1025 114 1137 1152 1001 1135 1107 1103 1085 1076 1048 171 1125 1098 1123 179,281 1064 176 175 1002 174 1128 346 158 278 1075 1016 1006 1068 163 137 1007 1019 1015 1011 1018 274 1003 1045 127 125 180 280 172 1038 1031 279 118 1066 170 1012 173 177 1014 1001 179
134,87,177 179 1007 163 1054 118 1062 1186 1094 1031 1048 1086 1152 126 1091 1020 1015 1016 151 1166 1161 1221 1156 1190 1216 1002 76 1006 1001 1135 1019 1089 1060 1003 1146 1018 1053 1011 1059 1131 1068 1110 1137 278 1123 1096 1022 1100 1012 1028 1108 176 1025 1124 1033 280 274 174 1069 1140 346 1151 1130 281 1052 180 1099 1043 279 1087 1134 1008 1049 1023 1160 158 1139 1076 1079 1170 127 1085 1021 125 170 173 1118 1097 1095 1125 171 1013 1101 1098 1107 1027 1103 1066 1132 1138 1264 1038 1178 1075 113 1035 1061 161 1081 1032 1154 1046 1034 1044 114 30 1014 1051 1070 137 1163 1030 1215 1064 1042 1045 1113 167 1128 172 175 1145 1065 1050,177 179 1007 163 118 1031 1015 1016 1002 1006 1001 1019 1003 1018 1011 1068 278 1012 176 280 274 174 346 281 180 279 158 127 125 170 173 1066 1038 1075 1014 137 1064 1045 1128 172 175
134,88,1007 346 1001 1050 1016 1138 1216 1076 1028 1031 1085 1094 1134 1154 1081 1140 1011 1130 30 1264 1156 1060 1215 1131 1178 1038 1118 114 1023 1048 1015 1091 1170 118 175 1145 1002 1066 1101 1135 1099 1095 1052 1012 1033 167 1221 1108 171 1046 1124 113 1146 1032 1043 137 1035 1190 151 174 1113 1042 125 1008 1062 1018 1089 281 1098 1087 170 1097 1186 1006 1020 1061 1103 1059 1044 172 1027 1152 1086 1003 1065 1070 176 180 1013 1051 1132 1160 1075 1034 1079 1123 1069 1045 1022 1019 161 1107 1100 127 1096 1166 1068 76 279 1161 1014 163 1049 126 1139 179 1054 278 1021 1125 1030 1128 173 1151 1064 1025 177 1137 1163 280 158 1110 274 1053,1007 346 1001 1016 1031 1011 1038 1015 118 175 1002 1066 1012 137 174 125 1018 281 170 1006 172 1003 176 180 1075 1045 1019 127 1068 279 1014 163 179 278 1128 173 1064 177 280 158 274
134,89,1128 163 1132 1061 1007 1018 1033 1140 1006 1023 1113 180 1015 1066 1012 1095 1052 1085 1022 1050 1097 1186 1154 1091 1166 1035 1019 1062 1065 1110 161 1124 1031 281 1098 1131 1100 1028 30 1021 1108 176 278 1118 1139 1138 172 113 1059 1135 151 1190 1043 126 1079 1002 1034 1221 1001 171 1123 1075 1051 1089 1094 175 1011 76 280 1163 1137 1030 114 1068 1130 1152 1107 1096 1032 1178 1038 1099 1048 1042 1146 1151 1053 1049 1060 1081 1008 1101 1264 1161 1003 1086 167 1046 1045 1215 173 1027 1064 1054 177 1216 1020 1170 1103 1134 1013 125 1156 174 1070 1087 1025 274 1160 170 1014 279 118 1069 1125 179 137 346 158 127 1145 1016 1044 1076,1128 163 1007 1018 1006 180 1015 1066 1012 1019 1031 281 176 278 172 1002 1001 1075 175 1011 280 1068 1038 1003 1045 173 1064 177 125 174 274 170 1014 279 118 179 137 346 158 127 1016
134,90,280 1091 1094 1081 1031 1032 170 76 1021 1048 1028 1015 1086 171 1059 126 1052 1178 1137 1079 1139 163 1023 1018 281 1042 1027 1069 151 1113 1156 1062 1001 1123 1103 1020 1154 346 158 1089 177 1118 1006 1152 30 1054 1046 1003 1099 274 1215 1076 1065 125 1131 1011 1170 1166 1013 1035 1045 172 1145 1008 1066 1128 278 1007 1038 1125 1151 173 1134 1140 1070 1019 174 1034 1050 176 1051 1190 1097 1163 1016 1135 1068 1096 179 1108 1098 114 1130 1033 1101 1221 127 1002 167 1049 1075 1060 1264 1107 1012 1025 1100 1216 1110 175 1095 1132 1085 137 1053 1186 1014 1087 1138 1030 1022 113 1160 1044 161 1124 180 1161 1043 1061 118 1146 1064 279,280 1031 170 1015 163 1018 281 1001 346 158 177 1006 1003 274 125 1011 1045 172 1066 1128 278 1007 1038 173 1019 174 176 1016 1068 179 127 1002 1075 1012 175 137 1014 180 118 1064 279
134,91,1108 177 171 1151 1006 1123 1025 151 1019 1081 1060 1052 1053 1124 127 1095 1097 1186 1013 1140 1018 1021 1145 1221 1178 1146 1216 176 346 1049 1132 1160 1128 167 1062 1215 1045 1075 175 1042 279 1044 1087 137 1152 163 1107 1131 1061 1156 1125 1154 1020 1134 1113 158 1008 1118 1065 1094 30 126 1028 1054 1003 1007 161 1038 1166 1002 179 1110 1099 1085 1091 1190 1046 1043 114 1033 1015 280 1161 1098 1101 1089 125 1011 1264 1048 1032 1059 1022 1135 170 281 1012 1170 118 172 1066 173 1138 76 1051 1030 1070 1076 1096 1069 1079 1027 1139 180 1031 1050 1086 1014 1064 274 1068 174 1100 1034 278 1130 1016 1103 1023 1137 113 1163 1001 1035,177 1006 1019 127 1018 176 346 1128 1045 1075 175 279 137 163 158 1003 1007 1038 1002 179 1015 280 125 1011 170 281 1012 118 172 1066 173 180 1031 1014 1064 274 1068 174 278 1016 1001
134,92,1163 1048 1014 127 180 1070 1065 1110 1137 280 1059 1013 1068 1052 1108 1011 163 1170 1101 1079 151 114 161 1060 1031 175 158 1015 1042 1001 1022 125 1006 177 1030 118 1125 1128 176 1124 76 1062 1025 1094 1099 1023 1140 1123 1007 172 1100 1131 1043 1152 1018 1035 1046 1002 171 1091 1012 1103 1076 1034 278 167 274 279 1045 1085 1216 1066 1145 1160 1166 1139 1161 1146 1107 1086 1053 1050 1044 170 173 1118 1095 346 1138 1134 174 1132 113 1113 1049 1028 1098 1008 1154 30 1033 1069 1038 1190 1264 1020 1130 1096 1215 1156 1097 126 1151 1087 1003 137 1016 1019 1051 1032 1027 1221 179 1054 1178 1081 1186 1075 1061 1021 281 1135 1064 1089,1014 127 180 280 1068 1011 163 1031 175 158 1015 1001 125 1006 177 118 1128 176 1007 172 1018 1002 1012 278 274 279 1045 1066 170 173 346 174 1038 1003 137 1016 1019 179 1075 281 1064
134,93,1098 1089 1007 1059 1166 1011 1051 1043 1124 1076 177 1068 151 1086 176 1091 171 1161 1096 1079 1075 1215 1054 1160 1130 1125 1066 1108 1221 1107 1101 1178 1264 1103 279 179 1163 1146 1021 1060 1140 118 1022 1094 1025 1134 1019 126 1110 1027 1138 1100 1016 1002 1003 346 1070 1034 1132 1128 114 1044 1030 1032 1113 1031 1131 1095 1154 274 1151 1152 1046 1156 163 1170 1139 278 1087 161 1064 1042 1085 1123 180 1001 172 76 1062 1065 1012 174 1216 1145 1099 281 175 1013 1049 1069 1045 1023 170 1015 158 1052 1033 127 1118 1190 1137 1014 1008 1020 1028 1061 173 1097 280 1135 1035 1006 125 1053 1186 167 1048 1018 1038 30 1050 1081 113 137,1007 1011 177 1068 176 1075 1066 279 179 118 1019 1016 1002 1003 346 1128 1031 274 163 278 1064 180 1001 172 1012 174 281 175 1045 170 1015 158 127 1014 173 280 1006 125 1018 1038 137
134,94,1110 1064 1053 1060 1065 1145 177 76 1087 1045 1019 175 1068 1011 1154 1012 1178 1156 1038 1091 1170 1070 1099 170 1007 1128 167 1132 171 274 1023 172 1035 1089 1130 1001 1103 279 1161 1097 1048 1134 125 1054 1020 1003 1061 114 180 1131 1107 1049 1095 1042 1186 1030 1025 1044 1138 1160 118 30 1098 126 176 1215 151 137 1096 1100 1124 1059 1123 1118 1062 1033 173 281 1043 1069 1163 1027 1046 1006 1015 1139 1032 278 280 1101 1016 113 179 161 174 1014 1125 1166 158 1081 1151 1021 1022 1152 1113 1146 1137 1135 1034 1264 1221 1108 1079 1028 1008 1050 1018 1094 1002 1031 1013 1190 1085 1076 1051 1140 1086 127 1052 163 1216 1075 1066 346,1064 177 1045 1019 175 1068 1011 1012 1038 170 1007 1128 274 172 1001 279 125 1003 180 118 176 137 173 281 1006 1015 278 280 1016 179 174 1014 158 1018 1002 1031 127 163 1075 1066 346
134,95,281 1170 170 76 1086 1011 1051 1052 1065 1101 172 1060 1007 114 1032 1064 1020 1025 158 1190 127 1059 30 1012 171 1015 1099 1107 1003 1095 1163 1035 161 1022 274 1006 1045 1014 1042 137 1046 1054 1135 113 1097 1139 176 1221 1069 1130 1023 1124 1019 125 151 1103 1028 1001 173 1145 1094 278 1021 1018 1034 1013 1079 1008 1138 1166 1098 1131 1156 1053 1027 1118 126 1134 1108 1061 1076 1110 1062 1146 1160 1048 1038 1043 174 1030 1125 1070 1264 179 1096 1123 279 1049 1216 346 1178 1215 1091 1161 1113 167 1152 163 1087 177 1140 1128 180 1044 1100 1031 175 1154 118 1186 1002 1068 280 1075 1016 1089 1033 1066 1050 1132 1081 1085 1137 1151,281 170 1011 172 1007 1064 158 127 1012 1015 1003 274 1006 1045 1014 137 176 1019 125 1001 173 278 1018 1038 174 179 279 346 163 177 1128 180 1031 175 118 1002 1068 280 1075 1016 1066
134,96,76 1027 1059 1044 1053 1061 118 127 1008 1095 1032 1021 1051 1130 1163 1170 1045 1216 278 1096 1134 1099 1137 1068 1020 1025 1123 1001 1012 176 1022 1019 180 1151 1161 1054 125 167 1048 1003 1011 274 1124 175 1031 1098 1160 1046 1060 1103 1065 151 1043 1016 177 1108 280 1089 113 1050 179 174 163 1006 1146 1132 1110 1097 1113 137 1154 1014 1264 172 171 1145 170 1107 1190 1140 1030 281 1052 1079 158 1066 161 1035 1087 1062 1086 173 1002 1033 1166 1070 1038 1085 1069 1091 1028 1015 1152 1018 1042 1076 346 1100 1075 114 1081 1064 1034 1128 1007 1156 1215 126 1125 1186 279 1138 1178 1118 1131 1139 1013 1135 1094 1101 1049 1221 30 1023,118 127 1045 278 1068 1001 1012 176 1019 180 125 1003 1011 274 175 1031 1016 177 280 179 174 163 1006 137 1014 172 170 281 158 1066 173 1002 1038 1015 1018 346 1075 1064 1128 1007 279
134,97,177 1075 1050 1046 1128 1034 1113 1076 174 1186 1001 1139 1190 1108 1123 278 172 1125 126 1099 1023 76 1140 1013 30 1137 1048 1033 1100 1079 1032 1064 1264 114 1061 1146 1124 1134 1031 118 1215 1152 1161 1054 1060 1094 171 1066 1166 175 1096 1069 1025 1011 1019 1131 1062 1095 1145 1044 1154 1081 1059 1118 1051 1086 1028 1068 170 1132 113 1030 1045 1070 1101 1156 179 280 1049 1103 1089 1065 1012 180 346 1021 1160 151 1135 1015 1170 163 1085 1042 1003 1097 274 1138 167 1151 1038 158 1098 279 1016 173 1002 281 1178 1027 1087 125 137 1022 1216 176 1163 1018 1130 1020 1107 1008 1014 1007 1110 1043 161 1052 1035 1006 1221 1053 127 1091,177 1075 1128 174 1001 278 172 1064 1031 118 1066 175 1011 1019 1068 170 1045 179 280 1012 180 346 1015 163 1003 274 1038 158 279 1016 173 1002 281 125 137 176 1018 1014 1007 1006 127
