recid,eqid,station_latitude,station_longitude,scaled_deltaW
730,118,37.465,-122.342,-0.0447713439053688
732,118,37.657,-122.082,1.2575055522752925
733,118,37.657,-122.061,1.3394553438512664
734,118,37.484,-122.313,0.8114052763322231
735,118,37.47,-122.32,0.1687081574094521
736,118,37.397,-121.952,0.2213625652535479
737,118,37.785,-122.303,0.9501308094604356
738,118,37.166,-121.628,-0.5461507894027192
740,118,37.047,-121.984,-2.604336891172826
742,118,36.532,-121.143,-0.507869004283892
743,118,36.658,-121.249,0.4733663634574885
745,118,36.673,-121.195,-0.0836025297454148
746,118,36.483,-121.18,-0.516333584653807
747,118,37.512,-122.308,0.7393895592137982
748,118,37.87,-122.24,0.5359830000910945
749,118,37.876,-122.249,1.017230882098588
750,118,37.452,-121.807,0.210944802167852
753,118,37.124,-121.551,-0.7497581591401086
754,118,37.118,-121.55,-0.3557762936444556
755,118,37.709,-121.932,0.8196031722233389
756,118,37.492,-122.136,0.6259536403214809
760,118,37.535,-121.929,-0.2566404500869363
761,118,37.53,-121.919,0.0704120350930023
762,118,36.973,-121.568,-1.3252894359725949
765,118,36.982,-121.556,-1.7723104423001417
766,118,36.987,-121.536,-1.7145823810269163
767,118,37.001,-121.522,-2.481157100031362
768,118,37.026,-121.484,-1.4603259409850196
769,118,37.033,-121.434,-1.202288298100643
770,118,37.808,-122.476,1.4235281565067688
772,118,37.67,-122.086,1.5545470430147044
773,118,37.679,-122.082,1.4191806946876044
774,118,36.765,-121.446,-0.1513025757656226
775,118,36.848,-121.397,1.2279861259432088
776,118,36.85,-121.4,0.9344985346907828
777,118,36.888,-121.413,0.2304050006891971
778,118,37.172,-122.01,-0.907168199012597
780,118,37.529,-122.361,1.003503810133718
781,118,36.597,-121.897,-1.1951572488113489
782,118,37.813,-122.314,0.9268727280152136
783,118,37.806,-122.267,0.9911567347528876
785,118,37.453,-122.112,0.1493845559178363
786,118,37.42,-122.21,-0.1076912840635387
789,118,37.935,-122.342,0.5609543283563803
790,118,36.753,-121.395,0.0055896383246654
791,118,37.728,-122.385,1.093600197668584
792,118,37.778,-122.513,0.9244391414971644
793,118,37.74,-122.432,0.8057420241196785
795,118,37.792,-122.457,0.949337874896021
797,118,37.803,-122.408,1.079612422218177
798,118,37.622,-122.398,0.658706312415558
799,118,36.671,-121.642,-0.587866594983672
800,118,37.21,-121.803,-0.045550785415087
801,118,37.255,-122.031,0.90307057304475
802,118,37.262,-122.009,-0.0632339215620925
805,118,37.402,-122.025,0.6085397993160993
806,118,37.597,-121.88,0.9080718821556808
808,118,37.001,-122.062,-2.470304104875963
809,118,37.001,-122.06,-0.946880634585206
810,118,36.972,-121.995,-2.1152566900824565
811,118,37.429,-122.258,0.3000927081778271
812,118,37.807,-122.361,0.8316611786434797
831,125,34.56,-115.743,1.0470243596219213
832,125,33.817,-117.951,-1.1893041839272538
833,125,34.127,-118.059,-0.02304952863737
835,125,35.271,-116.066,0.3236603716130969
836,125,34.1,-117.974,1.2824638312790426
837,125,34.887,-117.047,1.254254218368497
838,125,33.965,-118.158,-0.5161221739672334
839,125,34.286,-118.225,0.7378457537383892
840,125,35.002,-117.65,-0.1194071081305157
841,125,33.916,-117.896,0.5872544984031413
842,125,33.847,-118.018,-0.0767181943877401
845,125,34.358,-118.571,0.8397699242993768
846,125,33.899,-118.196,-0.1435418975670586
847,125,34.851,-116.858,0.5296931387853114
848,125,34.087,-117.915,0.9790643438993258
849,125,33.962,-116.509,-0.7446207147187246
850,125,33.924,-118.167,0.3244393630630676
851,125,34.15,-117.939,0.6335210223135272
852,125,34.093,-118.019,0.94300032890071
853,125,33.869,-117.709,-0.924121081958282
854,125,35.268,-116.684,1.3681226014193475
855,125,33.719,-117.937,-0.4656024808834726
857,125,34.137,-117.883,-1.078042167472135
858,125,33.99,-117.943,0.931416622443026
859,125,33.729,-116.979,-0.322463784961869
860,125,33.727,-118.044,-1.245604223843414
861,125,33.717,-116.155,-0.8647946827562863
862,125,33.905,-118.279,0.2616649601562877
863,125,34.13,-116.314,-1.1134309074759496
864,125,33.929,-118.26,0.0348235672742951
865,125,34.004,-118.23,-0.1757063086236196
866,125,34.115,-118.244,-0.3648166268960494
868,125,34.082,-118.298,0.1675147812023963
869,125,34.037,-118.178,0.7684231150249778
870,125,34.005,-118.279,-0.1960141533615703
871,125,34.045,-118.298,0.1863902806261512
872,125,33.976,-118.289,-0.2763896533652461
873,125,33.881,-118.176,-0.0380895213326803
874,125,34.238,-118.254,0.7734148767992073
875,125,33.921,-117.973,-0.0358974052453364
876,125,34.026,-117.918,0.9648380016344772
877,125,33.846,-118.099,-0.462853410594807
879,125,33.905,-116.419,0.3313306453250919
881,125,33.924,-116.543,-0.6947741236795348
882,125,34.209,-118.517,1.2174099009775872
883,125,33.829,-116.512,-0.5047548194516487
884,125,34.056,-117.748,0.9348555696478784
886,125,33.951,-117.446,-0.6694149771864922
887,125,34.065,-117.292,1.6481658143806075
888,125,34.091,-118.093,0.8075073088226474
889,125,33.944,-118.087,-0.4719673226229435
890,125,33.851,-116.852,-0.0833019015099729
891,125,34.221,-118.421,0.7899535681037179
892,125,34.235,-118.366,-0.4413704003690892
893,125,34.269,-118.303,1.4115120480292365
894,125,34.16,-118.534,-2.0454433545810367
895,125,33.7278,-117.824,-0.8874149285690627
896,125,34.021,-116.009,-0.6052512139546345
897,125,33.821,-117.818,0.2473656886262848
898,125,34.064,-117.952,0.9965947831012028
899,125,34.904,-116.823,1.6267028870528444
3751,125,34.088,-116.919,-0.0296152165143763
3752,125,33.925,-116.389,-1.204605875651828
3755,125,35.043,-116.572,-0.2085459568683816
3756,125,33.92474,-116.54794,-0.7056634126667201
3757,125,33.81663,-116.3945,-0.6333648849781953
3759,125,34.238,-116.935,0.1976523603324224
945,127,34.758,-118.361,1.0729750434137535
948,127,34.236,-118.439,-1.3414159023872392
952,127,34.132,-118.439,0.3278520057847028
956,127,34.204,-118.302,-1.01805836098804
958,127,34.212,-118.606,-0.6149450586270439
959,127,34.419,-118.426,-0.7197075192477468
962,127,34.564,-118.642,0.77185936527118
963,127,33.899,-118.196,-0.4986978760374334
969,127,34.093,-118.019,0.4363584118258942
970,127,34.662,-118.387,0.6232976096091841
980,127,33.905,-118.279,-1.0804948617159669
982,127,34.313,-118.498,0.6843663565066717
983,127,33.929,-118.26,-1.174538167839498
984,127,34.009,-118.361,-0.827537657104477
986,127,34.001,-118.431,-0.2835659952069452
987,127,34.063,-118.418,-0.7084492826016914
990,127,34.088,-118.222,-1.462003164723784
992,127,34.115,-118.244,0.8269222147537789
995,127,34.089,-118.435,0.0053881515172511
1005,127,34.068,-118.439,-0.5090462653360083
1007,127,34.045,-118.298,-0.4366877196742809
1011,127,34.106,-118.454,-0.1888993759642649
1012,127,34.294,-118.483,0.4190478445496078
1014,127,33.84,-118.194,-0.8505171227179431
1018,127,34.674,-118.43,0.9764761476051446
1019,127,34.571,-118.56,0.7812495136936491
1020,127,34.65,-118.478,0.8540494064110861
1021,127,34.65,-118.477,0.4422599156668569
1023,127,33.846,-118.099,-0.5779109347172386
1025,127,33.897,-118.346,-0.7223090417685617
1034,127,33.886,-118.389,0.0455796008804997
1037,127,33.99,-118.114,-0.8262024527378319
1038,127,34.288,-118.881,-0.3820054286371917
1041,127,34.194,-118.412,-0.7293308402240394
1042,127,34.848,-118.536,3.951410179006512
1043,127,34.387,-118.533,-0.3092729953194765
1044,127,34.391,-118.622,0.3352669987358569
1046,127,33.623,-117.931,-0.5248501728986538
1047,127,34.209,-118.517,-0.1430051407128589
1048,127,34.042,-118.554,-1.8241880735713576
1051,127,34.296,-118.375,-0.7236741656684532
1056,127,33.96,-118.432,0.5777742286355135
1058,127,34.145,-119.206,-0.0555539352003326
1062,127,34.281,-118.478,-0.2273608028932864
1069,127,34.091,-118.093,-0.4480018858373392
1070,127,33.787,-116.958,2.3476284132605008
1073,127,34.743,-118.724,2.0571202007318634
1075,127,33.944,-118.087,0.9971227829915328
1076,127,34.011,-118.49,0.7846699204621415
1077,127,34.232,-118.71,0.0235420302002116
1078,127,33.757,-118.084,-0.7733680964078551
1081,127,34.221,-118.421,-0.989116751970166
1082,127,34.269,-118.303,0.3167075039471221
1085,127,34.326,-118.444,0.0962153644405548
1086,127,34.16,-118.534,1.0374378280258818
1087,127,33.736,-118.269,1.5032304933281555
1092,127,33.821,-117.818,-0.6179008695821429
1093,127,34.064,-117.952,0.3884722291801077
1179,137,23.7192,120.4125,1.9234315550263263
1180,137,23.6013,120.1715,1.4071860034350032
1181,137,23.5815,120.552,-0.8102342772568727
1182,137,23.4853,120.2692,0.3737160396513138
1183,137,23.4653,120.544,-1.3952417627554097
1184,137,23.3328,120.1523,0.1342263923749748
1185,137,23.2963,120.5828,-1.6676271853709663
1186,137,23.355,120.4052,-0.6423413422141809
1187,137,23.2212,120.1532,0.532519441951015
1188,137,23.2147,120.268,0.4417732049556435
1189,137,23.1795,120.4778,-0.7378272915089195
1190,137,23.0457,120.4615,-0.4024624246563132
1191,137,22.9655,120.28,-0.7000185338734527
1192,137,23.757,120.6062,0.3292902466538717
1193,137,23.7795,120.5137,0.5468652513693547
1194,137,23.7987,120.4113,1.043466363607289
1195,137,23.752,120.2468,0.2527066428834613
1196,137,23.632,120.6052,-1.175085207862172
1197,137,23.6135,120.5282,0.6265654386665225
1198,137,23.5799,120.291,-0.6301692364729661
1199,137,23.5407,120.2153,-0.1232220864411608
1200,137,23.5212,120.5443,-1.2484767109277262
1201,137,23.52,120.584,-1.3388197067129362
1202,137,23.6073,120.4788,0.0595707452929164
1203,137,23.5207,120.344,-0.7759383206627011
1204,137,23.4388,120.5957,-1.2892152063714146
1205,137,23.3583,120.5833,-0.0040105537241732
1206,137,23.3832,120.1635,0.2011446138249742
1207,137,23.4765,120.4632,-0.93852187186725
1209,137,23.2803,120.4083,0.0917277116285045
1210,137,23.2878,120.501,0.4487837358930872
1212,137,23.2698,120.2705,1.1709917833540855
1213,137,23.1495,120.4098,-1.2308578367775715
1214,137,23.1725,120.3192,-0.2276726388511122
1215,137,23.184,120.1025,-0.2596853762794039
1216,137,23.1243,120.2392,0.1272935832008316
1217,137,23.0768,120.5107,-1.4141741083189563
1219,137,23.027,120.3402,-1.4608878045648652
1220,137,22.906,120.345,-0.3320479303601423
1221,137,22.9205,120.2078,-0.963234008046702
1222,137,22.999,120.1837,-0.4207668742120775
1223,137,22.9737,120.1815,-0.2694371742732673
1224,137,22.971,120.2286,-1.0866227649239408
1225,137,23.0648,120.1645,0.4199127091324766
1226,137,23.5103,120.8052,-0.801216490899924
1229,137,23.1848,120.528,-0.8748487056835619
1230,137,23.5972,120.6777,-1.0175279619676652
1231,137,23.267,120.488,0.3689649917166261
1232,137,23.7237,120.2975,-0.0571579818647428
1233,137,23.351,120.5932,0.0206649114134146
1234,137,23.3845,120.519,-1.0518538311332188
1235,137,23.3462,120.4293,-0.1204478185058264
1236,137,23.2673,120.2163,-0.0633954552192984
1237,137,23.7913,120.4783,0.9600339086001332
1238,137,23.6538,120.1472,1.0525650889519882
1239,137,23.7935,120.3205,0.6783916838278704
1240,137,22.983,120.2327,-0.2357491000039803
1241,137,23.1373,120.2802,0.3002268577746437
1242,137,23.2272,120.3418,-0.3740265548652207
1243,137,23.6862,120.5622,0.71684921752052
1245,137,23.6695,120.4648,1.0208216297335468
1249,137,23.0775,120.1082,0.6564485289351991
1257,137,23.6608,121.414,-1.1797385612780105
1258,137,23.6732,121.4173,-1.075654232019009
1259,137,23.9877,121.6173,0.13423080563639
1260,137,23.9925,121.6165,0.194543820198835
1261,137,23.9962,121.5858,-0.4320630242874619
1262,137,23.993,121.6233,0.3655317151408778
1263,137,23.978,121.591,-0.383245102837118
1264,137,23.9732,121.5993,-0.4500990982029418
1265,137,23.9757,121.553,-0.9374639407802188
1266,137,23.9648,121.56,-0.453721236851331
1267,137,23.9497,121.5392,-0.9184306963678486
1268,137,23.977,121.605,0.470868063061517
1269,137,23.8137,121.4328,-1.084809999317526
1270,137,24.2675,121.7325,-0.5905831935657915
1271,137,24.08,121.5955,-0.8272545075326948
1272,137,23.3522,121.297,-0.1468466457954842
1274,137,24.1185,121.6165,-1.6404098129898492
1275,137,24.055,121.591,-1.2300104984737
1276,137,24.0172,121.6013,-0.1074011984550396
1277,137,23.9373,121.5702,-0.1258801769285001
1278,137,23.7852,121.4488,-0.9789478306576652
1279,137,23.7653,121.4922,-0.7590203577206762
1281,137,23.6867,121.4747,-0.2730064138325134
1282,137,23.5905,121.3772,-1.8416813616239625
1283,137,23.732,121.4362,-0.6363310776447465
1284,137,23.4995,121.367,-0.8554127937518243
1285,137,23.4542,121.384,-0.7290179763918954
1286,137,23.4615,121.3445,-0.4580803869109031
1287,137,23.3845,121.3523,-0.5513869278332997
1288,137,23.2675,121.2942,-0.0926408678148631
1289,137,23.7092,121.54,-0.6527848768178326
1290,137,23.6538,121.5268,-0.3965938626486006
1291,137,24.3095,121.7405,-0.8193197409806178
1292,137,24.1492,121.6213,-1.0832968839128905
1293,137,24.0113,121.5715,-0.1664001004921478
1294,137,23.9952,121.5577,0.0333385312124245
1295,137,23.9897,121.584,-1.5380766676646684
1296,137,23.8703,121.548,-1.088699252626383
1298,137,23.4317,121.3398,-1.0851516894733195
1299,137,23.3232,121.3323,-0.085010145788172
1300,137,24.1795,121.5077,-0.4021758974679101
1301,137,24.16,121.61,-0.7001711005460656
1302,137,23.9672,121.484,-2.098690858961609
1303,137,23.8713,121.5005,-2.805137367401388
1304,137,23.8703,121.59,-0.775820649380188
1307,137,24.845,121.7973,-1.0025038383247569
1308,137,24.7982,121.7813,0.4372478868588023
1310,137,24.6978,121.8052,0.653790961011534
1311,137,24.6412,121.825,-1.0268189601052151
1312,137,24.5943,121.8462,-0.844024767899885
1313,137,24.7088,121.7628,0.8996056534806378
1314,137,24.619,121.7812,-0.1640065544581585
1315,137,24.7807,121.7335,-0.4484323823851325
1316,137,24.732,121.7294,0.0154662442403639
1317,137,24.6945,121.7202,0.0097364629554109
1319,137,24.749,121.684,-0.6238811457561066
1320,137,24.7135,121.644,0.1527258564710788
1321,137,24.6448,121.588,0.2025321409455933
1322,137,24.6893,121.7603,-0.3191469125015423
1323,137,24.7278,121.755,0.7192708297366471
1324,137,24.5995,121.8337,-0.385067553264283
1325,137,24.6242,121.8272,-2.2584634366438125
1326,137,24.8241,121.7603,-1.2306944218525655
1327,137,24.7883,121.7513,-0.9123941599081644
1328,137,24.7455,121.7142,-0.8028210274655829
1330,137,24.7233,121.7917,1.35992938924425
1331,137,24.6903,121.792,0.0439199780870667
1334,137,24.666,121.7338,0.1435872519139429
1335,137,24.7663,121.7612,0.9830913582334404
1336,137,24.7655,121.748,0.3179028272242449
1337,137,24.428,121.7407,-0.4544438155238524
1338,137,24.7212,121.667,-0.0423688096507244
1339,137,24.6092,121.8488,-0.8575603468626161
1340,137,24.9732,121.9183,0.5312262268867342
1341,137,24.7387,121.8083,2.5954455856202023
1342,137,24.7622,121.8088,2.9007740462451244
1343,137,24.6667,121.8205,-0.4588105643221655
1344,137,24.5233,121.825,-0.8991954862692247
1345,137,24.4677,121.7933,-0.8302592776984572
1347,137,24.477,121.7787,-0.8717614020602559
1348,137,24.4473,121.7707,-0.6964019013755052
1349,137,24.44,121.3728,-0.0401028464746998
1350,137,23.1618,120.6355,-1.428729315991632
1352,137,22.591,120.3173,-0.6762661692658768
1353,137,22.6462,120.3585,0.1718778447531707
1354,137,22.6295,120.3672,0.1099372218593729
1355,137,22.7873,120.279,0.629172050268065
1357,137,22.8797,120.3707,0.8237083228273581
1358,137,22.656,120.3317,-0.6146090786824302
1359,137,22.891,120.4738,0.4580905694798024
1360,137,22.902,120.5352,-1.0386764802663813
1361,137,22.6707,120.491,-1.6684710308531303
1362,137,22.6108,120.5588,-0.4552978093406581
1364,137,22.4643,120.4535,-0.0578699412233505
1366,137,22.2617,120.6432,-1.74544507543094
1368,137,22.0982,120.7418,-2.147221856398807
1369,137,22.1905,120.8703,-1.84036232308974
1371,137,21.9137,120.8403,-0.7876102472509334
1372,137,22.4397,120.5028,0.7082547279754436
1373,137,22.0055,120.738,-1.8402541189675008
1374,137,23.0817,120.5827,-0.7668283118385816
1375,137,22.7252,120.4908,-0.6178523816860624
1376,137,23.1625,120.7573,-1.0685003188564386
1378,137,21.9433,120.8053,-1.0673384964538484
1379,137,23.2777,120.7128,-1.7070159747732554
1380,137,22.6342,120.2633,0.3227709010306492
1381,137,22.6495,120.3203,-0.7695544728175848
1382,137,22.6237,120.2843,-0.6255640375715597
1383,137,22.9053,120.1732,0.0302820009840078
1384,137,22.7852,120.2385,-0.6269712937693716
1385,137,22.7303,120.3412,-1.194996653458311
1386,137,22.8873,120.6567,-2.270314766793432
1387,137,22.5348,120.5362,-0.1008768113903758
1388,137,22.574,120.5663,-0.4621432544966514
1389,137,22.4903,120.499,-0.0205626582629171
1390,137,22.747,120.7233,-1.7772247284905358
1391,137,22.7112,120.6412,-1.5898163112753103
1392,137,22.0095,120.7367,-1.3173660428141547
1393,137,21.9428,120.7238,0.1587413320284831
1394,137,22.5673,120.4475,-1.1168858008220124
1395,137,22.8858,120.3222,-0.2752221731431082
1396,137,22.795,120.295,0.7218680162014863
1397,137,22.6128,120.3113,-0.0106819529811321
1398,137,22.6461,120.306,-0.77081995907745
1401,137,24.6312,121.0005,0.6687004455404377
1409,137,25.0863,121.45,0.0456590163669664
1411,137,25.0947,121.5093,-1.5374589592462828
1412,137,25.0758,121.5083,-1.221569129734416
1413,137,25.0758,121.5273,-1.178144868661526
1414,137,25.063,121.4813,-0.4399004985731882
1415,137,25.0563,121.5078,-1.1560108151494353
1416,137,25.0572,121.5253,-0.8988288049130562
1417,137,25.0578,121.5442,-1.0643639920081231
1418,137,25.0528,121.448,-0.000179238625608
1419,137,25.0388,121.5263,-0.241702135525778
1421,137,25.0203,121.4652,-0.248043493788152
1422,137,25.017,121.5027,-0.5518171355342754
1423,137,25.0045,121.5073,-0.2172447085812744
1424,137,25.0007,121.4748,0.1481448708402415
1425,137,24.955,121.5303,0.7325261371055888
1426,137,24.9239,121.535,0.1443452947322281
1427,137,24.9043,121.5447,0.6822330387311887
1428,137,25.183,121.4167,1.3579556465518474
1429,137,25.1255,121.4532,0.610110309542422
1430,137,24.9913,121.41,0.2494781644956549
1432,137,24.9538,121.3375,0.7449975626837911
1433,137,25.148,121.4365,1.6397369393458667
1434,137,25.1008,121.4403,0.7023732761733854
1435,137,25.0817,121.3828,1.1100405127883126
1436,137,24.959,121.5143,0.711130287687782
1437,137,25.1565,121.6855,-0.0823284700926785
1438,137,25.1572,121.7237,0.3958509172817762
1440,137,25.1865,121.5202,0.8333087930272907
1442,137,25.0082,121.9882,0.4780284752756492
1443,137,24.9913,121.65,1.1130031295519205
1446,137,25.056,121.872,0.9782588140886253
1447,137,25.0237,121.906,0.4601069249203059
1448,137,25.0182,121.9808,0.5666090309020602
1449,137,25.2595,121.4938,1.0436945231515724
1450,137,25.2252,121.6295,-1.5461627818152262
1452,137,25.1008,121.4177,1.311597813091166
1453,137,25.0573,121.5945,0.072807156993052
1454,137,25.141,121.4758,0.5396528309023162
1455,137,25.1353,121.4913,-1.2486037954021314
1456,137,25.0207,121.5299,-0.2842630351717177
1457,137,25.103,121.5395,0.133459927653839
1458,137,25.0351,121.519,-0.0390612596721839
1459,137,25.071,121.781,0.2793434224831877
1462,137,25.0473,121.1357,2.861380753020371
1463,137,24.9118,121.1405,2.7091429301105725
1464,137,25.0015,121.3097,1.3637063387225083
1465,137,25.0092,121.2062,2.702411548689075
1466,137,24.9655,121.22,2.465067813650246
1467,137,25.0003,121.1533,2.902676322290052
1468,137,24.8855,121.2783,1.5582724021918544
1469,137,25.0463,121.3075,1.847046233749352
1470,137,24.7572,120.9345,2.232425920150453
1471,137,24.7808,121.0068,2.839161511751498
1472,137,24.88,121.0535,2.700568887737244
1473,137,24.7065,121.176,0.9753265189193258
1474,137,24.7757,121.075,2.330936207177672
1475,137,24.5588,120.7492,2.07749700120717
1476,137,24.5615,120.701,2.276109152970852
1477,137,24.6855,120.8623,2.248559954779642
1478,137,24.639,120.8568,1.8292850307326127
1479,137,24.4488,120.6963,2.1196968512394334
1480,137,24.4912,120.663,1.3501184375650304
1481,137,24.4917,120.7837,2.2480226968636026
1482,137,24.4497,120.6455,1.657563936625244
1483,137,24.5542,120.8077,1.900541594329222
1484,137,24.5412,120.9137,1.537427893489623
1485,137,24.4683,120.8543,0.4958391543092141
1486,137,24.6188,120.9387,1.276321088273602
1487,137,24.18,120.594,1.055164273220949
1488,137,24.179,120.6902,-0.2261728097368128
1489,137,24.1815,120.6338,0.5194793661905238
1490,137,24.1603,120.6518,-0.765417202778951
1491,137,24.198,120.7393,1.22346861818139
1492,137,24.1935,120.6688,0.1691094784058939
1493,137,24.1612,120.675,-0.3645762232716099
1495,137,24.1588,120.6238,-0.0044684398572993
1496,137,24.1732,120.6107,0.5356251361791772
1497,137,24.2687,120.5637,1.0757581819378574
1498,137,24.2247,120.644,0.2126438094435147
1499,137,24.1355,120.549,0.8340717178709001
1500,137,24.1083,120.6158,1.2704213743253985
1501,137,24.3457,120.61,2.331323154009481
1502,137,24.0588,120.6912,-0.0250898444215762
1503,137,24.0912,120.72,-0.867947969693915
1504,137,24.2772,120.7658,1.373178225770604
1505,137,24.196,120.5403,1.5331423051501891
1507,137,24.0407,120.8488,-1.068453484994062
1508,137,23.9622,120.9618,-0.048973500008307
1509,137,23.9827,120.6778,0.1132309683407251
1510,137,23.9077,120.6757,-0.3740535909886076
1513,137,24.8022,120.9695,2.6451272304047206
1514,137,24.1475,120.676,-0.2141779963721371
1515,137,24.97,121.1867,2.194347222030567
1518,137,24.3482,120.7733,-0.0302342344019317
1519,137,24.2533,121.1758,-0.8909989297028129
1520,137,23.9037,120.8565,-0.0410138527113714
1521,137,25.0117,121.2792,1.6296609518568526
1522,137,24.7695,121.0488,2.57428230802069
1523,137,24.6917,121.0135,1.7928704387813772
1524,137,24.7957,120.9558,2.380702469893904
1525,137,24.7433,120.899,1.9331127342072447
1526,137,24.1858,120.6153,0.7325480344307221
1527,137,24.242,120.7092,-0.6125354293070531
1528,137,24.2493,120.7208,0.6985084122878822
1529,137,24.3098,120.7072,0.3720771788534751
1530,137,24.2455,120.6018,0.9913380271479906
1531,137,24.239,120.559,1.4049382145989515
1532,137,24.0833,120.5518,1.0962015748842966
1533,137,24.0727,120.5402,0.8036360035306653
1534,137,24.0848,120.5713,1.527855466262722
1535,137,23.9622,120.5695,-0.4625636269719134
1536,137,24.1137,120.4872,1.0468503786527856
1537,137,24.0557,120.424,0.3089800994931433
1538,137,23.8928,120.3865,0.6092841637043958
1539,137,23.9595,120.4693,0.7037528534027214
1540,137,23.8568,120.5803,0.516287831576449
1541,137,24.1335,120.4598,1.1315221297476965
1542,137,24.0027,120.4235,1.0778905310719535
1543,137,23.9242,120.3122,0.4167763173890664
1544,137,23.9803,120.613,0.0359481269940307
1545,137,23.8128,120.6097,0.0203398711702514
1546,137,24.0187,120.5437,-0.2649623810583694
1547,137,24.4162,120.7607,1.8855631788948184
1548,137,23.8783,120.6843,-0.6960066762986287
1549,137,24.2603,120.6518,0.4566343034006539
1550,137,23.9223,120.5955,0.4006756651152346
1551,137,23.9578,120.3593,0.4293131743388117
1552,137,23.8338,120.464,0.6001571190450975
1553,137,23.98,120.3368,0.6154219870261597
1554,137,24.8592,121.2475,2.33413818605117
1556,137,23.3178,121.4425,-0.4443406788459458
1557,137,22.9738,121.2968,0.2751408343416432
1558,137,22.6178,120.9975,-1.8177987264058053
1559,137,22.9102,121.1287,-0.8691449930283901
1560,137,22.7568,121.1403,0.053316823705693
1561,137,22.7717,121.1378,-0.4564436814232256
1562,137,22.7647,121.1427,-0.465947086963748
1563,137,22.7602,121.1517,-0.3121316816021306
1564,137,22.7488,121.1442,-0.2064463357408255
1565,137,22.74,121.1135,-0.5715891720586397
1566,137,22.7662,121.133,-0.546253962653336
1567,137,22.7678,121.1277,-0.594124997712441
1568,137,23.0992,121.3653,-0.9899466775517012
1569,137,22.754,121.1465,0.5498831787485322
1571,137,22.8207,121.0717,-1.041070417216995
1572,137,23.1268,121.2057,0.1433789764469878
1573,137,23.0973,121.2105,0.2142002131205194
1574,137,23.053,121.1557,-0.4536865561324489
1575,137,22.9725,121.1083,-1.2481436157425054
1576,137,22.9045,121.072,-1.3066957225821867
1577,137,22.863,121.083,-1.2388350400413095
1578,137,22.8078,121.086,-0.9216258750266132
1579,137,22.779,121.0543,-1.056344072566547
1580,137,23.3563,121.4603,-0.5021375688357265
1581,137,23.2462,121.4055,0.4061313893724519
1582,137,23.193,121.3878,-0.2524024761229419
1583,137,22.7988,121.1855,0.1010351157100297
1584,137,23.1512,121.198,0.3228802214203326
1585,137,23.1342,121.1177,-1.2969571294574038
1587,137,23.0068,121.1655,-0.5912510704816976
1588,137,22.9757,121.1478,-0.5558356815399977
1589,137,22.9658,121.232,-0.9511379022617462
1590,137,22.8402,121.131,-0.2377878549775137
1591,137,22.773,121.0827,-1.0641339889047916
1592,137,22.674,121.0293,-1.4235695089089468
1593,137,23.1887,121.0168,-1.0030235558952036
1597,137,23.8635,120.2812,-0.3137747156207783
1758,158,33.915,-118.066,-3.862940398154943
1759,158,34.0842,-118.152,-1.3515026749075572
1760,158,34.177,-118.096,0.6496152467746092
1761,158,34.56,-115.743,1.7781269688176728
1762,158,33.607,-116.453,-0.8336292495043315
1763,158,33.6022,-116.756,-1.3072994768706494
1764,158,34.236,-118.439,-0.1847129983464561
1765,158,35.271,-116.066,-0.1993827867939522
1766,158,33.869,-116.824,0.3721821256705238
1767,158,34.887,-117.047,-0.3607540819975646
1768,158,34.07618,-118.3959,-1.344133894620048
1769,158,34.241,-116.872,1.1837579082270118
1770,158,33.3527,-115.733,-0.1161047918336085
1771,158,34.1949,-118.354,-1.2389526730640692
1772,158,33.91761,-116.78329,0.7945454958260537
1773,158,34.155,-118.641,-1.823684884219629
1774,158,34.564,-118.642,-1.8024848118370216
1775,158,33.962,-116.509,-0.675864592786293
1776,158,34.235,-117.407,1.0514970394514436
1778,158,32.7806,-115.5681,-0.6146241618446879
1779,158,33.869,-117.709,0.1554122200883715
1780,158,34.397,-118.918,0.319505937172759
1781,158,34.088,-116.919,1.3506153742204865
1782,158,35.268,-116.684,0.8344930277541495
1783,158,33.398,-115.657,-0.7621650251317944
1785,158,34.161,-116.799,1.0878805211347946
1786,158,34.8294,-116.335,-0.8910890877275636
1787,158,33.729,-116.979,0.0188327838457089
1788,158,34.405,-117.313,0.9189814842584434
1789,158,33.662,-117.997,0.4889047246715234
1790,158,33.717,-116.155,-0.4687777854330278
1791,158,33.715,-116.221,0.372396321070821
1792,158,34.313,-118.498,-0.2538644971805391
1793,158,34.13,-116.314,-0.5226289492584738
1794,158,33.925,-116.172,-0.9085608580327624
1796,158,34.053,-118.171,-0.2525066556588851
1798,158,34.037,-118.178,0.6333472697633856
1799,158,34.043,-118.271,-0.5120565425257796
1800,158,34.059,-118.246,0.4362869353743758
1801,158,33.943,-118.411,-0.0699007747043809
1802,158,33.768,-118.196,3.8271723298467513
1803,158,34.2096,-118.186,0.0577901254288778
1804,158,34.674,-118.43,-0.8664088403075305
1805,158,34.6172,-118.285,-0.5335696416029291
1806,158,34.5214,-117.991,-0.9710007558239664
1807,158,34.073,-118.117,-0.2865205056432919
1808,158,34.233,-117.482,0.9769497016598072
1809,158,33.564,-115.987,0.1810939743620671
1810,158,34.067,-117.117,1.4737539524202057
1811,158,34.079,-117.045,1.392429676247446
1812,158,34.04856,-116.57816,-0.155381613576454
1813,158,34.387,-118.533,-1.0877111695131605
1815,158,33.92474,-116.54794,0.1202327442324942
1816,158,33.421,-115.831,0.5977218573249526
1817,158,34.296,-118.375,-0.3517586437948131
1818,158,34.57806,-118.11401,-0.8356747557963565
1819,158,34.149,-118.15,-0.1019808410070679
1820,158,34.056,-117.748,1.4181343685552956
1821,158,33.951,-117.446,0.5612405494354906
1822,158,33.28,-115.984,-0.4434933025261844
1823,158,34.1663,-117.251,1.5833382748096851
1824,158,34.065,-117.292,2.941780407936951
1825,158,34.091,-117.289,3.1240238160127536
1826,158,34.14,-117.294,1.7474315887691034
1827,158,34.103,-117.349,1.85979517013553
1828,158,34.047,-117.277,2.232921826820006
1829,158,34.205,-117.365,1.1993876991306855
1830,158,33.797,-116.88,0.1403746431968133
1831,158,34.1105,-117.099,1.3162945409654585
1832,158,33.888,-116.684,-0.7951746684159395
1833,158,34.327,-118.444,-0.7873732878194801
1835,158,34.021,-116.009,-0.5588463583307858
1836,158,34.4435,-117.853,-0.108540049841603
1837,158,33.99,-116.656,0.1343439234253632
1839,158,34.02,-118.053,2.2230994602291827
1841,158,34.36,-117.629,0.1440969494122568
3779,158,34.07,-118.15,-0.3346049703049388
3780,158,33.853,-117.857,1.234859547817818
3781,158,33.854,-117.817,1.469786857613841
3782,158,33.93,-116.972,2.945366599579677
3783,158,34.208,-119.079,-0.7867956977806668
3784,158,34.224,-118.994,-1.3133379066167965
3785,158,34.459,-118.65,-0.7716525229477463
3786,158,33.8556,-117.54,0.6564541592567776
3787,158,34.096,-118.23,-1.5110716996327551
3788,158,33.939,-118.098,0.6695289802467173
3789,158,33.889,-117.886,1.8223324600196888
3790,158,33.766,-117.918,0.8838970811868533
3791,158,34.103,-118.316,-1.026009807743898
3792,158,34.097,-118.352,-1.4088304768173052
3793,158,34.19897,-118.1737,-0.0147146599833724
3794,158,34.058,-118.252,0.6901575075530247
3795,158,34.07,-118.346,-0.5432056028008235
3796,158,34.077,-118.286,0.0741272732176409
3797,158,34.14,-118.21,-1.355235832731278
3799,158,34.037,-118.263,-0.4503866398058792
3800,158,34.059,-118.479,-1.7961595223814089
3801,158,34.049,-118.29,-0.7332889369524842
3802,158,34.06,-118.448,-1.5258248268494743
3803,158,34.041,-118.348,-0.4243071706273768
3804,158,34.036,-117.95,1.734889969323687
3805,158,34.013,-118.8,0.174807948761414
3806,158,34.273,-118.464,-0.2360718073654268
3807,158,34.288,-118.881,-0.778642400905066
3808,158,33.604,-117.906,-0.5189963815607012
3809,158,33.605,-117.89,-0.3570316633878437
3810,158,34.199,-118.396,-0.9534233857592924
3811,158,33.777,-117.834,-0.2122099855597278
3812,158,34.002,-118.077,0.6490996812410486
3813,158,34.063,-117.784,1.4172242425484962
3814,158,33.919,-117.488,0.5415016147448952
3815,158,33.979,-117.344,0.906007282081248
3816,158,33.895,-117.32,0.2685007949659669
3817,158,33.975,-117.486,0.8482863927451354
3818,158,32.754,-117.164,-0.837169191865367
3819,158,34.115,-118.13,-1.0339682465771045
3820,158,33.722,-118.309,-0.4057253062151966
3821,158,34.084,-118.6,-0.6903942866864515
3822,158,34.139,-118.364,-1.882117384128625
3823,158,34.184,-118.447,-0.746283346803829
3824,158,34.219,-118.627,-0.6635365334842156
3825,158,34.185,-118.623,-0.7874550281419747
1917,163,33.607,-116.453,0.0795816947057669
1919,163,33.5558,-116.674,-0.2353887655976561
1924,163,32.6695,-115.493,0.0072845002306827
1931,163,32.75172,-115.59516,-0.1727017823333056
1932,163,32.829,-115.504,-0.5757326356963852
1933,163,33.925,-116.389,0.5821756670109257
1940,163,33.6758,-116.68,-0.8231466247931762
1945,163,33.74624,-116.2163,0.76130549678521
1951,163,34.079,-117.045,1.5459061012626416
1956,163,34.04856,-116.57816,0.5739649130990168
1957,163,33.57783,-116.58987,-0.4997179674619907
1959,163,33.92474,-116.54794,0.4107024233489974
1961,163,33.15569,-116.1679,0.9614774535347668
1978,163,34.165,-117.288,0.2973807417038699
1982,163,33.82177,-116.96836,0.955659284101735
1988,163,33.99,-116.656,-0.575620546384712
8169,163,34.55046,-117.43391,2.3112752709718545
8170,163,33.63838,-116.4011,0.8190868913888426
8173,163,32.68005,-116.67215,-1.0340179679345038
8174,163,33.3527,-115.733,0.5407838391244251
8176,163,33.921,-116.981,1.3064985701164331
8181,163,34.069,-116.39,-0.9347815948109534
8183,163,33.80776,-117.98116,-0.1652375968526746
8184,163,33.01213,-115.21987,-0.9843696340208806
8187,163,35.52495,-117.36453,0.6925484236548954
8189,163,33.999,-117.68,-0.991529808711466
8192,163,34.093,-117.317,1.62854940455956
8195,163,33.655,-115.99,-0.4263512941879606
8198,163,34.25353,-118.33383,-0.96040023057226
8201,163,34.10618,-118.45505,-0.7841633738404038
8202,163,33.84822,-118.09624,0.3282104058867052
8203,163,33.567,-116.631,0.7977409965614125
8204,163,32.999,-116.942,-0.6282528219802743
8206,163,32.65915,-116.10061,-0.3407615816159843
8209,163,33.11675,-115.82267,0.713545327196959
8213,163,33.8717,-117.92251,0.6481055256800167
8219,163,34.17643,-118.35967,-1.1912232587587186
8221,163,33.0859,-116.5959,-0.798554614804821
8225,163,33.86889,-118.33143,1.4131433590669114
8226,163,34.00033,-118.37794,0.2451352830040541
8228,163,34.30529,-118.48805,-0.6179008331728945
8229,163,33.9753,-118.14918,-0.4118112485660556
8232,163,33.684,-117.943,-0.8011701219219102
8234,163,33.881,-118.176,0.52328115730143
8239,163,33.818,-116.369,0.4363308284729915
8240,163,34.13688,-118.12601,1.877084613017518
8243,163,34.28085,-118.9049,-0.5446916326710676
8249,163,33.788,-117.844,-0.8301744680559209
8250,163,33.94539,-117.92372,-0.5665062215169003
8253,163,34.44199,-118.58215,0.0405389399760022
8258,163,33.7953,-117.60906,-0.2904364147431029
8261,163,34.281,-118.478,-0.6477497008624674
8262,163,34.10473,-117.97956,0.2120486072811779
8263,163,33.74346,-118.40412,-1.0395346262801215
8264,163,34.87533,-116.99684,0.9551278080310048
8265,163,34.05073,-118.08085,-0.2414002748224706
8272,163,34.43692,-119.1375,-0.5276187518431583
8274,163,33.48725,-117.68114,-0.3605330882982793
8276,163,34.01438,-118.45617,0.408922835221045
8280,163,34.416,-118.449,-0.7432062722957677
8281,163,34.05933,-118.64614,-0.0596460183899467
8283,163,33.829,-117.789,-0.8671733783533829
8285,163,34.30302,-119.18676,0.2124576089885429
8287,163,33.79033,-118.19878,0.5707214493716513
8294,163,33.63495,-116.16402,0.1291472759781225
8301,163,32.75904,-115.73161,0.0066838058937223
8302,163,34.00948,-117.95077,0.7267082364194862
8303,163,34.1717,-118.64971,-0.5530475043721766
8304,163,33.94869,-118.25547,-0.1173249432293884
2119,170,33.91761,-116.78329,-0.4875719573708205
2120,170,34.058,-117.305,1.11176813293452
2123,170,34.136,-117.213,0.6967087482379131
2124,170,33.74624,-116.2163,0.8799436038643482
2126,170,34.05,-117.264,1.6386223090283234
2129,170,34.079,-117.045,0.0949455324027501
2130,170,34.04856,-116.57816,0.6765272372583415
2131,170,33.92474,-116.54794,1.520886926274828
2144,170,34.047,-117.277,1.398533179390281
2145,170,34.205,-117.365,-0.6403959315405326
2147,170,34.193,-117.427,-0.7299408861633114
2154,170,34.36,-117.629,-0.1924396369730583
8370,170,34.14647,-118.76699,-2.020299169714153
8371,170,35.34444,-119.10445,1.4369106439195325
8372,170,32.68005,-116.67215,-2.23743534019505
8373,170,34.1949,-118.354,-1.204339671051152
8374,170,33.3527,-115.733,-0.4612608842646647
8375,170,34.2623,-116.92075,0.923098251097276
8377,170,34.07618,-118.3959,-0.9742198994953244
8378,170,34.10521,-117.28264,1.0472373879751975
8380,170,33.876,-117.561,-1.4471494859527498
8382,170,36.43988,-118.08016,-0.693881362803183
8383,170,32.999,-116.942,-2.2094164486446366
8384,170,32.805,-115.447,0.5050899188405209
8385,170,34.88303,-117.99106,0.0002702148616184
8386,170,34.72832,-119.98803,-1.112066589959282
8387,170,34.397,-118.918,1.4463466240155212
8388,170,33.71264,-118.29381,0.2693524631082948
8389,170,34.1,-117.439,-0.463497175406718
8390,170,33.8717,-117.92251,1.3738369202626324
8391,170,34.13677,-118.1283,0.3492382210189531
8393,170,34.8294,-116.335,0.9267910734476308
8394,170,34.121,-117.219,0.5761146689635812
8396,170,35.66278,-118.47403,-0.0025364355546692
8397,170,34.31076,-118.49675,0.0085032075980649
8398,170,34.15037,-118.10156,-0.2287547121850299
8399,170,33.943,-118.411,0.140344839960837
8400,170,33.798,-118.08837,1.1609877185867103
8402,170,34.61462,-118.29104,-0.4533892013871753
8403,170,34.5214,-117.991,0.1617548675370589
8404,170,35.36165,-118.92282,2.5821648487953714
8406,170,34.13688,-118.12601,2.745065043117868
8407,170,33.74,-118.335,-3.681681783879112
8409,170,34.81258,-119.1453,0.270619082027644
8410,170,34.88848,-119.81362,-0.602668748415851
8412,170,34.22869,-118.55829,1.0916596814468829
8413,170,33.788,-117.844,-0.1065030579918349
8414,170,34.3968,-119.299,-0.0429211550970965
8416,170,34.1484,-118.1711,-1.2708107657396523
8418,170,33.354,-116.863,-1.1087846320267696
8419,170,34.39558,-118.49837,0.7906498809132447
8421,170,34.281,-118.478,-0.1150992413184206
8422,170,33.973,-117.327,-0.0893389555967275
8423,170,33.99351,-117.37545,-0.2850771061590494
8424,170,33.70432,-117.88578,0.0044954999877852
8426,170,34.44076,-119.71492,-0.4484086824080636
8427,170,34.293,-119.1646,1.3566120392029752
8429,170,34.27091,-118.74407,-0.7014619812263077
8430,170,34.52775,-119.97834,-1.5786952030110937
8431,170,34.08377,-118.599,-2.022353513838658
8432,170,35.14592,-119.41946,1.8539699727907628
8434,170,35.84089,-119.08469,2.079126968868326
2451,172,23.355,120.4052,-0.0997134347659642
2452,172,23.2212,120.1532,0.9852789125644864
2453,172,23.2147,120.268,-0.2829478213887981
2454,172,23.1795,120.4778,-0.0490559959046082
2455,172,23.0457,120.4615,0.2867220476718494
2456,172,23.757,120.6062,1.0242434396542408
2457,172,23.7795,120.5137,1.0698880769900363
2458,172,23.7987,120.4113,2.0839486102691085
2459,172,23.752,120.2468,1.462482626383808
2461,172,23.6135,120.5282,1.982505813189495
2462,172,23.5799,120.291,1.58015434548483
2463,172,23.5407,120.2153,1.2368438834114366
2464,172,23.5212,120.5443,0.426665941887183
2465,172,23.52,120.584,0.467433349133535
2466,172,23.6073,120.4788,1.5444459771930992
2467,172,23.5207,120.344,1.279482241449001
2468,172,23.4388,120.5957,-0.1967573232106698
2469,172,23.3583,120.5833,0.576008715241677
2470,172,23.3832,120.1635,0.895965458362101
2471,172,23.4765,120.4632,0.3979562674788558
2473,172,23.2803,120.4083,0.1885626536627274
2474,172,23.2878,120.501,0.3318729890099008
2476,172,23.2698,120.2705,1.006998941988521
2477,172,23.2627,120.1315,1.2811250941832424
2478,172,23.1495,120.4098,0.0023593151611064
2479,172,23.1725,120.3192,0.5019734610790507
2480,172,23.1243,120.2392,0.4015323731255418
2481,172,23.0768,120.5107,-0.2390241068387451
2482,172,23.1213,120.45,-0.0957611227778773
2483,172,23.027,120.3402,-0.1632977936193907
2484,172,22.906,120.345,0.3066157913184189
2485,172,22.9205,120.2078,0.2919297953179242
2486,172,22.999,120.1837,0.6102597784630033
2487,172,22.9737,120.1815,0.4303603380895129
2488,172,22.971,120.2286,0.7855312243364793
2489,172,23.5103,120.8052,0.1876620474507824
2490,172,23.5672,119.5552,-0.6464910621328346
2493,172,23.1848,120.528,-0.0657640219863812
2495,172,23.267,120.488,0.1927909370361129
2496,172,23.7237,120.2975,1.8771998839495112
2497,172,23.351,120.5932,0.6188832174744769
2498,172,23.3845,120.519,-0.300379759772382
2499,172,23.3462,120.4293,-0.1416521989191762
2500,172,23.2673,120.2163,1.2311935145873762
2501,172,23.6538,120.1472,1.9833294613988848
2502,172,23.7935,120.3205,2.190896829461666
2503,172,22.983,120.2327,0.8883882451375096
2504,172,23.1373,120.2802,0.8909097302442708
2505,172,23.2272,120.3418,0.1485793280388982
2506,172,23.6862,120.5622,1.1290213733988224
2508,172,23.6695,120.4648,1.7966414131024715
2510,172,23.0372,120.1187,1.1553373836346024
2511,172,23.149,120.079,1.1373606465161543
2512,172,23.0775,120.1082,1.2003597441518712
2514,172,23.6608,121.414,-0.9267847877426884
2515,172,23.6732,121.4173,-0.7831912522748886
2516,172,23.9925,121.6165,0.1959848346527899
2517,172,23.9962,121.5858,-0.6917673343752052
2518,172,23.993,121.6233,0.4691610325221203
2519,172,23.978,121.591,-0.5404524542727162
2520,172,23.9732,121.5993,-0.6093097894962509
2521,172,23.9757,121.553,-1.100095396264623
2522,172,23.9648,121.56,-0.4766510284320365
2523,172,23.9497,121.5392,-0.8442556278918231
2524,172,23.977,121.605,0.299524848278711
2525,172,23.8137,121.4328,-1.4391453826749474
2526,172,24.2675,121.7325,-0.8353714647136578
2527,172,23.3522,121.297,-0.1872553785754957
2528,172,24.163,121.6447,-1.1455788746633095
2529,172,24.055,121.591,-1.3945883023187766
2530,172,24.0172,121.6013,-0.3523312601946912
2531,172,23.9373,121.5702,-0.2352692583107443
2532,172,23.7852,121.4488,-1.1721866268839478
2533,172,23.7653,121.4922,-0.5379050246471562
2534,172,23.7108,121.412,-1.151058163762481
2535,172,23.6867,121.4747,-0.8076348027385138
2536,172,23.5905,121.3772,-1.4502179564999975
2537,172,23.732,121.4362,-0.5535632775240494
2538,172,23.4995,121.367,-0.5020385278995685
2539,172,23.4542,121.384,-0.4548814143249971
2540,172,23.4615,121.3445,-0.2565299936388339
2541,172,23.3845,121.3523,-0.8270911882172909
2542,172,23.2675,121.2942,0.0825786930105769
2543,172,23.7092,121.54,-0.7812379527727259
2544,172,23.6538,121.5268,-0.958807923291744
2545,172,24.3095,121.7405,-1.501007832191558
2546,172,24.1492,121.6213,-1.1436034284537224
2547,172,24.0113,121.5715,-0.0985930750634083
2548,172,23.9952,121.5577,-0.2420443439239004
2549,172,23.9897,121.584,-1.7898724705523488
2550,172,23.8703,121.548,-0.9012013817326788
2551,172,24.1795,121.5077,-1.5047835064843842
2552,172,24.16,121.61,-1.0194436344479654
2553,172,23.9672,121.484,-1.9971510002410693
2554,172,23.8713,121.5005,-2.7373452623730024
2556,172,24.6412,121.825,-1.9753159666706048
2557,172,24.5943,121.8462,-1.2660945522434082
2558,172,24.732,121.7294,-0.9373644816878208
2559,172,24.7455,121.7142,-1.301614058589804
2561,172,24.7663,121.7612,-0.2193999345179644
2562,172,24.4677,121.7933,-2.01866943627668
2563,172,24.477,121.7787,-2.149704926110967
2564,172,24.4473,121.7707,-2.139368347975297
2565,172,24.44,121.3728,-1.334326913778084
2566,172,23.1618,120.6355,0.0151132235748438
2567,172,22.7873,120.279,1.2734796244781874
2568,172,22.8797,120.3707,1.3086204108390187
2569,172,22.891,120.4738,1.14911848394949
2570,172,22.902,120.5352,0.0203134651517671
2571,172,22.6707,120.491,-1.0817332300377638
2572,172,23.1625,120.7573,0.0403841118501922
2573,172,23.2777,120.7128,-0.4188965827992778
2574,172,22.9053,120.1732,0.0648510671170092
2575,172,22.7852,120.2385,-0.0505472038468472
2576,172,22.7303,120.3412,-0.2922225519925404
2577,172,22.8873,120.6567,-1.163994421358627
2578,172,22.574,120.5663,0.0756954824765273
2579,172,22.747,120.7233,-0.949432192281896
2580,172,22.7112,120.6412,-1.191329256020037
2581,172,22.8858,120.3222,0.3395777239911549
2582,172,22.6461,120.306,0.7325900571823087
2583,172,24.955,121.5303,-0.8904874658794337
2584,172,24.959,121.5143,-0.6601751675852716
2585,172,24.9118,121.1405,0.4357638618810273
2586,172,24.7572,120.9345,-0.5997202600549851
2587,172,24.7808,121.0068,-0.0156878095071845
2588,172,24.7757,121.075,-0.1323395323695342
2589,172,24.5588,120.7492,-0.4769127518323063
2590,172,24.5615,120.701,0.6284263435701358
2591,172,24.523,120.8148,-0.9833141469622452
2593,172,24.639,120.8568,-1.311166797156912
2594,172,24.6157,120.7877,-0.4634653808709232
2595,172,24.4488,120.6963,0.6101648162357999
2596,172,24.4912,120.663,-0.1137609471191767
2597,172,24.4917,120.7837,0.0193155401782948
2598,172,24.4497,120.6455,0.3264170372339116
2599,172,24.5542,120.8077,-0.506709519367351
2600,172,24.5412,120.9137,-0.1204232617402567
2601,172,24.4683,120.8543,-0.9968464142541094
2602,172,24.6188,120.9387,-0.6708557370623792
2603,172,24.18,120.594,1.79663343338906
2604,172,24.179,120.6902,-0.1081130074387117
2605,172,24.1815,120.6338,1.1079638976103885
2606,172,24.1603,120.6518,0.2208367052716291
2607,172,24.198,120.7393,0.4548619727958718
2608,172,24.1935,120.6688,-0.1760900283522601
2609,172,24.1612,120.675,0.1102356072935269
2610,172,24.1588,120.6238,1.141226455519849
2611,172,24.1732,120.6107,1.6710846408334783
2612,172,24.2687,120.5637,0.7217855697764264
2613,172,24.2247,120.644,-0.3337461798824691
2614,172,24.1355,120.549,1.4237435504663538
2615,172,24.1083,120.6158,1.594957182150085
2616,172,24.3457,120.61,1.3127939155985826
2617,172,24.0588,120.6912,0.313168310247631
2618,172,24.0912,120.72,-0.13980484614854
2619,172,24.2772,120.7658,0.2695564831012658
2620,172,24.196,120.5403,1.571247660657452
2621,172,23.9855,120.7883,-0.344270707217335
2622,172,24.0407,120.8488,-1.910512287089574
2623,172,24.014,120.9492,-2.7089598918077145
2624,172,23.9622,120.9618,-2.455478702901926
2625,172,23.9827,120.6778,0.4736204143782874
2626,172,23.9077,120.6757,0.2337913594954752
2627,172,23.812,120.8455,-1.4232277588178974
2628,172,23.8395,120.8942,-1.6812384962177311
2629,172,24.8022,120.9695,0.070144051904879
2630,172,24.1475,120.676,0.2071810909811572
2631,172,23.883,120.8998,-1.3644107940379622
2633,172,24.3482,120.7733,-0.0005233353259183
2634,172,23.9037,120.8565,-1.6018948317419102
2635,172,24.7695,121.0488,0.1712598543936456
2636,172,24.6917,121.0135,-0.4469476109635501
2637,172,24.7433,120.899,-1.0020850449056675
2638,172,24.1858,120.6153,1.400033564155553
2639,172,24.2493,120.7208,0.4315320975291066
2640,172,24.3098,120.7072,-0.3652028878978698
2641,172,24.2455,120.6018,0.7271712707756826
2642,172,24.239,120.559,1.833013537091677
2643,172,24.0833,120.5518,1.56169368217574
2644,172,24.0727,120.5402,1.439422109752622
2645,172,24.0848,120.5713,1.6126804139780662
2646,172,24.0557,120.424,1.5026185635079343
2647,172,23.8928,120.3865,2.170462441916169
2648,172,23.9595,120.4693,1.261902476554267
2649,172,23.8568,120.5803,1.2608976534420395
2650,172,24.1335,120.4598,1.5467205444716063
2651,172,24.0027,120.4235,1.8095390680076304
2652,172,23.9242,120.3122,2.113860278482709
2653,172,23.9803,120.613,0.3917534863643325
2654,172,23.8128,120.6097,1.0163009913164616
2655,172,24.0187,120.5437,0.3308367214534323
2656,172,24.4162,120.7607,0.6317060263123019
2657,172,23.8783,120.6843,-0.0304123361095687
2658,172,24.5673,120.8165,-0.8166146562273126
2659,172,24.2603,120.6518,-0.6292995658534074
2660,172,23.9223,120.5955,0.9723227861211604
2661,172,23.9578,120.3593,2.0011991815612618
2662,172,23.8338,120.464,1.2922065580569315
2663,172,23.98,120.3368,1.895441284530748
2664,172,24.8592,121.2475,0.028621106235706
2665,172,23.3178,121.4425,-0.3743745905029101
2666,172,22.6178,120.9975,-1.2882150763313076
2667,172,22.9102,121.1287,-0.4331089546410517
2668,172,22.7488,121.1442,0.0780383166778479
2669,172,22.74,121.1135,-0.1751697793174946
2670,172,22.7662,121.133,-0.1312458413365491
2671,172,23.0992,121.3653,-0.808276239265333
2672,172,22.8207,121.0717,-0.4184422820446327
2673,172,23.1268,121.2057,-0.2605914851707566
2674,172,23.0973,121.2105,0.1729829444090843
2675,172,22.9725,121.1083,-1.102476204631644
2676,172,22.9045,121.072,-0.7754246281386032
2677,172,22.863,121.083,-0.6726331213886642
2678,172,22.8078,121.086,-0.2415405305298346
2679,172,22.779,121.0543,-0.4364564966793444
2680,172,23.3563,121.4603,-0.5241293871056028
2681,172,23.2462,121.4055,0.2071459789757133
2682,172,23.193,121.3878,-0.2825708033252807
2683,172,22.7988,121.1855,0.5906436744485725
2684,172,23.1512,121.198,0.0188216662645718
2685,172,23.1342,121.1177,-1.3955305529131894
2687,172,23.0068,121.1655,-0.2180119293274962
2688,172,22.9757,121.1478,-0.1388724201414844
2689,172,22.9658,121.232,-0.9828161265088649
2690,172,22.773,121.0827,-0.4358797882123653
2691,172,22.674,121.0293,-0.6543792287898624
2692,172,23.1887,121.0168,-0.9820094406560728
3842,172,23.7192,120.4125,2.1930944745296657
3843,172,23.6013,120.1715,2.0921985682515927
3844,172,23.5815,120.552,1.2600477234268328
3845,172,23.4853,120.2692,1.214430249776823
3846,172,23.4653,120.544,0.0366112821537996
3847,172,23.3328,120.1523,0.7727229518276888
3848,172,23.2963,120.5828,-0.7583383457106508
2693,173,23.355,120.4052,0.9673932013682606
2694,173,23.2212,120.1532,1.339767969056567
2695,173,23.2147,120.268,1.0291752277710653
2696,173,23.1795,120.4778,-0.7983285830271935
2697,173,23.0457,120.4615,-0.0099165180269892
2698,173,23.757,120.6062,0.6653272060129182
2699,173,23.7795,120.5137,1.0857708759778808
2700,173,23.7987,120.4113,1.0709647580830042
2701,173,23.752,120.2468,0.3893445200579849
2702,173,23.632,120.6052,0.3621609091732092
2703,173,23.6135,120.5282,1.9728851855054488
2704,173,23.6443,120.4758,1.03426808445325
2705,173,23.5799,120.291,1.8989738923697936
2706,173,23.5407,120.2153,1.8664253317812505
2707,173,23.5212,120.5443,1.012368514239569
2708,173,23.52,120.584,0.8945198629770706
2709,173,23.6073,120.4788,1.531037530327202
2710,173,23.5207,120.344,1.4498996485980713
2711,173,23.3583,120.5833,0.5558862060968349
2712,173,23.3832,120.1635,0.9719344569176422
2713,173,23.4765,120.4632,1.5784632447526106
2715,173,23.2803,120.4083,0.8258399931571457
2716,173,23.2878,120.501,0.3415755052707898
2718,173,23.2698,120.2705,1.9595442186440508
2719,173,23.2627,120.1315,0.9733386816666144
2720,173,23.1495,120.4098,-0.8782146710039409
2721,173,23.1725,120.3192,-0.1401412122006542
2722,173,23.184,120.1025,0.8351480978143193
2723,173,23.1243,120.2392,0.0811128337474537
2724,173,23.0768,120.5107,-0.2004644335770488
2725,173,23.1213,120.45,-0.4917130901124663
2726,173,23.027,120.3402,-1.2932394285948636
2727,173,22.906,120.345,-1.4208365475674405
2728,173,22.9205,120.2078,-0.156447980877031
2729,173,22.999,120.1837,-0.2256023305737735
2730,173,22.9737,120.1815,-0.6246997463083286
2731,173,22.971,120.2286,-0.3121695152352714
2732,173,23.0648,120.1645,1.0641985562138168
2733,173,23.5103,120.8052,-0.9706653177478096
2734,173,23.5672,119.5552,-1.5615464517982809
2737,173,23.1848,120.528,-1.081342617106585
2738,173,23.5972,120.6777,-0.7371621895684283
2739,173,23.267,120.488,0.0974276155890587
2740,173,23.7237,120.2975,1.0531359830183902
2741,173,23.351,120.5932,0.3113643375240969
2742,173,23.3845,120.519,0.5778330122376029
2743,173,23.3462,120.4293,1.0549188339531843
2744,173,23.2673,120.2163,1.6054721865213393
2745,173,23.7913,120.4783,1.094884961646909
2746,173,23.6538,120.1472,1.4255113547041165
2747,173,23.7935,120.3205,0.973358772606843
2748,173,22.983,120.2327,-0.2588559440161517
2749,173,23.1373,120.2802,-0.1546776770192189
2750,173,23.2272,120.3418,0.1731950498692362
2751,173,23.6862,120.5622,0.3250342723091674
2753,173,23.6695,120.4648,1.008944442665057
2755,173,23.0372,120.1187,1.060062025310755
2756,173,23.149,120.079,1.259542918098226
2757,173,23.0775,120.1082,1.0214366972156586
2759,173,23.6608,121.414,-0.8163841742385068
2760,173,23.6732,121.4173,-0.7499574575675156
2761,173,23.9877,121.6173,-0.3449547803046676
2762,173,23.9925,121.6165,-0.2767550112136014
2763,173,23.9962,121.5858,-1.0043596184072747
2764,173,23.978,121.591,-0.7073769756074292
2765,173,23.9732,121.5993,-0.810168883642533
2766,173,23.9757,121.553,-1.5083205365903365
2767,173,23.9648,121.56,-0.8974908058494444
2768,173,23.9497,121.5392,-1.150922678797354
2769,173,23.977,121.605,0.1577484791805265
2770,173,23.8137,121.4328,-0.9764414611942346
2771,173,23.3522,121.297,-0.9022743250084808
2772,173,24.163,121.6447,-1.4045615802800944
2773,173,24.1185,121.6165,-1.6547996292978222
2774,173,24.055,121.591,-1.5763960042661136
2775,173,24.0172,121.6013,-0.550842881940952
2776,173,23.9373,121.5702,-0.2217601539092568
2777,173,23.7852,121.4488,-0.8560966248825087
2778,173,23.7653,121.4922,-0.3912449705481475
2779,173,23.7108,121.412,-0.9722023694660636
2780,173,23.6867,121.4747,-0.3745529116537238
2781,173,23.5905,121.3772,-1.2452044908440645
2782,173,23.732,121.4362,-0.5553092551414113
2783,173,23.4995,121.367,-0.9023229646071538
2784,173,23.4542,121.384,-0.7612874008593686
2785,173,23.4615,121.3445,-0.7087026363995463
2786,173,23.3845,121.3523,-1.2298913018916564
2787,173,23.2675,121.2942,-0.7446111721396265
2788,173,23.7092,121.54,0.1034916508157733
2789,173,23.6538,121.5268,0.4389477802432825
2792,173,24.0113,121.5715,-0.4156866119470139
2793,173,23.9952,121.5577,-0.4326104775394603
2795,173,23.8703,121.548,-0.7396117719587959
2796,173,23.3232,121.3323,-1.0519062155761263
2797,173,24.1795,121.5077,-0.6881547847235517
2798,173,24.16,121.61,-1.1071113043196286
2799,173,23.9672,121.484,-1.5141071368803587
2800,173,23.8713,121.5005,-2.760411193404305
2802,173,24.44,121.3728,-0.9889943696931868
2803,173,23.1618,120.6355,-0.4199651801812828
2805,173,22.591,120.3173,-0.5592181536295334
2806,173,22.6462,120.3585,-0.3313481661657561
2807,173,22.6295,120.3672,-0.3189854747959512
2808,173,22.8797,120.3707,0.4868715605152325
2809,173,22.656,120.3317,-0.069297173703504
2810,173,22.509,120.3862,-0.1623830443350356
2811,173,22.891,120.4738,0.4105947182170722
2812,173,22.902,120.5352,-0.725403720587202
2813,173,22.6707,120.491,-1.1249943418928876
2814,173,22.5462,120.4528,0.2436346307824093
2815,173,22.2617,120.6432,-1.958449284643588
2816,173,22.1922,120.6853,-0.7243300050063325
2818,173,22.7252,120.4908,-0.4709960708551648
2819,173,23.1625,120.7573,-0.7026956329283863
2820,173,23.2777,120.7128,-2.0741903826110333
2821,173,22.5747,120.3353,-0.3313461097051926
2822,173,22.6495,120.3203,-0.1617625116320472
2823,173,22.6237,120.2843,0.0404428619046887
2824,173,22.9053,120.1732,-0.2321851003171656
2825,173,22.7852,120.2385,0.0597458113866895
2826,173,22.7303,120.3412,-0.6340084750381987
2827,173,22.8873,120.6567,-1.314318983053704
2828,173,22.5348,120.5362,0.2005286219099808
2829,173,22.574,120.5663,-0.1236041188525484
2830,173,22.4903,120.499,0.7371864569303762
2831,173,22.747,120.7233,-1.2409811278936285
2832,173,22.7112,120.6412,-1.4347351377021136
2833,173,22.0095,120.7367,-1.1839450195363217
2834,173,22.5673,120.4475,0.0282762487436468
2835,173,22.8858,120.3222,-0.681060749447069
2836,173,22.6128,120.3113,0.3717075094934404
2837,173,22.6461,120.306,-0.2750027301381588
2838,173,22.4805,120.403,0.7313411541333703
2839,173,25.017,121.5027,-2.1131375429583548
2840,173,25.0385,121.5762,-2.0739495056668384
2841,173,24.7808,121.0068,0.1470001848209255
2842,173,24.7757,121.075,-0.4833668199684456
2843,173,24.5588,120.7492,-0.8830734673661523
2844,173,24.5615,120.701,0.1319796818312827
2845,173,24.6855,120.8623,-0.4676389266651733
2846,173,24.6157,120.7877,-0.6142706063674681
2847,173,24.4488,120.6963,0.4465678214285025
2848,173,24.4912,120.663,-0.3686408168564735
2849,173,24.4917,120.7837,0.5097299518131316
2850,173,24.4497,120.6455,-0.1325109252228201
2851,173,24.5542,120.8077,0.2366913995091416
2852,173,24.4683,120.8543,-1.03571335172538
2853,173,24.18,120.594,0.7270668245768298
2854,173,24.179,120.6902,-1.368920816108071
2855,173,24.1815,120.6338,-0.1898075913121111
2856,173,24.1603,120.6518,-0.7882567941925653
2857,173,24.198,120.7393,-0.2046939126494698
2858,173,24.1935,120.6688,-1.705594153853598
2859,173,24.1612,120.675,-1.312988154855845
2860,173,24.1588,120.6238,-0.0431768759588662
2861,173,24.1732,120.6107,0.4112023079816241
2862,173,24.2687,120.5637,-0.3344704544424318
2863,173,24.2247,120.644,-1.4537652123637843
2864,173,24.1355,120.549,0.6816470621977181
2865,173,24.3457,120.61,0.7702160735546058
2866,173,24.0912,120.72,-1.059520289837634
2867,173,24.2772,120.7658,0.057502426114996
2868,173,24.196,120.5403,0.5361768469136068
2869,173,24.1475,120.676,-1.0904122145348103
2871,173,24.3482,120.7733,0.189891475074873
2873,173,24.6917,121.0135,-0.7731334943430305
2874,173,24.7433,120.899,-0.5908884161411347
2875,173,24.1858,120.6153,0.0985395015829867
2876,173,24.2493,120.7208,0.2306618728000678
2877,173,24.3098,120.7072,-0.0932230695487551
2878,173,24.2455,120.6018,-0.5538017106472144
2879,173,24.239,120.559,0.7207855700303807
2880,173,24.0833,120.5518,1.6328791467939507
2881,173,24.0727,120.5402,1.6862279964887985
2882,173,24.0848,120.5713,1.6921337467207025
2883,173,23.9622,120.5695,1.0320578898189012
2884,173,24.0557,120.424,1.4851117880605942
2885,173,23.8928,120.3865,1.5563712291005676
2886,173,23.9595,120.4693,1.4072023269042424
2887,173,23.8568,120.5803,1.581603858404032
2888,173,24.1335,120.4598,1.456871866319756
2889,173,24.0027,120.4235,1.321601972545261
2890,173,23.9242,120.3122,0.1119943942430534
2891,173,23.9803,120.613,1.734787919389817
2892,173,23.8128,120.6097,0.9040524605504732
2893,173,24.0187,120.5437,1.5381331857643918
2894,173,24.5673,120.8165,-0.1869383185074292
2895,173,24.2603,120.6518,-1.1919413615534142
2896,173,23.9223,120.5955,1.9365888308968493
2897,173,23.9578,120.3593,1.4738670793282496
2898,173,23.8338,120.464,1.2455733315136588
2899,173,23.98,120.3368,1.432344818651741
2900,173,23.3178,121.4425,-1.2873980041638544
2901,173,22.9738,121.2968,1.2762865654806634
2902,173,22.6178,120.9975,-1.4037140232382392
2903,173,22.9102,121.1287,-0.0356765457868764
2904,173,22.7568,121.1403,1.616172231426216
2905,173,22.7717,121.1378,1.10040000469013
2906,173,22.7647,121.1427,1.196686570763337
2907,173,22.7602,121.1517,1.416336527333497
2908,173,22.7488,121.1442,1.2642113674436464
2909,173,22.74,121.1135,0.3295147080221884
2910,173,22.7662,121.133,0.8718147409502999
2911,173,23.0992,121.3653,-0.0846344436486391
2912,173,22.754,121.1465,2.123964094695447
2913,173,22.8207,121.0717,-0.4869748839040867
2914,173,23.1268,121.2057,0.5605357450972406
2915,173,23.0973,121.2105,1.110981442624767
2916,173,23.053,121.1557,0.4022628584933872
2917,173,22.9725,121.1083,0.1180716915670457
2918,173,22.9045,121.072,0.0197874194745277
2919,173,22.863,121.083,-0.2675868328582084
2920,173,22.8078,121.086,-0.4685359912254458
2921,173,22.779,121.0543,-0.6152796899448855
2922,173,23.3563,121.4603,-1.1472040074331369
2923,173,23.2462,121.4055,-0.941531785512019
2924,173,23.193,121.3878,-1.1939688355188809
2925,173,22.7988,121.1855,2.0783567597311463
2926,173,23.1512,121.198,0.6248691741978399
2927,173,23.1342,121.1177,-0.3239651397932028
2929,173,23.0068,121.1655,0.2616293357547639
2930,173,22.9757,121.1478,0.5019353336596478
2931,173,22.9658,121.232,0.6128586854179541
2932,173,22.773,121.0827,-0.6274412455795494
2933,173,22.674,121.0293,-1.084686044687801
2934,173,23.1887,121.0168,-0.0071548584888676
3849,173,23.7192,120.4125,1.3850429589519575
3850,173,23.6013,120.1715,2.2533960587516475
3851,173,23.5815,120.552,1.6000524250719643
3852,173,23.4853,120.2692,1.7089738645078347
3853,173,23.4653,120.544,0.8828647739454686
3854,173,23.3328,120.1523,1.1398245378338985
3855,173,23.2963,120.5828,-1.6240405853758837
2935,174,23.2963,120.5828,-0.3528234101245526
2936,174,23.355,120.4052,0.9680779234725564
2937,174,23.2212,120.1532,1.3030261874230595
2938,174,23.2147,120.268,1.1699666755321387
2939,174,23.1795,120.4778,0.2328991471469395
2940,174,23.0457,120.4615,1.0202804343090632
2941,174,23.757,120.6062,1.5482773627833015
2942,174,23.7795,120.5137,1.8427593245710563
2943,174,23.7987,120.4113,1.1571785773595082
2944,174,23.752,120.2468,1.8156941733045555
2945,174,23.6135,120.5282,2.352759744042111
2946,174,23.6443,120.4758,1.470679545976591
2947,174,23.5799,120.291,1.525278692554715
2948,174,23.5407,120.2153,1.7063207183149212
2949,174,23.52,120.584,1.224862698493375
2950,174,23.5207,120.344,1.352038253588737
2951,174,23.3583,120.5833,0.9429124902229192
2952,174,23.3832,120.1635,0.715377821086044
2953,174,23.4765,120.4632,1.5792779309415554
2955,174,23.2803,120.4083,0.7567025102078466
2956,174,23.2878,120.501,0.7174147776191803
2958,174,23.2698,120.2705,1.4866348325653738
2959,174,23.2627,120.1315,1.2340016852544688
2960,174,23.1495,120.4098,0.4693275642148826
2961,174,23.1725,120.3192,0.877997281557044
2962,174,23.184,120.1025,1.0399240557908644
2963,174,23.1243,120.2392,1.5119911421602528
2964,174,23.0768,120.5107,0.3262477816935856
2965,174,23.1213,120.45,0.7393474275293581
2966,174,23.027,120.3402,0.1680612246083894
2967,174,22.906,120.345,1.7327236857402013
2968,174,22.9205,120.2078,2.434713675553222
2969,174,22.999,120.1837,1.9336852921733287
2970,174,22.9737,120.1815,1.668337242269552
2971,174,22.971,120.2286,1.7334067951213723
2972,174,23.0648,120.1645,1.816472942984393
2973,174,23.5672,119.5552,-0.2317897092719676
2976,174,23.1848,120.528,-0.0330790853944406
2977,174,23.267,120.488,0.6037857239540474
2978,174,23.7237,120.2975,0.828856685226124
2979,174,23.351,120.5932,1.1452316680643104
2980,174,23.3845,120.519,0.5897518199534012
2981,174,23.3462,120.4293,1.447583764940202
2982,174,23.2673,120.2163,1.1159424276781018
2983,174,23.6538,120.1472,2.2287080690890693
2984,174,23.7935,120.3205,0.4874785968732014
2985,174,22.983,120.2327,1.8785254019200648
2986,174,23.1373,120.2802,1.0773231597483748
2987,174,23.2272,120.3418,0.7781799000382461
2990,174,23.7912,120.2273,1.9195143552358247
2991,174,23.0372,120.1187,2.247247609280466
2992,174,23.149,120.079,1.7104396253385414
2993,174,23.0775,120.1082,1.8784355897324023
2996,174,23.6608,121.414,-0.72748296841929
2997,174,23.9877,121.6173,-0.9631433080544104
2998,174,23.9925,121.6165,-0.7651117714234361
2999,174,23.9962,121.5858,-0.8424800967758078
3000,174,23.993,121.6233,-0.7360523619999279
3001,174,23.978,121.591,-0.7285557520640541
3002,174,23.9732,121.5993,-0.978341229116108
3003,174,23.9757,121.553,-1.382876702591438
3004,174,23.9648,121.56,-0.8466760898363727
3005,174,23.9497,121.5392,-1.0900999535417637
3006,174,23.977,121.605,-0.2656128006618337
3007,174,23.8137,121.4328,-2.071702106774406
3008,174,24.2675,121.7325,-1.4328534186044128
3009,174,24.08,121.5955,-1.3959516407238126
3010,174,23.3522,121.297,0.2287269537628052
3011,174,24.163,121.6447,-2.0268515389354183
3012,174,24.1185,121.6165,-2.068012056390556
3013,174,24.055,121.591,-1.9154707761687848
3014,174,24.0172,121.6013,-0.8009990096981201
3015,174,23.9373,121.5702,-0.7382503846136456
3016,174,23.7852,121.4488,-1.498335795633423
3017,174,23.7653,121.4922,-0.3926606002830415
3019,174,23.6867,121.4747,-0.4294629423193925
3020,174,23.5905,121.3772,-1.2640841367545013
3021,174,23.732,121.4362,-1.0588537940642495
3022,174,23.4995,121.367,0.0548843296177099
3023,174,23.4542,121.384,1.2041181140504091
3024,174,23.4615,121.3445,0.4444722346775813
3025,174,23.3845,121.3523,0.6738519433663005
3026,174,23.2675,121.2942,0.7313727312746061
3027,174,23.7092,121.54,-0.1189456061876341
3028,174,23.6538,121.5268,0.0241464677128906
3029,174,24.3095,121.7405,-1.7024092733470224
3030,174,24.1492,121.6213,-1.5055578223800208
3031,174,24.0113,121.5715,-0.8725128854353532
3032,174,23.9952,121.5577,-0.7575197341473334
3033,174,23.9897,121.584,-2.147375348622413
3034,174,23.8703,121.548,-1.1281217933365786
3036,174,24.16,121.61,-1.740114389753369
3037,174,23.9672,121.484,-1.9354004156716755
3038,174,23.8713,121.5005,-2.75129862486887
3039,174,23.8703,121.59,-1.0646108761108692
3044,174,24.6978,121.8052,-1.128901230040963
3045,174,24.6412,121.825,-2.0046676122572773
3047,174,24.7088,121.7628,-1.0108290343109825
3049,174,24.7807,121.7335,-1.457533157841041
3050,174,24.732,121.7294,-1.0995950036561497
3053,174,24.749,121.684,-1.70876006916864
3054,174,24.7135,121.644,-1.5069941853521416
3055,174,24.6448,121.588,-1.631080536346993
3056,174,24.7278,121.755,-1.2150188070051815
3058,174,24.7455,121.7142,-2.277965484138427
3059,174,24.7233,121.7917,-1.1292493080557076
3060,174,24.6903,121.792,-2.073502296459558
3062,174,24.7663,121.7612,-1.0730677870516678
3063,174,24.7655,121.748,-1.879612322309744
3064,174,24.7212,121.667,-1.5818072270869632
3065,174,24.6092,121.8488,-2.046229803056617
3066,174,24.9732,121.9183,-1.0120129714882538
3067,174,24.7387,121.8083,-0.2740671701358485
3068,174,24.7622,121.8088,-0.5821557837675195
3069,174,24.6667,121.8205,-1.4526982853717822
3070,174,24.5233,121.825,-2.415471087393031
3072,174,24.477,121.7787,-2.4441704339788908
3073,174,24.4473,121.7707,-1.8272264901501825
3074,174,23.1618,120.6355,-0.1314811523641146
3075,174,22.6462,120.3585,1.6725007878515328
3076,174,22.8797,120.3707,2.77454869922473
3077,174,22.656,120.3317,1.5120954544752865
3078,174,22.891,120.4738,0.9431570276620383
3079,174,22.902,120.5352,1.2379650484392954
3080,174,22.6707,120.491,0.2593576963424763
3081,174,22.6108,120.5588,0.6833915978057103
3082,174,22.5462,120.4528,0.9029224159045188
3083,174,22.4643,120.4535,0.8109324794292686
3084,174,22.5488,120.5327,1.1860480263917068
3085,174,22.473,120.5427,0.9626469238779554
3086,174,22.2617,120.6432,0.1924570188755833
3087,174,22.1922,120.6853,0.7853959249661727
3088,174,22.0982,120.7418,-0.2091949390915041
3089,174,22.1905,120.8703,0.2299602018315896
3091,174,22.7252,120.4908,1.2665326421563283
3092,174,23.1625,120.7573,0.9510797859567732
3094,174,23.2777,120.7128,-0.1204261235426517
3095,174,22.5538,120.3437,2.009824351259083
3096,174,22.6342,120.2633,2.1587630175873307
3097,174,22.6495,120.3203,1.340381061095123
3098,174,22.6237,120.2843,1.4636314809797208
3099,174,22.9053,120.1732,2.3237289419037834
3100,174,22.7852,120.2385,1.6142298138044544
3101,174,22.7303,120.3412,1.0001020743377231
3102,174,22.8873,120.6567,0.5106988794058671
3103,174,22.5348,120.5362,0.5468701526828129
3104,174,22.574,120.5663,0.7010383388301108
3105,174,22.4903,120.499,1.683209261672218
3107,174,22.7112,120.6412,-0.2488824259723394
3108,174,22.0095,120.7367,0.3799768200451744
3109,174,22.5673,120.4475,0.9681231801317411
3110,174,22.8858,120.3222,2.035835459151325
3111,174,22.6128,120.3113,1.999269636663232
3112,174,22.6461,120.306,1.3000593586586713
3113,174,22.4805,120.403,1.6206005082070574
3114,174,25.063,121.4813,-1.6099824305791026
3115,174,25.0572,121.5253,-2.0185606266832905
3117,174,25.017,121.5027,-2.430081794298727
3118,174,25.0045,121.5073,-2.199471914429437
3119,174,25.0007,121.4748,-1.3283772825718665
3120,174,24.9803,121.5293,-1.3680676001887178
3121,174,24.955,121.5303,-1.7643067561791066
3127,174,25.148,121.4365,-0.512594690494037
3128,174,25.1008,121.4403,-1.2948592002905506
3129,174,25.0817,121.3828,-1.4520070897768609
3131,174,25.1565,121.6855,-1.5289055263077571
3142,174,25.2595,121.4938,-1.2113020458699724
3145,174,25.1008,121.4177,-0.8891713915883225
3146,174,25.0385,121.5762,-2.3710495814237595
3147,174,25.0573,121.5945,-1.3435073571535134
3148,174,25.0608,121.582,-2.2847561712903186
3149,174,25.141,121.4758,-1.1649310414416765
3150,174,25.1353,121.4913,-2.607945865022204
3152,174,25.103,121.5395,-1.7084291257620272
3153,174,25.0351,121.519,-1.743000459362828
3158,174,25.0092,121.2062,-1.0607290448819462
3160,174,24.88,121.0535,-0.505637457237017
3163,174,24.5615,120.701,-0.1288395436374406
3165,174,24.4488,120.6963,-0.0388586944134689
3166,174,24.4912,120.663,-0.6546275252857111
3168,174,24.4497,120.6455,-0.216226590521297
3173,174,24.18,120.594,-0.2287474495364068
3174,174,24.179,120.6902,-0.6916352699033149
3175,174,24.1815,120.6338,-0.8334101237697096
3176,174,24.1603,120.6518,-1.4454752401783084
3177,174,24.198,120.7393,0.4043759588878874
3178,174,24.1935,120.6688,-1.2836386527929498
3181,174,24.1588,120.6238,-0.9394267487515566
3182,174,24.1732,120.6107,-0.3498002885450224
3183,174,24.2687,120.5637,-0.6161454435263601
3184,174,24.2247,120.644,-1.416343066557046
3185,174,24.1355,120.549,0.3842805787425596
3186,174,24.3457,120.61,0.6985225945665549
3187,174,24.0912,120.72,-0.7479352178340939
3188,174,24.2772,120.7658,-0.2548580599715121
3189,174,24.196,120.5403,0.1519042882645553
3191,174,24.1475,120.676,-0.6054353921083886
3192,174,24.97,121.1867,-1.243705267019932
3196,174,24.7695,121.0488,-0.7436075438722847
3202,174,24.3098,120.7072,-0.6266926958764683
3203,174,24.2455,120.6018,-0.5850272618335219
3204,174,24.239,120.559,0.1058576294065003
3205,174,24.0833,120.5518,0.4523603097806466
3206,174,24.0727,120.5402,0.5960600539099163
3207,174,24.0848,120.5713,0.8148350030692852
3208,174,24.0557,120.424,-0.6943932628986285
3209,174,23.8928,120.3865,0.3140430945478248
3210,174,23.9595,120.4693,0.5396013607478686
3211,174,24.1335,120.4598,-0.3986104984123074
3212,174,24.0027,120.4235,-0.2942645381062768
3213,174,23.9242,120.3122,-0.2329602744159031
3214,174,24.0187,120.5437,0.458115898791566
3216,174,23.8783,120.6843,-0.048349356166499
3219,174,23.9223,120.5955,1.471966281170109
3220,174,23.9578,120.3593,-0.1558149544442006
3221,174,23.8338,120.464,1.349709379591851
3222,174,23.98,120.3368,-0.0822408405917562
3223,174,23.3178,121.4425,0.9023231789952404
3224,174,22.9738,121.2968,1.1800702878993825
3225,174,22.6178,120.9975,0.2934915762601964
3226,174,22.9102,121.1287,0.510901504679975
3227,174,22.7568,121.1403,0.4541360822574907
3228,174,22.7647,121.1427,0.1447521066134402
3229,174,22.7602,121.1517,0.5017566873253111
3230,174,22.7488,121.1442,0.3994141184648412
3231,174,22.74,121.1135,-0.7239438584958868
3232,174,22.7662,121.133,-0.6440761040209115
3233,174,22.7678,121.1277,-0.8852379114400796
3234,174,23.0992,121.3653,0.3066288248042644
3235,174,22.754,121.1465,1.2967283956399658
3237,174,23.1268,121.2057,-0.3888151599774498
3238,174,23.0973,121.2105,0.5939968608704662
3240,174,22.9045,121.072,-0.4058797919232914
3244,174,23.3563,121.4603,1.0441864394731482
3246,174,23.193,121.3878,0.7752507798084162
3247,174,22.7988,121.1855,1.3645497119357093
3248,174,23.1512,121.198,-0.3361981914629963
3249,174,23.1342,121.1177,-1.108892357997031
3251,174,23.0068,121.1655,0.3143909839585144
3252,174,22.9757,121.1478,0.1240408604451043
3253,174,22.9658,121.232,-0.0724252161556302
3255,174,22.674,121.0293,0.2798536217510856
3256,174,23.1887,121.0168,-1.0308394785384054
3856,174,23.7192,120.4125,1.8138158138232616
3857,174,23.6013,120.1715,2.3098394339749504
3858,174,23.5815,120.552,2.101970712967851
3859,174,23.4853,120.2692,1.9398618746185148
3860,174,23.4653,120.544,0.8820313729168929
3861,174,23.3328,120.1523,1.2898370811152309
3257,175,23.2963,120.5828,-0.1576967383056674
3258,175,23.355,120.4052,0.8689040481293155
3259,175,23.2212,120.1532,1.5045694322542562
3260,175,23.2147,120.268,0.686250891968955
3261,175,23.1795,120.4778,-0.1403588078109595
3262,175,23.0457,120.4615,0.5332050769073349
3263,175,23.757,120.6062,1.9342664304277668
3264,175,23.7795,120.5137,1.9830522820109944
3265,175,23.7987,120.4113,1.2171098889622511
3266,175,23.752,120.2468,2.3230205098203416
3267,175,23.632,120.6052,1.647964067197035
3268,175,23.6135,120.5282,2.6928636441091736
3269,175,23.6443,120.4758,1.7238868248887722
3270,175,23.5799,120.291,2.232439542093366
3271,175,23.5407,120.2153,2.256300654588016
3272,175,23.5212,120.5443,1.0400653374736306
3273,175,23.52,120.584,1.2781294122954487
3274,175,23.6073,120.4788,1.653880708184213
3275,175,23.5562,120.4202,1.1404216676715793
3276,175,23.5207,120.344,1.3409576040538018
3277,175,23.4388,120.5957,0.5869557234723283
3278,175,23.3583,120.5833,1.4502375170766368
3279,175,23.3832,120.1635,1.2281517556813235
3280,175,23.4765,120.4632,1.198384833939205
3282,175,23.2803,120.4083,0.54008979964373
3283,175,23.2878,120.501,0.7043321390100675
3285,175,23.2698,120.2705,1.24627042964401
3286,175,23.1495,120.4098,0.1592201522212143
3287,175,23.1725,120.3192,0.6814367526679086
3288,175,23.184,120.1025,1.0929651816689274
3289,175,23.1243,120.2392,1.2194277052305516
3290,175,23.0768,120.5107,0.0651817598881345
3291,175,23.1213,120.45,0.1798452308428663
3292,175,23.027,120.3402,0.6110418349917761
3293,175,22.906,120.345,1.1679497805064163
3294,175,22.9205,120.2078,1.521132828477267
3295,175,22.999,120.1837,1.114228635919304
3296,175,22.9737,120.1815,1.13944521079273
3297,175,22.971,120.2286,1.52932042747385
3298,175,23.0648,120.1645,1.4040506861783355
3299,175,23.5103,120.8052,0.1795486426334287
3300,175,23.5672,119.5552,-0.1522286116307108
3303,175,23.1848,120.528,0.4329219913816177
3304,175,23.267,120.488,0.6907058096364747
3305,175,23.7237,120.2975,2.1609960047265617
3306,175,23.351,120.5932,1.723430065823188
3307,175,23.3845,120.519,0.4878501543632786
3308,175,23.3462,120.4293,0.7129968438741123
3309,175,23.2673,120.2163,0.9023868462816368
3310,175,23.7913,120.4783,2.111853779194087
3311,175,23.6538,120.1472,2.017537686225964
3312,175,23.7935,120.3205,1.887095758088324
3313,175,22.983,120.2327,1.6329187496474982
3314,175,23.1373,120.2802,1.2232471354705077
3315,175,23.2272,120.3418,0.6415633776204386
3316,175,23.6862,120.5622,1.8730392633229715
3319,175,23.7912,120.2273,2.445916279112043
3320,175,23.0372,120.1187,1.560797527580179
3321,175,23.149,120.079,1.6132606249448125
3322,175,23.0775,120.1082,1.3063232449747209
3325,175,23.9877,121.6173,-0.6119100270033709
3326,175,23.9925,121.6165,-0.3492497273408366
3328,175,23.993,121.6233,-0.279156189769018
3329,175,23.9732,121.5993,-0.7491807961676873
3330,175,23.9757,121.553,-0.996659636935698
3331,175,23.9648,121.56,-0.498392074409844
3332,175,23.977,121.605,0.0290069505369326
3333,175,23.8137,121.4328,-1.435503943595838
3334,175,24.2675,121.7325,-1.066455710246492
3335,175,24.08,121.5955,-1.28258228128326
3336,175,23.3522,121.297,0.0085793061001801
3337,175,24.163,121.6447,-1.8839272227627424
3338,175,24.1185,121.6165,-2.00476313048242
3339,175,24.055,121.591,-1.6778452382793143
3340,175,24.0172,121.6013,-0.5845551009471561
3341,175,23.9373,121.5702,-0.19056230469837
3342,175,23.7852,121.4488,-0.948728577546754
3343,175,23.7653,121.4922,-0.5798173167478787
3344,175,23.6867,121.4747,-0.9486686947107382
3345,175,23.5905,121.3772,-1.9053374685898097
3346,175,23.732,121.4362,-0.86238740002344
3347,175,23.4995,121.367,-0.7021995893367341
3348,175,23.4542,121.384,-0.0139000293939929
3349,175,23.4615,121.3445,-0.274864658654517
3350,175,23.2675,121.2942,0.4223362491934569
3351,175,23.7092,121.54,-0.7708237456771372
3352,175,23.6538,121.5268,-1.088995159317151
3353,175,24.3095,121.7405,-1.3684752259994233
3354,175,24.1492,121.6213,-1.5967168798218303
3355,175,23.9897,121.584,-1.8120124984344843
3356,175,23.8703,121.548,-0.7028472860933731
3357,175,23.3232,121.3323,0.472141461508991
3358,175,24.1795,121.5077,-1.4860599760034965
3359,175,24.16,121.61,-1.786534507379015
3360,175,23.9672,121.484,-1.5812036561970684
3361,175,23.8713,121.5005,-2.390754554754796
3362,175,23.8703,121.59,-1.2845868659489406
3364,175,24.845,121.7973,-2.417699063839935
3365,175,24.7982,121.7813,-0.8782143935264888
3366,175,24.6412,121.825,-1.6217436607980382
3367,175,24.5943,121.8462,-0.2993444897300941
3368,175,24.7088,121.7628,-0.528442900431397
3370,175,24.7807,121.7335,-1.816247731168838
3371,175,24.732,121.7294,-1.2004964212695146
3372,175,24.6945,121.7202,-1.324916509804002
3374,175,24.749,121.684,-2.2235470045394905
3375,175,24.6437,121.6912,-1.1477160932045607
3376,175,24.7135,121.644,-1.641589866062719
3377,175,24.6448,121.588,-1.6347470029119702
3378,175,24.7555,121.747,-0.5703960600332009
3379,175,24.7278,121.755,-0.5141878355148362
3380,175,24.7233,121.7917,-0.3780776050881906
3381,175,24.7663,121.7612,-0.6649113298078507
3382,175,24.7212,121.667,-1.6906832790523314
3383,175,24.6092,121.8488,-2.090593846814496
3384,175,24.7387,121.8083,0.8657499279930058
3385,175,24.7622,121.8088,1.117141619202518
3386,175,24.6667,121.8205,-1.776021882361513
3387,175,24.5233,121.825,-2.3271974732372844
3388,175,24.4677,121.7933,-2.530083402337098
3390,175,24.477,121.7787,-2.58108451652792
3391,175,24.4473,121.7707,-1.7437088941065189
3392,175,23.1618,120.6355,-0.1520567247047337
3393,175,22.591,120.3173,1.0531735449133357
3394,175,22.6462,120.3585,1.1980612673858837
3395,175,22.6295,120.3672,1.453894647929877
3396,175,22.8797,120.3707,2.352048369607116
3397,175,22.891,120.4738,1.0573330738763742
3398,175,22.902,120.5352,-0.1842889857986111
3399,175,22.6707,120.491,-0.4753771569835059
3400,175,22.6108,120.5588,0.5027060629713894
3401,175,22.473,120.5427,0.2539926364686044
3403,175,23.2777,120.7128,-0.3709542434555392
3404,175,22.6342,120.2633,0.7843652409364016
3405,175,22.6495,120.3203,0.6553716494331722
3406,175,22.9053,120.1732,1.3856844616447406
3407,175,22.7852,120.2385,0.9773433354614056
3408,175,22.7303,120.3412,0.1132877240456539
3409,175,22.8873,120.6567,-0.3538531714063828
3410,175,22.5348,120.5362,0.6733440959282321
3411,175,22.574,120.5663,0.489248434194537
3412,175,22.4903,120.499,0.8274347709580178
3413,175,22.747,120.7233,-0.4208769224018344
3414,175,22.7112,120.6412,-0.4910777090145609
3415,175,22.8858,120.3222,1.4106544745577123
3416,175,22.6461,120.306,0.7175933172306451
3417,175,25.063,121.4813,-1.3214130172651526
3418,175,25.0572,121.5253,-1.799871328383254
3420,175,25.017,121.5027,-2.470907245724547
3421,175,25.0045,121.5073,-2.074634406015221
3422,175,24.9239,121.535,-1.819361472019675
3423,175,25.1758,121.434,-0.3110406972214211
3424,175,25.1255,121.4532,-0.6777593157048858
3425,175,24.9538,121.3375,-1.2784520813002076
3426,175,25.1523,121.3955,-0.0078210386847059
3427,175,25.0817,121.3828,-0.6356983476452358
3430,175,25.0385,121.5762,-2.0302459739094303
3431,175,25.0573,121.5945,-1.274189723964401
3432,175,25.141,121.4758,-1.0057845752831662
3433,175,25.1353,121.4913,-2.3331699144714704
3434,175,25.0207,121.5299,-2.075281422330086
3435,175,25.103,121.5395,-1.0226040286345464
3436,175,25.0351,121.519,-1.7385565174073965
3437,175,25.071,121.781,-0.8033532722430635
3438,175,25.0473,121.1357,-0.2766260904452831
3439,175,24.9118,121.1405,0.2191051362493105
3440,175,25.0015,121.3097,-0.0879442974143577
3441,175,25.0092,121.2062,-0.5332921463716329
3442,175,25.0003,121.1533,0.0089585425410637
3443,175,25.0463,121.3075,-0.2449296907153367
3444,175,24.5588,120.7492,-1.0877289658565237
3445,175,24.5615,120.701,-1.046732046016059
3446,175,24.523,120.8148,-1.50170159463159
3447,175,24.4488,120.6963,-0.2901300511365867
3448,175,24.4912,120.663,-1.19591604174697
3449,175,24.4917,120.7837,-0.0204466640037869
3450,175,24.4497,120.6455,-0.7279378052842517
3451,175,24.5542,120.8077,-0.5418129532456261
3452,175,24.4032,120.7578,-0.6637615487344996
3453,175,24.4683,120.8543,-1.8716920016245868
3454,175,24.18,120.594,0.6531100670389574
3455,175,24.179,120.6902,-0.713755705637908
3456,175,24.1815,120.6338,0.2943680960996109
3457,175,24.1603,120.6518,-0.29687404551132
3458,175,24.198,120.7393,-0.4500706644950469
3459,175,24.1935,120.6688,-0.7291684857415129
3460,175,24.1588,120.6238,0.2059810558585929
3461,175,24.1732,120.6107,0.575895003096053
3462,175,24.2687,120.5637,-0.1003640497536742
3463,175,24.2247,120.644,-0.7985853618771408
3464,175,24.1355,120.549,0.4736284886861615
3465,175,24.3457,120.61,0.8544015406460564
3466,175,24.0588,120.6912,-0.033459065285211
3467,175,24.0912,120.72,-0.8631917038227431
3468,175,24.2772,120.7658,-0.5796662083574498
3469,175,24.0407,120.8488,-2.7158611770983825
3470,175,23.9827,120.6778,0.4707302550960667
3471,175,23.9077,120.6757,0.6181058635024275
3472,175,23.812,120.8455,0.2436646938033563
3474,175,23.9,120.93,-1.2010720413981395
3475,175,24.8022,120.9695,-0.6643936232211946
3476,175,24.1475,120.676,-0.1562698679365187
3477,175,24.97,121.1867,-0.4352218413092269
3479,175,23.8635,120.2812,1.7104304405350792
3480,175,24.3482,120.7733,-1.082205369540847
3481,175,24.9823,121.2625,0.2864647625352041
3482,175,25.0117,121.2792,-0.5611692441688781
3483,175,24.7695,121.0488,-0.6567105470812251
3484,175,24.6917,121.0135,-1.234568507985326
3486,175,24.7433,120.899,-1.526591248059212
3487,175,24.1858,120.6153,0.3941375675083711
3488,175,24.2493,120.7208,0.0259853309812971
3489,175,24.3098,120.7072,-0.4792737241206926
3490,175,24.2455,120.6018,-0.467137188124305
3491,175,24.239,120.559,0.9143290450255692
3492,175,24.0727,120.5402,0.995599931626217
3493,175,24.0865,120.5235,0.2667546452967476
3494,175,24.0848,120.5713,1.2086668546688748
3495,175,23.9622,120.5695,0.5615436452022201
3496,175,24.0557,120.424,0.8637597693529893
3497,175,23.8928,120.3865,1.083903313635706
3498,175,23.9595,120.4693,1.0279818269418288
3499,175,24.0027,120.4235,0.5862159650377528
3500,175,23.9242,120.3122,1.443654432468294
3501,175,23.9803,120.613,1.0312696797930792
3502,175,23.8128,120.6097,1.6537871237794768
3503,175,24.0187,120.5437,0.8756139251069117
3504,175,23.9552,120.6822,-0.1024941364090312
3505,175,24.4162,120.7607,-0.0736467884363288
3506,175,23.8783,120.6843,0.1191166082412538
3507,175,24.2603,120.6518,-0.6297484982211704
3508,175,23.9223,120.5955,1.946478492168164
3509,175,23.9217,120.5403,1.4096777870404569
3510,175,23.9578,120.3593,1.158279445432326
3511,175,23.8338,120.464,1.805279428528368
3512,175,23.98,120.3368,1.4326092998604352
3513,175,24.8592,121.2475,-0.68205965865641
3514,175,23.3178,121.4425,-0.1114763931786057
3515,175,22.9738,121.2968,0.0886727887360937
3516,175,22.6178,120.9975,-1.52454327404079
3517,175,22.9102,121.1287,0.3196583613811169
3518,175,22.7568,121.1403,0.7326235470616939
3519,175,22.7717,121.1378,0.3229096364347779
3520,175,22.7647,121.1427,0.4354201944602461
3521,175,22.7602,121.1517,0.4846977555730297
3522,175,22.7488,121.1442,0.6970522427324499
3523,175,22.7662,121.133,-0.0386692446831658
3524,175,23.0992,121.3653,0.082359097404551
3525,175,22.754,121.1465,1.1559759378771235
3526,175,22.8207,121.0717,-0.0945419319996223
3527,175,23.1268,121.2057,-0.3406205859652952
3528,175,23.0973,121.2105,0.3387216956174732
3529,175,23.053,121.1557,0.4732630699509985
3530,175,22.9725,121.1083,-0.7902529120994662
3531,175,22.9045,121.072,-0.6976083464129037
3532,175,22.863,121.083,-0.3955003880054689
3533,175,22.8078,121.086,0.0965429944505677
3534,175,22.779,121.0543,-0.0562076430277453
3535,175,23.3563,121.4603,-0.4156210143281895
3536,175,23.2462,121.4055,0.2015176583986152
3537,175,23.193,121.3878,0.0191717512271793
3538,175,22.7988,121.1855,0.7972692549529983
3539,175,23.1512,121.198,-0.4040532107322542
3540,175,23.1342,121.1177,-1.2428378292469495
3542,175,23.0068,121.1655,0.3498728136533334
3543,175,22.9757,121.1478,0.2909564573397606
3545,175,22.773,121.0827,-0.0251046784733019
3546,175,22.674,121.0293,-1.0612592990739964
3862,175,23.7192,120.4125,2.1570598024473893
3863,175,23.6013,120.1715,2.2805944999873167
3864,175,23.5815,120.552,1.7001920737243967
3865,175,23.4853,120.2692,1.8333160307721623
3866,175,23.4653,120.544,0.8572045022004272
3867,175,23.3328,120.1523,1.412808838559416
3868,175,24.5673,120.8165,-1.000246569722503
3869,176,35.0305,132.9044,0.5159989413242008
3870,176,34.8919,133.2781,-2.219446796449809
3871,176,34.8111,132.8444,0.8654812782052148
3872,176,34.723,132.2797,1.3257960613131257
3873,176,34.7738,133.2833,-1.884701726761189
3874,176,34.6627,132.4102,1.1345689552934326
3875,176,34.7,133.0972,-0.0735197525957515
3876,176,34.6075,132.7219,0.5238870872467747
3877,176,34.5855,133.0527,-0.2781810346232408
3878,176,34.5644,133.2388,-0.7583660448492764
3879,176,34.4244,132.7447,0.115296365055554
3880,176,34.4816,133.3641,-0.776861777196379
3881,176,34.4166,133.1997,-1.2611599377450518
3882,176,34.4008,133.0858,-0.7174451292793251
3883,176,34.9497,133.1197,-0.3509635010740858
3884,176,34.3704,133.0259,-0.4684427108721139
3885,176,34.545,132.9506,-0.2641967085766992
3886,176,34.515,133.1401,-0.8088966063671288
3887,176,34.3753,133.3519,-1.131051290927948
3888,176,34.5534,133.4205,-1.0732782630055349
3889,176,34.9105,132.9149,0.5637224130323764
3890,176,34.6983,132.955,0.0476757846211217
3891,176,35.6163,134.4527,0.8330654425901693
3893,176,35.3294,134.668,-1.4401360272966146
3895,176,34.9816,134.3255,-1.6011636668540632
3896,176,34.9927,134.5547,-0.8741620885098083
3897,176,34.7519,134.3927,0.0891456113651934
3898,176,35.0639,134.4261,-1.5781676174164467
3899,176,35.2161,134.5264,-1.5018547000257352
3900,176,34.8963,134.3311,-0.7859172005628532
3901,176,34.7903,134.4819,-0.7791202241638565
3902,176,35.0278,134.6736,-1.1528555779844984
3904,176,35.1755,134.0527,-1.5121800385253366
3905,176,35.1705,134.3413,-1.7142937810128551
3907,176,35.0066,133.7344,-1.1584828850743774
3908,176,35.0652,134.0077,-1.820212145797111
3909,176,34.7775,133.6147,-0.8670356583210269
3911,176,34.9144,134.095,-0.7993249524513979
3912,176,34.7422,134.1911,-0.322077450141728
3913,176,34.6508,133.9094,0.2445222641640525
3914,176,34.5861,133.7572,-0.3160434600323836
3915,176,34.5063,133.5125,-0.781387703737243
3916,176,34.443,133.7902,-0.2174172215362336
3917,176,35.2761,133.9283,-1.2542739896726514
3918,176,34.5036,133.8931,0.0279430531846274
3920,176,34.775,133.7917,-0.4254653481974087
3921,176,34.6397,133.6886,-0.3768174356218409
3922,176,34.8652,133.8554,-0.6257215017920897
3923,176,34.6724,133.5309,-0.7609703973813268
3925,176,34.9071,133.4081,-1.8507571575145525
3926,176,35.1777,133.6792,-1.926437742102245
3927,176,35.2794,133.929,-1.2055394128460517
3928,176,35.07,134.1189,-1.2025551384347664
3929,176,35.0967,134.3217,-1.579797700792134
3930,176,34.7251,134.2771,-0.1811587859150055
3931,176,34.9331,133.6232,-0.8765831242502408
3932,176,35.5341,133.1638,-0.9894059688525464
3934,176,35.1763,133.0955,0.0880264420029173
3935,176,35.285,132.903,-0.6971916904734259
3936,176,35.358,132.7475,0.9199164365018272
3937,176,35.1911,132.5003,0.6857618544511946
3938,176,35.0775,132.5939,0.6535900266721045
3939,176,34.8491,132.5333,0.9464636239491174
3940,176,35.008,132.2252,0.8347911936728283
3941,176,34.8838,132.0808,1.4102164492314664
3942,176,35.3613,133.173,-2.0255170316134348
3943,176,35.1925,132.8172,0.08582474294626
3944,176,36.0902,132.9866,-1.8901626773059128
3945,176,36.1894,133.2358,-0.9031028278146968
3946,176,35.2931,133.263,-1.6809867344549
3948,176,35.2212,132.7249,0.0420127291090392
3949,176,35.0886,132.5333,0.3360244967329763
3950,176,34.8665,132.6422,1.1661461118939862
3951,176,34.8807,132.2051,1.1644290495990322
3952,176,34.8769,132.4233,0.87622459461585
3954,176,35.4228,132.8033,-0.9792976888949496
3955,176,35.1603,132.8583,0.2216839146451869
3956,176,35.0056,132.3094,0.9503654745595864
3957,176,35.3383,134.4002,-1.7124459265388563
3958,176,35.4822,134.2225,0.6798003145845477
3959,176,35.34,134.2102,-1.0074011112460943
3960,176,35.46,134.0711,0.7530464236390135
3962,176,35.5075,133.633,0.923002967424811
3963,176,35.2794,133.4902,-1.1213823288617568
3965,176,35.1676,133.3139,-1.1929740964093534
3966,176,35.2572,134.22,-1.1404354659230185
3967,176,35.2281,133.3937,-1.9849121696772625
3968,176,35.4636,133.6333,0.2874104498600401
6137,176,33.981,133.549,0.0599527791346578
6138,176,33.9216,133.3074,-0.9214867516088812
6139,176,33.9266,133.0843,-0.1865295480102794
6140,176,34.0624,132.9982,-0.5796143866996285
6141,176,33.7974,132.9141,-0.2221293442695884
6142,176,33.641,133.0082,-0.4376514182346229
6143,176,33.9621,132.7722,0.4246321273481872
6144,176,33.8198,132.7282,0.7264958267567808
6145,176,33.6324,132.7963,-0.1598928773019064
6146,176,33.4512,132.6882,0.0489907562253476
6147,176,33.4496,132.4336,0.3725999246934748
6148,176,33.2217,132.5727,0.132528770737118
6149,176,33.3924,132.1141,-0.2591360285700592
6150,176,32.9453,132.5047,-0.2332560004062671
6151,176,33.6094,132.4768,0.229614433765399
6152,176,33.7658,132.7088,1.1658330122817055
6153,176,33.9121,133.6523,-0.1597473532343701
6154,176,33.899,133.0684,-0.2037271040650146
6155,176,33.7079,132.8057,-0.2528796535595299
6156,176,33.3314,132.8005,0.4337618780890437
6157,176,33.4988,132.7505,-0.1362440248729894
6158,176,33.5354,133.0042,-0.8818227950111781
6159,176,36.2161,136.1571,0.1276113756006772
6160,176,36.0386,136.0137,-0.9864375544925404
6162,176,35.9789,136.4865,-0.486284295809989
6163,176,35.9067,136.1743,-0.0333650781130881
6164,176,35.7731,136.1998,0.77687264028229
6165,176,35.6447,136.0575,0.3780509590812765
6166,176,35.5479,135.9084,-0.6940269023458016
6168,176,35.4904,135.551,-0.0713121737932227
6169,176,36.0924,136.3646,-0.4377787979332311
6170,176,35.9452,136.0584,0.1384633238603954
6172,176,35.5556,135.8722,-0.8146189644168651
6173,176,35.6358,136.0331,0.3996029628922452
6174,176,35.4875,135.4869,-0.5087981664873067
6175,176,35.4542,135.7294,-0.8313671922078048
6177,176,33.8324,130.9014,2.336846598037401
6178,176,33.7388,131.0095,1.5366446272851868
6181,176,33.5716,130.8539,0.7700556597300335
6185,176,33.8817,130.9822,2.4829473912371665
6193,176,35.6365,136.4882,0.0464808636849839
6194,176,35.4829,136.5714,0.2735252372509513
6196,176,35.2834,136.4715,-0.6802286572878198
6198,176,35.6294,136.6164,0.4570552519831845
6201,176,35.4147,136.4376,-0.1138425534271608
6203,176,35.2736,136.7031,0.5806870652215719
6204,176,34.4926,132.2794,1.3448372809283724
6206,176,34.2869,132.2766,1.6382925960615713
6208,176,34.2485,132.5647,0.9963238736694172
6209,176,34.3027,133.1693,-0.6310112570651026
6210,176,34.285,132.6436,0.2659840011180616
6212,176,35.6411,134.6284,0.958237374686854
6213,176,35.4615,134.8758,-0.2702322309266391
6214,176,35.3407,134.8619,-1.633183929841462
6215,176,35.1482,134.788,-1.8811482576658791
6216,176,35.169,135.1041,-1.3727501518154537
6217,176,35.0593,135.1777,-1.3426637456906714
6218,176,34.989,134.7634,-1.2124292878206775
6219,176,35.0023,134.9999,-0.5819039707087749
6220,176,34.9515,135.2713,-0.9510156359674568
6221,176,34.8143,134.687,-0.9487062637778392
6222,176,34.832,134.8236,-0.7642857640443542
6223,176,34.7976,134.9899,-0.4223523014130094
6224,176,34.6898,135.1583,0.8033329547699225
6225,176,34.7463,135.3499,1.3670961661232692
6226,176,34.6444,134.9999,-0.2538220418383365
6227,176,34.533,134.9904,0.9981999217630692
6228,176,34.3405,134.9014,0.2661137681735878
6229,176,34.4149,134.7925,0.2835220368702524
6231,176,34.2904,134.7968,0.2430833214306122
6232,176,35.0676,135.2839,-1.1479054682476133
6233,176,34.905,135.0872,-0.341363855200911
6234,176,34.8132,134.8106,-0.735133032863934
6235,176,35.2893,134.9099,-1.671132569073244
6238,176,34.5466,134.2814,-0.1108035112567654
6239,176,34.4727,134.3139,0.1106025410587829
6240,176,34.2652,133.7896,-0.1453896585364116
6241,176,34.3473,134.0374,-0.0879444633572817
6242,176,34.1138,133.6354,0.0074723046433861
6243,176,34.2496,134.1856,0.3888035685560909
6244,176,34.2271,134.4009,0.881966768833592
6245,176,34.1644,133.9243,-0.0576987178818924
6246,176,34.2153,133.952,-0.0105865666217208
6248,176,33.2903,134.1681,1.7436190899408197
6249,176,33.5014,133.9068,1.2965495694296392
6250,176,33.6975,133.8771,0.7162459907510825
6251,176,33.5934,133.6921,0.5676905791061824
6252,176,33.4945,133.4165,0.0452406625460303
6253,176,33.5611,133.5271,0.7628999663192506
6255,176,33.5742,133.1718,-0.7744390378134189
6256,176,33.3925,133.2896,-0.5968395435947205
6257,176,33.3982,132.8962,0.2298728621800384
6258,176,33.1967,132.9758,-0.2706576562760149
6259,176,33.0797,133.1015,-0.4561541460185346
6260,176,32.9895,132.9377,0.4117451085439802
6262,176,32.7672,132.9711,0.0021652219893445
6263,176,33.7691,133.6565,-0.1311909747133262
6264,176,33.5387,134.1224,0.6716639280199942
6265,176,33.7046,133.3667,-0.5042748556824832
6268,176,33.0719,132.955,0.2949494223337471
6269,176,35.7406,135.1022,1.488131398284943
6271,176,35.6767,135.2919,1.0641618460147186
6274,176,35.2759,135.1827,-1.15716256129267
6276,176,35.2612,135.3966,-0.8197150335119768
6277,176,35.1637,135.5016,-1.050928411412285
6278,176,35.2098,135.7738,-0.5925813551548869
6279,176,35.017,135.5638,-1.1489289604932484
6280,176,34.9962,135.8188,-0.6042401751584238
6281,176,34.8784,135.8047,-1.8138127771777024
6282,176,34.7732,135.9921,-1.0351438860844373
6283,176,35.5211,135.1271,0.471480097237286
6284,176,35.707,135.2524,1.3459904761944763
6285,176,35.3098,135.1362,-0.8840994411022824
6287,176,35.1718,136.4943,0.3109434142898792
6288,176,35.0279,136.5073,-0.8414824642150409
6289,176,34.9704,136.6357,0.1347209150556519
6290,176,34.8569,136.4493,-0.940064957063114
6291,176,34.7677,136.1151,-0.701792856227715
6292,176,34.7178,136.5039,-0.8054448166203145
6293,176,34.6435,136.3365,-0.6051922749119745
6294,176,34.6285,136.1073,-0.4833419805900858
6295,176,34.5752,136.5296,0.2251050022195544
6296,176,34.2777,136.4996,-1.5619981593820071
6297,176,33.8783,136.0822,-0.8602796182823846
6298,176,33.8764,135.9188,-0.9795534507683796
6299,176,34.9817,136.4592,0.6679535455611045
6300,176,34.7629,136.2864,-0.5794791175766973
6301,176,34.3499,136.5895,-0.1787751891579468
6302,176,34.0604,136.1718,-1.1716185911178636
6306,176,33.7611,135.9998,-0.0301117569808328
6307,176,34.8192,136.4274,-0.1538783039963515
6308,176,34.7154,135.7272,-0.0227116357797555
6309,176,34.6683,135.8352,-1.142655453019842
6310,176,34.5169,135.7191,-1.2636842106091288
6311,176,34.3408,135.6883,-0.9311072134651952
6312,176,34.3383,135.9541,-1.41067398512653
6313,176,33.938,135.7552,-0.9672992720105218
6314,176,33.9633,135.6518,-0.3731436902141191
6315,176,34.2892,136.005,-1.3680972428402285
6316,176,34.3028,135.8397,-1.161169569433719
6317,176,34.4204,136.0323,-0.5396178295645224
6318,176,34.6381,136.054,-0.6257616204474987
6319,176,33.6783,131.5936,1.9614563153768
6320,176,33.5685,131.2678,1.2232834931685874
6321,176,33.5583,131.4489,1.2506073891116931
6322,176,33.5666,131.7378,1.3163395078106368
6323,176,33.4549,131.1142,1.856246456208576
6324,176,33.4152,131.6148,1.9439681462492235
6325,176,33.2569,131.3439,2.5204858464782407
6327,176,33.2461,131.8811,-0.1709589173280452
6328,176,33.0664,131.3734,0.3413884608638197
6329,176,33.0656,131.8589,0.1043552241339229
6333,176,33.4547,131.4453,0.3287030052669107
6334,176,33.1272,131.3497,1.7116755350474957
6337,176,32.9836,131.5905,0.0909520773146771
6339,176,34.9707,135.39,-1.1233330333779454
6340,176,34.8573,135.5958,-0.8075768416021344
6341,176,34.7668,135.4683,1.700124958554019
6342,176,34.7405,135.6394,1.0270445467218232
6343,176,34.7255,135.5099,0.4538461361545319
6344,176,34.5894,135.471,0.4270369471528992
6345,176,34.5577,135.6058,3.6973627466878016e-05
6346,176,34.4402,135.3917,-0.5084182185767416
6347,176,34.4366,135.5816,-0.6054679163063749
6348,176,34.3755,135.2549,-0.2759648410363798
6349,176,34.3944,135.2864,-0.862514959364998
6350,176,34.6595,135.3924,2.5037074570798663
6351,176,34.5215,135.6636,-1.025538784054244
6352,176,34.7597,135.7081,0.1761381168968793
6353,176,35.5398,136.2065,-0.1853070316725391
6354,176,35.4215,136.0243,-0.3345349939493979
6355,176,35.377,136.264,-1.5270777952112846
6356,176,35.3476,135.9184,-1.324280256403983
6357,176,35.2493,136.2421,-1.5746124874498575
6358,176,35.2001,135.921,-0.4105515415663857
6359,176,35.1339,136.0957,-0.6064625984871982
6360,176,35.0701,136.2946,-0.2163279241995717
6361,176,35.0051,136.0854,-0.7361077243425551
6362,176,34.9718,135.8965,-0.9650254456215082
6363,176,34.8779,136.0587,-1.280046711283219
6364,176,34.9043,136.2307,-0.803598171128923
6365,176,35.2351,136.3628,-0.5708621705639653
6366,176,35.245,135.87,-1.0473003010190407
6367,176,34.8497,136.0344,-1.0058005223072342
6368,176,34.9606,136.2639,-0.2713085762546846
6369,176,34.5718,132.0141,1.7250587788245837
6370,176,34.3529,131.9352,2.4036812124401203
6372,176,34.4668,131.7752,1.8482366117411708
6373,176,36.2932,133.3561,-2.552336291118278
6374,176,34.6908,132.0427,1.327223688886885
6375,176,34.5693,132.0147,1.594994678293407
6376,176,34.3872,131.895,2.3104880191941994
6378,176,34.0438,134.582,0.9270574073345608
6379,176,33.7749,134.5914,0.9299098106608608
6380,176,33.8788,134.3889,0.9810720253351934
6381,176,33.6692,134.4192,1.1106213665461284
6382,176,34.0905,134.285,1.6092921790482733
6383,176,33.9344,134.212,0.535877040236095
6384,176,33.7719,134.1995,0.8566168280883956
6385,176,34.038,134.0614,0.4303706715047524
6386,176,33.8746,133.9218,0.5297248782570814
6387,176,34.0319,133.809,0.3126717315694552
6388,176,34.0079,134.0945,0.0676826838725125
6389,176,33.8745,134.1321,0.3340137267934567
6390,176,34.2288,135.1694,-0.37544111281965
6391,176,34.2755,135.4305,-1.2068295345420474
6393,176,34.0841,135.4309,-0.9723253628697628
6394,176,33.8938,135.4883,0.4904880987420746
6395,176,33.8908,135.1524,0.7656072456558531
6396,176,33.7289,135.3772,1.4509176975379745
6397,176,33.5503,135.4972,0.414462672129035
6399,176,33.472,135.7835,0.5526081613436039
6400,176,33.7053,135.6397,0.8319299936960423
6401,176,33.9771,135.215,0.5968939345710138
6402,176,34.134,135.5397,-1.3977799249213454
6403,176,33.5525,135.5482,0.966639866415264
6404,176,33.6915,135.5981,1.4489155720749527
6405,176,33.6861,135.4424,0.9772249994616594
6406,176,34.3194,135.4511,-0.3346665035203684
6407,176,34.2835,135.0742,-0.1390576353410737
6408,176,33.8214,135.22,0.8921427051762366
6410,176,34.4073,131.3987,2.2924188231141005
6411,176,34.3829,131.6002,2.271981763287028
6412,176,34.3709,131.182,1.657412936119688
6413,176,34.2904,130.9484,1.316567563216225
6414,176,34.149,130.9298,2.1609879521624613
6415,176,34.1657,131.2064,2.180982896256812
6416,176,34.0121,131.4042,1.7536792208012262
6417,176,34.2319,131.8169,2.1482519764364456
6418,176,34.2304,131.9822,1.3221671635326415
6419,176,34.0643,131.0214,2.712005557457222
6421,176,34.031,131.5348,2.1186106620672205
6422,176,34.0544,131.8077,1.636853861964179
6423,176,34.0966,132.0758,1.5941495993810653
6424,176,34.1699,132.1766,1.498638499287977
6426,176,33.9091,132.3561,0.5964105362999034
6429,176,34.1078,131.1458,2.621116900108382
6430,176,34.1858,132.1285,1.4017697800393825
6431,176,34.0237,132.0651,1.6361002400983955
6432,176,34.1941,131.9968,1.1337681221444147
6434,176,34.1117,131.053,2.429312712998738
6435,176,34.1316,130.9347,2.0565968351124733
6436,176,34.6225,131.6706,1.5989000655943195
6437,176,34.4805,131.6353,2.057898809290644
6438,176,34.2058,131.6883,2.689285140918715
6440,176,34.3376,131.1794,1.468292437663881
3969,177,35.355,-119.054,-0.1474856264936354
3970,177,34.07618,-118.3959,0.8561540255802561
3972,177,34.1949,-118.354,-0.0018932090752045
3973,177,35.403,-119.449,2.860092795631618
3975,177,34.208,-119.079,0.1879293778907514
3976,177,34.222,-119.04,-0.4868898445592288
3977,177,34.224,-118.994,-0.2432770674254523
3978,177,35.593,-121.124,-1.683259923282302
3979,177,34.564,-118.642,-1.0936512265168357
3980,177,36.137,-120.363,0.4990088700202834
3981,177,34.397,-118.918,1.072686013312815
3982,177,37.56,-122.249,-1.6426931264909046
3983,177,34.812,-118.945,-0.8031538687813845
3984,177,36.774,-119.728,-2.4978326509101554
3985,177,34.2772,-118.56,-0.2219284518422559
3986,177,36.321,-121.243,0.4900480280229765
3988,177,36.851,-121.402,0.2501651618380716
3989,177,36.848,-121.397,-0.0757273015500334
3991,177,34.5214,-117.991,-0.7828314155415292
3992,177,34.519,-120.328,0.4855789464629289
3993,177,35.208,-120.457,2.8591277686946057
3994,177,34.07,-118.346,0.7403388994106435
3995,177,33.943,-118.411,2.008508917879658
3996,177,34.084,-118.6,0.6819267022622469
3997,177,36.755,-120.382,-1.2693839407073613
3998,177,37.141,-121.663,-1.5011914965790183
3999,177,36.807,-121.778,0.5177158449035506
4000,177,34.229,-118.527,0.8462698523516274
4001,177,34.448,-119.23,-0.3900003226886133
4002,177,34.24,-119.179,0.5125956579646682
4003,177,34.217,-119.153,0.9384053100914628
4004,177,34.186,-119.178,0.9097529582692157
4005,177,34.175,-119.226,1.0902082475125354
4006,177,34.57806,-118.11401,-1.4994546160583606
4007,177,34.413,-118.796,0.1168460706755568
4008,177,35.274,-120.885,1.4983718553879262
4009,177,34.193,-118.51,0.8167222617636231
4010,177,36.671,-121.642,-0.7110914613946381
4011,177,36.697,-121.634,-1.1971539876530728
4013,177,37.804,-122.443,-1.7173407260360884
4014,177,36.86,-121.54,-1.538116306301662
4015,177,35.285,-120.661,1.482934818049846
4016,177,34.423,-119.7,0.4591699278892626
4017,177,34.439,-119.756,-0.0865684890242155
4018,177,34.43,-119.724,0.0625794890122356
4019,177,34.45,-119.734,1.006891662462365
4020,177,34.422,-119.851,2.246598271100495
4021,177,34.354,-119.06,1.1378223803714418
4022,177,34.2694,-118.783,0.2446245640701914
4023,177,34.289,-118.746,0.3828902984459909
4024,177,37.402,-122.025,-1.7236438135726375
4025,177,34.3088,-118.448,-0.2783254730190936
4026,177,34.312,-118.496,-0.222955256199332
4027,177,34.31076,-118.49675,0.2305794830760079
4028,177,34.16,-118.534,-1.7235128653842384
4029,177,34.1729,-118.549,-0.729167117557683
4030,177,35.556,-120.719,-0.0800473763971817
4031,177,34.1851,-118.447,1.6717815022434204
4032,177,34.276,-119.293,1.6483551197009747
4033,177,34.3968,-119.299,-0.2997311255834208
4034,177,34.27,-119.181,1.085338526214255
4035,177,37.468,-122.308,-1.5374490915723849
4062,179,36.891,-121.404,1.8377275781692173
4063,179,35.939,-120.425,-1.2875087703861832
4064,179,35.894,-120.421,-0.8328118095180839
4065,179,35.911,-120.486,-1.648866747400791
4066,179,35.833,-120.346,-3.484297951376129
4067,179,35.815,-120.374,-1.0731656644048797
4068,179,35.713,-120.203,-2.047924087369554
4069,179,35.94,-120.432,-0.7364867960882271
4070,179,35.958,-120.496,-0.0468857630385737
4071,179,35.624,-120.254,-3.687296754211584
4073,179,35.923,-120.534,-0.5413017053989476
4075,179,35.285,-120.661,-1.530672879166025
4076,179,36.851,-121.402,2.359016292876868
4077,179,36.137,-120.363,1.1557950905123977
4078,179,35.403,-119.449,0.2552279569791651
4079,179,35.208,-120.457,-1.5596259702929027
4080,179,35.697,-120.328,-1.649538425235104
4081,179,35.274,-120.885,-0.7993287408179872
4084,179,35.655,-120.377,-0.965211792714026
4085,179,35.556,-120.72,-0.3391716743472288
4086,179,35.593,-121.124,-0.6210848376881692
4087,179,36.973,-121.953,-0.817662038499719
4088,179,36.239,-121.774,0.2460783360189962
4089,179,36.671,-121.642,0.1896613241851768
4090,179,36.807,-121.778,1.1347965984019657
4091,179,36.207,-121.131,1.1190845096884057
4092,179,36.321,-121.243,1.3915376748863268
4093,179,36.848,-121.397,2.382846805728371
4094,179,36.697,-121.634,0.0891083579396136
4095,179,35.945,-120.542,-0.9710096901722072
4096,179,36.034,-120.59,-0.1742801406464814
4097,179,35.743,-120.277,-0.3186505702811554
4102,179,35.718,-120.304,-1.0644358206583957
4105,179,35.639,-120.404,-0.7762109198901525
4107,179,35.803,-120.334,-1.99569502714283
4110,179,35.871,-120.404,-1.0871451089118946
4112,179,35.879,-120.445,-0.882297550638834
4114,179,35.899,-120.433,0.1404758233234214
4116,179,35.921,-120.481,0.1006683971702747
4117,179,35.818,-120.378,-2.342239619402586
4121,179,35.796,-120.411,-0.754631312094714
4124,179,35.738,-120.507,0.8120213984079091
4129,179,35.957,-120.481,-0.3114524591553236
4130,179,35.934,-120.497,-0.5195223736121801
4132,179,35.927,-120.509,-1.201742347595708
4133,179,35.922,-120.534,0.1086778929855976
4137,179,35.821,-120.507,0.0623775250309894
4138,179,35.822,-120.506,0.0111592083163809
4139,179,35.821,-120.505,-0.1919722465713825
4143,179,35.825,-120.501,-0.2170812154170818
4144,179,35.826,-120.501,-0.1835463461087519
4145,179,35.828,-120.5,-0.0397881733272761
4146,179,35.826,-120.502,0.0326122602357845
4149,179,36.191,-120.708,1.1507180345269126
8438,179,37.68,-121.739,0.5138937333517917
8439,179,37.41702,-121.9154,2.397068108483863
8440,179,37.34655,-121.80774,1.3893752538313766
8441,179,37.40718,-122.00001,-0.1008282924185782
8442,179,37.376,-121.84367,1.7551109479197555
8443,179,37.27117,-121.98617,0.6433256903164426
8444,179,37.45098,-122.4287,-0.0842512677854024
8445,179,37.67928,-122.48405,-0.2923607064559635
8446,179,37.91056,-122.53778,-0.0519832425198404
8447,179,38.03445,-122.27016,1.1186115891924524
8448,179,37.68873,-121.78351,1.152050576096271
8449,179,37.16346,-121.62645,0.8830462089118679
8450,179,37.85727,-122.42266,0.0982171844122261
8451,179,37.45035,-121.80037,1.1160597345172063
8452,179,37.7294,-121.83346,1.313951726609415
8453,179,37.37289,-121.76887,0.9837054956560688
8454,179,37.73786,-122.06486,0.2876233533948067
8455,179,37.85884,-121.99264,2.1924779350450008
8456,179,37.91233,-121.90716,0.7330613953766291
8457,179,38.02691,-122.01599,1.3428233331686752
8459,179,37.34305,-122.33976,-0.0137044260835611
8460,179,37.31861,-122.15314,0.9147818508095104
8461,179,37.17217,-122.01121,-0.023795469502744
8462,179,37.04922,-121.80722,0.6595697796183521
8463,179,37.36045,-122.18986,1.2310150704729674
8464,179,37.51604,-122.45815,0.0387543117115331
8465,179,37.21427,-122.17168,0.6723058576375193
8466,179,37.20631,-121.97726,0.1764446093920878
8467,179,37.15432,-121.73467,0.9989793845817992
8468,179,37.63719,-122.47482,-0.1276699104086633
8469,179,37.2708,-122.21276,-0.2067472192688666
8470,179,37.19855,-122.34671,-0.7895808755595425
8471,179,37.58225,-122.42006,0.6725893476477804
8472,179,37.40372,-122.17596,0.5971137001438152
8473,179,37.28397,-122.05017,1.109023043900612
8474,179,37.58644,-122.50217,0.1133370632730845
8475,179,37.6444,-118.89683,-0.807579721338585
8476,179,37.65909,-118.97907,-1.5229387004573856
8479,179,38.15486,-121.80438,1.1709702768262935
8481,179,38.04248,-122.79684,-0.7138566242290154
8485,179,35.86661,-120.4796,-0.3632517814829037
8486,179,36.2159,-120.80126,1.945660749318304
8487,179,38.2026,-121.9354,1.3677484132136193
4151,180,37.6535,139.8633,1.7687951505670283
4152,180,37.6002,139.6467,-0.0645844219101609
4153,180,37.4774,139.9294,0.458816877211454
4154,180,37.3957,140.1325,-0.2427627313847188
4155,180,37.3077,139.9,-0.1798241277687226
4156,180,37.266,139.5386,0.1144005380950059
4157,180,37.07,139.6808,-0.1587828528517016
4158,180,37.3491,139.3144,-0.7198398330896603
4159,180,37.0159,139.3801,-0.2655189138806329
4160,180,37.453,139.5133,-0.1929476499542723
4161,180,37.7535,139.7183,-0.3255952346222162
4162,180,37.6048,139.7566,0.2652598386109532
4163,180,37.4478,139.8159,0.418523119916426
4164,180,37.2513,139.8758,-0.3386808010508285
4165,180,37.1692,139.5231,0.4354259766170857
4167,180,37.1585,140.0963,-0.4907862029304055
4168,180,37.3392,139.3179,-1.1908256222121645
4169,180,36.7819,138.9695,-0.388666869538576
4170,180,36.6578,139.0784,-0.0504600690887759
4171,180,36.6172,138.5918,-0.1586718391483825
4172,180,36.5133,138.5177,0.8394542997937388
4173,180,36.5103,138.7523,-2.2470789859118394
4174,180,36.4619,139.0101,0.3790820598583737
4175,180,36.3478,139.1368,0.5639335314677111
4176,180,36.4106,139.3251,-0.0804665847925811
4177,180,36.3181,139.0176,0.3242069628481343
4178,180,36.35,138.7179,0.0830083760905101
4179,180,36.6967,139.2136,0.440322019062501
4180,180,36.4886,138.5275,1.2915460873045723
4181,180,36.6181,138.91,0.8295869677399463
4182,180,36.8514,138.366,0.4893187057033216
4183,180,36.8069,138.2069,1.4149693597970794
4184,180,36.7403,138.4129,-1.1063476761688718
4185,180,36.6486,138.1938,0.6633807078923046
4186,180,36.6981,137.8544,0.2884855755863041
4187,180,36.5339,138.1191,-0.3857895698835572
4188,180,36.7403,138.3792,-0.5370912630802668
4189,180,36.4632,138.1505,-1.1627184272377156
4190,180,36.5739,138.051,1.4347015928450713
4191,180,36.7044,138.0995,1.625955096828524
4192,180,36.9072,138.4439,0.7293871537948072
4193,180,36.6953,137.8513,-0.0687610045029166
4194,180,38.0745,138.4398,-0.9056524423797676
4195,180,37.9976,138.3226,0.1709123745154027
4196,180,37.9204,138.4981,-1.3405711631316508
4197,180,38.053,139.4055,0.4281574581125829
4201,180,37.6863,139.4772,0.9678394952473076
4204,180,37.6935,139.1886,-0.0114327395968921
4205,180,37.6421,138.7676,-0.2627945220121698
4206,180,37.4416,138.8431,0.38574054122163
4207,180,37.3724,138.5579,1.244163664849932
4208,180,37.3057,138.7898,0.2918170400359299
4209,180,37.2332,138.962,-0.3170507925122787
4210,180,37.1281,138.7468,0.4694029049066594
4211,180,37.0364,138.8462,0.2425278319134164
4212,180,37.0147,138.6529,0.6603366839603969
4213,180,37.1268,138.444,1.026506194016547
4215,180,37.0228,138.2507,0.9361069548664244
4216,180,37.0235,137.8624,-0.1808216189895456
4217,180,37.4261,138.8862,-1.6948742606849616
4218,180,37.4242,138.8908,-0.0424870732004391
4219,180,38.1297,139.4322,0.0420074194726977
4220,180,38.1283,139.5461,0.2619683669637083
4221,180,37.9731,139.2819,0.8787883666996584
4222,180,37.6497,139.0708,0.574347915784471
4223,180,37.6628,139.2642,-0.8341801398358388
4224,180,37.6678,139.4681,1.4953681874645277
4225,180,37.5356,139.1311,-0.620773750977648
4226,180,37.5408,139.3681,-0.4227677336027753
4227,180,37.1697,138.7472,-0.1683274098975864
4228,180,37.2208,138.9853,-0.6120790725264348
4229,180,37.0514,138.3997,0.5695440716616248
4230,180,37.0503,138.9983,-0.8672610622333756
4231,180,36.9347,137.8511,-1.2950533733768577
4232,180,36.8539,138.0997,1.1007471921861012
4233,180,36.9394,138.2625,1.1842328895471943
4234,180,36.8083,138.7881,-0.6675419776105767
4235,180,36.99,139.8033,-0.7693970406944378
4236,180,36.8144,139.7153,-0.415861936035082
4237,180,36.8061,139.4204,-0.7965540113894305
4238,180,36.8061,139.9264,0.5994062923700031
4239,180,36.7258,139.7155,0.5533071120184725
4240,180,36.6347,139.4376,-0.5951489767853942
4241,180,36.8786,139.4567,-0.3498224765865235
4242,180,36.8797,139.6492,-0.3692713087292751
4243,180,36.8594,139.8397,0.9095910952890746
4244,180,36.8547,140.0258,0.4696982974129809
4245,180,36.7042,139.7733,0.6315433064078737
4248,180,36.976,137.6257,-0.1073474827575988
4249,180,37.9207,139.8697,0.3417391627887173
6441,180,35.2979,136.9153,-0.6347955252443556
6443,180,35.1979,137.2056,-0.1271403642998676
6444,180,35.0812,137.1464,-0.3931789346855932
6445,180,34.976,137.4236,0.6961257689746727
6446,180,35.2161,137.4069,-0.3642104525122686
6447,180,34.9157,137.3023,-0.0210295043666751
6448,180,34.9969,137.6273,-0.2056924667568864
6449,180,35.181,137.0504,-0.0302798350723065
6450,180,35.1359,137.3389,-0.1310438469367372
6451,180,35.1511,137.538,0.1246350203819989
6452,180,35.1808,137.7298,-0.3060262529524899
6453,180,34.9603,137.2406,-0.0594608910341192
6454,180,34.9479,137.4144,0.4002849942204809
6455,180,34.8943,137.4906,0.0514785334727071
6456,180,39.6069,140.3213,0.2866734404012663
6459,180,39.2022,139.9085,0.7766049659728613
6460,180,39.2194,140.1317,0.468463927234778
6461,180,39.1711,140.7164,-0.9129014916971028
6463,180,38.9772,140.4986,-0.3147382609660025
6464,180,39.6857,140.411,-1.3994112147345965
6465,180,39.5422,140.3515,0.2762455563182516
6466,180,39.3519,140.3903,-1.1046610853469772
6467,180,39.1883,140.4744,-0.5916117119605785
6468,180,35.9595,139.8733,1.083248766023929
6469,180,35.7943,140.0564,1.3785586202119466
6470,180,35.9007,140.4905,1.617754119416562
6471,180,35.7358,140.83,0.5875036999203135
6472,180,35.7801,140.3067,1.1436330571235511
6473,180,35.7234,140.2267,0.9470079641954084
6475,180,35.5727,140.3333,-0.2148220194636519
6476,180,35.4327,140.2905,-0.0026747274522501
6480,180,35.2988,140.0755,0.4647941694842846
6481,180,35.1577,140.3222,1.7915295345125797
6484,180,35.3083,139.8598,1.1795557226417517
6485,180,35.6335,140.0784,0.1531376067184515
6486,180,34.9707,139.9459,2.0476383111883525
6487,180,35.766,139.9665,0.8143111666712857
6488,180,35.7934,140.0238,1.183955935154127
6489,180,35.5425,140.245,1.6268230448963816
6490,180,35.2834,140.1562,1.4762046005428084
6491,180,35.3412,139.8586,0.9912791449439924
6492,180,35.8275,140.3013,0.8940283537896359
6493,180,35.7309,140.8263,1.0557466829271906
6494,180,35.1351,139.9681,1.037475604365679
6495,180,35.1681,140.3431,1.5178113840762253
6496,180,36.2161,136.1571,-2.0332464026631296
6497,180,36.0924,136.3646,-1.4393526190034425
6499,180,37.7949,140.9196,-0.3786462286597011
6500,180,37.8449,140.6013,-0.2747083876849401
6501,180,37.7613,140.4799,-0.9145548694482212
6502,180,37.6799,140.7346,-0.8015818575371496
6503,180,37.6385,140.9849,-0.066242614170991
6504,180,37.5031,140.7588,-0.6012366601589688
6505,180,37.4061,140.9632,-0.5706494280462677
6506,180,37.4363,140.5668,-0.7569626942193425
6507,180,37.2778,140.6349,-0.9671091972803828
6508,180,37.2342,141.0016,0.7838119490976833
6509,180,37.0911,140.9035,0.8761102800786473
6510,180,36.9069,140.7929,0.3173995910186396
6511,180,37.09,140.5563,0.1310512370597937
6512,180,36.8683,140.43,-0.739430294616457
6513,180,37.0217,140.3775,0.4597569443948323
6514,180,37.1228,140.1914,-0.0860080431620454
6515,180,37.2842,140.3689,-0.4735731132716485
6516,180,37.3961,140.3622,-0.4235352540024183
6517,180,37.603,140.4368,-0.5700045780081001
6518,180,37.3364,140.8132,-0.3739144570501919
6519,180,37.2792,140.2178,-0.3134870671572495
6520,180,37.35,140.4297,-0.2650320404297536
6521,180,37.1976,140.342,0.6909191006895437
6522,180,37.2139,140.5736,-0.1149120451148634
6523,180,36.9919,140.5886,-0.2698478056107758
6524,180,37.0233,140.9736,1.245724652080387
6526,180,37.7613,140.38,-0.267539002046846
6527,180,37.6606,140.6008,-0.4566200336943885
6528,180,37.4864,140.5414,-0.6603694039529765
6529,180,37.4672,140.7261,-0.8776786664728519
6530,180,37.4881,140.9906,0.1507371910618057
6531,180,36.2742,136.8978,-0.9933182059914164
6532,180,36.2734,137.0253,-1.0387005668452032
6533,180,36.3322,137.3014,-1.5567202937900313
6534,180,36.2492,137.5174,-1.8013954296901376
6535,180,36.1536,137.2514,-1.2996370077450876
6536,180,36.0333,136.9528,-1.0174325195648657
6537,180,36.0378,137.4861,-0.5169640100681888
6538,180,35.9515,137.26,-1.5947287535101564
6539,180,35.8029,137.245,-1.589530353749229
6540,180,35.6576,137.4258,-0.3999055126856642
6541,180,35.4887,137.5,-1.0710985831736828
6542,180,35.4495,137.4039,-0.7523557584083989
6543,180,35.4426,137.0,-0.2764084238302164
6544,180,35.3882,137.2158,-0.0975826666171746
6545,180,35.3009,137.387,-0.2401126282044933
6546,180,36.2417,137.2013,-1.4897639177427298
6547,180,35.8291,136.9651,-0.5368270909684194
6548,180,35.2736,136.7031,0.4094242546341031
6549,180,36.3749,137.3746,-1.6049793845541729
6551,180,35.6001,136.4164,0.1819756257174771
6552,180,36.2712,136.9009,-1.029298318084393
6553,180,36.2462,137.5204,-1.0863491995389978
6554,180,36.1306,137.2238,-1.3232507878047937
6556,180,35.9483,136.8762,-0.6903708018358986
6557,180,35.896,137.1525,-0.7045928476457396
6558,180,36.0184,137.3936,-1.2564492101047242
6562,180,35.7203,136.7876,-0.2612280984099339
6564,180,35.5183,136.6156,-0.6972291393938412
6565,180,35.4089,136.8794,-0.1564047439292179
6566,180,35.4495,137.007,-0.0470345277761665
6567,180,35.4539,137.4737,-0.9142926869820468
6568,180,35.2921,136.4761,-0.7248374253108736
6569,180,36.2343,139.5331,0.4792896690439408
6570,180,36.2914,139.3609,0.1495193167052701
6571,180,36.3147,139.1924,0.8357258137232423
6572,180,36.2287,138.7579,-1.4869360502505369
6573,180,36.1162,138.9251,-0.611330202074851
6574,180,36.3111,139.1879,1.0073648092662448
6575,180,36.2409,139.5476,0.1564761001793024
6576,180,36.2325,138.7322,-1.404024599575819
6577,180,36.2831,138.9242,1.4246223562133826
6578,180,36.1409,138.9161,0.014573456449185
6579,180,36.7761,140.3569,0.8545121630976874
6580,180,36.7061,140.7068,0.8087336571036239
6581,180,36.5915,140.6453,0.2433430012561312
6582,180,36.5516,140.4102,0.1274260249140333
6583,180,36.3851,140.2372,-0.5858458123024962
6584,180,36.369,140.4528,-0.6480807836093002
6585,180,36.3523,140.5955,-0.9371421907347648
6586,180,36.3062,139.9828,1.0753934412401007
6587,180,36.1848,139.7037,1.7455297179279965
6588,180,36.1843,139.9653,0.9761432967702106
6589,180,36.1251,140.0903,-0.1739199430492965
6590,180,36.1901,140.2869,-0.3618998991460986
6591,180,36.0729,140.1947,-0.3821950324664681
6592,180,36.0693,139.908,0.3966520664194268
6593,180,35.9112,140.0494,1.1701398596805634
6594,180,35.9537,140.3194,0.9541563151051524
6595,180,35.977,140.6322,1.3138338050309473
6596,180,36.8808,140.6544,-0.8700074170591738
6598,180,36.1156,140.5655,-0.5392437286775121
6599,180,36.4358,140.3592,-0.9822780761328548
6601,180,36.3669,140.1434,-0.2729194070645941
6602,180,36.8338,140.3215,0.0147129666995674
6603,180,36.7924,140.5784,-0.496275715178445
6605,180,36.5535,140.3046,-0.4032294464761459
6606,180,36.6374,140.4009,1.1300299292968143
6607,180,36.0832,140.3173,-0.4589987594275154
6608,180,36.3599,140.6231,0.5107070272800611
6609,180,37.4999,137.1764,-1.000171621791842
6611,180,37.3919,136.9083,-1.3246088961390907
6614,180,37.1602,136.6897,-2.1197455055077503
6616,180,36.8918,136.7783,-1.1983833939684267
6617,180,36.7318,136.6989,-1.9008840690438509
6618,180,36.5419,136.6431,-1.167332029521676
6619,180,36.3575,136.6045,-1.762236973441503
6620,180,36.1805,136.6247,-1.6890394190402382
6622,180,37.3614,137.0443,-1.400215662999917
6623,180,37.1872,136.7206,-1.7409221590035755
6624,180,37.2194,136.9719,-0.9348763396341871
6625,180,37.0503,136.8236,-1.471286279295101
6626,180,36.5119,136.6386,-0.1842630557229873
6627,180,36.735,136.7936,-1.671647037930457
6628,180,36.2636,136.7197,-1.1333476013073718
6630,180,39.3209,141.1378,-0.047108977592911
6631,180,39.318,140.7792,-0.5051527987694051
6632,180,38.8625,141.3547,0.3261611725546709
6633,180,39.3406,141.0508,0.7196120794484767
6634,180,39.0061,140.8667,0.0200575621196081
6635,180,38.9661,141.0047,0.5756515357491263
6636,180,39.0278,141.5356,0.3776114277681535
6639,180,35.2727,139.6579,-0.1951793611069906
6640,180,35.1441,139.6218,-0.5528287756782982
6641,180,35.3192,139.5462,0.9399899122362626
6642,180,35.4544,139.5387,0.8221502010473081
6643,180,35.3385,139.4901,0.0787632919463281
6644,180,35.5751,139.3265,0.1926729485382421
6646,180,35.3355,139.3504,0.6945807941660297
6647,180,35.6154,139.1548,0.7041052849730156
6648,180,35.3794,139.2048,0.2072032985949774
6650,180,35.3608,139.0826,-0.4709083276889867
6651,180,35.4959,139.5227,1.006835212383076
6652,180,35.4007,139.3571,0.9510943311135877
6653,180,35.6404,139.1315,-0.3183604453066908
6654,180,35.414,139.0468,-0.4953418272827386
6655,180,35.3631,139.1291,0.732771168309389
6657,180,38.9015,141.5684,0.6949796449456771
6658,180,38.7262,141.5109,-0.7513931161006209
6659,180,38.7348,141.3106,-0.101293059383029
6660,180,38.7292,141.0217,2.194164659569429
6661,180,38.7992,140.6507,1.267732142800595
6662,180,38.5769,141.4514,-0.8078064922543416
6663,180,38.4466,140.8874,0.4793433324417381
6664,180,38.4282,141.2809,0.0917361338330416
6665,180,38.3175,141.0193,-0.7455639444554176
6666,180,38.2663,140.9293,0.0281504982771534
6667,180,38.1049,140.8699,0.0388020965528247
6668,180,38.0085,140.621,-0.2581025282647983
6670,180,38.237,141.0003,-0.7832322130946321
6671,180,38.8558,140.6547,-0.9673910214218062
6674,180,38.5764,140.7839,1.2797128106495643
6675,180,38.5878,141.0744,0.8012726637605383
6676,180,38.1103,140.8475,-0.3721258413824131
6677,180,38.0061,140.6061,0.0257841792824223
6678,180,37.9381,140.8958,-0.1104406020719947
6680,180,38.6386,141.4463,-0.3425612994229575
6681,180,36.5086,137.8507,0.2137163359551269
6682,180,36.4022,138.2491,-0.0847635124653549
6683,180,36.3378,137.8694,1.2048620861368124
6684,180,36.3281,138.4357,1.7661314776805956
6685,180,36.2564,138.2669,0.2920698968239716
6686,180,36.2564,137.9785,0.2355543222071715
6688,180,36.0956,138.4844,-0.5736455814311123
6689,180,36.0454,138.1116,0.125371869999097
6690,180,35.9151,138.2421,0.315458174119796
6691,180,35.9748,137.8255,-1.0829559220699785
6692,180,35.8132,137.5295,-0.6446116948718765
6693,180,35.8562,137.7078,-1.2293358955127438
6694,180,35.8282,137.9532,-1.03443944882618
6695,180,35.7304,137.9341,-1.0104003886122483
6696,180,35.6079,137.6125,-0.5234915092515253
6697,180,35.5787,138.0338,-1.12216284824333
6698,180,35.5232,137.8374,-0.8047786598540136
6699,180,35.2807,137.8567,-0.9415881183305846
6700,180,36.251,137.8622,0.4875040523515883
6702,180,35.96,137.77,-0.8238406246316687
6703,180,35.9125,138.3083,-0.3051915414883632
6704,180,35.9664,138.4828,-0.958188289939986
6705,180,35.5111,137.8797,-0.7260149472740279
6706,180,35.3063,137.6292,0.244525993764227
6707,180,36.0056,137.9336,-0.5793145712910931
6708,180,35.9433,138.1879,-0.4146168745109542
6709,180,36.1393,138.5535,-0.4282220160111828
6710,180,35.9292,137.598,-0.5883298222307773
6711,180,35.9703,138.5877,-0.9350972995810418
6712,180,35.7839,137.7203,-0.3379677585802539
6714,180,35.6024,137.6135,-0.4225381119977969
6715,180,35.612,137.8827,-0.7387398936062981
6716,180,35.2953,137.9298,-0.3758033223987141
6717,180,36.0609,137.688,0.0085198703313475
6718,180,36.1153,137.9419,-0.5443752824942132
6719,180,36.2546,137.9929,-0.1295039029938366
6720,180,36.4567,137.9668,0.3151007437266642
6721,180,36.5296,137.8231,-0.3920572093110759
6722,180,36.3793,137.8231,0.0477494607182468
6723,180,36.3277,138.4999,-0.1645789066580112
6724,180,38.2584,138.4337,-1.7148420736150332
6725,180,38.4501,139.4961,-1.1220708413890772
6726,180,38.2301,139.4864,-0.9215483975428352
6727,180,38.2769,139.5519,-0.2471791844027628
6728,180,36.2428,139.1937,0.9204484810823772
6729,180,36.1476,139.3884,0.7467900986410635
6731,180,36.1179,139.1045,-0.0810497471669108
6732,180,36.0562,139.2626,1.182758110324841
6733,180,35.9954,139.0709,0.5401398387921469
6734,180,35.9034,139.4826,1.8332127085054333
6736,180,35.8401,139.3215,1.1960264598308956
6737,180,35.7965,139.4659,1.5325336735700927
6738,180,35.9954,138.801,-1.1434539700727335
6739,180,35.8958,139.3875,1.7032575923148945
6740,180,35.7996,139.5385,1.2586923852257164
6741,180,36.1478,139.0536,0.0030275661106024
6742,180,36.11,139.2926,1.7513298524757894
6743,180,35.9086,139.1517,0.7224961223120755
6744,180,36.0243,138.9722,-0.5178470498415166
6746,180,35.9933,139.2223,0.5157253037736883
6747,180,35.8605,139.2758,0.8216945159042528
6748,180,34.7549,138.7841,-0.865956219265421
6749,180,35.096,138.8657,-0.5484165850393503
6750,180,35.1971,138.9127,0.7465002268591445
6751,180,35.3091,138.9349,0.7501466482778812
6752,180,35.2128,138.6016,0.1708630117087086
6753,180,35.1271,138.6213,0.8264778286221128
6755,180,34.9649,138.3735,-0.2531315736546667
6756,180,35.2435,138.3407,-0.3934921234669841
6757,180,34.8566,138.3113,0.5119004937252898
6758,180,34.7402,138.2241,1.6305713151588128
6760,180,35.0916,137.8136,-0.6724185225924381
6761,180,34.8738,137.8164,-0.6683680206695802
6763,180,34.7915,137.9064,0.1927385052245892
6764,180,35.3038,138.2003,-0.8088729917820898
6765,180,35.2201,137.9212,-0.2846120060494673
6766,180,34.9365,138.0798,0.2689046508632106
6767,180,35.0053,137.8439,-0.3749617214759972
6768,180,35.0113,138.3557,-0.0511930085567437
6769,180,35.1271,138.4273,-0.2439288087895006
6771,180,34.9109,138.2038,0.8509490485136669
6772,180,35.1995,138.569,0.8541042759365542
6773,180,35.0821,138.981,0.1881801116294852
6774,180,34.7954,138.7755,-0.1888034361413783
6775,180,34.7798,138.9732,-0.7652701287668637
6776,180,34.6715,138.8372,-0.2412352530907006
6778,180,34.9706,138.4955,0.7792959445753588
6779,180,36.9417,140.0828,0.1561403279580926
6780,180,36.7639,140.1297,0.3224320849575317
6781,180,36.5692,139.8861,-0.2436646981463025
6782,180,36.56,139.7675,-0.3067391465625954
6783,180,36.3867,139.6145,-0.1854355586676005
6784,180,36.2859,139.8047,0.6518777588215104
6785,180,36.4368,140.0225,-0.1851335322348545
6786,180,36.545,140.1742,-0.3667044088044837
6787,180,36.4427,139.9541,1.1288499218254342
6788,180,36.6928,139.9875,1.2685310457137378
6789,180,36.7311,140.1814,1.0610231471428917
6790,180,36.5564,139.8669,-0.3765742755768679
6791,180,36.5449,140.0784,0.7284584865262439
6792,180,35.8029,139.0956,-0.4611716468854174
6793,180,35.7968,139.2912,1.081947762591024
6794,180,35.6282,139.4034,0.5010576756777747
6795,180,35.5782,139.4156,0.8852437250227274
6796,180,35.699,139.5029,1.862953422964148
6797,180,35.7107,139.6859,2.0936386763264525
6798,180,35.6596,139.8343,2.022031779496039
6799,180,35.689,139.8354,1.521764668833335
6800,180,35.7313,139.8121,1.316954127761797
6801,180,35.6485,139.799,2.324279491952633
6802,180,35.6474,139.8093,2.4479263239459708
6803,180,35.6551,139.8115,2.142839159113544
6804,180,35.6657,139.8087,2.056581156571507
6805,180,35.6876,139.8193,1.1231209309324
6806,180,35.6874,139.7962,1.2536287827631158
6807,180,35.7254,139.8249,1.5464221627710604
6808,180,35.7401,139.8624,0.8268349254167865
6809,180,35.6685,139.7893,2.3483480344828327
6810,180,35.6669,139.2682,0.5252272397663442
6813,180,36.8163,137.4192,0.0233144160698415
6814,180,36.8624,137.5274,-0.8468477698086768
6815,180,36.7824,137.0803,1.1088354211892857
6816,180,36.6716,136.897,-0.5016481736927376
6817,180,36.6686,137.2114,-1.4547193998229933
6818,180,36.6086,137.2831,-1.267356596029384
6819,180,36.56,136.8872,-1.021940575419305
6820,180,36.5781,137.385,-1.2544088877500408
6821,180,36.4411,137.0353,-1.3942272439254904
6822,180,36.8836,136.9306,-2.062579663150768
6823,180,36.7263,137.2658,-0.9180542313852716
6824,180,36.5706,136.9614,-0.5264343905440972
6825,180,36.5681,137.1625,-0.5599665377497725
6826,180,36.4375,137.0422,-1.319022146822223
6828,180,35.6132,138.947,-1.367061939897229
6829,180,35.4648,138.813,-0.7307195076467363
6830,180,35.702,138.7266,-1.1981961502495502
6831,180,35.6548,138.5677,-0.9609690055682286
6832,180,35.4684,138.6069,-1.3814147500049183
6833,180,35.2791,138.4649,0.6098088326282296
6834,180,35.432,138.3321,-0.2283932538017308
6835,180,35.4965,138.4627,0.7986930218883912
6836,180,35.7918,138.4096,-0.3220519266493569
6837,180,35.6863,138.7371,-1.2597439260840153
6840,180,35.6215,138.9808,-1.0022063534246533
6841,180,35.5591,138.4521,0.4832010678977089
6843,180,35.5082,138.9707,-0.908177042990812
6844,180,35.5291,138.6076,0.0580517177973461
6846,180,38.7679,140.2957,1.806997906070611
6847,180,38.7292,139.8013,-0.2343598317583572
6848,180,38.607,140.1621,0.0168212994189238
6849,180,38.4306,140.3907,0.9771689151564468
6850,180,38.3856,139.9921,0.1287291308710554
6851,180,38.3898,140.2743,2.0375824448901594
6852,180,38.2604,140.3488,0.2389998941476031
6853,180,38.1502,140.2674,0.8214764854854899
6854,180,38.1074,140.0428,0.038340630674433
6855,180,38.0621,139.7575,-0.0501715914138833
6857,180,38.7895,140.0185,0.75729035735222
6858,180,38.3811,140.3839,1.178987346506441
6859,180,38.2664,140.2617,1.4469317032871687
6861,180,38.0783,140.3011,-0.3239604937787688
6862,180,37.9853,139.805,0.0325368589371575
6863,180,37.9603,140.1869,0.1800384758357377
6864,180,37.8931,140.0311,1.5154241771014891
6865,180,38.9672,140.0367,1.2183029851862714
6866,180,38.7469,140.1814,0.7443393489365235
6867,180,38.6328,140.0089,-0.1096127968197032
6868,180,38.4675,139.7639,-0.7343543263538944
6869,180,38.3831,139.995,0.0799025955557412
6870,180,38.4228,140.1283,1.0944247664049562
4459,274,42.418,13.079,-2.586468960772839
4460,274,43.075,12.604,-0.8888737543082278
4461,274,42.027,13.426,-0.1199142757343967
4462,274,43.707,12.188,1.2075716184395833
4463,274,41.484,14.472,0.4180204987826648
4464,274,41.563,14.652,1.611628875006034
4465,274,42.101,13.088,-1.3322928983040456
4466,274,41.618,15.105,2.3007377671308564
4467,274,41.486,13.823,1.2692059194105756
4468,274,41.787,14.112,1.3866078455583004
4469,274,41.833,14.712,0.5428498003360304
4470,274,43.955,12.736,0.2098145142683725
4471,274,42.085,13.521,0.6012499305915064
4472,274,41.26,15.91,0.0507592547815077
4473,274,42.37,14.148,1.4749313519336869
4474,274,42.268,13.117,-1.1520502862762934
4475,274,44.199,12.042,2.1615454355573323
4476,274,42.421,13.519,-2.149038508768649
4478,274,41.611,14.236,-0.1545714398146787
4479,274,42.377,13.344,-1.1911626206122865
4480,274,42.373,13.337,-0.649569538955498
4481,274,42.376,13.339,-1.2773592303668444
4482,274,42.345,13.401,0.1151966175532308
4484,274,42.558,12.969,-2.1440843908896072
4485,274,41.634,15.911,-0.2511812358151142
4486,274,42.249,12.748,-1.3611739823696156
4487,274,41.704,15.958,-0.0075106772996774
4488,274,42.524,13.245,-2.43288555250288
4489,274,40.799,14.18,1.7571723614828654
4490,274,41.954,13.642,-0.2975525115193235
4491,274,41.696,14.702,1.3984183901120042
4492,274,41.483,14.838,0.6938689010193346
4493,274,41.711,14.984,0.6103873548704113
4494,274,41.625,14.88,1.6125130796060878
4495,274,41.709,15.733,-0.5492190994058946
4496,274,41.691,15.374,0.1044343609776442
4497,274,43.56734,12.14349,0.2294328757511716
4498,274,41.807,15.165,0.3561214916524243
4499,274,42.734,12.741,-1.4514020799961989
4500,274,42.743,12.74,-1.8089004354442275
4501,274,41.91316,13.10552,0.4350515408179238
4502,274,42.089,13.934,0.7480305648796457
4503,274,41.222,14.53,1.006074933520524
4504,274,41.989,14.975,0.8871005016136408
4505,274,41.333,14.132,0.663535491268368
4839,278,37.145,138.2394,1.2608982625709622
4840,278,37.1242,138.4486,1.3111602142828884
4841,278,37.1561,138.4286,1.8407254773509305
4842,278,37.1297,138.6114,1.2940605505516902
4843,278,37.0847,138.61,0.6668288405962545
4844,278,37.1517,138.515,1.1459793051549478
4845,278,37.0764,138.3861,1.7249981498987192
4846,278,37.2736,138.3944,1.9579117301745688
4847,278,37.2272,138.3325,1.7817511602257106
4848,278,37.1842,138.3333,1.7917053058631205
4849,278,37.2203,138.4081,1.6108059924255331
4850,278,37.0494,138.2972,1.3898588915088643
4851,278,37.0786,138.3375,0.1679082142614238
4852,278,37.1219,138.3492,1.9587269554883264
4853,278,37.155,138.0944,1.5545083747076678
4854,278,37.6381,138.9589,0.6817896993434276
4855,278,37.3686,138.5619,1.8818169879029096
4857,278,37.1242,138.7586,1.4749504483232772
4858,278,37.5431,138.8886,0.5409838070570917
4859,278,37.585,138.9258,0.307138636231086
4860,278,37.545,138.8811,0.6413758701715948
4861,278,37.3908,138.7917,0.7466132073377375
4862,278,37.4906,138.7861,1.1104182785686574
4863,278,37.5378,138.8128,1.0304047052472876
4864,278,37.5728,138.7756,0.4066460031108881
4865,278,37.5278,138.7125,0.7479355094566464
4866,278,37.6417,138.7736,-1.5145134777367375
4867,278,37.3236,138.8931,0.5310651625552075
4868,278,37.2675,138.8644,1.602192820733991
4869,278,37.2408,138.9272,0.7095806932096301
4870,278,37.0367,138.8506,-1.1509547013786818
4871,278,37.1711,138.7483,1.6997429882177706
4872,278,37.2214,138.6419,1.3187032231315186
4873,278,37.3022,138.7122,1.2886951152296904
4874,278,37.4189,138.6258,3.117488409071723
4876,278,37.7414,139.1858,0.8584691790217047
4877,278,37.6881,138.8586,-0.6504275912594559
4878,278,37.6233,138.8428,-0.2938732964490473
4879,278,37.6828,138.8828,-0.4975679700939475
4880,278,37.4333,138.8417,0.7963423764650666
4881,278,37.31,138.795,2.078863397028105
4882,278,37.7583,138.8917,0.3754021872609971
4883,278,37.0617,138.8783,1.5117800742650036
4884,278,37.3033,137.1533,0.494972847373017
4885,278,37.5317,138.7095,0.8018089894879994
4886,278,37.103,138.163,0.4863556648896776
4887,278,37.39,136.8983,0.6034061167713484
4888,278,37.105,138.25,0.514613010399146
4889,278,36.7514,138.2389,2.576210625534264
4890,278,36.7642,138.255,2.789070445827546
4891,278,36.6992,138.0925,0.5655360325555531
4892,278,36.77,138.3276,1.5503650119561914
4893,278,37.425,138.5967,2.185274082537481
4894,278,37.4367,138.6017,1.8514719302257048
4895,278,37.4267,138.6083,2.5583835852401324
4900,278,35.2979,136.9153,-0.5121652800065378
4901,278,35.1979,137.2056,-0.2021838982570439
4902,278,35.0977,137.5697,-0.0379287861611863
4903,278,35.2161,137.4069,0.426123258622922
4904,278,35.2144,136.8539,-1.059134430643346
4905,278,35.1359,137.3389,0.2587841752861758
4906,278,35.1511,137.538,0.2650198029429856
4907,278,35.1808,137.7298,-0.3077167452946853
4908,278,39.883,140.0716,-0.4123786103412427
4909,278,39.8879,139.8466,0.0123163652460267
4910,278,39.8128,140.5803,-2.016344459534189
4911,278,39.6991,140.7181,-1.8551541287133688
4912,278,39.6069,140.3213,-0.9483786339115892
4913,278,39.595,140.5554,-1.916594130944188
4916,278,39.2975,140.5629,0.103846662750258
4917,278,39.1939,140.1902,-1.5336890180256515
4918,278,39.0384,140.451,-0.9556623587507576
4919,278,39.2022,139.9085,-0.4624998459227165
4921,278,39.1462,140.717,-0.9822489963839364
4922,278,39.8119,140.5825,-2.002107290387602
4923,278,39.6606,140.5756,-1.2151335778101082
4924,278,39.2194,140.1317,-0.1656143928735531
4926,278,38.9772,140.4986,-1.054003724128872
4927,278,39.9128,140.2256,-1.5967997312072435
4928,278,39.6857,140.411,-1.6158068683926134
4929,278,39.5422,140.3515,-0.4760379724401491
4930,278,39.5547,140.615,-1.4136303188986563
4931,278,39.3519,140.3903,-1.3855039262836175
4932,278,39.1883,140.4744,-1.2062718191104704
4933,278,35.9595,139.8733,1.8130188020607727
4934,278,35.7868,139.9031,1.493545658644036
4935,278,35.7943,140.0564,-0.8007677147619956
4936,278,35.9007,140.4905,1.4436259340018716
4937,278,35.7358,140.83,0.034487387778147
4938,278,35.7801,140.3067,0.9497818961031792
4939,278,35.7234,140.2267,-0.33268839389513
4942,278,35.7077,140.568,1.1481253164756025
4943,278,35.6021,140.5014,0.7971697793601827
4944,278,35.5727,140.3333,0.3218383345634806
4945,278,35.4327,140.2905,0.44170757918433
4949,278,35.2988,140.0755,-0.3489947328711927
4951,278,35.3083,139.8598,0.3927537728264504
4952,278,35.6335,140.0784,0.3083455848200577
4953,278,35.3872,140.237,0.328911376779594
4954,278,35.766,139.9665,-0.2269027352584728
4955,278,35.6947,139.9176,1.671180554979632
4956,278,35.7934,140.0238,0.699664812537745
4957,278,35.5425,140.245,0.7496652439577596
4958,278,35.2834,140.1562,1.4568775408817574
4959,278,35.8275,140.3013,0.7182173354573356
4960,278,35.7309,140.8263,0.6687904428526195
4961,278,35.1351,139.9681,0.6104443078450298
4962,278,35.5911,140.514,0.8432373633784107
4963,278,36.2161,136.1571,-1.0688914038163773
4965,278,35.9789,136.4865,-0.5720139497036647
4966,278,35.9053,136.6706,-0.8726522703067181
4967,278,36.0924,136.3646,0.1910060938517919
4969,278,37.7949,140.9196,-0.5232935846940773
4970,278,37.8449,140.6013,-0.8971429014662605
4971,278,37.7613,140.4799,-1.5814623393960323
4972,278,37.6799,140.7346,-1.3880586250212272
4973,278,37.6385,140.9849,-0.3735862355002294
4974,278,37.5031,140.7588,-1.1354297935457618
4975,278,37.4061,140.9632,-0.6370454761708683
4976,278,37.4363,140.5668,-1.3369426184835065
4977,278,37.2778,140.6349,-0.8474831045912402
4978,278,37.2342,141.0016,0.4757524930922669
4979,278,37.0911,140.9035,0.0111854488598432
4980,278,36.9069,140.7929,0.0612367115086499
4981,278,37.09,140.5563,-0.5560898705596135
4982,278,36.8683,140.43,-0.8929537793744805
4983,278,37.0217,140.3775,0.0068145199583982
4984,278,37.1228,140.1914,-0.2240993731894477
4985,278,37.2842,140.3689,-1.1636788191378324
4986,278,37.3961,140.3622,-0.9605134516085048
4987,278,37.603,140.4368,-0.793748073754662
4989,278,37.6535,139.8633,0.0561391680885094
4990,278,37.6002,139.6467,-0.893583338918865
4991,278,37.4774,139.9294,-0.4341328255001192
4992,278,37.3957,140.1325,-1.182254591955118
4993,278,37.3077,139.9,-0.7848219200644768
4994,278,37.266,139.5386,-0.5316158454997832
4995,278,37.07,139.6808,-0.1897706832866912
4996,278,37.3491,139.3144,-0.8985333305059514
4997,278,37.0159,139.3801,-0.6294856298970077
4998,278,37.453,139.5133,-0.7025235041192281
4999,278,37.3364,140.8132,-0.4654336612321257
5000,278,37.7535,139.7183,-1.6556627579637009
5001,278,37.7287,139.8855,-1.242175737640666
5002,278,37.4478,139.8159,-0.9315063588350032
5003,278,37.2513,139.8758,-0.6551372862123536
5004,278,37.1692,139.5231,-0.4103386966121994
5006,278,37.2792,140.2178,-0.7515317308090536
5007,278,37.35,140.4297,-0.7410563658108945
5008,278,37.1585,140.0963,-0.4873905697322576
5009,278,37.2139,140.5736,-0.9265629645541206
5010,278,36.9919,140.5886,-0.4881198360695373
5011,278,37.0233,140.9736,0.6325986657766567
5013,278,37.6606,140.6008,-1.3637186826230474
5014,278,37.4864,140.5414,-1.0245535634298395
5015,278,37.4672,140.7261,-1.4606427412314595
5016,278,37.4881,140.9906,-0.1367465852489847
5017,278,37.3392,139.3179,-1.3856709362608952
5018,278,36.2742,136.8978,-0.3946393436053377
5019,278,36.2734,137.0253,-0.4302803307754312
5020,278,36.3322,137.3014,-1.3341414973107495
5021,278,36.2492,137.5174,-0.9729610749910572
5022,278,36.1536,137.2514,-0.3884056021540149
5023,278,36.0333,136.9528,-0.453880374288749
5024,278,36.0378,137.4861,-0.29641891962554
5025,278,35.9515,137.26,-0.2908191301362202
5026,278,35.9219,136.8311,-1.224895180766029
5027,278,35.8029,137.245,-0.5683502620776076
5028,278,35.7593,136.9808,0.076038223414675
5029,278,35.6637,137.1617,-0.3798910245176875
5030,278,35.6576,137.4258,-0.391414624703372
5031,278,35.4887,137.5,-0.3074613702261227
5032,278,35.4495,137.4039,-0.2812878577204797
5033,278,35.4243,136.7553,-0.4662001087650878
5034,278,35.4426,137.0,-0.6761571446812026
5035,278,35.3882,137.2158,-0.6943638162946653
5036,278,35.3009,137.387,0.167243151650677
5037,278,36.2417,137.2013,-0.7834125968617401
5038,278,35.4147,136.4376,0.2671426928788206
5039,278,35.8291,136.9651,0.3218094690599679
5040,278,35.2736,136.7031,0.4073372385450184
5041,278,36.3749,137.3746,-0.767414611157113
5043,278,35.6001,136.4164,0.0100922518483873
5044,278,36.2712,136.9009,-0.6430299231911846
5045,278,36.2462,137.5204,-0.5931309809992529
5046,278,36.1306,137.2238,-0.4543347179728012
5048,278,35.9483,136.8762,-0.6452977406638756
5049,278,35.896,137.1525,0.2083839738625141
5050,278,36.0184,137.3936,0.0415666291657871
5055,278,35.5183,136.6156,-0.2595952074843289
5056,278,35.4089,136.8794,-0.226226892479214
5057,278,35.4495,137.007,-0.4340429584089262
5058,278,35.4539,137.4737,-0.2899106790674539
5059,278,36.7722,139.2248,0.3900826197080616
5060,278,36.7819,138.9695,-1.286422217908614
5061,278,36.6578,139.0784,0.2263530756977573
5062,278,36.6172,138.5918,-0.3196297993561408
5063,278,36.5133,138.5177,-0.2302716072741356
5064,278,36.5103,138.7523,-1.9451832300709733
5065,278,36.4619,139.0101,-0.4900123125808417
5066,278,36.3478,139.1368,-0.4686049161811271
5067,278,36.4106,139.3251,-0.5262703103834485
5068,278,36.2343,139.5331,0.571515151815912
5069,278,36.2914,139.3609,-0.1563564592519431
5070,278,36.3181,139.0176,-0.9086575373447
5071,278,36.35,138.7179,0.0039520162410456
5072,278,36.2287,138.7579,-0.6667740390057559
5073,278,36.1162,138.9251,-1.92759997423543
5074,278,36.3111,139.1879,-0.0224638151604969
5075,278,36.2409,139.5476,0.2428633291431109
5076,278,36.6967,139.2136,0.9582181320049185
5077,278,36.4886,138.5275,0.5907274230398367
5078,278,36.6181,138.91,-0.2061709063162287
5079,278,36.2325,138.7322,-0.538453990435659
5080,278,36.2831,138.9242,-0.4721585125135396
5081,278,36.1409,138.9161,-1.563698721607884
5082,278,36.8589,139.0659,-0.6957010918228254
5084,278,36.7761,140.3569,0.4620989946748658
5085,278,36.7061,140.7068,0.5057326931779093
5086,278,36.5915,140.6453,-0.2816004924536091
5087,278,36.5516,140.4102,-0.4829501131050424
5088,278,36.3851,140.2372,-0.6443291453216613
5089,278,36.369,140.4528,-0.802481105527188
5090,278,36.3523,140.5955,-0.5990193767063958
5091,278,36.3062,139.9828,1.1267483104874214
5092,278,36.1848,139.7037,1.8989071683169207
5093,278,36.1843,139.9653,1.182417490739922
5094,278,36.1251,140.0903,0.1496834718637034
5095,278,36.1901,140.2869,-0.2470101779432357
5096,278,36.1587,140.4892,-0.3866296357875724
5097,278,36.0729,140.1947,0.1331119719521579
5098,278,36.0693,139.908,0.7846787891134658
5099,278,35.9112,140.0494,0.8431137907196398
5100,278,35.9537,140.3194,0.7572078671914625
5101,278,35.977,140.6322,0.9567849600712964
5103,278,36.1156,140.5655,-0.2469240319423966
5104,278,36.4358,140.3592,-0.7564234725660077
5106,278,36.3669,140.1434,-0.2707784661410277
5107,278,36.8338,140.3215,-0.4233548738609817
5108,278,36.7924,140.5784,-0.2029338427421123
5110,278,36.5535,140.3046,-0.4608659451432372
5111,278,36.6374,140.4009,0.8552885203878237
5112,278,36.0832,140.3173,0.3188846915564291
5113,278,36.3599,140.6231,0.6963430770595052
5114,278,35.8252,140.7356,0.6702641551743407
5115,278,37.4999,137.1764,-0.4105893960706478
5117,278,37.3919,136.9083,-0.2864014717388192
5120,278,37.1602,136.6897,-1.2196637336271705
5122,278,36.8918,136.7783,0.8147270867634696
5123,278,36.7318,136.6989,-0.6072600585649717
5124,278,36.5419,136.6431,-0.4056349136799907
5126,278,36.3575,136.6045,-1.074036538557306
5127,278,36.1805,136.6247,-0.7796464986856094
5129,278,37.5236,137.2875,-0.7107899815791479
5131,278,37.3428,137.2467,-0.2835448429450886
5132,278,37.1872,136.7206,-1.202615189048384
5133,278,37.0503,136.8236,-0.6073052498078901
5134,278,36.5119,136.6386,0.4870387311743688
5135,278,36.735,136.7936,-0.0695886986220876
5136,278,36.2636,136.7197,-0.4989282086409412
5138,278,39.1454,141.152,-0.6411129836971036
5139,278,39.3209,141.1378,-1.0091612401440542
5140,278,39.318,140.7792,-0.6178118445542277
5141,278,39.5169,140.8301,-1.612218631051131
5142,278,39.1781,141.3944,-1.162263919555493
5143,278,38.8625,141.3547,-0.7290554660995808
5144,278,39.4531,141.0036,-0.9908216717074207
5145,278,39.195,141.0153,2.048560967238777
5146,278,39.0061,140.8667,-0.8945801704108954
5147,278,38.9661,141.0047,0.3237961630732433
5148,278,39.0278,141.5356,-0.3037523122989226
5151,278,35.2727,139.6579,0.0913998864480964
5152,278,35.1441,139.6218,-1.040776230871289
5153,278,35.3192,139.5462,0.4564550128911668
5154,278,35.4544,139.5387,-0.6114798990267015
5155,278,35.3385,139.4901,-0.5218662790152555
5157,278,35.3355,139.3504,0.094143091046703
5158,278,35.6154,139.1548,-0.4674264697079462
5159,278,35.3794,139.2048,-0.6565017578844533
5161,278,35.3608,139.0826,0.0580266645306732
5162,278,35.0966,139.3778,0.0191109557076744
5163,278,35.4959,139.5227,0.1337303107230206
5164,278,35.4007,139.3571,-0.1072768548358719
5165,278,35.414,139.0468,0.137892488105383
5166,278,35.3631,139.1291,0.4736133645302867
5168,278,35.3551,139.0942,-0.0538309860450641
5169,278,38.9015,141.5684,-0.550131572805926
5170,278,38.7992,140.6507,0.3685070844586142
5172,278,38.5769,141.4514,-1.3590347419997937
5173,278,38.4466,140.8874,0.1226092068264399
5174,278,38.4282,141.2809,0.0280258288466994
5175,278,38.3175,141.0193,-0.174773936271841
5176,278,38.2663,140.9293,0.4592720647485455
5177,278,38.3177,140.6357,-0.6100351241714084
5178,278,38.1049,140.8699,0.1180563184555588
5179,278,38.0085,140.621,-0.3792845437439392
5181,278,38.237,141.0003,-0.3700239422236737
5182,278,38.8558,140.6547,-1.4637618866332662
5185,278,38.5764,140.7839,0.4602995680109324
5186,278,38.5878,141.0744,0.2672542984811588
5187,278,38.1103,140.8475,-0.4213934334897971
5188,278,38.0061,140.6061,-0.179129642029648
5189,278,37.9381,140.8958,-0.3436529750747227
5191,278,38.6386,141.4463,-0.7945497803260981
5192,278,36.8514,138.366,0.5705524612287144
5193,278,36.8069,138.2069,1.5617523198817684
5194,278,36.7403,138.4129,-1.0145427629881556
5195,278,36.6486,138.1938,2.2859446654383007
5196,278,36.6981,137.8544,-0.2299181450256695
5197,278,36.5086,137.8507,1.6545524589711351
5198,278,36.5339,138.1191,0.8105044053315074
5199,278,36.4022,138.2491,-0.1226964008434579
5200,278,36.3378,137.8694,1.3616201516007185
5201,278,36.3281,138.4357,1.9425451405472125
5202,278,36.2564,138.2669,0.0724854337901445
5203,278,36.2564,137.9785,0.98492989931467
5205,278,36.0956,138.4844,-1.0802961797003163
5206,278,36.0454,138.1116,1.027302833919007
5207,278,35.9151,138.2421,0.864338550880865
5208,278,35.9748,137.8255,-0.2861691369298181
5209,278,35.8132,137.5295,-0.3923240720630289
5210,278,35.8562,137.7078,-0.2381639105600403
5211,278,35.8282,137.9532,-1.0279808729851496
5212,278,35.7304,137.9341,-0.9565280710130466
5213,278,35.6079,137.6125,0.1832810678613815
5214,278,35.5787,138.0338,-0.9586898714214512
5215,278,35.5232,137.8374,-0.5219435776296137
5216,278,35.2807,137.8567,-0.6919466702665773
5217,278,36.7403,138.3792,-0.711796865778587
5218,278,36.251,137.8622,0.935984665746937
5219,278,35.96,137.77,0.0006420752015083
5220,278,35.9125,138.3083,0.1095825046342819
5221,278,35.9664,138.4828,-1.087754283406745
5222,278,35.5111,137.8797,-1.1386440805628202
5223,278,35.3063,137.6292,-0.1118583233477763
5224,278,36.0056,137.9336,-0.1323814356887358
5225,278,35.9433,138.1879,0.2148313989599462
5226,278,36.1393,138.5535,-0.9402075353719246
5227,278,35.9292,137.598,-0.0403636845304454
5228,278,35.9703,138.5877,-1.050455305817088
5229,278,35.7839,137.7203,-0.223406484552453
5230,278,35.8283,137.9267,-0.3657358903165482
5232,278,35.6024,137.6135,0.1417138697845984
5233,278,35.612,137.8827,-0.4783018634969932
5234,278,35.2953,137.9298,-0.4774108017810539
5235,278,36.4632,138.1505,-0.6953642843829122
5236,278,36.5739,138.051,1.7575355346782746
5237,278,36.7044,138.0995,1.910702182904603
5238,278,36.9072,138.4439,0.4139685778305115
5239,278,36.0609,137.688,-0.541622906542658
5240,278,36.1153,137.9419,-0.4291743145712946
5241,278,36.2546,137.9929,0.759400822898231
5242,278,36.4567,137.9668,0.2584750704861266
5243,278,36.5296,137.8231,1.45888902983902
5244,278,36.3793,137.8231,0.3402975374198886
5245,278,36.3277,138.4999,-0.697773567413261
5246,278,38.2584,138.4337,-0.930626744877718
5247,278,38.0745,138.4398,-0.6639348523456106
5248,278,37.9976,138.3226,0.3112555769031657
5249,278,37.8205,138.2795,-0.9691940734053528
5250,278,37.9204,138.4981,-1.098415239286708
5251,278,38.4501,139.4961,-1.2975242820949473
5252,278,38.2301,139.4864,-0.7407338637090322
5253,278,38.053,139.4055,0.6180248663803495
5257,278,37.6863,139.4772,0.0509040043496961
5260,278,37.6935,139.1886,0.2340074142215818
5261,278,37.6421,138.7676,-1.631033719522314
5262,278,37.4416,138.8431,0.6910441287059387
5263,278,37.3724,138.5579,2.1850436765764085
5264,278,37.3057,138.7898,1.9872373245936783
5265,278,37.2332,138.962,-0.0938128793582702
5266,278,37.1281,138.7468,1.2336703846544308
5267,278,37.0364,138.8462,1.0833869357593713
5268,278,37.0147,138.6529,0.3857021776361241
5269,278,37.1268,138.444,1.0568750481879092
5271,278,37.0228,138.2507,0.9965066321767132
5272,278,37.0235,137.8624,0.4907175133099991
5273,278,37.4261,138.8862,-0.5269894216340324
5274,278,37.4242,138.8908,-0.2908892024251274
5275,278,38.2769,139.5519,0.1708908336423456
5276,278,38.1297,139.4322,1.5155027514599158
5277,278,38.1283,139.5461,-0.158140049703459
5278,278,37.9731,139.2819,1.516774318678069
5279,278,37.6497,139.0708,1.2443419652092458
5280,278,37.6628,139.2642,-1.5341318547132
5281,278,37.5356,139.1311,-1.1136315579514973
5282,278,37.5408,139.3681,-1.648420441409688
5283,278,37.1697,138.7472,1.6814285046317845
5284,278,37.2208,138.9853,-0.2247029360982553
5285,278,37.0514,138.3997,0.8706114231455464
5286,278,37.0272,138.8553,0.228601882795822
5287,278,37.0503,138.9983,0.4373893072240138
5288,278,36.9347,137.8511,-0.5263480149995472
5289,278,36.8539,138.0997,0.5301534498975103
5290,278,36.9394,138.2625,1.7120018135519388
5291,278,36.8083,138.7881,-1.05897002857461
5292,278,36.2428,139.1937,0.5439744230459743
5293,278,36.1476,139.3884,0.0337052088382324
5295,278,36.1179,139.1045,-0.7334010779517818
5296,278,36.0562,139.2626,0.4986001250655936
5297,278,35.9954,139.0709,-0.082155298042199
5298,278,36.054,139.3912,1.0378026666972828
5300,278,35.9034,139.4826,1.169012210583273
5303,278,35.8401,139.3215,-0.4126973503244175
5304,278,35.7965,139.4659,1.0054093557212045
5305,278,35.9954,138.801,-1.1335927248114408
5306,278,35.8958,139.3875,0.8317642262373395
5307,278,35.7996,139.5385,1.142500446461085
5308,278,36.1478,139.0536,-0.7587028792170045
5309,278,36.11,139.2926,1.3630825309299877
5310,278,35.9086,139.1517,-0.3081419121840569
5311,278,36.0243,138.9722,-1.3175138084475058
5313,278,35.9933,139.2223,-0.5995314942734955
5314,278,35.8605,139.2758,-0.4356261232389328
5315,278,35.096,138.8657,-0.3469244838830447
5316,278,35.1971,138.9127,0.03355410860627
5317,278,35.3091,138.9349,0.7332053907474979
5318,278,35.2128,138.6016,0.5266319904851482
5319,278,35.1271,138.6213,0.7271785821159716
5321,278,34.9649,138.3735,0.6638636242418067
5322,278,35.2435,138.3407,0.5459552386049348
5323,278,35.0969,138.1332,-0.6178255872096644
5324,278,35.0916,137.8136,-0.4994673846808781
5325,278,34.9816,137.8975,-0.0574839083194267
5326,278,34.9524,139.1378,-1.305416577063917
5327,278,35.3038,138.2003,0.1507700841221654
5328,278,35.2201,137.9212,-0.4217977228056863
5329,278,34.9365,138.0798,-0.054269535593242
5330,278,35.0053,137.8439,-0.2137401961966169
5331,278,35.0113,138.3557,0.4361727780066643
5332,278,35.1271,138.4273,0.3215802125356152
5334,278,34.9109,138.2038,0.882536079438299
5335,278,35.1995,138.569,0.4645799995667324
5336,278,35.0821,138.981,0.3637603495639193
5338,278,34.9706,138.4955,1.2282644447825668
5339,278,36.9417,140.0828,-0.0435445277966607
5340,278,36.99,139.8033,-1.080668942877559
5341,278,36.8144,139.7153,-0.6643388393549355
5342,278,36.8061,139.4204,-0.3789665056440499
5343,278,36.8061,139.9264,0.0875353451744057
5344,278,36.7639,140.1297,-0.4327282075991719
5345,278,36.5692,139.8861,-0.6294974482978732
5346,278,36.56,139.7675,-0.1124203383710504
5347,278,36.7258,139.7155,0.2395817296892947
5348,278,36.6347,139.4376,-0.7697066270427049
5349,278,36.3867,139.6145,0.8062480369770672
5350,278,36.2859,139.8047,0.2512605423252455
5351,278,36.4368,140.0225,0.2985753719931968
5352,278,36.545,140.1742,-0.1454013633924012
5353,278,36.4427,139.9541,0.9538881276527618
5354,278,36.8594,139.8397,0.6094068942148279
5355,278,36.8547,140.0258,0.5164378009930087
5356,278,36.7042,139.7733,-0.0237882298615702
5357,278,36.6928,139.9875,1.4311996169331709
5358,278,36.7311,140.1814,0.1791281682550932
5360,278,36.5564,139.8669,-0.4546055891469573
5361,278,36.5449,140.0784,0.2684876767771568
5363,278,35.8029,139.0956,-1.5754968262809788
5364,278,35.7304,139.1454,-1.2495872923906428
5365,278,35.7968,139.2912,-0.6187342344228105
5366,278,35.6282,139.4034,-1.312338059697785
5367,278,35.5782,139.4156,-1.158253114100818
5368,278,35.699,139.5029,0.4494078997874853
5369,278,35.7107,139.6859,1.4887028489686691
5370,278,35.6596,139.8343,1.2702265328504208
5371,278,35.689,139.8354,1.2832092086992974
5372,278,35.7313,139.8121,1.4116296362217946
5373,278,35.6485,139.799,1.3169166807058523
5374,278,35.6474,139.8093,1.753129213977177
5375,278,35.6551,139.8115,1.478415210733902
5376,278,35.6657,139.8087,1.478998776082214
5377,278,35.6876,139.8193,1.0521654854862286
5378,278,35.6874,139.7962,1.635052437331688
5379,278,35.7254,139.8249,1.475174503019688
5380,278,35.7401,139.8624,0.7312468636416011
5381,278,35.7138,139.8971,1.5565493806619617
5382,278,35.6704,139.8635,1.060178073048157
5383,278,35.6926,139.8912,1.3563905817494517
5384,278,35.6685,139.7893,2.077461454907504
5385,278,35.6081,139.8157,1.996320958919476
5386,278,35.6669,139.2682,-0.7376262661096669
5388,278,36.976,137.6257,0.1749884687365564
5390,278,36.8163,137.4192,0.7195636807187238
5391,278,36.8624,137.5274,0.3364836158761288
5392,278,36.7824,137.0803,1.3162121869255872
5393,278,36.6716,136.897,0.4081617345919345
5394,278,36.6686,137.2114,-0.0660154461309094
5395,278,36.6086,137.2831,-0.2417069985983297
5396,278,36.5864,137.1406,0.7720431495672452
5397,278,36.56,136.8872,0.0842755448545245
5398,278,36.5781,137.385,-1.2427270857998027
5399,278,36.4411,137.0353,-1.5322214193514383
5400,278,36.8836,136.9306,-0.5878046294860334
5401,278,36.7883,137.4719,-0.0588556885088672
5402,278,36.5706,136.9614,0.4651877965994189
5403,278,36.5681,137.1625,0.1466918588721052
5404,278,36.4375,137.0422,-0.7436482304680284
5406,278,35.6132,138.947,-0.707387706014098
5407,278,35.4648,138.813,-0.9426646399852994
5408,278,35.702,138.7266,-1.1379560514079785
5409,278,35.6548,138.5677,-1.1293389739292965
5410,278,35.4684,138.6069,-1.8623221352912391
5411,278,35.2791,138.4649,0.3708357579487945
5412,278,35.432,138.3321,0.1124003208623856
5413,278,35.4965,138.4627,0.7125221281597031
5414,278,35.7918,138.4096,-0.1079431741447533
5415,278,35.6382,138.3835,0.2891788738600142
5416,278,35.6863,138.7371,-1.0943832538279488
5419,278,35.6215,138.9808,-0.4387653014536588
5420,278,35.5591,138.4521,0.4937980276298733
5422,278,35.5082,138.9707,-0.6025042671739401
5423,278,35.5291,138.6076,0.035114552298916
5424,278,35.7389,138.5684,-0.4679858808108572
5426,278,38.7679,140.2957,1.0190718328015247
5427,278,38.7292,139.8013,-0.8277193531381133
5428,278,38.6276,139.5889,-1.2009697955958232
5429,278,38.607,140.1621,-0.2709865675443382
5431,278,38.4306,140.3907,0.1360731676600612
5432,278,38.3856,139.9921,-0.4085105624676056
5433,278,38.3898,140.2743,1.4310274981497113
5434,278,38.2604,140.3488,-1.0289215938930192
5435,278,38.1502,140.2674,0.0828087732703346
5436,278,38.1074,140.0428,-0.9020385877846534
5437,278,38.0621,139.7575,-0.6850603673436333
5438,278,37.9207,139.8697,0.0946606943723761
5440,278,38.7895,140.0185,-0.5570095232577762
5441,278,38.7909,140.313,1.018189807858031
5442,278,38.2664,140.2617,0.7263206283980674
5444,278,38.0783,140.3011,-0.8029333833689503
5445,278,37.9853,139.805,-0.5750904322783714
5446,278,37.9603,140.1869,-1.4063350422529712
5447,278,37.8931,140.0311,0.6116397866893635
5448,278,38.9672,140.0367,0.2324212628874867
5449,278,38.7469,140.1814,-0.4724484843882359
5450,278,38.7103,140.5578,-0.8364991451446379
5451,278,38.6328,140.0089,-0.5231563602603302
5452,278,38.4675,139.7639,-1.2783509553274943
5453,278,38.3831,139.995,-0.5116402937769605
5454,278,38.4228,140.1283,0.1415945998540881
5455,279,40.3279,140.7428,-0.5400213852465546
5456,279,40.2677,140.5659,-0.3766052482820833
5457,279,40.2782,140.2631,-0.3524874621784232
5458,279,40.3888,139.9827,-2.875334432356221
5459,279,40.2032,140.0288,0.0954538729367733
5460,279,40.2152,140.7873,-0.8060299220640856
5461,279,40.046,140.0813,0.0309398710369693
5462,279,39.883,140.0716,0.9237396804095254
5463,279,39.8879,139.8466,1.7496998473395775
5464,279,39.7225,140.1002,1.2844628382447107
5465,279,39.8128,140.5803,-0.3738423892868823
5466,279,39.6991,140.7181,-0.2805848849793095
5467,279,39.6069,140.3213,0.6125957132127858
5468,279,39.595,140.5554,0.4788667518471192
5471,279,39.2975,140.5629,1.017201463060151
5472,279,39.1939,140.1902,0.3314910447110225
5473,279,39.0384,140.451,-0.0062076259907059
5474,279,39.2022,139.9085,1.2441638257119874
5475,279,39.995,140.4031,-0.1649877373430694
5476,279,39.7739,140.6667,-0.0740358146195775
5477,279,39.1462,140.717,-0.5776724268436108
5478,279,39.8119,140.5825,-0.3747567634929047
5479,279,39.6606,140.5756,0.5953788813956723
5480,279,39.2194,140.1317,1.353915500474064
5481,279,39.1711,140.7164,-0.4205787850709482
5483,279,38.9772,140.4986,-1.3912669530234134
5484,279,40.4536,140.8431,-0.2704953693709327
5485,279,40.3161,140.2375,0.1195823075182784
5486,279,40.2728,140.4631,-0.8031221500089499
5487,279,40.2975,140.5847,-0.0874727186566642
5488,279,39.9128,140.2256,-0.0944720163159496
5489,279,40.0594,140.8119,-1.671849470374267
5490,279,39.6857,140.411,-0.5056339064858174
5491,279,39.5422,140.3515,1.2462017379631
5492,279,39.5547,140.615,-0.2055601879065534
5493,279,39.3519,140.3903,-0.0367789177165757
5494,279,39.1883,140.4744,0.1319585737090005
5495,279,41.5267,140.9244,-1.9538652306391824
5496,279,41.328,140.8132,-2.200250945396624
5497,279,41.4053,141.1691,-1.2445504685135318
5498,279,41.4087,141.4486,-1.2063661495859068
5499,279,41.2948,141.1972,0.3652024367207807
5500,279,41.1976,140.9972,-1.503093832621941
5501,279,41.2256,141.3958,-0.1185029120108345
5502,279,41.084,141.2552,0.0592238541076216
5503,279,40.9665,141.3733,0.1911347276675288
5504,279,40.8721,141.1416,0.1418362108392547
5505,279,40.6803,141.3669,3.593779229684106
5506,279,40.5138,141.4805,-0.9392177768513632
5507,279,40.4124,141.28,0.5724299753411314
5508,279,40.4371,140.9406,-0.8646327622983098
5509,279,40.4738,140.6306,-0.2743228855925044
5510,279,40.6018,140.499,0.0462988778603056
5511,279,40.6363,139.9284,-0.9275154978782448
5512,279,40.7782,140.1976,-0.252790334262042
5514,279,40.8193,140.7501,-0.3506561268942137
5515,279,40.6152,141.208,2.621230258442276
5516,279,40.9924,140.9155,-0.4608258032495217
5517,279,40.9676,140.4326,-0.5878736289622474
5519,279,41.1795,140.4801,-0.6657430269936377
5520,279,41.1281,140.3106,0.0182352824625785
5521,279,41.1453,140.8219,-0.4766333196923439
5522,279,40.7002,140.919,-1.1077132858523897
5523,279,40.5758,140.2965,-1.319921783420739
5524,279,41.5246,140.9163,-1.6595683315417804
5525,279,41.2313,140.9932,-1.6276176410209393
5526,279,40.8497,140.6794,0.8905454391431772
5527,279,40.8537,141.1069,0.2960638113865416
5528,279,40.9638,141.3774,0.2040471527334454
5529,279,40.7419,140.0272,-0.675873722010741
5530,279,40.7592,140.3156,0.8735148174075694
5531,279,40.6172,140.3533,0.8622545105508861
5532,279,40.6064,140.6681,0.0742037447011203
5533,279,40.5773,140.9986,-1.3212358466087977
5534,279,40.5819,141.1582,0.8353575822800409
5536,279,40.5461,140.2761,-0.9444796565580672
5537,279,40.4814,140.56,-0.83424611437647
5538,279,40.4597,141.0958,0.275597651555809
5539,279,40.4465,141.3409,-0.3280175566085674
5540,279,40.2934,141.018,-1.6089841732989256
5541,279,37.7949,140.9196,0.1094307772155285
5542,279,37.8449,140.6013,-0.0042861852386918
5543,279,37.7613,140.4799,0.3397182940516791
5544,279,37.6799,140.7346,-0.9469576364798324
5545,279,37.6385,140.9849,0.9526154780244596
5546,279,37.5031,140.7588,-0.8260696613092976
5547,279,37.4061,140.9632,-0.1132659512271553
5548,279,37.4363,140.5668,-0.6614698535276204
5549,279,37.2778,140.6349,-1.1566695130755835
5550,279,37.2342,141.0016,0.6785688326121134
5551,279,37.0911,140.9035,0.4714949269743953
5552,279,36.9069,140.7929,0.5450808033212488
5553,279,37.09,140.5563,-0.3121949061855376
5554,279,36.8683,140.43,-0.0446453450816135
5555,279,37.0217,140.3775,-0.2681900019527227
5556,279,37.1228,140.1914,0.313896596919188
5557,279,37.2842,140.3689,-0.6004133184704776
5558,279,37.3961,140.3622,-0.2542624421626047
5559,279,37.603,140.4368,-0.397285878711056
5561,279,37.6535,139.8633,1.6871178132431564
5562,279,37.6002,139.6467,0.7540427633964327
5563,279,37.4774,139.9294,-0.2123904534496867
5564,279,37.3957,140.1325,-0.1497529250655454
5565,279,37.3077,139.9,-1.068762700110639
5566,279,37.266,139.5386,0.2000991265013949
5567,279,37.3491,139.3144,0.1618567457378557
5568,279,37.453,139.5133,0.0852982492389145
5569,279,37.3364,140.8132,-0.2596408548798515
5570,279,37.7535,139.7183,0.2492423093595028
5571,279,37.7287,139.8855,0.7003333645408644
5572,279,37.6048,139.7566,1.5680101091080303
5573,279,37.4478,139.8159,1.1962661629642182
5574,279,37.2513,139.8758,-0.8773158870615164
5575,279,37.1692,139.5231,0.3387015853723731
5576,279,37.2792,140.2178,0.2215255486546425
5577,279,37.35,140.4297,-0.3256456331289655
5578,279,37.1585,140.0963,-0.217856715401345
5579,279,37.1976,140.342,0.342535374175472
5580,279,37.2139,140.5736,-1.019991545469927
5581,279,37.0233,140.9736,1.0790113800998749
5583,279,37.7613,140.38,0.2422254661615717
5584,279,37.6606,140.6008,-0.0762657375658937
5585,279,37.4864,140.5414,-0.4941728878122153
5586,279,37.4672,140.7261,-0.841139708836456
5587,279,37.4881,140.9906,1.0039360955365224
5588,279,37.3392,139.3179,-0.0597742971779296
5589,279,36.7722,139.2248,-0.5687006008066321
5590,279,36.6967,139.2136,-0.4712069877405858
5591,279,36.8589,139.0659,-0.7012151275286422
5592,279,41.7162,141.0025,-1.853923052045675
5594,279,41.4862,140.247,-1.4788546369547348
5595,279,41.4339,140.1115,-2.6087603087724114
5596,279,36.7761,140.3569,0.1699441218490188
5597,279,36.7061,140.7068,-0.4887289177541855
5598,279,36.5915,140.6453,-0.8567695214539139
5599,279,36.5516,140.4102,-1.0203778295832404
5600,279,36.3851,140.2372,-0.9008729416981482
5601,279,36.369,140.4528,-0.6878626852138365
5602,279,36.3523,140.5955,-2.046990549456372
5603,279,36.8338,140.3215,-0.2906376036341583
5604,279,36.7924,140.5784,-0.1622545185811576
5606,279,36.5535,140.3046,-0.8297787587399263
5607,279,36.6374,140.4009,-0.1536545289682035
5608,279,36.3599,140.6231,-0.8176518347070806
5609,279,40.4099,141.7191,-0.4049751790335259
5610,279,40.1819,141.7641,0.3075243124556351
5611,279,40.0083,141.8861,0.514839861364803
5612,279,39.7369,141.9697,0.6054135651252865
5613,279,39.6472,141.9464,0.412476830812004
5614,279,39.4806,141.9652,0.5409449859667657
5615,279,39.2701,141.8561,0.1412107352947247
5616,279,39.0187,141.4031,-1.0868090812062885
5618,279,39.1454,141.152,-1.1978276621640689
5619,279,39.3209,141.1378,-1.4369164277348796
5620,279,39.3367,141.5378,-0.1506876070465978
5621,279,39.4844,141.147,-1.5441625757769544
5622,279,39.318,140.7792,-0.5827900869104471
5623,279,39.5997,141.6789,-0.0959102575832879
5624,279,39.6336,141.4376,-0.614353020962448
5625,279,39.6953,141.1478,-1.0604588884715462
5626,279,39.8491,141.8034,-0.0051691481817203
5628,279,39.9203,141.082,-0.5938062733964165
5629,279,40.1011,141.0523,-0.3131420938726679
5630,279,40.0366,141.4502,-0.7563962634009014
5631,279,39.5169,140.8301,-1.1850432740040908
5632,279,40.2356,141.3458,-1.199649806197888
5633,279,39.8222,141.3861,-0.5361351498554894
5634,279,39.7992,141.6556,0.2644853305426862
5635,279,39.1781,141.3944,-0.4626203565011039
5636,279,38.8625,141.3547,-0.8626136913784708
5637,279,40.2583,141.1744,0.5439543625016771
5638,279,40.2678,141.5744,-0.4684761045382142
5639,279,40.2658,141.7867,0.371470501737924
5641,279,40.1364,140.9564,-1.0443724119436677
5642,279,40.0783,141.195,-0.3578835172916862
5643,279,40.1506,141.4281,-1.163275700058337
5644,279,39.9369,141.5528,-0.3005640855972746
5646,279,39.6119,141.0964,-0.4803322528535184
5647,279,39.6408,140.95,-0.4754587027367982
5650,279,39.4531,141.0036,-1.5186869133971197
5651,279,39.3406,141.0508,-1.2941715823279014
5652,279,39.4705,141.9372,0.5596406371284622
5653,279,39.3311,141.305,-0.6586745694248641
5655,279,39.195,141.0153,-0.5955611162559692
5656,279,39.0061,140.8667,0.0945637196715863
5657,279,38.9661,141.0047,-0.5987461681300488
5658,279,39.0278,141.5356,-0.6732577257254984
5659,279,38.9015,141.5684,-1.1029002478130836
5660,279,38.7262,141.5109,-0.5372821686571791
5661,279,38.7348,141.3106,-0.4208196944861072
5662,279,38.7292,141.0217,2.517601993362139
5663,279,38.7992,140.6507,0.9077753806671164
5666,279,38.5769,141.4514,0.4433249807799556
5667,279,38.4466,140.8874,1.2624087018806125
5668,279,38.4282,141.2809,1.073775784367276
5670,279,38.3175,141.0193,0.5433548630460878
5671,279,38.2663,140.9293,0.1021220265647234
5672,279,38.3177,140.6357,-0.1723208363987694
5673,279,38.1049,140.8699,0.4250808969473084
5674,279,38.0085,140.621,0.0023013145809508
5676,279,38.237,141.0003,0.1630001769782345
5677,279,38.8558,140.6547,-0.7207764970399756
5680,279,38.5878,141.0744,1.8724163736886523
5681,279,38.1103,140.8475,-0.1083563879803566
5682,279,38.0061,140.6061,0.3402733864673211
5683,279,37.9381,140.8958,0.4325606461183374
5685,279,38.6386,141.4463,0.2694697478225449
5686,279,38.2584,138.4337,-2.4876010568650746
5687,279,38.0745,138.4398,-1.19585574628388
5688,279,37.9976,138.3226,-0.8504413189497492
5689,279,37.8205,138.2795,-1.7916261968651834
5690,279,37.9204,138.4981,-1.9049485933371164
5691,279,38.4501,139.4961,-0.6115867022806007
5692,279,38.2301,139.4864,0.7734089239149321
5693,279,38.053,139.4055,1.79051585044397
5697,279,37.6863,139.4772,1.4003140261876743
5700,279,37.6935,139.1886,0.2803291282163277
5701,279,37.6421,138.7676,-0.7889765863449312
5702,279,37.4416,138.8431,1.1823895046490278
5703,279,37.3724,138.5579,1.038745927262832
5704,279,37.3057,138.7898,1.195561430088156
5705,279,37.2332,138.962,0.0491451718904648
5706,279,37.1281,138.7468,1.5537374647147872
5707,279,37.0364,138.8462,0.4164165848660299
5708,279,37.0147,138.6529,1.1068346373997002
5709,279,37.1268,138.444,0.9512593556619324
5710,279,37.4261,138.8862,0.0406324553824944
5711,279,37.4242,138.8908,0.168348889072406
5712,279,38.2769,139.5519,0.7646836785706207
5713,279,38.1283,139.5461,0.8302575020016058
5714,279,37.9731,139.2819,0.7272141686162794
5715,279,37.6497,139.0708,0.5770467256245979
5716,279,37.5356,139.1311,0.3345805961042206
5717,279,37.5408,139.3681,0.4565554174153466
5718,279,37.1697,138.7472,2.149712604002962
5719,279,37.2208,138.9853,-0.3097111471057968
5720,279,37.0272,138.8553,-0.6042628345194664
5721,279,37.0503,138.9983,0.0530710279317179
5722,279,36.9417,140.0828,-0.6828426469434472
5723,279,36.99,139.8033,-0.5609865132984941
5724,279,36.8144,139.7153,-0.8901701799192658
5725,279,36.8061,139.4204,-0.2812667942219298
5726,279,36.8061,139.9264,1.0184931965672432
5727,279,36.7639,140.1297,-0.5849853031281126
5728,279,36.5692,139.8861,-0.5886182909233227
5729,279,36.56,139.7675,-0.8166280483364388
5730,279,36.7258,139.7155,-0.6508420145359741
5731,279,36.6347,139.4376,-0.5019781904092266
5732,279,36.4368,140.0225,-0.4542210292409028
5733,279,36.545,140.1742,-0.8035417565509251
5734,279,36.4427,139.9541,0.2515461776959719
5735,279,36.8594,139.8397,0.3639520946388612
5736,279,36.8547,140.0258,0.0964571629736685
5737,279,36.6928,139.9875,1.089918670206575
5738,279,36.7311,140.1814,0.2267505769250666
5740,279,36.5564,139.8669,-0.5825395500616661
5741,279,36.5449,140.0784,0.17544352528003
5744,279,38.7679,140.2957,0.7975960914615237
5745,279,38.7292,139.8013,-1.1697109436394588
5746,279,38.6276,139.5889,-1.0145677533512272
5747,279,38.607,140.1621,0.1333020714631073
5749,279,38.4306,140.3907,0.92762484340873
5750,279,38.3856,139.9921,1.0968901492612857
5751,279,38.3898,140.2743,3.411792103982941
5752,279,38.2604,140.3488,0.6534303688341987
5753,279,38.1502,140.2674,0.1111754788561794
5754,279,38.1074,140.0428,0.5566870851928025
5755,279,38.0621,139.7575,0.3633563898754013
5756,279,37.9207,139.8697,2.1013148300882896
5758,279,38.7895,140.0185,-0.1224824958109056
5759,279,38.7909,140.313,0.4329960099759191
5760,279,38.2664,140.2617,2.6452621041001008
5762,279,38.0783,140.3011,-1.168004235300799
5763,279,37.9853,139.805,0.8601774682839979
5764,279,37.9603,140.1869,-0.6590694645472233
5765,279,37.8931,140.0311,1.589000522178578
5766,279,38.9672,140.0367,0.5023982421870373
5767,279,38.7469,140.1814,0.47310378989133
5768,279,38.6328,140.0089,-0.0593792254028983
5769,279,38.4675,139.7639,-0.4811593109734989
5770,279,38.3831,139.995,1.0072533140638875
5771,279,38.4228,140.1283,1.080547014473734
5772,279,38.4647,140.8833,1.365953418193994
5773,279,38.5689,140.8589,2.6783794762051416
5774,279,38.5747,140.7836,1.367400092670638
5775,279,38.6122,140.7619,-1.4133822021845786
5776,279,38.5461,140.8533,2.2681476243921903
5777,279,38.5117,141.0631,2.8772543780847406
5778,279,38.5175,140.9428,2.3149143988408576
5779,279,38.6494,140.8803,1.65588225440095
5780,279,38.5411,141.0603,0.6876522471144976
5781,279,38.485,141.1389,2.166579653864863
5782,279,38.6533,141.0718,2.0139420695655685
5783,279,38.6892,141.1914,1.548319142308047
5785,279,38.6617,141.1625,3.39814894376474
5786,279,38.5067,141.1972,1.92008058645902
5787,279,38.1681,140.8953,0.0803708410833374
5788,279,38.0947,140.6619,0.8614595320694307
5789,279,38.0461,140.7339,0.2312287675029184
5790,279,38.175,140.6469,1.0990806874909522
5791,279,38.3269,140.9844,0.3080090203500425
5792,279,38.2722,140.8722,-1.4652629890725326
5793,279,38.2411,140.9175,-0.3619861809795565
5794,279,38.3342,140.8894,0.6686864869054421
5795,279,39.3108,140.5697,0.3806060324976503
5797,279,39.4586,140.5097,0.3375191946573776
5798,279,39.4575,140.5844,-0.3724407117999427
5799,279,39.1983,140.5481,0.8705163538865486
5800,279,39.2603,140.4925,2.0579068243586063
5801,279,39.3394,140.4375,-0.0401142050964664
5803,279,39.275,140.6242,0.2711520625220656
5806,279,39.0578,140.4506,-0.0504672587672052
5810,279,37.8764,140.9194,0.2813952307557461
5811,279,39.29,141.1133,-1.6768609883036407
5812,279,39.1267,141.1417,-0.5451502413602503
5813,279,38.5717,140.96,3.5865370113659085
5814,279,39.1469,140.5756,-0.3786025616557348
5815,279,38.5367,141.1317,2.3312144386596936
5816,279,38.7067,141.2383,-1.7049210611522412
5817,279,38.8233,140.9933,0.8684480459558239
5818,279,38.9518,141.2198,-1.914290592505968
5819,279,38.3655,140.664,-1.508873162871906
5820,279,38.135,140.9311,0.0656939380370434
5821,279,38.2583,140.9,-1.8127825312202448
5822,280,32.484,-115.24,-0.535272721255343
5823,280,31.8683,-116.6642,-0.4447478888842225
5824,280,32.4,-115.24,-0.902154082571188
5825,280,31.615,-115.882,-1.9054266908094395
5826,280,32.464,-115.316,-1.3338317274100868
5827,280,32.0203,-116.3012,-0.7320362051795429
5828,280,32.1656,-114.9612,-1.4046621157527843
5829,280,32.116,-115.8407,-1.8454647197891632
5830,280,32.4222,-115.1303,-0.6081022372809011
5831,280,32.5495,-115.2357,0.4492356855391581
5832,280,31.69,-116.19,-1.457552085212949
5833,280,31.398,-115.714,-1.6939436612932055
5834,280,32.739,-114.636,-2.984387942603477
5836,280,32.78,-115.567,-0.5892718200417195
5838,280,32.813,-116.975,-0.6098568450557553
5839,280,32.84,-116.974,-0.5259421240874347
5840,280,32.838,-116.775,-0.8792639589061373
5841,280,32.942,-116.276,1.2651990890704932
5842,280,32.749,-117.242,0.5510995562456743
5843,280,32.71,-117.158,1.3567617997787105
5844,280,32.73,-117.169,1.000409147204911
5845,280,32.702,-117.12,1.1873029406644706
5846,280,32.735,-117.08,-0.1929016233431776
5847,280,32.795,-117.255,0.6295377725187256
5848,280,32.822,-117.175,0.1236531193100793
5849,280,32.71,-117.007,-0.8372316336965936
5850,280,32.754,-117.097,0.1593755134367075
5851,280,32.915,-117.142,-0.2391640653987049
5852,280,32.877,-117.227,0.302323437147878
5853,280,32.954,-117.042,-0.0025595282509768
5854,280,32.754,-117.164,0.4723088335467604
5855,280,33.61,-114.715,-0.2396790300312706
5856,280,33.239,-115.512,0.0125880119464969
5857,280,33.511,-115.92,0.8834142272939546
5858,280,33.037,-115.623,0.071438255221389
5859,280,33.421,-115.831,0.1512235924189702
5860,280,33.564,-115.987,0.4485940672311054
5861,280,33.397,-115.776,0.1775728291021298
5862,280,33.28,-115.984,-1.3237019579750624
5863,280,33.398,-115.657,-1.2624569897751026
5864,280,33.829,-116.512,-0.498612421099858
5865,280,33.678,-116.178,-0.2985021957489343
5866,280,33.482,-116.911,0.7580150357179912
5867,280,33.787,-116.959,2.632074731068536
5868,280,33.815,-116.461,-0.0056164145244059
5869,280,33.747,-116.715,-0.5644198595824322
5870,280,33.962,-116.509,-0.449761999273654
5871,280,33.605,-116.938,-0.1836186400827281
5872,280,33.76,-116.96,1.1163297414466895
5873,280,33.851,-116.852,0.4271657015866411
5874,280,33.748,-116.966,0.8897096589423347
5876,280,33.729,-116.979,0.5855952842241493
5877,280,33.715,-116.221,-0.512162723045897
5878,280,33.787,-116.958,2.6369898181670712
5879,280,33.706,-116.235,-0.8619048740172708
5880,280,33.93,-116.972,1.7810746989891948
5881,280,33.744,-116.931,1.182860596691212
5882,280,33.671,-116.3,-2.688549411937782
5883,280,33.758,-116.374,-1.6050717902086835
5884,280,33.787,-116.41,-1.7501051007297648
5885,280,33.723,-116.338,-2.270402963844895
5886,280,33.786,-117.809,-0.9876412267956918
5887,280,33.863,-117.742,0.8461334617520595
5888,280,33.768,-117.85,-1.1056697156505355
5889,280,33.485,-117.669,-0.797733936094189
5890,280,33.917,-117.443,0.4528020602293718
5891,280,33.968,-117.252,0.0094463188952321
5892,280,33.565,-117.264,0.0007016611550059
5893,280,33.751,-117.015,0.5470591148458277
5894,280,33.818,-117.133,0.2998574123789174
5895,280,33.699,-117.267,0.4541113759790079
5896,280,33.604,-117.279,0.9487869659911627
5897,280,33.884,-117.514,0.7783584848319115
5898,280,33.876,-117.593,-0.1559265950272983
5899,280,33.875,-117.636,0.0704045255470587
5900,280,33.951,-117.446,0.1549940286075069
5901,280,33.054,-117.245,0.1153678957358485
5902,280,33.144,-117.165,-0.3673689340665321
5903,280,33.634,-117.902,-0.8769363427982302
5904,280,33.99,-117.718,-0.0826986943875776
5905,280,33.496,-117.149,0.6391193495103547
5906,280,33.662,-117.997,-0.3118465582251933
5908,280,33.913,-117.196,0.3182708788447672
5910,280,33.201,-117.331,0.2465435168661242
5911,280,33.856,-117.541,0.9369359530074162
5912,280,33.8556,-117.54,0.9475637180199336
5913,280,33.466,-117.666,-0.6862735701662747
5914,280,33.854,-117.817,0.7833015148237733
5915,280,33.777,-117.834,-1.1665872906416588
5916,280,33.604,-117.906,-1.036720726888006
5917,280,33.605,-117.89,-1.2756224752984875
5918,280,33.853,-117.857,0.4763972119794232
5919,280,33.766,-117.918,-0.5289902100464073
5920,280,33.757,-117.956,-0.7267775368615395
5921,280,33.676,-117.963,-0.2478700848656332
5922,280,33.819,-117.85,0.15838461229094
5923,280,33.748,-117.844,-1.1295840566407216
5924,280,33.742,-117.894,-0.6138191343446981
5925,280,33.716,-117.904,-0.7737254538667209
5926,280,33.7,-117.88,-1.2464967439689492
5927,280,33.785,-117.89,-0.8179167068254167
5928,280,33.789,-117.922,-0.3252032772918287
5929,280,33.919,-117.488,0.5850555253739381
5930,280,33.951,-117.388,0.1457982892497671
5931,280,33.979,-117.344,0.1793401448599311
5932,280,33.975,-117.486,0.4383376766737598
5933,280,33.669,-117.332,1.153498276472444
5934,280,33.748,-117.127,0.1472754142294294
5935,280,33.902,-117.234,0.1533192688371081
5936,280,33.921,-117.173,0.3571609795861606
5937,280,33.787,-117.23,-0.1352301836778479
5938,280,33.649,-117.205,0.6046870601833426
5939,280,33.715,-117.191,0.392672243769291
5940,280,34.133,-114.372,-1.19877966779104
5941,280,34.155,-116.504,-1.051827545959375
5942,280,34.13,-116.314,-0.4620338981271156
5943,280,34.241,-116.872,-0.4318035788828794
5944,280,34.122,-116.416,-0.385869105711863
5945,280,34.046,-117.035,1.1082795963768255
5946,280,34.033,-117.312,0.1523634735660981
5947,280,34.014,-117.511,0.5292501956114276
5948,280,34.026,-117.155,1.6842229630347378
5949,280,34.074,-117.183,1.5061054593178411
5950,280,34.066,-117.214,1.3883615553376594
5951,280,34.065,-117.289,1.4061734144727265
5952,280,34.065,-117.292,1.4043510684525728
5953,280,34.064,-117.296,1.1700994510304494
5954,280,34.163,-117.332,0.7707389387924759
5955,280,34.096,-117.287,1.4745220569022683
5956,280,34.064,-117.294,1.2100672234015426
5957,280,34.133,-117.253,0.9069856441442132
5958,280,34.135,-117.322,1.1020606603151002
5959,280,34.069,-117.398,0.0014617362388263
5960,280,34.004,-117.058,2.05983032371358
5961,280,33.5558,-116.674,0.5331173407626648
5962,280,33.6022,-116.756,0.3843408817344124
5963,280,33.921,-116.981,1.4087972607876524
5965,280,34.069,-116.39,-0.7411330219196484
5967,280,33.365,-115.73,0.1413459284532313
5968,280,32.69305,-115.33819,-1.2012304003683798
5969,280,33.268,-116.417,-0.0212969161196586
5970,280,33.19373,-116.3289,0.6318619184772226
5971,280,32.991,-115.513,-1.054174454302477
5972,280,33.91761,-116.78329,0.2119809885731252
5973,280,33.51237,-116.80035,0.7158272607463426
5974,280,32.6695,-115.493,0.2483756672970266
5975,280,33.1266,-115.516,0.9770279689481816
5976,280,33.38215,-116.68976,0.3350322717577173
5977,280,33.999,-117.68,-0.5107858670949449
5978,280,34.093,-117.317,1.0690782526706308
5979,280,34.058,-117.305,0.5332409965282936
5980,280,33.876,-117.561,0.7963980799345519
5981,280,33.655,-115.99,-0.7179648901555562
5982,280,34.1663,-117.251,1.1810424894448113
5983,280,33.65,-117.009,-0.2293825838969367
5984,280,32.796,-115.535,-1.058873346076932
5985,280,33.567,-116.631,0.6685985261085157
5986,280,32.999,-116.942,-0.1871553854780669
5987,280,32.805,-115.447,0.1705520353742981
5989,280,32.829,-115.504,-0.9837214567709872
5990,280,32.7806,-115.5681,-0.797692711341968
5991,280,32.75172,-115.59516,-0.5584782279376908
5993,280,34.094,-116.936,-0.1637866647670172
5994,280,34.1,-117.439,0.0352849158244728
5995,280,34.10521,-117.28264,1.1187717668482993
5996,280,34.14,-117.294,1.1398862989218166
5997,280,34.103,-117.349,0.2415350920640479
5998,280,34.091,-117.289,1.4167740556832116
5999,280,34.069,-117.275,1.5780087244310506
6000,280,33.925,-116.389,-1.3315378917259857
6001,280,33.051,-114.827,-1.0821594458486723
6002,280,33.708,-115.628,-0.4796897432946932
6003,280,34.121,-117.219,1.3737096160297315
6004,280,32.81141,-115.3786,0.3408684481141472
6005,280,33.6159,-116.621,-0.1052721428102071
6006,280,33.74624,-116.2163,-0.4177377905171345
6007,280,33.081,-116.598,0.3553795563121902
6009,280,33.597,-117.879,-1.19911919681477
6010,280,34.12288,-117.28792,1.0096359789381362
6011,280,33.684,-117.943,-0.4712009720784829
6012,280,32.8,-115.473,-0.0002274015941215
6013,280,33.572,-116.076,0.4839367285940437
6014,280,33.818,-116.369,-0.5097498825107729
6015,280,34.005,-117.562,0.5953195228176109
6016,280,34.05034,-117.27737,1.198628594347338
6017,280,34.04856,-116.57816,-0.3960456496020801
6018,280,34.039,-116.648,-0.5486998436221262
6019,280,33.808,-116.968,2.547546423793785
6020,280,33.57783,-116.58987,0.0407521080948948
6021,280,33.6,-117.195,0.8489285822997075
6022,280,33.58282,-117.07169,0.6300214939866149
6023,280,33.92474,-116.54794,-0.4842838920641351
6024,280,33.556,-115.946,-0.2006988090332712
6025,280,33.1983,-117.3782,1.2311768243490795
6026,280,33.15569,-116.1679,0.1090084572260138
6027,280,33.788,-117.844,-0.6623344722692214
6028,280,32.608,-116.93,-1.101614521917092
6029,280,33.862,-117.205,0.2511596876181697
6030,280,33.607,-116.453,-0.7817145240741068
6032,280,33.824,-116.55,-1.0650522346410274
6033,280,34.00469,-117.22393,0.3912813316846583
6034,280,33.973,-117.327,0.1619540635503488
6035,280,33.183,-115.623,-0.7846723939703946
6036,280,32.87514,-117.22977,0.4143360028459403
6037,280,33.82177,-116.96836,1.3922505831872514
6038,280,34.232,-117.235,1.4109859199901795
6039,280,33.553,-117.662,-0.4945170534960496
6041,280,34.14492,-117.21876,1.3868230677792022
6042,280,33.91677,-116.38979,-1.237698039385884
6043,280,33.485,-115.866,-0.5449872840959886
6044,280,33.834,-116.797,0.1929942565128249
6045,280,34.035,-116.808,-0.1119513768332455
6046,280,33.829,-117.789,0.1821435753434432
6047,280,33.664,-117.769,-2.3702385309363265
6048,280,34.106,-117.098,1.0932724392592112
6049,280,33.81663,-116.3945,-0.8461694786261377
6051,280,34.0869,-117.3114,1.1767163134874796
6052,280,34.205,-117.365,0.496975130369792
6053,280,33.84447,-116.31079,-0.3018408292458556
6054,280,33.941,-116.409,-1.2366758742773605
6055,280,34.079,-117.045,0.978113488293414
8159,280,32.864,-115.432,0.3889007788733601
8160,280,32.718,-115.637,-0.0666427993264326
8161,280,33.6758,-116.68,-2.53701948829756
8162,280,31.871,-115.816,-2.6305400403150183
8488,280,33.787,-118.356,0.1974261303458385
8489,280,34.077,-118.286,0.9073077448162672
8491,280,33.1774,-115.616,-1.2993635373676409
8493,280,34.07618,-118.3959,-0.2799551237595413
8494,280,34.04905,-116.94032,-2.6761473319953013
8495,280,33.63461,-116.09534,-4.108104774295056
8496,280,34.55046,-117.43391,2.0498026358236423
8500,280,32.68005,-116.67215,-1.0580031987423175
8501,280,34.2623,-116.92075,-0.4672296686752282
8504,280,34.23883,-117.65853,0.1806521669412894
8505,280,33.99053,-118.36171,1.7368274948202342
8506,280,33.80776,-117.98116,0.1909391167329331
8507,280,33.01213,-115.21987,-0.0051437201108871
8509,280,34.13678,-118.12199,0.9724717844299972
8513,280,33.4019,-118.41502,-1.3164604301574545
8515,280,34.63745,-115.38115,-0.8493032162216742
8516,280,34.25353,-118.33383,-0.902619447950468
8517,280,34.10618,-118.45505,-0.3319000803495453
8518,280,33.84822,-118.09624,1.104990842625248
8521,280,33.11675,-115.82267,-0.5953479990126941
8523,280,33.71264,-118.29381,-0.6130112441612566
8524,280,33.8717,-117.92251,1.3880627577495528
8528,280,34.13677,-118.1283,0.935666419379763
8530,280,34.8294,-116.335,-0.420136740288615
8531,280,34.17643,-118.35967,-0.1565264878554222
8534,280,34.36622,-116.61266,-1.0932916630849072
8535,280,34.15037,-118.10156,0.8022405964978271
8536,280,33.86889,-118.33143,1.9366301061729632
8537,280,33.798,-118.08837,-0.0825541310807037
8538,280,34.00033,-118.37794,1.4525277378897268
8540,280,35.13066,-115.18416,-1.3686476193502468
8544,280,33.9753,-118.14918,0.8064036701439824
8547,280,34.31478,-117.54642,-0.0421026617700391
8548,280,33.881,-118.176,1.7780575796396587
8551,280,34.13688,-118.12601,1.042599131551666
8553,280,33.74,-118.335,-4.075239791274304
8560,280,34.22362,-118.05832,0.3518213560353894
8561,280,34.78035,-116.55798,-0.8398239956115632
8562,280,34.76759,-114.61881,-1.2797143145434673
8565,280,33.94539,-117.92372,0.764072202090846
8569,280,33.96273,-118.43702,1.969584871444938
8570,280,34.1207,-117.63808,0.920441489543502
8571,280,33.892,-117.1613,2.7723341375424138
8572,280,33.7953,-117.60906,1.264178342556112
8574,280,34.09181,-117.80709,1.1085813546407728
8578,280,34.10473,-117.97956,1.1010348170892463
8579,280,33.74346,-118.40412,-1.5251585614855283
8580,280,34.87533,-116.99684,-0.6150921092718953
8581,280,34.05073,-118.08085,0.7526410603855652
8582,280,33.99351,-117.37545,0.0081100108782906
8586,280,32.915,-118.4879,-0.5263886578730332
8592,280,34.01438,-118.45617,1.019808910825425
8596,280,32.94508,-115.79988,-1.416400893215729
8597,280,34.38203,-117.67822,0.3811511010870605
8601,280,34.01919,-118.28631,0.6394585537415545
8602,280,34.48364,-118.11783,-0.340598851394099
8605,280,32.75904,-115.73161,6.058167420062408e-05
8607,280,34.00948,-117.95077,1.2645288139554156
8610,280,33.94869,-118.25547,1.2592488167386553
6878,281,-43.9041,171.7474,0.2542130936452187
6881,281,-42.5257,171.4077,-0.1417736149200661
6885,281,-43.4848,172.5299,1.6090824116668134
6886,281,-43.531,172.6197,0.2971938433899482
6887,281,-43.5395,172.6464,0.3513184683245767
6888,281,-43.5355,172.6261,0.4757000086643868
6889,281,-43.5673,172.6241,-0.7474988531479768
6890,281,-43.2282,171.7234,0.3869508849267338
6892,281,-43.4913,172.102,0.9446048276442948
6894,281,-45.9038,170.4929,-1.5183371775600014
6895,281,-43.8984,172.0937,-0.1392502642597421
6896,281,-43.6692,172.1978,1.1984202865251683
6897,281,-41.7467,171.8045,-0.6844112566240005
6898,281,-45.2327,169.3082,-0.8602555473474169
6900,281,-44.1019,170.8285,-0.8368502354288657
6901,281,-43.4649,170.0197,-0.1003393614584711
6902,281,-43.3908,170.1841,-0.2794191187963255
6904,281,-43.5338,169.8154,0.0623359578133701
6905,281,-43.588,172.0893,0.3180600754464176
6906,281,-42.4509,171.2102,-0.2837551337963473
6907,281,-43.1506,170.556,0.0464900212528252
6908,281,-43.8847,169.0441,-1.1942184612737774
6909,281,-42.7186,170.9638,0.09921791111325
6910,281,-43.5413,171.9598,0.5087308711882071
6912,281,-42.5249,172.8304,1.891281132541871
6914,281,-43.5798,172.7094,0.4559875574816815
6921,281,-42.8934,171.1355,-0.7013447734051187
6923,281,-44.3872,170.1843,-0.2981305253113411
6926,281,-43.6248,172.4679,0.6176631195340939
6927,281,-43.6056,172.7223,0.8734026299810976
6928,281,-43.7163,169.423,-0.421583362531795
6930,281,-42.7834,172.2709,0.6947752638195293
6933,281,-43.7365,170.0972,-0.4453697126533847
6934,281,-44.2321,169.2329,0.3168199417351889
6936,281,-42.0897,173.2573,0.5091880892399816
6938,281,-41.1264,173.0094,-0.8532671156181719
6942,281,-41.2188,173.3793,1.4312554375828843
6943,281,-43.9993,168.6605,-0.8996177082187593
6944,281,-45.1014,170.969,-1.2494391470999535
6945,281,-45.0456,170.6445,-1.3219531425675433
6946,281,-45.886,170.5977,-1.904488058077836
6947,281,-43.3259,172.0383,0.1341808393471
6951,281,-43.4945,172.6068,1.5554895103706363
6952,281,-43.527,172.7017,0.6436005851408322
6955,281,-41.2813,174.023,-0.3530238150021211
6957,281,-42.1214,171.8643,-0.1190163277419014
6959,281,-43.5362,172.5644,1.0358810265555531
6960,281,-43.7531,172.023,-1.037654837128804
6961,281,-43.5945,172.381,0.1479888243858235
6962,281,-43.7192,171.0539,-0.2447435770346448
6964,281,-43.8104,172.2523,1.1303800476695671
6965,281,-43.5053,172.6634,1.0861976355024223
6966,281,-42.3356,172.1808,0.0059850614675951
6967,281,-45.9002,170.5096,-1.9506117139342003
6968,281,-43.4675,172.6139,1.6875734567356124
6970,281,-43.3396,171.9288,-0.7234545969971542
6974,281,-43.5517,172.4718,1.3177078883584812
6975,281,-44.4045,171.2444,1.1959671932364846
6978,281,-44.2565,170.0982,-0.794704420250772
6979,281,-42.9648,172.7051,0.7789885303885228
6980,281,-41.7574,171.5997,-1.826881931515572
6983,281,-44.8287,169.0175,-0.505083361426761
6986,281,-44.6963,169.1429,0.1600402108997913
6988,281,-43.0731,170.737,-0.6958509782683474
6989,281,-41.622,173.3508,0.300724425147538
6990,281,-43.0764,170.7361,-0.5693144251448767
6991,281,-42.8712,172.5432,0.3761961960788232
8055,346,-43.9041,171.7474,-0.425399690563049
8056,346,-43.1564,172.7308,1.5382562580998569
8057,346,-42.9506,171.5676,-1.404620098030923
8059,346,-43.2761,172.5958,1.315049302381999
8061,346,-43.4848,172.5299,0.4157647416782406
8062,346,-43.531,172.6197,-0.1728102302755583
8063,346,-43.5395,172.6464,-0.4819806997285712
8064,346,-42.8152,173.2747,-0.0482087946528384
8065,346,-43.5355,172.6261,-0.2348707991644577
8066,346,-43.5673,172.6241,-1.744508408351677
8067,346,-43.2282,171.7234,0.2963893099959607
8068,346,-43.3139,172.3812,0.2081982875566503
8070,346,-43.4913,172.102,-0.1284456582386972
8073,346,-43.8984,172.0937,0.8219924925936977
8074,346,-43.6692,172.1978,1.5232513162545265
8075,346,-41.7467,171.8045,-0.3557807100943021
8080,346,-43.3908,170.1841,-1.7361555718824435
8081,346,-43.5338,169.8154,-0.7466488513209428
8082,346,-42.5959,172.5109,0.8494898880392853
8083,346,-42.4509,171.2102,-0.1908848064745173
8085,346,-43.1506,170.556,-0.4809535404532765
8087,346,-42.7186,170.9638,-0.4747101819928195
8089,346,-43.5016,172.7022,1.2428250007402757
8090,346,-42.5249,172.8304,-0.0284725459965925
8091,346,-42.7284,171.4727,-0.4732601044358349
8093,346,-41.2511,172.1163,0.9061629057774976
8096,346,-42.8934,171.1355,-0.8322602812601465
8097,346,-43.3215,171.8549,-0.3429723834405872
8098,346,-43.3781,172.6636,1.5246547923012388
8099,346,-44.3872,170.1843,-1.138714432756036
8101,346,-43.6248,172.4679,0.9131791984358046
8104,346,-42.7834,172.2709,0.1581464484357413
8106,346,-41.8016,172.3279,0.3751272765987843
8109,346,-43.7077,172.6536,0.0729612534492652
8111,346,-41.2188,173.3793,0.4959457137915221
8112,346,-45.1014,170.969,-1.6300568127999948
8113,346,-45.0456,170.6445,-1.9565495439568688
8114,346,-43.3259,172.0383,-0.0672702597575123
8115,346,-43.9253,171.2366,-0.4478533588209116
8117,346,-43.4945,172.6068,0.9180215429996336
8118,346,-43.527,172.7017,0.4191232700869263
8123,346,-43.5362,172.5644,0.4285119828068786
8124,346,-43.7531,172.023,0.1797143575620744
8125,346,-43.5945,172.381,1.0207457584425714
8126,346,-43.8104,172.2523,1.4211798081157423
8127,346,-42.9403,172.9215,0.7005705158670498
8128,346,-43.3928,172.0256,-0.6856386660429821
8129,346,-43.5053,172.6634,0.7118222749193175
8132,346,-43.6751,172.3175,0.7945380597884824
8133,346,-43.4675,172.6139,1.1027507344682403
8135,346,-43.3711,172.4952,0.8925073552088596
8141,346,-43.5517,172.4718,1.126837258137033
8142,346,-44.4045,171.2444,0.4165739238279026
8146,346,-42.9648,172.7051,0.645205824940747
8147,346,-41.7574,171.5997,-0.8090339202133453
8148,346,-41.2858,174.768,-0.3063528323125454
8150,346,-42.7029,172.8002,-0.2204211558600927
8155,346,-43.0731,170.737,-1.559592584680588
8156,346,-43.5798,172.7094,-0.2046976092212944
8157,346,-43.6056,172.7223,0.935051968220302
8158,346,-43.3396,171.9288,-0.5006557429184606
8612,1001,38.233,-122.636,0.3419396689876005
8614,1001,37.77737,-122.39689,-1.392942033838977
8615,1001,37.75094,-122.49072,-0.0765805446503556
8618,1001,37.40701,-122.0946,-1.499649575339221
8627,1001,37.59094,-122.36741,-0.8032139612029838
8632,1001,37.39415,-122.06041,-0.8300363298579977
8643,1001,37.81076,-122.29252,-0.3746258753313214
8645,1001,37.7986,-122.2684,-0.3639932225216872
8647,1001,37.41395,-121.87085,-1.4906795294539077
8648,1001,37.6806,-121.92098,-0.2644751183746459
8651,1001,38.29027,-122.46125,-0.3516626406619186
8655,1001,38.4421,-122.6068,-0.5677507127367649
8663,1001,37.94215,-121.93047,-0.146613166039326
8666,1001,37.66666,-121.85715,0.1302778374950347
8667,1001,36.88311,-121.3908,1.4316835416722236
8681,1001,38.34526,-122.4584,0.2058044349500773
8688,1001,37.31861,-122.15314,-0.4317209807282653
8709,1001,37.65909,-118.97907,-0.4112702946228421
8711,1001,38.43951,-122.25272,-0.4574699693572302
8713,1001,38.26021,-122.55179,0.8911771273422316
8718,1001,38.28043,-122.21582,0.1370142913439513
8723,1001,38.04248,-122.79684,-0.0565459875482562
8730,1001,38.38921,-122.66297,0.9444540391575388
8732,1001,35.73065,-120.24986,2.417614174439102
8734,1001,35.86661,-120.4796,2.9819731876175863
8735,1001,35.82404,-121.05393,1.2125123938383962
8737,1001,36.2159,-120.80126,2.6511732527955227
20118,1001,39.65471,-122.71595,-0.2268530314646816
20119,1001,38.99349,-123.07234,-0.1486193573849352
20121,1001,39.55451,-121.50036,-1.139870115877169
20122,1001,35.945,-120.542,1.0307444921794595
20123,1001,37.81647,-122.06302,0.414152078578741
20124,1001,37.25898,-121.67311,1.3621837615188586
20125,1001,37.72416,-122.11929,0.3191702364667857
20126,1001,37.12043,-122.1552,-0.9396316550483252
20127,1001,37.51704,-122.37731,-0.9979134726675388
20128,1001,37.67433,-122.39855,-1.1159056448736262
20139,1001,39.68631,-123.58242,-1.0952480506585294
20150,1001,38.65651,-122.61441,-0.4863105954214871
20154,1001,34.9022,-120.6217,0.7567517228623928
8759,1002,35.1269,-118.83009,1.1390383939581523
8760,1002,35.34444,-119.10445,1.0449977904609635
8768,1002,34.069,-116.39,-1.5506584798533345
8815,1002,34.28085,-118.9049,0.7419492682864008
8879,1002,33.787,-116.959,2.695934386210124
8880,1002,33.744,-116.931,1.1547725220674565
8882,1002,33.854,-117.817,-0.7953458584542813
8883,1002,33.933,-117.896,-1.173362443242913
8884,1002,33.932,-117.955,-1.534859222860064
8885,1002,33.927,-117.803,-0.7579977693425793
8886,1002,33.748,-117.844,-0.384117016398791
8887,1002,33.869,-118.368,-0.0848590339275451
8888,1002,33.876,-118.24,-0.5858800762216874
8889,1002,33.84,-118.194,-0.2259685397923654
8890,1002,33.787,-118.356,-0.0092972288730185
8891,1002,33.818,-118.108,0.0969345424952187
8892,1002,33.873,-118.175,-0.063624863892606
8893,1002,33.909,-118.315,1.0567696901870829
8894,1002,34.134,-117.598,0.8595599893678331
8895,1002,34.132,-117.911,0.0038763640030603
8896,1002,34.096,-117.906,0.3170711216647933
8897,1002,34.425,-117.544,1.2643339913165723
8898,1002,34.405,-117.313,0.916547437620103
8899,1002,34.1,-117.434,-0.1309802135187306
8900,1002,34.154,-118.463,-0.5720263870766849
8903,1002,34.185,-118.623,0.6896565572667537
8904,1002,34.096,-118.23,-1.468341473696203
8905,1002,34.041,-118.348,-0.5103857278662992
8907,1002,34.037,-118.263,-0.8337805261545299
8908,1002,34.077,-118.286,0.4431957165853729
8909,1002,34.03,-118.434,-0.1506763096639841
8911,1002,34.1,-118.288,0.4597576713377718
8912,1002,34.051,-118.384,-0.0454826879346118
8913,1002,34.222,-119.04,-0.1713658191119241
8914,1002,34.208,-119.079,0.3753085873436296
8915,1002,34.217,-119.153,-0.000123376682794
8916,1002,34.57806,-118.11401,0.4905998688019977
8917,1002,34.6172,-118.285,0.1870516845184199
8918,1002,34.4435,-117.853,-0.0136808776848749
8920,1002,34.193,-117.427,-0.1744240347992001
8921,1002,34.04856,-116.57816,-0.7083592943004567
8925,1002,34.052,-118.451,-0.3627276513780408
8931,1002,33.896,-118.377,0.0815356220665262
8932,1002,33.572,-116.076,-0.1634511833884166
8934,1002,34.36,-117.629,0.3431810273986805
8935,1002,33.59967,-117.866,-1.059056714439118
8936,1002,33.65829,-117.93174,-0.0276188862509522
8942,1002,34.14492,-117.21876,-0.2023323010597569
8943,1002,34.14,-117.294,0.5710758517669317
8946,1002,34.12288,-117.28792,0.2535612207898167
8948,1002,33.83066,-118.32888,-0.4076625492577684
8949,1002,34.812,-118.945,1.5251709677571372
8951,1002,34.1851,-118.447,0.5453704983096535
8952,1002,34.3088,-118.448,0.1913115847194857
8953,1002,34.193,-118.51,0.0704802098742889
8954,1002,34.2772,-118.56,0.8507513295348379
8955,1002,34.28963,-118.50124,0.3481329813171812
8956,1002,34.24734,-118.60349,0.5131479299766498
8957,1002,33.90386,-118.24532,-0.0931872658891541
8959,1002,34.2186,-118.86804,-0.8923528723033171
8964,1002,34.24892,-118.4789,0.6229584581382621
8965,1002,34.063,-118.463,-1.0234677281091604
8966,1002,33.91175,-117.82041,0.0021373845749484
8968,1002,34.049,-118.112,0.0293485750478972
8970,1002,34.09671,-118.47946,-0.9406505358278252
8974,1003,33.3527,-115.733,0.1067991370454754
8979,1003,35.1269,-118.83009,0.7550260192435274
8994,1003,34.10521,-117.28264,1.6778624050428608
9000,1003,34.093,-117.317,1.437957441968039
9001,1003,33.876,-117.561,0.5568531266565353
9002,1003,33.655,-115.99,-0.4402228717069631
9006,1003,34.10618,-118.45505,-0.8832051563835237
9008,1003,33.567,-116.631,1.0173775177831257
9010,1003,32.805,-115.447,0.3191690651145312
9014,1003,33.11675,-115.82267,0.2840822611091951
9015,1003,33.71264,-118.29381,-0.315802756038018
9017,1003,33.8717,-117.92251,0.620383848816442
9018,1003,33.051,-114.827,-0.9306137239648375
9022,1003,34.8294,-116.335,-0.1933653791386589
9027,1003,34.31076,-118.49675,0.102087883026532
9030,1003,35.98249,-117.80885,-0.4077445842950615
9033,1003,33.597,-117.879,-1.4359691477713197
9035,1003,33.86889,-118.33143,1.6236312671337
9037,1003,34.00033,-118.37794,0.0410218148046547
9043,1003,33.684,-117.943,-1.014758576167209
9046,1003,34.3656,-117.36683,0.4133129326787583
9048,1003,35.36165,-118.92282,2.86807851548804
9050,1003,33.818,-116.369,0.6408767131810075
9052,1003,34.28085,-118.9049,-0.5218753093566144
9053,1003,36.05799,-117.48901,-0.8711094579471912
9055,1003,33.808,-116.968,2.410080172500752
9060,1003,33.556,-115.946,-0.5106292531328288
9066,1003,34.44199,-118.58215,-0.139866595084245
9076,1003,34.281,-118.478,-0.5285717152764089
9077,1003,34.10473,-117.97956,-0.0628524639254486
9078,1003,33.74346,-118.40412,-0.7352422560824922
9085,1003,33.70432,-117.88578,-1.3406466175802747
9095,1003,34.43692,-119.1375,-0.7049767446860062
9096,1003,35.8996,-116.27515,-0.2689848826402569
9097,1003,35.89095,-117.28332,-0.6729008358802916
9100,1003,34.01438,-118.45617,0.3723932237353449
9104,1003,33.829,-117.789,-0.4027002246826528
9107,1003,32.94508,-115.79988,-0.3474096943663764
9109,1003,34.38203,-117.67822,0.3611185088797828
9119,1003,32.75904,-115.73161,-0.0773577879853358
9122,1003,34.1717,-118.64971,-0.6751165333111026
9146,1006,34.397,-118.918,1.2099088219450012
9148,1006,33.63838,-116.4011,-0.4532946808977149
9149,1006,34.68708,-118.29946,-0.5089209969960569
9150,1006,35.1269,-118.83009,0.6743458375216828
9151,1006,35.34444,-119.10445,2.902116686480294
9155,1006,33.57508,-117.26119,-0.6038510057617905
9158,1006,34.23883,-117.65853,-0.6424820132454466
9160,1006,34.069,-116.39,0.4640353947135954
9162,1006,33.80776,-117.98116,-0.2600963531297912
9164,1006,33.38822,-117.19495,-1.4800668276787436
9165,1006,35.52495,-117.36453,1.447048413525634
9166,1006,36.5504,-117.80295,0.903146094986854
9168,1006,33.999,-117.68,-1.089158305017042
9169,1006,33.4019,-118.41502,-1.3946129484976175
9177,1006,33.93597,-116.57794,1.3256814984802192
9178,1006,33.65,-117.009,-0.8545102663322843
9180,1006,33.84822,-118.09624,-0.3185950883657381
9181,1006,33.567,-116.631,0.8759730876612766
9189,1006,34.72832,-119.98803,-0.5620538757237946
9190,1006,33.71264,-118.29381,-0.6632307981288863
9193,1006,33.1537,-117.22921,-1.9688823358382608
9194,1006,36.99608,-117.36621,0.0284096174479361
9195,1006,34.13677,-118.1283,-0.01271387042998
9197,1006,34.8294,-116.335,1.145292241241254
9198,1006,34.17643,-118.35967,-1.6698234228066906
9201,1006,35.66278,-118.47403,0.4361252904793319
9203,1006,35.98249,-117.80885,0.4477747639633007
9205,1006,34.36622,-116.61266,0.4444481744562508
9206,1006,33.86889,-118.33143,0.5319717587421338
9207,1006,34.00033,-118.37794,-0.0351880543478631
9208,1006,34.73551,-120.27996,-0.2701008190314368
9210,1006,34.9906,-118.34156,-0.8740984103990965
9211,1006,34.61462,-118.29104,-1.0972420408320287
9212,1006,34.30529,-118.48805,-0.9407978344469446
9213,1006,33.9753,-118.14918,-0.5513870589875188
9215,1006,34.80762,-118.86775,0.8078266664520283
9217,1006,33.684,-117.943,-0.6424672213928981
9218,1006,34.93439,-117.69629,0.5996166976233194
9219,1006,35.47954,-117.68212,0.2610168312476636
9220,1006,33.881,-118.176,-0.6062271941179888
9222,1006,35.36165,-118.92282,2.55253068375053
9224,1006,33.818,-116.369,1.042879554860055
9227,1006,34.005,-117.562,-0.4691872530357157
9228,1006,34.28085,-118.9049,0.2819296418531724
9229,1006,36.05799,-117.48901,-0.5889694126786128
9230,1006,34.88848,-119.81362,-0.2282323445570558
9231,1006,33.808,-116.968,2.6184531848822847
9233,1006,34.22362,-118.05832,-0.4866663651361008
9234,1006,34.78035,-116.55798,0.7699455067567517
9236,1006,34.53412,-120.17737,-1.9905314193708887
9238,1006,33.94539,-117.92372,-0.6390885893461131
9240,1006,34.6145,-118.7235,0.0498938690572096
9242,1006,34.44199,-118.58215,0.3401929860856627
9244,1006,33.96273,-118.43702,0.5247224477960872
9245,1006,34.1207,-117.63808,-0.6316659635378218
9246,1006,33.862,-117.205,-0.5642258203520435
9250,1006,33.82436,-116.51195,0.8683427470391677
9251,1006,33.354,-116.863,-0.2464240180429335
9256,1006,33.63,-116.8478,-0.8267307521290621
9257,1006,34.10473,-117.97956,-0.4928711170323818
9259,1006,34.87533,-116.99684,1.6336369626759562
9261,1006,34.05073,-118.08085,-0.2343379534327314
9266,1006,34.44076,-119.71492,-0.9136880341370034
9268,1006,34.232,-117.235,1.01709173967317
9270,1006,33.553,-117.662,-0.6427919455288146
9271,1006,34.56547,-120.50137,-0.3480958874208669
9275,1006,35.89095,-117.28332,0.6750543926774497
9277,1006,35.3142,-119.99581,-0.0770067779478882
9279,1006,34.27091,-118.74407,-0.5483172624293223
9281,1006,34.05933,-118.64614,0.7933793313089484
9282,1006,36.1355,-118.81099,-0.1831398285587253
9283,1006,33.829,-117.789,-1.2493313873810228
9284,1006,34.30302,-119.18676,0.5305089352896436
9285,1006,33.664,-117.769,-2.061169792813035
9286,1006,33.79033,-118.19878,0.3938312380975908
9288,1006,34.52775,-119.97834,-0.6848778715223608
9291,1006,35.14592,-119.41946,3.007546929257308
9292,1006,33.63495,-116.16402,1.4747225361846183
9293,1006,37.05422,-118.23009,1.2978132515210794
9294,1006,34.15607,-118.82039,-0.5885240897455652
9296,1006,34.01919,-118.28631,-0.603195518668328
9298,1006,35.84089,-119.08469,1.262172838922677
9299,1006,34.56065,-117.3296,0.2823426004859218
9300,1006,35.53664,-118.14035,-0.0988485070873606
9304,1006,34.51085,-119.27407,-1.906616480188826
9305,1006,34.00948,-117.95077,0.4496448993068486
9306,1006,33.94869,-118.25547,-0.6204751586104643
9307,1007,34.224,-117.331,-0.5769426635794656
9309,1007,34.07,-118.346,0.4815889166345661
9310,1007,34.084,-118.6,-0.842370749976918
9311,1007,34.1949,-118.354,-0.2910692738467652
9319,1007,33.921,-116.981,1.469350695674817
9326,1007,33.268,-116.417,-1.2602479473893282
9328,1007,34.68224,-118.57398,0.387037534524307
9331,1007,34.10521,-117.28264,0.1850767187193011
9333,1007,33.999,-117.68,-1.0455584077301148
9335,1007,34.093,-117.317,1.2418142992369166
9336,1007,33.876,-117.561,1.165016305849312
9338,1007,34.25353,-118.33383,-0.0939772641231193
9341,1007,33.84822,-118.09624,0.1018698343298513
9345,1007,32.65915,-116.10061,-0.1975729865667911
9348,1007,33.71264,-118.29381,0.0086256531497868
9349,1007,34.1,-117.439,0.32362723666594
9350,1007,33.8717,-117.92251,0.1938884091743118
9351,1007,33.1537,-117.22921,-1.3236421640797011
9352,1007,34.13677,-118.1283,1.1604550734443972
9353,1007,35.30177,-116.80574,-0.644404757019318
9354,1007,34.8294,-116.335,-0.2322374245414223
9355,1007,34.17643,-118.35967,-0.9539477516799646
9356,1007,34.121,-117.219,-0.2662678209611791
9358,1007,35.66278,-118.47403,-1.0271417095795778
9359,1007,34.31076,-118.49675,1.0133866508854763
9363,1007,34.15037,-118.10156,0.8043300116150937
9365,1007,34.9906,-118.34156,0.6019551278304788
9366,1007,34.61462,-118.29104,0.5458183895440017
9367,1007,33.9753,-118.14918,-1.04429582424019
9368,1007,34.10819,-119.06587,-2.8201201299516416
9369,1007,33.684,-117.943,0.0883507311326541
9370,1007,34.93439,-117.69629,-0.1180171973002722
9371,1007,35.47954,-117.68212,0.1368070678180747
9372,1007,33.881,-118.176,1.1645918546059912
9373,1007,34.3656,-117.36683,0.4849990669880754
9376,1007,34.005,-117.562,1.3987974062076671
9378,1007,33.808,-116.968,1.237922852848267
9379,1007,34.22362,-118.05832,0.7787736267966987
9380,1007,33.788,-117.844,0.1456097156038988
9381,1007,33.94539,-117.92372,-0.0831034775955877
9382,1007,32.608,-116.93,-1.220023622113827
9383,1007,34.6145,-118.7235,-0.6084990232015172
9384,1007,34.1484,-118.1711,-0.0479235205621317
9385,1007,33.96273,-118.43702,-0.0773384657635658
9386,1007,34.1207,-117.63808,0.2015643495111207
9390,1007,33.7953,-117.60906,0.9893030481586989
9391,1007,34.39558,-118.49837,0.1883018521218338
9393,1007,34.281,-118.478,-0.4347471448416238
9394,1007,34.10473,-117.97956,0.1787040299344862
9395,1007,33.74346,-118.40412,-0.2417821729875481
9396,1007,34.87533,-116.99684,0.7351459059482605
9397,1007,33.973,-117.327,1.915952104153202
9400,1007,33.2801,-115.98585,-0.3838159318948633
9401,1007,33.70432,-117.88578,-0.3152316320624917
9403,1007,34.232,-117.235,0.3205435377405835
9404,1007,33.99543,-119.6351,-1.5389602633983257
9405,1007,33.553,-117.662,0.07916215150948
9406,1007,32.784,-117.13805,-0.0094353632785037
9408,1007,35.89095,-117.28332,0.3259212387986959
9409,1007,33.834,-116.797,-0.0977888741980248
9410,1007,34.01438,-118.45617,0.3671781467176945
9411,1007,32.841,-117.248,0.6759904623151264
9412,1007,34.05933,-118.64614,-0.200095181557162
9413,1007,33.829,-117.789,-0.625672592049698
9414,1007,34.30302,-119.18676,0.1511220337060917
9415,1007,32.94508,-115.79988,-0.6755788825288228
9416,1007,34.38203,-117.67822,-0.4781014784601093
9418,1007,33.63495,-116.16402,-0.2234149940107233
9419,1007,34.15607,-118.82039,-1.559531937075498
9421,1007,34.01919,-118.28631,-0.9234050767513416
9422,1007,34.48364,-118.11783,1.2053675980101626
9423,1007,34.56065,-117.3296,0.392411864257412
9424,1007,35.53664,-118.14035,-0.3560273583224135
9425,1007,34.00948,-117.95077,0.902908365334688
9426,1007,34.1717,-118.64971,0.3484908110853655
9427,1007,33.94869,-118.25547,0.8291215561308668
9487,1011,33.71264,-118.29381,0.5423468436755484
9492,1011,33.86889,-118.33143,0.7325315180578582
9508,1011,33.744,-116.931,2.076648463831177
9521,1011,33.933,-117.896,-0.2671639420465824
9522,1011,33.604,-117.906,-0.0384078374094168
9524,1011,33.889,-117.886,0.1893111978186404
9531,1011,33.791,-117.968,-0.3778195036212615
9532,1011,33.676,-117.963,0.6753166226699692
9537,1011,33.789,-117.922,0.6703363675277273
9546,1011,33.785,-118.173,1.4517544734989432
9552,1011,33.889,-118.047,-0.5012669122412612
9557,1011,33.991,-118.121,-0.4536104955374248
9558,1011,33.976,-118.354,0.3599959376982712
9559,1011,33.834,-118.356,-0.642981918959043
9561,1011,33.876,-118.24,-0.0990103819607145
9562,1011,33.999,-118.178,0.7905824734456918
9563,1011,33.819,-118.159,1.448220954313788
9565,1011,33.931,-118.214,-1.0416394718458113
9566,1011,33.948,-118.184,1.390405683458651
9567,1011,33.888,-118.409,0.4579213204966108
9568,1011,33.924,-118.167,0.8533189048875565
9570,1011,33.929,-118.26,-0.2100287480112816
9572,1011,33.952,-118.335,0.1904529337310776
9574,1011,33.962,-118.378,-0.689843049333133
9575,1011,33.92,-118.24,-0.2506143705816978
9576,1011,33.993,-118.342,-0.0176542475726735
9580,1011,33.976,-118.208,0.8225129161814866
9586,1011,33.969,-118.149,0.832291906972771
9587,1011,33.79,-118.296,0.5998320414898249
9588,1011,33.811,-118.276,-0.3111443929545436
9590,1011,33.806,-118.163,0.4424256359567856
9593,1011,33.763,-118.168,1.3065411223194876
9594,1011,33.873,-118.175,-0.6665507097980091
9607,1011,34.031,-118.208,-0.0265829464436858
9609,1011,34.009,-118.361,-0.6549856618880942
9610,1011,34.055,-118.251,0.3702831377795384
9618,1011,34.041,-118.348,-1.1964366061371006
9619,1011,34.06,-118.448,-1.0344937430174292
9620,1011,34.037,-118.263,-0.8387646331875266
9621,1011,34.058,-118.252,0.3059836368911115
9624,1011,34.07,-118.346,-0.7935169037646855
9625,1011,34.024,-118.284,-1.642370659103468
9626,1011,34.03,-118.434,-1.4644468776114354
9630,1011,34.021,-118.325,-1.1765177313410575
9635,1011,33.896,-118.377,0.2646499237219405
9645,1011,33.83066,-118.32888,-0.5085423269332833
9650,1011,33.90386,-118.24532,0.2814239826279673
9651,1012,34.07,-118.346,-0.0816607399591192
9652,1012,34.155,-118.641,-0.8283306977312798
9654,1012,34.55046,-117.43391,1.1179146295947586
9656,1012,34.68708,-118.29946,0.2949489103975564
9657,1012,35.1269,-118.83009,0.7600555484309595
9658,1012,35.34444,-119.10445,2.9421580304033856
9660,1012,34.2623,-116.92075,0.3230594806027057
9661,1012,33.921,-116.981,0.9217216882475264
9665,1012,34.23883,-117.65853,-1.068039544607008
9667,1012,34.069,-116.39,-0.9187629075408316
9670,1012,33.80776,-117.98116,-0.1355999646333623
9672,1012,34.68224,-118.57398,1.3760695079885208
9673,1012,33.4915,-116.667,-1.2702188430553762
9674,1012,34.13678,-118.12199,1.308721344475785
9675,1012,33.38822,-117.19495,-2.140111465892616
9676,1012,35.52495,-117.36453,0.5249376673563214
9677,1012,36.5504,-117.80295,-0.5189074814397402
9679,1012,33.999,-117.68,-0.4577414077664561
9680,1012,33.4019,-118.41502,-0.8674441249798619
9682,1012,34.093,-117.317,1.5571709081973075
9686,1012,36.43988,-118.08016,-0.5530636386798015
9688,1012,34.25353,-118.33383,-1.2643375903619272
9689,1012,33.93597,-116.57794,1.0366674219277052
9690,1012,33.65,-117.009,-0.9642520624004424
9691,1012,34.10618,-118.45505,0.2700500059837813
9692,1012,33.84822,-118.09624,0.2542916960182462
9693,1012,33.567,-116.631,1.0879697646917867
9694,1012,32.999,-116.942,-1.869037063087775
9701,1012,34.72832,-119.98803,-1.078927252315814
9702,1012,33.71264,-118.29381,0.8518262954697624
9703,1012,36.46719,-116.86322,0.5939777166129503
9705,1012,33.1537,-117.22921,-1.1891330537956573
9706,1012,36.99608,-117.36621,-0.0219668446222374
9707,1012,34.13677,-118.1283,1.3756478491748152
9708,1012,35.30177,-116.80574,-0.5815661922697796
9709,1012,34.8294,-116.335,0.0131072114319602
9712,1012,35.66278,-118.47403,-1.813777698499576
9713,1012,34.31076,-118.49675,-0.3183768667901835
9716,1012,35.98249,-117.80885,0.3238576805282824
9718,1012,34.36622,-116.61266,-0.1817653836877089
9720,1012,33.86889,-118.33143,0.5791991527630171
9721,1012,34.00033,-118.37794,0.3659191537766353
9722,1012,34.73551,-120.27996,-0.8761080052702438
9724,1012,34.9906,-118.34156,-0.7618043809604139
9726,1012,34.30529,-118.48805,-0.7363135751866787
9727,1012,33.9753,-118.14918,-0.3729183452598421
9728,1012,34.10819,-119.06587,-1.2773643590192725
9729,1012,34.80762,-118.86775,0.8716840878194819
9730,1012,33.684,-117.943,-0.1247486375486165
9731,1012,35.47954,-117.68212,-0.30256901241583
9732,1012,33.881,-118.176,1.3265504632166043
9733,1012,34.3656,-117.36683,0.8156974458986984
9734,1012,33.3516,-116.5615,-0.0772477507568669
9735,1012,35.36165,-118.92282,1.2682489960327417
9737,1012,33.818,-116.369,0.6773896142420611
9739,1012,34.13688,-118.12601,4.04517548534671
9740,1012,37.63019,-118.83605,1.1421011955428488
9741,1012,34.005,-117.562,-0.0630241304184195
9742,1012,34.28085,-118.9049,0.8003587613341254
9743,1012,36.05799,-117.48901,-0.9072984613473444
9744,1012,34.88848,-119.81362,-0.2271718587482311
9745,1012,33.808,-116.968,2.2173022483217024
9747,1012,34.22362,-118.05832,0.1822446568483823
9748,1012,34.78035,-116.55798,-0.3255466022159549
9749,1012,34.53412,-120.17737,-0.5377698576126865
9750,1012,34.22869,-118.55829,0.7160016545086819
9751,1012,33.788,-117.844,0.0141276849250927
9752,1012,33.94539,-117.92372,-0.0023074989106283
9754,1012,34.6145,-118.7235,0.0839846308801923
9755,1012,34.1484,-118.1711,-0.4503360768385191
9756,1012,34.44199,-118.58215,-0.0102837225055621
9758,1012,33.96273,-118.43702,1.0475948197331062
9759,1012,34.1207,-117.63808,0.4909721761982202
9760,1012,33.862,-117.205,-0.8068324332048613
9762,1012,35.40773,-120.54556,-1.1339379964131775
9763,1012,35.945,-120.542,-0.8193529827201862
9764,1012,33.354,-116.863,-1.1014644955184167
9765,1012,33.7953,-117.60906,0.2021833496146165
9766,1012,33.824,-116.55,-0.48766002981558
9767,1012,34.39558,-118.49837,0.0777143830186227
9768,1012,36.30523,-119.24384,-0.0298983599891821
9769,1012,33.63,-116.8478,-1.0603281315217574
9770,1012,34.281,-118.478,-0.6572987987583688
9771,1012,34.10473,-117.97956,0.653767515634074
9772,1012,33.74346,-118.40412,1.2153930554098995
9773,1012,34.87533,-116.99684,0.6510031694675943
9774,1012,33.97327,-117.32674,0.6136236467547506
9775,1012,34.05073,-118.08085,-0.264709738246237
9776,1012,33.99351,-117.37545,-0.8687534824269513
9779,1012,36.76403,-121.44722,-1.576226177919632
9781,1012,34.44076,-119.71492,-0.3754450378003647
9783,1012,34.232,-117.235,0.2017154415727834
9784,1012,32.915,-118.4879,0.3344134092749317
9786,1012,33.553,-117.662,-0.2187455801359759
9788,1012,34.56547,-120.50137,-0.3114769185803721
9790,1012,34.43692,-119.1375,-0.7869866552429031
9791,1012,35.8996,-116.27515,0.6386149110997091
9792,1012,34.293,-119.1646,-0.0518585723563501
9793,1012,35.89095,-117.28332,0.3476433989889766
9794,1012,33.834,-116.797,-0.6726494432509613
9795,1012,35.3142,-119.99581,0.2940695231987399
9797,1012,34.05933,-118.64614,0.7064261899841382
9799,1012,33.829,-117.789,-0.3747781095512894
9800,1012,34.30302,-119.18676,0.3253813058524775
9801,1012,33.664,-117.769,-1.584889819075905
9802,1012,34.106,-117.098,-0.23407478325772
9804,1012,34.52775,-119.97834,-0.7247302827004521
9805,1012,34.38203,-117.67822,0.4315126737209591
9807,1012,35.14592,-119.41946,1.1501115127295716
9808,1012,37.05422,-118.23009,-0.2040536533756527
9809,1012,34.15607,-118.82039,-1.1310755144961555
9811,1012,34.01919,-118.28631,-0.968942966962503
9812,1012,34.48364,-118.11783,-0.1385612229775763
9813,1012,35.84089,-119.08469,0.459295258238299
9815,1012,35.53664,-118.14035,0.2599267714997954
9819,1012,34.51085,-119.27407,-0.967396707094314
9820,1012,34.00948,-117.95077,1.700231890497907
9821,1012,34.1717,-118.64971,-0.1785954085385228
9843,1014,34.07,-118.346,0.2129557594502406
9845,1014,34.397,-118.918,0.186662574587709
9846,1014,34.07618,-118.3959,0.4320088557743334
9847,1014,34.3968,-119.299,-0.6696126040119024
9848,1014,34.155,-118.641,-1.0242648935990148
9849,1014,34.55046,-117.43391,1.7171969266747154
9850,1014,33.63838,-116.4011,-0.6568376659313924
9851,1014,34.14647,-118.76699,-0.9189766144200292
9852,1014,34.68708,-118.29946,0.7089368587712006
9853,1014,35.1269,-118.83009,0.611435098886538
9854,1014,35.34444,-119.10445,2.299571545457688
9856,1014,34.2623,-116.92075,0.6656386833318404
9857,1014,33.921,-116.981,0.8694989135188231
9859,1014,33.57508,-117.26119,-0.8299215145062703
9862,1014,34.23883,-117.65853,-0.8587228542640865
9864,1014,34.069,-116.39,-0.2600300079010363
9866,1014,33.80776,-117.98116,0.1107462250546264
9868,1014,34.68224,-118.57398,0.4941834796325159
9870,1014,33.38822,-117.19495,-1.5465636821036086
9871,1014,35.52495,-117.36453,0.5349205038267866
9872,1014,36.5504,-117.80295,0.7196397065010443
9874,1014,33.999,-117.68,-0.4160616055258156
9875,1014,33.4019,-118.41502,-0.8713010189097473
9877,1014,34.093,-117.317,1.934895423934405
9880,1014,36.43988,-118.08016,-0.0385968572253274
9882,1014,34.25353,-118.33383,-1.0947049999275975
9883,1014,33.93597,-116.57794,0.8112684644291394
9884,1014,33.65,-117.009,-1.6219252506256752
9885,1014,34.10618,-118.45505,0.4274204103515105
9886,1014,33.84822,-118.09624,0.1966453144424749
9887,1014,33.567,-116.631,0.7881414552351387
9894,1014,34.72832,-119.98803,-1.48763383819496
9895,1014,33.71264,-118.29381,1.2014117360538856
9896,1014,36.46719,-116.86322,0.7181432232823055
9898,1014,33.1537,-117.22921,-1.399638281858891
9899,1014,36.99608,-117.36621,0.1352525040555039
9900,1014,34.13677,-118.1283,0.6644201477091678
9901,1014,35.30177,-116.80574,0.0622995451900036
9902,1014,34.8294,-116.335,0.8790676028188831
9903,1014,34.17643,-118.35967,-0.7962016766116935
9906,1014,35.66278,-118.47403,-0.7989667986119786
9907,1014,34.31076,-118.49675,0.1409021599385868
9909,1014,34.31313,-118.49918,0.8640338811721877
9910,1014,35.98249,-117.80885,0.4963936824700652
9912,1014,34.36622,-116.61266,0.4058534706528746
9914,1014,33.7141,-116.7119,-1.3740979326446423
9915,1014,33.86889,-118.33143,1.2462778253268023
9916,1014,34.00033,-118.37794,0.8908467426062654
9917,1014,34.73551,-120.27996,-0.6827829909367595
9919,1014,34.9906,-118.34156,-0.7263571344572671
9921,1014,34.30529,-118.48805,-0.2907259027943165
9922,1014,33.9753,-118.14918,-0.6705390540988578
9923,1014,34.10819,-119.06587,-1.752451372470743
9924,1014,34.80762,-118.86775,1.1366546736963208
9925,1014,33.684,-117.943,-0.1347467057167371
9926,1014,34.93439,-117.69629,-1.0402890822802036
9927,1014,35.47954,-117.68212,-0.8319597984239058
9928,1014,33.881,-118.176,1.2070730515458363
9929,1014,34.3656,-117.36683,1.2712612230774751
9931,1014,35.36165,-118.92282,2.09501601442066
9933,1014,33.818,-116.369,0.9020644808539446
9934,1014,34.13688,-118.12601,4.186990855750441
9935,1014,37.63019,-118.83605,0.3446301004424359
9936,1014,34.005,-117.562,-0.0981950320981477
9937,1014,34.28085,-118.9049,0.9456528144296588
9938,1014,36.05799,-117.48901,-0.623543962690478
9939,1014,34.88848,-119.81362,-0.6122950219064831
9940,1014,33.808,-116.968,2.087890303861838
9941,1014,34.22362,-118.05832,0.0411230021177703
9942,1014,34.53412,-120.17737,-1.417862717910067
9943,1014,34.22869,-118.55829,1.1216228199235805
9944,1014,33.94539,-117.92372,-0.0609960147259941
9946,1014,34.6145,-118.7235,-0.4579606065819056
9947,1014,34.1484,-118.1711,-0.801211094333691
9948,1014,34.44199,-118.58215,-0.0655741161815556
9949,1014,33.96273,-118.43702,1.5395181312994928
9950,1014,34.1207,-117.63808,0.4726298448729464
9951,1014,33.862,-117.205,-1.127913948644604
9953,1014,35.40773,-120.54556,-1.4622357218668416
9954,1014,35.945,-120.542,-1.2794152413881266
9955,1014,33.354,-116.863,-0.5898656426171921
9956,1014,33.7953,-117.60906,-0.0157991461794329
9957,1014,34.39558,-118.49837,0.300290908433355
9958,1014,36.30523,-119.24384,-0.3584926834375891
9959,1014,33.63,-116.8478,-1.275921899831037
9960,1014,34.10473,-117.97956,0.8296145329981397
9961,1014,33.74346,-118.40412,0.8570549816632987
9962,1014,34.87533,-116.99684,0.6507686248296367
9963,1014,33.97327,-117.32674,-0.3937474471662893
9964,1014,33.99351,-117.37545,-0.6871287518934066
9966,1014,33.70432,-117.88578,-0.0108550395453548
9967,1014,36.76403,-121.44722,-1.5865880472163063
9969,1014,34.44076,-119.71492,-0.943489265367482
9971,1014,34.232,-117.235,0.9325423691573737
9972,1014,32.915,-118.4879,-0.3250996745495637
9973,1014,33.99543,-119.6351,-1.0477049127805595
9974,1014,33.553,-117.662,-0.3158389975058772
9976,1014,34.56547,-120.50137,-0.5245166392785117
9978,1014,34.43692,-119.1375,-0.8133498208438423
9979,1014,35.8996,-116.27515,0.7826766085408594
9980,1014,34.293,-119.1646,-0.0544390082201553
9981,1014,35.89095,-117.28332,0.3312300510753925
9982,1014,33.834,-116.797,-0.4662947133170032
9983,1014,35.3142,-119.99581,-0.7612556938003046
9984,1014,34.01438,-118.45617,1.0881244228749878
9985,1014,34.27091,-118.74407,0.2027184438409664
9986,1014,33.24787,-119.52437,-1.367901403175937
9987,1014,32.841,-117.248,-0.3892049305549648
9988,1014,34.05933,-118.64614,0.5578397477871784
9989,1014,36.1355,-118.81099,-1.4611820440289571
9990,1014,33.829,-117.789,-0.1682098379239234
9991,1014,34.30302,-119.18676,0.6026303041678682
9992,1014,33.664,-117.769,-1.515241109419043
9993,1014,34.106,-117.098,-0.0605735271263362
9995,1014,34.52775,-119.97834,-0.9812755452876392
9996,1014,34.38203,-117.67822,0.7545396944572365
9998,1014,35.14592,-119.41946,1.10222806546216
10000,1014,37.05422,-118.23009,0.1829802286949129
10001,1014,34.15607,-118.82039,-0.8712684436205342
10003,1014,34.01919,-118.28631,-0.3213628725147182
10004,1014,34.48364,-118.11783,0.6262276348459188
10005,1014,35.84089,-119.08469,1.1048847289091976
10006,1014,34.56065,-117.3296,0.7090551567340411
10010,1014,34.51085,-119.27407,-0.7936258007735681
10011,1014,34.00948,-117.95077,1.5468771743033656
10012,1014,34.1717,-118.64971,-0.4018834088266382
10013,1014,33.94869,-118.25547,0.2787262316287375
10021,1015,34.55046,-117.43391,1.3989228282917796
10022,1015,33.63838,-116.4011,-1.2810666687028656
10024,1015,34.68708,-118.29946,0.4480322710143168
10025,1015,35.34444,-119.10445,1.790993506121077
10026,1015,32.68005,-116.67215,-0.8924733625023119
10027,1015,33.921,-116.981,0.7986026796889653
10028,1015,33.57508,-117.26119,-0.2577638638514782
10030,1015,34.23883,-117.65853,-1.4970213749669388
10031,1015,34.069,-116.39,0.0233677619820828
10032,1015,33.268,-116.417,-0.5452959197767908
10036,1015,33.4915,-116.667,-0.7513630637829459
10037,1015,33.38822,-117.19495,-1.4807315325151686
10038,1015,35.52495,-117.36453,1.3874248595021494
10040,1015,33.999,-117.68,-1.5681302742038945
10041,1015,33.4019,-118.41502,-0.6507925474032215
10043,1015,34.093,-117.317,1.0254220713483406
10044,1015,34.0602,-117.809,-0.0426849388139689
10045,1015,33.655,-115.99,-0.9744535806534708
10046,1015,36.43988,-118.08016,0.2465297463072617
10048,1015,34.25353,-118.33383,-1.0604607704959863
10049,1015,33.65,-117.009,-1.0053167200269433
10051,1015,33.84822,-118.09624,0.1796189444889439
10052,1015,33.567,-116.631,0.528345446657896
10053,1015,32.999,-116.942,-0.932339564627098
10056,1015,34.88303,-117.99106,-0.9802822804710358
10058,1015,33.11675,-115.82267,0.4029753337563845
10059,1015,34.72832,-119.98803,-0.4101915892390851
10061,1015,33.71264,-118.29381,-0.0668687911885815
10065,1015,33.1537,-117.22921,-0.7820945293307463
10067,1015,34.13677,-118.1283,0.3463165808693738
10068,1015,35.30177,-116.80574,0.0207852392129447
10069,1015,34.8294,-116.335,0.3916464691633423
10070,1015,34.17643,-118.35967,-0.8985070646271385
10071,1015,35.66278,-118.47403,-0.6506201291555691
10072,1015,33.0859,-116.5959,-0.2444472211957084
10073,1015,35.9823,-117.8076,-0.092600242426481
10074,1015,34.36622,-116.61266,-0.0939277590704374
10076,1015,33.7141,-116.7119,-1.3417376818444036
10077,1015,33.86889,-118.33143,1.046874246161713
10078,1015,33.943,-118.411,1.185970722867849
10079,1015,34.00033,-118.37794,0.203140776367147
10080,1015,34.73551,-120.27996,0.0515880194711117
10082,1015,34.9906,-118.34156,-0.0882081601607836
10085,1015,33.9753,-118.14918,-1.1154194700575046
10087,1015,34.61594,-117.82493,-0.424730869276109
10088,1015,33.684,-117.943,0.0034898664572483
10089,1015,35.47954,-117.68212,-0.2169652384163069
10090,1015,33.881,-118.176,0.4216737219879871
10091,1015,34.3656,-117.36683,0.8781217688030438
10092,1015,33.3516,-116.5615,-0.0752337179588148
10095,1015,33.818,-116.369,0.7118678433150853
10096,1015,34.13688,-118.12601,2.5575011716810527
10098,1015,34.005,-117.562,-0.3763220266707439
10101,1015,33.808,-116.968,2.5603034961477245
10103,1015,34.22869,-118.55829,0.5038858209027886
10104,1015,34.3968,-119.299,-0.1159383937198317
10105,1015,33.94539,-117.92372,-0.7346122432236939
10109,1015,33.96273,-118.43702,0.7590474188962425
10110,1015,34.1207,-117.63808,-0.3541713714705459
10112,1015,33.82436,-116.51195,1.2439833551581607
10113,1015,33.354,-116.863,0.0181888090580452
10117,1015,33.63,-116.8478,-0.8566120133904271
10120,1015,34.87533,-116.99684,1.6838426051945543
10122,1015,34.05073,-118.08085,-0.8146266782848304
10123,1015,33.99351,-117.37545,-0.8607486772635442
10124,1015,33.2801,-115.98585,-0.3938425578683015
10125,1015,33.70432,-117.88578,-0.2522886322620699
10126,1015,34.44076,-119.71492,-0.3905776224547664
10128,1015,34.43692,-119.1375,-0.2675872239974249
10129,1015,35.8996,-116.27515,1.436669451058095
10130,1015,34.293,-119.1646,0.3721591195709702
10132,1015,35.3142,-119.99581,1.1744606362482717
10133,1015,34.01438,-118.45617,0.4513947423604763
10136,1015,34.05933,-118.64614,0.888542405520919
10138,1015,33.829,-117.789,-0.5380889705152336
10139,1015,34.30302,-119.18676,0.5033214041635471
10140,1015,33.664,-117.769,-1.5508577989588357
10141,1015,33.79033,-118.19878,0.3758583303773728
10144,1015,34.52775,-119.97834,-0.7399675966229511
10145,1015,34.38203,-117.67822,0.0684852917681969
10148,1015,33.63495,-116.16402,0.223339022216034
10149,1015,34.15607,-118.82039,0.0293188800524072
10150,1015,34.01919,-118.28631,-0.9223675024933
10151,1015,34.48364,-118.11783,0.3924437620541819
10152,1015,35.84089,-119.08469,0.6143906785876879
10153,1015,34.56065,-117.3296,-0.1780657984008979
10154,1015,35.53664,-118.14035,0.40372129789326
10155,1015,35.06053,-119.02711,1.847674914759356
10157,1015,34.00948,-117.95077,1.1284249069555177
10160,1015,33.94869,-118.25547,-0.481702370377498
10161,1016,34.55046,-117.43391,1.801405392692222
10162,1016,33.63838,-116.4011,-0.7147167754545513
10163,1016,34.68708,-118.29946,0.6113089679614984
10164,1016,35.34444,-119.10445,1.2319414666028414
10166,1016,34.2623,-116.92075,0.8710704645028048
10167,1016,33.921,-116.981,0.8706031714857149
10169,1016,33.57508,-117.26119,-0.6711601911509636
10172,1016,34.23883,-117.65853,-0.7640306437723257
10174,1016,34.069,-116.39,1.1405086452690512
10176,1016,33.80776,-117.98116,0.0278020181734094
10177,1016,34.68224,-118.57398,0.1137524040668737
10179,1016,33.38822,-117.19495,-1.5822802015517483
10180,1016,35.52495,-117.36453,0.2463038192210752
10181,1016,36.5504,-117.80295,0.5364920044863496
10183,1016,33.4019,-118.41502,-0.7734996613885717
10185,1016,34.093,-117.317,0.8396619536749343
10189,1016,36.43988,-118.08016,-0.0651574774336569
10191,1016,34.25353,-118.33383,-1.400064003432916
10192,1016,33.93597,-116.57794,1.3870278537364695
10193,1016,33.65,-117.009,-1.001393074523757
10194,1016,34.10618,-118.45505,0.3461073621152587
10195,1016,33.84822,-118.09624,-0.0300074175519372
10196,1016,33.567,-116.631,-0.1447350144255868
10201,1016,34.88303,-117.99106,-0.2837736936768296
10204,1016,34.72832,-119.98803,-1.3515823633012902
10205,1016,34.397,-118.918,-0.4513512624251516
10206,1016,33.71264,-118.29381,0.346504888772494
10208,1016,33.1537,-117.22921,-1.1291286475484217
10209,1016,36.99608,-117.36621,-0.1838675707391644
10210,1016,35.30177,-116.80574,0.5480378582253017
10211,1016,34.8294,-116.335,0.8233756732734807
10213,1016,35.66278,-118.47403,-0.8599275964761711
10216,1016,35.98249,-117.80885,-0.0054052733395049
10218,1016,34.36622,-116.61266,0.738576354258531
10219,1016,33.86889,-118.33143,1.717547497209273
10220,1016,34.00033,-118.37794,0.7883551782084246
10221,1016,34.73551,-120.27996,-0.0491925071217826
10223,1016,34.9906,-118.34156,-0.3120525479884874
10225,1016,34.30529,-118.48805,-0.2635935625129115
10226,1016,33.9753,-118.14918,-0.6403236973858756
10227,1016,34.10819,-119.06587,-1.8656161320501423
10228,1016,34.80762,-118.86775,-0.3667510032030233
10230,1016,33.684,-117.943,-0.3339605607571259
10231,1016,34.93439,-117.69629,-0.2790465980654177
10232,1016,35.47954,-117.68212,-0.994283645611016
10234,1016,33.881,-118.176,0.75778939795563
10235,1016,34.3656,-117.36683,1.6788235876757671
10236,1016,35.36165,-118.92282,1.9636946747921389
10238,1016,33.818,-116.369,1.009025209794214
10240,1016,34.13688,-118.12601,1.6941581633676803
10241,1016,37.63019,-118.83605,0.6860962678554172
10242,1016,34.005,-117.562,-0.337057512621813
10243,1016,34.28085,-118.9049,0.0240826597134595
10244,1016,36.05799,-117.48901,-0.545324051189981
10245,1016,34.88848,-119.81362,0.359703306059744
10246,1016,33.808,-116.968,2.3487965648946254
10248,1016,34.22362,-118.05832,-0.1117864846198548
10249,1016,34.53412,-120.17737,0.3888548801130309
10250,1016,34.22869,-118.55829,0.3223675901203713
10252,1016,33.94539,-117.92372,-0.3073240926495841
10254,1016,34.6145,-118.7235,-0.8188882009317051
10255,1016,34.1484,-118.1711,-0.4854240080785857
10256,1016,34.44199,-118.58215,-0.3921213397346263
10258,1016,33.96273,-118.43702,1.6615142730550396
10259,1016,34.1207,-117.63808,-0.1710438605110547
10260,1016,35.40773,-120.54556,-0.9668008060826
10261,1016,35.945,-120.542,-0.3986773016729914
10262,1016,33.354,-116.863,-0.4144216025468713
10263,1016,33.7953,-117.60906,0.3122046583680022
10265,1016,36.30523,-119.24384,-0.8849410105335975
10266,1016,34.281,-118.478,-0.4243641764363447
10267,1016,34.10473,-117.97956,-0.1398172133449513
10268,1016,33.74346,-118.40412,-0.4754260974265546
10269,1016,34.87533,-116.99684,0.3791871628631608
10270,1016,34.05073,-118.08085,-0.2325891396437274
10271,1016,33.99351,-117.37545,-0.7047582381771266
10273,1016,36.76403,-121.44722,-0.885367267402101
10274,1016,34.44076,-119.71492,-0.6651953227001762
10276,1016,34.232,-117.235,1.2188809648599648
10277,1016,33.99543,-119.6351,-0.564270258517908
10278,1016,33.553,-117.662,-0.0196313514983793
10279,1016,34.56547,-120.50137,0.2145479512449886
10282,1016,35.8996,-116.27515,0.6416034866239637
10283,1016,34.293,-119.1646,-0.4803943458710255
10284,1016,35.89095,-117.28332,0.3145225839132421
10285,1016,33.834,-116.797,-0.7119099199598451
10286,1016,35.3142,-119.99581,0.2848978879577077
10287,1016,34.01438,-118.45617,0.9943096832089056
10288,1016,33.24787,-119.52437,-0.812992747532511
10289,1016,34.05933,-118.64614,-0.0257180172033647
10290,1016,36.1355,-118.81099,-1.1469701254853164
10291,1016,34.30302,-119.18676,0.3429242868493894
10292,1016,33.664,-117.769,-1.5412543722240666
10293,1016,33.79033,-118.19878,0.6027091080547596
10294,1016,34.106,-117.098,0.9061265292450332
10296,1016,34.52775,-119.97834,0.442111214896221
10297,1016,34.38203,-117.67822,0.1622012083063392
10300,1016,35.14592,-119.41946,1.855360340498454
10302,1016,37.05422,-118.23009,0.5222973897062355
10303,1016,34.15607,-118.82039,-1.0176461257703466
10305,1016,34.01919,-118.28631,-0.5362979419643502
10306,1016,34.48364,-118.11783,-0.7187223658402019
10307,1016,35.84089,-119.08469,0.5207479121907655
10308,1016,34.56065,-117.3296,1.0384492167651518
10309,1016,35.53664,-118.14035,-0.7978919909080727
10311,1016,35.06053,-119.02711,-0.4238872100673838
10313,1016,34.51085,-119.27407,-0.5195130616451696
10314,1016,34.00948,-117.95077,1.3973317910099992
10315,1016,34.1717,-118.64971,-0.9709652677776912
10316,1016,33.94869,-118.25547,0.1953317860935023
10386,1018,34.077,-118.286,1.0080020524184086
10388,1018,34.07618,-118.3959,1.1847819981623378
10389,1018,34.04905,-116.94032,-3.9390258508031257
10390,1018,33.63461,-116.09534,-3.756770469508045
10391,1018,34.55046,-117.43391,1.3094845754709146
10392,1018,34.68708,-118.29946,-0.4430169625951025
10393,1018,35.1269,-118.83009,-0.0863171086510614
10394,1018,32.68005,-116.67215,-0.842505904161985
10395,1018,34.2623,-116.92075,1.5282641540384734
10396,1018,33.921,-116.981,0.1002208112871716
10398,1018,34.94009,-119.41313,0.50586133569561
10400,1018,34.23883,-117.65853,-0.6439043252087805
10402,1018,33.268,-116.417,-0.9426579393118112
10403,1018,33.80776,-117.98116,-0.6088790433328741
10404,1018,34.68224,-118.57398,0.7670013556031832
10405,1018,34.13678,-118.12199,0.2877441924016497
10407,1018,35.52495,-117.36453,1.2597693914630914
10408,1018,36.5504,-117.80295,0.107383018535902
10410,1018,33.999,-117.68,-0.96451126845765
10413,1018,34.093,-117.317,2.726036845215709
10415,1018,32.8889,-117.1051,-0.4875759970903641
10416,1018,33.876,-117.561,-0.7630263321497989
10417,1018,33.655,-115.99,-0.0687816295340665
10418,1018,34.63745,-115.38115,0.5199721516643434
10419,1018,34.25353,-118.33383,0.2648621927365379
10420,1018,33.65,-117.009,0.1343010298738631
10421,1018,34.10618,-118.45505,0.3904518334315062
10422,1018,33.84822,-118.09624,-0.1162796687179041
10423,1018,33.567,-116.631,1.796732495901758
10424,1018,32.999,-116.942,-1.151500874825038
10426,1018,32.65915,-116.10061,-0.5127913073981718
10429,1018,33.11675,-115.82267,-0.4511956278466292
10431,1018,33.71264,-118.29381,-0.2672517727129104
10432,1018,34.1,-117.439,0.2104195379437093
10433,1018,33.8717,-117.92251,0.2429581170957654
10434,1018,36.46719,-116.86322,0.0598099516422247
10437,1018,33.1537,-117.22921,-1.41823388156516
10439,1018,34.13677,-118.1283,0.8573686829724161
10441,1018,34.8294,-116.335,-0.6614824316823613
10442,1018,34.17643,-118.35967,-1.1346598088488742
10443,1018,34.121,-117.219,1.873945478926181
10444,1018,33.0262,-116.9596,-3.632664382931601
10447,1018,33.081,-116.598,-0.112129279357005
10449,1018,34.36622,-116.61266,0.6059582065273856
10452,1018,33.86889,-118.33143,0.5505554934096889
10454,1018,34.00033,-118.37794,-0.2612671054972176
10455,1018,34.73551,-120.27996,-0.3126126315231727
10456,1018,35.13066,-115.18416,0.799814609583326
10457,1018,34.9906,-118.34156,-1.0178066022575951
10459,1018,34.30529,-118.48805,1.0911523789734967
10460,1018,33.9753,-118.14918,-0.8088960395945686
10462,1018,34.80762,-118.86775,1.4821165355027794
10463,1018,33.684,-117.943,-1.1250437540902367
10464,1018,34.93439,-117.69629,0.0839987513763671
10465,1018,35.47954,-117.68212,0.1430107001891403
10467,1018,34.3656,-117.36683,1.3656740752567469
10469,1018,33.818,-116.369,-0.241827826358792
10470,1018,34.13688,-118.12601,3.269625653359555
10472,1018,34.005,-117.562,0.6124120444106048
10473,1018,32.892,-116.4223,-0.3062901968720719
10474,1018,34.28085,-118.9049,-0.0906223599097975
10475,1018,34.81258,-119.1453,-0.4451309124644971
10476,1018,36.05799,-117.48901,0.182130003165498
10478,1018,33.808,-116.968,2.315245812871859
10481,1018,34.22362,-118.05832,-0.1018463817037592
10482,1018,34.78035,-116.55798,-0.8093790525902315
10483,1018,34.76759,-114.61881,0.3578187094162803
10485,1018,34.22869,-118.55829,-0.0605347219925186
10486,1018,33.556,-115.946,-0.3913415620937193
10487,1018,33.788,-117.844,-0.9265368939466834
10488,1018,33.94539,-117.92372,-0.9482492568257987
10489,1018,32.608,-116.93,-1.0845096834665844
10490,1018,34.6145,-118.7235,-0.0941355136950354
10491,1018,34.44199,-118.58215,0.3240461611913672
10493,1018,33.96273,-118.43702,0.3295691257744718
10494,1018,34.1207,-117.63808,1.4432200418754877
10495,1018,33.862,-117.205,0.0352376721900686
10498,1018,33.354,-116.863,-0.657180170036169
10499,1018,33.7953,-117.60906,-1.2717998054662538
10501,1018,33.824,-116.55,-1.7380720412822
10502,1018,34.09181,-117.80709,0.7968885581087302
10503,1018,34.39558,-118.49837,-0.1895342555506309
10504,1018,33.63,-116.8478,-0.7784104939094887
10505,1018,34.281,-118.478,0.1306490122662869
10506,1018,34.10473,-117.97956,0.3673267003533603
10507,1018,33.74346,-118.40412,0.0887743138109796
10508,1018,34.87533,-116.99684,1.4623950063289648
10509,1018,33.973,-117.327,1.4051043263224503
10510,1018,33.97327,-117.32674,1.3719386514116398
10511,1018,34.05073,-118.08085,-0.3494358124960835
10512,1018,33.99351,-117.37545,0.2148304540245569
10513,1018,33.183,-115.623,-1.4913829325037002
10514,1018,33.2801,-115.98585,-0.5776662580027401
10515,1018,33.70432,-117.88578,-2.021326193997562
10517,1018,34.44076,-119.71492,-0.9920765075827842
10520,1018,32.915,-118.4879,-1.322016536933115
10521,1018,33.99543,-119.6351,-0.748885129808567
10522,1018,33.553,-117.662,-0.7714647994209205
10524,1018,34.43692,-119.1375,-0.2316668136018692
10525,1018,35.8996,-116.27515,0.1832698583300352
10526,1018,35.89095,-117.28332,0.4937058388763297
10527,1018,33.834,-116.797,-0.3641854721766812
10528,1018,35.3142,-119.99581,-0.1969778987422921
10530,1018,34.01438,-118.45617,0.5633936047387507
10531,1018,34.27091,-118.74407,-0.7426375373241393
10533,1018,34.035,-116.808,0.1967821640044572
10534,1018,34.05933,-118.64614,0.4088981948457846
10536,1018,33.829,-117.789,-1.1829009462928095
10537,1018,34.30302,-119.18676,0.310890986415092
10538,1018,33.664,-117.769,-2.88168219987343
10539,1018,33.79033,-118.19878,0.431588314060384
10540,1018,34.106,-117.098,1.7578045235278552
10541,1018,32.94508,-115.79988,-1.380834977524775
10542,1018,34.52775,-119.97834,-1.271681966666344
10543,1018,34.38203,-117.67822,1.031479936788218
10548,1018,34.01919,-118.28631,-0.978866844528944
10549,1018,35.84089,-119.08469,0.7511544934546911
10550,1018,34.56065,-117.3296,1.381478635193043
10551,1018,35.53664,-118.14035,-0.0473543147315506
10552,1018,34.51085,-119.27407,-1.1815589893333578
10553,1018,34.00948,-117.95077,1.502025876920172
10555,1018,34.1717,-118.64971,1.0438050947592468
10556,1018,33.94869,-118.25547,0.1570248714678886
10626,1018,34.096,-117.287,2.868627648559863
10646,1018,34.079,-117.045,0.8702930300779611
10649,1018,34.051,-117.25,1.459958581372603
10653,1018,34.10521,-117.28264,2.182954219741178
10654,1018,34.047,-117.277,1.0528970871728425
10657,1018,34.12288,-117.28792,1.6799623991506998
10664,1019,33.943,-118.411,0.7069696115269022
10667,1019,34.68708,-118.29946,1.1458445099076462
10671,1019,33.921,-116.981,0.7106667484283692
10679,1019,33.268,-116.417,-0.2667963037688834
10680,1019,33.80776,-117.98116,-0.3882723465893591
10683,1019,33.4915,-116.667,-1.188676423563039
10684,1019,34.13678,-118.12199,0.2960307238009508
10686,1019,35.30819,-119.84583,0.748866835744417
10687,1019,35.52495,-117.36453,1.5733256734203156
10688,1019,36.5504,-117.80295,0.973897983761316
10690,1019,33.999,-117.68,-0.902698642527454
10691,1019,33.4019,-118.41502,-0.5741963469097549
10693,1019,34.093,-117.317,1.1946483998925397
10695,1019,33.655,-115.99,-1.2159608583388295
10697,1019,36.43988,-118.08016,0.0937484174187612
10698,1019,34.63745,-115.38115,0.6023275458660727
10699,1019,34.25353,-118.33383,-1.3384255201728894
10700,1019,33.93597,-116.57794,0.6140377745095149
10703,1019,33.84822,-118.09624,0.2696588564138528
10708,1019,32.65915,-116.10061,-0.1752228765426057
10711,1019,33.11675,-115.82267,0.7417680318942219
10712,1019,34.72832,-119.98803,-0.6133577880458998
10714,1019,33.8717,-117.92251,-0.0514540097048075
10718,1019,34.13677,-118.1283,0.3279393707277222
10719,1019,35.30177,-116.80574,0.4448166260821554
10721,1019,34.17643,-118.35967,-0.7093264295091913
10729,1019,33.86889,-118.33143,0.4660375021169791
10730,1019,34.00033,-118.37794,-0.2655732662281442
10731,1019,34.73551,-120.27996,0.7591037795344053
10736,1019,33.9753,-118.14918,-0.5412342264249331
10739,1019,33.684,-117.943,0.6688496304729289
10741,1019,35.47954,-117.68212,0.4352325486307836
10745,1019,33.818,-116.369,0.2073031330866855
10747,1019,34.13688,-118.12601,2.188725203932
10751,1019,34.81258,-119.1453,0.2817821149085018
10752,1019,36.05799,-117.48901,1.0845921459085055
10754,1019,33.808,-116.968,2.116893409904295
10760,1019,34.53412,-120.17737,-1.8442019864470969
10761,1019,34.22869,-118.55829,-0.4038591959863382
10762,1019,33.94539,-117.92372,-0.2820533228407902
10764,1019,34.6145,-118.7235,-0.7499776378204094
10765,1019,34.17141,-118.18523,-4.3023007080519005
10766,1019,34.44199,-118.58215,0.4578090833588212
10768,1019,33.96273,-118.43702,0.0908727181862918
10769,1019,34.1207,-117.63808,-0.1431989316515088
10770,1019,33.862,-117.205,-0.6002667618276387
10774,1019,33.354,-116.863,0.5642668241334777
10779,1019,34.39558,-118.49837,0.1356040539786097
10782,1019,34.281,-118.478,-1.1104778778737772
10783,1019,34.10473,-117.97956,0.5300864748628571
10785,1019,34.87533,-116.99684,1.165382369026311
10786,1019,33.97327,-117.32674,-0.6365640707372625
10787,1019,34.05073,-118.08085,-0.3221448619636441
10788,1019,33.99351,-117.37545,-1.038737992430448
10790,1019,33.2801,-115.98585,-0.407397366227982
10795,1019,34.232,-117.235,0.3018557554639664
10796,1019,32.915,-118.4879,-0.2784004436389254
10797,1019,33.99543,-119.6351,-0.9548935297704496
10800,1019,34.43692,-119.1375,0.1388568574627252
10803,1019,35.8996,-116.27515,1.3064858829874926
10804,1019,34.293,-119.1646,0.5410081688801782
10806,1019,35.3142,-119.99581,0.4875660974634129
10807,1019,34.01438,-118.45617,0.1710626380536152
10809,1019,34.05933,-118.64614,0.3730513466934957
10811,1019,33.829,-117.789,-0.214770427250334
10812,1019,34.30302,-119.18676,1.23271079851676
10813,1019,33.664,-117.769,-1.420197374525962
10814,1019,33.79033,-118.19878,0.6807640672402616
10815,1019,34.106,-117.098,-0.0368321979619731
10818,1019,34.38203,-117.67822,0.1386329313712325
10820,1019,35.14592,-119.41946,1.3959059623992631
10824,1019,34.01919,-118.28631,-1.0088720424359283
10826,1019,35.84089,-119.08469,0.6956068566749846
10831,1019,34.51085,-119.27407,-0.2347599463707282
10832,1019,34.00948,-117.95077,1.207132809967235
10833,1019,34.1717,-118.64971,-0.178571837530279
10834,1019,33.94869,-118.25547,-0.0567095255248664
10840,1019,34.194,-118.589,-0.6933752477747617
10844,1019,34.029,-118.483,0.4393653872209254
10845,1019,34.25,-118.536,-0.578005607036562
10848,1019,34.296,-118.375,-0.3698085328186024
10849,1019,34.289,-118.746,0.9237948045445926
10851,1019,34.387,-118.533,0.4371311424320419
10855,1019,34.327,-118.444,-0.5928770641726788
10861,1019,34.229,-118.527,-0.2637877053885814
10862,1019,34.222,-118.57,-1.006053119417281
10869,1019,34.07,-118.346,-0.4301327467151513
10874,1019,34.271,-118.735,0.4994201995939718
10877,1019,34.257,-118.995,0.5206125884122638
10878,1019,34.139,-118.364,-1.5898460024715264
10879,1019,34.193,-118.547,-0.9307563805787
10885,1019,34.257,-118.503,-1.4671273210871951
10888,1019,34.208,-119.079,0.8739933346254941
10892,1019,34.1851,-118.447,0.1864159274227386
10895,1019,34.2772,-118.56,-0.0559774807219179
10896,1019,34.28963,-118.50124,-0.9546008236907004
11619,1031,36.851,-121.402,-0.1337655363703812
19676,1031,37.91881,-122.15176,-0.2308543141402607
19677,1031,37.87352,-122.26099,-0.3600878729271607
19678,1031,38.03455,-120.38651,-1.7653405334182826
19679,1031,37.69782,-123.0011,-2.263767972797244
19680,1031,38.99349,-123.07234,-0.2351882696616405
19682,1031,37.34164,-121.64257,0.1420735248712408
19683,1031,38.87874,-122.44277,-0.6779684023297319
19686,1031,37.28744,-121.86422,-0.6310995075297655
19687,1031,37.81647,-122.06302,0.7899157250848124
19688,1031,37.25898,-121.67311,-0.1803244180334323
19689,1031,37.9889,-122.2156,0.0753387102802108
19690,1031,37.94906,-122.40851,-0.1719815390308109
19692,1031,37.80787,-122.3618,2.264428373580785
19693,1031,37.12043,-122.1552,-1.5812580987474
19694,1031,37.51704,-122.37731,-0.4098318559467891
19695,1031,37.16067,-121.89899,1.0974364416630378
19696,1031,37.92144,-122.71806,-1.1335060943267203
19697,1031,38.04962,-122.52331,-0.358878485804618
19704,1031,37.40701,-122.0946,0.4151790059295772
19708,1031,37.30143,-121.9039,-0.9031239135726156
19709,1031,37.31816,-121.94354,0.5018987176238419
19710,1031,37.3066,-121.84915,0.4475231740447238
19711,1031,37.66,-121.873,1.2130615828239055
19712,1031,37.68,-121.739,0.2315239021667983
19713,1031,37.41702,-121.9154,1.2704453138692855
19717,1031,37.74766,-121.70843,0.3167762875026036
19718,1031,37.7294,-121.83346,0.7075151700877205
19719,1031,37.85884,-121.99264,1.7207482439619275
19721,1031,38.02691,-122.01599,0.6749894952833038
19722,1031,37.31861,-122.15314,1.2365034746925558
19723,1031,37.17217,-122.01121,-0.0272810281823971
19725,1031,37.36045,-122.18986,1.2137017838754751
19727,1031,37.63719,-122.47482,-0.386369438594696
19728,1031,37.19855,-122.34671,-1.4466087974073614
19730,1031,37.28397,-122.05017,1.4217346395141572
19733,1031,37.6444,-118.89683,-0.0550789017682151
19734,1031,37.65909,-118.97907,-0.4027549540633266
19739,1031,38.28043,-122.21582,-0.5063766484134509
19740,1031,38.15486,-121.80438,0.9199440398482834
19742,1031,38.07601,-122.2585,0.596997802213496
19745,1031,38.34878,-122.57795,1.0152502590403445
19746,1031,38.14361,-122.44969,-0.0047539032899374
11886,1038,34.3968,-119.299,0.028321108210728
11888,1038,34.55046,-117.43391,1.5661615100084336
11890,1038,34.68708,-118.29946,0.8118900920870143
11891,1038,35.1269,-118.83009,1.0913049150364094
11892,1038,35.34444,-119.10445,2.779915726113756
11894,1038,34.2623,-116.92075,0.6793958129132821
11896,1038,34.23883,-117.65853,-0.3108400904681733
11897,1038,34.069,-116.39,-0.0485561499937428
11899,1038,34.68224,-118.57398,-0.0456963101127288
11900,1038,35.52495,-117.36453,0.8061414442147398
11901,1038,36.5504,-117.80295,-0.2462718783873277
11903,1038,33.999,-117.68,-0.4433445078559141
11904,1038,33.4019,-118.41502,-0.5738601352147489
11908,1038,34.25353,-118.33383,-0.8015883518191322
11909,1038,33.65,-117.009,-1.5750126398450404
11910,1038,34.10618,-118.45505,-0.7196902757183845
11911,1038,33.567,-116.631,0.4171711180238422
11917,1038,34.72832,-119.98803,-0.595383070222472
11918,1038,33.71264,-118.29381,1.6806986161168864
11920,1038,35.30177,-116.80574,0.0270640429721227
11921,1038,34.8294,-116.335,0.3431962124815361
11923,1038,35.66278,-118.47403,-1.3144527882481332
11925,1038,35.98249,-117.80885,0.1133446305948257
11926,1038,33.86889,-118.33143,1.335288233496032
11927,1038,34.00033,-118.37794,0.1158395135713891
11928,1038,34.73551,-120.27996,0.3607126514383463
11930,1038,34.9906,-118.34156,-0.0927660768365276
11931,1038,34.30529,-118.48805,0.1253772394114565
11932,1038,34.10819,-119.06587,-1.968636955430444
11933,1038,34.80762,-118.86775,1.08312919370783
11934,1038,34.61594,-117.82493,1.5030745950913376
11935,1038,33.684,-117.943,0.2010664315511513
11936,1038,34.93439,-117.69629,-0.7855531921221436
11937,1038,35.47954,-117.68212,-0.6297096181264978
11938,1038,34.3656,-117.36683,1.2552482022963127
11942,1038,34.005,-117.562,0.4338965666454507
11943,1038,34.28085,-118.9049,0.3823866037003885
11944,1038,34.81258,-119.1453,0.6665117641186836
11945,1038,36.05799,-117.48901,-0.6148609226820624
11947,1038,34.22362,-118.05832,0.1067605934904375
11948,1038,34.53412,-120.17737,-1.577594184144957
11949,1038,33.94539,-117.92372,-0.4013131623131297
11950,1038,34.6145,-118.7235,-0.4979252621355313
11951,1038,34.1484,-118.1711,-0.8297067512054732
11952,1038,34.44199,-118.58215,0.1598247931273055
11954,1038,35.40773,-120.54556,-1.011976618206468
11955,1038,35.945,-120.542,0.0266056639310872
11956,1038,33.354,-116.863,-0.2378223553030611
11958,1038,33.63,-116.8478,-1.351143451031211
11959,1038,34.281,-118.478,-0.2802547121791321
11960,1038,33.74346,-118.40412,0.1431710233866406
11961,1038,34.87533,-116.99684,1.1688633248415512
11962,1038,34.05073,-118.08085,-0.2331115202823881
11963,1038,33.99351,-117.37545,-1.119635586461454
11966,1038,34.44076,-119.71492,-1.3310279340450897
11968,1038,33.99543,-119.6351,-1.2518937304482924
11969,1038,33.553,-117.662,-0.147653544843678
11970,1038,34.56547,-120.50137,-0.4955351480970694
11972,1038,34.43692,-119.1375,-0.942090406304258
11973,1038,34.293,-119.1646,0.6617115174759325
11974,1038,35.89095,-117.28332,0.434179519174226
11975,1038,33.834,-116.797,-0.913156143761346
11976,1038,34.90218,-120.44709,1.1689600343170383
11977,1038,35.3142,-119.99581,1.4795132478693664
11978,1038,34.01438,-118.45617,0.0895577197822427
11980,1038,34.05933,-118.64614,0.1000948994619292
11981,1038,36.1355,-118.81099,-0.7143845076892882
11982,1038,33.829,-117.789,-0.7015486823966135
11983,1038,34.30302,-119.18676,1.4207817572965278
11984,1038,33.664,-117.769,-1.5133227999172478
11985,1038,34.106,-117.098,-0.3843982294567836
11986,1038,34.52775,-119.97834,-1.3741711484255823
11989,1038,35.14592,-119.41946,1.463523137066664
11991,1038,34.15607,-118.82039,-1.0123649851212315
11995,1038,35.84089,-119.08469,0.546142606258737
11996,1038,35.53664,-118.14035,0.7426296653633924
11997,1038,34.51085,-119.27407,0.5919354193330622
11998,1038,34.00948,-117.95077,0.9931122976038904
11999,1038,34.1717,-118.64971,-0.059882733735863
12244,1045,37.75896,-122.19756,-1.256297463800076
12245,1045,37.80285,-122.23033,0.5771013603406165
12248,1045,37.927,-122.078,0.6962766333268462
12256,1045,37.7986,-122.2684,0.4480289620376435
12257,1045,37.7897,-122.277,0.6276426027497284
12258,1045,37.879,-122.183,-0.7873752128662955
12259,1045,37.848,-122.16,-0.5977106831010819
12266,1045,37.821,-122.234,0.6824778817354952
12269,1045,37.87622,-122.23558,0.4158494089016551
20027,1045,38.03455,-120.38651,-1.5631386349996934
20029,1045,39.65471,-122.71595,-0.684330737199667
20032,1045,38.99349,-123.07234,1.3600599566182163
20034,1045,38.14478,-122.88018,0.8997184751184019
20035,1045,37.34164,-121.64257,-0.331271093360116
20036,1045,38.87874,-122.44277,-0.4957987341430327
20037,1045,39.55451,-121.50036,-1.92230899402304
20039,1045,35.945,-120.542,-0.8165593030715534
20041,1045,37.91608,-122.33607,0.6657772694240041
20042,1045,36.76403,-121.44722,-0.5422807403611957
20045,1045,37.81647,-122.06302,-1.0530558756917063
20047,1045,37.80787,-122.3618,0.7755399133568043
20053,1045,38.441,-122.701,1.1104204390301335
20062,1045,37.68,-121.739,1.4376364858455573
20064,1045,37.59094,-122.36741,-0.031112679527282
20065,1045,37.74766,-122.42528,-0.2879030287186384
20066,1045,37.40718,-122.00001,-0.9230511996451086
20067,1045,37.39415,-122.06041,-0.2300796466255573
20069,1045,37.59268,-122.07449,-0.8855608338633848
20070,1045,37.71737,-121.72701,0.9385027792525136
20071,1045,37.74484,-122.40134,1.329848465594972
20076,1045,37.37418,-122.0781,0.2112305471832643
20078,1045,37.69169,-122.16982,-1.3370715293698885
20082,1045,37.35834,-121.97775,-0.477246369574866
20083,1045,37.68873,-121.78351,0.8091206686392671
20086,1045,37.66666,-121.85715,0.3314014006056385
20087,1045,36.88311,-121.3908,1.063280631281941
20091,1045,38.02691,-122.01599,0.6402811970558901
20102,1045,39.68631,-123.58242,0.1127818048981359
20114,1045,38.15486,-121.80438,2.149109372353943
20117,1045,35.73065,-120.24986,-0.1613700052536144
13202,1064,33.63838,-116.4011,-0.5797007985907284
13203,1064,34.68708,-118.29946,0.2106398290568793
13204,1064,35.1269,-118.83009,0.3583839721533516
13205,1064,32.68005,-116.67215,-0.6978666592541728
13209,1064,34.23883,-117.65853,-1.2521376893144354
13210,1064,34.069,-116.39,-0.3356865625274281
13212,1064,33.80776,-117.98116,0.5484249476035471
13213,1064,34.68224,-118.57398,0.591140814261221
13214,1064,33.38822,-117.19495,-0.8870240200084153
13215,1064,35.52495,-117.36453,1.6755880757284751
13216,1064,36.5504,-117.80295,0.5688563535068333
13218,1064,33.999,-117.68,-1.2370022638437064
13219,1064,33.4019,-118.41502,-0.5421033941169282
13221,1064,34.093,-117.317,1.905626062920724
13222,1064,33.655,-115.99,0.211477712303507
13223,1064,34.63745,-115.38115,1.0999253297528444
13224,1064,34.25353,-118.33383,-0.5248718669778442
13225,1064,33.93597,-116.57794,1.3970619834900242
13226,1064,33.65,-117.009,-1.6435961673403925
13227,1064,34.10618,-118.45505,-0.4205112541951664
13228,1064,33.567,-116.631,0.1662935804422843
13229,1064,32.999,-116.942,-1.0513967358762184
13231,1064,32.65915,-116.10061,-0.8249934895906469
13234,1064,33.11675,-115.82267,0.0664728764637265
13235,1064,33.71264,-118.29381,-0.0905878475606936
13236,1064,33.051,-114.827,0.1406529926863779
13237,1064,33.1537,-117.22921,-1.4553036715346224
13238,1064,36.99608,-117.36621,0.2647661556501469
13239,1064,35.30177,-116.80574,0.0871819698536203
13240,1064,34.8294,-116.335,1.827671545130642
13243,1064,35.66278,-118.47403,-0.982302582402608
13244,1064,33.0859,-116.5959,0.0389258799236992
13249,1064,34.30529,-118.48805,-0.004080756410665
13250,1064,33.9753,-118.14918,-0.3877556698043454
13252,1064,34.80762,-118.86775,1.2275029374498974
13255,1064,35.47954,-117.68212,0.020296719231028
13256,1064,34.3656,-117.36683,0.151241426895397
13258,1064,33.818,-116.369,0.7700368215580864
13260,1064,34.005,-117.562,-0.0244106507458778
13261,1064,36.05799,-117.48901,0.2366307193559496
13262,1064,33.808,-116.968,1.4582990171202863
13264,1064,34.22362,-118.05832,-0.6927558113505539
13265,1064,34.78035,-116.55798,0.7133914012349937
13267,1064,33.556,-115.946,-0.4591019375816161
13268,1064,33.94539,-117.92372,-0.3731617688945433
13270,1064,34.6145,-118.7235,-0.4766027865561845
13271,1064,34.1484,-118.1711,-1.1324430888073789
13272,1064,34.1207,-117.63808,-0.733424076301022
13275,1064,33.82436,-116.51195,1.1197526525612629
13278,1064,33.63,-116.8478,-1.0692562955324632
13279,1064,34.87533,-116.99684,1.2820251424610298
13280,1064,33.97327,-117.32674,0.3753214980075058
13281,1064,34.05073,-118.08085,-0.541520537968575
13282,1064,33.99351,-117.37545,-0.9721043138480256
13283,1064,33.2801,-115.98585,0.5769539871448077
13284,1064,34.232,-117.235,0.2210415486514235
13285,1064,33.99543,-119.6351,-1.0049352474215585
13286,1064,33.553,-117.662,0.2150847109578232
13287,1064,32.784,-117.13805,-0.2972966269660511
13289,1064,34.43692,-119.1375,0.0322195027544667
13291,1064,35.89095,-117.28332,1.728630602697624
13292,1064,33.834,-116.797,-0.4870476258640114
13294,1064,34.01438,-118.45617,0.2363862415784193
13295,1064,34.05933,-118.64614,0.4222189193061748
13296,1064,36.1355,-118.81099,-0.5625600652061312
13297,1064,33.829,-117.789,-0.5853379475102306
13298,1064,34.30302,-119.18676,1.2070509474615276
13299,1064,33.664,-117.769,-0.4506140691027089
13300,1064,34.106,-117.098,0.527913836459103
13301,1064,32.94508,-115.79988,-1.009415101047402
13302,1064,34.52775,-119.97834,-0.1798099780521167
13305,1064,33.63495,-116.16402,0.6281005265152888
13307,1064,34.48364,-118.11783,-0.4118511800388056
13309,1064,35.53664,-118.14035,0.3520820031423162
13310,1064,32.75904,-115.73161,-0.5766436469767574
13311,1064,34.51085,-119.27407,-1.1850497856215014
13312,1064,34.00948,-117.95077,1.091117447966892
13361,1066,34.55046,-117.43391,1.6748237193013842
13362,1066,33.63838,-116.4011,-1.0112505283294917
13364,1066,34.68708,-118.29946,0.2724307795802734
13365,1066,32.68005,-116.67215,-1.0875698779633207
13366,1066,34.2623,-116.92075,0.845299987362824
13367,1066,33.921,-116.981,0.434325059864703
13369,1066,33.57508,-117.26119,0.0440007507708469
13371,1066,34.23883,-117.65853,-1.4917434860783223
13372,1066,34.069,-116.39,-0.6369801227000642
13373,1066,33.268,-116.417,-1.0138229058459642
13374,1066,33.80776,-117.98116,-0.354113626733437
13375,1066,33.4915,-116.667,-1.1175506884252888
13376,1066,33.38822,-117.19495,-1.210091030564698
13377,1066,35.52495,-117.36453,0.8750403291499542
13378,1066,36.5504,-117.80295,0.029814686034858
13383,1066,33.655,-115.99,-0.3638992774950581
13386,1066,33.93597,-116.57794,0.4037659538040265
13387,1066,34.10618,-118.45505,1.033334378659118
13388,1066,33.567,-116.631,0.995607010885
13389,1066,32.999,-116.942,-1.1021022762472052
13390,1066,34.88303,-117.99106,-1.6539905380079825
13392,1066,34.72832,-119.98803,-0.3877062004686066
13393,1066,33.71264,-118.29381,-0.0612404150825852
13394,1066,33.1537,-117.22921,-1.014747144785438
13396,1066,35.30177,-116.80574,-0.2061739614129953
13397,1066,34.8294,-116.335,0.3489545107365347
13398,1066,34.17643,-118.35967,0.6267994405349966
13401,1066,33.0859,-116.5959,-0.8031453872662838
13403,1066,34.36622,-116.61266,-0.103443985349572
13405,1066,33.86889,-118.33143,0.5421899261786485
13406,1066,34.00033,-118.37794,0.2410652686262409
13407,1066,34.73551,-120.27996,0.0506799348581876
13408,1066,34.9906,-118.34156,1.119431468029538
13409,1066,33.9753,-118.14918,-0.6498072555265556
13410,1066,34.10819,-119.06587,-0.5225259245998288
13411,1066,34.80762,-118.86775,2.133268773646192
13412,1066,34.61594,-117.82493,0.8248464348901338
13413,1066,33.684,-117.943,-0.2673374598384114
13415,1066,33.881,-118.176,0.3669482759857339
13416,1066,34.3656,-117.36683,0.9182205590817918
13420,1066,34.28085,-118.9049,-0.0533275457766965
13421,1066,34.81258,-119.1453,0.2633995173262217
13422,1066,36.05799,-117.48901,-0.8084041080487595
13424,1066,33.808,-116.968,2.3016613694159265
13426,1066,34.22362,-118.05832,-0.3625116601782491
13427,1066,34.53412,-120.17737,-0.6266152445308064
13428,1066,33.94539,-117.92372,-0.9495311782322412
13430,1066,34.1484,-118.1711,-0.4608363644410351
13431,1066,34.44199,-118.58215,1.6492187818318351
13432,1066,33.96273,-118.43702,0.8171696308730743
13433,1066,34.1207,-117.63808,-0.2800596751798949
13435,1066,35.40773,-120.54556,0.0461624410785774
13436,1066,35.945,-120.542,0.0398054351787072
13437,1066,33.354,-116.863,-0.3239473489566047
13440,1066,34.10473,-117.97956,-0.0129924936960771
13441,1066,33.74346,-118.40412,-0.8380453218761739
13442,1066,34.87533,-116.99684,1.3942809109261671
13443,1066,34.05073,-118.08085,-0.5712240239826868
13444,1066,33.99351,-117.37545,-0.8900329329755067
13445,1066,33.2801,-115.98585,-0.0303444629484187
13446,1066,34.44076,-119.71492,0.8244929832966676
13449,1066,33.553,-117.662,0.0950709242320451
13450,1066,34.56547,-120.50137,0.2148848216295328
13451,1066,34.43692,-119.1375,-0.2729272856040283
13452,1066,35.89095,-117.28332,-0.0429557197800165
13453,1066,33.834,-116.797,-0.6028888048208967
13454,1066,35.3142,-119.99581,0.7629837602362723
13455,1066,34.01438,-118.45617,0.5611634696310355
13457,1066,33.24787,-119.52437,-0.7672089108461301
13458,1066,34.05933,-118.64614,0.9584928569160908
13459,1066,33.829,-117.789,-0.6461080157912285
13460,1066,34.30302,-119.18676,0.3166640865508838
13461,1066,33.664,-117.769,-1.1100647011135856
13462,1066,33.79033,-118.19878,0.6309784630655281
13463,1066,34.106,-117.098,-0.5603103246868728
13464,1066,34.52775,-119.97834,0.5466675406040382
13465,1066,34.38203,-117.67822,-0.3552751300511775
13467,1066,35.14592,-119.41946,1.3355272806193703
13468,1066,33.63495,-116.16402,0.5065158913958111
13469,1066,37.05422,-118.23009,0.3965859030719286
13470,1066,34.15607,-118.82039,-0.1698132469986234
13472,1066,34.01919,-118.28631,-0.4517241283520191
13474,1066,35.84089,-119.08469,0.4141941109213196
13475,1066,34.56065,-117.3296,0.201244844983315
13476,1066,35.53664,-118.14035,0.3130193120590143
13478,1066,34.51085,-119.27407,-1.426946769260611
13479,1066,34.00948,-117.95077,1.123641984939168
13481,1066,33.94869,-118.25547,-0.3395899988571513
13502,1068,35.1269,-118.83009,0.4441260309479697
13503,1068,34.2623,-116.92075,0.4739050476532018
13504,1068,34.23883,-117.65853,-0.5561424520431766
13505,1068,34.069,-116.39,-0.5382296799779894
13506,1068,33.268,-116.417,0.3436172128565262
13507,1068,33.01213,-115.21987,1.2473228984627167
13508,1068,34.68224,-118.57398,-0.5759804390866472
13509,1068,33.4915,-116.667,-1.305001042900526
13510,1068,33.38822,-117.19495,-1.070046285221958
13513,1068,33.4019,-118.41502,-1.1744093537127638
13515,1068,33.655,-115.99,-1.380078634149089
13516,1068,34.25353,-118.33383,-1.2524040906182228
13517,1068,33.93597,-116.57794,0.677780398914902
13518,1068,33.65,-117.009,-1.2485119114684842
13519,1068,34.10618,-118.45505,-0.3601388790710616
13520,1068,33.567,-116.631,0.2190915385805278
13521,1068,32.999,-116.942,-0.7639493903960518
13522,1068,32.65915,-116.10061,1.2670124289630376
13524,1068,33.11675,-115.82267,2.170406941759045
13525,1068,33.71264,-118.29381,-0.4287801760777773
13526,1068,33.051,-114.827,0.325892741558369
13528,1068,33.1537,-117.22921,-1.1393323129143738
13529,1068,35.30177,-116.80574,0.6928693025541527
13530,1068,34.8294,-116.335,0.320216374505321
13532,1068,33.0859,-116.5959,0.3850732553680465
13533,1068,34.36622,-116.61266,0.7710277696978771
13535,1068,34.9906,-118.34156,-0.3767853917153245
13536,1068,34.3656,-117.36683,0.488865652807001
13538,1068,33.818,-116.369,0.0110929539265248
13540,1068,33.808,-116.968,2.413087351004203
13541,1068,33.6,-117.195,-0.2857203475404665
13542,1068,32.608,-116.93,-0.5022056798460296
13543,1068,34.6145,-118.7235,-0.5255783366023882
13544,1068,34.17141,-118.18523,-0.663641377193786
13545,1068,34.1207,-117.63808,0.601098563948161
13547,1068,33.354,-116.863,-0.7387695368115818
13548,1068,33.7953,-117.60906,-0.1612726402855828
13551,1068,33.63,-116.8478,-0.5211300878095902
13553,1068,33.99351,-117.37545,-0.5956809199626872
13554,1068,33.2801,-115.98585,0.175880931146145
13556,1068,34.232,-117.235,0.0814510912464822
13557,1068,33.99543,-119.6351,-1.3190384696677109
13558,1068,33.553,-117.662,0.6469159002114767
13560,1068,32.944,-115.718,1.7554955655391231
13561,1068,33.834,-116.797,-0.4217921206630751
13562,1068,34.05933,-118.64614,0.7216754332450874
13563,1068,33.829,-117.789,-0.6304133511084109
13564,1068,34.106,-117.098,0.0543925244243723
13565,1068,32.94508,-115.79988,0.6651560605636808
13566,1068,34.38203,-117.67822,0.4595750187191798
13570,1068,32.75904,-115.73161,1.961217118308275
13809,1075,34.55046,-117.43391,0.4392326564236429
13810,1075,34.68708,-118.29946,-0.4368453349177923
13811,1075,35.1269,-118.83009,0.1844054518611825
13814,1075,33.921,-116.981,-0.3340321698162871
13818,1075,34.069,-116.39,-1.8530334724768631
13824,1075,35.52495,-117.36453,1.6106204323573086
13825,1075,36.5504,-117.80295,0.5000178073419945
13827,1075,33.999,-117.68,-1.0207425796554752
13828,1075,33.4019,-118.41502,-0.4944663602141945
13830,1075,34.093,-117.317,2.4336597266036866
13831,1075,34.63745,-115.38115,0.5892714961802928
13833,1075,33.93597,-116.57794,0.5759088996876718
13836,1075,33.567,-116.631,0.2928543226342248
13842,1075,33.051,-114.827,-0.5687425436722648
13845,1075,35.30177,-116.80574,-0.2231304540348334
13846,1075,34.8294,-116.335,-0.0866130251584778
13852,1075,35.13066,-115.18416,1.0426937726415746
13853,1075,34.9906,-118.34156,-0.0603341952937664
13854,1075,34.80762,-118.86775,0.2916927090898109
13857,1075,34.3656,-117.36683,-0.5414636488964674
13859,1075,33.818,-116.369,0.5841429348865129
13862,1075,33.808,-116.968,0.8007706275115279
13868,1075,34.6145,-118.7235,-1.1861933842883892
13870,1075,33.96273,-118.43702,1.1289589180821815
13871,1075,34.1207,-117.63808,-0.0753470539296857
13874,1075,33.354,-116.863,-0.8570304055655006
13878,1075,34.09181,-117.80709,-0.4049423167740915
13880,1075,33.74346,-118.40412,-0.6004207552260667
13881,1075,34.87533,-116.99684,0.8592441516953427
13884,1075,33.99351,-117.37545,-0.2656040261715283
13885,1075,33.2801,-115.98585,-0.5310294895716673
13887,1075,34.232,-117.235,0.3097597728746995
13888,1075,33.553,-117.662,-0.0764062270498275
13889,1075,32.784,-117.13805,-1.3377113858018177
13891,1075,34.43692,-119.1375,-0.7356122106504515
13892,1075,35.8996,-116.27515,0.6942974140066902
13893,1075,35.89095,-117.28332,1.5019707550077777
13894,1075,33.834,-116.797,-0.5789893435066061
13897,1075,36.1355,-118.81099,-0.0989280515898307
13898,1075,33.829,-117.789,-0.2145774672146288
13899,1075,34.30302,-119.18676,1.2299707486026388
13900,1075,33.664,-117.769,-1.2771603790932116
13903,1075,34.38203,-117.67822,-0.2793554615263586
13905,1075,33.63495,-116.16402,0.7597800999947408
13907,1075,34.48364,-118.11783,-0.8796336319084453
13910,1075,32.75904,-115.73161,-0.4959975681310157
13911,1075,34.51085,-119.27407,-1.609623722473292
13912,1075,34.00948,-117.95077,1.1119457500416112
13913,1075,34.1717,-118.64971,0.0921736429331944
15922,1128,34.55046,-117.43391,1.518315894415958
15926,1128,34.2623,-116.92075,0.09455981618868
15928,1128,33.57508,-117.26119,0.1687035880399787
15929,1128,33.80776,-117.98116,0.5028655286842043
15931,1128,33.38822,-117.19495,-0.4191863219335782
15933,1128,33.999,-117.68,-1.0905848625815329
15936,1128,34.093,-117.317,1.4621070391292823
15937,1128,34.0602,-117.809,0.2506118348866587
15939,1128,34.25353,-118.33383,-1.5384851298582864
15942,1128,34.10618,-118.45505,-0.9086268996928468
15943,1128,32.999,-116.942,-0.2739953836383705
15946,1128,33.71264,-118.29381,0.489411114163792
15949,1128,35.30177,-116.80574,0.0835205664940508
15950,1128,34.8294,-116.335,0.5948878438466967
15952,1128,33.86889,-118.33143,2.0950406242436923
15953,1128,34.00033,-118.37794,0.5442183567909538
15956,1128,33.9753,-118.14918,-0.5002847533961757
15958,1128,34.61594,-117.82493,-0.449278484818526
15959,1128,33.684,-117.943,-1.3686130708781004
15962,1128,34.3656,-117.36683,0.9294326438244148
15963,1128,33.3516,-116.5615,0.608230933191185
15964,1128,34.005,-117.562,-0.416695546535228
15965,1128,33.808,-116.968,1.6358170692375202
15968,1128,33.94539,-117.92372,-0.7112311221168889
15970,1128,34.1484,-118.1711,-0.6802696297193223
15972,1128,33.96273,-118.43702,1.6947422518160031
15975,1128,33.354,-116.863,1.2967891437903332
15976,1128,33.7953,-117.60906,-0.9985149283522456
15977,1128,33.63,-116.8478,-0.9921082674256428
15979,1128,34.10473,-117.97956,0.7142570265801634
15980,1128,33.74346,-118.40412,-0.8677038097659561
15981,1128,34.87533,-116.99684,1.2338414243462772
15982,1128,33.97327,-117.32674,-0.8864733841114931
15983,1128,34.05073,-118.08085,-0.1094931800965506
15984,1128,33.99351,-117.37545,-1.007943220095811
15987,1128,33.553,-117.662,0.3923259618728187
15990,1128,34.05933,-118.64614,-0.0642709119624938
15991,1128,33.829,-117.789,-0.7750982457102458
15992,1128,34.30302,-119.18676,0.2893520415328493
15997,1128,34.01919,-118.28631,-0.1672386523890429
15998,1128,34.48364,-118.11783,-0.3590318918396392
15999,1128,34.00948,-117.95077,0.8023681979128541
