recid,eqid,station_latitude,station_longitude,scaled_deltaW
50,30,33.801,-118.387,-0.2369705172924439
51,30,33.5556,-116.674,0.6624533033087646
52,30,35.37,-119.021,-1.3886282479356828
53,30,33.26,-116.37,0.456357066972004
54,30,35.16,-119.35,-0.8590593876343379
55,30,33.9121,-117.838,-1.4280174769304352
56,30,34.564,-118.642,1.5675247777048964
57,30,34.31,-117.3,0.1180886850427024
59,30,35.733,-120.29,-0.9599426943941908
60,30,35.671,-120.359,0.1473480412292989
61,30,34.059,-117.312,-0.872575034445017
62,30,34.704,-118.426,0.6453581305742162
63,30,34.87,-118.9,-2.2779065956649465
64,30,34.808,-118.72,0.1735299654972231
65,30,33.729,-116.979,0.8560034783310471
66,30,35.644,-118.474,0.2180533013380083
67,30,34.09,-118.339,0.4880464200506242
68,30,33.77,-118.23,-1.0209341956584288
69,30,34.674,-118.43,2.2852082879909243
70,30,34.571,-118.56,0.6068069392936503
71,30,34.65,-118.478,0.5268871796611911
72,30,34.608,-118.558,-0.7198495714792572
73,30,35.997,-119.486,0.3574398227509016
74,30,35.04,-119.429,-0.4269064788055003
75,30,35.078,-119.401,-0.9302246240030138
77,30,34.57806,-118.11401,0.9694201875271368
78,30,34.139,-118.121,1.0566583423371996
80,30,34.5083,-117.922,-0.1689156769395958
81,30,34.145,-119.206,0.0592921559825796
82,30,34.091,-117.808,0.0434856870163063
83,30,32.719,-117.163,0.1220169790966688
84,30,33.4894,-117.671,1.9540211186743848
85,30,33.37,-117.56,0.5292177396054709
86,30,34.185,-118.018,-0.7004455252312205
87,30,34.46,-118.753,0.1487801014034372
88,30,34.9417,-118.827,-1.7812592402385037
89,30,34.41,-119.85,0.8047117339263004
90,30,34.155,-117.675,-0.257568836198939
91,30,35.027,-118.791,-1.1993932440315278
92,30,34.02,-118.053,-0.6620815194214308
93,30,34.36,-117.63,0.3444552953614577
321,76,36.503,-120.32,0.6006894784918968
322,76,35.639,-120.404,0.0182597352432613
323,76,35.743,-120.277,0.5325680858157819
324,76,35.751,-120.259,-1.2088484138784426
326,76,35.77,-120.247,-1.1737886121502443
327,76,35.724,-120.294,-0.3655370905979247
328,76,35.707,-120.316,-0.930405937929524
329,76,35.718,-120.304,0.1428630353466008
330,76,35.697,-120.328,-0.3367620257801992
331,76,35.684,-120.342,-0.2408114242081311
332,76,35.671,-120.359,-0.5649194071086252
334,76,35.872,-120.422,0.8396339906714796
335,76,35.896,-120.398,-0.3049039910379278
336,76,35.899,-120.433,0.5127447060721098
337,76,35.908,-120.458,2.2820026344052824
338,76,35.921,-120.481,1.0949120752148795
339,76,35.927,-120.456,0.5447722927384374
340,76,35.787,-120.334,1.115367055333971
341,76,35.803,-120.334,0.6120913175990405
342,76,35.836,-120.395,-0.0392439606217008
343,76,35.859,-120.42,-0.7290402397573154
344,76,35.871,-120.404,0.0742248008010814
345,76,35.878,-120.381,0.270223132308448
346,76,35.879,-120.445,-0.1424381232944414
347,76,35.818,-120.378,0.1211396847770523
348,76,35.843,-120.348,-0.3097202835495285
349,76,35.812,-120.391,-0.3362701624000496
350,76,35.87,-120.334,-0.4731057678265281
351,76,35.796,-120.411,0.945187708122958
352,76,35.785,-120.444,-0.2697139065610934
353,76,35.77,-120.477,0.6204799547770323
354,76,35.738,-120.507,-0.4120129951000711
355,76,35.81,-120.282,-0.1194617010448423
356,76,35.833,-120.27,-0.3935082714405353
357,76,35.855,-120.281,-0.4500271486288629
358,76,35.957,-120.481,1.730812230519919
359,76,35.934,-120.497,0.1561724041518158
361,76,35.927,-120.509,-0.6707112622824349
362,76,35.922,-120.534,0.8481848897544453
363,76,35.905,-120.55,-0.2528345476917319
365,76,35.861,-120.6,-0.0735086166979866
368,76,36.034,-120.59,1.5806450943040586
588,113,34.07,-118.15,1.731408157266158
589,113,34.177,-118.096,-0.1169770890198582
590,113,33.817,-117.951,-1.1014828923949895
591,113,34.13,-118.036,0.1422999087626906
592,113,34.236,-118.439,0.1214968348442217
593,113,34.1,-117.974,0.0809521640382459
594,113,33.965,-118.158,1.0470677089501503
595,113,34.127,-118.405,0.0386319286935383
596,113,34.132,-118.439,-0.0783692234546374
598,113,33.916,-117.896,-0.5915346908380701
599,113,33.89,-117.927,-0.4963399553960688
600,113,33.8904,-117.9258,-0.0029827803276705
601,113,34.168,-118.331,0.4777816451548694
602,113,34.15,-118.696,-0.8409308320482827
603,113,34.212,-118.606,0.1410100628515855
604,113,34.419,-118.426,0.3153063099889137
605,113,33.9121,-117.838,-1.5923966677190695
606,113,33.812,-118.27,-0.6790726713018035
608,113,34.459,-118.65,0.4587015635792725
609,113,34.564,-118.642,1.5702459925353578
610,113,33.899,-118.196,1.6786795680773998
611,113,34.078,-117.871,-0.4771511939206691
612,113,34.087,-117.915,-0.5592735459132614
613,113,33.92,-118.137,1.4267525014655795
614,113,33.924,-118.167,1.496951664929535
615,113,34.093,-118.019,-0.2354614578206419
616,113,33.869,-117.709,-0.953518774485924
617,113,33.719,-117.937,-0.9459728495393738
618,113,34.049,-118.112,1.357327985393824
619,113,34.2,-118.231,-0.0090913984663072
620,113,34.137,-117.883,-0.6043196299760111
621,113,33.99,-117.943,-1.5038316097965292
622,113,33.729,-116.979,0.3374183967956826
623,113,33.662,-117.997,-0.9452859505536914
624,113,33.905,-118.279,1.1314452072785692
625,113,33.929,-118.26,1.1915206788605304
626,113,34.009,-118.361,-0.1439969230340952
627,113,34.001,-118.431,-1.57749932449676
628,113,34.063,-118.418,-0.7914391629681867
629,113,34.062,-118.416,-0.7230143707092597
630,113,34.086,-118.481,-0.4114712241922489
631,113,34.088,-118.222,0.1067533407058997
632,113,34.004,-118.23,-0.1551278920256897
633,113,34.115,-118.244,1.199618163281668
634,113,34.09,-118.339,0.6645872491599573
635,113,34.089,-118.435,-1.4509786854038835
636,113,34.111,-118.189,0.2224623669014446
637,113,34.082,-118.298,-0.2690484215374193
638,113,34.037,-118.178,0.9438730292622102
639,113,34.005,-118.279,-0.0645456909548263
640,113,34.046,-118.355,-1.0750932592222664
641,113,33.976,-118.289,0.8290059992614155
643,113,33.754,-118.2,0.5639657521184835
644,113,33.881,-118.176,2.225834924808158
645,113,33.84,-118.194,1.6697588165331605
646,113,33.778,-118.133,0.0664173625277236
647,113,34.238,-118.254,0.79477657230001
648,113,33.921,-117.973,-0.2941621146608164
649,113,34.026,-117.918,-1.6020455069240185
651,113,33.846,-118.099,1.688035345882059
652,113,34.688,-118.156,-0.5271530397872611
653,113,33.897,-118.346,0.3183183982088689
654,113,34.6,-118.241,-0.5061714379998377
655,113,34.604,-118.244,-1.497906236586691
656,113,34.045,-118.638,-0.6700864335167929
657,113,34.013,-118.8,0.4517053486583564
658,113,34.024,-118.788,0.4940100626310972
660,113,34.39,-118.08,0.4207912835581684
661,113,34.288,-118.881,0.0743937229492013
662,113,34.224,-118.057,-0.2962114735778961
663,113,34.194,-118.412,0.3817572973234299
664,113,34.387,-118.533,-0.38390326710281
665,113,34.391,-118.622,-0.3251754928902406
666,113,34.209,-118.517,0.1116317533117666
667,113,33.915,-118.07,0.7135485234824851
668,113,33.9354,-117.884,-0.9075205927646512
669,113,34.042,-118.554,-2.836719275171361
670,113,34.296,-118.375,1.463238429191445
671,113,34.25,-118.42,0.2568395756788073
672,113,34.222,-118.442,0.154394194946641
674,113,34.139,-118.121,-0.14440478993309
682,113,34.168,-118.078,0.1565020498920498
683,113,33.96,-118.432,-0.9823329926445724
684,113,34.056,-117.748,-1.23588403486644
685,113,34.104,-117.574,-0.5003823606595804
686,113,33.74,-118.335,0.9960806835198548
687,113,33.951,-117.446,-2.1361205752406445
688,113,34.827,-118.265,0.7588270042091483
689,113,34.091,-118.093,0.723668056706638
690,113,34.115,-118.13,0.1799150466701113
691,113,33.944,-118.087,1.2617928039713646
692,113,34.005,-118.485,-0.2668999858720658
693,113,34.146,-118.412,0.999053529820662
694,113,34.221,-118.421,0.144554939924598
695,113,34.235,-118.366,-1.0531056748958438
696,113,34.269,-118.303,0.3220746791400284
697,113,34.326,-118.444,0.1076297878893511
698,113,34.306,-118.437,-0.1376942311009601
699,113,34.16,-118.534,0.4162486660488347
700,113,33.736,-118.269,0.5724987615391544
701,113,33.822,-118.356,-0.3219939291736765
703,113,33.821,-117.818,-1.6306617637552066
704,113,34.064,-117.952,-0.3619789567688424
705,113,34.02,-118.053,-1.1025817461462368
706,114,34.07,-118.15,0.5023098867273704
707,114,34.177,-118.096,0.3320229993335931
708,114,33.924,-118.167,-0.3194603099129487
709,114,33.905,-118.279,0.9168217053409428
710,114,33.929,-118.26,0.9652066494942813
711,114,34.009,-118.361,1.2013324764481197
712,114,34.09,-118.339,-0.1820168217558498
713,114,34.037,-118.178,1.0718415801457104
714,114,34.224,-118.057,-0.3259745972371358
715,114,34.115,-118.13,0.2513455175214834
716,114,34.16,-118.534,-0.4086485148549836
3683,114,33.817,-117.951,-0.0484741927165703
3684,114,34.13,-118.036,-0.0377635551475501
3685,114,34.1,-117.974,0.4865445701063525
3686,114,33.965,-118.158,0.4005231440361702
3687,114,34.127,-118.405,-1.0223759523714264
3688,114,34.286,-118.225,0.3342359650090625
3689,114,33.916,-117.896,0.2215216888233031
3690,114,33.847,-118.018,0.779949239945383
3691,114,34.168,-118.331,-0.1653925404042813
3693,114,34.212,-118.606,-0.1973256315541253
3695,114,33.812,-118.27,-0.7733207594293163
3697,114,33.899,-118.196,-0.0415423314511906
3698,114,34.078,-117.871,-0.2016579136989303
3699,114,34.087,-117.915,-0.0153382126874035
3700,114,33.92,-118.137,-0.4012782496428596
3701,114,34.093,-118.019,-0.3432907855146748
3702,114,33.719,-117.937,-0.1811691541747221
3703,114,34.2,-118.231,0.4335929011967945
3704,114,33.79,-118.012,0.9663351149468354
3705,114,34.137,-117.883,-0.7963125876911945
3706,114,33.99,-117.943,-0.7471571965857366
3707,114,34.001,-118.431,-0.7830925363743195
3708,114,34.088,-118.222,-1.2248848041351246
3709,114,34.004,-118.23,0.7263478502251887
3710,114,34.115,-118.244,0.0207777179257658
3711,114,34.089,-118.435,-1.5652891314712851
3712,114,34.111,-118.189,-0.8664999460158622
3713,114,34.082,-118.298,-0.5645632687523467
3714,114,34.005,-118.279,0.4116644927358608
3715,114,34.046,-118.355,-0.2540063807334157
3716,114,33.976,-118.289,1.100827714197801
3719,114,33.921,-117.973,0.7989812951726325
3720,114,34.026,-117.918,-0.9964927717087144
3721,114,33.846,-118.099,0.9279446249060188
3722,114,33.897,-118.346,0.944211561942513
3723,114,33.881,-118.176,0.8553074180649903
3725,114,33.886,-118.389,1.7060261228721718
3726,114,34.39,-118.08,1.0718641161908429
3727,114,34.194,-118.412,-0.1652937609198244
3728,114,34.209,-118.517,-0.1749359302820592
3729,114,34.042,-118.554,-2.741284571210706
3730,114,34.25,-118.42,-0.2714840911999099
3731,114,34.222,-118.442,0.2916723412014315
3732,114,34.168,-118.078,0.1234841090364348
3733,114,34.091,-118.093,-0.304926365297323
3734,114,33.944,-118.087,0.1115602016231162
3735,114,34.146,-118.412,0.1247684405059915
3736,114,34.221,-118.421,-0.0027464333365987
3737,114,34.235,-118.366,-1.435134743123938
3738,114,34.269,-118.303,0.4546558720617975
3739,114,34.306,-118.437,-0.103803099753934
3740,114,33.822,-118.356,0.7838466283851738
3741,114,33.821,-117.818,-0.7902363914856665
3742,114,34.064,-117.952,0.0153630704295012
730,118,37.465,-122.342,0.5963672316850562
732,118,37.657,-122.082,0.4046354217737998
733,118,37.657,-122.061,-0.3367952056950963
734,118,37.484,-122.313,0.7810850559834904
735,118,37.47,-122.32,0.3500932702448706
736,118,37.397,-121.952,-1.90769253615996
737,118,37.785,-122.303,1.3498366722844293
740,118,37.047,-121.984,-0.1448101105121149
741,118,36.573,-121.184,-0.9881145432168
742,118,36.532,-121.143,-1.0552109544168726
743,118,36.658,-121.249,1.5903070760307114
744,118,36.569,-121.043,-0.8608220331162652
745,118,36.673,-121.195,-0.5875907983774399
746,118,36.483,-121.18,-1.2580821907789812
747,118,37.512,-122.308,0.5786585147581258
748,118,37.87,-122.24,0.6195722601076012
749,118,37.876,-122.249,2.5459906485347994
750,118,37.452,-121.807,0.4658302292625602
751,118,36.973,-121.953,-0.6964637300684919
752,118,37.05,-121.803,-1.2353154640154025
753,118,37.124,-121.551,-1.7722939960127908
754,118,37.118,-121.55,0.3932309657205194
755,118,37.709,-121.932,-0.1499082561597971
756,118,37.492,-122.136,-0.1694169965194725
757,118,37.844,-122.295,2.193087502760787
760,118,37.535,-121.929,-0.9459256463750968
761,118,37.53,-121.919,-0.7699350393496478
762,118,36.973,-121.568,-1.0809539866099271
763,118,37.009,-121.569,-0.9920287454787208
765,118,36.982,-121.556,-1.2114944675364645
766,118,36.987,-121.536,-1.1800992401720842
767,118,37.001,-121.522,-1.650952246120979
768,118,37.026,-121.484,-0.2987606300072066
769,118,37.033,-121.434,-2.0903746393230045
770,118,37.808,-122.476,3.2896769081175923
771,118,37.338,-121.714,-1.3575963663443125
772,118,37.67,-122.086,1.3573449233302168
773,118,37.679,-122.082,-0.2245114749489299
774,118,36.765,-121.446,-0.9286798048526156
775,118,36.848,-121.397,1.2272624934468646
776,118,36.85,-121.4,0.5369450583411858
777,118,36.888,-121.413,-0.1248353249636479
778,118,37.172,-122.01,-0.1477926257182799
780,118,37.529,-122.361,-0.7985240942625549
781,118,36.597,-121.897,-1.0458750603244389
782,118,37.813,-122.314,2.5265091111703817
783,118,37.806,-122.267,2.278722039034696
784,118,38.043,-122.797,3.056213431851293
785,118,37.453,-122.112,0.2140617919698278
786,118,37.42,-122.21,1.455767103503451
789,118,37.935,-122.342,2.04146721562869
790,118,36.753,-121.395,0.4432658164594076
791,118,37.728,-122.385,-0.514767883096949
792,118,37.778,-122.513,2.4183092775127486
793,118,37.74,-122.432,0.8788239065744138
795,118,37.792,-122.457,2.40454762921052
797,118,37.803,-122.408,0.2862143012920885
798,118,37.622,-122.398,1.106874613831553
799,118,36.671,-121.642,-1.9987130870337515
800,118,37.21,-121.803,-0.306042944934046
801,118,37.255,-122.031,-0.9194349678466688
802,118,37.262,-122.009,-0.517103681814272
805,118,37.402,-122.025,-0.870083564943032
806,118,37.597,-121.88,-0.5419880460875678
808,118,37.001,-122.062,-0.38350908318851
809,118,37.001,-122.06,-0.2381490061024838
810,118,36.972,-121.995,0.3673704166536409
811,118,37.429,-122.258,0.1258695021121996
812,118,37.807,-122.361,0.1580676773788164
831,125,34.56,-115.743,0.9963528890209888
832,125,33.817,-117.951,0.5993523216516842
833,125,34.127,-118.059,-0.3421037240668995
834,125,34.13,-118.036,0.3228813108629865
835,125,35.271,-116.066,-0.0005035102807393
836,125,34.1,-117.974,0.5288806194934352
837,125,34.887,-117.047,0.0765882831627727
838,125,33.965,-118.158,0.3342730783767205
839,125,34.286,-118.225,-0.0448196212469924
840,125,35.002,-117.65,1.0415171911091197
841,125,33.916,-117.896,0.0080680768594131
842,125,33.847,-118.018,0.6522822388528302
843,125,34.168,-118.331,1.3645134114590616
844,125,34.15,-118.696,-1.039026283111857
845,125,34.358,-118.571,0.2608865493251848
846,125,33.899,-118.196,1.0199131169635642
847,125,34.851,-116.858,-0.0494191274108231
848,125,34.087,-117.915,0.515468039317237
849,125,33.962,-116.509,-0.274095833175987
850,125,33.924,-118.167,0.5376665668024131
851,125,34.15,-117.939,-0.511338625143222
852,125,34.093,-118.019,0.0223554189921816
853,125,33.869,-117.709,-0.184916271956116
854,125,35.268,-116.684,-0.095675363311421
855,125,33.719,-117.937,0.6278545249896108
856,125,34.2,-118.231,-0.3192171144094752
857,125,34.137,-117.883,0.2524868908317704
858,125,33.99,-117.943,0.7640251468856598
859,125,33.729,-116.979,-0.4004937460999381
860,125,33.727,-118.044,0.8071895002782544
861,125,33.717,-116.155,-0.151273833326522
862,125,33.905,-118.279,0.7157498841062808
863,125,34.13,-116.314,-0.4677473805799053
864,125,33.929,-118.26,0.0142855578335134
865,125,34.004,-118.23,0.1373271539109178
866,125,34.115,-118.244,0.6820703526880473
867,125,34.111,-118.189,-0.0455705846387157
868,125,34.082,-118.298,-0.3262224433633427
869,125,34.037,-118.178,0.4764237327315748
870,125,34.005,-118.279,-0.439519583680231
871,125,34.045,-118.298,-0.0205449090538768
872,125,33.976,-118.289,0.3805913723440387
873,125,33.881,-118.176,0.9632829956477156
874,125,34.238,-118.254,0.334920530198848
875,125,33.921,-117.973,0.6761522414666284
876,125,34.026,-117.918,-0.1723748453059035
877,125,33.846,-118.099,1.0347866203012006
879,125,33.905,-116.419,-1.823011435420804
880,125,34.04856,-116.57816,-0.9139586093469678
881,125,33.924,-116.543,-0.5750063870595469
882,125,34.209,-118.517,-0.0238651643732866
883,125,33.829,-116.512,-0.0818629182354784
884,125,34.056,-117.748,0.8501951789694265
885,125,33.324,-116.683,-1.859712660326
886,125,33.951,-117.446,-1.3800078611053364
887,125,34.065,-117.292,0.7566317879265423
888,125,34.091,-118.093,0.3648398527056677
889,125,33.944,-118.087,0.8847655372514945
890,125,33.851,-116.852,-1.9260795223790548
891,125,34.221,-118.421,0.3594486506230538
892,125,34.235,-118.366,-0.9316580840288744
893,125,34.269,-118.303,0.8311996971572465
894,125,34.16,-118.534,-0.0285815395737482
895,125,33.7278,-117.824,0.3701481464039128
896,125,34.021,-116.009,-2.363222474501354
897,125,33.821,-117.818,-0.3085299325054403
898,125,34.064,-117.952,0.3838785461664696
899,125,34.904,-116.823,0.566881388777516
3751,125,34.088,-116.919,-0.0099289323634668
3752,125,33.925,-116.389,-0.2723464009327764
3753,125,33.74624,-116.2163,0.9045457431395618
3755,125,35.043,-116.572,0.5411140222742202
3756,125,33.92474,-116.54794,-0.4935550481243633
3757,125,33.81663,-116.3945,-0.3165504073623911
3758,125,33.99,-116.656,-1.1397979681599733
3759,125,34.238,-116.935,-1.1532424506182215
900,126,34.238,-116.935,-1.6998642668846171
901,126,33.962,-116.509,2.366219746929674
902,126,33.426,-116.078,-0.3376628215543189
903,126,34.662,-118.387,1.6514598216074992
904,126,33.869,-117.709,0.0574817754009795
905,126,33.729,-116.979,0.5024232406930461
906,126,34.405,-117.313,0.2008637588511827
907,126,33.717,-116.155,0.3755060847935001
908,126,33.715,-116.221,0.2063609472398587
909,126,34.13,-116.314,0.0002183199698609
910,126,34.04,-118.445,0.4335753475181423
911,126,34.053,-118.171,1.0567180119188169
912,126,34.059,-118.246,1.1866991079527591
913,126,34.062,-118.198,0.5734242122094807
914,126,33.628,-116.28,-1.5974821244538022
915,126,33.564,-115.987,1.6239733008113857
916,126,34.233,-117.661,-1.188871964703747
917,126,33.634,-117.902,0.4742139344425692
918,126,33.421,-115.831,1.0787276193045083
919,126,33.504,-115.913,1.4234223492345783
920,126,33.829,-116.512,0.0331685789167356
921,126,34.458,-117.909,0.3434930843770319
922,126,34.467,-117.52,-0.0445043016774649
923,126,33.324,-116.683,-2.0324617518277504
924,126,34.169,-117.579,-0.4684128148752957
925,126,34.104,-117.574,-0.6894650019863804
926,126,33.951,-117.446,-1.3297188294769218
927,126,33.58,-116.931,-2.30776595561851
928,126,33.28,-115.984,1.4720575537821374
929,126,34.103,-117.288,-0.1409482563382824
930,126,34.065,-117.292,0.5530460114775483
931,126,33.76,-116.96,-0.6199398541009052
932,126,33.757,-118.084,0.1384220553742687
933,126,33.851,-116.852,-1.888282349687781
934,126,33.888,-116.684,-1.5791981364891017
935,126,34.16,-118.534,-0.1403589538961925
936,126,33.496,-117.149,1.5681617958598373
937,126,33.64,-117.094,-1.180091310975418
938,126,34.314,-117.545,-0.7280558781925724
939,126,34.369,-117.658,0.5218258168629413
940,126,34.904,-116.823,0.6078052451174832
6056,126,34.136,-117.213,-0.9877183604887168
6057,126,33.925,-116.389,0.392611612955009
6058,126,34.04856,-116.57816,0.9548572998885833
6059,126,33.92474,-116.54794,0.9438614276855012
941,127,34.07,-118.15,0.207921193165898
942,127,34.016,-119.362,-0.8725230710131667
943,127,33.817,-117.951,-0.0956203585255933
944,127,34.58,-118.199,-0.044598811360464
945,127,34.758,-118.361,-0.6173121798857354
946,127,34.127,-118.059,-0.2081864616175896
947,127,34.13,-118.036,-0.3039662250626983
948,127,34.236,-118.439,-0.6601157638207882
949,127,34.1,-117.974,-0.621280976417875
950,127,33.965,-118.158,-0.2942789901100694
951,127,34.127,-118.405,0.6983995762594966
952,127,34.132,-118.439,1.956444452593871
953,127,34.286,-118.225,-0.2421055356130172
954,127,33.916,-117.896,0.1400756023189018
955,127,33.847,-118.018,0.1871678686868274
956,127,34.204,-118.302,-1.2654931180483706
957,127,34.208,-119.079,0.4786737949333096
958,127,34.212,-118.606,-0.837380510094647
959,127,34.419,-118.426,0.095556742498309
960,127,33.812,-118.27,-1.4539559869663532
962,127,34.564,-118.642,2.0838655546751865
963,127,33.899,-118.196,-0.8129714722167783
964,127,34.078,-117.871,-0.49649940186461
965,127,34.087,-117.915,-0.3519519947947471
966,127,33.92,-118.137,-0.5386406436968275
967,127,33.924,-118.167,0.0632519323106926
968,127,34.15,-117.939,-1.2797398586185766
969,127,34.093,-118.019,-0.4082276950882036
970,127,34.662,-118.387,-0.2102119673301413
971,127,33.869,-117.709,0.5414282151920482
972,127,33.79,-118.012,0.2652613672736043
973,127,34.2,-118.231,-1.897720388604525
974,127,34.137,-117.883,-0.763464228574812
975,127,33.99,-117.943,-0.4196422458054896
976,127,33.731,-117.023,0.2518414114422764
977,127,34.088,-118.365,0.9747195750343928
978,127,33.727,-118.044,-0.906900306379939
979,127,33.662,-117.997,-0.2254359704901228
980,127,33.905,-118.279,-0.322133462507886
981,127,34.312,-118.496,1.0837353301486743
982,127,34.313,-118.498,0.960397297276886
983,127,33.929,-118.26,-0.210958645250395
984,127,34.009,-118.361,-0.4880749335426684
985,127,34.063,-118.463,0.142358410910799
986,127,34.001,-118.431,0.5087476609446736
987,127,34.063,-118.418,0.3498295552142901
988,127,34.086,-118.481,1.3348662391513166
989,127,34.053,-118.171,0.1856791072162057
990,127,34.088,-118.222,-0.5283014854673216
991,127,34.004,-118.23,-0.7263989962485772
992,127,34.115,-118.244,0.2115102859647222
994,127,34.09,-118.339,0.8149564637411093
995,127,34.089,-118.435,0.0464994081257976
996,127,34.111,-118.189,-0.9657932430256854
997,127,34.082,-118.298,-0.1821807559023741
998,127,34.037,-118.178,0.5495866624589284
999,127,34.043,-118.271,-0.5461858460840884
1000,127,34.005,-118.279,0.0563076410501265
1001,127,34.021,-118.287,-1.014266195701785
1002,127,34.046,-118.355,1.1154927468246325
1003,127,34.24892,-118.4789,0.4552448917179684
1004,127,34.059,-118.246,0.6244745788390652
1005,127,34.068,-118.439,0.1195814474635297
1006,127,34.062,-118.198,-0.0675327873427983
1007,127,34.045,-118.298,-0.2582781529650477
1011,127,34.106,-118.454,1.229864006266196
1012,127,34.294,-118.483,0.5137875307650025
1013,127,33.768,-118.196,-0.5000579187480254
1014,127,33.84,-118.194,-0.1999184543668247
1015,127,34.238,-118.254,-0.8778161369079392
1016,127,33.921,-117.973,0.1437127395104446
1017,127,34.026,-117.918,-0.4612941249170484
1018,127,34.674,-118.43,1.125467896400525
1019,127,34.571,-118.56,-1.3663250386187282
1020,127,34.65,-118.478,-0.4307453859736103
1021,127,34.65,-118.477,-1.360303994358051
1022,127,34.608,-118.558,-1.9193728917544304
1023,127,33.846,-118.099,0.1677527037543136
1024,127,34.739,-118.214,-0.1041259496603382
1025,127,33.897,-118.346,-0.3599651877430505
1026,127,34.594,-118.242,0.3787975185074826
1027,127,34.595,-118.243,0.3005284714780854
1028,127,34.596,-118.243,0.6926349373711894
1029,127,34.598,-118.242,1.1793507130424516
1030,127,34.6,-118.241,1.6017721004259462
1031,127,34.604,-118.244,0.0813818854389429
1032,127,34.486,-117.98,0.8740470557346317
1033,127,34.013,-118.8,-0.5089276627959283
1034,127,33.886,-118.389,0.169026212933207
1035,127,35.07,-118.175,1.109031966550936
1036,127,35.042,-118.377,-0.7437063277454614
1037,127,33.99,-118.114,-0.4765612762712357
1038,127,34.288,-118.881,0.0270550003646887
1039,127,34.233,-117.661,-0.1952234860820865
1040,127,34.224,-118.057,-0.5114609829040322
1041,127,34.194,-118.412,-0.6921505910427284
1042,127,34.848,-118.536,0.0671551423167192
1043,127,34.387,-118.533,0.2353934592053687
1044,127,34.391,-118.622,-0.2725564926208392
1045,127,33.634,-117.902,-0.2980653572864331
1046,127,33.623,-117.931,0.0523757050490586
1047,127,34.209,-118.517,-0.2050144388658253
1048,127,34.042,-118.554,-2.1047233001948187
1051,127,34.296,-118.375,0.1522107168835415
1052,127,34.581,-118.135,1.3122299506920143
1053,127,34.435,-118.582,0.9743783961714652
1054,127,34.168,-118.078,-0.3351403510031497
1055,127,34.467,-117.52,0.7043076000723181
1056,127,33.96,-118.432,0.1102266799874862
1057,127,34.109,-119.065,0.3973256866284618
1058,127,34.145,-119.206,-0.1780558801179229
1059,127,34.169,-117.579,0.1603305176851144
1060,127,33.746,-118.396,0.1085716922624614
1061,127,33.74,-118.335,0.7262100891338251
1062,127,34.281,-118.478,0.925221619593706
1063,127,33.951,-117.446,-1.0667506941271498
1064,127,33.787,-118.356,-0.0068675824955927
1065,127,34.87,-118.206,-0.9886129934571708
1066,127,34.183,-117.321,0.497424299929165
1068,127,34.065,-117.292,0.6206154341296
1069,127,34.091,-118.093,0.3855701185169876
1070,127,33.787,-116.958,1.8164631496950068
1071,127,34.115,-118.13,-0.5579537619637339
1072,127,33.722,-118.309,0.4477158942477201
1073,127,34.743,-118.724,0.8450959095999061
1074,127,34.422,-119.851,1.038718160037932
1075,127,33.944,-118.087,-0.6647454913398265
1076,127,34.011,-118.49,0.7859841406118333
1077,127,34.232,-118.71,-0.0581742519279106
1078,127,33.757,-118.084,-0.2905858350610372
1079,127,34.264,-118.666,1.1918086889230726
1081,127,34.221,-118.421,-0.1391043488193964
1082,127,34.269,-118.303,0.1460216269525963
1083,127,34.311,-118.49,0.6130685001283359
1084,127,34.312,-118.481,0.1746485133895456
1085,127,34.326,-118.444,0.0009101613976414
1086,127,34.16,-118.534,0.5090568909166269
1087,127,33.736,-118.269,0.378198535814753
1088,127,34.084,-118.6,-0.993030837318167
1089,127,33.7278,-117.824,-1.1799384087064029
1091,127,34.276,-119.293,0.9854740977897812
1092,127,33.821,-117.818,-1.111436121927131
1093,127,34.064,-117.952,-0.1619103549796383
1094,127,34.015,-118.029,0.4193429846364296
1095,127,34.381,-117.737,1.4699214930753777
1096,127,34.314,-117.545,-0.4071656318583529
1097,127,34.369,-117.658,-0.2027409643672631
1179,137,23.7192,120.4125,-0.9260485186213394
1180,137,23.6013,120.1715,-0.7894513699589569
1181,137,23.5815,120.552,0.7674154301408327
1182,137,23.4853,120.2692,-0.8272202162004174
1183,137,23.4653,120.544,-0.3591621132630842
1184,137,23.3328,120.1523,-1.2555607106450628
1185,137,23.2963,120.5828,0.0473844943614034
1186,137,23.355,120.4052,0.0733781660927313
1187,137,23.2212,120.1532,-0.1282828380196323
1188,137,23.2147,120.268,-1.4287167662821303
1189,137,23.1795,120.4778,-0.5930771181222373
1190,137,23.0457,120.4615,-0.8055891499531647
1191,137,22.9655,120.28,-0.4262461862071686
1192,137,23.757,120.6062,-0.1896536830284139
1193,137,23.7795,120.5137,-0.5083949724629353
1194,137,23.7987,120.4113,-1.2803439274314008
1195,137,23.752,120.2468,-2.116061991035468
1196,137,23.632,120.6052,0.8062281090032778
1197,137,23.6135,120.5282,0.127367645079254
1198,137,23.5799,120.291,-1.42444210162866
1199,137,23.5407,120.2153,-1.3809432573671516
1200,137,23.5212,120.5443,1.2085963076432653
1201,137,23.52,120.584,1.0814159748614136
1202,137,23.6073,120.4788,-0.1835029175002538
1203,137,23.5207,120.344,-1.1736612435671163
1204,137,23.4388,120.5957,0.4644227875393535
1205,137,23.3583,120.5833,0.1545269630197124
1206,137,23.3832,120.1635,-0.8179248364826579
1207,137,23.4765,120.4632,0.0494201848406591
1209,137,23.2803,120.4083,-1.5835264820380954
1210,137,23.2878,120.501,0.0494918664549737
1212,137,23.2698,120.2705,-0.3367037744086915
1213,137,23.1495,120.4098,-1.0420979033603952
1214,137,23.1725,120.3192,-0.6545687184428617
1215,137,23.184,120.1025,-1.270718315244446
1216,137,23.1243,120.2392,-0.9227916220778432
1217,137,23.0768,120.5107,-1.195071880404078
1218,137,23.1213,120.45,-0.7725086738477819
1219,137,23.027,120.3402,-0.6802095057159248
1220,137,22.906,120.345,0.8197417657117626
1221,137,22.9205,120.2078,-0.3543548336075814
1222,137,22.999,120.1837,-0.5453649054902378
1223,137,22.9737,120.1815,-0.285982823938915
1224,137,22.971,120.2286,-0.1831760429020316
1225,137,23.0648,120.1645,-0.5067786442374346
1226,137,23.5103,120.8052,-0.5783865475648868
1229,137,23.1848,120.528,-0.5322756257166654
1230,137,23.5972,120.6777,1.8312992084393256
1231,137,23.267,120.488,-0.3414571377861199
1232,137,23.7237,120.2975,-2.3907954811390058
1233,137,23.351,120.5932,0.9368512440423068
1234,137,23.3845,120.519,-1.0204222556465623
1235,137,23.3462,120.4293,0.097077046875979
1236,137,23.2673,120.2163,-0.9693343762728728
1237,137,23.7913,120.4783,-1.072682089095768
1238,137,23.6538,120.1472,-1.762840432117017
1239,137,23.7935,120.3205,-2.0161135491291104
1240,137,22.983,120.2327,-0.4253876851516707
1241,137,23.1373,120.2802,-1.0446533245614154
1242,137,23.2272,120.3418,-1.0691588046596303
1243,137,23.6862,120.5622,0.1175669110420845
1245,137,23.6695,120.4648,-0.9525518509592404
1249,137,23.0775,120.1082,-1.0629991796370144
1257,137,23.6608,121.414,0.9331628246504852
1258,137,23.6732,121.4173,-0.7797936012516034
1259,137,23.9877,121.6173,0.5102151757694988
1260,137,23.9925,121.6165,-0.1772959061354606
1261,137,23.9962,121.5858,1.0684139322182555
1262,137,23.993,121.6233,0.6647134329644135
1263,137,23.978,121.591,0.9706987159263016
1264,137,23.9732,121.5993,1.0139599382286832
1265,137,23.9757,121.553,1.4143852651771656
1266,137,23.9648,121.56,0.9903439585621322
1267,137,23.9497,121.5392,0.5026021397106079
1268,137,23.977,121.605,1.832733039255932
1269,137,23.8137,121.4328,0.0684401671207404
1270,137,24.2675,121.7325,0.5069861563351646
1271,137,24.08,121.5955,-0.8508127602432467
1272,137,23.3522,121.297,-1.166956729037725
1273,137,24.163,121.6447,-0.0004020408532791
1274,137,24.1185,121.6165,0.468297180880893
1275,137,24.055,121.591,0.9369650704150116
1276,137,24.0172,121.6013,0.7890660329531453
1277,137,23.9373,121.5702,1.6141128433666108
1278,137,23.7852,121.4488,1.112099467039924
1279,137,23.7653,121.4922,1.949210735300412
1280,137,23.7108,121.412,0.0356628009831161
1281,137,23.6867,121.4747,1.285819242766811
1282,137,23.5905,121.3772,-0.4260856095608749
1283,137,23.732,121.4362,-0.0457564971803856
1284,137,23.4995,121.367,0.4361661570567222
1285,137,23.4542,121.384,1.31719285834042
1286,137,23.4615,121.3445,-0.7686399571477183
1287,137,23.3845,121.3523,0.753323927082991
1288,137,23.2675,121.2942,1.2430755394759654
1289,137,23.7092,121.54,-0.0506870377556262
1290,137,23.6538,121.5268,-0.0966317795899194
1291,137,24.3095,121.7405,2.6476487815090675
1292,137,24.1492,121.6213,0.8975331597917574
1293,137,24.0113,121.5715,1.1751312616261218
1294,137,23.9952,121.5577,1.561435228406562
1295,137,23.9897,121.584,0.6241485523232724
1296,137,23.8703,121.548,1.5726540552399997
1298,137,23.4317,121.3398,-0.9675823512555408
1299,137,23.3232,121.3323,0.8098558698607892
1300,137,24.1795,121.5077,-1.3984539898351396
1301,137,24.16,121.61,-0.248933725075169
1302,137,23.9672,121.484,0.0522223844346417
1303,137,23.8713,121.5005,-0.8690242884679543
1304,137,23.8703,121.59,-0.6947207344841633
1307,137,24.845,121.7973,0.3744489091961268
1308,137,24.7982,121.7813,0.2967507263794153
1310,137,24.6978,121.8052,0.0925632575103225
1311,137,24.6412,121.825,0.8702301637709774
1312,137,24.5943,121.8462,0.841876767840973
1313,137,24.7088,121.7628,0.4682210356984306
1314,137,24.619,121.7812,0.0478459200440544
1315,137,24.7807,121.7335,0.5484201924443021
1316,137,24.732,121.7294,1.1948700667693193
1317,137,24.6945,121.7202,0.3134770609148411
1319,137,24.749,121.684,0.6974015570482257
1320,137,24.7135,121.644,1.3809516494689706
1321,137,24.6448,121.588,0.0499557615727331
1322,137,24.6893,121.7603,-0.4648433898589382
1323,137,24.7278,121.755,0.5357513768639798
1324,137,24.5995,121.8337,0.020749834128458
1325,137,24.6242,121.8272,0.6711282942744753
1326,137,24.8241,121.7603,0.8666547964238955
1327,137,24.7883,121.7513,-0.5984792098104448
1328,137,24.7455,121.7142,0.0794314893103989
1329,137,24.765,121.7212,0.428165890282968
1330,137,24.7233,121.7917,0.435373596072349
1331,137,24.6903,121.792,-0.3675379429175032
1332,137,24.629,121.7347,0.0968799812640553
1334,137,24.666,121.7338,0.1393730884441343
1335,137,24.7663,121.7612,0.7567185127901885
1336,137,24.7655,121.748,0.257461562265346
1337,137,24.428,121.7407,-0.1547497424396031
1338,137,24.7212,121.667,0.5387625786395774
1339,137,24.6092,121.8488,-0.1873188399876184
1340,137,24.9732,121.9183,1.2411581953111723
1341,137,24.7387,121.8083,0.1937196406126708
1342,137,24.7622,121.8088,0.3235200088952016
1343,137,24.6667,121.8205,-0.2627839348756413
1344,137,24.5233,121.825,1.0035093749409778
1345,137,24.4677,121.7933,0.5937540173443838
1347,137,24.477,121.7787,0.0901464159022594
1348,137,24.4473,121.7707,0.4643672413730235
1349,137,24.44,121.3728,1.313584854991676
1350,137,23.1618,120.6355,-1.1182894056934436
1352,137,22.591,120.3173,-1.1708941009962277
1353,137,22.6462,120.3585,-0.7992990090332281
1354,137,22.6295,120.3672,-0.6257586887404338
1355,137,22.7873,120.279,-0.98575891038851
1357,137,22.8797,120.3707,1.0267661484021615
1358,137,22.656,120.3317,-0.505891209281764
1359,137,22.891,120.4738,-0.1518468546751246
1360,137,22.902,120.5352,1.5021802179665713
1361,137,22.6707,120.491,-0.4039712701643169
1362,137,22.6108,120.5588,0.1261897723508729
1363,137,22.5462,120.4528,-0.6567032358624009
1364,137,22.4643,120.4535,-1.3224724476653067
1366,137,22.2617,120.6432,-0.0033685722427353
1367,137,22.1922,120.6853,-0.6885172245102157
1368,137,22.0982,120.7418,-0.3549013022701719
1369,137,22.1905,120.8703,-0.5504749516385166
1371,137,21.9137,120.8403,0.2745828067117706
1372,137,22.4397,120.5028,-0.2764563011379394
1373,137,22.0055,120.738,-0.6579422940911062
1374,137,23.0817,120.5827,-0.6220747321106044
1375,137,22.7252,120.4908,-0.0470859854042925
1376,137,23.1625,120.7573,-0.4713153683574467
1378,137,21.9433,120.8053,-0.6338435081468146
1379,137,23.2777,120.7128,-1.5639998991796251
1380,137,22.6342,120.2633,-0.5903201284990445
1381,137,22.6495,120.3203,-0.8238758029317732
1382,137,22.6237,120.2843,-0.0693616043960204
1383,137,22.9053,120.1732,-0.3622638145083212
1384,137,22.7852,120.2385,-0.2253209370987907
1385,137,22.7303,120.3412,-0.2520960550860358
1386,137,22.8873,120.6567,-1.758937271902624
1387,137,22.5348,120.5362,-0.5177237088323982
1388,137,22.574,120.5663,-0.5738748763254422
1389,137,22.4903,120.499,-0.8828607828167173
1390,137,22.747,120.7233,-0.7258023742227752
1391,137,22.7112,120.6412,-1.314845289601715
1392,137,22.0095,120.7367,0.1468389658101892
1393,137,21.9428,120.7238,0.544606629521779
1394,137,22.5673,120.4475,-1.2877785192053306
1395,137,22.8858,120.3222,0.4283078487065216
1396,137,22.795,120.295,-0.465312833392605
1397,137,22.6128,120.3113,-0.0593678503266386
1398,137,22.6461,120.306,-0.8669200301735033
1401,137,24.6312,121.0005,0.8202147103954047
1403,137,23.5672,119.5552,-1.14237819514421
1405,137,22.746,120.632,-1.5811075265249186
1408,137,25.0392,121.507,0.3687105156358675
1409,137,25.0863,121.45,1.7069434790313085
1411,137,25.0947,121.5093,1.1473377410424328
1412,137,25.0758,121.5083,1.817525522548864
1413,137,25.0758,121.5273,0.5198114957346018
1414,137,25.063,121.4813,1.6300151932928648
1415,137,25.0563,121.5078,1.0210829494818283
1416,137,25.0572,121.5253,0.8278627906744813
1417,137,25.0578,121.5442,1.057678150384612
1418,137,25.0528,121.448,1.987113257028616
1419,137,25.0388,121.5263,0.7232345176591289
1421,137,25.0203,121.4652,0.5991823766032532
1422,137,25.017,121.5027,-0.0530193708101846
1423,137,25.0045,121.5073,0.5620499240418128
1424,137,25.0007,121.4748,2.071172661346598
1425,137,24.955,121.5303,0.137907997188775
1426,137,24.9239,121.535,0.5824671978136644
1427,137,24.9043,121.5447,0.1874926966775603
1428,137,25.183,121.4167,1.4478151088940745
1429,137,25.1255,121.4532,1.2649127470381247
1430,137,24.9913,121.41,0.7302235878694088
1432,137,24.9538,121.3375,0.5861547620901898
1433,137,25.148,121.4365,2.3649908150350685
1434,137,25.1008,121.4403,1.4924340947889985
1435,137,25.0817,121.3828,1.3761932352537165
1436,137,24.959,121.5143,1.2585382670171474
1437,137,25.1565,121.6855,0.1494747888916068
1438,137,25.1572,121.7237,0.6276821404831675
1440,137,25.1865,121.5202,2.5166707664732733
1442,137,25.0082,121.9882,1.088451056725059
1443,137,24.9913,121.65,1.3665465085004438
1446,137,25.056,121.872,1.5756512153656617
1447,137,25.0237,121.906,0.5759198234876883
1448,137,25.0182,121.9808,0.969200926015087
1449,137,25.2595,121.4938,0.8025253034500456
1450,137,25.2252,121.6295,0.1716852336854485
1452,137,25.1008,121.4177,1.966419760035495
1453,137,25.0573,121.5945,2.063827663642669
1454,137,25.141,121.4758,2.1043136551046926
1455,137,25.1353,121.4913,2.0338365224843824
1456,137,25.0207,121.5299,1.0644880126068987
1457,137,25.103,121.5395,1.8138875708971227
1458,137,25.0351,121.519,1.0113248260645047
1459,137,25.071,121.781,3.017065017097431
1462,137,25.0473,121.1357,1.5077704968701005
1463,137,24.9118,121.1405,1.4822626684772222
1464,137,25.0015,121.3097,1.3024167573101244
1465,137,25.0092,121.2062,1.2960564779693864
1466,137,24.9655,121.22,1.373223669945829
1467,137,25.0003,121.1533,1.4689470304482088
1468,137,24.8855,121.2783,1.5379684061565817
1469,137,25.0463,121.3075,1.0157009671757216
1470,137,24.7572,120.9345,0.6105797219390227
1471,137,24.7808,121.0068,1.571290186559195
1472,137,24.88,121.0535,0.712270349890286
1473,137,24.7065,121.176,0.1268287503640843
1474,137,24.7757,121.075,1.07920126564742
1475,137,24.5588,120.7492,0.0646322792291179
1476,137,24.5615,120.701,0.1932190345115804
1477,137,24.6855,120.8623,0.3862569985447411
1478,137,24.639,120.8568,0.2745875101860002
1479,137,24.4488,120.6963,0.0608562224828263
1480,137,24.4912,120.663,0.0559241718447487
1481,137,24.4917,120.7837,0.5155639333694068
1482,137,24.4497,120.6455,-0.5173707038629498
1483,137,24.5542,120.8077,0.8537684440607247
1484,137,24.5412,120.9137,1.7042435963161862
1485,137,24.4683,120.8543,-1.023622391659901
1486,137,24.6188,120.9387,2.4421089508843754
1487,137,24.18,120.594,-0.5937975213511744
1488,137,24.179,120.6902,-1.007744587697136
1489,137,24.1815,120.6338,-0.9059611530316356
1490,137,24.1603,120.6518,-1.3260218239559456
1491,137,24.198,120.7393,0.3200263645877045
1492,137,24.1935,120.6688,-1.4009885275036122
1493,137,24.1612,120.675,-1.1200865090928327
1494,137,24.1392,120.6643,-1.469415670730154
1495,137,24.1588,120.6238,-0.9468646691292482
1496,137,24.1732,120.6107,-0.6610774549431986
1497,137,24.2687,120.5637,0.0301853051152982
1498,137,24.2247,120.644,-1.7977193273648695
1499,137,24.1355,120.549,-0.8196112784397506
1500,137,24.1083,120.6158,-0.164080172108687
1501,137,24.3457,120.61,-0.1288871116678986
1502,137,24.0588,120.6912,-0.0821773301700216
1503,137,24.0912,120.72,-0.3627313045980428
1504,137,24.2772,120.7658,-0.5498141580990709
1505,137,24.196,120.5403,0.1998709005272839
1506,137,23.9855,120.7883,0.0078538799065931
1507,137,24.0407,120.8488,-0.0447586659827554
1508,137,23.9622,120.9618,1.3471535159392445
1509,137,23.9827,120.6778,-1.249284446849552
1510,137,23.9077,120.6757,-0.0296364916672226
1511,137,23.812,120.8455,-0.9871889643824148
1512,137,23.8395,120.8942,-0.5041644980430312
1513,137,24.8022,120.9695,0.8672839742014988
1514,137,24.1475,120.676,-0.930406139878745
1515,137,24.97,121.1867,0.882028478791794
1516,137,23.883,120.8998,2.3160507127080483
1518,137,24.3482,120.7733,-1.3634029403259358
1519,137,24.2533,121.1758,-0.9941895944860238
1520,137,23.9037,120.8565,-0.7267332583628008
1521,137,25.0117,121.2792,0.8017581759613742
1522,137,24.7695,121.0488,0.7122616526835571
1523,137,24.6917,121.0135,1.5199516815203893
1524,137,24.7957,120.9558,0.3395817672658955
1525,137,24.7433,120.899,-0.0272353003050322
1526,137,24.1858,120.6153,-0.716138743450526
1527,137,24.242,120.7092,-1.8831895592540004
1528,137,24.2493,120.7208,0.1339648026890994
1529,137,24.3098,120.7072,-1.0232297645275297
1530,137,24.2455,120.6018,-0.9857827986700028
1531,137,24.239,120.559,-0.282713300022177
1532,137,24.0833,120.5518,-0.1127183348035996
1533,137,24.0727,120.5402,0.0174853680097666
1534,137,24.0848,120.5713,0.131514548660863
1535,137,23.9622,120.5695,-0.6610359226400554
1536,137,24.1137,120.4872,-1.0801035915664363
1537,137,24.0557,120.424,-1.8815023725917857
1538,137,23.8928,120.3865,-2.0658064579641686
1539,137,23.9595,120.4693,-2.0288197034470734
1540,137,23.8568,120.5803,0.4585805157081605
1541,137,24.1335,120.4598,-0.8598425385008438
1542,137,24.0027,120.4235,-1.8222441382329784
1543,137,23.9242,120.3122,-1.9294167811921208
1544,137,23.9803,120.613,-0.6391998462192137
1545,137,23.8128,120.6097,-0.7635995800254318
1546,137,24.0187,120.5437,-0.5067541562932005
1547,137,24.4162,120.7607,-0.1531415934800466
1548,137,23.8783,120.6843,-0.4689337227746383
1549,137,24.2603,120.6518,0.1093709053137762
1550,137,23.9223,120.5955,0.5042361231120469
1551,137,23.9578,120.3593,-1.8462158874380576
1552,137,23.8338,120.464,-1.5341261142471545
1553,137,23.98,120.3368,-1.4868645431784633
1554,137,24.8592,121.2475,2.038398093417888
1556,137,23.3178,121.4425,0.9753528597557236
1557,137,22.9738,121.2968,-0.6484855347332935
1558,137,22.6178,120.9975,-0.8527763319862162
1559,137,22.9102,121.1287,0.1058101689593215
1560,137,22.7568,121.1403,-0.1069338681805251
1561,137,22.7717,121.1378,-0.5339880073378499
1562,137,22.7647,121.1427,-1.0772666555863708
1563,137,22.7602,121.1517,-0.3607012174236774
1564,137,22.7488,121.1442,-0.5478582986601118
1565,137,22.74,121.1135,-0.5805520147098177
1566,137,22.7662,121.133,-0.8792869658598456
1567,137,22.7678,121.1277,-1.671987866240246
1568,137,23.0992,121.3653,0.43046353799371
1569,137,22.754,121.1465,0.1555316390446196
1571,137,22.8207,121.0717,-0.8213026678217931
1572,137,23.1268,121.2057,-0.9796763450375148
1573,137,23.0973,121.2105,0.2419866100226027
1574,137,23.053,121.1557,0.946324745909381
1575,137,22.9725,121.1083,-1.1598904028351866
1576,137,22.9045,121.072,-0.6948579487890301
1577,137,22.863,121.083,-0.4474621417344756
1578,137,22.8078,121.086,-0.6334549893670932
1579,137,22.779,121.0543,-1.2239520138614672
1580,137,23.3563,121.4603,0.2265219485682048
1581,137,23.2462,121.4055,1.8956135589141847
1582,137,23.193,121.3878,-0.1357371167027853
1583,137,22.7988,121.1855,-0.1788959452908257
1584,137,23.1512,121.198,-1.208078843614785
1585,137,23.1342,121.1177,-1.3301510674200383
1587,137,23.0068,121.1655,0.5371596535966427
1588,137,22.9757,121.1478,0.0401104949669695
1589,137,22.9658,121.232,-0.2416192815405694
1590,137,22.8402,121.131,0.0538755269336868
1591,137,22.773,121.0827,-0.5443805406811645
1592,137,22.674,121.0293,-1.47106264117404
1593,137,23.1887,121.0168,-1.767449637053054
1597,137,23.8635,120.2812,-2.283044422811661
1758,158,33.915,-118.066,-1.0717006085216392
1759,158,34.0842,-118.152,-0.0536403024809965
1760,158,34.177,-118.096,-0.0242667944735625
1761,158,34.56,-115.743,0.6142220366495807
1762,158,33.607,-116.453,-0.4716908271877787
1763,158,33.6022,-116.756,-0.573640733838474
1764,158,34.236,-118.439,0.3697426203824225
1765,158,35.271,-116.066,-0.5376303046234123
1766,158,33.869,-116.824,-1.2429490299457986
1767,158,34.887,-117.047,-0.8014243690437827
1768,158,34.07618,-118.3959,-0.1724932408540996
1769,158,34.241,-116.872,0.4066648483869388
1770,158,33.3527,-115.733,-0.6280540704048287
1771,158,34.1949,-118.354,1.0150007681734603
1772,158,33.91761,-116.78329,-0.1769287331484515
1773,158,34.155,-118.641,-0.1025209215312725
1774,158,34.564,-118.642,1.3467025740616074
1775,158,33.962,-116.509,0.1046133231619818
1776,158,34.235,-117.407,0.5779037208779472
1778,158,32.7806,-115.5681,-1.3828549971357291
1779,158,33.869,-117.709,-0.4793545212981688
1780,158,34.397,-118.918,1.10564077677111
1781,158,34.088,-116.919,0.0171896485625086
1782,158,35.268,-116.684,0.8051371951287954
1783,158,33.398,-115.657,1.3923606332932748
1784,158,33.925,-116.389,-0.3112287925884972
1785,158,34.161,-116.799,-0.2805972391401728
1786,158,34.8294,-116.335,0.3142043594840428
1787,158,33.729,-116.979,0.5222280737012659
1788,158,34.405,-117.313,0.6582336308498724
1789,158,33.662,-117.997,-0.2105084334350541
1790,158,33.717,-116.155,0.5750487218801809
1791,158,33.715,-116.221,0.1935354650779571
1792,158,34.313,-118.498,2.155563297256793
1793,158,34.13,-116.314,0.6482447984130519
1794,158,33.925,-116.172,-0.2805187928439845
1796,158,34.053,-118.171,0.8380177092580481
1798,158,34.037,-118.178,0.0354006701351285
1799,158,34.043,-118.271,-1.125842454489002
1800,158,34.059,-118.246,0.538936447458001
1801,158,33.943,-118.411,-0.4486111454198923
1802,158,33.768,-118.196,-0.178825572523719
1803,158,34.2096,-118.186,0.6318071814750189
1804,158,34.674,-118.43,0.9224375936683707
1805,158,34.6172,-118.285,1.33043177998953
1806,158,34.5214,-117.991,0.1521481329108709
1807,158,34.073,-118.117,1.2125960184557396
1808,158,34.233,-117.482,-0.3797051755251027
1809,158,33.564,-115.987,1.0886647860007408
1810,158,34.067,-117.117,-0.2527797610982963
1811,158,34.079,-117.045,-0.5562260873783416
1812,158,34.04856,-116.57816,0.2232416510126109
1813,158,34.387,-118.533,-0.0076709455543737
1815,158,33.92474,-116.54794,0.2091293448235506
1816,158,33.421,-115.831,0.7972924357269581
1817,158,34.296,-118.375,1.6992096900178564
1818,158,34.57806,-118.11401,0.7290083425832483
1819,158,34.149,-118.15,1.228161031592667
1820,158,34.056,-117.748,0.1138390319712375
1821,158,33.951,-117.446,-2.295689191309461
1822,158,33.28,-115.984,-0.347558270739802
1823,158,34.1663,-117.251,-0.3062887231696755
1824,158,34.065,-117.292,0.3767768855955722
1825,158,34.091,-117.289,0.0865874812678045
1826,158,34.14,-117.294,0.1763221071655492
1827,158,34.103,-117.349,-0.2157735312287877
1828,158,34.047,-117.277,0.5994661945306335
1829,158,34.205,-117.365,-0.4336278150210648
1830,158,33.797,-116.88,0.8341341052850203
1831,158,34.1105,-117.099,-1.173951146279929
1832,158,33.888,-116.684,-1.9253815116580395
1833,158,34.327,-118.444,1.614508274501297
1834,158,33.496,-117.149,1.668788489308955
1835,158,34.021,-116.009,-0.8204697856601628
1836,158,34.4435,-117.853,0.5506397120286302
1837,158,33.99,-116.656,-1.0828808694385668
1839,158,34.02,-118.053,1.24372064303464
1840,158,34.314,-117.545,-0.5026623931176875
1841,158,34.36,-117.629,-0.8602784678131307
3779,158,34.07,-118.15,0.956309866354076
3780,158,33.853,-117.857,0.3674360487226158
3781,158,33.854,-117.817,0.2337681155012999
3782,158,33.93,-116.972,0.1064301087536924
3783,158,34.208,-119.079,0.4731207798828163
3784,158,34.224,-118.994,1.4145804186966764
3785,158,34.459,-118.65,0.3364215986836136
3786,158,33.8556,-117.54,-2.313903307709249
3787,158,34.096,-118.23,-0.290463526537364
3788,158,33.939,-118.098,-0.1041926016481919
3789,158,33.889,-117.886,0.8305456147662081
3790,158,33.766,-117.918,0.3265037624089394
3791,158,34.103,-118.316,0.4197644073847585
3792,158,34.097,-118.352,-0.5420843263848396
3793,158,34.19897,-118.1737,-0.2730370564548967
3794,158,34.058,-118.252,0.221299184480998
3795,158,34.07,-118.346,-0.3162086371587644
3796,158,34.077,-118.286,-0.4868855475654837
3797,158,34.14,-118.21,-0.5715416765191113
3799,158,34.037,-118.263,-0.555775784965442
3800,158,34.059,-118.479,-0.7502399388740179
3801,158,34.049,-118.29,-0.7223550221451581
3802,158,34.06,-118.448,-0.3200716609401964
3803,158,34.041,-118.348,-0.665753815094913
3804,158,34.036,-117.95,0.3579904362347058
3805,158,34.013,-118.8,-0.4616066628202303
3806,158,34.273,-118.464,0.7362696699483187
3807,158,34.288,-118.881,0.2303451363957818
3808,158,33.604,-117.906,-0.590789810678963
3809,158,33.605,-117.89,0.2475189826825317
3810,158,34.199,-118.396,-0.0012255962604677
3811,158,33.777,-117.834,-0.1502840613925708
3812,158,34.002,-118.077,-1.1282757859441166
3813,158,34.063,-117.784,1.366274895317447
3814,158,33.919,-117.488,-2.809500882622922
3815,158,33.979,-117.344,-0.0845694780837964
3816,158,33.895,-117.32,-1.8857830186944944
3817,158,33.975,-117.486,-2.6201801065256705
3818,158,32.754,-117.164,0.65911939847131
3819,158,34.115,-118.13,-0.3207645699326339
3820,158,33.722,-118.309,-0.5437509073461537
3821,158,34.084,-118.6,-1.3467987275368298
3822,158,34.139,-118.364,0.4967954051753266
3823,158,34.184,-118.447,0.6511188440324891
3824,158,34.219,-118.627,1.59934875493045
3825,158,34.185,-118.623,0.6867734953648753
1867,161,34.074,-117.35,-1.0682885219986418
1868,161,34.058,-117.305,0.7657941751807842
1869,161,34.235,-117.407,-0.2686223308019842
1870,161,34.088,-116.919,-0.7644227853467802
1871,161,34.744,-117.334,-0.3646430266887763
1872,161,33.729,-116.979,0.1931267988691639
1873,161,34.405,-117.313,0.844016395748522
1874,161,34.136,-117.213,-0.4398727122981091
1875,161,33.748,-117.127,-1.6908071770817712
1876,161,33.74624,-116.2163,0.8660789455486467
1877,161,33.706,-116.235,0.743857275731252
1878,161,34.282,-116.453,-0.3895239341151101
1879,161,34.05,-117.264,0.8040622077767511
1880,161,34.233,-117.482,0.2367858983183966
1881,161,34.067,-117.117,0.5375845500591326
1882,161,34.079,-117.045,-0.4017424840631533
1883,161,33.921,-117.173,0.0630357751824146
1884,161,33.902,-117.234,-0.7235329061528872
1885,161,34.04856,-116.57816,1.66543628764692
1886,161,33.92474,-116.54794,0.9835884613083132
1887,161,34.439,-117.647,0.5293750429565748
1888,161,34.00469,-117.22393,-0.8374447059562519
1889,161,33.979,-117.344,1.4945308210779065
1890,161,34.1663,-117.251,-0.7694827681098736
1891,161,34.065,-117.292,0.536201318412572
1892,161,34.091,-117.289,-0.0071877235943518
1893,161,34.069,-117.275,0.6235217166962881
1894,161,34.14,-117.294,-0.1198244122216718
1895,161,34.165,-117.288,-0.5981752811191303
1896,161,34.103,-117.349,-0.7927759361140486
1897,161,34.12288,-117.28792,0.3438723920109356
1898,161,34.135,-117.322,-0.5724103393326944
1899,161,34.047,-117.277,1.5297979534265738
1900,161,34.096,-117.287,0.3148201779131966
1901,161,34.14492,-117.21876,0.1133612496641492
1904,161,33.715,-117.191,0.2099678809451304
1905,161,34.4435,-117.853,0.9055484251556588
1906,161,33.99,-116.656,-0.0975702623856335
1907,161,34.36,-117.629,-0.5413509737284983
1908,161,34.904,-116.823,1.3887946190975606
1909,161,34.004,-117.058,-0.9258589392246728
1916,163,32.838,-116.775,-1.184439118201851
1917,163,33.607,-116.453,-0.0014929983877638
1918,163,33.6022,-116.756,-0.4777346270231202
1919,163,33.5558,-116.674,-1.1703580328728835
1920,163,33.93,-116.972,1.068573012720993
1921,163,34.241,-116.872,0.6748483907428502
1922,163,33.19373,-116.3289,-0.6303238992712233
1923,163,33.91761,-116.78329,1.1271027027604594
1924,163,32.6695,-115.493,-0.2105250597231875
1925,163,33.699,-117.267,-0.362710493182293
1926,163,33.678,-116.178,0.6957558575779841
1927,163,33.876,-117.593,0.2075261278740802
1928,163,33.884,-117.514,-0.6884016049643019
1929,163,32.8,-115.473,0.3131143817293365
1930,163,32.7806,-115.5681,-0.0700428608478219
1931,163,32.75172,-115.59516,0.4139546501123485
1932,163,32.829,-115.504,-0.4708972998203881
1933,163,33.925,-116.389,0.4829237980941002
1934,163,33.744,-116.931,0.9278229160761744
1935,163,33.751,-117.015,1.4724627796249172
1936,163,33.729,-116.979,0.8199484274540259
1937,163,34.136,-117.213,0.552080193688422
1938,163,33.708,-115.628,0.1728352578986892
1939,163,33.748,-117.127,-0.4120989412069721
1940,163,33.6758,-116.68,-0.9223126393515833
1941,163,33.747,-116.715,-0.5961129443099399
1943,163,33.6159,-116.621,-1.028328696557474
1944,163,33.723,-116.338,2.208157497394028
1945,163,33.74624,-116.2163,1.139418378895988
1946,163,34.13,-116.314,1.0406521792768315
1947,163,33.671,-116.3,2.7618703001039395
1948,163,33.669,-117.332,-0.9797390310918672
1949,163,33.572,-116.076,0.5134109393499875
1950,163,33.649,-117.205,-1.2618550988238142
1951,163,34.079,-117.045,0.9233039321858
1952,163,34.014,-117.511,-0.2672540194961941
1953,163,33.921,-117.173,-1.3841354294127035
1954,163,33.902,-117.234,-0.6676319740131628
1955,163,33.968,-117.252,-0.9360120422499152
1956,163,34.04856,-116.57816,0.8705546011284679
1957,163,33.57783,-116.58987,-1.1833167267297298
1958,163,33.239,-115.512,0.4016412908519897
1959,163,33.92474,-116.54794,0.1237916156882982
1960,163,33.818,-117.312,2.067094032769241
1961,163,33.15569,-116.1679,0.178762318311012
1962,163,33.758,-116.374,0.8958000859130665
1963,163,33.787,-117.23,-0.5589604492197937
1964,163,32.954,-117.04,-0.7592533371311403
1965,163,33.482,-116.911,0.4532019323347358
1966,163,33.787,-116.41,1.0881062044161045
1967,163,34.00469,-117.22393,-1.0978712458942357
1968,163,33.919,-117.488,-1.248237541305247
1969,163,33.917,-117.443,-0.6101530901182415
1970,163,33.975,-117.486,-1.0746700610317272
1971,163,33.895,-117.32,-0.2976590265747085
1972,163,33.951,-117.446,-1.5491638539395405
1973,163,33.58,-116.931,-1.5849959903494213
1974,163,34.1663,-117.251,1.2608045298374488
1975,163,34.091,-117.289,0.4012073746926258
1976,163,34.069,-117.275,0.8187236753459274
1977,163,34.14,-117.294,0.693600859884082
1978,163,34.165,-117.288,-0.2001095144256827
1979,163,34.12288,-117.28792,1.520265448321264
1980,163,34.047,-117.277,-0.4186826700723958
1981,163,34.14492,-117.21876,0.5386677554018822
1982,163,33.82177,-116.96836,0.4588069623962218
1983,163,33.787,-116.959,2.5154331219913155
1984,163,34.1105,-117.099,0.2103109846884353
1985,163,33.715,-117.191,0.2422490943953054
1986,163,33.496,-117.149,1.1610422222287482
1987,163,34.149,-116.084,-0.7938657169467424
1988,163,33.99,-116.656,-0.883642085808413
8169,163,34.55046,-117.43391,1.2173973646893637
8170,163,33.63838,-116.4011,0.7193831576273868
8171,163,34.68708,-118.29946,0.5936068848629392
8173,163,32.68005,-116.67215,-1.419720223957362
8174,163,33.3527,-115.733,0.7492624447390496
8175,163,34.2623,-116.92075,0.9382536349762024
8176,163,33.921,-116.981,1.1338479157436856
8177,163,33.57508,-117.26119,-0.5472702372362529
8179,163,34.23883,-117.65853,-1.7258361305200831
8180,163,35.2693,-116.0703,-0.0269726923396776
8181,163,34.069,-116.39,-0.7615616168362825
8182,163,33.268,-116.417,-0.7771015630159039
8183,163,33.80776,-117.98116,-0.5134373607962347
8184,163,33.01213,-115.21987,-1.3254964772041713
8185,163,34.68224,-118.57398,0.0059843741842296
8186,163,33.38822,-117.19495,-1.7270383974613248
8187,163,35.52495,-117.36453,0.645364724458826
8189,163,33.999,-117.68,0.4272073286648259
8190,163,33.4019,-118.41502,-2.46824937657593
8192,163,34.093,-117.317,0.2409188838083493
8193,163,34.0602,-117.809,1.352238388968921
8194,163,33.876,-117.561,-0.1075954665315369
8195,163,33.655,-115.99,0.4731867496829807
8197,163,34.63745,-115.38115,2.043735877526375
8198,163,34.25353,-118.33383,-0.3808337392136595
8199,163,33.93597,-116.57794,-0.6418163857088527
8200,163,33.65,-117.009,-0.8083950734214139
8201,163,34.10618,-118.45505,-1.0798618279674752
8202,163,33.84822,-118.09624,-0.0844925664439412
8203,163,33.567,-116.631,0.146553279438818
8204,163,32.999,-116.942,-1.403536611249428
8205,163,32.805,-115.447,-0.4575555513140749
8206,163,32.65915,-116.10061,-0.1432603319638457
8207,163,34.88303,-117.99106,-0.840546730807919
8209,163,33.11675,-115.82267,0.3726006948134898
8211,163,33.71264,-118.29381,-0.4471809628938769
8212,163,34.1,-117.439,-0.6914976948229915
8213,163,33.8717,-117.92251,0.4956825866199946
8215,163,33.051,-114.827,0.3130692576473101
8216,163,33.1537,-117.22921,-1.3640238883035998
8217,163,35.30177,-116.80574,0.279617598044615
8218,163,34.8294,-116.335,0.054312986977893
8219,163,34.17643,-118.35967,-0.1014141242643347
8220,163,34.121,-117.219,-0.0559610912180995
8221,163,33.0859,-116.5959,-0.6596799570157074
8222,163,35.9823,-117.8076,0.6299880884189958
8223,163,34.36622,-116.61266,0.6721198352722046
8224,163,33.7141,-116.7119,-1.2185083448573628
8225,163,33.86889,-118.33143,0.1427428058287257
8226,163,34.00033,-118.37794,-0.156366834300038
8227,163,35.13066,-115.18416,1.2714155266485765
8228,163,34.30529,-118.48805,1.204673441982887
8229,163,33.9753,-118.14918,-0.3303044805638557
8230,163,34.10819,-119.06587,-2.172046280065979
8231,163,34.61594,-117.82493,-0.5417781077592797
8232,163,33.684,-117.943,-0.2975697003903043
8233,163,35.47954,-117.68212,0.0968372721164232
8234,163,33.881,-118.176,0.1443642152935778
8235,163,34.3656,-117.36683,-0.0617271017603291
8236,163,33.3516,-116.5615,-1.7548114211430788
8239,163,33.818,-116.369,0.7175740291267381
8240,163,34.13688,-118.12601,2.55241293205218
8242,163,34.005,-117.562,0.0694603873460965
8243,163,34.28085,-118.9049,1.328895030331214
8244,163,33.808,-116.968,1.606472404056038
8246,163,34.22362,-118.05832,0.1445281944408288
8247,163,34.8249,-114.59941,0.8189921900918147
8248,163,33.556,-115.946,0.0341674509680395
8249,163,33.788,-117.844,-0.2683626121618416
8250,163,33.94539,-117.92372,0.4275042410843093
8251,163,32.608,-116.93,-0.5261407791140803
8252,163,34.1484,-118.1711,-0.9624516782586684
8253,163,34.44199,-118.58215,0.4598991741769043
8254,163,34.1207,-117.63808,-0.6478814448659544
8256,163,33.82436,-116.51195,-0.1788649354623413
8257,163,33.354,-116.863,-0.2931946021906164
8258,163,33.7953,-117.60906,0.9380940713114844
8260,163,33.63,-116.8478,-0.6231108122815929
8261,163,34.281,-118.478,-0.0291540832147475
8262,163,34.10473,-117.97956,0.4851280948920988
8263,163,33.74346,-118.40412,0.0321215059159319
8264,163,34.87533,-116.99684,0.8490387220934524
8265,163,34.05073,-118.08085,-0.1849814257258553
8266,163,33.99351,-117.37545,-1.263572537154076
8267,163,33.70432,-117.88578,-0.6995536014140702
8269,163,34.232,-117.235,-0.3868634353765153
8270,163,32.9799,-118.54697,-0.4406647120750714
8272,163,34.43692,-119.1375,0.1789574105402502
8273,163,35.8996,-116.27515,0.0652076655681652
8274,163,33.48725,-117.68114,0.4973425907232669
8276,163,34.01438,-118.45617,-0.2215550768715082
8277,163,34.27091,-118.74407,0.4352437293472763
8278,163,33.24787,-119.52437,-2.146940324934993
8279,163,32.841,-117.248,1.4256683732061726
8280,163,34.416,-118.449,0.8104446516018795
8281,163,34.05933,-118.64614,0.5646228087224638
8283,163,33.829,-117.789,-0.4343611762783845
8284,163,33.1774,-115.616,0.3497484025176499
8285,163,34.30302,-119.18676,0.4293514171271888
8286,163,33.664,-117.769,-0.9164804965667638
8287,163,33.79033,-118.19878,-0.7167085528577406
8288,163,34.106,-117.098,0.4625875096734524
8289,163,32.94508,-115.79988,-0.144202164709207
8291,163,34.38203,-117.67822,0.2637586731461183
8292,163,34.08377,-118.599,-1.340986826029282
8294,163,33.63495,-116.16402,0.5803617453378925
8296,163,34.15607,-118.82039,-0.4778042051383094
8297,163,34.01919,-118.28631,-0.3998830725502785
8298,163,34.48364,-118.11783,-0.4013721792465398
8300,163,34.56065,-117.3296,-0.0472666274273365
8301,163,32.75904,-115.73161,0.4163091083218668
8302,163,34.00948,-117.95077,0.8876923746089848
8303,163,34.1717,-118.64971,0.8223225939632957
8304,163,33.94869,-118.25547,0.1638068364910458
2046,167,33.84,-117.957,-0.2696513005961359
2047,167,33.863,-117.742,-0.3756827650145941
2048,167,33.854,-117.817,-0.0534994788809805
2049,167,33.933,-117.896,1.548955235832686
2050,167,34.018,-118.147,0.686925434808086
2051,167,33.876,-117.593,-0.115773886466169
2052,167,33.875,-117.636,0.8304777297805203
2053,167,33.889,-117.886,-0.3588537423802334
2054,167,33.91,-117.93,0.002561515944843
2055,167,33.866,-117.958,-0.5089149430479704
2056,167,33.932,-117.955,0.3779640504207746
2057,167,33.917,-117.443,-0.905807895817418
6065,167,34.136,-117.213,-0.0921746021157755
6068,167,34.069,-117.275,0.5683322185620657
6069,167,34.103,-117.349,0.3882376671993193
6070,167,34.14492,-117.21876,0.4229744617544395
6071,167,34.14,-117.294,0.9256188495961712
6072,167,34.091,-117.289,0.6312841131548713
6073,167,34.073,-118.117,0.5970182895434314
6074,167,34.2096,-118.186,-0.4736337373884797
6075,167,34.233,-117.482,1.0322997451290967
6076,167,33.927,-117.803,-2.0132672096315614
6084,167,33.919,-117.488,-2.2590016316068224
6085,167,33.904,-117.561,-2.3416376227818017
6086,167,33.975,-117.486,-2.3604036005858493
6087,167,33.889,-118.047,0.2087972214797197
6088,167,33.962,-118.065,0.2900370764601897
6089,167,33.991,-118.121,0.586635981826423
6090,167,33.898,-118.209,1.025100094590842
6091,167,33.999,-118.178,0.175033661763161
6092,167,33.837,-118.072,-0.0310691512535768
6093,167,33.92,-118.24,0.4026815844696002
6094,167,33.944,-118.246,0.5239300138580237
6095,167,33.939,-118.098,0.740657558910485
6096,167,33.846,-118.107,0.5326954743219083
6097,167,33.946,-118.0,1.096935278916913
6098,167,33.969,-118.149,0.012892070657244
6099,167,33.818,-118.108,-0.3264742280169564
6100,167,33.798,-118.137,0.1303374142497677
6101,167,34.125,-117.777,0.0103912310607177
6102,167,34.065,-117.893,0.0873098654479625
6103,167,34.422,-117.572,0.0484952575295617
6104,167,34.112,-117.681,0.1872933134735315
6105,167,34.014,-117.511,-0.8197956513872157
6106,167,34.125,-117.454,0.4876024090993429
6107,167,34.056,-117.748,0.9143995952588068
6108,167,34.073,-117.938,-0.6463041027978831
6109,167,34.096,-117.287,0.908558629151053
6110,167,34.063,-117.784,0.4202800023545061
6111,167,34.036,-117.95,0.3791441047297516
6112,167,34.076,-117.671,-0.3362039381544407
6113,167,34.077,-117.621,0.2413617381494666
6114,167,34.133,-117.253,0.4792379966998122
6115,167,34.135,-117.322,0.6640427393597658
6116,167,34.069,-117.398,-0.2618688222504415
6117,167,34.1,-117.434,0.0490099904662014
6118,167,34.121,-117.738,0.2810389064410076
6119,167,34.096,-117.745,0.3066217230121784
6120,167,34.031,-118.208,1.2836749622454653
6121,167,34.005,-118.231,0.3962005803614312
6122,167,34.037,-118.178,1.1668027009776414
6123,167,34.103,-118.316,0.4467914317809248
6124,167,34.058,-118.252,0.7087585750096709
6125,167,34.002,-118.077,0.431703803514497
6126,167,34.041,-118.248,0.7813762514308848
8312,167,34.14647,-118.76699,-0.5681850141238383
8313,167,35.34444,-119.10445,-0.4360449727657198
8314,167,32.68005,-116.67215,-0.5740278102444903
8315,167,34.2623,-116.92075,0.7795025701217682
8317,167,34.07618,-118.3959,0.7263580339161976
8318,167,34.10521,-117.28264,1.2999654496385442
8319,167,33.876,-117.561,-0.9109139478219932
8320,167,36.43988,-118.08016,-2.4608087438406403
8321,167,32.999,-116.942,-0.4210202868760325
8322,167,34.72832,-119.98803,-0.0224450448331577
8323,167,33.71264,-118.29381,-0.3903694143551433
8324,167,33.8717,-117.92251,-0.3451030557973024
8325,167,34.13677,-118.1283,0.1544307422668883
8326,167,35.30177,-116.80574,1.8261351286564464
8327,167,34.8294,-116.335,0.8546632090014938
8328,167,34.121,-117.219,-0.1655993980676492
8329,167,35.66278,-118.47403,-1.4755986847258773
8330,167,34.15037,-118.10156,-0.2799517664139305
8331,167,33.7141,-116.7119,-0.6434715916494349
8332,167,33.798,-118.08837,0.3199481836802605
8333,167,34.61462,-118.29104,-1.4590626031053335
8334,167,33.3516,-116.5615,2.11968435748408
8335,167,35.36165,-118.92282,-0.6535515315904333
8336,167,33.74,-118.335,-3.2023465054697824
8337,167,34.88848,-119.81362,1.3759899581703825
8338,167,34.53412,-120.17737,-0.0813020154505752
8339,167,34.22869,-118.55829,-0.1915688471065743
8340,167,33.788,-117.844,-0.7245876892342183
8341,167,33.94539,-117.92372,0.9313882072041768
8342,167,34.1484,-118.1711,-0.8372263925125581
8345,167,33.354,-116.863,0.52172200901129
8346,167,33.7953,-117.60906,-0.1100644237191496
8347,167,33.63,-116.8478,-1.0920149023484649
8348,167,33.973,-117.327,-1.1251698295437556
8349,167,33.99351,-117.37545,-2.525345217856077
8350,167,34.44076,-119.71492,1.1864671089755727
8351,167,33.553,-117.662,-0.2018431856217357
8352,167,35.3142,-119.99581,-0.3961510445854754
8353,167,34.27091,-118.74407,-0.0357154927810854
8354,167,34.52775,-119.97834,0.755424637202968
8356,167,35.84089,-119.08469,-0.0660813687084969
8358,167,34.193,-117.427,0.2798508910660555
8359,167,34.00469,-117.22393,-1.553094864430176
8360,167,34.235,-117.407,1.0563569223442622
8361,167,34.36,-117.63,0.5901843225548612
8362,167,34.1367,-118.129,-0.0341737108078142
8363,167,34.165,-117.288,0.53898679340871
8364,167,34.1663,-117.251,0.7879744368621553
8365,167,34.058,-117.305,0.0985984862990011
8366,167,34.205,-117.365,0.6306328922349356
8367,167,34.12288,-117.28792,0.8262304246674451
8368,167,33.91175,-117.82041,-0.8550570103964455
8369,167,34.049,-118.112,-1.0917499451632438
2118,170,33.6022,-116.756,-2.242764131772752
2119,170,33.91761,-116.78329,-1.4017199649660637
2120,170,34.058,-117.305,0.8806239829760791
2121,170,34.235,-117.407,-0.1411816021965476
2122,170,34.088,-116.919,-1.0385106416354184
2123,170,34.136,-117.213,0.6266777104143874
2124,170,33.74624,-116.2163,-0.5983594060637708
2125,170,34.6172,-118.285,2.067582310795656
2126,170,34.05,-117.264,0.2207269439704486
2127,170,34.073,-118.117,1.3323256319332508
2128,170,34.067,-117.117,0.5561238244160991
2129,170,34.079,-117.045,-0.7214125812824349
2130,170,34.04856,-116.57816,0.8206492641330032
2131,170,33.92474,-116.54794,0.4223633090555361
2132,170,34.57806,-118.11401,0.9195015424993286
2133,170,34.393,-117.805,-0.6054664434325038
2134,170,34.1367,-118.129,0.6766833873695346
2136,170,34.106,-117.287,0.4050440321912305
2137,170,34.1663,-117.251,-0.1763597852821407
2138,170,34.091,-117.289,0.3308272868262822
2139,170,34.069,-117.275,0.7421796948211802
2140,170,34.14,-117.294,0.32256015261858
2141,170,34.165,-117.288,0.3180075669862547
2142,170,34.103,-117.349,-0.194151448499269
2143,170,34.12288,-117.28792,0.7622576794101668
2144,170,34.047,-117.277,1.0639822599556756
2145,170,34.205,-117.365,-0.232507307415878
2146,170,34.14492,-117.21876,0.9871294372506896
2147,170,34.193,-117.427,-1.0641073867675337
2150,170,33.91677,-116.38979,-0.447572587695077
2151,170,34.3088,-118.448,1.2790140341481513
2152,170,34.4435,-117.853,1.577058078730965
2153,170,33.99,-116.656,-1.7994677195474411
2154,170,34.36,-117.629,-0.299028629380922
8370,170,34.14647,-118.76699,-0.4963571404509311
8371,170,35.34444,-119.10445,-0.0753906773811781
8372,170,32.68005,-116.67215,-2.098350896090002
8373,170,34.1949,-118.354,1.177496415932033
8374,170,33.3527,-115.733,-1.9531050815951243
8375,170,34.2623,-116.92075,0.4390809576903299
8377,170,34.07618,-118.3959,0.9805317998964376
8378,170,34.10521,-117.28264,1.0934240335448884
8380,170,33.876,-117.561,-0.9735977331822576
8382,170,36.43988,-118.08016,-2.6834065832128307
8383,170,32.999,-116.942,-2.443909049259774
8384,170,32.805,-115.447,-2.373927747653247
8385,170,34.88303,-117.99106,-0.5597821066619166
8386,170,34.72832,-119.98803,-0.0571864656061719
8387,170,34.397,-118.918,1.639408617466428
8388,170,33.71264,-118.29381,-0.1383513742880708
8389,170,34.1,-117.439,-0.8265727141254097
8390,170,33.8717,-117.92251,0.9046772412329204
8391,170,34.13677,-118.1283,0.8686135561724434
8392,170,35.30177,-116.80574,-0.1383336589313477
8393,170,34.8294,-116.335,0.8350773332491731
8394,170,34.121,-117.219,-0.1213937452599266
8396,170,35.66278,-118.47403,-0.6216795184654106
8397,170,34.31076,-118.49675,1.9755331024592024
8398,170,34.15037,-118.10156,0.6646943328855527
8399,170,33.943,-118.411,0.1803030694046732
8400,170,33.798,-118.08837,0.5598708604935492
8402,170,34.61462,-118.29104,1.2983003815055687
8403,170,34.5214,-117.991,0.909815622159784
8404,170,35.36165,-118.92282,-0.0384015157594037
8406,170,34.13688,-118.12601,4.362303041512138
8407,170,33.74,-118.335,-3.2605137617468505
8409,170,34.81258,-119.1453,0.1270174424352835
8410,170,34.88848,-119.81362,0.2719668038015396
8412,170,34.22869,-118.55829,1.2393178293802372
8413,170,33.788,-117.844,0.642261793731915
8414,170,34.3968,-119.299,0.0166644640924518
8416,170,34.1484,-118.1711,0.1763438298784338
8418,170,33.354,-116.863,-1.9719642213401392
8419,170,34.39558,-118.49837,0.907734039599548
8421,170,34.281,-118.478,0.946718452526327
8422,170,33.973,-117.327,-0.5610872841352009
8423,170,33.99351,-117.37545,-1.8331921476634288
8424,170,33.70432,-117.88578,-0.950215353024055
8426,170,34.44076,-119.71492,0.2726042629593149
8427,170,34.293,-119.1646,0.1895157802093464
8429,170,34.27091,-118.74407,0.9238276371627134
8430,170,34.52775,-119.97834,0.1931289469672169
8431,170,34.08377,-118.599,-1.2158452258742736
8432,170,35.14592,-119.41946,0.0895599268369122
8434,170,35.84089,-119.08469,0.4885487940277134
2155,171,23.2147,120.268,-1.5297866676833651
2156,171,23.1795,120.4778,-0.5575060912035252
2157,171,23.0457,120.4615,-0.55450167663854
2158,171,23.757,120.6062,-0.6914088420493393
2159,171,23.7795,120.5137,-0.2123291522743697
2160,171,23.7987,120.4113,-0.7041713944228718
2161,171,23.752,120.2468,-1.750808026280536
2162,171,23.632,120.6052,-0.7951554394833745
2163,171,23.6135,120.5282,-0.4532093633614891
2164,171,23.5799,120.291,-1.0127183411372824
2165,171,23.5407,120.2153,-1.332833750685268
2166,171,23.5212,120.5443,-0.1173694703046714
2167,171,23.52,120.584,0.0458621221713105
2168,171,23.6073,120.4788,-1.0344851275236786
2169,171,23.5207,120.344,-2.2522459524179146
2170,171,23.4388,120.5957,-0.8272824032160546
2171,171,23.3583,120.5833,-0.6439993256500717
2172,171,23.3832,120.1635,-1.7639742687974147
2173,171,23.4765,120.4632,-0.637717005648991
2175,171,23.2803,120.4083,-2.09280977075417
2176,171,23.2878,120.501,-1.041693537167644
2178,171,23.2698,120.2705,-0.9747137914555662
2179,171,23.2627,120.1315,-1.624164798188652
2180,171,23.1495,120.4098,-0.7702377134359727
2181,171,23.1725,120.3192,-0.9077881805327926
2182,171,23.1243,120.2392,-1.273730658858166
2183,171,23.0768,120.5107,-1.141224953131637
2184,171,23.1213,120.45,-0.5856366672300222
2185,171,23.027,120.3402,-1.5058322019287351
2186,171,22.906,120.345,0.1280269492218873
2187,171,22.999,120.1837,-1.0148474708982524
2188,171,23.0648,120.1645,-0.9555534197453202
2189,171,23.5103,120.8052,-0.9020478428991086
2190,171,23.5672,119.5552,-0.0042039805175922
2193,171,23.1848,120.528,-1.4214366435769157
2194,171,23.5972,120.6777,0.3184128413014315
2195,171,23.267,120.488,-0.7526111878850749
2196,171,23.7237,120.2975,-2.0086086091500115
2197,171,23.351,120.5932,0.3522045185544867
2198,171,23.3462,120.4293,-0.4998186791295826
2199,171,23.2673,120.2163,-1.536622909126917
2200,171,23.7913,120.4783,-1.0294645279170898
2201,171,23.6538,120.1472,-1.2745088354069096
2202,171,23.7935,120.3205,-1.2465855641487615
2203,171,23.1373,120.2802,-0.5990976908151027
2204,171,23.2272,120.3418,-1.2772315681755515
2205,171,23.6862,120.5622,-1.3548989697656355
2207,171,23.6695,120.4648,-0.5276680872393975
2209,171,23.7912,120.2273,-0.6053667397933739
2210,171,23.7035,120.183,-1.062978190357168
2211,171,23.0372,120.1187,-0.6663484352888255
2212,171,23.149,120.079,-1.1761266722668633
2213,171,23.0775,120.1082,-1.043167532255868
2215,171,23.6608,121.414,0.1736415855110261
2216,171,23.6732,121.4173,-1.0798328781957078
2217,171,23.9877,121.6173,-0.01663259819259
2218,171,23.9925,121.6165,0.4470001941819779
2219,171,23.9962,121.5858,0.7311413675038594
2220,171,23.993,121.6233,0.6039902115616324
2221,171,23.978,121.591,1.3117174232201685
2222,171,23.9732,121.5993,0.1278854903640541
2223,171,23.9757,121.553,0.8096865605159298
2224,171,23.9648,121.56,0.3249086086613979
2225,171,23.9497,121.5392,0.0010290809592073
2226,171,23.977,121.605,0.7400994583220297
2227,171,23.8137,121.4328,-1.0566189175381648
2228,171,24.2675,121.7325,0.8311996042721945
2229,171,24.08,121.5955,0.0262688393239229
2230,171,23.3522,121.297,-2.17428173630301
2231,171,24.163,121.6447,0.0587534560487248
2232,171,24.1185,121.6165,-0.2164994544385312
2233,171,24.055,121.591,0.5142780519363792
2234,171,24.0172,121.6013,0.9921098237975018
2235,171,23.9373,121.5702,0.985194348116836
2236,171,23.7852,121.4488,-0.2019197773389723
2237,171,23.7653,121.4922,-0.0986689499835058
2238,171,23.7108,121.412,-0.2311769531083879
2239,171,23.6867,121.4747,-0.1146332417781996
2240,171,23.5905,121.3772,-1.4421652389493895
2241,171,23.732,121.4362,-1.2893074490150815
2242,171,23.4995,121.367,-0.7826595383321617
2243,171,23.4542,121.384,0.1207053822831184
2244,171,23.4615,121.3445,-1.307737613726278
2245,171,23.3845,121.3523,-0.494602212957148
2246,171,23.2675,121.2942,-0.0801087027309205
2247,171,23.7092,121.54,-1.0958267909329478
2248,171,23.6538,121.5268,-1.2829237902706905
2249,171,24.3095,121.7405,1.7322980694509724
2250,171,24.1492,121.6213,0.6806118088869674
2251,171,24.0113,121.5715,0.038288449962939
2252,171,23.9952,121.5577,1.1855180682303572
2253,171,23.9897,121.584,-0.463958248811205
2254,171,23.8703,121.548,-0.2104138998287202
2255,171,23.3232,121.3323,0.133785311078943
2256,171,24.1795,121.5077,-0.06572946829578
2257,171,24.16,121.61,-0.1952724137222797
2258,171,23.9672,121.484,-0.9702652732841888
2259,171,23.8713,121.5005,-2.1082023887813026
2260,171,23.8703,121.59,-2.1067944646432326
2263,171,24.845,121.7973,0.2001233712435162
2264,171,24.7982,121.7813,0.6291018497146195
2266,171,24.6978,121.8052,0.6163375119283285
2267,171,24.6412,121.825,1.70240200321303
2268,171,24.5943,121.8462,2.072240836485312
2269,171,24.7088,121.7628,0.8456518293543387
2270,171,24.619,121.7812,1.6075673739713447
2271,171,24.7807,121.7335,1.2163839764743645
2272,171,24.732,121.7294,0.8336765259354489
2273,171,24.6945,121.7202,0.6052477069221812
2275,171,24.749,121.684,0.6732286546363347
2276,171,24.7135,121.644,1.6340979140904297
2277,171,24.6448,121.588,-0.0264939049018163
2278,171,24.7278,121.755,0.7839590550048785
2279,171,24.5995,121.8337,0.7165000314143535
2280,171,24.7455,121.7142,0.8759271857019761
2281,171,24.7233,121.7917,0.177318503128127
2282,171,24.6903,121.792,0.1768407783322843
2284,171,24.666,121.7338,1.2625203761973427
2285,171,24.7663,121.7612,0.884944914996324
2286,171,24.7655,121.748,0.4915918849805725
2287,171,24.428,121.7407,-0.6181223431060311
2289,171,24.6092,121.8488,0.3518640312498026
2290,171,24.7387,121.8083,0.5528082988207115
2291,171,24.7622,121.8088,0.9005807876836336
2292,171,24.6667,121.8205,1.1366888307529266
2293,171,24.5233,121.825,0.530318224071818
2294,171,24.4677,121.7933,1.0964053999025911
2296,171,24.477,121.7787,0.1181407019940308
2297,171,24.4473,121.7707,0.6355298637728319
2298,171,24.44,121.3728,0.2391528675085039
2299,171,23.1618,120.6355,-2.3855483026941804
2300,171,22.7873,120.279,-0.9313386765095856
2301,171,22.902,120.5352,1.261224240549003
2302,171,23.1625,120.7573,-1.2253146728581128
2303,171,23.2777,120.7128,-2.1590231657294545
2304,171,22.8873,120.6567,-1.3906347575771278
2305,171,22.7112,120.6412,-2.097631500414013
2306,171,22.8858,120.3222,-0.0991804033366253
2307,171,25.0863,121.45,0.8612381092937854
2309,171,25.0758,121.5083,0.4278518667879968
2310,171,25.0758,121.5273,0.4929528878953332
2311,171,25.063,121.4813,-0.0093832068439534
2312,171,25.0572,121.5253,0.1015510872304807
2313,171,25.0578,121.5442,0.5685227625305449
2314,171,25.0528,121.448,0.7708248879646968
2315,171,25.0388,121.5263,0.5667872863834239
2317,171,25.0203,121.4652,0.2465575083104354
2318,171,25.017,121.5027,0.244829109811576
2319,171,25.0045,121.5073,0.4959666478454828
2320,171,25.0007,121.4748,1.4937786380748346
2321,171,24.9803,121.5293,2.0583693286671445
2322,171,24.955,121.5303,0.5584205746978661
2323,171,24.9239,121.535,0.6052923774309381
2324,171,25.183,121.4167,0.6110223017556667
2325,171,25.1255,121.4532,0.9318538950325164
2326,171,24.9913,121.41,0.6525028355260911
2328,171,25.148,121.4365,2.024503852762693
2329,171,25.1008,121.4403,0.8017690996674518
2330,171,25.0817,121.3828,-0.0106136272257239
2331,171,24.959,121.5143,1.4395322817917922
2332,171,25.1865,121.5202,0.9617050446897146
2336,171,25.056,121.872,1.475546023864427
2337,171,25.0237,121.906,1.0129375282744757
2339,171,25.1008,121.4177,0.7002718413555995
2340,171,25.0385,121.5762,-0.1278657546154455
2341,171,25.027,121.5595,0.8359200580621909
2342,171,25.0573,121.5945,1.7749225220016485
2343,171,25.141,121.4758,1.208766362744527
2344,171,25.1353,121.4913,0.3390343542055458
2345,171,25.103,121.5395,0.2956381688422108
2346,171,25.0351,121.519,0.784694476286779
2347,171,25.071,121.781,1.838597530386597
2348,171,25.158,121.7202,1.1352785132975267
2349,171,25.0473,121.1357,1.664315411636531
2350,171,24.9118,121.1405,1.4684786212831789
2351,171,25.0015,121.3097,0.742412553455551
2352,171,25.0092,121.2062,0.8248438149164521
2353,171,25.0003,121.1533,1.5378037344441369
2354,171,25.0463,121.3075,0.9346365236431456
2355,171,24.7757,121.075,1.5135268864550568
2356,171,24.5588,120.7492,0.2494850421263263
2357,171,24.5615,120.701,0.9363470642680396
2358,171,24.6855,120.8623,0.4410284120524167
2359,171,24.639,120.8568,0.5881645708377603
2360,171,24.6157,120.7877,0.5136694347441442
2361,171,24.4488,120.6963,0.3864758417560439
2362,171,24.4912,120.663,0.1406386026414167
2363,171,24.4917,120.7837,1.640984344699407
2364,171,24.4497,120.6455,0.0359305945696886
2365,171,24.5542,120.8077,1.3610035708285466
2366,171,24.5412,120.9137,0.8327870125700564
2367,171,24.4683,120.8543,0.9591744040310431
2368,171,24.18,120.594,0.3835856642869388
2369,171,24.1815,120.6338,1.109537262988257
2370,171,24.1603,120.6518,0.1452743561351155
2371,171,24.198,120.7393,1.0236612263289169
2372,171,24.1935,120.6688,0.1232946866214427
2373,171,24.1612,120.675,-0.1537644288827105
2374,171,24.1392,120.6643,0.0250449783625321
2375,171,24.1588,120.6238,0.8243680001572429
2376,171,24.1732,120.6107,1.1441766001609035
2377,171,24.2687,120.5637,1.2111911968952336
2378,171,24.2247,120.644,0.2789391318609628
2379,171,24.1355,120.549,0.5150918729299208
2380,171,24.1083,120.6158,1.629031855117201
2381,171,24.0588,120.6912,2.4052823457238537
2382,171,24.0912,120.72,1.330114434411296
2383,171,24.2772,120.7658,-0.1789207892014296
2384,171,23.9855,120.7883,0.4053000096530929
2385,171,24.014,120.9492,-1.540573294481347
2386,171,23.9622,120.9618,0.3639856257188263
2387,171,23.9827,120.6778,0.7453966780534139
2388,171,23.9077,120.6757,0.5292186889358081
2389,171,23.812,120.8455,-2.0841292156498
2390,171,23.8395,120.8942,-2.1653191670893848
2391,171,24.8022,120.9695,1.1753137946249588
2392,171,24.1475,120.676,0.3473245694525179
2393,171,24.97,121.1867,0.7697693493132212
2394,171,23.883,120.8998,0.4842821888240025
2396,171,24.3482,120.7733,-0.1538225172654951
2397,171,24.2533,121.1758,-1.8785975673788868
2398,171,23.9037,120.8565,-2.0399223054996702
2399,171,25.0117,121.2792,0.0982127376419896
2400,171,24.7695,121.0488,1.5216887902703642
2401,171,24.7433,120.899,0.7047434196143448
2402,171,24.1858,120.6153,0.9307869504280294
2403,171,24.3098,120.7072,-0.1108200101097125
2404,171,24.2455,120.6018,0.7083863368826038
2405,171,24.239,120.559,0.7856748160599808
2406,171,24.0833,120.5518,1.1082811793518452
2407,171,24.0727,120.5402,1.3780323122666602
2408,171,24.0848,120.5713,1.6483309142587326
2409,171,23.9622,120.5695,0.4623133417818666
2410,171,24.1137,120.4872,0.8606175028020561
2411,171,24.0557,120.424,-1.281932123788547
2412,171,23.8928,120.3865,-0.6391140520328984
2413,171,23.9595,120.4693,0.0075012554334399
2414,171,23.8568,120.5803,0.5035270866710048
2415,171,24.1335,120.4598,0.7012768401266049
2416,171,24.0027,120.4235,-0.6340805139349206
2417,171,23.9242,120.3122,-1.3702386207963082
2418,171,23.9803,120.613,1.3959829708899452
2419,171,23.8128,120.6097,-0.013306937750954
2420,171,24.0187,120.5437,0.738720339987421
2421,171,24.4162,120.7607,1.1364231687326551
2422,171,23.8783,120.6843,-0.2136260533469814
2423,171,24.5673,120.8165,0.6509934142902527
2424,171,24.2603,120.6518,0.1053805545801272
2425,171,24.185,120.922,-2.243512358156521
2426,171,23.9223,120.5955,1.6016510939083868
2427,171,23.9578,120.3593,-0.3281542648036177
2428,171,23.8338,120.464,-1.015157499110315
2429,171,23.98,120.3368,-0.893833633807902
2430,171,24.8592,121.2475,1.6131669422078616
2431,171,23.3178,121.4425,-0.7260455742312046
2432,171,22.9102,121.1287,0.8357199577364821
2433,171,23.0992,121.3653,-0.1492694108254316
2434,171,23.1268,121.2057,-1.2439760149741876
2435,171,23.0973,121.2105,-0.3973610035620536
2436,171,23.053,121.1557,0.4566109249153907
2437,171,22.9725,121.1083,-1.425568315472588
2438,171,22.9045,121.072,-1.036882608070208
2439,171,22.863,121.083,-0.7369439796387651
2440,171,22.8078,121.086,-0.1735233807408054
2441,171,23.3563,121.4603,-0.4183895484046619
2442,171,23.2462,121.4055,0.3719930025038243
2443,171,23.193,121.3878,-0.5934453414252423
2444,171,23.1512,121.198,-1.687684665877452
2445,171,23.1342,121.1177,-1.6717389365104425
2447,171,23.0068,121.1655,0.1028175481833858
2448,171,22.9757,121.1478,0.2272143299927723
2449,171,22.9658,121.232,-0.9557736929351678
2450,171,23.1887,121.0168,-1.341584863467563
3835,171,23.6013,120.1715,-0.2018508472705523
3836,171,23.4853,120.2692,-1.492645481703027
3837,171,23.4653,120.544,-0.9511971501071074
3838,171,23.3328,120.1523,-1.877176776892896
3839,171,23.2963,120.5828,-1.7631800617886242
3840,171,23.355,120.4052,-0.5395225910439941
3841,171,23.2212,120.1532,-1.220870841649873
2451,172,23.355,120.4052,1.2093031984850615
2452,172,23.2212,120.1532,0.8551657848986579
2453,172,23.2147,120.268,0.1930144872242773
2454,172,23.1795,120.4778,0.9709034680598816
2455,172,23.0457,120.4615,0.1198368772683537
2456,172,23.757,120.6062,0.6773234193079263
2457,172,23.7795,120.5137,1.2890473444623192
2458,172,23.7987,120.4113,0.0973319724888516
2459,172,23.752,120.2468,-1.1145513815753385
2460,172,23.632,120.6052,2.7131386162371847
2461,172,23.6135,120.5282,1.2545916482438155
2462,172,23.5799,120.291,-0.0536380225441359
2463,172,23.5407,120.2153,-0.0164535070552426
2464,172,23.5212,120.5443,1.8764973927446529
2465,172,23.52,120.584,3.5565865320599666
2466,172,23.6073,120.4788,0.6324462958780175
2467,172,23.5207,120.344,0.5749767432071002
2468,172,23.4388,120.5957,1.477299308543715
2469,172,23.3583,120.5833,2.30632217985729
2470,172,23.3832,120.1635,0.1524292153262489
2471,172,23.4765,120.4632,1.7966508218490986
2473,172,23.2803,120.4083,0.6186105288675129
2474,172,23.2878,120.501,1.6462723756599502
2476,172,23.2698,120.2705,0.9858771701193612
2477,172,23.2627,120.1315,-0.2390958673865446
2478,172,23.1495,120.4098,0.6045716461163457
2479,172,23.1725,120.3192,0.7439199965506518
2480,172,23.1243,120.2392,0.3389561392853259
2481,172,23.0768,120.5107,0.50537322784075
2482,172,23.1213,120.45,0.7303193051874624
2483,172,23.027,120.3402,0.9227088235063304
2484,172,22.906,120.345,1.3436524563975691
2485,172,22.9205,120.2078,0.6098754323626676
2486,172,22.999,120.1837,0.8209773081582165
2487,172,22.9737,120.1815,0.8466603523951051
2488,172,22.971,120.2286,1.0733225469227317
2489,172,23.5103,120.8052,1.2525349170772504
2490,172,23.5672,119.5552,-0.1793825750041789
2493,172,23.1848,120.528,1.044925617653386
2494,172,23.5972,120.6777,4.37913085344218
2495,172,23.267,120.488,1.8627775980905248
2496,172,23.7237,120.2975,-0.8102396410436035
2497,172,23.351,120.5932,3.5799279333917595
2498,172,23.3845,120.519,0.9751323567094028
2499,172,23.3462,120.4293,1.4064586692630665
2500,172,23.2673,120.2163,0.3409602227979546
2501,172,23.6538,120.1472,-0.9762819296919676
2502,172,23.7935,120.3205,-0.7016425431698038
2503,172,22.983,120.2327,0.3360659111811379
2504,172,23.1373,120.2802,0.6404750911753195
2505,172,23.2272,120.3418,0.3690921024448718
2506,172,23.6862,120.5622,0.4962556049486245
2508,172,23.6695,120.4648,1.075373803492572
2510,172,23.0372,120.1187,0.3788621410932777
2511,172,23.149,120.079,0.3830807782986122
2512,172,23.0775,120.1082,-0.0961459857783999
2514,172,23.6608,121.414,-0.865025351326098
2515,172,23.6732,121.4173,-2.404141613563325
2516,172,23.9925,121.6165,-1.2751208223181056
2517,172,23.9962,121.5858,-1.0234032256307783
2518,172,23.993,121.6233,-0.777262391003913
2519,172,23.978,121.591,-0.2174487809194093
2520,172,23.9732,121.5993,-0.6564491992792713
2521,172,23.9757,121.553,-1.5135345796380235
2522,172,23.9648,121.56,-1.1556474535033232
2523,172,23.9497,121.5392,-1.9394598109280217
2524,172,23.977,121.605,-0.906935878342859
2525,172,23.8137,121.4328,-2.743518545566469
2526,172,24.2675,121.7325,-1.4838644323430443
2527,172,23.3522,121.297,-1.6488707850331925
2528,172,24.163,121.6447,-1.853440315073672
2529,172,24.055,121.591,-1.6549164452572067
2530,172,24.0172,121.6013,-1.1444444456438616
2531,172,23.9373,121.5702,-0.9162802148001424
2532,172,23.7852,121.4488,-1.7559050911388157
2533,172,23.7653,121.4922,-0.9707695986910408
2534,172,23.7108,121.412,-2.4583923987401977
2535,172,23.6867,121.4747,-1.1779288420319762
2536,172,23.5905,121.3772,-2.2326277538146853
2537,172,23.732,121.4362,-1.8059356503742536
2538,172,23.4995,121.367,-1.1298489297459111
2539,172,23.4542,121.384,0.6509063936309618
2540,172,23.4615,121.3445,-1.2039182903011116
2541,172,23.3845,121.3523,-0.3597017998988338
2542,172,23.2675,121.2942,-0.261383009077547
2543,172,23.7092,121.54,-2.052870762065209
2544,172,23.6538,121.5268,-2.0539852618570142
2545,172,24.3095,121.7405,-0.5036963194273619
2546,172,24.1492,121.6213,-1.6034964214372354
2547,172,24.0113,121.5715,-0.9285047100792666
2548,172,23.9952,121.5577,-0.100475725634429
2549,172,23.9897,121.584,-2.24426595220692
2550,172,23.8703,121.548,-1.7136685676413903
2551,172,24.1795,121.5077,-2.9326851168566668
2552,172,24.16,121.61,-2.690389594094716
2553,172,23.9672,121.484,-3.048605615985395
2554,172,23.8713,121.5005,-3.716066434670109
2556,172,24.6412,121.825,-0.3828918738136925
2557,172,24.5943,121.8462,-1.2370733762576436
2558,172,24.732,121.7294,-0.7761782427635244
2559,172,24.7455,121.7142,-0.525517485477258
2561,172,24.7663,121.7612,-0.6757780428357497
2562,172,24.4677,121.7933,-1.089359413422461
2563,172,24.477,121.7787,-1.8673358394376207
2564,172,24.4473,121.7707,-0.82588066406067
2565,172,24.44,121.3728,-0.8782647322690325
2566,172,23.1618,120.6355,0.2683272494678872
2567,172,22.7873,120.279,0.5184034156084315
2568,172,22.8797,120.3707,1.4042899293302258
2569,172,22.891,120.4738,0.8447788311710873
2570,172,22.902,120.5352,1.701513871437359
2571,172,22.6707,120.491,0.019797355285716
2572,172,23.1625,120.7573,1.4504522672332916
2573,172,23.2777,120.7128,0.2531865357696192
2574,172,22.9053,120.1732,0.2950585592047814
2575,172,22.7852,120.2385,-0.0626475852842632
2576,172,22.7303,120.3412,0.1069450535958349
2577,172,22.8873,120.6567,0.0137746532517257
2578,172,22.574,120.5663,0.3323660161654247
2579,172,22.747,120.7233,0.4130772828032937
2580,172,22.7112,120.6412,-1.1220314859493647
2581,172,22.8858,120.3222,1.295560510288122
2582,172,22.6461,120.306,-0.2846038778257157
2583,172,24.955,121.5303,-1.1924285999798128
2584,172,24.959,121.5143,-0.2794589388950771
2585,172,24.9118,121.1405,-0.2772046062568464
2586,172,24.7572,120.9345,-0.362652112296357
2587,172,24.7808,121.0068,-0.0191666978598844
2588,172,24.7757,121.075,-0.3240631408199641
2589,172,24.5588,120.7492,-0.1345547775572889
2590,172,24.5615,120.701,-0.0077803301277586
2591,172,24.523,120.8148,-0.1698934995286738
2592,172,24.6855,120.8623,-0.0594183654358413
2593,172,24.639,120.8568,-0.3634842777870297
2594,172,24.6157,120.7877,0.0539592711654459
2595,172,24.4488,120.6963,0.4247846410362588
2596,172,24.4912,120.663,-0.5967240800997852
2597,172,24.4917,120.7837,1.0080107648093295
2598,172,24.4497,120.6455,0.1746932509336053
2599,172,24.5542,120.8077,0.8270400397035352
2600,172,24.5412,120.9137,-0.1706009079584573
2601,172,24.4683,120.8543,-0.6112065024002348
2602,172,24.6188,120.9387,0.0743689763732333
2603,172,24.18,120.594,0.4898808021302023
2604,172,24.179,120.6902,0.2392946577189052
2605,172,24.1815,120.6338,0.8105794508533841
2606,172,24.1603,120.6518,0.2685603520060537
2607,172,24.198,120.7393,0.1261669325965858
2608,172,24.1935,120.6688,0.2216389586793728
2609,172,24.1612,120.675,0.8583038269202881
2610,172,24.1588,120.6238,0.4915293015662519
2611,172,24.1732,120.6107,0.2922037739617196
2612,172,24.2687,120.5637,1.3095880168417005
2613,172,24.2247,120.644,-0.5313740308011613
2614,172,24.1355,120.549,1.2992662676989088
2615,172,24.1083,120.6158,1.4025496408810738
2616,172,24.3457,120.61,0.7277421209856512
2617,172,24.0588,120.6912,2.4001166446952182
2618,172,24.0912,120.72,0.9778814012431234
2619,172,24.2772,120.7658,0.4370241974015709
2620,172,24.196,120.5403,1.270663769507148
2621,172,23.9855,120.7883,0.1029200837829939
2622,172,24.0407,120.8488,-0.7054294192962368
2623,172,24.014,120.9492,-2.124045582722767
2624,172,23.9622,120.9618,-0.9210566585776
2625,172,23.9827,120.6778,1.7847609231981716
2626,172,23.9077,120.6757,2.5245489026819508
2627,172,23.812,120.8455,-0.1289054531243986
2628,172,23.8395,120.8942,-1.2799108526678096
2629,172,24.8022,120.9695,-0.0024326801456069
2630,172,24.1475,120.676,1.017390799004361
2631,172,23.883,120.8998,1.0074132325701983
2633,172,24.3482,120.7733,0.0634068684972012
2634,172,23.9037,120.8565,-1.2547078370763851
2635,172,24.7695,121.0488,0.3677932578585108
2636,172,24.6917,121.0135,-0.8341012906289672
2637,172,24.7433,120.899,-0.1386055022263088
2638,172,24.1858,120.6153,0.6430404659529719
2639,172,24.2493,120.7208,1.0778022949996895
2640,172,24.3098,120.7072,0.4882426853706613
2641,172,24.2455,120.6018,-0.1436916383808062
2642,172,24.239,120.559,0.7675079193964085
2643,172,24.0833,120.5518,1.7448703714585865
2644,172,24.0727,120.5402,1.7815471738927382
2645,172,24.0848,120.5713,1.1944739905286037
2646,172,24.0557,120.424,-0.2124069711157454
2647,172,23.8928,120.3865,-0.0852369071387207
2648,172,23.9595,120.4693,0.607311607490826
2649,172,23.8568,120.5803,1.4950253395794617
2650,172,24.1335,120.4598,-0.3077597127459414
2651,172,24.0027,120.4235,0.1858547161204702
2652,172,23.9242,120.3122,-0.3336274422036827
2653,172,23.9803,120.613,1.1232130041417254
2654,172,23.8128,120.6097,1.23936939672028
2655,172,24.0187,120.5437,0.8223812809759432
2656,172,24.4162,120.7607,0.0742909178811203
2657,172,23.8783,120.6843,1.3141659158588432
2658,172,24.5673,120.8165,-0.1100047998720953
2659,172,24.2603,120.6518,0.1727586924443146
2660,172,23.9223,120.5955,2.0139557007251248
2661,172,23.9578,120.3593,-0.2637212712022308
2662,172,23.8338,120.464,0.7135092636704361
2663,172,23.98,120.3368,-0.1821428464492887
2664,172,24.8592,121.2475,0.3939708872263518
2665,172,23.3178,121.4425,-0.4725637476940923
2666,172,22.6178,120.9975,0.1459574890224771
2667,172,22.9102,121.1287,-0.0720201880873864
2668,172,22.7488,121.1442,-0.201994440387748
2669,172,22.74,121.1135,-0.3554472571353727
2670,172,22.7662,121.133,-1.349387299904174
2671,172,23.0992,121.3653,-0.6525053964820446
2672,172,22.8207,121.0717,-1.1239037892822177
2673,172,23.1268,121.2057,-1.0949580767923588
2674,172,23.0973,121.2105,-0.9052732723309476
2675,172,22.9725,121.1083,-1.6129387589762365
2676,172,22.9045,121.072,-1.452770063374421
2677,172,22.863,121.083,-0.8920182162810141
2678,172,22.8078,121.086,-0.3062878425663586
2679,172,22.779,121.0543,-0.7740427759185304
2680,172,23.3563,121.4603,-0.4648374228559073
2681,172,23.2462,121.4055,-0.5296685736551981
2682,172,23.193,121.3878,-1.030770601499895
2683,172,22.7988,121.1855,-0.5310542685053409
2684,172,23.1512,121.198,-1.5245999937675945
2685,172,23.1342,121.1177,-2.410511178203641
2687,172,23.0068,121.1655,-0.0561159480765338
2688,172,22.9757,121.1478,-0.8809670082147671
2689,172,22.9658,121.232,-1.0998293399623202
2690,172,22.773,121.0827,-0.8733091091410321
2691,172,22.674,121.0293,-0.4578720383461345
2692,172,23.1887,121.0168,-1.3607522924247093
3842,172,23.7192,120.4125,0.3942327407497894
3843,172,23.6013,120.1715,0.2573155199167114
3844,172,23.5815,120.552,2.6785026805386494
3845,172,23.4853,120.2692,0.9772885138792192
3846,172,23.4653,120.544,2.322271163504652
3847,172,23.3328,120.1523,-0.5069183057559241
3848,172,23.2963,120.5828,1.6023890221229518
2693,173,23.355,120.4052,1.4865065376779707
2694,173,23.2212,120.1532,0.5774160018317601
2695,173,23.2147,120.268,-0.2502452534637928
2696,173,23.1795,120.4778,0.7681519539857838
2697,173,23.0457,120.4615,-0.323470973150547
2698,173,23.757,120.6062,0.2120257627298296
2699,173,23.7795,120.5137,-0.2939080003329901
2700,173,23.7987,120.4113,-0.8720438513739693
2701,173,23.752,120.2468,-1.5071505239886778
2702,173,23.632,120.6052,-0.0911773812141455
2703,173,23.6135,120.5282,0.5148002006435174
2704,173,23.6443,120.4758,-0.4040659727772193
2705,173,23.5799,120.291,-0.0124350793459288
2706,173,23.5407,120.2153,0.0545731147635186
2707,173,23.5212,120.5443,1.5540294891721689
2708,173,23.52,120.584,2.684420500690858
2709,173,23.6073,120.4788,-0.7140476547776055
2710,173,23.5207,120.344,0.8170355712254032
2711,173,23.3583,120.5833,1.6698343018201691
2712,173,23.3832,120.1635,0.8541886905783065
2713,173,23.4765,120.4632,2.395163409081805
2715,173,23.2803,120.4083,-0.4018349319055847
2716,173,23.2878,120.501,0.5460423707785189
2718,173,23.2698,120.2705,0.8399673873866577
2719,173,23.2627,120.1315,1.1248142098047451
2720,173,23.1495,120.4098,-0.4511478993881749
2721,173,23.1725,120.3192,-0.0327827178054184
2722,173,23.184,120.1025,0.2092719864233647
2723,173,23.1243,120.2392,-0.2669619159030836
2724,173,23.0768,120.5107,-0.4376876948316993
2725,173,23.1213,120.45,-0.112780654644701
2726,173,23.027,120.3402,-0.402691588653775
2727,173,22.906,120.345,0.826456100452676
2728,173,22.9205,120.2078,-0.2393831880202947
2729,173,22.999,120.1837,-0.0496034980109405
2730,173,22.9737,120.1815,-0.0225895287347193
2731,173,22.971,120.2286,-0.3037025929535342
2732,173,23.0648,120.1645,-0.0846504343252498
2733,173,23.5103,120.8052,1.20428117689792
2734,173,23.5672,119.5552,0.786793209545647
2737,173,23.1848,120.528,-0.1899854528133651
2738,173,23.5972,120.6777,0.8573269674786786
2739,173,23.267,120.488,0.4145533588619445
2740,173,23.7237,120.2975,-1.4880216184420358
2741,173,23.351,120.5932,2.1380240429206223
2742,173,23.3845,120.519,0.9010897912063324
2743,173,23.3462,120.4293,1.1925494861187385
2744,173,23.2673,120.2163,0.3403004851471872
2745,173,23.7913,120.4783,0.123424622589919
2746,173,23.6538,120.1472,-1.5438961535660445
2747,173,23.7935,120.3205,-0.7935379755375287
2748,173,22.983,120.2327,-0.4533144994532004
2749,173,23.1373,120.2802,-0.2339158662136475
2750,173,23.2272,120.3418,0.500147758522689
2751,173,23.6862,120.5622,0.0537294503145678
2753,173,23.6695,120.4648,-0.0942709897948888
2755,173,23.0372,120.1187,0.362360824654595
2756,173,23.149,120.079,0.5936275749659456
2757,173,23.0775,120.1082,-0.2461127785137443
2759,173,23.6608,121.414,0.0010565904172368
2760,173,23.6732,121.4173,-1.5287832629865423
2761,173,23.9877,121.6173,-1.343556979839066
2762,173,23.9925,121.6165,-1.0128783686360818
2763,173,23.9962,121.5858,-0.486353255410115
2764,173,23.978,121.591,-0.2774290641273215
2765,173,23.9732,121.5993,-0.554607039609789
2766,173,23.9757,121.553,-1.05726549377152
2767,173,23.9648,121.56,-0.9492191532161176
2768,173,23.9497,121.5392,-1.384161335286402
2769,173,23.977,121.605,-0.1246125279962634
2770,173,23.8137,121.4328,-1.9951080223819304
2771,173,23.3522,121.297,-1.736616273615932
2772,173,24.163,121.6447,-1.1155275497451025
2773,173,24.1185,121.6165,-2.145492516745696
2774,173,24.055,121.591,-1.3587548840490058
2775,173,24.0172,121.6013,-0.6784754047071978
2776,173,23.9373,121.5702,-0.6228170374317232
2777,173,23.7852,121.4488,-1.6269694204161804
2778,173,23.7653,121.4922,-0.7981376142589733
2779,173,23.7108,121.412,-1.0322944100110398
2780,173,23.6867,121.4747,-0.8962728222061939
2781,173,23.5905,121.3772,-0.9260750458314349
2782,173,23.732,121.4362,-0.93683616171159
2783,173,23.4995,121.367,-0.4233801223606905
2784,173,23.4542,121.384,0.5779702660882512
2785,173,23.4615,121.3445,-0.880597125258263
2786,173,23.3845,121.3523,-0.4812741245213262
2787,173,23.2675,121.2942,-0.0365014003053224
2788,173,23.7092,121.54,-1.6060134199176537
2789,173,23.6538,121.5268,-1.1072208586716488
2790,173,24.3095,121.7405,-0.1723807773253376
2791,173,24.1492,121.6213,-1.036192619513843
2792,173,24.0113,121.5715,-0.7684473506943174
2793,173,23.9952,121.5577,0.0041769810571824
2794,173,23.9897,121.584,-2.31461551619355
2795,173,23.8703,121.548,-0.7942590701562425
2796,173,23.3232,121.3323,-0.9850352226816976
2797,173,24.1795,121.5077,-2.1720677030295352
2798,173,24.16,121.61,-2.0837741101818934
2799,173,23.9672,121.484,-2.130057170665207
2800,173,23.8713,121.5005,-2.701840532738524
2802,173,24.44,121.3728,0.5126249954233458
2803,173,23.1618,120.6355,-0.9852096754498308
2805,173,22.591,120.3173,-0.8814036842395822
2806,173,22.6462,120.3585,-0.0303171895976128
2807,173,22.6295,120.3672,0.1318480908379427
2808,173,22.8797,120.3707,0.9822821469104952
2809,173,22.656,120.3317,-0.2251682138198761
2810,173,22.509,120.3862,-0.0360476926661189
2811,173,22.891,120.4738,0.2530388614367593
2812,173,22.902,120.5352,1.9540177257274955
2813,173,22.6707,120.491,-0.3517163389595272
2814,173,22.5462,120.4528,-0.2595877275456651
2815,173,22.2617,120.6432,-0.2982929042935389
2816,173,22.1922,120.6853,0.1672512851901343
2818,173,22.7252,120.4908,0.0966911107820271
2819,173,23.1625,120.7573,0.3927958915315728
2820,173,23.2777,120.7128,-0.7474466274011969
2821,173,22.5747,120.3353,-0.0588220803816013
2822,173,22.6495,120.3203,-0.7166460799892365
2823,173,22.6237,120.2843,0.4978228021799548
2824,173,22.9053,120.1732,-0.2090977138961821
2825,173,22.7852,120.2385,0.1338893566747451
2826,173,22.7303,120.3412,-0.4691737513216948
2827,173,22.8873,120.6567,-1.688526900671938
2828,173,22.5348,120.5362,0.3217327405872726
2829,173,22.574,120.5663,0.3726906902519141
2830,173,22.4903,120.499,-0.0594118886959363
2831,173,22.747,120.7233,-0.5573986328975241
2832,173,22.7112,120.6412,-1.6930036197404297
2833,173,22.0095,120.7367,1.012985513796499
2834,173,22.5673,120.4475,-0.2182675766955491
2835,173,22.8858,120.3222,0.8745107332122911
2836,173,22.6128,120.3113,0.42508481686311
2837,173,22.6461,120.306,-0.5226900052587268
2838,173,22.4805,120.403,-0.3703887378823964
2839,173,25.017,121.5027,-0.3084075796745344
2840,173,25.0385,121.5762,-0.937243210868595
2841,173,24.7808,121.0068,1.1256264630461643
2842,173,24.7757,121.075,0.9613547858843868
2843,173,24.5588,120.7492,0.5266996454446252
2844,173,24.5615,120.701,0.8453220340110079
2845,173,24.6855,120.8623,1.1859558185007273
2846,173,24.6157,120.7877,0.7181313845190355
2847,173,24.4488,120.6963,1.1668147010524306
2848,173,24.4912,120.663,0.3557090143260694
2849,173,24.4917,120.7837,1.582297216680009
2850,173,24.4497,120.6455,0.5060617162828653
2851,173,24.5542,120.8077,1.0604602760088189
2852,173,24.4683,120.8543,0.0021457179879689
2853,173,24.18,120.594,0.3159809775647559
2854,173,24.179,120.6902,-0.2877490708466129
2855,173,24.1815,120.6338,0.3761863020529928
2856,173,24.1603,120.6518,-0.3367948397876211
2857,173,24.198,120.7393,0.5316128811697989
2858,173,24.1935,120.6688,-0.28786283348237
2859,173,24.1612,120.675,-0.1040001269181559
2860,173,24.1588,120.6238,0.1079745293134099
2861,173,24.1732,120.6107,0.3240122808457132
2862,173,24.2687,120.5637,0.912013297417896
2863,173,24.2247,120.644,-0.33758818406605
2864,173,24.1355,120.549,0.4740896859178946
2865,173,24.3457,120.61,1.1439558839551784
2866,173,24.0912,120.72,-0.2289336943575083
2867,173,24.2772,120.7658,0.6013556135169575
2868,173,24.196,120.5403,0.5017468923321002
2869,173,24.1475,120.676,0.0957314755684227
2870,173,23.883,120.8998,1.3856841301313154
2871,173,24.3482,120.7733,0.9464765523325992
2872,173,23.9037,120.8565,-0.8626009850991682
2873,173,24.6917,121.0135,0.1418490297860456
2874,173,24.7433,120.899,0.5850673881157857
2875,173,24.1858,120.6153,0.1526790091956174
2876,173,24.2493,120.7208,1.800834267812369
2877,173,24.3098,120.7072,1.188423168145886
2878,173,24.2455,120.6018,-0.8144241314523747
2879,173,24.239,120.559,0.381413701001589
2880,173,24.0833,120.5518,0.970150638172044
2881,173,24.0727,120.5402,1.4427956582746675
2882,173,24.0848,120.5713,1.0383728899600284
2883,173,23.9622,120.5695,0.6553310818884364
2884,173,24.0557,120.424,-0.0795147500580284
2885,173,23.8928,120.3865,-0.2801943778583367
2886,173,23.9595,120.4693,0.3564779968219695
2887,173,23.8568,120.5803,1.796087883843852
2888,173,24.1335,120.4598,-0.0605695339638381
2889,173,24.0027,120.4235,0.1834119161274935
2890,173,23.9242,120.3122,-0.4587538736973116
2891,173,23.9803,120.613,0.932893174136786
2892,173,23.8128,120.6097,1.1186704962044225
2893,173,24.0187,120.5437,0.8483769119500929
2894,173,24.5673,120.8165,0.6647380945483832
2895,173,24.2603,120.6518,-0.2142011044742953
2896,173,23.9223,120.5955,1.5118672032064917
2897,173,23.9578,120.3593,-0.3156141273047235
2898,173,23.8338,120.464,0.3166655642903355
2899,173,23.98,120.3368,0.2166955720701213
2900,173,23.3178,121.4425,0.7646829902666854
2901,173,22.9738,121.2968,0.1770035811319942
2902,173,22.6178,120.9975,0.1555184857748432
2903,173,22.9102,121.1287,0.8332874095752606
2904,173,22.7568,121.1403,0.5277220020080051
2905,173,22.7717,121.1378,-0.4634200026995329
2906,173,22.7647,121.1427,-0.0714454116487016
2907,173,22.7602,121.1517,0.2573731940015822
2908,173,22.7488,121.1442,0.3029939686680436
2909,173,22.74,121.1135,0.1115680119652059
2910,173,22.7662,121.133,-0.6797495755542805
2911,173,23.0992,121.3653,-0.3198761755061748
2912,173,22.754,121.1465,0.8952136648005218
2913,173,22.8207,121.0717,-0.7169170864234237
2914,173,23.1268,121.2057,-0.4372813250689103
2915,173,23.0973,121.2105,0.1258311579301589
2916,173,23.053,121.1557,2.066969325343944
2917,173,22.9725,121.1083,-0.5612420774390703
2918,173,22.9045,121.072,-0.4395118574509538
2919,173,22.863,121.083,0.3194431716442115
2920,173,22.8078,121.086,-0.3430893423158972
2921,173,22.779,121.0543,-1.0475824666360938
2922,173,23.3563,121.4603,-0.136214321835452
2923,173,23.2462,121.4055,-0.1754753274992238
2924,173,23.193,121.3878,-0.8599087092613564
2925,173,22.7988,121.1855,1.0467011531497836
2926,173,23.1512,121.198,-0.1855071842871485
2927,173,23.1342,121.1177,-0.2677178578607888
2929,173,23.0068,121.1655,0.5529098803728103
2930,173,22.9757,121.1478,0.3210131683054865
2931,173,22.9658,121.232,-0.4862254711979078
2932,173,22.773,121.0827,-0.7066546720305947
2933,173,22.674,121.0293,-0.4691774835618404
2934,173,23.1887,121.0168,0.9068103664723568
3849,173,23.7192,120.4125,0.0289772087822987
3850,173,23.6013,120.1715,-0.7073619431825523
3851,173,23.5815,120.552,0.818187679077345
3852,173,23.4853,120.2692,1.4520294285766946
3853,173,23.4653,120.544,1.0056707520465673
3854,173,23.3328,120.1523,0.471257798961529
3855,173,23.2963,120.5828,-0.2784836808791182
2935,174,23.2963,120.5828,0.3808830058095914
2936,174,23.355,120.4052,0.2842959696876889
2937,174,23.2212,120.1532,0.2018818177483985
2938,174,23.2147,120.268,-0.2327873381876044
2939,174,23.1795,120.4778,0.7998589247199053
2940,174,23.0457,120.4615,0.9863809338395488
2941,174,23.757,120.6062,-0.3503148938003629
2942,174,23.7795,120.5137,-0.3574646356287719
2943,174,23.7987,120.4113,-1.5655000186278722
2944,174,23.752,120.2468,-1.5196328534595889
2945,174,23.6135,120.5282,0.4764587617178032
2946,174,23.6443,120.4758,-0.2006300964076126
2947,174,23.5799,120.291,-0.8234748710595124
2948,174,23.5407,120.2153,-0.9496482740785026
2949,174,23.52,120.584,1.2468571151794536
2950,174,23.5207,120.344,-0.5541624044645869
2951,174,23.3583,120.5833,1.2082603372736265
2952,174,23.3832,120.1635,-0.549069016216962
2953,174,23.4765,120.4632,1.031225171577944
2955,174,23.2803,120.4083,-0.7903120360199666
2956,174,23.2878,120.501,0.3445387954546884
2958,174,23.2698,120.2705,0.231584146781604
2959,174,23.2627,120.1315,-0.4879145789857745
2960,174,23.1495,120.4098,0.518035741596731
2961,174,23.1725,120.3192,0.0737583660010011
2962,174,23.184,120.1025,-0.6514102002823893
2963,174,23.1243,120.2392,-0.3256547912873869
2964,174,23.0768,120.5107,0.5996939573793051
2965,174,23.1213,120.45,0.4589299224368283
2966,174,23.027,120.3402,0.2257127359058705
2967,174,22.906,120.345,1.4112589261539012
2968,174,22.9205,120.2078,0.6233847439530669
2969,174,22.999,120.1837,0.1885863173214752
2970,174,22.9737,120.1815,-0.2703722254852458
2971,174,22.971,120.2286,0.6295985290464545
2972,174,23.0648,120.1645,-0.3987902899994575
2973,174,23.5672,119.5552,0.4570191680806625
2976,174,23.1848,120.528,0.219805856386433
2977,174,23.267,120.488,0.6011724244325445
2978,174,23.7237,120.2975,-2.109210923839779
2979,174,23.351,120.5932,1.4640827006995465
2980,174,23.3845,120.519,0.241615881279328
2981,174,23.3462,120.4293,0.9330284377024765
2982,174,23.2673,120.2163,0.3830468254492514
2983,174,23.6538,120.1472,-1.551302502630243
2984,174,23.7935,120.3205,-1.516307715957358
2985,174,22.983,120.2327,0.1570640911283694
2986,174,23.1373,120.2802,0.2670345971403229
2987,174,23.2272,120.3418,0.101187336458851
2990,174,23.7912,120.2273,-1.1206082330363525
2991,174,23.0372,120.1187,-0.5663376578481928
2992,174,23.149,120.079,-0.0970759337747236
2993,174,23.0775,120.1082,-0.6856826566695329
2996,174,23.6608,121.414,-0.2855687347393798
2997,174,23.9877,121.6173,-0.2852376019855016
2998,174,23.9925,121.6165,-0.4478376300409603
2999,174,23.9962,121.5858,0.2266212794703996
3000,174,23.993,121.6233,-0.6109022440447573
3001,174,23.978,121.591,1.2427256549351535
3002,174,23.9732,121.5993,-0.0550560192530006
3003,174,23.9757,121.553,-0.3154133247764638
3004,174,23.9648,121.56,0.0543567252896075
3005,174,23.9497,121.5392,0.0904054753828863
3006,174,23.977,121.605,0.086111603439232
3007,174,23.8137,121.4328,-1.2202297176443913
3008,174,24.2675,121.7325,0.1197421250299516
3009,174,24.08,121.5955,-1.3227670159322262
3010,174,23.3522,121.297,-0.1491289100569429
3011,174,24.163,121.6447,-0.7050164055563396
3012,174,24.1185,121.6165,-1.5092618700440823
3013,174,24.055,121.591,-0.2364747249205803
3014,174,24.0172,121.6013,-0.2105987176468524
3015,174,23.9373,121.5702,0.5965897819044997
3016,174,23.7852,121.4488,-0.3351717197007236
3017,174,23.7653,121.4922,0.2841289696354732
3018,174,23.7108,121.412,-1.1410452557634423
3019,174,23.6867,121.4747,-0.7773771890628508
3020,174,23.5905,121.3772,-1.1229316685041024
3021,174,23.732,121.4362,-0.2256979138600897
3022,174,23.4995,121.367,-0.4354061282824702
3023,174,23.4542,121.384,0.7227812782431062
3024,174,23.4615,121.3445,-0.4038442750775214
3025,174,23.3845,121.3523,0.3803771358282581
3026,174,23.2675,121.2942,0.7682233235798236
3027,174,23.7092,121.54,-0.9654084267934644
3028,174,23.6538,121.5268,-1.508181996873729
3029,174,24.3095,121.7405,1.1793922550719802
3030,174,24.1492,121.6213,-0.2792290279940832
3031,174,24.0113,121.5715,-0.5842006046172534
3032,174,23.9952,121.5577,0.9302613822177692
3033,174,23.9897,121.584,-1.129123789434687
3034,174,23.8703,121.548,0.0234737273126684
3035,174,24.1795,121.5077,-1.4330217952109
3036,174,24.16,121.61,-0.9380851542114756
3037,174,23.9672,121.484,-1.412574617675342
3038,174,23.8713,121.5005,-1.2181639246032097
3039,174,23.8703,121.59,-1.7330420387484244
3042,174,24.845,121.7973,-0.110064129525472
3044,174,24.6978,121.8052,-0.6173828448363781
3045,174,24.6412,121.825,-0.5725051086668079
3046,174,24.5943,121.8462,0.073988955947753
3047,174,24.7088,121.7628,-0.0845096552499521
3048,174,24.619,121.7812,-0.0015626047499429
3049,174,24.7807,121.7335,-0.7748334007800631
3050,174,24.732,121.7294,-0.5663075662180928
3051,174,24.6945,121.7202,-0.5915491827170052
3053,174,24.749,121.684,0.0624894192111421
3054,174,24.7135,121.644,0.0864092645286223
3055,174,24.6448,121.588,-0.6420278368758302
3056,174,24.7278,121.755,-0.2944568642757802
3057,174,24.5995,121.8337,-1.0174435280679095
3058,174,24.7455,121.7142,-0.4149178230656271
3059,174,24.7233,121.7917,-0.8805490149474485
3060,174,24.6903,121.792,-0.7462997289803881
3062,174,24.7663,121.7612,-0.6979148091555397
3063,174,24.7655,121.748,-1.573800161678961
3064,174,24.7212,121.667,-0.1365793340417881
3065,174,24.6092,121.8488,-1.2949252604590875
3066,174,24.9732,121.9183,0.711003970655983
3067,174,24.7387,121.8083,0.183359002229706
3068,174,24.7622,121.8088,-0.6950543578100544
3069,174,24.6667,121.8205,-0.429823960520681
3070,174,24.5233,121.825,-0.2990180427920455
3071,174,24.4677,121.7933,-0.049150926540617
3072,174,24.477,121.7787,-0.4034681733401773
3073,174,24.4473,121.7707,0.0148654565613172
3074,174,23.1618,120.6355,0.4136621323602121
3075,174,22.6462,120.3585,0.402306565251375
3076,174,22.8797,120.3707,1.7843029362847866
3077,174,22.656,120.3317,0.4131045352619221
3078,174,22.891,120.4738,1.8648309123330893
3079,174,22.902,120.5352,2.551428142802974
3080,174,22.6707,120.491,0.4923359359675083
3081,174,22.6108,120.5588,0.8241870641092874
3082,174,22.5462,120.4528,0.9362499943414762
3083,174,22.4643,120.4535,0.0755943304180674
3084,174,22.5488,120.5327,1.44467364071991
3085,174,22.473,120.5427,0.7125781094524335
3086,174,22.2617,120.6432,0.9000199300507906
3087,174,22.1922,120.6853,0.7145217382418222
3088,174,22.0982,120.7418,1.007895611507463
3089,174,22.1905,120.8703,0.278695697805761
3091,174,22.7252,120.4908,1.3093005764782664
3092,174,23.1625,120.7573,1.4282192301203978
3094,174,23.2777,120.7128,0.6031267399197617
3095,174,22.5538,120.3437,0.3460997523267905
3096,174,22.6342,120.2633,0.4289019305933821
3097,174,22.6495,120.3203,0.4010569046727028
3098,174,22.6237,120.2843,0.470617665663595
3099,174,22.9053,120.1732,0.2176782898574758
3100,174,22.7852,120.2385,-0.1436951021374045
3101,174,22.7303,120.3412,0.7268595121687461
3102,174,22.8873,120.6567,0.4854809698020925
3103,174,22.5348,120.5362,1.0496441458922752
3104,174,22.574,120.5663,1.558613168763408
3105,174,22.4903,120.499,0.3185252409504356
3106,174,22.747,120.7233,1.1867055354440883
3107,174,22.7112,120.6412,0.0224134708749733
3108,174,22.0095,120.7367,1.1210803065371688
3109,174,22.5673,120.4475,0.511266720572153
3110,174,22.8858,120.3222,2.051729541652616
3111,174,22.6128,120.3113,1.225939789158293
3112,174,22.6461,120.306,0.0259612644843588
3113,174,22.4805,120.403,0.4086233164235067
3114,174,25.063,121.4813,-0.4812005359295571
3115,174,25.0572,121.5253,-1.0477038426353973
3117,174,25.017,121.5027,-0.9555965237857228
3118,174,25.0045,121.5073,-0.003091138919307
3119,174,25.0007,121.4748,1.0757638970597818
3120,174,24.9803,121.5293,0.879230036778784
3121,174,24.955,121.5303,0.380391719506498
3122,174,24.9239,121.535,-0.3411699367902302
3123,174,24.9043,121.5447,-0.4813254496993698
3124,174,25.183,121.4167,-0.3670912761655801
3125,174,25.1255,121.4532,-0.3121111571589361
3126,174,24.9913,121.41,-0.1930518580278669
3127,174,25.148,121.4365,1.1999925203020043
3128,174,25.1008,121.4403,-0.6596803579217657
3129,174,25.0817,121.3828,-0.6811424233611002
3130,174,24.959,121.5143,0.3072876411170096
3131,174,25.1565,121.6855,-1.3462236774108516
3132,174,25.1572,121.7237,-0.470013811953872
3133,174,25.1865,121.5202,-0.4760928574358165
3135,174,25.0082,121.9882,-0.4082767197012336
3136,174,24.9913,121.65,-0.038380564401974
3139,174,25.056,121.872,0.507449804515007
3140,174,25.0237,121.906,-0.0350928296859055
3141,174,25.0182,121.9808,-0.8353979115765209
3142,174,25.2595,121.4938,-0.6430713052687875
3143,174,25.2252,121.6295,-1.0589151568215551
3145,174,25.1008,121.4177,-0.6836731975160056
3146,174,25.0385,121.5762,-0.781842636470383
3147,174,25.0573,121.5945,0.9938678268103346
3148,174,25.0608,121.582,-0.5030395072709317
3149,174,25.141,121.4758,0.0178886071406612
3150,174,25.1353,121.4913,-1.249404473575898
3151,174,25.0207,121.5299,0.4843511378061026
3152,174,25.103,121.5395,-0.1583573558810454
3153,174,25.0351,121.519,-0.9007451085487266
3154,174,25.071,121.781,1.3855537774094138
3155,174,25.1053,121.2373,-0.6778126098093273
3156,174,24.9118,121.1405,0.3825646382064484
3157,174,25.0015,121.3097,-0.1715162134052067
3158,174,25.0092,121.2062,-0.4397821987369442
3159,174,25.0463,121.3075,-0.3469462578962369
3160,174,24.88,121.0535,-0.5601652622753879
3161,174,24.7757,121.075,0.6970789952712216
3162,174,24.5588,120.7492,-0.4695403447248351
3163,174,24.5615,120.701,0.5583748699287322
3164,174,24.6855,120.8623,0.3941031417522865
3165,174,24.4488,120.6963,-0.4473131157451535
3166,174,24.4912,120.663,-0.7283338462853325
3167,174,24.4917,120.7837,0.2296507014405638
3168,174,24.4497,120.6455,-0.2967668123909284
3169,174,24.5542,120.8077,0.3857028939376067
3170,174,24.4032,120.7578,-0.5300054981255518
3171,174,24.5412,120.9137,-0.3720108887339417
3172,174,24.4683,120.8543,-1.1378510687372825
3173,174,24.18,120.594,-0.2085476952561322
3174,174,24.179,120.6902,-1.022727221230714
3175,174,24.1815,120.6338,-0.732311561420137
3176,174,24.1603,120.6518,-1.508531068302695
3177,174,24.198,120.7393,0.6647178527369172
3178,174,24.1935,120.6688,-0.6633487949016159
3179,174,24.1612,120.675,-0.6002668733784996
3180,174,24.1392,120.6643,-0.8005970152800446
3181,174,24.1588,120.6238,-0.6898614299742365
3182,174,24.1732,120.6107,-0.318231973423343
3183,174,24.2687,120.5637,0.6736480312643643
3184,174,24.2247,120.644,-1.7318879582219513
3185,174,24.1355,120.549,0.0802448574512528
3186,174,24.3457,120.61,0.5092003467812748
3187,174,24.0912,120.72,-0.4207515049120732
3188,174,24.2772,120.7658,-0.1825380070198799
3189,174,24.196,120.5403,0.7449951739413171
3190,174,24.8022,120.9695,-0.2484273752748828
3191,174,24.1475,120.676,-0.4905927463543387
3192,174,24.97,121.1867,-0.6452768112449807
3194,174,24.3482,120.7733,-0.7965108638755078
3195,174,25.0117,121.2792,-0.5802605524582737
3196,174,24.7695,121.0488,-0.0164583793744284
3197,174,24.6917,121.0135,-0.2393609349226447
3198,174,24.7957,120.9558,-0.5757909261285111
3199,174,24.7433,120.899,-0.5561700917437062
3200,174,24.242,120.7092,-1.3913989821941326
3201,174,24.2493,120.7208,0.8632827720806631
3202,174,24.3098,120.7072,-0.4613335330603281
3203,174,24.2455,120.6018,-0.4950328705776781
3204,174,24.239,120.559,0.510620081394282
3205,174,24.0833,120.5518,0.9117422585882216
3206,174,24.0727,120.5402,1.0716954022366345
3207,174,24.0848,120.5713,1.2086516481479093
3208,174,24.0557,120.424,-0.7766066030468215
3209,174,23.8928,120.3865,0.2615400990590736
3210,174,23.9595,120.4693,0.396313919678038
3211,174,24.1335,120.4598,-0.9289958325239418
3212,174,24.0027,120.4235,-0.129630319650709
3213,174,23.9242,120.3122,-0.2602804660660304
3214,174,24.0187,120.5437,1.2055665418619783
3215,174,24.4162,120.7607,0.3964016589781107
3216,174,23.8783,120.6843,0.3139743210319776
3217,174,24.5673,120.8165,-0.1470408545096561
3218,174,24.2603,120.6518,-0.7246500245424548
3219,174,23.9223,120.5955,1.780257454870514
3220,174,23.9578,120.3593,0.0714299260125119
3221,174,23.8338,120.464,-0.7749043429675966
3222,174,23.98,120.3368,-0.2161388638052003
3223,174,23.3178,121.4425,-0.0911799977090413
3224,174,22.9738,121.2968,-0.4199834514577232
3225,174,22.6178,120.9975,0.145068868785921
3226,174,22.9102,121.1287,2.1531728848640266
3227,174,22.7568,121.1403,1.2103170141015551
3228,174,22.7647,121.1427,0.1086642415043473
3229,174,22.7602,121.1517,0.3442367755047614
3230,174,22.7488,121.1442,0.8770187068922582
3231,174,22.74,121.1135,1.2617710814692091
3232,174,22.7662,121.133,0.0122819092940885
3233,174,22.7678,121.1277,-0.4212073178120042
3234,174,23.0992,121.3653,0.2240303597182608
3235,174,22.754,121.1465,1.4030565954205203
3236,174,22.8207,121.0717,1.016818722449705
3237,174,23.1268,121.2057,-0.0849922023363732
3238,174,23.0973,121.2105,0.7826869438643627
3239,174,23.053,121.1557,1.855592727028012
3240,174,22.9045,121.072,1.000045966822274
3241,174,22.863,121.083,1.626041396018099
3242,174,22.8078,121.086,1.003262926400318
3243,174,22.779,121.0543,0.509210749470141
3244,174,23.3563,121.4603,-1.102024346401139
3245,174,23.2462,121.4055,1.117817825957384
3246,174,23.193,121.3878,0.543554202189629
3247,174,22.7988,121.1855,1.022270880124854
3248,174,23.1512,121.198,-0.1931532289205605
3249,174,23.1342,121.1177,0.4290624192484373
3251,174,23.0068,121.1655,1.698141515759081
3252,174,22.9757,121.1478,1.1285943454875036
3253,174,22.9658,121.232,0.6972250642319948
3254,174,22.773,121.0827,1.0317174350851308
3255,174,22.674,121.0293,0.2663629443523614
3256,174,23.1887,121.0168,-0.3192932861060886
3856,174,23.7192,120.4125,-0.3495254500334406
3857,174,23.6013,120.1715,-0.6827854447767545
3858,174,23.5815,120.552,0.649249510607178
3859,174,23.4853,120.2692,-0.4827357475552674
3860,174,23.4653,120.544,0.6515710766022397
3861,174,23.3328,120.1523,-0.6104422645941315
3257,175,23.2963,120.5828,0.450723572438188
3258,175,23.355,120.4052,2.1225525627226083
3259,175,23.2212,120.1532,0.5444197820150872
3260,175,23.2147,120.268,-0.263159285546325
3261,175,23.1795,120.4778,0.3456059743388771
3262,175,23.0457,120.4615,-0.0970741496282072
3263,175,23.757,120.6062,0.7357355522050064
3264,175,23.7795,120.5137,1.3813944462537642
3265,175,23.7987,120.4113,-0.1926949210850586
3266,175,23.752,120.2468,-0.7553225622367801
3267,175,23.632,120.6052,1.862909467965248
3268,175,23.6135,120.5282,1.4190037145653838
3269,175,23.6443,120.4758,0.5155118050950692
3270,175,23.5799,120.291,0.2213902191039776
3271,175,23.5407,120.2153,-0.1562511699321594
3272,175,23.5212,120.5443,1.4267887573285265
3273,175,23.52,120.584,2.6067097674516133
3274,175,23.6073,120.4788,0.8905027181882954
3275,175,23.5562,120.4202,0.6338253032242656
3276,175,23.5207,120.344,0.1456917613491364
3277,175,23.4388,120.5957,1.7180505695634074
3278,175,23.3583,120.5833,1.940012316636668
3279,175,23.3832,120.1635,0.1417908574746553
3280,175,23.4765,120.4632,1.695485061831637
3282,175,23.2803,120.4083,0.2135905542487368
3283,175,23.2878,120.501,0.8269372510871379
3285,175,23.2698,120.2705,1.0266419858693356
3286,175,23.1495,120.4098,0.4991145005528857
3287,175,23.1725,120.3192,0.3286214512590414
3288,175,23.184,120.1025,0.2686537361949192
3289,175,23.1243,120.2392,-0.1668635568464526
3290,175,23.0768,120.5107,0.2668109543598607
3291,175,23.1213,120.45,0.3691524245271155
3292,175,23.027,120.3402,0.2593075177318951
3293,175,22.906,120.345,1.223152367775061
3294,175,22.9205,120.2078,0.1779707124997895
3295,175,22.999,120.1837,0.1074613761477187
3296,175,22.9737,120.1815,-0.176210817456881
3297,175,22.971,120.2286,0.4803233225557531
3298,175,23.0648,120.1645,-0.3556987981187588
3299,175,23.5103,120.8052,1.6899654495123242
3300,175,23.5672,119.5552,1.1940731484005709
3303,175,23.1848,120.528,0.0712629822076026
3304,175,23.267,120.488,1.5504826371166225
3305,175,23.7237,120.2975,-0.4054177140139757
3306,175,23.351,120.5932,3.0925671655481937
3307,175,23.3845,120.519,2.3465826307913096
3308,175,23.3462,120.4293,2.172572810374646
3309,175,23.2673,120.2163,0.1635657135950706
3310,175,23.7913,120.4783,0.834697535539063
3311,175,23.6538,120.1472,-0.8532297828449137
3312,175,23.7935,120.3205,-0.9737202939813644
3313,175,22.983,120.2327,0.0416814823657171
3314,175,23.1373,120.2802,0.3779364862605155
3315,175,23.2272,120.3418,0.7008970660914033
3316,175,23.6862,120.5622,0.3067295709264591
3319,175,23.7912,120.2273,-0.2254825836769903
3320,175,23.0372,120.1187,-0.3348445625821965
3321,175,23.149,120.079,0.2016664853071401
3322,175,23.0775,120.1082,-0.674747240347696
3325,175,23.9877,121.6173,0.1033025910156924
3326,175,23.9925,121.6165,0.2007311415719005
3327,175,23.9962,121.5858,0.3345254980687254
3328,175,23.993,121.6233,0.3044536474635629
3329,175,23.9732,121.5993,-0.0376537399601004
3330,175,23.9757,121.553,-0.1472727527566899
3331,175,23.9648,121.56,0.4466020701977213
3332,175,23.977,121.605,0.4035458348765009
3333,175,23.8137,121.4328,-0.0401817789152446
3334,175,24.2675,121.7325,-0.1880628693916704
3335,175,24.08,121.5955,-1.8660855340562983
3336,175,23.3522,121.297,-0.73531208527075
3337,175,24.163,121.6447,-0.5495329663884677
3338,175,24.1185,121.6165,-1.5863195884104295
3339,175,24.055,121.591,-0.5680908008475726
3340,175,24.0172,121.6013,-0.2529446485290392
3341,175,23.9373,121.5702,0.6171605914494067
3342,175,23.7852,121.4488,0.4974184953597187
3343,175,23.7653,121.4922,0.8921026760668869
3344,175,23.6867,121.4747,1.0910071149614984
3345,175,23.5905,121.3772,-1.7281864363519674
3346,175,23.732,121.4362,-0.4841546203969006
3347,175,23.4995,121.367,-0.4585149181165699
3348,175,23.4542,121.384,0.7638268454456636
3349,175,23.4615,121.3445,-0.9604636002829208
3350,175,23.2675,121.2942,0.6016631253341973
3351,175,23.7092,121.54,-1.0671881956420477
3352,175,23.6538,121.5268,-0.8291998117179542
3353,175,24.3095,121.7405,0.2321239524177379
3354,175,24.1492,121.6213,-0.2947005846043785
3355,175,23.9897,121.584,-0.3926058601127145
3356,175,23.8703,121.548,0.3056875067709029
3357,175,23.3232,121.3323,0.5137580038596359
3358,175,24.1795,121.5077,-1.8205619897550047
3359,175,24.16,121.61,-0.8926138172774821
3360,175,23.9672,121.484,-0.7088471584068027
3361,175,23.8713,121.5005,-1.2578966792892614
3362,175,23.8703,121.59,-0.8995331449595914
3364,175,24.845,121.7973,-1.1995487251932428
3365,175,24.7982,121.7813,-0.4085665261541425
3366,175,24.6412,121.825,-0.0348203485768877
3367,175,24.5943,121.8462,1.4059233605869403
3368,175,24.7088,121.7628,-0.2543839943339423
3369,175,24.619,121.7812,-0.7968283777811024
3370,175,24.7807,121.7335,-0.4745909170095364
3371,175,24.732,121.7294,-0.3427723891231274
3372,175,24.6945,121.7202,-0.6142455615347481
3374,175,24.749,121.684,0.339171663776589
3375,175,24.6437,121.6912,-1.2622666216112972
3376,175,24.7135,121.644,-0.2799712027828221
3377,175,24.6448,121.588,-1.4849267499527752
3378,175,24.7555,121.747,-0.143128853372846
3379,175,24.7278,121.755,-0.5956824837947343
3380,175,24.7233,121.7917,-0.6603884612766868
3381,175,24.7663,121.7612,-0.587593397753507
3382,175,24.7212,121.667,-0.3439930108732232
3383,175,24.6092,121.8488,-1.3763919993272014
3384,175,24.7387,121.8083,-0.3782638245985491
3385,175,24.7622,121.8088,-0.2552678657780823
3386,175,24.6667,121.8205,-0.7048561381757608
3387,175,24.5233,121.825,-0.3700110138122328
3388,175,24.4677,121.7933,-0.6919638849052678
3390,175,24.477,121.7787,-1.054980971820551
3391,175,24.4473,121.7707,0.0918619420036179
3392,175,23.1618,120.6355,0.2544927366425265
3393,175,22.591,120.3173,-0.0512885665096926
3394,175,22.6462,120.3585,0.2412401301895176
3395,175,22.6295,120.3672,0.9216327180225052
3396,175,22.8797,120.3707,1.0844067621189368
3397,175,22.891,120.4738,0.122031918202084
3398,175,22.902,120.5352,2.0126740939214183
3399,175,22.6707,120.491,0.1307878702898064
3400,175,22.6108,120.5588,1.0437506562406011
3401,175,22.473,120.5427,0.0889096246574495
3403,175,23.2777,120.7128,-0.5426114766939548
3404,175,22.6342,120.2633,-0.3404395424705395
3405,175,22.6495,120.3203,-0.1212543154825787
3406,175,22.9053,120.1732,0.2400406886074051
3407,175,22.7852,120.2385,0.5027266395654301
3408,175,22.7303,120.3412,0.6580487640592976
3409,175,22.8873,120.6567,-0.5643450152020079
3410,175,22.5348,120.5362,0.5124765771814351
3411,175,22.574,120.5663,0.3539402765357967
3412,175,22.4903,120.499,-0.2107393496697869
3413,175,22.747,120.7233,0.5066242084560905
3414,175,22.7112,120.6412,-0.9614332369107346
3415,175,22.8858,120.3222,1.3626006355123332
3416,175,22.6461,120.306,0.0748801336215558
3417,175,25.063,121.4813,-0.6266016364840484
3418,175,25.0572,121.5253,-0.7082165910135801
3420,175,25.017,121.5027,-0.684373131549768
3421,175,25.0045,121.5073,0.3368929368219464
3422,175,24.9239,121.535,-0.7585774179895048
3423,175,25.1758,121.434,0.0150052869841379
3424,175,25.1255,121.4532,-0.3308322053213973
3425,175,24.9538,121.3375,-1.023125409773626
3426,175,25.1523,121.3955,1.2879423163339985
3427,175,25.0817,121.3828,-0.8549512463713993
3430,175,25.0385,121.5762,-1.0850573879238357
3431,175,25.0573,121.5945,1.047701625687275
3432,175,25.141,121.4758,0.6738075997193737
3433,175,25.1353,121.4913,-1.1719926481845997
3434,175,25.0207,121.5299,0.5331578704771394
3435,175,25.103,121.5395,-1.2518481985043024
3436,175,25.0351,121.519,-0.6437805850356538
3437,175,25.071,121.781,0.5962315143319287
3438,175,25.0473,121.1357,-0.1571195497591335
3439,175,24.9118,121.1405,0.4689295412306153
3440,175,25.0015,121.3097,-0.1431554541550494
3441,175,25.0092,121.2062,-0.3778411404481236
3442,175,25.0003,121.1533,0.0268841515102978
3443,175,25.0463,121.3075,-0.3999283580345145
3444,175,24.5588,120.7492,-0.6305635037410764
3445,175,24.5615,120.701,0.0096542350652021
3446,175,24.523,120.8148,-0.9815612213878644
3447,175,24.4488,120.6963,-0.4793614618156931
3448,175,24.4912,120.663,-0.1874353124095631
3449,175,24.4917,120.7837,0.0213680525434061
3450,175,24.4497,120.6455,0.0215195122290947
3451,175,24.5542,120.8077,-0.0021051500569824
3452,175,24.4032,120.7578,-0.6818008705301448
3453,175,24.4683,120.8543,-1.5310025604022617
3454,175,24.18,120.594,-0.1546126480074938
3455,175,24.179,120.6902,-0.3667807868376568
3456,175,24.1815,120.6338,0.1622411510750601
3457,175,24.1603,120.6518,-0.4920227083427382
3458,175,24.198,120.7393,-0.4986531027750989
3459,175,24.1935,120.6688,-0.3306081793175822
3460,175,24.1588,120.6238,-0.1906322578562309
3461,175,24.1732,120.6107,0.0445165669541364
3462,175,24.2687,120.5637,1.2951134376425055
3463,175,24.2247,120.644,-0.8371285616780921
3464,175,24.1355,120.549,-0.0555855100831556
3465,175,24.3457,120.61,0.7666526669442861
3466,175,24.0588,120.6912,1.083891264053991
3467,175,24.0912,120.72,-0.8976052724326282
3468,175,24.2772,120.7658,-0.4057856456744398
3469,175,24.0407,120.8488,-1.4358348429948804
3470,175,23.9827,120.6778,-0.2390956162604532
3471,175,23.9077,120.6757,0.0862145890430152
3472,175,23.812,120.8455,0.2429273139702474
3473,175,23.8395,120.8942,-0.3809301668424168
3474,175,23.9,120.93,0.1755371110956033
3475,175,24.8022,120.9695,-0.3543686444924396
3476,175,24.1475,120.676,0.0245836417274146
3477,175,24.97,121.1867,-0.671673333532519
3479,175,23.8635,120.2812,-1.4193860625492218
3480,175,24.3482,120.7733,-0.5567768962726807
3481,175,24.9823,121.2625,0.2249533339158845
3482,175,25.0117,121.2792,-0.2786236485348198
3483,175,24.7695,121.0488,0.4000824276073285
3484,175,24.6917,121.0135,-0.5988403671100275
3485,175,24.7957,120.9558,0.0090272717616228
3486,175,24.7433,120.899,-0.3410510708765819
3487,175,24.1858,120.6153,0.0791212968255611
3488,175,24.2493,120.7208,1.3924332247424998
3489,175,24.3098,120.7072,0.9145418028779048
3490,175,24.2455,120.6018,-1.386063425340858
3491,175,24.239,120.559,-0.1782351426099598
3492,175,24.0727,120.5402,0.6241379185378199
3493,175,24.0865,120.5235,-0.4546019262431474
3494,175,24.0848,120.5713,0.3033040496209971
3495,175,23.9622,120.5695,0.0248310085525001
3496,175,24.0557,120.424,-1.6962597115695732
3497,175,23.8928,120.3865,-1.207391569818158
3498,175,23.9595,120.4693,-1.0114146028485638
3499,175,24.0027,120.4235,-1.0853417130346252
3500,175,23.9242,120.3122,-1.5058704152728255
3501,175,23.9803,120.613,-0.1702007841263277
3502,175,23.8128,120.6097,0.7334827247992926
3503,175,24.0187,120.5437,0.104926859207311
3504,175,23.9552,120.6822,1.5123354773062494
3505,175,24.4162,120.7607,0.0325607561058766
3506,175,23.8783,120.6843,-0.1517042794964863
3507,175,24.2603,120.6518,-0.5470726313973082
3508,175,23.9223,120.5955,0.6017954937551254
3509,175,23.9217,120.5403,0.7968004884355786
3510,175,23.9578,120.3593,-1.0347725906391756
3511,175,23.8338,120.464,-0.4204639530000182
3512,175,23.98,120.3368,-1.441365251792224
3513,175,24.8592,121.2475,0.2529298966437781
3514,175,23.3178,121.4425,0.2136963440451332
3515,175,22.9738,121.2968,0.2832263929210216
3516,175,22.6178,120.9975,-0.3141614264009526
3517,175,22.9102,121.1287,0.4356346868813966
3518,175,22.7568,121.1403,-0.2992601994538026
3519,175,22.7717,121.1378,-0.7870870380767606
3520,175,22.7647,121.1427,-0.9383213709420184
3521,175,22.7602,121.1517,-0.2365681630121167
3522,175,22.7488,121.1442,0.2429827051252898
3523,175,22.7662,121.133,-1.0630760404990556
3524,175,23.0992,121.3653,0.2862546055614447
3525,175,22.754,121.1465,0.6190853046892146
3526,175,22.8207,121.0717,-0.5975592138988683
3527,175,23.1268,121.2057,-0.3198793689605678
3528,175,23.0973,121.2105,0.3530443913129547
3529,175,23.053,121.1557,1.8563917990507988
3530,175,22.9725,121.1083,-0.4082486509947608
3531,175,22.9045,121.072,0.2655515952540479
3532,175,22.863,121.083,-0.1569449399595998
3533,175,22.8078,121.086,0.0911026647243227
3534,175,22.779,121.0543,-0.4571252733722862
3535,175,23.3563,121.4603,-0.0106311042106955
3536,175,23.2462,121.4055,0.9431615815856448
3537,175,23.193,121.3878,-0.8355361555462782
3538,175,22.7988,121.1855,0.1830452008391301
3539,175,23.1512,121.198,-1.1633564349849337
3540,175,23.1342,121.1177,-1.330253536512744
3542,175,23.0068,121.1655,0.9057928813913544
3543,175,22.9757,121.1478,0.724296257489069
3544,175,22.9658,121.232,-0.30324022129643
3545,175,22.773,121.0827,0.1334459846024848
3546,175,22.674,121.0293,-0.6860645461230905
3862,175,23.7192,120.4125,0.3922116870373976
3863,175,23.6013,120.1715,0.29555824428144
3864,175,23.5815,120.552,1.458949271960852
3865,175,23.4853,120.2692,0.3308101796303159
3866,175,23.4653,120.544,2.180523094649609
3867,175,23.3328,120.1523,-0.2483431638421459
3868,175,24.5673,120.8165,-0.2773087204152121
3869,176,35.0305,132.9044,-1.7693667507030295
3870,176,34.8919,133.2781,-2.359079541864878
3871,176,34.8111,132.8444,-1.3218770318878277
3872,176,34.723,132.2797,-0.0706906429090991
3873,176,34.7738,133.2833,-1.760189327007647
3874,176,34.6627,132.4102,-0.9930507125788688
3875,176,34.7,133.0972,-0.9049247991727568
3876,176,34.6075,132.7219,-0.8692683162535598
3877,176,34.5855,133.0527,-1.7256417125670638
3878,176,34.5644,133.2388,-1.293548934678426
3879,176,34.4244,132.7447,-1.822434818762528
3880,176,34.4816,133.3641,-0.4797763271176234
3881,176,34.4166,133.1997,-1.03192868610324
3882,176,34.4008,133.0858,-1.0236220354987502
3883,176,34.9497,133.1197,-2.051709318572975
3884,176,34.3704,133.0259,-1.4775801127394412
3885,176,34.545,132.9506,-1.906514330242382
3886,176,34.515,133.1401,-1.1830379908538728
3887,176,34.3753,133.3519,-0.973424467489705
3888,176,34.5534,133.4205,-1.0266196830931993
3889,176,34.9105,132.9149,-1.5921333872476515
3890,176,34.6983,132.955,-1.9930243090227524
3891,176,35.6163,134.4527,0.0713742614284795
3893,176,35.3294,134.668,-1.2988742317146775
3895,176,34.9816,134.3255,-1.468605196777911
3896,176,34.9927,134.5547,-0.7826878006918903
3897,176,34.7519,134.3927,1.2185861582536115
3898,176,35.0639,134.4261,-1.033373778523865
3899,176,35.2161,134.5264,-1.8182910709607023
3900,176,34.8963,134.3311,-1.4402137496135956
3901,176,34.7903,134.4819,-1.223509198924502
3902,176,35.0278,134.6736,-1.203995091013727
3903,176,34.9281,134.545,-0.3730434389678461
3904,176,35.1755,134.0527,-1.215220390257471
3905,176,35.1705,134.3413,-0.7658109179816978
3906,176,34.9547,133.5044,-0.4720545672529397
3907,176,35.0066,133.7344,-0.3492937743634284
3908,176,35.0652,134.0077,-1.3304503499938416
3909,176,34.7775,133.6147,-1.0436369868480373
3910,176,34.8669,133.9063,-0.0457033259926924
3911,176,34.9144,134.095,-0.8090436157704299
3912,176,34.7422,134.1911,-0.4050111435258038
3913,176,34.6508,133.9094,0.6674574898981077
3914,176,34.5861,133.7572,-0.0508914861892828
3915,176,34.5063,133.5125,0.6262351600506832
3916,176,34.443,133.7902,0.207120392694776
3917,176,35.2761,133.9283,-1.3464623287548796
3918,176,34.5036,133.8931,0.5945010778273464
3920,176,34.775,133.7917,-0.3730823507385648
3921,176,34.6397,133.6886,-0.4037945641439163
3922,176,34.8652,133.8554,0.0255810649085599
3923,176,34.6724,133.5309,-0.4130196290469792
3925,176,34.9071,133.4081,-0.945625456545484
3926,176,35.1777,133.6792,-1.143581536803239
3927,176,35.2794,133.929,-0.865167881518051
3928,176,35.07,134.1189,-1.468191880446971
3929,176,35.0967,134.3217,-0.6136493044790057
3930,176,34.7251,134.2771,0.1071272350932986
3931,176,34.9331,133.6232,0.1358007293704733
3932,176,35.5341,133.1638,-1.4561430486053937
3934,176,35.1763,133.0955,-2.523165874177292
3935,176,35.285,132.903,-1.884640387232029
3936,176,35.358,132.7475,-0.0831637162231133
3937,176,35.1911,132.5003,0.2155024609457933
3938,176,35.0775,132.5939,-0.9768814063232532
3939,176,34.8491,132.5333,-0.6721951933519779
3940,176,35.008,132.2252,-1.112827666235253
3941,176,34.8838,132.0808,0.191812660568458
3942,176,35.3613,133.173,-0.634335511768457
3943,176,35.1925,132.8172,-1.394557209399108
3944,176,36.0902,132.9866,-1.7389710815600596
3945,176,36.1894,133.2358,0.0534452366227472
3946,176,35.2931,133.263,-1.4518687432764477
3947,176,35.2203,133.0882,-0.7046925580886094
3948,176,35.2212,132.7249,-0.495867585853537
3949,176,35.0886,132.5333,-1.2651276025371123
3950,176,34.8665,132.6422,-1.049405658351737
3951,176,34.8807,132.2051,0.1155668090225849
3952,176,34.8769,132.4233,-0.1526479787854934
3954,176,35.4228,132.8033,-1.275492809040108
3955,176,35.1603,132.8583,-1.356444929069578
3956,176,35.0056,132.3094,-0.8725647189325823
3957,176,35.3383,134.4002,-2.1893152247528147
3958,176,35.4822,134.2225,0.9158562453229
3959,176,35.34,134.2102,-1.791739649497284
3960,176,35.46,134.0711,-0.937245494975527
3962,176,35.5075,133.633,-1.02205691710737
3963,176,35.2794,133.4902,-0.907116761599392
3965,176,35.1676,133.3139,-1.364716902797482
3966,176,35.2572,134.22,-1.4030127053400128
3967,176,35.2281,133.3937,0.3059524653626275
3968,176,35.4636,133.6333,0.1609546284584804
6137,176,33.981,133.549,2.238881118707255
6138,176,33.9216,133.3074,0.2280744608202286
6139,176,33.9266,133.0843,0.1209560668075986
6140,176,34.0624,132.9982,-0.0306549639615811
6141,176,33.7974,132.9141,0.3898251030470856
6142,176,33.641,133.0082,0.0750588263786881
6143,176,33.9621,132.7722,0.3646424413365259
6144,176,33.8198,132.7282,0.8290519321924606
6145,176,33.6324,132.7963,-0.0969104887037541
6146,176,33.4512,132.6882,-0.1449289588994821
6147,176,33.4496,132.4336,-1.0750073201778436
6148,176,33.2217,132.5727,-0.0626472161528339
6149,176,33.3924,132.1141,-0.5132793154483852
6150,176,32.9453,132.5047,-1.194052962901856
6151,176,33.6094,132.4768,-0.7682435622764284
6152,176,33.7658,132.7088,1.183896221944964
6153,176,33.9121,133.6523,0.5333021228615391
6154,176,33.899,133.0684,0.2647319849420503
6155,176,33.7079,132.8057,-1.6855516215529855
6156,176,33.3314,132.8005,-0.1645887497197893
6157,176,33.4988,132.7505,-0.3037657134249742
6158,176,33.5354,133.0042,-0.9713319977714246
6159,176,36.2161,136.1571,-1.57901184016081
6160,176,36.0386,136.0137,-1.69417296102723
6162,176,35.9789,136.4865,-0.0804357574612596
6163,176,35.9067,136.1743,-0.8519198165264398
6164,176,35.7731,136.1998,-0.7181667998181974
6165,176,35.6447,136.0575,0.8172858628444811
6166,176,35.5479,135.9084,-0.1078396574440233
6168,176,35.4904,135.551,0.6936409704733839
6169,176,36.0924,136.3646,-1.3799767401901966
6170,176,35.9452,136.0584,-1.690232910459644
6172,176,35.5556,135.8722,0.4421616956710738
6173,176,35.6358,136.0331,1.6665120463661192
6174,176,35.4875,135.4869,0.1602409938697819
6175,176,35.4542,135.7294,-1.2762258571531984
6177,176,33.8324,130.9014,0.1775845758869516
6178,176,33.7388,131.0095,0.7157655721897587
6181,176,33.5716,130.8539,1.08585832968409
6185,176,33.8817,130.9822,0.7316382588868456
6193,176,35.6365,136.4882,-0.9327698876488856
6194,176,35.4829,136.5714,0.8849913289854637
6196,176,35.2834,136.4715,0.9063415601637818
6198,176,35.6294,136.6164,0.4802252600545588
6201,176,35.4147,136.4376,-0.8690211489878364
6203,176,35.2736,136.7031,1.0593467146458424
6204,176,34.4926,132.2794,-0.2421967732033433
6206,176,34.2869,132.2766,1.162334137569363
6208,176,34.2485,132.5647,0.4571592845311878
6209,176,34.3027,133.1693,-0.8755762437708262
6210,176,34.285,132.6436,0.2706216711687844
6212,176,35.6411,134.6284,-0.0700493875728012
6213,176,35.4615,134.8758,-1.0188619669601855
6214,176,35.3407,134.8619,-1.3204418572659622
6215,176,35.1482,134.788,-1.269601464413806
6216,176,35.169,135.1041,-0.499291601991233
6217,176,35.0593,135.1777,-0.2264312556564112
6218,176,34.989,134.7634,-1.2583519252611148
6219,176,35.0023,134.9999,0.7744994545360897
6220,176,34.9515,135.2713,-0.0165073993557406
6221,176,34.8143,134.687,-0.4519233276184888
6222,176,34.832,134.8236,-1.0096411592096144
6223,176,34.7976,134.9899,0.9323109733457656
6224,176,34.6898,135.1583,1.9837938605805483
6225,176,34.7463,135.3499,1.2947351333912926
6226,176,34.6444,134.9999,1.5468095600264389
6227,176,34.533,134.9904,0.8578905642464931
6228,176,34.3405,134.9014,0.6510352480781463
6229,176,34.4149,134.7925,0.8549093953001818
6231,176,34.2904,134.7968,2.219482374282349
6232,176,35.0676,135.2839,-0.1866381709576049
6233,176,34.905,135.0872,0.7719417405827392
6234,176,34.8132,134.8106,1.2616421761144614
6235,176,35.2893,134.9099,-1.1243631875921156
6238,176,34.5466,134.2814,0.8890418474340445
6239,176,34.4727,134.3139,1.2345359035808543
6240,176,34.2652,133.7896,2.042222912126676
6241,176,34.3473,134.0374,1.7535549361052407
6242,176,34.1138,133.6354,1.4823059110190853
6243,176,34.2496,134.1856,1.5673669144573437
6244,176,34.2271,134.4009,2.3699477129782767
6245,176,34.1644,133.9243,0.3680171204069814
6246,176,34.2153,133.952,-0.005806690981669
6248,176,33.2903,134.1681,0.4169378764018079
6249,176,33.5014,133.9068,2.803064131415514
6250,176,33.6975,133.8771,1.162953678037999
6251,176,33.5934,133.6921,0.5660260096084194
6252,176,33.4945,133.4165,1.959468107623836
6253,176,33.5611,133.5271,1.1692853567673112
6255,176,33.5742,133.1718,0.4235694777593318
6256,176,33.3925,133.2896,0.5875927720854681
6257,176,33.3982,132.8962,0.3548732885125732
6258,176,33.1967,132.9758,-0.5771984840011123
6259,176,33.0797,133.1015,0.706384948967769
6260,176,32.9895,132.9377,1.8908940510587948
6262,176,32.7672,132.9711,-0.227863223282361
6263,176,33.7691,133.6565,1.6119032697368534
6264,176,33.5387,134.1224,0.4703004836881506
6265,176,33.7046,133.3667,0.5062131427562405
6268,176,33.0719,132.955,-0.1083730439774013
6269,176,35.7406,135.1022,0.5428794425774724
6271,176,35.6767,135.2919,-0.1516269148884504
6274,176,35.2759,135.1827,-0.5453520663891374
6276,176,35.2612,135.3966,-0.8089223041019447
6277,176,35.1637,135.5016,-0.4470664439436421
6278,176,35.2098,135.7738,-0.3524512177759104
6279,176,35.017,135.5638,1.339999582722657
6280,176,34.9962,135.8188,-0.494975810236874
6281,176,34.8784,135.8047,-0.1104933320995883
6282,176,34.7732,135.9921,0.3810054360070132
6283,176,35.5211,135.1271,-1.0851946999255055
6284,176,35.707,135.2524,-0.0210185136371842
6285,176,35.3098,135.1362,-0.9689224623384946
6287,176,35.1718,136.4943,2.149586486522324
6288,176,35.0279,136.5073,0.5358878339302937
6289,176,34.9704,136.6357,0.4905110442208112
6290,176,34.8569,136.4493,1.1141887772731722
6291,176,34.7677,136.1151,1.6619556260338748
6292,176,34.7178,136.5039,0.25348347053253
6293,176,34.6435,136.3365,0.2152201500009418
6294,176,34.6285,136.1073,-0.974926905310703
6295,176,34.5752,136.5296,-0.8409010770139911
6296,176,34.2777,136.4996,-0.945196708287166
6297,176,33.8783,136.0822,0.3909937574372256
6298,176,33.8764,135.9188,0.0622492396712564
6299,176,34.9817,136.4592,0.4850128358067643
6300,176,34.7629,136.2864,-0.8774851388609888
6301,176,34.3499,136.5895,-0.2956274339588005
6302,176,34.0604,136.1718,-0.131636104984081
6306,176,33.7611,135.9998,0.5196867004042555
6307,176,34.8192,136.4274,0.6743525967981092
6308,176,34.7154,135.7272,0.9052341483855322
6309,176,34.6683,135.8352,1.0379127568212023
6310,176,34.5169,135.7191,1.41383771176308
6311,176,34.3408,135.6883,-0.5874375115097874
6312,176,34.3383,135.9541,-0.4585755721345401
6313,176,33.938,135.7552,0.1676285796213146
6314,176,33.9633,135.6518,0.9193023899493268
6315,176,34.2892,136.005,0.0505715593155151
6316,176,34.3028,135.8397,-0.7854684381907973
6317,176,34.4204,136.0323,-0.8214609939466377
6318,176,34.6381,136.054,-0.716438478070128
6319,176,33.6783,131.5936,1.8010521092225305
6320,176,33.5685,131.2678,1.0922497352591132
6321,176,33.5583,131.4489,1.388965493098196
6322,176,33.5666,131.7378,0.2613792618011489
6323,176,33.4549,131.1142,0.326808867929539
6324,176,33.4152,131.6148,1.2081460644147384
6325,176,33.2569,131.3439,1.5591011166268505
6327,176,33.2461,131.8811,-0.9457847248665412
6328,176,33.0664,131.3734,0.8511025142938279
6329,176,33.0656,131.8589,-0.129884271863376
6333,176,33.4547,131.4453,-0.0613343089212556
6334,176,33.1272,131.3497,0.6152365709490569
6337,176,32.9836,131.5905,0.4961101127292415
6339,176,34.9707,135.39,-0.5894815144046786
6340,176,34.8573,135.5958,2.6316413040416915
6341,176,34.7668,135.4683,1.6644266828675405
6342,176,34.7405,135.6394,0.4505495705541547
6343,176,34.7255,135.5099,-0.5183131026555456
6344,176,34.5894,135.471,-0.4718986660121099
6345,176,34.5577,135.6058,0.2011139564730051
6346,176,34.4402,135.3917,0.8135695279564829
6347,176,34.4366,135.5816,-0.1035694495288989
6348,176,34.3755,135.2549,0.5665654683241687
6349,176,34.3944,135.2864,1.3340157265091874
6350,176,34.6595,135.3924,0.9991994633965576
6351,176,34.5215,135.6636,-0.524069431626451
6352,176,34.7597,135.7081,-0.4576944678639725
6353,176,35.5398,136.2065,0.4992016165783446
6354,176,35.4215,136.0243,0.4711166181096057
6355,176,35.377,136.264,0.0976901150291697
6356,176,35.3476,135.9184,-0.4671685618720316
6357,176,35.2493,136.2421,0.4632183753595483
6358,176,35.2001,135.921,1.0029635445441136
6359,176,35.1339,136.0957,0.7094566920638273
6360,176,35.0701,136.2946,1.269389995930909
6361,176,35.0051,136.0854,1.071334953850104
6362,176,34.9718,135.8965,1.2713311878524818
6363,176,34.8779,136.0587,0.0305863185600552
6364,176,34.9043,136.2307,1.0204686688803508
6365,176,35.2351,136.3628,0.0438231954376044
6366,176,35.245,135.87,0.7179205730369939
6367,176,34.8497,136.0344,0.2197607798489358
6368,176,34.9606,136.2639,0.1092583656570582
6369,176,34.5718,132.0141,-0.1342368598948035
6370,176,34.3529,131.9352,0.3634238570561636
6372,176,34.4668,131.7752,-0.0564010641449629
6373,176,36.2932,133.3561,-2.0905839421253187
6374,176,34.6908,132.0427,-0.5858006222680072
6375,176,34.5693,132.0147,-0.3972612294470146
6376,176,34.3872,131.895,0.8318624821755967
6378,176,34.0438,134.582,3.1019415346381183
6379,176,33.7749,134.5914,1.3992248858554996
6380,176,33.8788,134.3889,1.5654125468520568
6381,176,33.6692,134.4192,0.9004484268247898
6382,176,34.0905,134.285,1.5624269945417275
6383,176,33.9344,134.212,-0.1648361338012989
6384,176,33.7719,134.1995,1.0065708787233247
6385,176,34.038,134.0614,0.506929817462201
6386,176,33.8746,133.9218,1.196375676689093
6387,176,34.0319,133.809,2.106170096186072
6388,176,34.0079,134.0945,-0.1946322585906927
6389,176,33.8745,134.1321,0.1109674472611636
6390,176,34.2288,135.1694,0.6611036168361685
6391,176,34.2755,135.4305,1.193410637216829
6393,176,34.0841,135.4309,-0.0261022360400914
6394,176,33.8938,135.4883,-0.103954695410782
6395,176,33.8908,135.1524,-0.4301463107292173
6396,176,33.7289,135.3772,1.9484840618660515
6397,176,33.5503,135.4972,1.0089788220006186
6399,176,33.472,135.7835,0.4717011895567883
6400,176,33.7053,135.6397,1.0221780827531386
6401,176,33.9771,135.215,0.4532031742274139
6402,176,34.134,135.5397,-0.3755621875406029
6403,176,33.5525,135.5482,0.8051671784435329
6404,176,33.6915,135.5981,1.7419982585086515
6405,176,33.6861,135.4424,1.1305083174550097
6406,176,34.3194,135.4511,1.00809106826843
6407,176,34.2835,135.0742,-0.0988131836233424
6408,176,33.8214,135.22,0.4242667883717576
6410,176,34.4073,131.3987,0.7127269053235369
6411,176,34.3829,131.6002,0.1753770350048171
6412,176,34.3709,131.182,0.6370831865736105
6413,176,34.2904,130.9484,0.7949011773222652
6414,176,34.149,130.9298,-0.6322714637836494
6415,176,34.1657,131.2064,0.4543926966796134
6416,176,34.0121,131.4042,-0.9144615887638226
6417,176,34.2319,131.8169,-0.1109575412723314
6418,176,34.2304,131.9822,-0.0507186848454634
6419,176,34.0643,131.0214,0.8479679081716984
6421,176,34.031,131.5348,-0.3754867961986931
6422,176,34.0544,131.8077,1.6738318719840288
6423,176,34.0966,132.0758,1.593192748266575
6424,176,34.1699,132.1766,0.173247952432508
6426,176,33.9091,132.3561,0.7722767635773731
6429,176,34.1078,131.1458,0.7137129214561355
6430,176,34.1858,132.1285,0.1130521929005007
6431,176,34.0237,132.0651,0.4850051054287638
6432,176,34.1941,131.9968,-0.039114901020131
6434,176,34.1117,131.053,0.0892946943651859
6435,176,34.1316,130.9347,-0.1754615646549247
6436,176,34.6225,131.6706,-0.1456874569039258
6437,176,34.4805,131.6353,0.0055500551130524
6438,176,34.2058,131.6883,0.4193439170535038
6440,176,34.3376,131.1794,0.0090441153956307
3969,177,35.355,-119.054,-1.830001609763661
3970,177,34.07618,-118.3959,-0.3541016919311539
3972,177,34.1949,-118.354,-0.3882015978925049
3973,177,35.403,-119.449,1.538996209009297
3975,177,34.208,-119.079,1.245675142747486
3976,177,34.222,-119.04,0.1997059797172869
3977,177,34.224,-118.994,0.6920070714388291
3978,177,35.593,-121.124,-2.081971609862129
3979,177,34.564,-118.642,1.405135567595247
3980,177,36.137,-120.363,0.0013455724535822
3981,177,34.397,-118.918,1.1612648614377636
3982,177,37.56,-122.249,-1.3455323676715287
3983,177,34.812,-118.945,0.7885274069564241
3984,177,36.774,-119.728,-0.3912825517386341
3985,177,34.2772,-118.56,0.5213802400500668
3986,177,36.321,-121.243,-1.0322728025371406
3987,177,36.891,-121.404,-0.2127713247310014
3988,177,36.851,-121.402,0.5871358601946186
3989,177,36.848,-121.397,-0.2579891762584212
3990,177,34.674,-118.43,0.5367301857082494
3991,177,34.5214,-117.991,-0.6805802046627766
3992,177,34.519,-120.328,-0.440253413156444
3993,177,35.208,-120.457,0.3722260952788521
3994,177,34.07,-118.346,-0.6061642372934353
3995,177,33.943,-118.411,-0.3481626926783285
3996,177,34.084,-118.6,-2.2663045431733853
3997,177,36.755,-120.382,-1.0351906496786287
3998,177,37.141,-121.663,-1.154399595631008
3999,177,36.807,-121.778,-0.5974339119752703
4000,177,34.229,-118.527,0.6383344421840487
4001,177,34.448,-119.23,0.983117029352102
4002,177,34.24,-119.179,0.3902195580009385
4003,177,34.217,-119.153,0.3022586044644064
4004,177,34.186,-119.178,-0.1859130574859424
4005,177,34.175,-119.226,0.270340478498947
4006,177,34.57806,-118.11401,0.749412460703465
4007,177,34.413,-118.796,0.6799546690294803
4008,177,35.274,-120.885,-0.5092837114958426
4009,177,34.193,-118.51,0.2442580818588644
4010,177,36.671,-121.642,-0.3788413097379396
4011,177,36.697,-121.634,-0.2166371489899024
4012,177,35.799,-120.884,0.6727261833779935
4013,177,37.804,-122.443,0.2452521217592451
4014,177,36.86,-121.54,-0.6135485271028464
4015,177,35.285,-120.661,-0.1533861950166274
4016,177,34.423,-119.7,0.5902831830600838
4017,177,34.439,-119.756,0.2957883475504014
4018,177,34.43,-119.724,0.0391411121045122
4019,177,34.45,-119.734,0.4972278468590966
4020,177,34.422,-119.851,0.6297464503138457
4021,177,34.354,-119.06,0.3958027620091305
4022,177,34.2694,-118.783,0.544829447658158
4023,177,34.289,-118.746,0.1278215759465779
4024,177,37.402,-122.025,-1.41154677026935
4025,177,34.3088,-118.448,0.2652317374303449
4026,177,34.312,-118.496,0.3659290864419643
4027,177,34.31076,-118.49675,0.200326770081027
4028,177,34.16,-118.534,-0.4900010152806674
4029,177,34.1729,-118.549,-0.2025655209598861
4030,177,35.556,-120.719,-0.763292238177867
4031,177,34.1851,-118.447,0.0368894577823045
4032,177,34.276,-119.293,1.912394489019961
4033,177,34.3968,-119.299,0.4310803078437528
4034,177,34.27,-119.181,1.0670047133137155
4035,177,37.468,-122.308,0.4886278622736266
4060,179,36.774,-119.728,-1.6710572106478605
4061,179,36.775,-119.78,-1.5133143078177642
4062,179,36.891,-121.404,0.9856003526819798
4063,179,35.939,-120.425,-0.4782265157810805
4064,179,35.894,-120.421,0.5546365736816835
4065,179,35.911,-120.486,-2.001524934706336
4066,179,35.833,-120.346,-3.020659696729221
4067,179,35.815,-120.374,-0.1069015935037473
4068,179,35.713,-120.203,-0.4003112573479747
4069,179,35.94,-120.432,-0.0703388625819536
4070,179,35.958,-120.496,-0.495258180471913
4071,179,35.624,-120.254,-2.5705096070090545
4072,179,35.973,-120.579,-2.6260779141766064
4073,179,35.923,-120.534,0.28136589416466
4074,179,35.815,-120.511,-1.2992925991366653
4075,179,35.285,-120.661,0.0313123196213393
4076,179,36.851,-121.402,2.203228511959922
4077,179,36.137,-120.363,0.8578653652287933
4078,179,35.403,-119.449,0.2013658309776784
4079,179,35.208,-120.457,-0.7588056396826728
4080,179,35.697,-120.328,-0.8705313658600511
4081,179,35.274,-120.885,0.225751125893666
4083,179,35.898,-120.431,1.183898918129554
4084,179,35.655,-120.377,-1.0773050019637185
4085,179,35.556,-120.72,0.0399511642711344
4086,179,35.593,-121.124,-0.4974712306110049
4087,179,36.973,-121.953,0.0375430271871016
4088,179,36.239,-121.774,0.8647022547893795
4089,179,36.671,-121.642,1.0945625836323385
4090,179,36.807,-121.778,1.6708717128373831
4091,179,36.207,-121.131,1.070419227175332
4092,179,36.321,-121.243,1.256381439217504
4093,179,36.848,-121.397,1.7285568254670205
4094,179,36.697,-121.634,1.4496457822728233
4095,179,35.945,-120.542,-1.4532659973742108
4096,179,36.034,-120.59,1.897158135141168
4097,179,35.743,-120.277,0.7753359342824985
4098,179,35.751,-120.259,-0.1389227659321019
4100,179,35.77,-120.247,-0.2967858382419226
4101,179,35.724,-120.294,0.2341046187065997
4102,179,35.718,-120.304,0.2383576919068429
4103,179,35.707,-120.316,-0.1570161943760518
4104,179,35.684,-120.342,-0.8447646515366793
4105,179,35.639,-120.404,-0.5146204477142485
4107,179,35.803,-120.334,-1.3298384010284754
4108,179,35.836,-120.395,-1.2602514102328923
4109,179,35.859,-120.42,-1.031094802736222
4110,179,35.871,-120.404,-0.3408887061104403
4111,179,35.878,-120.381,-1.379797567894259
4112,179,35.879,-120.445,0.2098937399986113
4113,179,35.896,-120.398,-0.4606378770966969
4114,179,35.899,-120.433,1.3510271499237876
4115,179,35.908,-120.458,2.054941143473073
4116,179,35.921,-120.481,0.1563059935102375
4117,179,35.818,-120.378,-2.1545322790946786
4118,179,35.843,-120.348,-2.6567494922053867
4119,179,35.812,-120.391,-2.2105106268278165
4120,179,35.87,-120.334,-1.6552902900727575
4121,179,35.796,-120.411,-0.4445663953691165
4122,179,35.785,-120.444,-1.3117022251865156
4123,179,35.77,-120.477,-0.2072887214620345
4124,179,35.738,-120.507,-2.126249784031032
4125,179,35.788,-120.294,-0.0555905911775954
4126,179,35.81,-120.282,-0.3736798833811171
4127,179,35.833,-120.27,0.1479993455578372
4128,179,35.705,-120.169,0.0960723043250868
4129,179,35.957,-120.481,0.4501733317705667
4130,179,35.934,-120.497,-0.4430829567300859
4131,179,35.973,-120.467,-0.0769935011539942
4132,179,35.927,-120.509,-1.5809877595672963
4133,179,35.922,-120.534,0.0353488784011067
4134,179,35.905,-120.55,-1.2319026578874503
4135,179,35.885,-120.565,-0.2958446530289297
4136,179,35.861,-120.6,0.1770110718930141
4137,179,35.821,-120.507,0.4756217305586452
4138,179,35.822,-120.506,0.5134122702420512
4139,179,35.821,-120.505,0.141650676296792
4143,179,35.825,-120.501,0.817258802768963
4144,179,35.826,-120.501,1.486435156762013
4145,179,35.828,-120.5,0.9418666816369304
4146,179,35.826,-120.502,1.2312347603050116
4149,179,36.191,-120.708,-0.0308217399409826
8438,179,37.68,-121.739,-0.8748598808549384
8439,179,37.41702,-121.9154,0.0215780517690174
8440,179,37.34655,-121.80774,0.6200842861080161
8441,179,37.40718,-122.00001,-0.3769755244616545
8442,179,37.376,-121.84367,0.6755889312138926
8443,179,37.27117,-121.98617,0.3509611840759418
8444,179,37.45098,-122.4287,-0.1908072743116357
8445,179,37.67928,-122.48405,1.2488704071796373
8446,179,37.91056,-122.53778,-0.9728810563085624
8447,179,38.03445,-122.27016,-0.8949764426430108
8448,179,37.68873,-121.78351,-0.1555310063231032
8449,179,37.16346,-121.62645,-0.2550495365795276
8450,179,37.85727,-122.42266,-0.3873674849118247
8451,179,37.45035,-121.80037,-0.5318946407914896
8452,179,37.7294,-121.83346,0.6718065025513876
8453,179,37.37289,-121.76887,-0.3679576740705573
8454,179,37.73786,-122.06486,0.3169766328015327
8455,179,37.85884,-121.99264,0.7923496926763941
8456,179,37.91233,-121.90716,-1.035458039678815
8457,179,38.02691,-122.01599,-0.2482998783338708
8459,179,37.34305,-122.33976,1.5044344311125812
8460,179,37.31861,-122.15314,0.2700350172853799
8461,179,37.17217,-122.01121,0.9407948648279044
8462,179,37.04922,-121.80722,0.8293919077671478
8463,179,37.36045,-122.18986,-0.4947915119209167
8464,179,37.51604,-122.45815,-0.8516252908036182
8465,179,37.21427,-122.17168,1.2834946707746255
8466,179,37.20631,-121.97726,0.6072353719725827
8467,179,37.15432,-121.73467,0.3119707551298575
8468,179,37.63719,-122.47482,-1.1731205777678324
8469,179,37.2708,-122.21276,1.8682618115046568
8470,179,37.19855,-122.34671,1.269294675735508
8471,179,37.58225,-122.42006,0.3421406008172041
8472,179,37.40372,-122.17596,0.5052941494797544
8473,179,37.28397,-122.05017,0.2538729270978143
8474,179,37.58644,-122.50217,-0.8241887817706499
8475,179,37.6444,-118.89683,3.0294415845281115
8476,179,37.65909,-118.97907,1.094822450339366
8479,179,38.15486,-121.80438,0.2477148533522979
8481,179,38.04248,-122.79684,0.2438616709497811
8485,179,35.86661,-120.4796,0.540953952762143
8486,179,36.2159,-120.80126,1.2872090348150855
8487,179,38.2026,-121.9354,0.4285076650049933
4151,180,37.6535,139.8633,0.8314968578772319
4152,180,37.6002,139.6467,0.5234651688813414
4153,180,37.4774,139.9294,-0.2508068884723141
4154,180,37.3957,140.1325,2.2132140129827134
4155,180,37.3077,139.9,0.2201988470434891
4156,180,37.266,139.5386,0.0233343706568411
4157,180,37.07,139.6808,-1.0869823205725
4158,180,37.3491,139.3144,1.50317639458665
4159,180,37.0159,139.3801,-1.7616996049671168
4160,180,37.453,139.5133,0.7119958958123144
4161,180,37.7535,139.7183,-0.4791972008750906
4162,180,37.6048,139.7566,1.2297213201104018
4163,180,37.4478,139.8159,-0.3896692511234096
4164,180,37.2513,139.8758,0.289131768738111
4165,180,37.1692,139.5231,0.4943882502341581
4167,180,37.1585,140.0963,-0.2140962106499888
4168,180,37.3392,139.3179,0.99540078873297
4169,180,36.7819,138.9695,-1.926062504002393
4170,180,36.6578,139.0784,0.7382739026765096
4171,180,36.6172,138.5918,-0.4435702335386497
4172,180,36.5133,138.5177,-0.7799878566095252
4173,180,36.5103,138.7523,-2.3588624312235047
4174,180,36.4619,139.0101,-1.2540780529764042
4175,180,36.3478,139.1368,-0.7373082735648827
4176,180,36.4106,139.3251,-0.2436970374920383
4177,180,36.3181,139.0176,-0.6977352031114925
4178,180,36.35,138.7179,-0.2302929443292034
4179,180,36.6967,139.2136,-0.4456137281077647
4180,180,36.4886,138.5275,0.1735465139986672
4181,180,36.6181,138.91,-0.3740606244124396
4182,180,36.8514,138.366,0.945392392372128
4183,180,36.8069,138.2069,1.7986329292456915
4184,180,36.7403,138.4129,-0.0010794082739523
4185,180,36.6486,138.1938,0.3190101716145128
4186,180,36.6981,137.8544,0.4198767556887838
4187,180,36.5339,138.1191,-0.600836084172442
4188,180,36.7403,138.3792,0.8582655503371432
4189,180,36.4632,138.1505,-0.4802447696625497
4190,180,36.5739,138.051,1.5188465079835758
4191,180,36.7044,138.0995,1.4057170390366465
4192,180,36.9072,138.4439,0.9010083213878084
4193,180,36.6953,137.8513,0.1106207179012781
4194,180,38.0745,138.4398,0.1746564814038143
4195,180,37.9976,138.3226,0.3712807558971477
4196,180,37.9204,138.4981,-1.1983667273421874
4197,180,38.053,139.4055,-0.1421550079083605
4201,180,37.6863,139.4772,1.42527314954807
4204,180,37.6935,139.1886,0.1780144754528747
4205,180,37.6421,138.7676,-0.8306213600503526
4206,180,37.4416,138.8431,-0.0076128921218418
4207,180,37.3724,138.5579,0.3309861453306978
4208,180,37.3057,138.7898,2.0605152861302463
4209,180,37.2332,138.962,0.9537026585866504
4210,180,37.1281,138.7468,-0.0871269572300329
4211,180,37.0364,138.8462,-0.3135968096240393
4212,180,37.0147,138.6529,2.1481523915695178
4213,180,37.1268,138.444,-0.0016442893961638
4215,180,37.0228,138.2507,-0.2449164420120538
4216,180,37.0235,137.8624,0.1573456681019094
4217,180,37.4261,138.8862,0.5307367293341453
4218,180,37.4242,138.8908,1.8401107170518871
4219,180,38.1297,139.4322,0.0883892831675352
4220,180,38.1283,139.5461,0.55183412841999
4221,180,37.9731,139.2819,-0.4928411779968595
4222,180,37.6497,139.0708,1.9064958390579487
4223,180,37.6628,139.2642,-1.748344386396724
4224,180,37.6678,139.4681,1.626588917265176
4225,180,37.5356,139.1311,-0.123978121114547
4226,180,37.5408,139.3681,1.2496466970937488
4227,180,37.1697,138.7472,0.7680919497902147
4228,180,37.2208,138.9853,0.535970814973168
4229,180,37.0514,138.3997,0.4175931219539444
4230,180,37.0503,138.9983,-0.6296255491253033
4231,180,36.9347,137.8511,-1.368022534450096
4232,180,36.8539,138.0997,1.704498694020704
4233,180,36.9394,138.2625,0.7635059273823736
4234,180,36.8083,138.7881,-1.068744164792907
4235,180,36.99,139.8033,-0.3837932544103893
4236,180,36.8144,139.7153,-0.0614609256428879
4237,180,36.8061,139.4204,0.0730161213671141
4238,180,36.8061,139.9264,-0.6762606026403662
4239,180,36.7258,139.7155,0.56432236344926
4240,180,36.6347,139.4376,-1.585872658881912
4241,180,36.8786,139.4567,-1.7007044273342464
4242,180,36.8797,139.6492,0.4211758601387629
4243,180,36.8594,139.8397,-0.0349385356850741
4244,180,36.8547,140.0258,-0.4195491020809808
4245,180,36.7042,139.7733,-0.0741024515996137
4248,180,36.976,137.6257,-1.0350299878676312
4249,180,37.9207,139.8697,1.1501259543084754
6441,180,35.2979,136.9153,-1.4586914888211897
6443,180,35.1979,137.2056,-0.6218010733135054
6444,180,35.0812,137.1464,1.3349275183032514
6445,180,34.976,137.4236,-0.9028387239184968
6446,180,35.2161,137.4069,-0.8873025378676228
6447,180,34.9157,137.3023,-1.4834304511332403
6448,180,34.9969,137.6273,-1.252978223407758
6449,180,35.181,137.0504,0.5103688158117243
6450,180,35.1359,137.3389,-1.0238553848132106
6451,180,35.1511,137.538,-0.8567117647307619
6452,180,35.1808,137.7298,-1.7000964625113688
6453,180,34.9603,137.2406,-0.5565599819607507
6454,180,34.9479,137.4144,-0.8680075591199166
6455,180,34.8943,137.4906,-0.5783173534702194
6456,180,39.6069,140.3213,1.3963194711975957
6459,180,39.2022,139.9085,-0.4154630268212772
6460,180,39.2194,140.1317,0.415169002054467
6461,180,39.1711,140.7164,-0.6464192362778737
6463,180,38.9772,140.4986,-0.1204102776144792
6464,180,39.6857,140.411,-0.5308279705770877
6465,180,39.5422,140.3515,0.4503683040713271
6466,180,39.3519,140.3903,0.1727207072154429
6467,180,39.1883,140.4744,0.1881382473095564
6468,180,35.9595,139.8733,0.4121762926608618
6469,180,35.7943,140.0564,-0.4896684514103657
6470,180,35.9007,140.4905,0.4359291191015769
6471,180,35.7358,140.83,2.0869978755022256
6472,180,35.7801,140.3067,-0.169161990865261
6473,180,35.7234,140.2267,-0.7052051923370476
6475,180,35.5727,140.3333,-0.6064553915525579
6476,180,35.4327,140.2905,-0.5415370234284527
6480,180,35.2988,140.0755,0.0718202267106015
6481,180,35.1577,140.3222,0.0848477620133604
6484,180,35.3083,139.8598,-0.1885345453058746
6485,180,35.6335,140.0784,0.0677557687630742
6486,180,34.9707,139.9459,0.964123542857248
6487,180,35.766,139.9665,0.170962215368723
6488,180,35.7934,140.0238,-0.2654675423290638
6489,180,35.5425,140.245,-0.8887184223071174
6490,180,35.2834,140.1562,0.1128451350286902
6491,180,35.3412,139.8586,-0.6375787104198445
6492,180,35.8275,140.3013,-0.5375704247885483
6493,180,35.7309,140.8263,1.2846000048809425
6494,180,35.1351,139.9681,1.5934572498927813
6495,180,35.1681,140.3431,0.422997399836756
6496,180,36.2161,136.1571,-2.340522616838756
6497,180,36.0924,136.3646,-1.651284692720855
6499,180,37.7949,140.9196,0.326670337879319
6500,180,37.8449,140.6013,-0.4953637338207166
6501,180,37.7613,140.4799,-0.1267461034584824
6502,180,37.6799,140.7346,-1.1000124322055622
6503,180,37.6385,140.9849,1.8692394648723267
6504,180,37.5031,140.7588,-0.7704868556416403
6505,180,37.4061,140.9632,1.5574591455889186
6506,180,37.4363,140.5668,-0.6957582072501767
6507,180,37.2778,140.6349,-1.2458058262385758
6508,180,37.2342,141.0016,1.879133143546737
6509,180,37.0911,140.9035,0.750806702778289
6510,180,36.9069,140.7929,1.483702315387321
6511,180,37.09,140.5563,-1.2341185979877107
6512,180,36.8683,140.43,1.3031748933582907
6513,180,37.0217,140.3775,0.0840172020897135
6514,180,37.1228,140.1914,0.2975112665232425
6515,180,37.2842,140.3689,0.449245579873906
6516,180,37.3961,140.3622,0.6091151523645021
6517,180,37.603,140.4368,-1.239737658020157
6518,180,37.3364,140.8132,0.2449771948296814
6519,180,37.2792,140.2178,-0.2854235017342613
6520,180,37.35,140.4297,-1.0943359695393342
6521,180,37.1976,140.342,1.369377050455633
6522,180,37.2139,140.5736,-0.5777906001105239
6523,180,36.9919,140.5886,-0.6580868297654383
6524,180,37.0233,140.9736,2.206108466947567
6526,180,37.7613,140.38,0.1278613618134325
6527,180,37.6606,140.6008,-0.4879695852020774
6528,180,37.4864,140.5414,-1.356398703315476
6529,180,37.4672,140.7261,-0.7172807902444891
6530,180,37.4881,140.9906,2.892310789819294
6531,180,36.2742,136.8978,0.512844612128423
6532,180,36.2734,137.0253,-0.8058314616121203
6533,180,36.3322,137.3014,-0.8216409718516912
6534,180,36.2492,137.5174,-1.8176048391158093
6535,180,36.1536,137.2514,-1.2710805909728455
6536,180,36.0333,136.9528,-0.5678586305938603
6537,180,36.0378,137.4861,-2.5011820269970984
6538,180,35.9515,137.26,-0.8958606619464237
6539,180,35.8029,137.245,-0.6296424577301425
6540,180,35.6576,137.4258,0.9421648594840986
6541,180,35.4887,137.5,0.3229437104469013
6542,180,35.4495,137.4039,-0.0496353699196935
6543,180,35.4426,137.0,-0.3048643381383152
6544,180,35.3882,137.2158,0.1960367202930079
6545,180,35.3009,137.387,0.3430548128057653
6546,180,36.2417,137.2013,-0.9161647430939714
6547,180,35.8291,136.9651,-1.1907133555740967
6548,180,35.2736,136.7031,-0.1902668679635091
6549,180,36.3749,137.3746,-1.694473848102655
6551,180,35.6001,136.4164,-1.648888313577955
6552,180,36.2712,136.9009,0.4166682460716975
6553,180,36.2462,137.5204,-1.3490650569770668
6554,180,36.1306,137.2238,0.3361316811543812
6556,180,35.9483,136.8762,-0.7992338042274861
6557,180,35.896,137.1525,-1.2653487641303405
6558,180,36.0184,137.3936,-0.8373970673275402
6562,180,35.7203,136.7876,-1.4390861609823498
6564,180,35.5183,136.6156,-1.4204765931552166
6565,180,35.4089,136.8794,-1.0006809210266676
6566,180,35.4495,137.007,-0.83938097423807
6567,180,35.4539,137.4737,0.963175864737552
6568,180,35.2921,136.4761,-0.0582203563107393
6569,180,36.2343,139.5331,0.6416413331971835
6570,180,36.2914,139.3609,0.728433747512101
6571,180,36.3147,139.1924,-0.4214810846959059
6572,180,36.2287,138.7579,-2.4010541902001385
6573,180,36.1162,138.9251,-1.82511812502412
6574,180,36.3111,139.1879,0.0644910349010861
6575,180,36.2409,139.5476,0.0418663742082287
6576,180,36.2325,138.7322,-1.745849506995501
6577,180,36.2831,138.9242,-0.6676143541908167
6578,180,36.1409,138.9161,-1.742574780033049
6579,180,36.7761,140.3569,-0.067710987369961
6580,180,36.7061,140.7068,2.366035437404265
6581,180,36.5915,140.6453,-1.1586221232492355
6582,180,36.5516,140.4102,0.3722381911538458
6583,180,36.3851,140.2372,-0.5764660966505569
6584,180,36.369,140.4528,0.4972908786926404
6585,180,36.3523,140.5955,-0.3675618772814013
6586,180,36.3062,139.9828,0.6994384657661481
6587,180,36.1848,139.7037,1.0812581725006238
6588,180,36.1843,139.9653,-0.02987017843039
6589,180,36.1251,140.0903,0.9603642127357364
6590,180,36.1901,140.2869,2.07577080128379
6591,180,36.0729,140.1947,1.5935465071723336
6592,180,36.0693,139.908,0.5015630707562428
6593,180,35.9112,140.0494,-0.3643721515308218
6594,180,35.9537,140.3194,1.258173814952705
6595,180,35.977,140.6322,0.1988235932068118
6596,180,36.8808,140.6544,0.2269232257329929
6598,180,36.1156,140.5655,0.7522949244062224
6599,180,36.4358,140.3592,-0.3572352888502446
6601,180,36.3669,140.1434,-0.7833539553780441
6602,180,36.8338,140.3215,0.4298891987131262
6603,180,36.7924,140.5784,0.3866870252742791
6605,180,36.5535,140.3046,0.5660240996032279
6606,180,36.6374,140.4009,0.4386612810327779
6607,180,36.0832,140.3173,1.1818359033327062
6608,180,36.3599,140.6231,0.4418499810979092
6609,180,37.4999,137.1764,0.9580095222564312
6611,180,37.3919,136.9083,1.5717338198194195
6614,180,37.1602,136.6897,-0.8030599301369483
6616,180,36.8918,136.7783,0.2852911200076028
6617,180,36.7318,136.6989,-0.3708679641791175
6618,180,36.5419,136.6431,-1.1386929576186309
6619,180,36.3575,136.6045,-1.291400607771751
6620,180,36.1805,136.6247,-1.2492288424555908
6622,180,37.3614,137.0443,0.6202744897403338
6623,180,37.1872,136.7206,0.6062929831898539
6624,180,37.2194,136.9719,-0.6742978098353224
6625,180,37.0503,136.8236,0.86087557302104
6626,180,36.5119,136.6386,0.0501810565546969
6627,180,36.735,136.7936,-0.9071332700553214
6628,180,36.2636,136.7197,-0.5393821519570347
6630,180,39.3209,141.1378,-0.2454186224612466
6631,180,39.318,140.7792,0.2798726904360102
6632,180,38.8625,141.3547,-0.660396219144622
6633,180,39.3406,141.0508,0.6535173993199166
6634,180,39.0061,140.8667,-0.9547206081497052
6635,180,38.9661,141.0047,0.0460704870603871
6636,180,39.0278,141.5356,-0.7730361649127563
6639,180,35.2727,139.6579,-0.4306923870882621
6640,180,35.1441,139.6218,-1.113304198330566
6641,180,35.3192,139.5462,-0.3064697536827194
6642,180,35.4544,139.5387,-0.6848731850012855
6643,180,35.3385,139.4901,-0.2420548786783547
6644,180,35.5751,139.3265,-0.9937199120227348
6646,180,35.3355,139.3504,1.1420461520346212
6647,180,35.6154,139.1548,-0.0282956694525376
6648,180,35.3794,139.2048,-0.0861123323296135
6650,180,35.3608,139.0826,0.6050992864494147
6651,180,35.4959,139.5227,-0.3024768329042344
6652,180,35.4007,139.3571,1.4240331475478425
6653,180,35.6404,139.1315,-0.2085023854590233
6654,180,35.414,139.0468,-0.1452939600487977
6655,180,35.3631,139.1291,0.3584946225368587
6657,180,38.9015,141.5684,-0.2748629380189076
6658,180,38.7262,141.5109,-0.5245464892525574
6659,180,38.7348,141.3106,-0.9959313001859844
6660,180,38.7292,141.0217,1.7794972148930692
6661,180,38.7992,140.6507,1.8977441607146173
6662,180,38.5769,141.4514,-0.2239693614411814
6663,180,38.4466,140.8874,1.5716495013231522
6664,180,38.4282,141.2809,3.470015791300569
6665,180,38.3175,141.0193,0.2834258289530546
6666,180,38.2663,140.9293,1.218257007542547
6667,180,38.1049,140.8699,1.8438638756341683
6668,180,38.0085,140.621,1.180860255376427
6670,180,38.237,141.0003,2.3704262619639525
6671,180,38.8558,140.6547,-0.026016654100165
6674,180,38.5764,140.7839,1.6276164998164175
6675,180,38.5878,141.0744,0.9163121487618016
6676,180,38.1103,140.8475,0.7140043836782421
6677,180,38.0061,140.6061,1.7545624551690613
6678,180,37.9381,140.8958,0.3169944800838706
6680,180,38.6386,141.4463,-0.0514250906785675
6681,180,36.5086,137.8507,-0.6127766245088059
6682,180,36.4022,138.2491,1.3484487624132364
6683,180,36.3378,137.8694,-0.3674608738864678
6684,180,36.3281,138.4357,-0.5950715160757499
6685,180,36.2564,138.2669,-1.328482469395293
6686,180,36.2564,137.9785,0.5541629361893545
6688,180,36.0956,138.4844,-2.778101839747473
6689,180,36.0454,138.1116,1.393579585378086
6690,180,35.9151,138.2421,-0.791174400425943
6691,180,35.9748,137.8255,0.2227048428519939
6692,180,35.8132,137.5295,-1.2871783641450265
6693,180,35.8562,137.7078,-1.0153762372170008
6694,180,35.8282,137.9532,0.2308908054692112
6695,180,35.7304,137.9341,0.1089324430861916
6696,180,35.6079,137.6125,0.138512895388529
6697,180,35.5787,138.0338,-1.4902610813364163
6698,180,35.5232,137.8374,0.4809787794231258
6699,180,35.2807,137.8567,-0.8694341186265551
6700,180,36.251,137.8622,-0.2773053314279743
6702,180,35.96,137.77,0.3300131619401335
6703,180,35.9125,138.3083,-0.5413610493949687
6704,180,35.9664,138.4828,-0.4486586997395451
6705,180,35.5111,137.8797,-0.400292746867331
6706,180,35.3063,137.6292,-0.7242889644840828
6707,180,36.0056,137.9336,-0.1816082603682635
6708,180,35.9433,138.1879,-1.234533875484015
6709,180,36.1393,138.5535,-2.5133643481822587
6710,180,35.9292,137.598,0.0385792900817661
6711,180,35.9703,138.5877,-2.325887773937104
6712,180,35.7839,137.7203,-0.3948565784814802
6714,180,35.6024,137.6135,-0.063975157255514
6715,180,35.612,137.8827,0.7164181920563788
6716,180,35.2953,137.9298,-0.918727152639599
6717,180,36.0609,137.688,-0.4383998585960948
6718,180,36.1153,137.9419,0.2438190036528688
6719,180,36.2546,137.9929,-0.6215006054986344
6720,180,36.4567,137.9668,-0.6399072057666161
6721,180,36.5296,137.8231,-0.4792763533054349
6722,180,36.3793,137.8231,-1.1161053956197924
6723,180,36.3277,138.4999,-1.260564704454598
6724,180,38.2584,138.4337,1.0004081060954164
6725,180,38.4501,139.4961,0.2508725347440413
6726,180,38.2301,139.4864,0.4663351454184442
6727,180,38.2769,139.5519,1.537346987169284
6728,180,36.2428,139.1937,0.1331546015244147
6729,180,36.1476,139.3884,0.5680513824591609
6731,180,36.1179,139.1045,-1.1172795904922437
6732,180,36.0562,139.2626,-0.0466461845003955
6733,180,35.9954,139.0709,1.0067052258599898
6734,180,35.9034,139.4826,-0.0952487954984633
6736,180,35.8401,139.3215,0.4721934991708035
6737,180,35.7965,139.4659,-0.6063696161504756
6738,180,35.9954,138.801,-2.129227051273962
6739,180,35.8958,139.3875,0.0338851915297733
6740,180,35.7996,139.5385,-0.4587100991249681
6741,180,36.1478,139.0536,-0.2151805079372071
6742,180,36.11,139.2926,0.155620481136913
6743,180,35.9086,139.1517,0.8257228907259586
6744,180,36.0243,138.9722,-0.8672731979230035
6746,180,35.9933,139.2223,-0.8408646955581575
6747,180,35.8605,139.2758,0.0650382017261451
6748,180,34.7549,138.7841,0.5291873043280018
6749,180,35.096,138.8657,0.7606173574236865
6750,180,35.1971,138.9127,0.6918968322019756
6751,180,35.3091,138.9349,1.0451327971217292
6752,180,35.2128,138.6016,0.1548629333235598
6753,180,35.1271,138.6213,-0.0140524547887678
6755,180,34.9649,138.3735,0.2104733739656201
6756,180,35.2435,138.3407,-1.3747937152405765
6757,180,34.8566,138.3113,0.3951595043571713
6758,180,34.7402,138.2241,1.4367271189141422
6760,180,35.0916,137.8136,-1.2789639242066642
6761,180,34.8738,137.8164,-0.9000907271193871
6763,180,34.7915,137.9064,0.4618530452997937
6764,180,35.3038,138.2003,-1.3565349333339969
6765,180,35.2201,137.9212,-1.3403956916365056
6766,180,34.9365,138.0798,-1.537627958617226
6767,180,35.0053,137.8439,-1.0734803156893584
6768,180,35.0113,138.3557,-0.6334610975073071
6769,180,35.1271,138.4273,-0.1835841396042526
6771,180,34.9109,138.2038,-0.5462071208548548
6772,180,35.1995,138.569,-1.3172070171867658
6773,180,35.0821,138.981,0.1234217521031276
6774,180,34.7954,138.7755,-0.7775491011156908
6775,180,34.7798,138.9732,-1.2720809465453031
6776,180,34.6715,138.8372,-0.4987414645593385
6778,180,34.9706,138.4955,-0.7615762828242966
6779,180,36.9417,140.0828,0.3214561927703848
6780,180,36.7639,140.1297,0.9254334598772976
6781,180,36.5692,139.8861,1.2286199473090709
6782,180,36.56,139.7675,-0.1658570524782902
6783,180,36.3867,139.6145,-0.768700630018245
6784,180,36.2859,139.8047,1.17160916565352
6785,180,36.4368,140.0225,0.6441084924215663
6786,180,36.545,140.1742,0.6953034726525203
6787,180,36.4427,139.9541,0.5657283440147185
6788,180,36.6928,139.9875,0.4588965291819128
6789,180,36.7311,140.1814,0.0653924875953716
6790,180,36.5564,139.8669,0.2319861872640266
6791,180,36.5449,140.0784,-0.3677739025009985
6792,180,35.8029,139.0956,-0.994840461604291
6793,180,35.7968,139.2912,0.6456388122259282
6794,180,35.6282,139.4034,-0.2093921698081679
6795,180,35.5782,139.4156,-0.7773781268233435
6796,180,35.699,139.5029,-0.4100319826890942
6797,180,35.7107,139.6859,-0.300780184633047
6798,180,35.6596,139.8343,0.6974130279922636
6799,180,35.689,139.8354,0.2086091643304361
6800,180,35.7313,139.8121,0.6112004321423095
6801,180,35.6485,139.799,0.412417260936361
6802,180,35.6474,139.8093,0.5884581811927293
6803,180,35.6551,139.8115,0.2263991300823201
6804,180,35.6657,139.8087,0.4102911116260792
6805,180,35.6876,139.8193,0.9904857517662432
6806,180,35.6874,139.7962,0.7522399716465568
6807,180,35.7254,139.8249,0.4276092696359176
6808,180,35.7401,139.8624,-0.1579101541840964
6809,180,35.6685,139.7893,1.236480206406187
6810,180,35.6669,139.2682,-0.6567710906175086
6813,180,36.8163,137.4192,-0.4261708442033494
6814,180,36.8624,137.5274,0.1316496024269097
6815,180,36.7824,137.0803,0.2589470761301543
6816,180,36.6716,136.897,-0.2966949359627077
6817,180,36.6686,137.2114,-0.691708465580415
6818,180,36.6086,137.2831,0.4297431046049848
6819,180,36.56,136.8872,-0.3524123888664994
6820,180,36.5781,137.385,-0.0192363735452211
6821,180,36.4411,137.0353,-1.1654050037380586
6822,180,36.8836,136.9306,-0.7529208419486237
6823,180,36.7263,137.2658,0.3600977803195745
6824,180,36.5706,136.9614,-0.6120414383286504
6825,180,36.5681,137.1625,0.7723766315084802
6826,180,36.4375,137.0422,-1.236402224485596
6828,180,35.6132,138.947,-1.3263549528333265
6829,180,35.4648,138.813,0.906867479125702
6830,180,35.702,138.7266,-0.2726575844813469
6831,180,35.6548,138.5677,-0.3949715535533969
6832,180,35.4684,138.6069,-1.2544728253478334
6833,180,35.2791,138.4649,-0.716439018034284
6834,180,35.432,138.3321,-1.5694779313223337
6835,180,35.4965,138.4627,0.2035311562158216
6836,180,35.7918,138.4096,0.2795780335971774
6837,180,35.6863,138.7371,-0.2748544604321086
6840,180,35.6215,138.9808,-0.0639600361935047
6841,180,35.5591,138.4521,-0.9740887247143076
6843,180,35.5082,138.9707,-1.5105594091682593
6844,180,35.5291,138.6076,-1.135189546089601
6846,180,38.7679,140.2957,-0.1753288229363124
6847,180,38.7292,139.8013,2.117689511934288
6848,180,38.607,140.1621,0.733082405831407
6849,180,38.4306,140.3907,2.419192947904668
6850,180,38.3856,139.9921,2.6337802895053786
6851,180,38.3898,140.2743,1.7537452013181327
6852,180,38.2604,140.3488,1.764633200284331
6853,180,38.1502,140.2674,1.4229164208621776
6854,180,38.1074,140.0428,-1.1034278190220614
6855,180,38.0621,139.7575,0.4481765173124889
6857,180,38.7895,140.0185,0.3329297031636903
6858,180,38.3811,140.3839,1.599583768078184
6859,180,38.2664,140.2617,2.2860589148837724
6861,180,38.0783,140.3011,-0.9668147691433076
6862,180,37.9853,139.805,0.4884868326618771
6863,180,37.9603,140.1869,2.0315651294587647
6864,180,37.8931,140.0311,0.8585184757337492
6865,180,38.9672,140.0367,1.176025769091767
6866,180,38.7469,140.1814,-0.3773699575574119
6867,180,38.6328,140.0089,1.6286460137723682
6868,180,38.4675,139.7639,-0.0695553000960838
6869,180,38.3831,139.995,2.515214523690321
6870,180,38.4228,140.1283,1.4804476467339622
4459,274,42.418,13.079,-1.2813644925129546
4460,274,43.075,12.604,-1.5957140224799389
4461,274,42.027,13.426,-0.5903903353656026
4462,274,43.707,12.188,0.2950873155879148
4463,274,41.484,14.472,2.1714119701078336
4464,274,41.563,14.652,0.0424676082906038
4465,274,42.101,13.088,-0.8834452132682458
4466,274,41.618,15.105,-0.4591339913466512
4467,274,41.486,13.823,1.190994922102161
4468,274,41.787,14.112,1.0493882446011171
4469,274,41.833,14.712,0.4587311083766598
4470,274,43.955,12.736,0.9269948724475292
4471,274,42.085,13.521,0.3016581095879617
4472,274,41.26,15.91,-0.110791472110474
4473,274,42.37,14.148,0.6866935635414284
4474,274,42.268,13.117,-0.615085315649561
4475,274,44.199,12.042,-0.2547425902101002
4476,274,42.421,13.519,-1.6028698276110471
4477,274,42.436,13.554,-2.234850461248536
4478,274,41.611,14.236,0.3930806570803403
4479,274,42.377,13.344,0.4084850895996312
4480,274,42.373,13.337,1.2831985834492772
4481,274,42.376,13.339,0.1630910751367844
4482,274,42.345,13.401,1.00498275218249
4484,274,42.558,12.969,-1.0528966427644328
4485,274,41.634,15.911,0.0256918446696888
4486,274,42.249,12.748,-1.892710413984876
4487,274,41.704,15.958,0.7812529472443558
4488,274,42.524,13.245,-1.2276144949578525
4489,274,40.799,14.18,0.2850481791906717
4490,274,41.954,13.642,0.8020960925173738
4491,274,41.696,14.702,1.031834990234494
4492,274,41.483,14.838,0.0595334523616834
4493,274,41.711,14.984,0.4587743583990252
4494,274,41.625,14.88,0.6192862371775222
4495,274,41.709,15.733,-0.3968105899286278
4496,274,41.691,15.374,0.4714822769206187
4497,274,43.56734,12.14349,0.5215045065611312
4498,274,41.807,15.165,0.3855261881356969
4499,274,42.734,12.741,-1.4106468304058262
4500,274,42.743,12.74,-1.2851432044218127
4501,274,41.91316,13.10552,-0.7029876732856077
4502,274,42.089,13.934,0.587501991173868
4503,274,41.222,14.53,0.4269254163639071
4504,274,41.989,14.975,0.5732867576461552
4505,274,41.333,14.132,-0.1374008197224691
4506,274,41.877,16.165,0.4468848777782595
4839,278,37.145,138.2394,0.7260635800467581
4840,278,37.1242,138.4486,1.977887756566724
4841,278,37.1561,138.4286,0.9439183504452896
4842,278,37.1297,138.6114,1.1850725835133398
4843,278,37.0847,138.61,1.4782596742491732
4844,278,37.1517,138.515,0.760228720712271
4845,278,37.0764,138.3861,1.9759232680571683
4846,278,37.2736,138.3944,1.2929313796505555
4847,278,37.2272,138.3325,-0.0210087853542131
4848,278,37.1842,138.3333,1.2430705854228736
4849,278,37.2203,138.4081,2.4621605587632787
4850,278,37.0494,138.2972,1.211230448017705
4851,278,37.0786,138.3375,-0.2994930963956195
4852,278,37.1219,138.3492,1.814315082456581
4853,278,37.155,138.0944,1.361550731363118
4854,278,37.6381,138.9589,0.6992086717153263
4855,278,37.3686,138.5619,0.9403773621545666
4856,278,37.6633,139.0433,1.2796522117086702
4857,278,37.1242,138.7586,1.9884005457595049
4858,278,37.5431,138.8886,0.5925791334939642
4859,278,37.585,138.9258,0.8042907322384824
4860,278,37.545,138.8811,1.080596638627105
4861,278,37.3908,138.7917,0.6018767673827882
4862,278,37.4906,138.7861,1.239941996326558
4863,278,37.5378,138.8128,1.2751721654292696
4864,278,37.5728,138.7756,1.4278119029802625
4865,278,37.5278,138.7125,0.0678134672163943
4866,278,37.6417,138.7736,-1.523739901927228
4867,278,37.3236,138.8931,1.96636383493027
4868,278,37.2675,138.8644,1.0370305111715732
4869,278,37.2408,138.9272,0.0017486826294687
4870,278,37.0367,138.8506,0.7434947694061784
4871,278,37.1711,138.7483,1.6124349475744917
4872,278,37.2214,138.6419,0.5677084695497217
4873,278,37.3022,138.7122,1.2059606372404277
4874,278,37.4189,138.6258,0.9364733590364273
4875,278,37.4539,138.67,1.9528406854031608
4876,278,37.7414,139.1858,0.7719085547863637
4877,278,37.6881,138.8586,0.3247886270707112
4878,278,37.6233,138.8428,0.8996605014238507
4879,278,37.6828,138.8828,-0.3454939850735745
4880,278,37.4333,138.8417,-0.6085289562327024
4881,278,37.31,138.795,0.1410427208075427
4882,278,37.7583,138.8917,-0.5812577318620574
4883,278,37.0617,138.8783,3.00425294988
4884,278,37.3033,137.1533,3.9875162318358623
4885,278,37.5317,138.7095,0.4394709576932633
4886,278,37.103,138.163,0.7549625911764782
4887,278,37.39,136.8983,4.49247934393662
4888,278,37.105,138.25,0.9392636660698116
4889,278,36.7514,138.2389,2.8253529248413303
4890,278,36.7642,138.255,5.092624129002434
4891,278,36.6992,138.0925,2.7377406420079566
4892,278,36.77,138.3276,3.2548214859794338
4893,278,37.425,138.5967,1.966556524939423
4894,278,37.4367,138.6017,1.469518892760344
4895,278,37.4267,138.6083,1.3541060432565717
4900,278,35.2979,136.9153,-1.4315569332450355
4901,278,35.1979,137.2056,0.082897613354795
4902,278,35.0977,137.5697,0.1006468171334751
4903,278,35.2161,137.4069,-0.4993799333263676
4904,278,35.2144,136.8539,0.8385925062457219
4905,278,35.1359,137.3389,-0.763116809554691
4906,278,35.1511,137.538,-0.4066851860831301
4907,278,35.1808,137.7298,-0.4824182196105337
4908,278,39.883,140.0716,-0.7402018404436987
4909,278,39.8879,139.8466,0.5837671898833723
4910,278,39.8128,140.5803,-0.2237868687663574
4911,278,39.6991,140.7181,-0.8278759358084657
4912,278,39.6069,140.3213,0.2602725826252869
4913,278,39.595,140.5554,-1.1931718894347576
4916,278,39.2975,140.5629,0.2841099884312947
4917,278,39.1939,140.1902,-0.627024830690427
4918,278,39.0384,140.451,-0.7510509293653258
4919,278,39.2022,139.9085,-1.005882647988365
4921,278,39.1462,140.717,-0.7755322080512544
4922,278,39.8119,140.5825,0.3164898967059101
4923,278,39.6606,140.5756,0.163740664358107
4924,278,39.2194,140.1317,-0.2698192102994017
4926,278,38.9772,140.4986,-0.8696331223976487
4927,278,39.9128,140.2256,-0.7141493938728378
4928,278,39.6857,140.411,-1.6928083486126075
4929,278,39.5422,140.3515,-0.465392529333566
4930,278,39.5547,140.615,-0.1886972478970433
4931,278,39.3519,140.3903,-0.7013995981832752
4932,278,39.1883,140.4744,-0.5165981922183855
4933,278,35.9595,139.8733,0.6845939627166308
4934,278,35.7868,139.9031,-0.0319062899866302
4935,278,35.7943,140.0564,-1.0019215906718884
4936,278,35.9007,140.4905,0.6070898355131478
4937,278,35.7358,140.83,1.635467864471183
4938,278,35.7801,140.3067,-0.1438884203476158
4939,278,35.7234,140.2267,-0.6614334090759348
4942,278,35.7077,140.568,-0.6296412226491237
4943,278,35.6021,140.5014,-0.2511295529839805
4944,278,35.5727,140.3333,-0.4190431471356067
4945,278,35.4327,140.2905,-0.6722162407808636
4949,278,35.2988,140.0755,-0.394235993679023
4951,278,35.3083,139.8598,-0.3793274813124946
4952,278,35.6335,140.0784,0.3923412551325592
4953,278,35.3872,140.237,-0.7576458101132448
4954,278,35.766,139.9665,0.0440835015592561
4955,278,35.6947,139.9176,0.1368159964382933
4956,278,35.7934,140.0238,-0.4639435311559283
4957,278,35.5425,140.245,-0.8318408993567529
4958,278,35.2834,140.1562,0.1188714051244901
4959,278,35.8275,140.3013,-0.3160239446778
4960,278,35.7309,140.8263,0.6694103588169981
4961,278,35.1351,139.9681,1.4415331949947368
4962,278,35.5911,140.514,0.4350569858516381
4963,278,36.2161,136.1571,-1.5896836290817635
4965,278,35.9789,136.4865,-0.7761189052748679
4966,278,35.9053,136.6706,-0.6856226291676518
4967,278,36.0924,136.3646,-1.852717909039671
4969,278,37.7949,140.9196,-0.6212999322015755
4970,278,37.8449,140.6013,-1.1396559953332526
4971,278,37.7613,140.4799,-0.4804373665377863
4972,278,37.6799,140.7346,-2.1072705016677884
4973,278,37.6385,140.9849,1.013649091002943
4974,278,37.5031,140.7588,-2.1785430193259923
4975,278,37.4061,140.9632,0.3421408396742247
4976,278,37.4363,140.5668,-1.5531363623931032
4977,278,37.2778,140.6349,-1.513338806363277
4978,278,37.2342,141.0016,0.9170757522381462
4979,278,37.0911,140.9035,0.1882541501169273
4980,278,36.9069,140.7929,0.8632191829406225
4981,278,37.09,140.5563,-2.3044548762831134
4982,278,36.8683,140.43,0.3107788060485784
4983,278,37.0217,140.3775,-0.0125250017853229
4984,278,37.1228,140.1914,-0.0287523094900558
4985,278,37.2842,140.3689,0.2596296009423061
4986,278,37.3961,140.3622,-0.0278983545257393
4987,278,37.603,140.4368,-2.250908159362573
4989,278,37.6535,139.8633,-0.8871914277816741
4990,278,37.6002,139.6467,-0.8489179977442916
4991,278,37.4774,139.9294,-0.8542294435786646
4992,278,37.3957,140.1325,1.040102905688686
4993,278,37.3077,139.9,-1.2997039069690963
4994,278,37.266,139.5386,-0.451661402694043
4995,278,37.07,139.6808,-0.8104542463391313
4996,278,37.3491,139.3144,0.7123138775338117
4997,278,37.0159,139.3801,-2.401952746921611
4998,278,37.453,139.5133,-0.9789992586633076
4999,278,37.3364,140.8132,-0.316538673903792
5000,278,37.7535,139.7183,-0.984465748102942
5001,278,37.7287,139.8855,0.0287618043095293
5002,278,37.4478,139.8159,-1.284595133317104
5003,278,37.2513,139.8758,-0.8519312175585881
5004,278,37.1692,139.5231,-0.2829399772400755
5006,278,37.2792,140.2178,-0.6098181724083458
5007,278,37.35,140.4297,-0.7802000098669875
5008,278,37.1585,140.0963,-0.2297914745765532
5009,278,37.2139,140.5736,-0.9813526501088552
5010,278,36.9919,140.5886,-1.482168287927857
5011,278,37.0233,140.9736,0.8657215345360553
5013,278,37.6606,140.6008,-1.61775406588551
5014,278,37.4864,140.5414,-1.1233828519594358
5015,278,37.4672,140.7261,-1.7793779593243348
5016,278,37.4881,140.9906,1.7638484215615575
5017,278,37.3392,139.3179,-0.3005867225443965
5018,278,36.2742,136.8978,1.0627472647603968
5019,278,36.2734,137.0253,-0.1432881642364809
5020,278,36.3322,137.3014,-1.366434080510355
5021,278,36.2492,137.5174,-1.424071085659701
5022,278,36.1536,137.2514,0.0907093266644825
5023,278,36.0333,136.9528,-0.4880085332800837
5024,278,36.0378,137.4861,-1.741383286970978
5025,278,35.9515,137.26,-1.014084009141648
5026,278,35.9219,136.8311,-0.7924337301758708
5027,278,35.8029,137.245,-0.0003747180828575
5028,278,35.7593,136.9808,-0.5484540290010825
5029,278,35.6637,137.1617,-1.2417150973299351
5030,278,35.6576,137.4258,1.9706709475431043
5031,278,35.4887,137.5,1.2710738279219829
5032,278,35.4495,137.4039,0.4000694602180913
5033,278,35.4243,136.7553,0.4395249083198203
5034,278,35.4426,137.0,-0.0659688614778786
5035,278,35.3882,137.2158,0.3323144579774618
5036,278,35.3009,137.387,0.5483783748592775
5037,278,36.2417,137.2013,-0.5246357336897822
5038,278,35.4147,136.4376,-1.864082542569926
5039,278,35.8291,136.9651,-0.3866698468733618
5040,278,35.2736,136.7031,-0.0192862030188323
5041,278,36.3749,137.3746,-0.9624710768997026
5043,278,35.6001,136.4164,-1.4054819451694651
5044,278,36.2712,136.9009,0.9629708361341244
5045,278,36.2462,137.5204,-1.000075381221253
5046,278,36.1306,137.2238,1.8410206521842785
5048,278,35.9483,136.8762,0.0851425835914042
5049,278,35.896,137.1525,-0.3002140748132464
5050,278,36.0184,137.3936,-0.0930726433539854
5055,278,35.5183,136.6156,-0.8548495128198735
5056,278,35.4089,136.8794,-1.0485253395415497
5057,278,35.4495,137.007,-0.3001988677186572
5058,278,35.4539,137.4737,1.10790613149102
5059,278,36.7722,139.2248,-1.221210674436019
5060,278,36.7819,138.9695,-1.3606968884448805
5061,278,36.6578,139.0784,1.5940447808696223
5062,278,36.6172,138.5918,-0.2875414933379905
5063,278,36.5133,138.5177,-0.5724416965495902
5064,278,36.5103,138.7523,-2.0990989631193737
5065,278,36.4619,139.0101,-1.2669799475171548
5066,278,36.3478,139.1368,-0.2888014131755649
5067,278,36.4106,139.3251,-0.4473141883319027
5068,278,36.2343,139.5331,0.2073148975309502
5069,278,36.2914,139.3609,1.1978592863140396
5070,278,36.3181,139.0176,-0.4909697374934277
5071,278,36.35,138.7179,0.3057137291965142
5072,278,36.2287,138.7579,-1.7448657528356135
5073,278,36.1162,138.9251,-1.5910207862063284
5074,278,36.3111,139.1879,0.0077918613319443
5075,278,36.2409,139.5476,0.0223693602530388
5076,278,36.6967,139.2136,-0.7361798550819285
5077,278,36.4886,138.5275,0.9117119120069648
5078,278,36.6181,138.91,0.0427043193702693
5079,278,36.2325,138.7322,-0.9510508065425158
5080,278,36.2831,138.9242,-0.5105460754505835
5081,278,36.1409,138.9161,-1.6646664044896302
5082,278,36.8589,139.0659,-1.3936339400217186
5084,278,36.7761,140.3569,-1.0011904296066572
5085,278,36.7061,140.7068,1.1280900713779032
5086,278,36.5915,140.6453,-2.099469636356681
5087,278,36.5516,140.4102,0.3030207907321771
5088,278,36.3851,140.2372,-1.2199551400572564
5089,278,36.369,140.4528,0.0179207538735641
5090,278,36.3523,140.5955,-1.0996925935461508
5091,278,36.3062,139.9828,1.5188659341773327
5092,278,36.1848,139.7037,1.312637615605796
5093,278,36.1843,139.9653,0.7105065550545819
5094,278,36.1251,140.0903,1.4393266426348246
5095,278,36.1901,140.2869,1.0886310866431954
5096,278,36.1587,140.4892,0.818063418869777
5097,278,36.0729,140.1947,0.7897390721419496
5098,278,36.0693,139.908,-0.0162459726517019
5099,278,35.9112,140.0494,-0.0450394174798736
5100,278,35.9537,140.3194,0.9795112860577316
5101,278,35.977,140.6322,-0.1003828195551799
5103,278,36.1156,140.5655,0.6799395102196233
5104,278,36.4358,140.3592,-1.443303744699557
5106,278,36.3669,140.1434,-1.3708904297264195
5107,278,36.8338,140.3215,-0.1828578282292317
5108,278,36.7924,140.5784,-1.078529353427511
5110,278,36.5535,140.3046,-0.3662429702211118
5111,278,36.6374,140.4009,-0.098235424483479
5112,278,36.0832,140.3173,1.1785741606073534
5113,278,36.3599,140.6231,-0.1871567920909746
5114,278,35.8252,140.7356,0.152164647940356
5115,278,37.4999,137.1764,1.2315999315854869
5117,278,37.3919,136.9083,2.752356408988218
5120,278,37.1602,136.6897,-0.6389975708414556
5122,278,36.8918,136.7783,0.5913813736291184
5123,278,36.7318,136.6989,-0.2065918617531386
5124,278,36.5419,136.6431,-0.5105906499226952
5126,278,36.3575,136.6045,-1.5644043975048652
5127,278,36.1805,136.6247,-0.976658973039272
5129,278,37.5236,137.2875,1.3052126239105812
5130,278,37.3614,137.0443,1.1929689969218562
5131,278,37.3428,137.2467,1.0184635990754776
5132,278,37.1872,136.7206,1.550700757274904
5133,278,37.0503,136.8236,1.535133900132106
5134,278,36.5119,136.6386,-0.1895315672417948
5135,278,36.735,136.7936,-1.1185754003748851
5136,278,36.2636,136.7197,-1.361238796695056
5138,278,39.1454,141.152,-0.3747783061240584
5139,278,39.3209,141.1378,-1.0004383197243427
5140,278,39.318,140.7792,-0.338872010145031
5141,278,39.5169,140.8301,-1.5681855240136957
5142,278,39.1781,141.3944,-2.358290308286036
5143,278,38.8625,141.3547,-2.7089245155380204
5144,278,39.4531,141.0036,-0.6596392790564206
5145,278,39.195,141.0153,-0.1060741659312207
5146,278,39.0061,140.8667,-1.4766604371691223
5147,278,38.9661,141.0047,-0.917891163554358
5148,278,39.0278,141.5356,-1.9698022197318463
5151,278,35.2727,139.6579,-0.7299949177573847
5152,278,35.1441,139.6218,-0.8603833609776976
5153,278,35.3192,139.5462,-0.4195907984587019
5154,278,35.4544,139.5387,-0.8236746819193909
5155,278,35.3385,139.4901,-0.5781700413631977
5157,278,35.3355,139.3504,0.8448527010075677
5158,278,35.6154,139.1548,-0.93958976993232
5159,278,35.3794,139.2048,0.1171109940385096
5161,278,35.3608,139.0826,-0.0942905699342467
5162,278,35.0966,139.3778,1.264525543068147
5163,278,35.4959,139.5227,-0.5947941046066472
5164,278,35.4007,139.3571,1.1043973049934124
5165,278,35.414,139.0468,-0.7576848201316941
5166,278,35.3631,139.1291,-0.570222856883136
5168,278,35.3551,139.0942,0.3186455773018918
5169,278,38.9015,141.5684,-1.3788514279340742
5170,278,38.7992,140.6507,1.304062780058843
5172,278,38.5769,141.4514,-2.501285496525257
5173,278,38.4466,140.8874,0.0896026333011775
5174,278,38.4282,141.2809,1.5679478852126592
5175,278,38.3175,141.0193,-1.6304420301959428
5176,278,38.2663,140.9293,0.1652035159119885
5177,278,38.3177,140.6357,0.1889715284954375
5178,278,38.1049,140.8699,0.3923231772618809
5179,278,38.0085,140.621,0.966675839898134
5181,278,38.237,141.0003,1.134980681496633
5182,278,38.8558,140.6547,-0.2761308716391514
5185,278,38.5764,140.7839,-0.2436310324729996
5186,278,38.5878,141.0744,-0.5056012087246228
5187,278,38.1103,140.8475,-1.1589875906215104
5188,278,38.0061,140.6061,0.8862875915440822
5189,278,37.9381,140.8958,-0.5210278184589031
5191,278,38.6386,141.4463,-1.629789139117586
5192,278,36.8514,138.366,2.3697064303851976
5193,278,36.8069,138.2069,1.9042325415654493
5194,278,36.7403,138.4129,-0.0379578004810877
5195,278,36.6486,138.1938,0.5539667519634993
5196,278,36.6981,137.8544,1.1339070802879565
5197,278,36.5086,137.8507,0.3174787556262051
5198,278,36.5339,138.1191,-0.1951005377770852
5199,278,36.4022,138.2491,2.9106228572594817
5200,278,36.3378,137.8694,0.3364246991923361
5201,278,36.3281,138.4357,0.3571130309597653
5202,278,36.2564,138.2669,0.3258948465590222
5203,278,36.2564,137.9785,1.3706366336063678
5205,278,36.0956,138.4844,-1.7065616855060382
5206,278,36.0454,138.1116,2.428441235304672
5207,278,35.9151,138.2421,-0.0887685625717941
5208,278,35.9748,137.8255,0.5997884265849446
5209,278,35.8132,137.5295,0.2399821139643911
5210,278,35.8562,137.7078,0.6284289036590144
5211,278,35.8282,137.9532,1.152668939871348
5212,278,35.7304,137.9341,0.9898009599558047
5213,278,35.6079,137.6125,0.941774277254336
5214,278,35.5787,138.0338,-0.1892212732343375
5215,278,35.5232,137.8374,0.8693532961615481
5216,278,35.2807,137.8567,1.2264635686140646
5217,278,36.7403,138.3792,1.6426956723369943
5218,278,36.251,137.8622,0.3817751761267718
5219,278,35.96,137.77,1.2727524849973002
5220,278,35.9125,138.3083,0.5148737156409104
5221,278,35.9664,138.4828,0.8577626130913716
5222,278,35.5111,137.8797,1.0508309545713084
5223,278,35.3063,137.6292,0.1209624857760603
5224,278,36.0056,137.9336,0.928661393529643
5225,278,35.9433,138.1879,0.0021566003204765
5226,278,36.1393,138.5535,-1.838523826237108
5227,278,35.9292,137.598,1.419106353319118
5228,278,35.9703,138.5877,-1.726182797118848
5229,278,35.7839,137.7203,0.1296425999776327
5230,278,35.8283,137.9267,0.9541058796236112
5232,278,35.6024,137.6135,0.7925459862784939
5233,278,35.612,137.8827,1.0406338912612407
5234,278,35.2953,137.9298,0.5229781237605319
5235,278,36.4632,138.1505,0.1386901646838806
5236,278,36.5739,138.051,2.0758796273451967
5237,278,36.7044,138.0995,1.2819123398342052
5238,278,36.9072,138.4439,0.2413023404384045
5239,278,36.0609,137.688,0.9069944106909018
5240,278,36.1153,137.9419,0.2476639153320961
5241,278,36.2546,137.9929,0.1006888043987008
5242,278,36.4567,137.9668,0.1584138712875436
5243,278,36.5296,137.8231,0.018405104551338
5244,278,36.3793,137.8231,0.6655054327485549
5245,278,36.3277,138.4999,-0.1747263742676889
5246,278,38.2584,138.4337,1.185842565870998
5247,278,38.0745,138.4398,-0.9007640452513476
5248,278,37.9976,138.3226,-0.9382259796841788
5249,278,37.8205,138.2795,-1.6850530845705125
5250,278,37.9204,138.4981,-1.868958134469756
5251,278,38.4501,139.4961,-0.8199395898984859
5252,278,38.2301,139.4864,-0.4939782823676534
5253,278,38.053,139.4055,-0.7718553872514489
5257,278,37.6863,139.4772,0.5361987602424115
5260,278,37.6935,139.1886,-0.4287456263954428
5261,278,37.6421,138.7676,-2.016915859277644
5262,278,37.4416,138.8431,-0.6811965855186366
5263,278,37.3724,138.5579,1.220863087531456
5264,278,37.3057,138.7898,-0.0351918599479136
5265,278,37.2332,138.962,-0.6852967826272895
5266,278,37.1281,138.7468,0.5411671708642098
5267,278,37.0364,138.8462,0.7063908638774833
5268,278,37.0147,138.6529,-0.3919312662662258
5269,278,37.1268,138.444,0.9252512733942304
5271,278,37.0228,138.2507,-0.6173651856935615
5272,278,37.0235,137.8624,-0.3048743727645875
5273,278,37.4261,138.8862,-0.8470060533203448
5274,278,37.4242,138.8908,-0.6113756603925932
5275,278,38.2769,139.5519,0.7432915368855001
5276,278,38.1297,139.4322,-1.2207462934612463
5277,278,38.1283,139.5461,-0.0614387410822152
5278,278,37.9731,139.2819,-1.042908445928023
5279,278,37.6497,139.0708,-0.0785741095895764
5280,278,37.6628,139.2642,-1.961647489651044
5281,278,37.5356,139.1311,-1.2261869009578985
5282,278,37.5408,139.3681,-0.2971142668234067
5283,278,37.1697,138.7472,1.201652632867344
5284,278,37.2208,138.9853,-0.3242382054755417
5285,278,37.0514,138.3997,1.816116763252672
5286,278,37.0272,138.8553,0.2481119141260983
5287,278,37.0503,138.9983,-0.2108964522922917
5288,278,36.9347,137.8511,-0.3935662202364562
5289,278,36.8539,138.0997,-0.1236630066407939
5290,278,36.9394,138.2625,0.2523548922242454
5291,278,36.8083,138.7881,0.2548872601494656
5292,278,36.2428,139.1937,0.352825010965627
5293,278,36.1476,139.3884,0.3161050339447012
5295,278,36.1179,139.1045,-1.480966249276475
5296,278,36.0562,139.2626,-0.3354558181968357
5297,278,35.9954,139.0709,0.2169119046691131
5298,278,36.054,139.3912,0.3172362898438979
5300,278,35.9034,139.4826,-0.9158192582419274
5303,278,35.8401,139.3215,-0.5391420051506964
5304,278,35.7965,139.4659,-1.067783852179907
5305,278,35.9954,138.801,-2.3314420142911008
5306,278,35.8958,139.3875,-0.2397320467746985
5307,278,35.7996,139.5385,-1.057781259501017
5308,278,36.1478,139.0536,-0.0719809422650566
5309,278,36.11,139.2926,0.3832870750045573
5310,278,35.9086,139.1517,-0.4475369312840384
5311,278,36.0243,138.9722,-1.4232521355872432
5313,278,35.9933,139.2223,-0.818909154283361
5314,278,35.8605,139.2758,-0.8225991302649546
5315,278,35.096,138.8657,1.0128383371760044
5316,278,35.1971,138.9127,0.5828282221944295
5317,278,35.3091,138.9349,0.8506770762952949
5318,278,35.2128,138.6016,0.7100493384931698
5319,278,35.1271,138.6213,0.471298936131326
5321,278,34.9649,138.3735,0.2820427191522648
5322,278,35.2435,138.3407,-1.2992451776577256
5323,278,35.0969,138.1332,0.7615508502324815
5324,278,35.0916,137.8136,0.5273783413127368
5325,278,34.9816,137.8975,1.1593385455738332
5326,278,34.9524,139.1378,-0.2497330174610661
5327,278,35.3038,138.2003,-0.2408752115795661
5328,278,35.2201,137.9212,0.3417461743878218
5329,278,34.9365,138.0798,0.0213943580765183
5330,278,35.0053,137.8439,0.6819946200350263
5331,278,35.0113,138.3557,-0.687072340209499
5332,278,35.1271,138.4273,0.7413324850691043
5334,278,34.9109,138.2038,0.8089038109255997
5335,278,35.1995,138.569,-0.4719999892909146
5336,278,35.0821,138.981,-0.2501401732372243
5338,278,34.9706,138.4955,-0.4629260362941502
5339,278,36.9417,140.0828,0.0529265901890485
5340,278,36.99,139.8033,-0.7965855479255428
5341,278,36.8144,139.7153,-1.2467933876612682
5342,278,36.8061,139.4204,0.0962271977119201
5343,278,36.8061,139.9264,-0.7424405736331173
5344,278,36.7639,140.1297,0.3746638102751389
5345,278,36.5692,139.8861,0.4726042499772758
5346,278,36.56,139.7675,-0.2904802449213388
5347,278,36.7258,139.7155,-0.3565350307577741
5348,278,36.6347,139.4376,-1.257647729669116
5349,278,36.3867,139.6145,0.4765152099404405
5350,278,36.2859,139.8047,1.8841837371544907
5351,278,36.4368,140.0225,0.0703042046520643
5352,278,36.545,140.1742,-0.4995685618944682
5353,278,36.4427,139.9541,-0.1820942766617276
5354,278,36.8594,139.8397,0.1703492449005004
5355,278,36.8547,140.0258,-0.4447464431922589
5356,278,36.7042,139.7733,-0.7377126812618021
5357,278,36.6928,139.9875,0.2753350986070115
5358,278,36.7311,140.1814,-0.8528984492427504
5360,278,36.5564,139.8669,0.1296476113884883
5361,278,36.5449,140.0784,-0.227701835912484
5363,278,35.8029,139.0956,-1.7568060612908811
5364,278,35.7304,139.1454,-1.2393007969863108
5365,278,35.7968,139.2912,-0.736193401008726
5366,278,35.6282,139.4034,-0.4106427570600865
5367,278,35.5782,139.4156,-0.908759372662228
5368,278,35.699,139.5029,-0.6525357036766096
5369,278,35.7107,139.6859,-0.7165793885530926
5370,278,35.6596,139.8343,0.3678978039240348
5371,278,35.689,139.8354,0.0506698306753646
5372,278,35.7313,139.8121,0.4413759444215499
5373,278,35.6485,139.799,-0.0153123050231661
5374,278,35.6474,139.8093,0.5977400479107465
5375,278,35.6551,139.8115,0.2610219433428071
5376,278,35.6657,139.8087,0.0369553908578122
5377,278,35.6876,139.8193,0.2662650549844539
5378,278,35.6874,139.7962,0.117111794851321
5379,278,35.7254,139.8249,0.0275171131250134
5380,278,35.7401,139.8624,-0.358186481399428
5381,278,35.7138,139.8971,-0.6207933601834639
5382,278,35.6704,139.8635,0.3957613843072735
5383,278,35.6926,139.8912,0.9911211737593256
5384,278,35.6685,139.7893,0.8807837714558207
5385,278,35.6081,139.8157,0.5526437785128799
5386,278,35.6669,139.2682,-1.0822458022499202
5388,278,36.976,137.6257,-1.315171207080422
5390,278,36.8163,137.4192,-0.3678896836600596
5391,278,36.8624,137.5274,-0.4222282852738912
5392,278,36.7824,137.0803,0.5027795539535779
5393,278,36.6716,136.897,-0.9094474333473678
5394,278,36.6686,137.2114,-0.9601821564789604
5395,278,36.6086,137.2831,0.2849977812903418
5396,278,36.5864,137.1406,0.2822551902679732
5397,278,36.56,136.8872,0.2030146918828188
5398,278,36.5781,137.385,-0.3367980642308505
5399,278,36.4411,137.0353,-1.2959159597367007
5400,278,36.8836,136.9306,0.2139302261421681
5401,278,36.7883,137.4719,1.1460751411324035
5402,278,36.5706,136.9614,-0.3237655901349394
5403,278,36.5681,137.1625,0.1153189777433201
5404,278,36.4375,137.0422,-1.3678237590704574
5406,278,35.6132,138.947,-0.9733948068614096
5407,278,35.4648,138.813,0.5117645457142477
5408,278,35.702,138.7266,-0.4577849359847883
5409,278,35.6548,138.5677,-0.0927098151831967
5410,278,35.4684,138.6069,-0.2480545171662141
5411,278,35.2791,138.4649,0.5843849231883552
5412,278,35.432,138.3321,-1.4175202143133467
5413,278,35.4965,138.4627,1.609689712692646
5414,278,35.7918,138.4096,1.366543786994746
5415,278,35.6382,138.3835,-1.2506600988586765
5416,278,35.6863,138.7371,-0.7281961374638468
5419,278,35.6215,138.9808,-0.5082517009658177
5420,278,35.5591,138.4521,0.6649999624931527
5422,278,35.5082,138.9707,-1.3082545538780972
5423,278,35.5291,138.6076,-0.5260209508047227
5424,278,35.7389,138.5684,-0.4346913445791447
5426,278,38.7679,140.2957,-0.8732402899445951
5427,278,38.7292,139.8013,1.1149994892755417
5428,278,38.6276,139.5889,-0.959478617514066
5429,278,38.607,140.1621,-0.3478775613776777
5431,278,38.4306,140.3907,0.3740601310866209
5432,278,38.3856,139.9921,1.9128723088759108
5433,278,38.3898,140.2743,0.4155109420438602
5434,278,38.2604,140.3488,0.7080509038230649
5435,278,38.1502,140.2674,2.0419171233103657
5436,278,38.1074,140.0428,-0.0017983704205426
5437,278,38.0621,139.7575,-0.0720908086728967
5438,278,37.9207,139.8697,-0.0731430358638416
5440,278,38.7895,140.0185,-0.682381747541596
5441,278,38.7909,140.313,-1.32107727024444
5442,278,38.2664,140.2617,1.1163907983420829
5444,278,38.0783,140.3011,-0.5010387770795789
5445,278,37.9853,139.805,-0.4177801402414879
5446,278,37.9603,140.1869,1.237993904951563
5447,278,37.8931,140.0311,0.4586009869660959
5448,278,38.9672,140.0367,0.1963261462193775
5449,278,38.7469,140.1814,-1.2490848684179128
5450,278,38.7103,140.5578,-0.2122672304188372
5451,278,38.6328,140.0089,0.2914293331707574
5452,278,38.4675,139.7639,-1.022368035623926
5453,278,38.3831,139.995,1.7820116976500322
5454,278,38.4228,140.1283,0.2615443058912912
5455,279,40.3279,140.7428,-1.4241487450017845
5456,279,40.2677,140.5659,0.5391373362241602
5457,279,40.2782,140.2631,1.149886746893226
5458,279,40.3888,139.9827,-1.0466949972237432
5459,279,40.2032,140.0288,0.1779393300236682
5460,279,40.2152,140.7873,-0.7398810667840318
5461,279,40.046,140.0813,-0.0256248527123086
5462,279,39.883,140.0716,0.334374136031946
5463,279,39.8879,139.8466,1.7182973162026884
5464,279,39.7225,140.1002,-0.3453028921094139
5465,279,39.8128,140.5803,-0.2899389967675609
5466,279,39.6991,140.7181,-0.934320794957098
5467,279,39.6069,140.3213,-0.0221184534609175
5468,279,39.595,140.5554,-0.6715556612196384
5471,279,39.2975,140.5629,1.038117789214132
5472,279,39.1939,140.1902,0.3057756956112986
5473,279,39.0384,140.451,0.9850011134819796
5474,279,39.2022,139.9085,-0.0093999436289725
5475,279,39.995,140.4031,0.8795938778138702
5476,279,39.7739,140.6667,-0.3979755450248347
5477,279,39.1462,140.717,1.024623833750326
5478,279,39.8119,140.5825,-0.103894185412898
5479,279,39.6606,140.5756,-0.8695339349321031
5480,279,39.2194,140.1317,0.509643615318035
5481,279,39.1711,140.7164,1.4759132086439666
5483,279,38.9772,140.4986,-0.7314125210008079
5484,279,40.4536,140.8431,-0.6521554110294215
5485,279,40.3161,140.2375,1.070110905399026
5486,279,40.2728,140.4631,0.00469348932591
5487,279,40.2975,140.5847,-0.1133296504522363
5488,279,39.9128,140.2256,0.002946098539986
5489,279,40.0594,140.8119,-1.6893447449629808
5490,279,39.6857,140.411,-1.691523664809639
5491,279,39.5422,140.3515,0.1918989946852376
5492,279,39.5547,140.615,-0.7330279791362502
5493,279,39.3519,140.3903,0.6962068953401531
5494,279,39.1883,140.4744,0.6323323523780346
5495,279,41.5267,140.9244,-0.9145679349349076
5496,279,41.328,140.8132,-2.6415117553785983
5497,279,41.4053,141.1691,-1.5578639644247811
5498,279,41.4087,141.4486,-2.0210135395286533
5499,279,41.2948,141.1972,-0.8199879932543702
5500,279,41.1976,140.9972,-0.72079875873868
5501,279,41.2256,141.3958,0.2833162159154877
5502,279,41.084,141.2552,-0.8420584913259039
5503,279,40.9665,141.3733,-0.6327723149570531
5504,279,40.8721,141.1416,-0.730304567512679
5505,279,40.6803,141.3669,0.2296380999139534
5506,279,40.5138,141.4805,0.4034490964463064
5507,279,40.4124,141.28,-0.970987514274914
5508,279,40.4371,140.9406,1.0224721103454537
5509,279,40.4738,140.6306,-0.3399131921737853
5510,279,40.6018,140.499,-0.6978550806786696
5511,279,40.6363,139.9284,0.9132668116837692
5512,279,40.7782,140.1976,0.2629336795069499
5514,279,40.8193,140.7501,-0.5581787857703036
5515,279,40.6152,141.208,0.519753141020008
5516,279,40.9924,140.9155,-1.6728864783570636
5517,279,40.9676,140.4326,-0.2806081139561963
5519,279,41.1795,140.4801,-0.8194074519471065
5520,279,41.1281,140.3106,-0.2478294261592038
5521,279,41.1453,140.8219,-1.9663895803939908
5522,279,40.7002,140.919,-0.1826215214112875
5523,279,40.5758,140.2965,0.1163733571382251
5524,279,41.5246,140.9163,-1.1454030408118252
5525,279,41.2313,140.9932,-0.1487553382455957
5526,279,40.8497,140.6794,-0.1231059766274486
5527,279,40.8537,141.1069,-1.3672253311403184
5528,279,40.9638,141.3774,-0.4693484595015378
5529,279,40.7419,140.0272,-0.0154663514337169
5530,279,40.7592,140.3156,-0.8160755134846811
5531,279,40.6172,140.3533,-0.8319119076824539
5532,279,40.6064,140.6681,-0.6522590534159455
5533,279,40.5773,140.9986,-1.669166528889936
5534,279,40.5819,141.1582,-0.3201114576672357
5536,279,40.5461,140.2761,0.0660682810368275
5537,279,40.4814,140.56,-0.0450076892918034
5538,279,40.4597,141.0958,0.7292631026009936
5539,279,40.4465,141.3409,-0.1581206315546091
5540,279,40.2934,141.018,-2.215575014429197
5541,279,37.7949,140.9196,1.19421488023465
5542,279,37.8449,140.6013,0.9177465323460536
5543,279,37.7613,140.4799,0.6200415633295681
5544,279,37.6799,140.7346,0.0613758289537076
5545,279,37.6385,140.9849,1.871948983353187
5546,279,37.5031,140.7588,-0.5396995746479643
5547,279,37.4061,140.9632,1.3443033239063285
5548,279,37.4363,140.5668,-0.1716998935084949
5549,279,37.2778,140.6349,-0.8856780615951311
5550,279,37.2342,141.0016,1.2725579864481769
5551,279,37.0911,140.9035,1.748120468310658
5552,279,36.9069,140.7929,1.421724431732916
5553,279,37.09,140.5563,-0.849176342729929
5554,279,36.8683,140.43,0.8344329866013647
5555,279,37.0217,140.3775,1.680462530642925
5556,279,37.1228,140.1914,1.1639623918645527
5557,279,37.2842,140.3689,1.4028941034131517
5558,279,37.3961,140.3622,0.85175696112301
5559,279,37.603,140.4368,-0.6010669957094451
5561,279,37.6535,139.8633,-0.5421871709924472
5562,279,37.6002,139.6467,-0.4192269635869893
5563,279,37.4774,139.9294,-0.9680126829189296
5564,279,37.3957,140.1325,1.2609238858410612
5565,279,37.3077,139.9,-1.3765605902150155
5566,279,37.266,139.5386,-1.5608418241501916
5567,279,37.3491,139.3144,-0.3803213519473535
5568,279,37.453,139.5133,-0.922266638966265
5569,279,37.3364,140.8132,-0.0778777811821159
5570,279,37.7535,139.7183,-1.3583113189094922
5571,279,37.7287,139.8855,-1.2136817182730943
5572,279,37.6048,139.7566,-0.2748013641190369
5573,279,37.4478,139.8159,-1.256153710720032
5574,279,37.2513,139.8758,-0.6820821162981435
5575,279,37.1692,139.5231,-0.8230302478845191
5576,279,37.2792,140.2178,-0.6349082984611569
5577,279,37.35,140.4297,-0.380142673074933
5578,279,37.1585,140.0963,0.6359001960148999
5579,279,37.1976,140.342,2.281895204390885
5580,279,37.2139,140.5736,-0.0189326582631264
5581,279,37.0233,140.9736,1.823120253851068
5583,279,37.7613,140.38,0.1829330967532396
5584,279,37.6606,140.6008,0.8795216219998364
5585,279,37.4864,140.5414,0.1055762634799307
5586,279,37.4672,140.7261,-0.1683379477569962
5587,279,37.4881,140.9906,2.0479659309082927
5588,279,37.3392,139.3179,-1.2845043575562167
5589,279,36.7722,139.2248,-2.767621453571196
5590,279,36.6967,139.2136,-1.9541436861508084
5591,279,36.8589,139.0659,-2.693981620873958
5592,279,41.7162,141.0025,-2.6979737332050733
5594,279,41.4862,140.247,-1.3011102389345552
5595,279,41.4339,140.1115,-2.1539622172058377
5596,279,36.7761,140.3569,0.1380408161758718
5597,279,36.7061,140.7068,1.6417994199915986
5598,279,36.5915,140.6453,-1.194077767349587
5599,279,36.5516,140.4102,1.033905142118723
5600,279,36.3851,140.2372,0.4509460853331444
5601,279,36.369,140.4528,0.7861987390237474
5602,279,36.3523,140.5955,0.3161235104229685
5603,279,36.8338,140.3215,1.1846795408479187
5604,279,36.7924,140.5784,-0.3918576957540979
5606,279,36.5535,140.3046,0.4227921107753541
5607,279,36.6374,140.4009,0.9438080674045884
5608,279,36.3599,140.6231,0.3475791452358009
5609,279,40.4099,141.7191,0.0925681859528354
5610,279,40.1819,141.7641,-0.0194581167138525
5611,279,40.0083,141.8861,0.4604471274034071
5612,279,39.7369,141.9697,-1.021789300155099
5613,279,39.6472,141.9464,0.698192078177712
5614,279,39.4806,141.9652,-0.5656453632141286
5615,279,39.2701,141.8561,-0.8117362991650775
5616,279,39.0187,141.4031,-1.813946285813836
5618,279,39.1454,141.152,-0.8717293914647388
5619,279,39.3209,141.1378,-0.2304791723964684
5620,279,39.3367,141.5378,-0.7876227266596766
5621,279,39.4844,141.147,0.010279726917073
5622,279,39.318,140.7792,-0.2041534708964486
5623,279,39.5997,141.6789,-0.8783372335905464
5624,279,39.6336,141.4376,-1.5043149136988268
5625,279,39.6953,141.1478,-2.8008568307459303
5626,279,39.8491,141.8034,0.9116374390800532
5628,279,39.9203,141.082,0.0130824048407657
5629,279,40.1011,141.0523,-0.626357408720924
5630,279,40.0366,141.4502,-1.7569158782850305
5631,279,39.5169,140.8301,-2.354726417359284
5632,279,40.2356,141.3458,0.0417638134005301
5633,279,39.8222,141.3861,-1.8974631195027296
5634,279,39.7992,141.6556,-1.119091890350978
5635,279,39.1781,141.3944,-1.7378323271231255
5636,279,38.8625,141.3547,-1.043510991190143
5637,279,40.2583,141.1744,-0.3271690953636715
5638,279,40.2678,141.5744,-1.2214792596288262
5639,279,40.2658,141.7867,-0.4878725020383599
5641,279,40.1364,140.9564,-1.949448643829225
5642,279,40.0783,141.195,-0.7863409730012638
5643,279,40.1506,141.4281,-0.7847873379285287
5644,279,39.9369,141.5528,-0.7829800250039045
5646,279,39.6119,141.0964,-0.0970797125231353
5647,279,39.6408,140.95,-0.3338853353094255
5650,279,39.4531,141.0036,-1.2081296470824092
5651,279,39.3406,141.0508,-0.8479330242068446
5652,279,39.4705,141.9372,-0.7263731912430018
5653,279,39.3311,141.305,-1.909352579304593
5655,279,39.195,141.0153,-0.030909292936534
5656,279,39.0061,140.8667,0.78290921266277
5657,279,38.9661,141.0047,0.4941840036238161
5658,279,39.0278,141.5356,-1.3461033699061469
5659,279,38.9015,141.5684,-0.6769487736112315
5660,279,38.7262,141.5109,-0.5118826906880748
5661,279,38.7348,141.3106,-1.2983425370291104
5662,279,38.7292,141.0217,1.9378771562728776
5663,279,38.7992,140.6507,1.1117445538229656
5666,279,38.5769,141.4514,-1.1241165316781283
5667,279,38.4466,140.8874,0.8023434742118907
5668,279,38.4282,141.2809,2.061941206609476
5670,279,38.3175,141.0193,0.687830724782983
5671,279,38.2663,140.9293,2.0398355127615035
5672,279,38.3177,140.6357,0.537000552308325
5673,279,38.1049,140.8699,2.650365776327879
5674,279,38.0085,140.621,1.1045247561820024
5676,279,38.237,141.0003,0.6206230629824381
5677,279,38.8558,140.6547,-0.5121754231811938
5680,279,38.5878,141.0744,1.6296581222372268
5681,279,38.1103,140.8475,1.4935259622558894
5682,279,38.0061,140.6061,1.297072422962427
5683,279,37.9381,140.8958,1.1058756705512154
5685,279,38.6386,141.4463,-0.1115686116663812
5686,279,38.2584,138.4337,0.2324597374524624
5687,279,38.0745,138.4398,-0.0316993020720012
5688,279,37.9976,138.3226,-0.2451237566183428
5689,279,37.8205,138.2795,-2.199349474332509
5690,279,37.9204,138.4981,-2.079816006478067
5691,279,38.4501,139.4961,-2.265563112965628
5692,279,38.2301,139.4864,0.3703518738843375
5693,279,38.053,139.4055,0.2182195668468769
5697,279,37.6863,139.4772,1.71765913518059
5700,279,37.6935,139.1886,-0.3250901082306495
5701,279,37.6421,138.7676,-2.198408845292158
5702,279,37.4416,138.8431,-1.48156754312198
5703,279,37.3724,138.5579,-0.7664299446805787
5704,279,37.3057,138.7898,-0.8641778782803486
5705,279,37.2332,138.962,-0.9497208131603508
5706,279,37.1281,138.7468,-0.6948587062187994
5707,279,37.0364,138.8462,-1.3285537216812198
5708,279,37.0147,138.6529,-0.6759552269344739
5709,279,37.1268,138.444,-1.0764337992901842
5710,279,37.4261,138.8862,-0.2294011732903328
5711,279,37.4242,138.8908,-0.1396556206373692
5712,279,38.2769,139.5519,0.5128642802800952
5713,279,38.1283,139.5461,0.3831224399531984
5714,279,37.9731,139.2819,-0.7358838913200071
5715,279,37.6497,139.0708,0.4719950509158329
5716,279,37.5356,139.1311,0.0495947844221032
5717,279,37.5408,139.3681,-0.1787688937486854
5718,279,37.1697,138.7472,-0.3109900301676409
5719,279,37.2208,138.9853,-1.231942593382383
5720,279,37.0272,138.8553,-1.1246297890849668
5721,279,37.0503,138.9983,-2.034324821188757
5722,279,36.9417,140.0828,1.8424090783510023
5723,279,36.99,139.8033,-1.3647997584246565
5724,279,36.8144,139.7153,-2.108978121257345
5725,279,36.8061,139.4204,-1.8132782838353256
5726,279,36.8061,139.9264,-0.4555696605712569
5727,279,36.7639,140.1297,2.637220995224814
5728,279,36.5692,139.8861,0.9532386468274524
5729,279,36.56,139.7675,-0.2340612260744045
5730,279,36.7258,139.7155,-0.736942939840241
5731,279,36.6347,139.4376,-1.6563202020709176
5732,279,36.4368,140.0225,1.1744181786425405
5733,279,36.545,140.1742,0.5318949280644352
5734,279,36.4427,139.9541,1.310472083272504
5735,279,36.8594,139.8397,-0.0864308361884076
5736,279,36.8547,140.0258,0.0562347436686174
5737,279,36.6928,139.9875,0.1490824352360868
5738,279,36.7311,140.1814,0.8704188522675119
5740,279,36.5564,139.8669,0.7627237560721178
5741,279,36.5449,140.0784,0.7818744126456494
5744,279,38.7679,140.2957,-0.8106813350279308
5745,279,38.7292,139.8013,0.0319740726671259
5746,279,38.6276,139.5889,-1.3946729841741317
5747,279,38.607,140.1621,-0.756360815029912
5749,279,38.4306,140.3907,-0.0561243481029866
5750,279,38.3856,139.9921,0.4418902236866733
5751,279,38.3898,140.2743,0.0361368665032692
5752,279,38.2604,140.3488,-0.4071847261299992
5753,279,38.1502,140.2674,0.292787520415715
5754,279,38.1074,140.0428,-1.6905902549888834
5755,279,38.0621,139.7575,-0.1486520786014949
5756,279,37.9207,139.8697,-1.0622873233497112
5758,279,38.7895,140.0185,-1.6290184115461412
5759,279,38.7909,140.313,-0.5558393752070789
5760,279,38.2664,140.2617,-0.1781811535718303
5762,279,38.0783,140.3011,-2.5591246221818054
5763,279,37.9853,139.805,-0.30755533658009
5764,279,37.9603,140.1869,-0.0193234331000523
5765,279,37.8931,140.0311,-0.1493463250302709
5766,279,38.9672,140.0367,0.3001691331456691
5767,279,38.7469,140.1814,-1.12151900222893
5768,279,38.6328,140.0089,0.3237093274721019
5769,279,38.4675,139.7639,-1.638337843168204
5770,279,38.3831,139.995,0.3148423019970522
5771,279,38.4228,140.1283,0.2825332678143483
5772,279,38.4647,140.8833,1.2524889263289376
5773,279,38.5689,140.8589,1.1360440714497058
5774,279,38.5747,140.7836,1.524937611245686
5775,279,38.6122,140.7619,-0.3055947464129445
5776,279,38.5461,140.8533,0.8462028010485326
5777,279,38.5117,141.0631,3.22213690956065
5778,279,38.5175,140.9428,1.2948270791863845
5779,279,38.6494,140.8803,1.8197967065014464
5780,279,38.5411,141.0603,0.9660376154378516
5781,279,38.485,141.1389,3.086506268512041
5782,279,38.6533,141.0718,0.7421179520532605
5783,279,38.6892,141.1914,2.3735186249871503
5784,279,38.6258,141.1928,2.092494016202016
5785,279,38.6617,141.1625,2.7443649813535096
5786,279,38.5067,141.1972,3.0000712046829463
5787,279,38.1681,140.8953,2.5881067453834845
5788,279,38.0947,140.6619,2.0115245410907794
5789,279,38.0461,140.7339,2.9908974828537387
5790,279,38.175,140.6469,2.389048299299253
5791,279,38.3269,140.9844,2.513001616017765
5792,279,38.2722,140.8722,0.8274018084962772
5793,279,38.2411,140.9175,1.973857029724296
5794,279,38.3342,140.8894,1.3636374251907095
5795,279,39.3108,140.5697,1.194223005893404
5796,279,39.4506,140.4789,-0.3559548002111268
5797,279,39.4586,140.5097,0.9866962865163338
5798,279,39.4575,140.5844,0.0024682512260178
5799,279,39.1983,140.5481,0.5741094732015886
5800,279,39.2603,140.4925,1.1970018801913709
5801,279,39.3394,140.4375,0.461826176540581
5802,279,39.2208,140.5256,0.6646343126865808
5803,279,39.275,140.6242,0.7160898607366252
5804,279,39.3308,140.4778,1.0273574646036212
5806,279,39.0578,140.4506,1.2946964388147273
5807,279,39.1972,140.4172,1.6748926692393733
5808,279,39.0731,140.5903,0.7374558629894578
5809,279,38.755,140.5228,1.225556670115168
5810,279,37.8764,140.9194,2.186015053044212
5811,279,39.29,141.1133,-0.7198862768627193
5812,279,39.1267,141.1417,-0.360231825837001
5813,279,38.5717,140.96,2.672545395126905
5815,279,38.5367,141.1317,2.093166615014632
5816,279,38.7067,141.2383,-0.4405315435507023
5817,279,38.8233,140.9933,1.7667743030603538
5818,279,38.9518,141.2198,-1.1133737803683288
5819,279,38.3655,140.664,-0.2973759638267256
5820,279,38.135,140.9311,2.4709599220915304
5821,279,38.2583,140.9,1.3329090076632286
5822,280,32.484,-115.24,0.3201097271718077
5823,280,31.8683,-116.6642,0.2872499721081697
5824,280,32.4,-115.24,-0.3082497271200746
5825,280,31.615,-115.882,-0.5656000365285146
5826,280,32.464,-115.316,0.95721874492945
5827,280,32.0203,-116.3012,-0.5250259760434808
5828,280,32.1656,-114.9612,0.8486632873920282
5829,280,32.116,-115.8407,-1.0777224174683746
5830,280,32.4222,-115.1303,-0.6838116922606953
5831,280,32.5495,-115.2357,0.8209159731808132
5832,280,31.69,-116.19,0.0602878790392012
5833,280,31.398,-115.714,-0.0596951464417851
5834,280,32.739,-114.636,-0.3891977835873552
5836,280,32.78,-115.567,1.0491136516072417
5838,280,32.813,-116.975,-1.1094859275478852
5839,280,32.84,-116.974,-1.270382144555371
5840,280,32.838,-116.775,-0.3376360870050702
5841,280,32.942,-116.276,0.5568409667918438
5842,280,32.749,-117.242,0.4663333705328757
5843,280,32.71,-117.158,1.758076382791197
5844,280,32.73,-117.169,1.7163406494684037
5845,280,32.702,-117.12,1.4487178952168858
5846,280,32.735,-117.08,0.9653872755880109
5847,280,32.795,-117.255,2.124288640717961
5848,280,32.822,-117.175,1.6963823979258863
5849,280,32.71,-117.007,-0.1410058597161814
5850,280,32.754,-117.097,0.5554206065614792
5851,280,32.915,-117.142,-0.123065171491396
5852,280,32.877,-117.227,1.8162689849982263
5853,280,32.954,-117.042,-1.980760693015553
5854,280,32.754,-117.164,1.875518417885684
5855,280,33.61,-114.715,0.7003026695663694
5856,280,33.239,-115.512,-0.1154830552924011
5857,280,33.511,-115.92,1.4953243640760248
5858,280,33.037,-115.623,0.553937676856471
5859,280,33.421,-115.831,1.2427153158703532
5860,280,33.564,-115.987,0.691569096299373
5861,280,33.397,-115.776,1.3200624327935409
5862,280,33.28,-115.984,0.4099050846576161
5863,280,33.398,-115.657,0.6505474649205387
5864,280,33.829,-116.512,0.3190433275591733
5865,280,33.678,-116.178,0.3522748394370749
5866,280,33.482,-116.911,1.028914117674424
5867,280,33.787,-116.959,1.156015229107528
5868,280,33.815,-116.461,-0.2451394637910196
5869,280,33.747,-116.715,-0.9624748513958664
5870,280,33.962,-116.509,0.031872100294489
5871,280,33.605,-116.938,-1.6090212336078644
5872,280,33.76,-116.96,0.1969354806119914
5873,280,33.851,-116.852,-1.0772526982535282
5874,280,33.748,-116.966,0.629418510392216
5876,280,33.729,-116.979,1.0632204885428933
5877,280,33.715,-116.221,0.1634819256752202
5878,280,33.787,-116.958,1.360327232670478
5879,280,33.706,-116.235,0.3827651137792357
5880,280,33.93,-116.972,0.6925153612419055
5881,280,33.744,-116.931,1.1251993080936378
5882,280,33.671,-116.3,1.413467874363021
5883,280,33.758,-116.374,1.1809670743386025
5884,280,33.787,-116.41,-0.0059582657851728
5885,280,33.723,-116.338,0.3114009530152681
5886,280,33.786,-117.809,-0.0070479808624968
5887,280,33.863,-117.742,0.130462151971533
5888,280,33.768,-117.85,-0.4649661368566836
5889,280,33.485,-117.669,1.6089372801234822
5890,280,33.917,-117.443,-1.2043976286759466
5891,280,33.968,-117.252,-0.4782746449588296
5892,280,33.565,-117.264,-0.3941380236015739
5893,280,33.751,-117.015,1.8298627698440333
5894,280,33.818,-117.133,0.8812691471188562
5895,280,33.699,-117.267,-1.1550752714089645
5896,280,33.604,-117.279,1.3732519554742135
5897,280,33.884,-117.514,-1.4426629217932194
5898,280,33.876,-117.593,0.1453727855020862
5899,280,33.875,-117.636,0.2703906110944004
5900,280,33.951,-117.446,-2.2117673603457417
5901,280,33.054,-117.245,0.8984290682922053
5902,280,33.144,-117.165,-1.1895091075561557
5903,280,33.634,-117.902,0.7802260647196146
5904,280,33.99,-117.718,0.5308309506952908
5905,280,33.496,-117.149,2.2901454478658967
5906,280,33.662,-117.997,0.2675716875772234
5908,280,33.913,-117.196,-0.1220033587978503
5910,280,33.201,-117.331,0.7453143769490079
5911,280,33.856,-117.541,-1.300586612490877
5912,280,33.8556,-117.54,-1.500730249752651
5913,280,33.466,-117.666,1.1129556425799472
5914,280,33.854,-117.817,0.736765848063215
5915,280,33.777,-117.834,-0.5872981269216344
5916,280,33.604,-117.906,0.0359560319892899
5917,280,33.605,-117.89,0.6465157445475123
5918,280,33.853,-117.857,-0.0760109058565942
5919,280,33.766,-117.918,0.058229144273704
5920,280,33.757,-117.956,0.2319004330281826
5921,280,33.676,-117.963,1.279371504980787
5922,280,33.819,-117.85,0.4143043298337781
5923,280,33.748,-117.844,0.0578387742700221
5924,280,33.742,-117.894,0.7040777703489237
5925,280,33.716,-117.904,0.3610568618886021
5926,280,33.7,-117.88,0.8652264085956732
5927,280,33.785,-117.89,-0.1074471495109491
5928,280,33.789,-117.922,-0.2543172828307622
5929,280,33.919,-117.488,-1.6565582845370943
5930,280,33.951,-117.388,-1.93071394482626
5931,280,33.979,-117.344,0.7983565849236925
5932,280,33.975,-117.486,-2.14764159919235
5933,280,33.669,-117.332,-0.7212930817850048
5934,280,33.748,-117.127,-1.3036562508659386
5935,280,33.902,-117.234,-0.8557920393948172
5936,280,33.921,-117.173,-1.3152589188551254
5937,280,33.787,-117.23,-1.839801825074541
5938,280,33.649,-117.205,-1.557867668868419
5939,280,33.715,-117.191,-0.8112793521679381
5940,280,34.133,-114.372,0.08909155116487
5941,280,34.155,-116.504,-1.5223951722412477
5942,280,34.13,-116.314,0.402959859887582
5943,280,34.241,-116.872,0.2873053889215752
5944,280,34.122,-116.416,-0.1819532730757639
5945,280,34.046,-117.035,-0.5183650525231239
5946,280,34.033,-117.312,0.0202657206695474
5947,280,34.014,-117.511,-0.8726661709279933
5948,280,34.026,-117.155,-1.2290229584037529
5949,280,34.074,-117.183,-0.6724132824113549
5950,280,34.066,-117.214,-0.1567384933284707
5951,280,34.065,-117.289,-0.080590523957729
5952,280,34.065,-117.292,0.0471275030596566
5953,280,34.064,-117.296,0.5202967847329835
5954,280,34.163,-117.332,0.1044120882078989
5955,280,34.096,-117.287,0.013115260692344
5956,280,34.064,-117.294,0.2475269214395489
5957,280,34.133,-117.253,-0.8225961612521181
5958,280,34.135,-117.322,-0.073793244876458
5959,280,34.069,-117.398,0.4024701205759157
5960,280,34.004,-117.058,0.1519876982952947
5961,280,33.5558,-116.674,-0.2416098635474734
5962,280,33.6022,-116.756,-0.898582665718755
5963,280,33.921,-116.981,0.0665994878270898
5965,280,34.069,-116.39,-0.6367670369477082
5967,280,33.365,-115.73,0.808843849372573
5968,280,32.69305,-115.33819,-0.1337151609543629
5969,280,33.268,-116.417,-1.2272398135040306
5970,280,33.19373,-116.3289,-0.0132318573119973
5971,280,32.991,-115.513,-0.5938489689873186
5972,280,33.91761,-116.78329,0.532457007338991
5973,280,33.51237,-116.80035,-0.6215288084105819
5974,280,32.6695,-115.493,0.1132368027146487
5975,280,33.1266,-115.516,0.3959308060294881
5976,280,33.38215,-116.68976,-1.2577169409735356
5977,280,33.999,-117.68,-0.0873123061387396
5978,280,34.093,-117.317,0.0290369068287124
5979,280,34.058,-117.305,0.1423064506498999
5980,280,33.876,-117.561,-1.080391211694634
5981,280,33.655,-115.99,-0.0221769129774353
5982,280,34.1663,-117.251,-0.0964155868106119
5983,280,33.65,-117.009,-0.7498629733607146
5984,280,32.796,-115.535,1.208947052799876
5985,280,33.567,-116.631,1.6304384017253364
5986,280,32.999,-116.942,-1.1137514422227042
5987,280,32.805,-115.447,0.5103255931737537
5989,280,32.829,-115.504,-0.2098937845953929
5990,280,32.7806,-115.5681,1.0133146270926958
5991,280,32.75172,-115.59516,0.7684849210934056
5993,280,34.094,-116.936,-0.2089172548525318
5994,280,34.1,-117.439,-0.1509403568255609
5995,280,34.10521,-117.28264,0.883812816375076
5996,280,34.14,-117.294,0.4147317501809754
5997,280,34.103,-117.349,-0.8385309798347679
5998,280,34.091,-117.289,0.0209146381487668
5999,280,34.069,-117.275,0.374181787955811
6000,280,33.925,-116.389,-0.848502119664501
6001,280,33.051,-114.827,0.9631436699843492
6002,280,33.708,-115.628,-0.765997075839699
6003,280,34.121,-117.219,-0.6422128127678199
6004,280,32.81141,-115.3786,-0.0808564960738763
6005,280,33.6159,-116.621,-0.646553864761796
6006,280,33.74624,-116.2163,0.6268082440018642
6007,280,33.081,-116.598,-0.2235566805544601
6009,280,33.597,-117.879,-0.4930303327602796
6010,280,34.12288,-117.28792,0.8745835253425482
6011,280,33.684,-117.943,0.6609674454299104
6012,280,32.8,-115.473,0.5350596569288323
6013,280,33.572,-116.076,0.670543285696265
6014,280,33.818,-116.369,0.2901350106689799
6015,280,34.005,-117.562,-0.5452532520919848
6016,280,34.05034,-117.27737,0.4095813018652711
6017,280,34.04856,-116.57816,1.0191474852717075
6018,280,34.039,-116.648,-0.4859676989661302
6019,280,33.808,-116.968,1.2337858493617442
6020,280,33.57783,-116.58987,0.3338722628030902
6021,280,33.6,-117.195,-0.5877075286420785
6022,280,33.58282,-117.07169,-1.261017549830821
6023,280,33.92474,-116.54794,0.5048459875565301
6024,280,33.556,-115.946,-0.1714132688822974
6025,280,33.1983,-117.3782,-0.7333393446485054
6026,280,33.15569,-116.1679,0.2828479724870293
6027,280,33.788,-117.844,-0.6782598759582049
6028,280,32.608,-116.93,-0.2289416438180622
6029,280,33.862,-117.205,-0.57241552489019
6030,280,33.607,-116.453,-0.9615647693266196
6032,280,33.824,-116.55,-2.4128251483401595
6033,280,34.00469,-117.22393,-1.211979806269112
6034,280,33.973,-117.327,-0.3929196404966962
6035,280,33.183,-115.623,-0.1341611107361764
6036,280,32.87514,-117.22977,1.2571636261918684
6037,280,33.82177,-116.96836,-0.1442351871542428
6038,280,34.232,-117.235,-0.898338695484093
6039,280,33.553,-117.662,1.820313578858323
6041,280,34.14492,-117.21876,-0.4655408876008977
6042,280,33.91677,-116.38979,-0.5240068754944402
6043,280,33.485,-115.866,-1.2039747446611486
6044,280,33.834,-116.797,-0.4137588481737075
6045,280,34.035,-116.808,-0.2256242480242624
6046,280,33.829,-117.789,0.4193228834121767
6047,280,33.664,-117.769,0.6281144488493662
6048,280,34.106,-117.098,-0.398066209898002
6049,280,33.81663,-116.3945,-0.1261902627110166
6051,280,34.0869,-117.3114,0.4002154120161735
6052,280,34.205,-117.365,-0.607147127613679
6053,280,33.84447,-116.31079,0.7970950508394367
6054,280,33.941,-116.409,-0.961589862001783
6055,280,34.079,-117.045,0.4171342589750912
8159,280,32.864,-115.432,0.4024799756847382
8160,280,32.718,-115.637,0.4615792716542173
8161,280,33.6758,-116.68,-3.3422700055136247
8162,280,31.871,-115.816,-1.2743036118684974
8488,280,33.787,-118.356,0.1455921210434597
8489,280,34.077,-118.286,0.8203838718728254
8491,280,33.1774,-115.616,-0.1739806974992122
8493,280,34.07618,-118.3959,0.2871051313061814
8494,280,34.04905,-116.94032,-1.9883069566178204
8495,280,33.63461,-116.09534,-3.5549730486200573
8496,280,34.55046,-117.43391,0.8068994044940441
8500,280,32.68005,-116.67215,-0.5923628271401096
8501,280,34.2623,-116.92075,0.4559393475749314
8504,280,34.23883,-117.65853,-1.2219743793003224
8505,280,33.99053,-118.36171,0.2913400085732924
8506,280,33.80776,-117.98116,0.037602602211236
8507,280,33.01213,-115.21987,-0.2166424231997328
8509,280,34.13678,-118.12199,0.0401539389037995
8513,280,33.4019,-118.41502,-0.6004516426187192
8515,280,34.63745,-115.38115,-0.4878938160052973
8516,280,34.25353,-118.33383,-0.2186575226044137
8517,280,34.10618,-118.45505,-0.8001254930821909
8518,280,33.84822,-118.09624,0.6721362184499745
8521,280,33.11675,-115.82267,0.6656086721448088
8523,280,33.71264,-118.29381,-0.2860317724881429
8524,280,33.8717,-117.92251,1.069772725948653
8528,280,34.13677,-118.1283,-0.0010003141396179
8530,280,34.8294,-116.335,-0.497405988535228
8531,280,34.17643,-118.35967,-0.5716940232372255
8534,280,34.36622,-116.61266,-1.5595082738759736
8535,280,34.15037,-118.10156,0.4500599354297379
8536,280,33.86889,-118.33143,0.0717265888505418
8537,280,33.798,-118.08837,8.082643958105961e-05
8538,280,34.00033,-118.37794,0.6355689498661578
8540,280,35.13066,-115.18416,0.5114788021868587
8544,280,33.9753,-118.14918,-0.168197810045029
8547,280,34.31478,-117.54642,0.0830893983675341
8548,280,33.881,-118.176,0.9526137079607196
8551,280,34.13688,-118.12601,3.4470596172885872
8553,280,33.74,-118.335,-3.394323131120993
8560,280,34.22362,-118.05832,-0.2776588840252429
8561,280,34.78035,-116.55798,-1.2424272108898495
8562,280,34.76759,-114.61881,-0.1908380197549954
8565,280,33.94539,-117.92372,0.2796517728260794
8569,280,33.96273,-118.43702,0.7348966369166878
8570,280,34.1207,-117.63808,-0.0548830184411737
8571,280,33.892,-117.1613,1.189494359585607
8572,280,33.7953,-117.60906,0.884608705254995
8574,280,34.09181,-117.80709,0.1335700470544061
8578,280,34.10473,-117.97956,-0.0518145139944237
8579,280,33.74346,-118.40412,0.3328994337364508
8580,280,34.87533,-116.99684,0.2432764221350105
8581,280,34.05073,-118.08085,-0.2337121082537357
8582,280,33.99351,-117.37545,-1.837408089763317
8586,280,32.915,-118.4879,-1.2557169918993696
8592,280,34.01438,-118.45617,0.3610204178160612
8596,280,32.94508,-115.79988,-0.475517826784019
8597,280,34.38203,-117.67822,0.3086545710519275
8601,280,34.01919,-118.28631,-0.0948584353768052
8602,280,34.48364,-118.11783,-0.9813770636734538
8605,280,32.75904,-115.73161,-0.1434968626598197
8607,280,34.00948,-117.95077,0.3847967689434367
8610,280,33.94869,-118.25547,0.3717716286811213
6878,281,-43.9041,171.7474,-1.5929055471087663
6881,281,-42.5257,171.4077,0.5808916613042784
6885,281,-43.4848,172.5299,-1.67781827602039
6886,281,-43.531,172.6197,-0.7424652399339153
6887,281,-43.5395,172.6464,-0.0903194687508715
6888,281,-43.5355,172.6261,-0.5491300573754218
6889,281,-43.5673,172.6241,-0.1235427155742983
6890,281,-43.2282,171.7234,1.8464124974057967
6892,281,-43.4913,172.102,0.005478348113254
6893,281,-45.8642,170.5138,0.4334147285026036
6894,281,-45.9038,170.4929,1.0699294089079805
6895,281,-43.8984,172.0937,-1.2268152444859943
6896,281,-43.6692,172.1978,-1.1965142320362223
6897,281,-41.7467,171.8045,0.1516258179390426
6898,281,-45.2327,169.3082,-0.4483700407832812
6900,281,-44.1019,170.8285,2.1903143461990737
6901,281,-43.4649,170.0197,0.9913581986528156
6902,281,-43.3908,170.1841,0.6969518544634716
6904,281,-43.5338,169.8154,0.3254840290573053
6905,281,-43.588,172.0893,0.0329435906023069
6906,281,-42.4509,171.2102,0.0136983050731151
6907,281,-43.1506,170.556,1.8064767080397728
6908,281,-43.8847,169.0441,-0.0139576925130474
6909,281,-42.7186,170.9638,-0.4523321582142334
6910,281,-43.5413,171.9598,0.3173178949744253
6911,281,-43.5016,172.7022,-0.2997267604333017
6912,281,-42.5249,172.8304,1.945835525271593
6914,281,-43.5798,172.7094,0.3539976808656773
6921,281,-42.8934,171.1355,1.6615890231688055
6922,281,-43.3781,172.6636,0.5015184228865588
6923,281,-44.3872,170.1843,-0.7552449905823135
6926,281,-43.6248,172.4679,-0.3708934124471231
6927,281,-43.6056,172.7223,0.8836348331799404
6928,281,-43.7163,169.423,1.4026391953175013
6929,281,-43.7311,171.7935,-1.9437703069231136
6930,281,-42.7834,172.2709,1.259485769234577
6932,281,-43.8247,171.4216,-1.8379681180947696
6933,281,-43.7365,170.0972,-0.1312797505628285
6934,281,-44.2321,169.2329,2.191366136057404
6936,281,-42.0897,173.2573,-0.822281998610297
6938,281,-41.1264,173.0094,-0.8243606491007258
6942,281,-41.2188,173.3793,-1.3291261290691188
6943,281,-43.9993,168.6605,1.6862007068952969
6944,281,-45.1014,170.969,0.0047646403805414
6945,281,-45.0456,170.6445,-0.2509045778698414
6946,281,-45.886,170.5977,-0.3669241029188909
6947,281,-43.3259,172.0383,0.8701968362338529
6948,281,-43.9253,171.2366,0.6532820802873273
6951,281,-43.4945,172.6068,-0.0592989461175081
6952,281,-43.527,172.7017,-0.1598819224813022
6955,281,-41.2813,174.023,-1.023725436044123
6957,281,-42.1214,171.8643,-0.6244170027171647
6959,281,-43.5362,172.5644,-1.262719927826344
6960,281,-43.7531,172.023,-1.920133207421585
6961,281,-43.5945,172.381,-1.8647900773002035
6962,281,-43.7192,171.0539,0.3805710467405761
6964,281,-43.8104,172.2523,-1.340530945271839
6965,281,-43.5053,172.6634,-0.7452886256127174
6966,281,-42.3356,172.1808,-0.451745427104659
6967,281,-45.9002,170.5096,1.959446610082108
6968,281,-43.4675,172.6139,-0.4130435478583317
6970,281,-43.3396,171.9288,1.39497026027537
6973,281,-46.0737,170.1952,-0.4412347630421077
6974,281,-43.5517,172.4718,-2.3586728644072656
6975,281,-44.4045,171.2444,1.3697133331368412
6978,281,-44.2565,170.0982,0.4670124304408519
6979,281,-42.9648,172.7051,2.4814551068568425
6980,281,-41.7574,171.5997,0.5665420941274992
6981,281,-41.8291,174.1383,-1.103647405328095
6983,281,-44.8287,169.0175,0.6463601271083197
6986,281,-44.6963,169.1429,1.8302802642042069
6987,281,-43.839,171.6109,-1.3702583872633236
6988,281,-43.0731,170.737,1.4006703992796978
6989,281,-41.622,173.3508,-0.1735249144418681
6990,281,-43.0764,170.7361,0.524300746706243
6991,281,-42.8712,172.5432,2.085359932684616
8055,346,-43.9041,171.7474,-0.711982790133255
8056,346,-43.1564,172.7308,-1.054490533126525
8057,346,-42.9506,171.5676,0.2447924529319023
8059,346,-43.2761,172.5958,-1.184095951487738
8061,346,-43.4848,172.5299,-0.4561120221960779
8062,346,-43.531,172.6197,0.2833485658587739
8063,346,-43.5395,172.6464,-0.3019495016048706
8064,346,-42.8152,173.2747,0.7139769627747112
8065,346,-43.5355,172.6261,0.2596292548788808
8066,346,-43.5673,172.6241,0.7510153242070035
8067,346,-43.2282,171.7234,1.8796698679810209
8068,346,-43.3139,172.3812,0.0932994274828655
8070,346,-43.4913,172.102,-0.5098491770601357
8073,346,-43.8984,172.0937,-0.2552867107186917
8074,346,-43.6692,172.1978,-0.5573188316475044
8075,346,-41.7467,171.8045,0.0441381597015759
8078,346,-44.1019,170.8285,1.160619856234971
8079,346,-43.4649,170.0197,0.3370538438355024
8080,346,-43.3908,170.1841,0.2516383149791944
8081,346,-43.5338,169.8154,-0.4775290363885212
8082,346,-42.5959,172.5109,1.7388032817465071
8083,346,-42.4509,171.2102,-0.8546144489579838
8085,346,-43.1506,170.556,1.5344474827386516
8086,346,-43.8847,169.0441,0.0526039077640142
8087,346,-42.7186,170.9638,-0.7618753037216616
8088,346,-43.5413,171.9598,-0.6628878139113281
8089,346,-43.5016,172.7022,-0.980482281189714
8090,346,-42.5249,172.8304,1.7650797008807362
8091,346,-42.7284,171.4727,1.316666331229606
8092,346,-41.8588,171.9524,0.2183928484055773
8093,346,-41.2511,172.1163,0.7749692774685922
8096,346,-42.8934,171.1355,1.0233100461444746
8097,346,-43.3215,171.8549,2.564985078432253
8098,346,-43.3781,172.6636,-0.2945803144642708
8099,346,-44.3872,170.1843,-0.0256543326585848
8101,346,-43.6248,172.4679,-0.1145564678543091
8102,346,-43.7163,169.423,0.5163737331821547
8103,346,-42.8712,172.5432,1.4510406081577425
8104,346,-42.7834,172.2709,0.807336674068901
8105,346,-43.8247,171.4216,-1.0458646424277365
8106,346,-41.8016,172.3279,0.5047155582343079
8107,346,-41.3166,174.8183,-1.3782145444405784
8108,346,-42.0897,173.2573,-2.1066417571029508
8109,346,-43.7077,172.6536,-0.50629238098726
8111,346,-41.2188,173.3793,-1.8372721180843563
8112,346,-45.1014,170.969,0.2504081487205966
8113,346,-45.0456,170.6445,0.2856120234058531
8114,346,-43.3259,172.0383,1.3353366946853469
8115,346,-43.9253,171.2366,1.0653266356960107
8117,346,-43.4945,172.6068,0.0507309398060522
8118,346,-43.527,172.7017,-1.0472303838968942
8121,346,-42.1214,171.8643,-0.4402168854975544
8123,346,-43.5362,172.5644,-0.4204063115959013
8124,346,-43.7531,172.023,-0.992414728148752
8125,346,-43.5945,172.381,-0.9269451473039706
8126,346,-43.8104,172.2523,-0.6239438309714412
8127,346,-42.9403,172.9215,1.1680547385142563
8128,346,-43.3928,172.0256,0.417552840659394
8129,346,-43.5053,172.6634,0.7147187246310777
8130,346,-42.3356,172.1808,-0.5760337010480161
8132,346,-43.6751,172.3175,0.0880106428877568
8133,346,-43.4675,172.6139,0.3337106107259118
8135,346,-43.3711,172.4952,-0.6729593124604957
8138,346,-41.294,174.7811,-1.1511068617419835
8141,346,-43.5517,172.4718,-1.3983578555564955
8142,346,-44.4045,171.2444,0.7692247115284091
8143,346,-40.8512,172.821,-0.9889026589715192
8145,346,-44.2565,170.0982,0.3533959129083561
8146,346,-42.9648,172.7051,1.0908801941166903
8147,346,-41.7574,171.5997,0.4090476030636888
8148,346,-41.2858,174.768,-1.6756344331117194
8150,346,-42.7029,172.8002,0.3674328871327635
8155,346,-43.0731,170.737,-0.3679741560833185
8156,346,-43.5798,172.7094,0.595365525402704
8157,346,-43.6056,172.7223,0.5161601933202081
8158,346,-43.3396,171.9288,1.873701324508696
8611,1001,38.441,-122.701,0.9094696114151144
8612,1001,38.233,-122.636,0.213659219279354
8613,1001,37.76021,-122.41524,-1.8703315738454005
8614,1001,37.77737,-122.39689,-1.959177728809796
8615,1001,37.75094,-122.49072,-0.7356383328427375
8616,1001,37.76386,-122.4736,-0.0118412559654061
8617,1001,37.762,-122.505,0.0319707331520339
8618,1001,37.40701,-122.0946,-0.9363252051992718
8619,1001,37.30249,-121.97978,0.2453897615957228
8620,1001,37.26748,-121.86656,0.4726961113471147
8621,1001,37.26352,-121.91617,0.7669316873026157
8622,1001,37.30143,-121.9039,-0.1140693023940726
8623,1001,37.31816,-121.94354,-0.614747245614835
8624,1001,37.3066,-121.84915,-0.3925665651682985
8625,1001,37.68,-121.739,-1.40803509520498
8626,1001,37.41702,-121.9154,-1.0158301243550565
8627,1001,37.59094,-122.36741,-1.479126439403175
8628,1001,37.74766,-122.42528,-0.9588830846305834
8629,1001,37.34655,-121.80774,0.1157490170276798
8630,1001,37.40718,-122.00001,-1.247605352307783
8631,1001,37.74664,-122.38679,0.5334849262826643
8632,1001,37.39415,-122.06041,-0.3814568798936136
8633,1001,37.27117,-121.98617,-0.0212506924781467
8634,1001,37.45098,-122.4287,0.3046871614802963
8635,1001,37.59268,-122.07449,-1.6831537739230733
8636,1001,37.67928,-122.48405,0.0741272259954762
8637,1001,37.91056,-122.53778,-0.0209374458691994
8638,1001,37.88767,-122.29916,-2.041650198918465
8639,1001,38.03445,-122.27016,-0.012951747284063
8640,1001,37.74484,-122.40134,0.250991805020436
8641,1001,37.77934,-122.486,-0.6743447976175075
8642,1001,37.71633,-122.43117,-0.9682623490735012
8643,1001,37.81076,-122.29252,-0.3166471679160407
8644,1001,37.8251,-122.27606,0.2641985025661818
8645,1001,37.7986,-122.2684,-0.1181201403693154
8646,1001,37.72416,-122.44841,-1.3075810478181584
8647,1001,37.41395,-121.87085,-0.401072482149321
8648,1001,37.6806,-121.92098,0.4238118585785195
8649,1001,37.86059,-122.29327,-0.0013196604287446
8650,1001,37.85835,-122.25252,-1.0493338255189215
8651,1001,38.29027,-122.46125,0.3462939439647737
8652,1001,37.37418,-122.0781,-1.0976301848763452
8653,1001,37.36408,-122.01817,0.0053905919554484
8654,1001,37.42549,-122.07772,-1.1994593364931163
8655,1001,38.4421,-122.6068,0.010436684864016
8656,1001,37.23294,-121.77186,0.6301697003209558
8657,1001,37.38332,-121.91088,0.863777979604775
8658,1001,37.28537,-121.93602,-0.3004329309234154
8659,1001,37.35834,-121.97775,-0.1253695681111787
8660,1001,37.68873,-121.78351,-1.4772926294198572
8661,1001,37.72688,-122.15092,-0.7721488015991375
8662,1001,37.8852,-122.03217,0.364186310714393
8663,1001,37.94215,-121.93047,-0.1735641163278803
8664,1001,38.01299,-122.13416,0.8697348609748673
8665,1001,38.36743,-122.52403,0.2062393855846985
8666,1001,37.66666,-121.85715,-1.015797153969351
8667,1001,36.88311,-121.3908,2.605033567063624
8668,1001,36.61809,-121.31468,1.3127552196520516
8669,1001,37.16346,-121.62645,1.2699553237906964
8670,1001,37.45035,-121.80037,-2.5428283307787223
8671,1001,37.74766,-121.70843,-0.0205090274664798
8672,1001,37.7294,-121.83346,-0.5918774643195245
8673,1001,37.37289,-121.76887,0.751039321859188
8674,1001,37.73786,-122.06486,0.4452163459199031
8675,1001,37.81041,-121.80272,-0.4495705924352984
8676,1001,37.9889,-122.2156,0.9843291236920156
8677,1001,37.94906,-122.40851,-0.2823393570485461
8678,1001,37.85884,-121.99264,1.356129662708602
8679,1001,37.91233,-121.90716,0.5904659804244494
8680,1001,38.02691,-122.01599,0.3770423097300141
8681,1001,38.34526,-122.4584,-0.5369845762823046
8682,1001,37.80787,-122.3618,-1.4778118756470402
8683,1001,38.71073,-122.75733,-1.6461135045992474
8684,1001,38.76927,-123.01486,-0.7982407294885859
8685,1001,37.0254,-121.4845,3.427070060605762
8686,1001,36.82681,-121.64349,-0.8794664921497101
8687,1001,37.34305,-122.33976,0.2190640290796471
8688,1001,37.31861,-122.15314,-0.1342789483011208
8689,1001,37.17217,-122.01121,0.784656280960499
8690,1001,37.04922,-121.80722,0.5144543188568215
8691,1001,36.92745,-121.82764,0.874166723491804
8692,1001,37.36045,-122.18986,-0.9512334897640812
8694,1001,37.21427,-122.17168,1.6523112561573217
8695,1001,37.20631,-121.97726,1.5361998524398226
8696,1001,37.15432,-121.73467,0.3838577983001988
8697,1001,37.63719,-122.47482,-1.0869737821296066
8698,1001,37.2708,-122.21276,1.1621628222931386
8699,1001,37.79499,-122.4746,1.310588601784257
8700,1001,37.19855,-122.34671,0.961265139634144
8701,1001,37.40373,-122.23868,-2.026734943539409
8703,1001,37.40372,-122.17596,-0.9793838465060694
8704,1001,37.28397,-122.05017,0.1317248176048842
8705,1001,37.58644,-122.50217,-1.080096778964729
8706,1001,37.16067,-121.89899,1.1960977052888249
8707,1001,37.6444,-118.89683,2.701150022051096
8708,1001,37.34164,-121.64257,0.9691981458814836
8709,1001,37.65909,-118.97907,1.4353097798638204
8710,1001,38.87874,-122.44277,-1.3876247322855966
8711,1001,38.43951,-122.25272,0.9134346686218764
8712,1001,37.92144,-122.71806,0.6361918120256349
8713,1001,38.26021,-122.55179,0.6813252369438474
8714,1001,38.00198,-122.47466,0.2760234022156113
8716,1001,38.33656,-122.81082,0.9424374241357552
8717,1001,38.46769,-122.89651,-0.2465156050047768
8718,1001,38.28043,-122.21582,-0.9230224473024724
8719,1001,38.15486,-121.80438,-0.1874177604238242
8721,1001,38.12282,-122.14921,0.1763015570586346
8722,1001,38.07601,-122.2585,0.2227373124979222
8723,1001,38.04248,-122.79684,1.672221345187089
8724,1001,37.99642,-123.01949,-1.2022709999376615
8725,1001,38.34878,-122.57795,0.9906253284143296
8726,1001,38.20025,-122.4644,0.801635725048931
8727,1001,37.92371,-122.59649,-0.280747339500424
8728,1001,38.14361,-122.44969,0.4858813893634886
8729,1001,38.24039,-122.79842,-0.6166221889257945
8730,1001,38.38921,-122.66297,0.2778294463029656
8731,1001,37.008,-121.287,3.6491735080150254
8732,1001,35.73065,-120.24986,0.2434060499845235
8733,1001,35.40773,-120.54556,0.0198841754249665
8734,1001,35.86661,-120.4796,2.2585166126569867
8735,1001,35.82404,-121.05393,1.37205523417034
8737,1001,36.2159,-120.80126,2.008430138878743
8738,1001,36.0688,-120.59618,2.3080651266567265
8739,1001,37.91608,-122.33607,-1.0596035643812936
8740,1001,36.76403,-121.44722,2.2700416100282634
8741,1001,37.28744,-121.86422,0.5254350477301338
8743,1001,37.62211,-121.75697,-1.877356665410853
8744,1001,35.45883,-120.88167,1.2441583333204036
8745,1001,37.95397,-121.86554,-0.3646685656228254
8746,1001,37.87622,-122.23558,-0.6722578433964184
8747,1001,37.91881,-122.15176,-0.2881172300527534
8748,1001,37.87352,-122.26099,-2.028662937883805
8749,1001,38.03455,-120.38651,0.402279117210351
8750,1001,37.69782,-123.0011,-2.1022617350772457
8752,1001,38.14478,-122.88018,0.1272493319169359
8753,1001,35.63597,-120.86984,2.066552283439584
20118,1001,39.65471,-122.71595,-2.692367934899352
20119,1001,38.99349,-123.07234,-1.3243313228902578
20121,1001,39.55451,-121.50036,-2.743309221952332
20123,1001,37.81647,-122.06302,0.9049099270616
20124,1001,37.25898,-121.67311,2.51090656598668
20125,1001,37.72416,-122.11929,1.1205134459809225
20126,1001,37.12043,-122.1552,-0.7048675477998418
20127,1001,37.51704,-122.37731,-0.1862972073536227
20128,1001,37.67433,-122.39855,-1.3661634585961575
20129,1001,38.04962,-122.52331,0.4819633583474069
20135,1001,38.80797,-122.7953,-1.9021171525169
20139,1001,39.68631,-123.58242,-3.2678793462954343
20150,1001,38.65651,-122.61441,0.2167735765005645
20154,1001,34.9022,-120.6217,0.2801809213671787
8754,1002,34.037,-118.178,1.3732953569670907
8755,1002,34.151,-119.198,0.6230090070979397
8756,1002,34.04905,-116.94032,-3.3918054054816773
8757,1002,34.55046,-117.43391,1.0006199677483407
8758,1002,34.68708,-118.29946,0.6240438448354385
8759,1002,35.1269,-118.83009,-0.0499889070925915
8760,1002,35.34444,-119.10445,-0.0024558518312782
8761,1002,32.68005,-116.67215,-2.1876678589348453
8762,1002,34.2623,-116.92075,-0.3481019143408398
8763,1002,33.921,-116.981,-0.19187236310683
8767,1002,34.23883,-117.65853,-0.2007699803005246
8768,1002,34.069,-116.39,-1.061739934962964
8769,1002,33.268,-116.417,-0.3972823455420449
8770,1002,33.80776,-117.98116,1.171359902776438
8771,1002,34.68224,-118.57398,0.8381341481484759
8772,1002,33.4915,-116.667,-2.593782596730488
8773,1002,34.13678,-118.12199,0.0530186766665209
8775,1002,33.999,-117.68,-0.9929591551781196
8776,1002,33.4019,-118.41502,0.538164722229536
8777,1002,34.093,-117.317,-0.5560664958117142
8779,1002,33.655,-115.99,-0.1298613776538094
8780,1002,33.35486,-118.44436,0.482014001540993
8781,1002,34.25353,-118.33383,0.4333884254051038
8782,1002,33.93597,-116.57794,-1.505747948848537
8783,1002,33.65,-117.009,-0.928356044505424
8784,1002,34.10618,-118.45505,0.0935988109386737
8785,1002,33.84822,-118.09624,1.213895685580632
8786,1002,33.567,-116.631,1.9785355455242448
8787,1002,32.999,-116.942,-1.9735060162575897
8789,1002,32.65915,-116.10061,-0.8791836134030311
8792,1002,33.71264,-118.29381,0.2255103116712447
8793,1002,34.1,-117.439,-0.7336643426423154
8794,1002,33.8717,-117.92251,0.3824862424249615
8795,1002,33.1537,-117.22921,-1.5877351804560087
8796,1002,34.13677,-118.1283,0.6953070112919347
8797,1002,35.30177,-116.80574,0.6936349138738226
8798,1002,34.8294,-116.335,0.054819747270718
8799,1002,34.17643,-118.35967,-0.1371799168630063
8800,1002,34.121,-117.219,-0.789956944525931
8801,1002,33.081,-116.598,-1.81437452572112
8802,1002,34.36622,-116.61266,-0.5297022244073902
8803,1002,34.15037,-118.10156,0.1180337634326326
8804,1002,33.597,-117.879,-0.8929287287841642
8805,1002,34.9906,-118.34156,-0.237103784938758
8806,1002,34.61462,-118.29104,-0.6237351426916885
8807,1002,34.30529,-118.48805,1.1334906130322222
8808,1002,33.684,-117.943,0.9546222896069546
8809,1002,35.47954,-117.68212,-0.6528140654571108
8810,1002,34.3656,-117.36683,-0.5506495194774681
8812,1002,33.818,-116.369,0.2507244435493593
8814,1002,34.005,-117.562,-1.5565578633143025
8815,1002,34.28085,-118.9049,2.613587915568854
8816,1002,33.808,-116.968,0.5401781163221093
8817,1002,33.6,-117.195,-0.0077573517053441
8818,1002,34.22362,-118.05832,-0.2042686529467292
8819,1002,34.53412,-120.17737,0.225170612874023
8820,1002,34.22869,-118.55829,1.1549180090978308
8821,1002,33.788,-117.844,-0.5444895709388142
8822,1002,33.94539,-117.92372,-1.2913454465986889
8823,1002,32.608,-116.93,-1.1063539312871706
8824,1002,34.6145,-118.7235,1.2524683021691827
8825,1002,34.44199,-118.58215,1.551026402626032
8826,1002,34.1207,-117.63808,-0.0085807637587604
8827,1002,33.862,-117.205,-1.78143847281221
8829,1002,33.354,-116.863,-0.6696785100413003
8830,1002,33.7953,-117.60906,0.8722280031910907
8832,1002,34.09181,-117.80709,1.5395519942978868
8833,1002,34.39558,-118.49837,0.4597252302616441
8834,1002,33.63,-116.8478,-0.1395509542395558
8835,1002,34.281,-118.478,0.9183172645616088
8836,1002,34.10473,-117.97956,0.0519533556602618
8837,1002,33.74346,-118.40412,0.0178930231308185
8838,1002,33.973,-117.327,-1.5950490686682992
8839,1002,33.97327,-117.32674,-1.7183587626814203
8840,1002,34.05073,-118.08085,-0.6575617633837598
8841,1002,33.99351,-117.37545,-3.227519198421039
8842,1002,33.70432,-117.88578,-0.4078565275875092
8845,1002,34.44076,-119.71492,1.8073700394100711
8847,1002,34.232,-117.235,-0.1967056232827883
8848,1002,32.915,-118.4879,0.1487501354609322
8849,1002,33.99543,-119.6351,1.343033451694486
8850,1002,33.553,-117.662,-0.1883403452505072
8851,1002,32.784,-117.13805,0.0424031099285296
8853,1002,34.43692,-119.1375,1.1504786616058649
8854,1002,35.8996,-116.27515,0.9009894742047
8855,1002,35.89095,-117.28332,0.1410412149027878
8856,1002,33.834,-116.797,-0.5473710804861444
8858,1002,34.01438,-118.45617,0.2550235302542995
8859,1002,34.05933,-118.64614,1.15212702156144
8860,1002,33.829,-117.789,-0.9904441730275484
8861,1002,34.30302,-119.18676,1.2944711701465834
8862,1002,33.664,-117.769,-1.4102967231971553
8863,1002,34.106,-117.098,-1.396051034992576
8864,1002,32.94508,-115.79988,-1.569230877565781
8865,1002,34.52775,-119.97834,0.9154025655964764
8866,1002,34.38203,-117.67822,0.9432354840052708
8870,1002,34.01919,-118.28631,-0.4868061957784751
8871,1002,34.48364,-118.11783,-1.1847637668050852
8872,1002,34.56065,-117.3296,-1.0980220481256526
8873,1002,35.53664,-118.14035,0.3464752704529242
8875,1002,34.00948,-117.95077,0.4002115073824755
8878,1002,32.692,-117.037,0.5529077122426661
8879,1002,33.787,-116.959,0.3926772168329854
8880,1002,33.744,-116.931,1.0595503611367696
8881,1002,33.951,-117.446,-2.6822017065506296
8882,1002,33.854,-117.817,-0.1167125163072428
8883,1002,33.933,-117.896,-0.1119035222854006
8884,1002,33.932,-117.955,-1.3546504609992904
8885,1002,33.927,-117.803,-0.4416762716820401
8886,1002,33.748,-117.844,-0.6587719705933566
8887,1002,33.869,-118.368,0.9804994536139144
8888,1002,33.876,-118.24,0.2762300172934974
8889,1002,33.84,-118.194,0.3398391520401016
8890,1002,33.787,-118.356,0.6149186199248884
8891,1002,33.818,-118.108,0.6764269080748896
8892,1002,33.873,-118.175,0.3430022656380915
8893,1002,33.909,-118.315,0.3693936661559274
8894,1002,34.134,-117.598,0.0608935993301556
8895,1002,34.132,-117.911,0.8542510812392162
8896,1002,34.096,-117.906,0.6101762766590471
8897,1002,34.425,-117.544,0.5284896563961682
8898,1002,34.405,-117.313,0.4523814122070582
8899,1002,34.1,-117.434,-0.8215420826221704
8900,1002,34.154,-118.463,0.6990058991843839
8901,1002,34.143,-118.304,-0.5581514323133301
8902,1002,34.163,-118.5,-0.2212701999520067
8903,1002,34.185,-118.623,1.5319728573254434
8904,1002,34.096,-118.23,-0.3357654724340767
8905,1002,34.041,-118.348,-0.0297697996963814
8906,1002,34.062,-118.315,0.607308800166733
8907,1002,34.037,-118.263,-0.249262499373494
8908,1002,34.077,-118.286,0.7369398170128821
8909,1002,34.03,-118.434,-0.538086973722499
8910,1002,34.172,-118.289,0.9005761136021173
8911,1002,34.1,-118.288,1.174355687810688
8912,1002,34.051,-118.384,0.8143001951336474
8913,1002,34.222,-119.04,1.4932022580039184
8914,1002,34.208,-119.079,1.7106781214373876
8915,1002,34.217,-119.153,0.714436069271337
8916,1002,34.57806,-118.11401,0.7416500334649205
8917,1002,34.6172,-118.285,0.0695480056370477
8918,1002,34.4435,-117.853,-0.2574297361411916
8919,1002,34.393,-117.805,-0.7704084557527446
8920,1002,34.193,-117.427,-0.5725989399585268
8921,1002,34.04856,-116.57816,0.0618672879559997
8924,1002,34.079,-117.045,-0.187041656430182
8925,1002,34.052,-118.451,-0.0276322864345951
8926,1002,34.136,-117.213,-0.6673289745670724
8928,1002,34.10922,-117.78362,1.5171758361084111
8929,1002,34.051,-117.25,-0.2084765701941379
8931,1002,33.896,-118.377,0.6481082163470635
8932,1002,33.572,-116.076,0.5839607038207096
8933,1002,33.92024,-117.32066,-1.790302117030915
8934,1002,34.36,-117.629,0.6224019834879992
8935,1002,33.59967,-117.866,-0.2469361968355052
8936,1002,33.65829,-117.93174,0.4677678907707378
8937,1002,33.82177,-116.96836,-0.6726563475320447
8939,1002,34.165,-117.288,0.3678496252264245
8940,1002,34.103,-117.349,-1.1928962077229976
8942,1002,34.14492,-117.21876,-0.3740658137110224
8943,1002,34.14,-117.294,0.0396882010759965
8945,1002,34.205,-117.365,-0.2093546948762027
8946,1002,34.12288,-117.28792,-0.0688864408644684
8947,1002,34.233,-117.482,-0.2953644306464335
8948,1002,33.83066,-118.32888,-0.3325805344692717
8949,1002,34.812,-118.945,2.291710191815296
8950,1002,34.13065,-118.49205,-0.3954751003733432
8951,1002,34.1851,-118.447,0.4412531018140342
8952,1002,34.3088,-118.448,1.135679964710153
8953,1002,34.193,-118.51,1.2468631764920488
8954,1002,34.2772,-118.56,1.4853608620737928
8955,1002,34.28963,-118.50124,1.2983022743875643
8956,1002,34.24734,-118.60349,1.5683643339951856
8957,1002,33.90386,-118.24532,0.5124461537350626
8959,1002,34.2186,-118.86804,-0.127965396762625
8962,1002,33.91677,-116.38979,-0.6033326243833356
8963,1002,32.87514,-117.22977,-0.4361929646554793
8964,1002,34.24892,-118.4789,0.7792562369711697
8965,1002,34.063,-118.463,0.0178411753659508
8966,1002,33.91175,-117.82041,0.5901872738937433
8967,1002,33.852,-117.451,-0.4540995368050142
8968,1002,34.049,-118.112,0.1411917055346033
8969,1002,33.58282,-117.07169,-1.910418210491428
8970,1002,34.09671,-118.47946,-0.6437096295729992
8971,1003,34.224,-117.331,0.3095852523699716
8972,1003,34.037,-118.178,1.51473992318853
8973,1003,34.077,-118.286,0.9723801150593708
8974,1003,33.3527,-115.733,0.2981714690236768
8975,1003,34.155,-118.641,0.2772337846104057
8976,1003,34.55046,-117.43391,1.417914622631753
8977,1003,34.14647,-118.76699,-0.7879424482658159
8978,1003,34.68708,-118.29946,0.5044013016969614
8979,1003,35.1269,-118.83009,-0.5689543383258735
8980,1003,32.68005,-116.67215,-1.0158857494005291
8981,1003,34.2623,-116.92075,-0.2546635322345399
8982,1003,33.921,-116.981,0.671782055877221
8984,1003,33.57508,-117.26119,0.3611234229838325
8986,1003,34.23883,-117.65853,-1.5015119558168075
8987,1003,34.069,-116.39,-1.6403937029474658
8989,1003,33.268,-116.417,-0.1066416119365245
8990,1003,34.68224,-118.57398,0.5198030755850381
8991,1003,34.13678,-118.12199,0.5802714427803565
8992,1003,33.38822,-117.19495,-1.2966637594609929
8993,1003,35.52495,-117.36453,-0.1473212812583025
8994,1003,34.10521,-117.28264,1.0981003360944963
8997,1003,33.999,-117.68,0.7118084557477107
8998,1003,33.4019,-118.41502,-2.4773263143263
9000,1003,34.093,-117.317,-0.2643414892387737
9001,1003,33.876,-117.561,0.2819134693185196
9002,1003,33.655,-115.99,0.1614093494456062
9003,1003,34.63745,-115.38115,0.0197971840811068
9004,1003,34.25353,-118.33383,0.9666028050339682
9005,1003,33.65,-117.009,-0.4267986932826269
9006,1003,34.10618,-118.45505,0.2482783776839775
9007,1003,33.84822,-118.09624,0.2336092399202017
9008,1003,33.567,-116.631,0.3300159314393191
9009,1003,32.999,-116.942,-0.7200290496214241
9010,1003,32.805,-115.447,0.3485474428428976
9011,1003,32.65915,-116.10061,-1.0149713659863262
9014,1003,33.11675,-115.82267,0.6328038041519662
9015,1003,33.71264,-118.29381,-0.4097045908251749
9016,1003,34.1,-117.439,-0.3979359816490283
9017,1003,33.8717,-117.92251,1.0079968437859372
9018,1003,33.051,-114.827,0.4006076044851497
9019,1003,33.1537,-117.22921,-1.0450487572501708
9020,1003,34.13677,-118.1283,0.5554234546544596
9021,1003,35.30177,-116.80574,-1.3319448678344374
9022,1003,34.8294,-116.335,-0.2943307100904176
9023,1003,34.17643,-118.35967,0.3677162871287952
9024,1003,34.121,-117.219,-0.6105991483889981
9026,1003,35.66278,-118.47403,-0.6917856292640294
9027,1003,34.31076,-118.49675,2.022539557087353
9028,1003,33.0859,-116.5959,-0.6189097789497179
9029,1003,34.31313,-118.49918,2.303665898870401
9030,1003,35.98249,-117.80885,-0.1035433942267741
9031,1003,34.36622,-116.61266,-1.66685460296432
9032,1003,34.15037,-118.10156,0.3049153755617269
9033,1003,33.597,-117.879,-1.0213226903201469
9034,1003,33.7141,-116.7119,-1.077419017249618
9035,1003,33.86889,-118.33143,-0.2338297391003803
9036,1003,33.798,-118.08837,0.7279278668484961
9037,1003,34.00033,-118.37794,0.4226891229986433
9038,1003,35.13066,-115.18416,0.1371556277521371
9039,1003,34.9906,-118.34156,-0.8946592454319598
9040,1003,33.9753,-118.14918,0.0797834778822176
9041,1003,34.10819,-119.06587,-1.5894923368980134
9042,1003,34.80762,-118.86775,0.3504262657100804
9043,1003,33.684,-117.943,-0.1458734113756203
9044,1003,34.93439,-117.69629,0.0165355191755653
9045,1003,33.881,-118.176,0.5298672999534784
9046,1003,34.3656,-117.36683,-0.3564477970959371
9047,1003,33.3516,-116.5615,-0.0074305200379957
9048,1003,35.36165,-118.92282,-1.0005831008678667
9050,1003,33.818,-116.369,-0.0524784092409136
9051,1003,34.005,-117.562,0.6600404729032305
9052,1003,34.28085,-118.9049,1.2869318842545672
9053,1003,36.05799,-117.48901,-0.6985886886438168
9055,1003,33.808,-116.968,1.3292376074259264
9056,1003,34.22362,-118.05832,0.2022835389509582
9059,1003,34.22869,-118.55829,1.0185059020108522
9060,1003,33.556,-115.946,-0.2648851846372981
9061,1003,33.788,-117.844,0.6637755297742658
9062,1003,33.94539,-117.92372,0.5957358596203759
9063,1003,32.608,-116.93,-1.0041737954897805
9064,1003,34.6145,-118.7235,-0.0841144526877091
9065,1003,34.1484,-118.1711,-0.132047240422764
9066,1003,34.44199,-118.58215,0.5848559614039706
9068,1003,34.1207,-117.63808,-0.4139119599099675
9069,1003,33.862,-117.205,-0.0518721174327694
9071,1003,33.354,-116.863,0.5719648065525664
9072,1003,33.7953,-117.60906,1.517958136007585
9073,1003,33.824,-116.55,-3.0885287354624413
9074,1003,34.39558,-118.49837,0.8064050526101731
9075,1003,33.63,-116.8478,0.2594914439143089
9076,1003,34.281,-118.478,0.3604162638568449
9077,1003,34.10473,-117.97956,0.6314000202309307
9078,1003,33.74346,-118.40412,-0.0096987627583662
9079,1003,34.87533,-116.99684,-0.4216719828639435
9080,1003,33.973,-117.327,0.0894667139754734
9081,1003,33.97327,-117.32674,-0.0811146818150344
9082,1003,34.05073,-118.08085,0.2305895405859796
9083,1003,33.99351,-117.37545,-1.2011986760479958
9084,1003,33.183,-115.623,-0.0294004965945956
9085,1003,33.70432,-117.88578,-1.2455295836850933
9089,1003,34.232,-117.235,-1.374440164235884
9090,1003,33.99543,-119.6351,0.6065295171007586
9091,1003,33.553,-117.662,0.6854964896975035
9092,1003,32.784,-117.13805,0.2671263462392565
9095,1003,34.43692,-119.1375,0.2165450071844717
9096,1003,35.8996,-116.27515,-0.2186242268851003
9097,1003,35.89095,-117.28332,-0.9620561593824648
9098,1003,33.834,-116.797,-0.4271339376869437
9100,1003,34.01438,-118.45617,0.2446897868237333
9101,1003,34.27091,-118.74407,0.5245332841020094
9102,1003,34.05933,-118.64614,0.8998010366722012
9104,1003,33.829,-117.789,-0.2648244841710334
9105,1003,34.30302,-119.18676,0.4626069829761756
9106,1003,34.106,-117.098,0.0501490427877637
9107,1003,32.94508,-115.79988,0.1097008863476915
9109,1003,34.38203,-117.67822,0.6215999245756517
9111,1003,33.63495,-116.16402,-0.4489401959164157
9112,1003,34.15607,-118.82039,-0.6219650436608402
9114,1003,34.01919,-118.28631,0.6005451602398464
9115,1003,34.48364,-118.11783,0.1315752572728343
9117,1003,34.56065,-117.3296,-0.6498039265146822
9118,1003,35.53664,-118.14035,-0.3174576763714992
9119,1003,32.75904,-115.73161,0.9077286017517954
9120,1003,34.51085,-119.27407,-0.8316245797052964
9121,1003,34.00948,-117.95077,1.4101207495602224
9122,1003,34.1717,-118.64971,1.5461857420376934
9146,1006,34.397,-118.918,2.192321348501882
9147,1006,34.55046,-117.43391,1.0779298576514151
9148,1006,33.63838,-116.4011,-0.5255138665372514
9149,1006,34.68708,-118.29946,-0.2428182838182596
9150,1006,35.1269,-118.83009,-0.2004137018956356
9151,1006,35.34444,-119.10445,0.3280770027400518
9153,1006,34.2623,-116.92075,0.7787228578098131
9155,1006,33.57508,-117.26119,-0.8613073757709089
9158,1006,34.23883,-117.65853,-2.375247796207619
9160,1006,34.069,-116.39,-1.0079324082789354
9162,1006,33.80776,-117.98116,-0.405972785579779
9163,1006,34.68224,-118.57398,-0.1606322140255754
9164,1006,33.38822,-117.19495,-2.3757108619141865
9165,1006,35.52495,-117.36453,0.5446697849844221
9166,1006,36.5504,-117.80295,2.135764254306535
9168,1006,33.999,-117.68,-0.4798700258725815
9169,1006,33.4019,-118.41502,-1.5136540166684551
9174,1006,36.43988,-118.08016,0.6662912003594358
9176,1006,34.25353,-118.33383,0.2516890740044344
9177,1006,33.93597,-116.57794,0.0889466709822763
9178,1006,33.65,-117.009,-1.8995958361908225
9179,1006,34.10618,-118.45505,-0.5840029414300864
9180,1006,33.84822,-118.09624,-0.2791591995193307
9181,1006,33.567,-116.631,0.2228396317621667
9189,1006,34.72832,-119.98803,-0.5514621802494737
9190,1006,33.71264,-118.29381,0.2363321706174129
9191,1006,36.46719,-116.86322,1.0050233903681984
9193,1006,33.1537,-117.22921,-2.355377838351572
9194,1006,36.99608,-117.36621,0.5291899786844384
9195,1006,34.13677,-118.1283,0.8794247765127227
9196,1006,35.30177,-116.80574,0.2941022555659655
9197,1006,34.8294,-116.335,1.62959056488219
9198,1006,34.17643,-118.35967,-0.435739113655068
9201,1006,35.66278,-118.47403,0.7768910596490062
9203,1006,35.98249,-117.80885,1.4290896925175696
9205,1006,34.36622,-116.61266,0.3240164420514145
9206,1006,33.86889,-118.33143,-0.5029067497316969
9207,1006,34.00033,-118.37794,-0.498373106939846
9208,1006,34.73551,-120.27996,-0.2988893962267337
9210,1006,34.9906,-118.34156,-1.7852778414324082
9211,1006,34.61462,-118.29104,-0.3275281872920248
9212,1006,34.30529,-118.48805,1.0073353236514673
9213,1006,33.9753,-118.14918,-0.4282904911090124
9214,1006,34.10819,-119.06587,0.0158204349911863
9215,1006,34.80762,-118.86775,-0.258300396542564
9216,1006,34.61594,-117.82493,-0.4162621572852056
9217,1006,33.684,-117.943,-0.4841221257621746
9218,1006,34.93439,-117.69629,-0.4925596023937139
9219,1006,35.47954,-117.68212,0.0406711009187409
9220,1006,33.881,-118.176,0.2704658214706937
9221,1006,34.3656,-117.36683,-0.3871912327285594
9222,1006,35.36165,-118.92282,0.3021803716163497
9224,1006,33.818,-116.369,0.8013179664799058
9226,1006,37.63019,-118.83605,3.3498324878902093
9227,1006,34.005,-117.562,-0.850453001066817
9228,1006,34.28085,-118.9049,1.437915587454803
9229,1006,36.05799,-117.48901,1.1390171543838188
9230,1006,34.88848,-119.81362,0.4222469749122837
9231,1006,33.808,-116.968,0.4264098395354346
9233,1006,34.22362,-118.05832,0.2393945846004221
9234,1006,34.78035,-116.55798,0.6360297682649755
9236,1006,34.53412,-120.17737,-0.2489380217927749
9238,1006,33.94539,-117.92372,-0.7233623034388069
9240,1006,34.6145,-118.7235,-0.5092478791629513
9241,1006,34.1484,-118.1711,-0.0469639748844746
9242,1006,34.44199,-118.58215,0.4231638688470105
9244,1006,33.96273,-118.43702,-0.107542727690083
9245,1006,34.1207,-117.63808,-0.4796419822610416
9246,1006,33.862,-117.205,-2.2751833761101445
9248,1006,35.40773,-120.54556,-1.8335633005659069
9249,1006,35.945,-120.542,0.3751376322626038
9250,1006,33.82436,-116.51195,0.8765630482246265
9251,1006,33.354,-116.863,-1.2985900783734865
9252,1006,33.7953,-117.60906,-0.1500060615509326
9254,1006,34.39558,-118.49837,0.0330778554475972
9255,1006,36.30523,-119.24384,0.6584269236758453
9256,1006,33.63,-116.8478,-1.1761744752606187
9257,1006,34.10473,-117.97956,-0.5650744603823075
9258,1006,33.74346,-118.40412,0.5938560122729495
9259,1006,34.87533,-116.99684,2.17935367249382
9260,1006,33.97327,-117.32674,-1.864517847591408
9261,1006,34.05073,-118.08085,-0.4903064685872833
9262,1006,33.99351,-117.37545,-2.3915371077392
9265,1006,36.76403,-121.44722,0.1561097306930762
9266,1006,34.44076,-119.71492,0.9145106992124732
9268,1006,34.232,-117.235,-0.2739973803434608
9269,1006,33.99543,-119.6351,-0.3234105360807258
9270,1006,33.553,-117.662,0.1122695812583293
9271,1006,34.56547,-120.50137,0.104174572521598
9273,1006,34.43692,-119.1375,0.3235954247256021
9274,1006,35.8996,-116.27515,1.856766828459666
9275,1006,35.89095,-117.28332,0.5339510808536905
9276,1006,33.834,-116.797,-0.2493533959623277
9277,1006,35.3142,-119.99581,0.182934002660551
9278,1006,34.01438,-118.45617,0.0393380576619134
9279,1006,34.27091,-118.74407,0.8166824929822266
9280,1006,33.24787,-119.52437,-1.3292715139519855
9281,1006,34.05933,-118.64614,0.2157777458222478
9282,1006,36.1355,-118.81099,0.8751461333964264
9283,1006,33.829,-117.789,-1.1131467775377932
9284,1006,34.30302,-119.18676,0.4078421359504692
9285,1006,33.664,-117.769,-1.323169876438441
9286,1006,33.79033,-118.19878,-0.3179618115375859
9287,1006,34.106,-117.098,-0.5323585034979254
9288,1006,34.52775,-119.97834,0.4797768591708339
9289,1006,34.38203,-117.67822,0.5673400498751658
9291,1006,35.14592,-119.41946,-0.3572236914266166
9292,1006,33.63495,-116.16402,0.2223291619443975
9293,1006,37.05422,-118.23009,2.703730883676964
9294,1006,34.15607,-118.82039,0.3721776765044939
9296,1006,34.01919,-118.28631,-0.7517510098421192
9297,1006,34.48364,-118.11783,-0.3469382122718256
9298,1006,35.84089,-119.08469,1.4699048574812186
9299,1006,34.56065,-117.3296,-0.3564451646870018
9300,1006,35.53664,-118.14035,0.1109472181326786
9304,1006,34.51085,-119.27407,-0.7863994582825026
9305,1006,34.00948,-117.95077,0.9555503421662708
9306,1006,33.94869,-118.25547,-0.1789420806963056
9307,1007,34.224,-117.331,0.2761685908459516
9308,1007,34.037,-118.178,0.8327551492990526
9309,1007,34.07,-118.346,1.275230831421831
9310,1007,34.084,-118.6,-0.5048614395202576
9311,1007,34.1949,-118.354,1.0328461081173548
9312,1007,34.155,-118.641,0.5037091437098329
9313,1007,34.55046,-117.43391,0.4429363042753758
9314,1007,34.14647,-118.76699,0.1098597916144105
9315,1007,34.68708,-118.29946,1.5498324779249308
9316,1007,35.1269,-118.83009,-0.8000896112386928
9317,1007,32.68005,-116.67215,-1.573713682935877
9318,1007,34.2623,-116.92075,1.38596796581589
9319,1007,33.921,-116.981,-0.0866028648476951
9321,1007,33.57508,-117.26119,0.4910259161463159
9323,1007,34.23883,-117.65853,-2.050600947855373
9324,1007,34.069,-116.39,-1.210638991587522
9326,1007,33.268,-116.417,-1.3217150390514207
9327,1007,33.80776,-117.98116,-0.5257283398339119
9328,1007,34.68224,-118.57398,0.8715907834192914
9329,1007,34.13678,-118.12199,0.5915973861158167
9330,1007,33.38822,-117.19495,-1.39606846605768
9331,1007,34.10521,-117.28264,0.0508115685691653
9333,1007,33.999,-117.68,-0.5447679092811992
9334,1007,33.4019,-118.41502,-0.5424915332671123
9335,1007,34.093,-117.317,-0.5205762107411283
9336,1007,33.876,-117.561,0.1344165378504891
9337,1007,33.655,-115.99,0.1659236501877045
9338,1007,34.25353,-118.33383,1.1162043073285997
9339,1007,33.65,-117.009,-0.8787002335933389
9340,1007,34.10618,-118.45505,0.8565338641862241
9341,1007,33.84822,-118.09624,0.0813494336133395
9342,1007,33.567,-116.631,0.3435443023334985
9343,1007,32.999,-116.942,-1.654748353025439
9345,1007,32.65915,-116.10061,-1.222332192645633
9348,1007,33.71264,-118.29381,-0.524228251041854
9349,1007,34.1,-117.439,-0.8721765639969151
9350,1007,33.8717,-117.92251,0.2638387676884621
9351,1007,33.1537,-117.22921,-1.7446354428138784
9352,1007,34.13677,-118.1283,0.4767797654769274
9353,1007,35.30177,-116.80574,-0.3215395623255279
9354,1007,34.8294,-116.335,-0.2995855534615845
9355,1007,34.17643,-118.35967,0.2634083449942765
9356,1007,34.121,-117.219,-1.0537667435307116
9358,1007,35.66278,-118.47403,-0.8127527118986099
9359,1007,34.31076,-118.49675,1.6199134900426846
9360,1007,33.0859,-116.5959,-0.1698977072423773
9361,1007,35.98249,-117.80885,-0.3261780449880334
9362,1007,34.36622,-116.61266,0.1932138927669383
9363,1007,34.15037,-118.10156,1.1040612103569971
9364,1007,33.7141,-116.7119,-1.0298220478284454
9365,1007,34.9906,-118.34156,0.0464886427989228
9366,1007,34.61462,-118.29104,1.5531521477141743
9367,1007,33.9753,-118.14918,-0.4348003015037502
9368,1007,34.10819,-119.06587,-1.2989056711540263
9369,1007,33.684,-117.943,0.4319795559330434
9370,1007,34.93439,-117.69629,0.7138312366177294
9371,1007,35.47954,-117.68212,0.3941164757447747
9372,1007,33.881,-118.176,1.3576028173179364
9373,1007,34.3656,-117.36683,-0.3364335221586789
9374,1007,33.3516,-116.5615,-0.1925342495673904
9376,1007,34.005,-117.562,-0.0374100933980988
9377,1007,36.05799,-117.48901,-0.6852465269016964
9378,1007,33.808,-116.968,0.1496354830732037
9379,1007,34.22362,-118.05832,0.7994715166536418
9380,1007,33.788,-117.844,0.1370402373723536
9381,1007,33.94539,-117.92372,-0.2104311109312307
9382,1007,32.608,-116.93,-1.1672226546315216
9383,1007,34.6145,-118.7235,0.7049531043798725
9384,1007,34.1484,-118.1711,0.4961228713233642
9385,1007,33.96273,-118.43702,0.6408647655289714
9386,1007,34.1207,-117.63808,-0.1890631208397337
9387,1007,33.862,-117.205,-0.6237709088981631
9389,1007,33.354,-116.863,-0.5512259753467951
9390,1007,33.7953,-117.60906,1.480720368933004
9391,1007,34.39558,-118.49837,0.5413242768516083
9392,1007,33.63,-116.8478,-1.1757014456588692
9393,1007,34.281,-118.478,0.3074810436650467
9394,1007,34.10473,-117.97956,0.1153134782666286
9395,1007,33.74346,-118.40412,0.3147711302068848
9396,1007,34.87533,-116.99684,-0.4735028788374985
9397,1007,33.973,-117.327,0.7321184372820825
9398,1007,34.05073,-118.08085,-0.2877933977256829
9399,1007,33.99351,-117.37545,-1.4543796861059213
9400,1007,33.2801,-115.98585,0.1443391782220723
9401,1007,33.70432,-117.88578,-0.2871566465528873
9403,1007,34.232,-117.235,-0.2768997093788389
9404,1007,33.99543,-119.6351,0.926691526729284
9405,1007,33.553,-117.662,0.6593741718240375
9406,1007,32.784,-117.13805,0.2538991744479879
9408,1007,35.89095,-117.28332,0.1503865599260955
9409,1007,33.834,-116.797,-0.0894133232480975
9410,1007,34.01438,-118.45617,0.87354447784215
9411,1007,32.841,-117.248,1.4718087286240376
9412,1007,34.05933,-118.64614,0.439104410087153
9413,1007,33.829,-117.789,-0.442549913491873
9414,1007,34.30302,-119.18676,0.1540246869674881
9415,1007,32.94508,-115.79988,-1.215974957494813
9416,1007,34.38203,-117.67822,0.0670019285096191
9418,1007,33.63495,-116.16402,0.3695998962184251
9419,1007,34.15607,-118.82039,0.0300128417780346
9421,1007,34.01919,-118.28631,0.4535116165586339
9422,1007,34.48364,-118.11783,0.7925344580500473
9423,1007,34.56065,-117.3296,-0.6897212794403218
9424,1007,35.53664,-118.14035,-0.885674804068989
9425,1007,34.00948,-117.95077,0.5154819256596282
9426,1007,34.1717,-118.64971,1.1700939674119537
9427,1007,33.94869,-118.25547,1.1610362953874336
9428,1008,37.95397,-121.86554,0.1609454898661544
9429,1008,37.87622,-122.23558,-0.1337363737867993
9430,1008,37.91881,-122.15176,-0.5756911253056839
9431,1008,37.87352,-122.26099,-1.1102611752846
9432,1008,37.73786,-122.06486,0.8190612731326273
9433,1008,38.03455,-120.38651,-1.1094270004564706
9434,1008,37.81041,-121.80272,1.135710364336738
9435,1008,38.02691,-122.01599,0.8735433496329369
9436,1008,38.34526,-122.4584,-0.4812812397827538
9438,1008,37.6444,-118.89683,0.4007514387451368
9439,1008,37.34164,-121.64257,-0.0526306173373479
9440,1008,38.87874,-122.44277,-0.2761019627968133
9441,1008,39.55451,-121.50036,-1.7133127095268013
9442,1008,40.57988,-122.54113,-1.0081674287112514
9443,1008,39.3281,-120.117,-1.1347600737759829
9444,1008,39.51627,-119.79895,-0.952047810478192
9445,1008,39.185,-119.79,-0.4628182889360483
9446,1008,39.466,-119.773,-0.0581391089334843
9447,1008,39.586,-120.368,1.7655026404122294
9448,1008,39.368,-120.115,0.5443947979460543
20777,1008,38.99349,-123.07234,-1.4991922040597871
20779,1008,37.008,-121.287,0.3609429035127043
20783,1008,37.25898,-121.67311,-0.6866017968790733
20784,1008,37.9889,-122.2156,1.0603108759971789
20785,1008,37.94906,-122.40851,-0.8577092530804494
20786,1008,37.72416,-122.11929,0.4945504225957968
20787,1008,37.80787,-122.3618,1.40653864619262
20788,1008,37.67433,-122.39855,0.4168532706237354
20789,1008,37.16067,-121.89899,0.3764193935854192
20790,1008,37.92144,-122.71806,-0.4223312961734052
20791,1008,38.04962,-122.52331,0.2211645234400029
20792,1008,38.12282,-122.14921,1.3888218203413076
20793,1008,38.20025,-122.4644,0.9305497357315534
20794,1008,38.233,-122.636,-0.946275248659579
20795,1008,37.76021,-122.41524,-0.6116346482921968
20796,1008,37.762,-122.505,0.0990707963436121
20797,1008,37.54187,-122.30471,0.8945699267701068
20798,1008,37.68,-121.739,-0.4258655227155776
20799,1008,37.39415,-122.06041,-0.8117591462312777
20800,1008,37.71737,-121.72701,0.470325756653191
20801,1008,37.67928,-122.48405,1.389784167836009
20802,1008,37.91056,-122.53778,-0.5380655584317737
20803,1008,38.03445,-122.27016,-0.3247940372232841
20804,1008,37.8251,-122.27606,0.7883934509978452
20805,1008,37.7986,-122.2684,0.4037962350868653
20806,1008,37.72416,-122.44841,-1.1798629744657994
20807,1008,37.41395,-121.87085,-0.4529676162671551
20808,1008,37.6806,-121.92098,0.5675211076970338
20809,1008,37.86059,-122.29327,1.5562138849552385
20810,1008,37.85835,-122.25252,-0.4173853264348389
20811,1008,38.29027,-122.46125,0.4435951766607471
20812,1008,37.38332,-121.91088,-0.9535970620726664
20813,1008,37.68873,-121.78351,-0.1539391196020416
20814,1008,37.72688,-122.15092,-0.638356410661737
20815,1008,37.8852,-122.03217,-0.5782879451884206
20816,1008,37.94215,-121.93047,0.5139929232836086
20817,1008,38.01299,-122.13416,1.0473178513679182
20818,1008,37.16346,-121.62645,-0.7859078209813232
20819,1008,37.85727,-122.42266,0.6881579770925387
20820,1008,37.45035,-121.80037,-1.0905322214049435
20821,1008,37.74766,-121.70843,0.5386024246629599
20822,1008,37.7294,-121.83346,0.3701217170079966
20823,1008,37.37289,-121.76887,-0.4507333207881241
20824,1008,37.85884,-121.99264,0.7494052742295848
20825,1008,37.91233,-121.90716,0.3195407521271409
20826,1008,38.76927,-123.01486,-1.395498966881169
20827,1008,37.34305,-122.33976,1.0911775594586932
20828,1008,37.31861,-122.15314,-0.5313670253599975
20829,1008,37.17217,-122.01121,-0.0564341453175187
20830,1008,37.04922,-121.80722,-0.6644665413477339
20831,1008,37.36045,-122.18986,-0.4267228210510248
20832,1008,37.51604,-122.45815,0.5324212620093624
20833,1008,37.21427,-122.17168,-0.1970721942533617
20834,1008,37.20631,-121.97726,-0.0710775824406822
20835,1008,37.15432,-121.73467,-1.2285324927857326
20836,1008,37.63719,-122.47482,-0.0189483234667782
20837,1008,37.2708,-122.21276,0.980737119715622
20839,1008,37.58225,-122.42006,0.6394603125421795
20840,1008,37.40372,-122.17596,-0.1586954175670831
20841,1008,37.28397,-122.05017,-0.793526208557301
20842,1008,37.58644,-122.50217,0.5440680805856896
20853,1008,37.65909,-118.97907,-0.8154050190715005
20854,1008,38.43951,-122.25272,1.8188640910312857
20855,1008,38.26021,-122.55179,0.7962441231316048
20856,1008,38.30988,-122.943,-0.720741412691184
20857,1008,38.33656,-122.81082,1.539516549310259
20858,1008,38.46769,-122.89651,-0.3769982894967564
20859,1008,38.28043,-122.21582,-0.1680609380799486
20860,1008,38.15486,-121.80438,1.845656268194292
20861,1008,38.16488,-122.71296,-0.2363398882635791
20862,1008,38.6694,-122.6332,-0.3502015610142658
20863,1008,38.07601,-122.2585,1.1164501194250027
20864,1008,38.04248,-122.79684,0.4912841947960835
20865,1008,37.99642,-123.01949,-1.51875163846578
20866,1008,38.14361,-122.44969,0.2663086533062067
20867,1008,38.24039,-122.79842,-0.9025858441855944
20868,1008,38.38921,-122.66297,0.434972035720075
9476,1011,33.787,-118.356,0.7047986810089759
9477,1011,34.077,-118.286,-0.1669413398619564
9478,1011,33.943,-118.411,-1.3430626236615222
9479,1011,34.07618,-118.3959,-0.7069746231882011
9480,1011,33.4019,-118.41502,-0.919204962097324
9481,1011,32.8889,-117.1051,0.2785201521524629
9482,1011,33.876,-117.561,-0.7841764065454369
9483,1011,34.10618,-118.45505,-1.5667085488587602
9484,1011,33.84822,-118.09624,1.0560968902134422
9485,1011,32.999,-116.942,-0.1713796555058364
9487,1011,33.71264,-118.29381,-0.0446562681400881
9488,1011,33.1537,-117.22921,0.0385257562722564
9489,1011,33.0262,-116.9596,-4.367115213479178
9490,1011,33.081,-116.598,0.1278539785893864
9491,1011,33.597,-117.879,-0.0977252909806433
9492,1011,33.86889,-118.33143,0.1264729767433997
9493,1011,34.00033,-118.37794,-0.6605151374007094
9494,1011,33.9753,-118.14918,1.0407422134015507
9495,1011,34.93439,-117.69629,0.4133013931753806
9496,1011,33.881,-118.176,-0.126793550735327
9497,1011,34.005,-117.562,-0.1313687044262548
9498,1011,33.6,-117.195,1.0443224586313111
9499,1011,33.96273,-118.43702,-1.05020206958224
9500,1011,33.63,-116.8478,-0.6737937840629807
9501,1011,33.74346,-118.40412,0.9493481807090904
9502,1011,33.99351,-117.37545,-1.1366768984359734
9503,1011,33.70432,-117.88578,-0.2082227075059844
9504,1011,33.79033,-118.19878,0.4717104735982653
9505,1011,33.94869,-118.25547,-0.4677549500357343
9506,1011,33.482,-116.911,-0.4213719669989745
9507,1011,33.787,-116.959,1.926553205574657
9508,1011,33.744,-116.931,2.3833591926245457
9509,1011,33.84,-117.957,1.320027593822091
9510,1011,33.768,-117.85,0.4671995974734941
9511,1011,33.485,-117.669,2.438784462279645
9512,1011,33.968,-117.252,0.5664226923698097
9513,1011,33.699,-117.267,-0.522261528402866
9514,1011,33.604,-117.279,1.4184882619106745
9515,1011,33.884,-117.514,-1.4554656485038375
9516,1011,33.951,-117.446,-1.1572223054925497
9517,1011,33.634,-117.902,1.0185255311818926
9518,1011,33.496,-117.149,1.9659453833558205
9519,1011,33.989,-117.89,0.3297026373186595
9520,1011,33.662,-117.997,-0.3140837807879087
9521,1011,33.933,-117.896,0.9745253727134434
9522,1011,33.604,-117.906,0.5234731835820718
9523,1011,33.605,-117.89,1.299478318447137
9524,1011,33.889,-117.886,0.7348798123232408
9525,1011,33.866,-117.958,0.6503868882092061
9526,1011,33.91,-117.93,0.677571054154835
9527,1011,33.932,-117.955,0.0392848643121403
9528,1011,33.853,-117.857,0.6920843896393734
9529,1011,33.766,-117.918,1.1324295749734337
9530,1011,33.757,-117.956,-0.0754078445313696
9531,1011,33.791,-117.968,0.719107434780358
9532,1011,33.676,-117.963,1.3824946490314645
9533,1011,33.748,-117.844,0.6785942421427368
9534,1011,33.742,-117.894,0.7580180787607599
9535,1011,33.7,-117.88,0.030686882382171
9536,1011,33.785,-117.89,0.9433008062842764
9537,1011,33.789,-117.922,1.3915181886658812
9538,1011,33.951,-117.388,-0.0226801526003412
9539,1011,33.979,-117.344,0.6768477137742913
9540,1011,33.895,-117.32,-0.532613050121905
9541,1011,33.904,-117.561,-2.677340288128278
9542,1011,33.975,-117.486,-0.9649836709606175
9543,1011,33.902,-117.234,-0.7539112423091956
9544,1011,33.649,-117.205,-0.2063280435395894
9545,1011,33.802,-118.215,0.5976617668558268
9546,1011,33.785,-118.173,0.7571976141530642
9547,1011,33.747,-118.26,0.8962969164251783
9548,1011,33.759,-118.131,0.4911182157597074
9549,1011,33.727,-118.001,0.8833859498918208
9550,1011,33.723,-118.026,0.8846317726995798
9551,1011,33.99,-118.312,-1.027429381882674
9552,1011,33.889,-118.047,-0.2446462661315613
9553,1011,33.929,-118.058,-0.573427402926916
9554,1011,33.962,-118.065,-0.2070600019341298
9555,1011,33.993,-118.396,-1.0494399889917403
9556,1011,33.797,-118.338,1.2909223965536765
9557,1011,33.991,-118.121,0.2883940456876215
9558,1011,33.976,-118.354,0.173493682622283
9559,1011,33.834,-118.356,-0.1126745934771947
9560,1011,33.898,-118.209,0.2086635440154662
9561,1011,33.876,-118.24,0.3986183445325685
9562,1011,33.999,-118.178,1.359644725355882
9563,1011,33.819,-118.159,1.7586086102829908
9564,1011,33.722,-118.309,0.6735026050116679
9565,1011,33.931,-118.214,-0.8656104409579782
9566,1011,33.948,-118.184,1.804135153974064
9567,1011,33.888,-118.409,0.715331886520075
9568,1011,33.924,-118.167,1.3662137774025738
9569,1011,33.837,-118.072,0.5074821669429566
9570,1011,33.929,-118.26,0.1629513439303523
9571,1011,33.746,-118.396,0.495000952646894
9572,1011,33.952,-118.335,0.4717553888493807
9573,1011,33.768,-118.196,0.0340711950854952
9574,1011,33.962,-118.378,-0.3870734396732593
9575,1011,33.92,-118.24,0.0281985544630491
9576,1011,33.993,-118.342,0.1854585291268731
9577,1011,33.968,-118.29,-0.9155842662058888
9578,1011,33.945,-118.38,-0.9024218210837176
9579,1011,33.868,-118.289,0.2763442689240889
9580,1011,33.976,-118.208,1.112969435659703
9581,1011,33.92,-118.126,0.5647250959150376
9582,1011,33.883,-118.117,0.6270223089707778
9583,1011,33.846,-118.107,1.5037886644343867
9584,1011,33.781,-118.261,0.1744972502877257
9585,1011,33.946,-118.0,0.3767748080012904
9586,1011,33.969,-118.149,1.3176841363427303
9587,1011,33.79,-118.296,-0.0655441144731174
9588,1011,33.811,-118.276,0.0946977748383696
9589,1011,33.827,-118.216,0.9708012776734564
9590,1011,33.806,-118.163,0.9621493204801436
9591,1011,33.818,-118.108,-0.1435774448727596
9592,1011,33.798,-118.137,0.2497460524801797
9593,1011,33.763,-118.168,0.1148370119923659
9594,1011,33.873,-118.175,-0.4188768303526574
9595,1011,33.834,-118.161,1.6645060594851946
9596,1011,33.991,-118.459,-1.71565129513822
9597,1011,34.033,-117.312,0.9794561671082191
9598,1011,34.125,-117.454,-0.1468515655044633
9599,1011,34.123,-117.54,0.0402821668215594
9600,1011,34.065,-117.292,1.0691738845878735
9601,1011,34.021,-117.866,-0.3844036610928315
9602,1011,34.148,-118.371,-2.074637728556086
9603,1011,34.194,-118.589,-1.613168943636775
9604,1011,34.045,-118.522,-1.02184646547102
9605,1011,34.025,-118.231,0.1162933191030447
9606,1011,34.004,-118.287,-1.636826375948023
9607,1011,34.031,-118.208,0.5510811306362225
9608,1011,34.029,-118.483,-1.512352679826544
9609,1011,34.009,-118.361,-1.135583693094437
9610,1011,34.055,-118.251,-0.8431947378790815
9611,1011,34.059,-118.246,-0.7900638817464182
9612,1011,34.043,-118.271,-1.3546570669151936
9613,1011,34.154,-118.463,-1.5641002528844188
9614,1011,34.219,-118.627,-0.2814675908567096
9615,1011,34.222,-118.57,-1.0268925629446497
9616,1011,34.103,-118.316,-0.3049925126751717
9617,1011,34.084,-118.307,-1.162684331011782
9618,1011,34.041,-118.348,-1.007846441222129
9619,1011,34.06,-118.448,-0.8386038302572961
9620,1011,34.037,-118.263,-1.2665921476578696
9621,1011,34.058,-118.252,-1.0032107782274975
9622,1011,34.002,-118.077,-0.5626524784384505
9623,1011,34.032,-118.019,0.0249998130057035
9624,1011,34.07,-118.346,-0.956295847194411
9625,1011,34.024,-118.284,-2.3230505845460425
9626,1011,34.03,-118.434,-1.7540722470343442
9627,1011,34.018,-118.147,0.6130538544474572
9628,1011,34.041,-118.248,-0.913097188782192
9629,1011,34.044,-118.443,-1.7986833172135632
9630,1011,34.021,-118.325,-0.9285332441257588
9631,1011,34.013,-118.257,-0.4716237774498262
9632,1011,34.193,-117.427,-0.5871658829050299
9633,1011,34.00469,-117.22393,-0.3858734838982017
9634,1011,33.51237,-116.80035,-0.1232957027257398
9635,1011,33.896,-118.377,0.5258785212750173
9636,1011,34.165,-117.288,1.736552720433993
9637,1011,34.047,-117.277,0.6686845698603234
9639,1011,34.103,-117.349,0.4913689086251187
9640,1011,34.14492,-117.21876,1.25051927335967
9642,1011,34.058,-117.305,0.7095010901941025
9643,1011,34.205,-117.365,-0.2509114729174901
9645,1011,33.83066,-118.32888,-0.1048579594972795
9647,1011,34.193,-118.51,-1.9261852079935209
9649,1011,34.24734,-118.60349,-1.8725581915642373
9650,1011,33.90386,-118.24532,0.6979101160494525
9651,1012,34.07,-118.346,-0.3298331895875578
9652,1012,34.155,-118.641,-0.6204034460905664
9653,1012,35.06131,-119.02794,-1.1460775422280247
9654,1012,34.55046,-117.43391,1.011608856321908
9655,1012,34.14647,-118.76699,-0.370345411497029
9656,1012,34.68708,-118.29946,0.1466590302847595
9657,1012,35.1269,-118.83009,-0.3766623131026683
9658,1012,35.34444,-119.10445,0.854378185910697
9660,1012,34.2623,-116.92075,1.263050529236852
9661,1012,33.921,-116.981,0.26522735188138
9665,1012,34.23883,-117.65853,-0.984957890501087
9667,1012,34.069,-116.39,-0.5915366656820374
9670,1012,33.80776,-117.98116,0.6874222540461705
9672,1012,34.68224,-118.57398,0.5711813026888651
9673,1012,33.4915,-116.667,-2.43270846865813
9674,1012,34.13678,-118.12199,1.0385095611970545
9675,1012,33.38822,-117.19495,-1.3881410711939912
9676,1012,35.52495,-117.36453,-0.4640337624364498
9677,1012,36.5504,-117.80295,0.2377322716844506
9679,1012,33.999,-117.68,0.8396348428083498
9680,1012,33.4019,-118.41502,-0.7763164215674216
9682,1012,34.093,-117.317,1.001091494508218
9686,1012,36.43988,-118.08016,-1.1848550026058784
9688,1012,34.25353,-118.33383,-0.1715637743203007
9689,1012,33.93597,-116.57794,0.3782163631519633
9690,1012,33.65,-117.009,-0.1528111518350563
9691,1012,34.10618,-118.45505,0.0624200204521323
9692,1012,33.84822,-118.09624,0.5657415879950622
9693,1012,33.567,-116.631,1.7453401941118825
9694,1012,32.999,-116.942,-1.965801379573887
9701,1012,34.72832,-119.98803,-0.9166021537912138
9702,1012,33.71264,-118.29381,0.9661489667854898
9703,1012,36.46719,-116.86322,0.4894326168485785
9705,1012,33.1537,-117.22921,-1.942033979344654
9706,1012,36.99608,-117.36621,-0.6275738239718178
9707,1012,34.13677,-118.1283,1.2296857346083483
9708,1012,35.30177,-116.80574,-0.3066934305960264
9709,1012,34.8294,-116.335,0.4127185556854903
9712,1012,35.66278,-118.47403,-1.618535980819778
9713,1012,34.31076,-118.49675,0.2554695315667509
9716,1012,35.98249,-117.80885,0.5093661500731133
9718,1012,34.36622,-116.61266,-0.0953946498099904
9719,1012,34.15037,-118.10156,1.2200685273693854
9720,1012,33.86889,-118.33143,0.4944928644748186
9721,1012,34.00033,-118.37794,-0.1023714561646284
9722,1012,34.73551,-120.27996,-0.5920716622995407
9724,1012,34.9906,-118.34156,-1.761496470212777
9725,1012,34.61462,-118.29104,0.0911906672021561
9726,1012,34.30529,-118.48805,0.0095156994045662
9727,1012,33.9753,-118.14918,-0.1340389531376409
9728,1012,34.10819,-119.06587,-1.313684233691526
9729,1012,34.80762,-118.86775,-0.2382297344731208
9730,1012,33.684,-117.943,0.3160277568520139
9731,1012,35.47954,-117.68212,-1.7703910381120032
9732,1012,33.881,-118.176,1.8304364345722943
9733,1012,34.3656,-117.36683,0.1557987269112095
9734,1012,33.3516,-116.5615,0.9262422671274289
9735,1012,35.36165,-118.92282,0.2120419444976518
9737,1012,33.818,-116.369,1.0658198603478617
9739,1012,34.13688,-118.12601,3.4475568192943693
9740,1012,37.63019,-118.83605,2.300045022863592
9741,1012,34.005,-117.562,0.1879683668929169
9742,1012,34.28085,-118.9049,1.2648685519095746
9743,1012,36.05799,-117.48901,0.6179443542045491
9744,1012,34.88848,-119.81362,-0.1208626145074867
9745,1012,33.808,-116.968,1.176681985200825
9747,1012,34.22362,-118.05832,1.0344081668469765
9748,1012,34.78035,-116.55798,0.0246965008388928
9749,1012,34.53412,-120.17737,0.0947049586551637
9750,1012,34.22869,-118.55829,1.303686250974913
9751,1012,33.788,-117.844,0.6236435411376252
9752,1012,33.94539,-117.92372,0.93861092197352
9754,1012,34.6145,-118.7235,0.0136075615845234
9755,1012,34.1484,-118.1711,-0.128895022950479
9756,1012,34.44199,-118.58215,0.278766670141852
9758,1012,33.96273,-118.43702,0.3136485745429885
9759,1012,34.1207,-117.63808,0.095393099463283
9760,1012,33.862,-117.205,-1.0927563577354986
9762,1012,35.40773,-120.54556,-1.876111767914553
9763,1012,35.945,-120.542,-0.5349505869473453
9764,1012,33.354,-116.863,-0.6328072169436442
9765,1012,33.7953,-117.60906,1.3993196930015537
9766,1012,33.824,-116.55,-1.6219302225542078
9767,1012,34.39558,-118.49837,-0.2800746277710204
9768,1012,36.30523,-119.24384,-0.812703366244537
9769,1012,33.63,-116.8478,-0.5341609389960913
9770,1012,34.281,-118.478,-0.4113902174625012
9771,1012,34.10473,-117.97956,0.849579903750167
9772,1012,33.74346,-118.40412,2.149351996855239
9773,1012,34.87533,-116.99684,0.3764477426446988
9774,1012,33.97327,-117.32674,-0.1912960223934903
9775,1012,34.05073,-118.08085,0.396262095748742
9776,1012,33.99351,-117.37545,-1.406224690518487
9779,1012,36.76403,-121.44722,-1.1741671083722454
9781,1012,34.44076,-119.71492,-0.2386833918470761
9783,1012,34.232,-117.235,-0.284130370251478
9784,1012,32.915,-118.4879,-0.2216680664307438
9785,1012,33.99543,-119.6351,0.2953873710735705
9786,1012,33.553,-117.662,0.7321253112901499
9788,1012,34.56547,-120.50137,0.5308204127289523
9790,1012,34.43692,-119.1375,-1.037397619452184
9791,1012,35.8996,-116.27515,0.2500126654787346
9792,1012,34.293,-119.1646,0.3376517290460973
9793,1012,35.89095,-117.28332,-0.3664919188073847
9794,1012,33.834,-116.797,-0.4930708261079238
9795,1012,35.3142,-119.99581,-0.9443723045249168
9796,1012,34.27091,-118.74407,0.0664243792741471
9797,1012,34.05933,-118.64614,0.8796244362258161
9798,1012,36.1355,-118.81099,-1.390418062981572
9799,1012,33.829,-117.789,-0.1794804498196897
9800,1012,34.30302,-119.18676,0.2737483219209466
9801,1012,33.664,-117.769,-0.5409949331803809
9802,1012,34.106,-117.098,-0.3874430546328205
9804,1012,34.52775,-119.97834,0.1046138041063936
9805,1012,34.38203,-117.67822,0.8963703762527246
9807,1012,35.14592,-119.41946,-0.7879376639964719
9808,1012,37.05422,-118.23009,0.9357929371447676
9809,1012,34.15607,-118.82039,-0.6535037035027763
9811,1012,34.01919,-118.28631,-0.2581312027914277
9812,1012,34.48364,-118.11783,-0.7873297398104975
9813,1012,35.84089,-119.08469,-0.6484919678478112
9814,1012,34.56065,-117.3296,-0.83230675340123
9815,1012,35.53664,-118.14035,0.1110800634565079
9819,1012,34.51085,-119.27407,-1.2050222084486704
9820,1012,34.00948,-117.95077,1.9514194241433105
9821,1012,34.1717,-118.64971,0.4769943394557788
9822,1013,35.1269,-118.83009,-0.0463652565653326
9823,1013,38.03455,-120.38651,-0.3363159897964963
9824,1013,36.3887,-121.5514,-0.0064764902911615
9826,1013,35.66278,-118.47403,-1.0196384871147324
9828,1013,37.6444,-118.89683,2.4178299240992045
9829,1013,37.34164,-121.64257,-0.3142582269697216
9830,1013,37.65909,-118.97907,0.9854904776191502
9831,1013,37.008,-121.287,1.6272013195590929
9832,1013,35.40773,-120.54556,-1.4870919720286793
9833,1013,36.0688,-120.59618,2.076934016729639
9834,1013,37.05422,-118.23009,-0.8714779411752791
9835,1013,37.67016,-119.80533,-0.4022427260543349
9836,1013,37.56957,-118.75278,-0.5956842108918575
9837,1013,37.614,-118.831,1.531429211811668
9838,1013,37.662,-118.398,-0.5405126387055567
9839,1013,37.588,-118.703,-0.6112525397944882
9840,1013,37.861,-119.103,0.0598623894289034
9841,1013,37.783,-119.075,1.0157177146351752
21201,1013,37.91881,-122.15176,-1.561250392003273
21209,1013,35.945,-120.542,1.036385206316374
21210,1013,35.63597,-120.86984,0.4349920350929765
21211,1013,36.76403,-121.44722,0.1818271361943614
21212,1013,37.28744,-121.86422,-0.5280964920812579
21214,1013,37.81647,-122.06302,0.6499453006870091
21215,1013,37.25898,-121.67311,0.2525894867448455
21216,1013,37.72416,-122.11929,0.1025133017420363
21217,1013,37.16067,-121.89899,0.9577549797678808
21218,1013,37.30249,-121.97978,-0.4708048474441479
21219,1013,37.68,-121.739,-0.611239322412185
21220,1013,37.376,-121.84367,-0.4681124996931345
21221,1013,37.27117,-121.98617,-0.8940638893569948
21225,1013,37.37418,-122.0781,-1.1730332198555298
21230,1013,37.16346,-121.62645,-0.2503963435826836
21232,1013,37.45035,-121.80037,-0.9110488337933468
21233,1013,37.74766,-121.70843,-0.1712353226087972
21234,1013,37.7294,-121.83346,0.3609334129400038
21235,1013,37.37289,-121.76887,-0.854871091754389
21236,1013,37.73786,-122.06486,0.4315679866283703
21237,1013,37.81041,-121.80272,0.3851114383776438
21238,1013,37.9889,-122.2156,0.5304669968346292
21239,1013,37.85884,-121.99264,0.839859213396255
21240,1013,37.91233,-121.90716,-0.2407700381358792
21247,1013,37.0254,-121.4845,1.4495238066867016
21250,1013,37.31861,-122.15314,-0.6509684427697642
21251,1013,37.17217,-122.01121,0.0688354070260799
21252,1013,37.04922,-121.80722,0.03560828945391
21253,1013,36.92745,-121.82764,0.5129814729039038
21254,1013,37.36045,-122.18986,-1.2312146399522113
21255,1013,37.21427,-122.17168,-0.1866140321977713
21256,1013,37.20631,-121.97726,0.0605554921456236
21257,1013,37.15432,-121.73467,-0.0438549289290655
21258,1013,37.2708,-122.21276,0.7960295547084892
21261,1013,37.40372,-122.17596,-0.917324465605913
21277,1013,38.15486,-121.80438,1.2059414442635512
21280,1013,35.73065,-120.24986,-0.5547832661202853
21281,1013,39.7065,-119.3842,-2.9546901639831384
21282,1013,35.86661,-120.4796,1.1240059731008591
21284,1013,36.2159,-120.80126,1.2936428114143796
21287,1013,35.45883,-120.88167,0.2094356841820516
9842,1014,34.224,-117.331,0.8018687178098683
9843,1014,34.07,-118.346,0.3375161452511838
9844,1014,34.5214,-117.991,0.0168868849296019
9845,1014,34.397,-118.918,1.4142241883050175
9846,1014,34.07618,-118.3959,0.4032358681604887
9847,1014,34.3968,-119.299,-1.1325910893263895
9848,1014,34.155,-118.641,-0.5198359731547995
9849,1014,34.55046,-117.43391,1.313524388272466
9850,1014,33.63838,-116.4011,0.0874284855659729
9851,1014,34.14647,-118.76699,-0.2497272417102731
9852,1014,34.68708,-118.29946,0.3022165785512414
9853,1014,35.1269,-118.83009,-0.5843058937754425
9854,1014,35.34444,-119.10445,0.9508845753520024
9856,1014,34.2623,-116.92075,1.1020091131473426
9857,1014,33.921,-116.981,1.104000973783973
9859,1014,33.57508,-117.26119,-0.8199829033247251
9862,1014,34.23883,-117.65853,-0.099802509219348
9864,1014,34.069,-116.39,-0.0766079959874253
9866,1014,33.80776,-117.98116,0.6241268316825448
9868,1014,34.68224,-118.57398,0.3635794903781926
9869,1014,34.13678,-118.12199,0.6261278940746265
9870,1014,33.38822,-117.19495,-1.4141506267344353
9871,1014,35.52495,-117.36453,0.3290365067709014
9872,1014,36.5504,-117.80295,0.070442843409181
9874,1014,33.999,-117.68,0.9032905475628032
9875,1014,33.4019,-118.41502,-0.6623509726588522
9877,1014,34.093,-117.317,0.9059165978527144
9880,1014,36.43988,-118.08016,-1.134924861624642
9882,1014,34.25353,-118.33383,-0.7011156637700496
9883,1014,33.93597,-116.57794,-0.1039449808610796
9884,1014,33.65,-117.009,-0.9026280886861135
9885,1014,34.10618,-118.45505,0.6062339038500367
9886,1014,33.84822,-118.09624,1.0861231978536257
9887,1014,33.567,-116.631,1.3590900607417744
9894,1014,34.72832,-119.98803,-3.166898193903878
9895,1014,33.71264,-118.29381,1.3011412058613203
9896,1014,36.46719,-116.86322,0.2182328647595476
9898,1014,33.1537,-117.22921,-1.6814100468681556
9899,1014,36.99608,-117.36621,-1.329901133207007
9900,1014,34.13677,-118.1283,0.3813997981101664
9901,1014,35.30177,-116.80574,-0.6238081095288129
9902,1014,34.8294,-116.335,1.2053986031500885
9903,1014,34.17643,-118.35967,-0.214924130467782
9906,1014,35.66278,-118.47403,-1.759905984475383
9907,1014,34.31076,-118.49675,0.4248183704335796
9909,1014,34.31313,-118.49918,0.826606578363427
9910,1014,35.98249,-117.80885,0.6945584015194354
9912,1014,34.36622,-116.61266,0.3235613668221687
9913,1014,34.15037,-118.10156,0.6407179594403205
9914,1014,33.7141,-116.7119,-0.5705192254938953
9915,1014,33.86889,-118.33143,0.5651980166441808
9916,1014,34.00033,-118.37794,0.2357179839396627
9917,1014,34.73551,-120.27996,-1.3363497970310685
9919,1014,34.9906,-118.34156,-1.9165417025946263
9920,1014,34.61462,-118.29104,1.0052416907079869
9921,1014,34.30529,-118.48805,0.6347185706444732
9922,1014,33.9753,-118.14918,-0.0726589565137562
9923,1014,34.10819,-119.06587,-1.7524249335475968
9924,1014,34.80762,-118.86775,0.2692246713643421
9925,1014,33.684,-117.943,0.2559107976466693
9926,1014,34.93439,-117.69629,-0.214852978667083
9927,1014,35.47954,-117.68212,-1.4297306399065648
9928,1014,33.881,-118.176,1.819791740567865
9929,1014,34.3656,-117.36683,0.331952171134979
9931,1014,35.36165,-118.92282,0.2306579605637666
9933,1014,33.818,-116.369,1.3741722106317789
9934,1014,34.13688,-118.12601,4.032516961012102
9935,1014,37.63019,-118.83605,1.5640824541577174
9936,1014,34.005,-117.562,-0.2820788530856004
9937,1014,34.28085,-118.9049,1.847278843394507
9938,1014,36.05799,-117.48901,-0.0291458199185601
9939,1014,34.88848,-119.81362,-1.8868278898883009
9940,1014,33.808,-116.968,1.617365763505107
9941,1014,34.22362,-118.05832,0.4095612432731998
9942,1014,34.53412,-120.17737,-1.0011559361717663
9943,1014,34.22869,-118.55829,1.380500298054006
9944,1014,33.94539,-117.92372,0.5040211735284231
9946,1014,34.6145,-118.7235,-0.3590631040669445
9947,1014,34.1484,-118.1711,-0.6001799624630666
9948,1014,34.44199,-118.58215,0.1971161560494125
9949,1014,33.96273,-118.43702,0.5139756138832496
9950,1014,34.1207,-117.63808,0.5571290135538983
9951,1014,33.862,-117.205,-0.9475000807195022
9953,1014,35.40773,-120.54556,-2.883079293565965
9954,1014,35.945,-120.542,-1.3193130984215546
9955,1014,33.354,-116.863,-1.0433498424413792
9956,1014,33.7953,-117.60906,0.6469105283156767
9957,1014,34.39558,-118.49837,-0.1951312172965688
9958,1014,36.30523,-119.24384,-1.3608689941340697
9959,1014,33.63,-116.8478,-0.6668188338120002
9960,1014,34.10473,-117.97956,1.1280105081071248
9961,1014,33.74346,-118.40412,2.310026319472129
9962,1014,34.87533,-116.99684,1.1412026763985754
9963,1014,33.97327,-117.32674,-0.6359695994405161
9964,1014,33.99351,-117.37545,-1.447950081169388
9966,1014,33.70432,-117.88578,-0.324783335577886
9967,1014,36.76403,-121.44722,-2.398122643160608
9969,1014,34.44076,-119.71492,-1.7369963191969946
9971,1014,34.232,-117.235,1.0288236781805478
9972,1014,32.915,-118.4879,-1.0953352595902717
9973,1014,33.99543,-119.6351,-0.5527827461791375
9974,1014,33.553,-117.662,0.0467445258533805
9976,1014,34.56547,-120.50137,-0.2371064074192464
9978,1014,34.43692,-119.1375,-0.629049744982498
9979,1014,35.8996,-116.27515,0.4457992379574756
9980,1014,34.293,-119.1646,0.2354990470046953
9981,1014,35.89095,-117.28332,-0.3379312075360776
9982,1014,33.834,-116.797,0.1867336345445249
9983,1014,35.3142,-119.99581,-1.2902935343591946
9984,1014,34.01438,-118.45617,0.8113802086599646
9985,1014,34.27091,-118.74407,1.007731785162883
9986,1014,33.24787,-119.52437,-1.79119548981013
9987,1014,32.841,-117.248,-0.004622939959519
9988,1014,34.05933,-118.64614,0.960900198365777
9989,1014,36.1355,-118.81099,-1.7392850300293188
9990,1014,33.829,-117.789,-0.148100748657096
9991,1014,34.30302,-119.18676,0.1004019123149668
9992,1014,33.664,-117.769,-0.6601793460220405
9993,1014,34.106,-117.098,0.366575308539979
9995,1014,34.52775,-119.97834,-0.6575098420256992
9996,1014,34.38203,-117.67822,1.7168176177608443
9998,1014,35.14592,-119.41946,-1.574298316370604
10000,1014,37.05422,-118.23009,0.8749202864986407
10001,1014,34.15607,-118.82039,-0.1273668654063693
10003,1014,34.01919,-118.28631,-0.2985202217073567
10004,1014,34.48364,-118.11783,-0.1149978897567935
10005,1014,35.84089,-119.08469,-0.9362466736645332
10006,1014,34.56065,-117.3296,0.0899956852214065
10010,1014,34.51085,-119.27407,-1.0459821495171784
10011,1014,34.00948,-117.95077,2.135999908910679
10012,1014,34.1717,-118.64971,0.2689231597393287
10013,1014,33.94869,-118.25547,0.3691781666126936
10014,1014,34.674,-118.43,1.2884144455642292
10015,1014,34.749,-119.131,0.8889227671795222
10016,1014,35.225,-118.565,-1.1588424874760967
10017,1014,35.355,-119.054,0.2580806259555755
10018,1014,34.6172,-118.285,1.821441981239364
10019,1014,34.812,-118.945,0.9128211427180288
10020,1014,35.06131,-119.02794,-0.0124896393805674
10021,1015,34.55046,-117.43391,1.4106018883439944
10022,1015,33.63838,-116.4011,-0.6106538448992365
10023,1015,34.14647,-118.76699,0.6268621620250512
10024,1015,34.68708,-118.29946,0.2455168183145351
10025,1015,35.34444,-119.10445,0.7501965746700625
10026,1015,32.68005,-116.67215,-1.8114595146277253
10027,1015,33.921,-116.981,0.4644852026495239
10028,1015,33.57508,-117.26119,-0.7167880584162335
10030,1015,34.23883,-117.65853,-1.0002335677332828
10031,1015,34.069,-116.39,0.0685546478101787
10032,1015,33.268,-116.417,-0.5762338365386359
10034,1015,34.68224,-118.57398,0.0410676479680994
10035,1015,34.07618,-118.3959,0.7190923327091614
10036,1015,33.4915,-116.667,-2.8446603346260795
10037,1015,33.38822,-117.19495,-1.399165054681658
10038,1015,35.52495,-117.36453,0.9851988730207089
10040,1015,33.999,-117.68,-1.0911227343509504
10041,1015,33.4019,-118.41502,-1.096914127854784
10043,1015,34.093,-117.317,0.570668994677307
10044,1015,34.0602,-117.809,0.8188886452268284
10045,1015,33.655,-115.99,0.4971851154368537
10046,1015,36.43988,-118.08016,-0.0484599254244926
10048,1015,34.25353,-118.33383,-0.4269863526243706
10049,1015,33.65,-117.009,-0.8934534153259933
10050,1015,34.10618,-118.45505,0.213347023684226
10051,1015,33.84822,-118.09624,-0.3873641306519473
10052,1015,33.567,-116.631,1.4467471446942937
10053,1015,32.999,-116.942,-2.127782228312168
10056,1015,34.88303,-117.99106,-0.8313146446557471
10058,1015,33.11675,-115.82267,-0.2650657587362763
10059,1015,34.72832,-119.98803,-0.0186614910522441
10060,1015,34.397,-118.918,1.0154166297532357
10061,1015,33.71264,-118.29381,0.1666198734107519
10062,1015,33.8717,-117.92251,-0.3961229354656185
10063,1015,36.46719,-116.86322,0.496962966913033
10065,1015,33.1537,-117.22921,-2.242853869659009
10067,1015,34.13677,-118.1283,0.0636635424313366
10068,1015,35.30177,-116.80574,0.2986877030576168
10069,1015,34.8294,-116.335,1.895205224354316
10070,1015,34.17643,-118.35967,-0.0556826827548318
10071,1015,35.66278,-118.47403,-1.137742748734549
10072,1015,33.0859,-116.5959,-1.366723447987093
10073,1015,35.9823,-117.8076,0.8904212416799713
10074,1015,34.36622,-116.61266,0.1210534598932192
10075,1015,34.15037,-118.10156,0.3869738124733243
10076,1015,33.7141,-116.7119,-1.522212354599102
10077,1015,33.86889,-118.33143,0.3153339176455855
10078,1015,33.943,-118.411,1.11354969467147
10079,1015,34.00033,-118.37794,0.3285899795836193
10080,1015,34.73551,-120.27996,0.0613189365327317
10082,1015,34.9906,-118.34156,-0.320493982568948
10083,1015,34.61462,-118.29104,-1.0163478108075972
10084,1015,34.30529,-118.48805,0.5979395250665451
10085,1015,33.9753,-118.14918,-1.0047433535055714
10086,1015,34.10819,-119.06587,0.2751776787910107
10087,1015,34.61594,-117.82493,-0.7570377419369294
10088,1015,33.684,-117.943,-0.2068350612644003
10089,1015,35.47954,-117.68212,-1.3649875128252889
10090,1015,33.881,-118.176,0.1247549004240539
10091,1015,34.3656,-117.36683,0.5032912832263536
10092,1015,33.3516,-116.5615,0.5901511583101947
10093,1015,35.36165,-118.92282,-0.6298298998460712
10095,1015,33.818,-116.369,1.263350612526176
10096,1015,34.13688,-118.12601,2.833339644168721
10098,1015,34.005,-117.562,-1.1234813654312488
10099,1015,34.28085,-118.9049,2.102405732561419
10100,1015,36.05799,-117.48901,0.2934473294489138
10101,1015,33.808,-116.968,1.1160294108088669
10102,1015,34.22362,-118.05832,-0.1873927750635322
10103,1015,34.22869,-118.55829,0.9825910619672537
10104,1015,34.3968,-119.299,0.8232400189008432
10105,1015,33.94539,-117.92372,-0.7298291361404518
10106,1015,34.6145,-118.7235,-0.6113999513074792
10107,1015,34.1484,-118.1711,-0.9520641789175304
10108,1015,34.44199,-118.58215,0.6384804141502923
10109,1015,33.96273,-118.43702,1.3485991474786267
10110,1015,34.1207,-117.63808,-0.7769261269044948
10111,1015,35.40773,-120.54556,-1.3516328209605646
10112,1015,33.82436,-116.51195,1.1263413758614125
10113,1015,33.354,-116.863,-0.6532518086218605
10114,1015,33.7953,-117.60906,0.8032834425199183
10115,1015,34.39558,-118.49837,-0.4569454142689972
10116,1015,36.30523,-119.24384,-0.5169073911163476
10117,1015,33.63,-116.8478,-0.7623126697161734
10118,1015,34.281,-118.478,-0.5785711144828841
10119,1015,33.74346,-118.40412,0.065047898911143
10120,1015,34.87533,-116.99684,1.7627870069217004
10121,1015,33.97327,-117.32674,-1.2796121623715289
10122,1015,34.05073,-118.08085,-0.7712223347102413
10123,1015,33.99351,-117.37545,-2.0040429699045808
10124,1015,33.2801,-115.98585,0.0258808943804661
10125,1015,33.70432,-117.88578,-0.8188827756964562
10126,1015,34.44076,-119.71492,0.3294309434279772
10128,1015,34.43692,-119.1375,0.8641835158220309
10129,1015,35.8996,-116.27515,1.262681285554378
10130,1015,34.293,-119.1646,0.8123167920021489
10131,1015,35.89095,-117.28332,0.3134507395678992
10132,1015,35.3142,-119.99581,0.4457394745722527
10133,1015,34.01438,-118.45617,1.0832468299822562
10134,1015,34.27091,-118.74407,0.9097378061164448
10135,1015,33.24787,-119.52437,0.5108798968121254
10136,1015,34.05933,-118.64614,1.541292108057689
10137,1015,36.1355,-118.81099,-0.7455322762179458
10138,1015,33.829,-117.789,-0.9171026417298708
10139,1015,34.30302,-119.18676,0.6951655613126688
10140,1015,33.664,-117.769,-0.8054557733680224
10141,1015,33.79033,-118.19878,-0.3246702722183907
10142,1015,34.106,-117.098,-0.2230937862277185
10144,1015,34.52775,-119.97834,0.9257500572054064
10145,1015,34.38203,-117.67822,0.9025321165730515
10146,1015,34.08377,-118.599,-0.1678774713085212
10148,1015,33.63495,-116.16402,0.4293130673350639
10149,1015,34.15607,-118.82039,0.5735660173021755
10150,1015,34.01919,-118.28631,-1.3558522767619812
10151,1015,34.48364,-118.11783,0.6971097735159005
10152,1015,35.84089,-119.08469,0.3863022921264855
10153,1015,34.56065,-117.3296,-0.3471322865147832
10154,1015,35.53664,-118.14035,0.0164137801291484
10155,1015,35.06053,-119.02711,0.9168301948526408
10157,1015,34.00948,-117.95077,0.7336032447996255
10159,1015,34.1717,-118.64971,1.3735384928123762
10160,1015,33.94869,-118.25547,-0.6030974961645251
10161,1016,34.55046,-117.43391,0.5078876148835808
10162,1016,33.63838,-116.4011,-0.7571494164040744
10163,1016,34.68708,-118.29946,-0.8209225927809531
10164,1016,35.34444,-119.10445,0.9891406284596552
10166,1016,34.2623,-116.92075,0.2555192152460528
10167,1016,33.921,-116.981,0.806579458555762
10169,1016,33.57508,-117.26119,-1.443282438836016
10172,1016,34.23883,-117.65853,-0.9306120871295828
10174,1016,34.069,-116.39,-0.4395858325009236
10176,1016,33.80776,-117.98116,0.4130314698192301
10177,1016,34.68224,-118.57398,-0.5917844431217877
10178,1016,33.4915,-116.667,-2.523995458739497
10179,1016,33.38822,-117.19495,-1.866546869310524
10180,1016,35.52495,-117.36453,-0.5160663281328447
10181,1016,36.5504,-117.80295,-0.1978586157576082
10183,1016,33.4019,-118.41502,-0.8970644402840398
10185,1016,34.093,-117.317,0.1083959953152685
10189,1016,36.43988,-118.08016,-1.7036389591298569
10191,1016,34.25353,-118.33383,-0.7931548430953954
10192,1016,33.93597,-116.57794,-0.4445124136769728
10193,1016,33.65,-117.009,-0.4854747280287051
10194,1016,34.10618,-118.45505,-0.0171534747911333
10195,1016,33.84822,-118.09624,0.5523691216383518
10196,1016,33.567,-116.631,0.9796585080660086
10201,1016,34.88303,-117.99106,-1.40524780785113
10204,1016,34.72832,-119.98803,0.7831824021200626
10205,1016,34.397,-118.918,0.4319286761867259
10206,1016,33.71264,-118.29381,1.089360050985583
10208,1016,33.1537,-117.22921,-2.218342496123604
10209,1016,36.99608,-117.36621,-1.0952495589371236
10210,1016,35.30177,-116.80574,-0.8851461215550274
10211,1016,34.8294,-116.335,-0.1166563163707327
10213,1016,35.66278,-118.47403,-2.365253426325657
10214,1016,34.31076,-118.49675,0.0780139777196558
10216,1016,35.98249,-117.80885,-0.0930168203518475
10218,1016,34.36622,-116.61266,-0.5917181894121003
10219,1016,33.86889,-118.33143,1.300543355321369
10220,1016,34.00033,-118.37794,-0.0998832040523773
10221,1016,34.73551,-120.27996,1.171533370245942
10223,1016,34.9906,-118.34156,-2.6663407714733265
10224,1016,34.61462,-118.29104,-0.6300037588080443
10225,1016,34.30529,-118.48805,-0.1899580963712585
10226,1016,33.9753,-118.14918,-0.5354607361074974
10227,1016,34.10819,-119.06587,-1.0903186755061125
10228,1016,34.80762,-118.86775,-0.8814935337669584
10229,1016,34.61594,-117.82493,-0.3242722290616393
10230,1016,33.684,-117.943,0.0941321693073173
10231,1016,34.93439,-117.69629,-1.3214750285509806
10232,1016,35.47954,-117.68212,-2.0182735754476337
10233,1016,34.5214,-117.991,0.5390667529176536
10234,1016,33.881,-118.176,1.084469612222412
10235,1016,34.3656,-117.36683,-0.5478319118899436
10236,1016,35.36165,-118.92282,0.0160168840113279
10238,1016,33.818,-116.369,0.5643844855724964
10240,1016,34.13688,-118.12601,3.6771164299634
10241,1016,37.63019,-118.83605,2.188908270120012
10242,1016,34.005,-117.562,-0.1856828779619522
10243,1016,34.28085,-118.9049,1.452393291757485
10244,1016,36.05799,-117.48901,-0.5031429363472524
10245,1016,34.88848,-119.81362,2.0297159169153427
10246,1016,33.808,-116.968,1.0394642304223454
10248,1016,34.22362,-118.05832,-0.326182792447198
10249,1016,34.53412,-120.17737,2.856660030002857
10250,1016,34.22869,-118.55829,0.8472799622213498
10251,1016,34.3968,-119.299,0.722836800451916
10252,1016,33.94539,-117.92372,0.1356518969097088
10254,1016,34.6145,-118.7235,-1.1643816991481175
10255,1016,34.1484,-118.1711,-0.7845621163089515
10256,1016,34.44199,-118.58215,-0.2968001103846994
10258,1016,33.96273,-118.43702,0.5333304206994274
10259,1016,34.1207,-117.63808,0.3938503373120727
10260,1016,35.40773,-120.54556,0.3646973177360239
10261,1016,35.945,-120.542,0.8237555457290718
10262,1016,33.354,-116.863,-1.0001150422528091
10263,1016,33.7953,-117.60906,0.0987258124148681
10265,1016,36.30523,-119.24384,-0.4293886172313246
10266,1016,34.281,-118.478,-0.5235150780662744
10267,1016,34.10473,-117.97956,0.8996573543963823
10268,1016,33.74346,-118.40412,2.6547158469997525
10269,1016,34.87533,-116.99684,-0.207056833491997
10270,1016,34.05073,-118.08085,-0.0179931690759317
10271,1016,33.99351,-117.37545,-1.8859403378075343
10273,1016,36.76403,-121.44722,-0.0242250183631645
10274,1016,34.44076,-119.71492,1.8378481406787976
10276,1016,34.232,-117.235,-0.1388713171697289
10277,1016,33.99543,-119.6351,2.1450431249164907
10278,1016,33.553,-117.662,0.4447941479771125
10279,1016,34.56547,-120.50137,2.681264368801516
10281,1016,34.43692,-119.1375,-0.2633912177531785
10282,1016,35.8996,-116.27515,0.0041149298252418
10283,1016,34.293,-119.1646,0.4060861132821013
10284,1016,35.89095,-117.28332,-0.4590770734146763
10285,1016,33.834,-116.797,-0.6992256329888829
10286,1016,35.3142,-119.99581,1.5318224173881123
10287,1016,34.01438,-118.45617,0.3676603606390021
10288,1016,33.24787,-119.52437,-0.2897010059336874
10289,1016,34.05933,-118.64614,0.4189702100905462
10290,1016,36.1355,-118.81099,-1.945202123846328
10291,1016,34.30302,-119.18676,0.8371486159549353
10292,1016,33.664,-117.769,-0.9351617413857092
10293,1016,33.79033,-118.19878,0.4818015265393278
10294,1016,34.106,-117.098,-0.3399132565289577
10296,1016,34.52775,-119.97834,3.015911679941948
10297,1016,34.38203,-117.67822,0.4751635052913123
10298,1016,34.08377,-118.599,-1.5396280173016532
10300,1016,35.14592,-119.41946,2.493546717328444
10302,1016,37.05422,-118.23009,0.7751380554602522
10303,1016,34.15607,-118.82039,-0.1983152088530673
10305,1016,34.01919,-118.28631,-0.944990027590938
10306,1016,34.48364,-118.11783,-1.0637432784823413
10307,1016,35.84089,-119.08469,-1.0157430528028666
10308,1016,34.56065,-117.3296,-1.4140859286408072
10309,1016,35.53664,-118.14035,-0.6879911769997004
10311,1016,35.06053,-119.02711,-0.7720975944615897
10313,1016,34.51085,-119.27407,0.6979034946862477
10314,1016,34.00948,-117.95077,1.7264387972615782
10315,1016,34.1717,-118.64971,0.1258724376441396
10316,1016,33.94869,-118.25547,0.7128572592641452
10386,1018,34.077,-118.286,1.474416134632797
10387,1018,34.084,-118.6,-0.3593639961182415
10388,1018,34.07618,-118.3959,2.0176417069565087
10389,1018,34.04905,-116.94032,-3.251330392170565
10390,1018,33.63461,-116.09534,-2.2435158761739222
10391,1018,34.55046,-117.43391,0.5922558252008084
10392,1018,34.68708,-118.29946,-0.9345606383350736
10393,1018,35.1269,-118.83009,-1.0562017077739114
10394,1018,32.68005,-116.67215,-0.9018627613906472
10395,1018,34.2623,-116.92075,1.208979194041677
10396,1018,33.921,-116.981,-0.3839412363700598
10398,1018,34.94009,-119.41313,-0.5636461085960429
10400,1018,34.23883,-117.65853,-1.363663885561694
10402,1018,33.268,-116.417,-0.3016698245388608
10403,1018,33.80776,-117.98116,-0.5106615857341561
10404,1018,34.68224,-118.57398,0.4841952636758164
10405,1018,34.13678,-118.12199,0.3545136422717047
10406,1018,35.30819,-119.84583,-1.0628876679038473
10407,1018,35.52495,-117.36453,1.2032620158411336
10408,1018,36.5504,-117.80295,0.9502151107617518
10410,1018,33.999,-117.68,-0.796846821168776
10411,1018,33.4019,-118.41502,-0.0855243368254631
10413,1018,34.093,-117.317,0.922677777253276
10415,1018,32.8889,-117.1051,-1.0591740035101134
10416,1018,33.876,-117.561,-1.3023617719391578
10417,1018,33.655,-115.99,0.7556252671244216
10418,1018,34.63745,-115.38115,1.038004095276854
10419,1018,34.25353,-118.33383,1.080623365731447
10420,1018,33.65,-117.009,-0.915661781092004
10421,1018,34.10618,-118.45505,1.2064049001261392
10422,1018,33.84822,-118.09624,0.0974606607701069
10423,1018,33.567,-116.631,1.1833160822475974
10424,1018,32.999,-116.942,-1.0199356875212973
10426,1018,32.65915,-116.10061,-0.068576342896947
10429,1018,33.11675,-115.82267,0.4720641121723886
10430,1018,34.72832,-119.98803,-0.9410794451381462
10431,1018,33.71264,-118.29381,-0.7446727117477393
10432,1018,34.1,-117.439,-1.3466342681309256
10433,1018,33.8717,-117.92251,0.4843875790450774
10434,1018,36.46719,-116.86322,0.9700306728133424
10435,1018,33.051,-114.827,0.0593100075923647
10437,1018,33.1537,-117.22921,-1.412757896214907
10439,1018,34.13677,-118.1283,0.5233130318327458
10440,1018,35.30177,-116.80574,0.788642916500859
10441,1018,34.8294,-116.335,0.1387338373406829
10442,1018,34.17643,-118.35967,-0.0321686322468886
10443,1018,34.121,-117.219,0.1890246920201372
10444,1018,33.0262,-116.9596,-4.415680563495312
10446,1018,35.66278,-118.47403,-1.994106359357653
10447,1018,33.081,-116.598,-0.039321412184958
10448,1018,35.98249,-117.80885,-0.1666466211595133
10449,1018,34.36622,-116.61266,0.3335093306007756
10450,1018,34.15037,-118.10156,0.1688894736293966
10451,1018,33.597,-117.879,-2.19014515780337
10452,1018,33.86889,-118.33143,0.2924742979555104
10453,1018,33.798,-118.08837,0.3996409398856028
10454,1018,34.00033,-118.37794,-0.3286803203511465
10455,1018,34.73551,-120.27996,-0.4095046683336932
10456,1018,35.13066,-115.18416,1.222493315608293
10457,1018,34.9906,-118.34156,-1.5520131449759196
10458,1018,34.61462,-118.29104,-0.461676590853328
10459,1018,34.30529,-118.48805,1.10731335211639
10460,1018,33.9753,-118.14918,-0.5382878931600953
10461,1018,34.10819,-119.06587,-0.7015234801882779
10462,1018,34.80762,-118.86775,0.3904625143197179
10463,1018,33.684,-117.943,-0.3207866865648219
10464,1018,34.93439,-117.69629,0.4214391577995811
10465,1018,35.47954,-117.68212,0.7133033468143004
10466,1018,33.881,-118.176,0.8586135052462401
10467,1018,34.3656,-117.36683,-0.4082907862988825
10469,1018,33.818,-116.369,0.9422143830596962
10470,1018,34.13688,-118.12601,2.850204688469154
10472,1018,34.005,-117.562,-0.0218280569884602
10473,1018,32.892,-116.4223,0.3400761781453607
10474,1018,34.28085,-118.9049,1.0880018195870942
10475,1018,34.81258,-119.1453,-0.7235824760409838
10476,1018,36.05799,-117.48901,0.0136463170259496
10477,1018,34.88848,-119.81362,0.0966997351268613
10478,1018,33.808,-116.968,1.0468695400491472
10480,1018,33.6,-117.195,0.9002787267455052
10481,1018,34.22362,-118.05832,0.4768326535601458
10482,1018,34.78035,-116.55798,-0.6905335575378181
10483,1018,34.76759,-114.61881,0.2452593614048121
10484,1018,34.53412,-120.17737,-0.7415809398405718
10485,1018,34.22869,-118.55829,1.024935824411898
10486,1018,33.556,-115.946,0.3523265792418759
10487,1018,33.788,-117.844,-1.1345301779522745
10488,1018,33.94539,-117.92372,-0.4890434562288999
10489,1018,32.608,-116.93,-1.0854428735726434
10490,1018,34.6145,-118.7235,0.3437972399907976
10491,1018,34.44199,-118.58215,1.5516111295518678
10493,1018,33.96273,-118.43702,0.9486220400857444
10494,1018,34.1207,-117.63808,0.1791761658977849
10495,1018,33.862,-117.205,-0.6428445322516106
10498,1018,33.354,-116.863,-0.6337460898222599
10499,1018,33.7953,-117.60906,-0.7250073916206499
10501,1018,33.824,-116.55,-1.720013838717651
10502,1018,34.09181,-117.80709,0.1752804250211947
10503,1018,34.39558,-118.49837,0.0331109237851489
10504,1018,33.63,-116.8478,-0.6700792209413603
10505,1018,34.281,-118.478,0.5322065330868814
10506,1018,34.10473,-117.97956,-0.1417771057688455
10507,1018,33.74346,-118.40412,0.6570822010093103
10508,1018,34.87533,-116.99684,0.6694152688979473
10509,1018,33.973,-117.327,0.1923449606528262
10510,1018,33.97327,-117.32674,0.1309501907913024
10511,1018,34.05073,-118.08085,-0.3925311076398226
10512,1018,33.99351,-117.37545,-1.4182088358850649
10513,1018,33.183,-115.623,-1.0158331908644245
10514,1018,33.2801,-115.98585,0.4696950934003768
10515,1018,33.70432,-117.88578,-1.5794721145962467
10517,1018,34.44076,-119.71492,0.5245170973961245
10519,1018,34.232,-117.235,0.0175793242508591
10520,1018,32.915,-118.4879,-1.6396121686964782
10521,1018,33.99543,-119.6351,1.1469659457168735
10522,1018,33.553,-117.662,-0.3485653377753422
10524,1018,34.43692,-119.1375,0.228465856099872
10525,1018,35.8996,-116.27515,0.512121812042587
10526,1018,35.89095,-117.28332,0.8715676006636716
10527,1018,33.834,-116.797,-0.1049114845464452
10528,1018,35.3142,-119.99581,-0.191212978993805
10530,1018,34.01438,-118.45617,1.300352664628294
10531,1018,34.27091,-118.74407,0.267100901450125
10533,1018,34.035,-116.808,0.2193350783979103
10534,1018,34.05933,-118.64614,0.7543199955132089
10536,1018,33.829,-117.789,-0.5694338930791661
10537,1018,34.30302,-119.18676,0.6840685074238808
10538,1018,33.664,-117.769,-2.0703973331707872
10539,1018,33.79033,-118.19878,-0.4540710628793772
10540,1018,34.106,-117.098,1.3696171708538132
10541,1018,32.94508,-115.79988,-1.0387035965022071
10542,1018,34.52775,-119.97834,0.5147811305361012
10543,1018,34.38203,-117.67822,1.1599111862673108
10548,1018,34.01919,-118.28631,-0.4176872653588104
10549,1018,35.84089,-119.08469,-0.1237667425826202
10550,1018,34.56065,-117.3296,0.0435234202473389
10551,1018,35.53664,-118.14035,-0.2884277950113194
10552,1018,34.51085,-119.27407,-0.7569328516133269
10553,1018,34.00948,-117.95077,0.8451374002182931
10555,1018,34.1717,-118.64971,1.5995095526427372
10556,1018,33.94869,-118.25547,0.6696622878808425
10557,1018,33.482,-116.911,0.904230192647766
10558,1018,33.787,-116.959,1.8118872018177687
10559,1018,33.747,-116.715,1.0757804925475754
10560,1018,33.729,-116.979,0.8421557106827124
10561,1018,33.706,-116.235,1.1362487533712535
10562,1018,33.744,-116.931,1.192938648971496
10563,1018,33.671,-116.3,2.6172820530378
10564,1018,33.787,-116.41,-0.0970627392517366
10565,1018,33.723,-116.338,0.4051250268180175
10566,1018,33.863,-117.742,-0.295609976384223
10567,1018,33.768,-117.85,-1.117346582229342
10568,1018,33.917,-117.443,-0.7921799610182851
10569,1018,33.968,-117.252,0.1641754493677502
10570,1018,33.751,-117.015,1.215337316129365
10571,1018,33.577,-117.131,-1.5241129890929763
10572,1018,33.699,-117.267,-0.0457562647836372
10573,1018,33.604,-117.279,1.1342234694040592
10574,1018,33.884,-117.514,-1.7522296255851046
10575,1018,33.876,-117.593,-1.0255166541314311
10576,1018,33.951,-117.446,-1.5397853918675612
10577,1018,33.496,-117.149,2.132937925994321
10578,1018,33.854,-117.817,0.2961677359588691
10579,1018,33.777,-117.834,-1.3737313885346365
10580,1018,33.927,-117.803,0.0341728553846616
10581,1018,33.919,-117.488,-1.7953034337103977
10582,1018,33.951,-117.388,0.0350085582170369
10583,1018,33.979,-117.344,0.6339622602328443
10584,1018,33.895,-117.32,-0.1344470374805157
10585,1018,33.904,-117.561,-2.8181459634330146
10586,1018,33.975,-117.486,-1.777319718176754
10587,1018,33.669,-117.332,-0.5702091924005832
10588,1018,33.748,-117.127,-1.168620572987975
10589,1018,33.902,-117.234,-0.8222462527501488
10590,1018,33.921,-117.173,-0.2024608140942161
10591,1018,33.787,-117.23,-0.94790837354724
10592,1018,33.649,-117.205,-0.9560663861308072
10593,1018,33.715,-117.191,-0.539713260331052
10594,1018,33.723,-118.026,0.6976457558952035
10595,1018,33.99,-118.312,0.3194575248850546
10596,1018,33.962,-118.065,-0.0253461624159775
10597,1018,33.898,-118.209,1.115121621831436
10598,1018,33.876,-118.24,0.3651791706686186
10599,1018,33.931,-118.214,1.203487026333685
10600,1018,33.92,-118.24,1.704964868697884
10601,1018,33.976,-118.208,0.0732627291669279
10602,1018,33.883,-118.117,0.1770645421847209
10603,1018,34.241,-116.872,1.4710861617911335
10604,1018,34.125,-117.777,0.5097753826363401
10605,1018,34.065,-117.893,0.781525854137851
10606,1018,34.253,-117.174,0.0871038090126498
10607,1018,34.046,-117.035,-0.5037218264813569
10608,1018,34.057,-117.698,0.8683008459967474
10609,1018,34.033,-117.312,0.4224713716045197
10610,1018,34.112,-117.681,-0.1606304605879307
10611,1018,34.134,-117.598,0.0715765501180803
10612,1018,34.014,-117.511,-0.3701008413511634
10613,1018,34.104,-117.574,-0.0956562401957639
10614,1018,34.247,-117.301,-2.0585910956578672
10615,1018,34.215,-117.121,0.3794282213953067
10616,1018,34.522,-117.214,-0.3025379108537817
10617,1018,34.472,-117.207,-1.0071089078405522
10618,1018,34.125,-117.454,-1.204399821972948
10619,1018,34.123,-117.54,-0.6638352203555212
10620,1018,34.026,-117.155,-1.5573693492820049
10621,1018,34.074,-117.183,-0.6319143659240622
10622,1018,34.002,-117.814,-0.0193933331627148
10623,1018,34.425,-117.544,0.0898036559701127
10624,1018,34.056,-117.748,0.2698007642302718
10625,1018,34.405,-117.313,0.0828860198112217
10626,1018,34.096,-117.287,0.8428862126513861
10627,1018,34.0,-117.934,0.8930594451791843
10628,1018,34.076,-117.671,-0.5221315487216636
10629,1018,34.077,-117.621,-0.098159742659366
10630,1018,34.135,-117.322,-0.8740351479927511
10631,1018,34.069,-117.398,-0.7508163768422232
10632,1018,34.1,-117.434,-1.5239095772785014
10633,1018,34.004,-117.058,-0.5678084275958517
10634,1018,34.021,-117.866,0.7779831093525309
10635,1018,34.121,-117.738,1.4324864473956105
10636,1018,34.096,-117.745,0.1766666681121195
10637,1018,34.439,-117.647,-0.3435861846972294
10638,1018,34.207,-118.233,1.435197221310433
10639,1018,34.139,-118.364,0.9566378253703092
10640,1018,34.163,-118.255,1.5525764115497147
10641,1018,34.173,-118.229,0.7454133884916639
10642,1018,34.041,-118.248,0.143221951271868
10643,1018,34.051,-118.384,1.389529702363015
10644,1018,33.81663,-116.3945,0.2929963592027216
10645,1018,34.04856,-116.57816,1.3392517600740594
10646,1018,34.079,-117.045,0.4162270442808292
10647,1018,34.136,-117.213,0.5676831270503212
10648,1018,34.10922,-117.78362,1.115905416560377
10649,1018,34.051,-117.25,0.5192892122130564
10650,1018,34.235,-117.407,-0.1450788076563122
10651,1018,33.572,-116.076,1.6050002228073097
10652,1018,33.82177,-116.96836,-0.037516693116501
10653,1018,34.10521,-117.28264,0.9925486544474692
10654,1018,34.047,-117.277,-0.2809732870214352
10656,1018,34.058,-117.305,0.2269997341535953
10657,1018,34.12288,-117.28792,0.373523343621096
10659,1018,34.0869,-117.3114,0.2668308584322931
10660,1018,34.312,-118.496,1.1124938592757614
10661,1018,33.852,-117.451,-0.5793049812631343
10662,1018,33.58282,-117.07169,-1.339684194972582
10663,1019,34.5214,-117.991,1.0506044835929909
10664,1019,33.943,-118.411,0.5591176221239016
10665,1019,34.07618,-118.3959,-0.1805037843065546
10666,1019,34.14647,-118.76699,0.1644972247514081
10667,1019,34.68708,-118.29946,1.5467915301493989
10668,1019,35.1269,-118.83009,-0.1377138834575007
10669,1019,32.68005,-116.67215,-1.528109027072272
10670,1019,34.2623,-116.92075,1.2614443493125005
10671,1019,33.921,-116.981,0.5818401347331765
10675,1019,34.23883,-117.65853,-1.873775954878524
10677,1019,34.069,-116.39,-0.5485489402883892
10679,1019,33.268,-116.417,-0.7637744440357866
10680,1019,33.80776,-117.98116,-0.4831060458343963
10682,1019,34.68224,-118.57398,0.090185079493658
10683,1019,33.4915,-116.667,-2.826294875602217
10684,1019,34.13678,-118.12199,0.4760098417016972
10685,1019,33.38822,-117.19495,-1.6257413454744347
10686,1019,35.30819,-119.84583,0.354629924570661
10687,1019,35.52495,-117.36453,1.547229183640836
10688,1019,36.5504,-117.80295,0.8875305805269074
10690,1019,33.999,-117.68,-1.2044377354408116
10691,1019,33.4019,-118.41502,-1.100553528402166
10693,1019,34.093,-117.317,0.2776896388814446
10695,1019,33.655,-115.99,0.2151267428844123
10697,1019,36.43988,-118.08016,-0.5135499243125949
10698,1019,34.63745,-115.38115,0.8696386487874054
10699,1019,34.25353,-118.33383,-0.1091466719369517
10700,1019,33.93597,-116.57794,-0.1878156315477119
10701,1019,33.65,-117.009,-0.7565972400376483
10702,1019,34.10618,-118.45505,-0.4732198399328091
10703,1019,33.84822,-118.09624,-0.408114870505477
10704,1019,33.567,-116.631,0.5123401017863398
10705,1019,32.999,-116.942,-2.455570017315505
10708,1019,32.65915,-116.10061,-0.3029616015407852
10711,1019,33.11675,-115.82267,-0.2449910776375718
10712,1019,34.72832,-119.98803,-0.4785186886157555
10713,1019,33.71264,-118.29381,-0.4423485408334309
10714,1019,33.8717,-117.92251,-0.7000605610252337
10717,1019,33.1537,-117.22921,-1.4821611023515284
10718,1019,34.13677,-118.1283,0.026627003647686
10719,1019,35.30177,-116.80574,0.4834734873597732
10720,1019,34.8294,-116.335,1.530840440076011
10721,1019,34.17643,-118.35967,0.0874262453947184
10723,1019,35.66278,-118.47403,-1.225635458477276
10724,1019,33.0859,-116.5959,-1.2047040664036746
10725,1019,35.98249,-117.80885,0.6336451463245135
10727,1019,34.36622,-116.61266,-0.4605014298076569
10728,1019,34.15037,-118.10156,0.2237902485313792
10729,1019,33.86889,-118.33143,0.1723874547921113
10730,1019,34.00033,-118.37794,0.3236579748247031
10731,1019,34.73551,-120.27996,-0.236423976948992
10733,1019,34.9906,-118.34156,-0.206485644016071
10734,1019,34.61462,-118.29104,-0.3461999164350524
10735,1019,34.30529,-118.48805,0.7715602350386643
10736,1019,33.9753,-118.14918,-1.0266206568335887
10737,1019,34.10819,-119.06587,0.4522686652497926
10738,1019,34.80762,-118.86775,0.5315731450660075
10739,1019,33.684,-117.943,-0.6978976394418439
10740,1019,34.93439,-117.69629,-0.9848793813451444
10741,1019,35.47954,-117.68212,-0.2226109196440656
10742,1019,33.881,-118.176,-0.4559732102391847
10743,1019,34.3656,-117.36683,-0.6071302257900396
10745,1019,33.818,-116.369,0.519458867574839
10747,1019,34.13688,-118.12601,2.709642893593696
10750,1019,34.28085,-118.9049,1.8890493921016327
10751,1019,34.81258,-119.1453,0.349154849128902
10752,1019,36.05799,-117.48901,0.0007673672181196
10753,1019,34.88848,-119.81362,0.222007602814249
10754,1019,33.808,-116.968,1.334282844789333
10756,1019,33.6,-117.195,-0.8455822479220846
10757,1019,34.22362,-118.05832,0.052049453030084
10758,1019,34.78035,-116.55798,-0.2075332530215039
10760,1019,34.53412,-120.17737,-0.1101260304187575
10761,1019,34.22869,-118.55829,0.7127454497842038
10762,1019,33.94539,-117.92372,-1.0892349676931674
10764,1019,34.6145,-118.7235,0.0344510689278097
10765,1019,34.17141,-118.18523,-4.680060953435715
10766,1019,34.44199,-118.58215,1.626839554675402
10768,1019,33.96273,-118.43702,0.4286757262564321
10769,1019,34.1207,-117.63808,-1.0138517417208448
10770,1019,33.862,-117.205,-1.325436332425529
10772,1019,35.40773,-120.54556,-1.4753348981359715
10773,1019,35.945,-120.542,-0.1258996747741687
10774,1019,33.354,-116.863,-0.9052794090317028
10775,1019,33.7953,-117.60906,0.2085796306658491
10777,1019,33.824,-116.55,-1.788006967476815
10778,1019,34.09181,-117.80709,-0.5364483351051978
10779,1019,34.39558,-118.49837,0.523952661941757
10780,1019,36.30523,-119.24384,-0.5354958513702043
10781,1019,33.63,-116.8478,-1.656739723845336
10782,1019,34.281,-118.478,-0.345113305421648
10783,1019,34.10473,-117.97956,-0.435113140395711
10784,1019,33.74346,-118.40412,-0.0070340773952545
10785,1019,34.87533,-116.99684,1.4364793127922273
10786,1019,33.97327,-117.32674,-1.5856708497237164
10787,1019,34.05073,-118.08085,-0.7823618741838306
10788,1019,33.99351,-117.37545,-2.8028035758602368
10790,1019,33.2801,-115.98585,0.2561940963740802
10793,1019,34.44076,-119.71492,0.7141980498689838
10795,1019,34.232,-117.235,-0.168017063121575
10796,1019,32.915,-118.4879,0.0487937403825262
10797,1019,33.99543,-119.6351,0.7631555366609479
10798,1019,32.784,-117.13805,-0.6512189065043056
10800,1019,34.43692,-119.1375,1.5233928198002042
10803,1019,35.8996,-116.27515,1.1304980581765474
10804,1019,34.293,-119.1646,1.1092760920814215
10805,1019,33.834,-116.797,-0.8927235649119903
10806,1019,35.3142,-119.99581,0.5874349594335044
10807,1019,34.01438,-118.45617,0.7415503366746321
10808,1019,34.27091,-118.74407,0.7314854277669782
10809,1019,34.05933,-118.64614,0.6264489257587241
10811,1019,33.829,-117.789,-1.1681428077995926
10812,1019,34.30302,-119.18676,1.114150165908376
10813,1019,33.664,-117.769,-0.8724374210127365
10814,1019,33.79033,-118.19878,-0.6113233577866398
10815,1019,34.106,-117.098,-0.3582397151858875
10817,1019,34.52775,-119.97834,0.4845201337858486
10818,1019,34.38203,-117.67822,-0.125583201984631
10820,1019,35.14592,-119.41946,1.008674328949472
10824,1019,34.01919,-118.28631,-1.7925851185392123
10825,1019,34.48364,-118.11783,-0.308286418818052
10826,1019,35.84089,-119.08469,-0.9091421057114444
10827,1019,34.56065,-117.3296,-1.0244638178993872
10828,1019,35.53664,-118.14035,0.5321348175427412
10831,1019,34.51085,-119.27407,-0.2427562117498325
10832,1019,34.00948,-117.95077,0.8130206633964047
10833,1019,34.1717,-118.64971,0.3776153059647734
10834,1019,33.94869,-118.25547,-0.7701849737154779
10835,1019,33.99,-118.312,-0.793564250413804
10836,1019,34.312,-118.496,0.955387047034825
10837,1019,34.313,-118.498,0.9018612829211542
10838,1019,34.3082,-118.5005,0.7572717577940643
10839,1019,34.148,-118.371,0.5201501744391556
10840,1019,34.194,-118.589,-0.5606391052810933
10841,1019,34.045,-118.522,0.4878584281652643
10842,1019,34.196,-118.341,-0.9904774561316744
10843,1019,34.004,-118.287,-1.0932297897048855
10844,1019,34.029,-118.483,1.1459741496941924
10845,1019,34.25,-118.536,0.4321417019619403
10846,1019,34.434,-118.532,0.6525351805921245
10847,1019,34.236,-118.439,-0.4929048021390425
10848,1019,34.296,-118.375,1.5534530484727014
10849,1019,34.289,-118.746,1.1586214431251194
10850,1019,34.459,-118.65,0.1645117038282048
10851,1019,34.387,-118.533,0.9943760990400756
10852,1019,34.013,-118.8,0.690165744323726
10854,1019,34.154,-118.463,0.4739439695755212
10855,1019,34.327,-118.444,0.1393556314403547
10856,1019,34.219,-118.429,-0.4505952399283235
10857,1019,34.273,-118.464,-0.581286772415006
10858,1019,34.146,-118.413,1.1769648297019857
10859,1019,34.163,-118.5,-0.8765782103628443
10860,1019,34.219,-118.627,0.4858787606438714
10861,1019,34.229,-118.527,0.6109649830295842
10862,1019,34.222,-118.57,0.2001337398293119
10863,1019,34.167,-118.596,-0.4396919416915618
10864,1019,34.097,-118.352,-0.4444100707167059
10865,1019,34.103,-118.316,-0.5615087829840427
10866,1019,34.084,-118.307,-0.4701526838322108
10867,1019,34.199,-118.396,-0.2591277630743258
10868,1019,34.059,-118.479,0.1390519764030558
10869,1019,34.07,-118.346,-0.1744163250673873
10870,1019,34.413,-118.796,0.1140266187749738
10871,1019,34.185,-118.884,0.0893292580504769
10872,1019,34.186,-118.929,0.1388793172550742
10873,1019,34.18,-118.76,0.137986035704461
10874,1019,34.271,-118.735,0.7874745040911437
10875,1019,34.262,-118.669,-0.4645157462707154
10876,1019,34.224,-118.994,2.647288435282636
10877,1019,34.257,-118.995,1.376643327530924
10878,1019,34.139,-118.364,0.0384549164831732
10879,1019,34.193,-118.547,0.5745412030696094
10880,1019,34.03,-118.434,0.710277175411905
10881,1019,34.18,-118.336,-0.5109877314767599
10882,1019,34.007,-118.436,0.6731563138278693
10883,1019,34.044,-118.443,-0.1114342041833225
10884,1019,34.168,-118.379,1.2796811104924242
10885,1019,34.257,-118.503,-0.5548503844229253
10886,1019,34.222,-119.04,1.2748869754972625
10887,1019,34.113,-119.119,3.078625074731587
10888,1019,34.208,-119.079,1.915264843584048
10889,1019,34.6172,-118.285,0.4078199635858006
10891,1019,34.13065,-118.49205,-1.0088189681324442
10892,1019,34.1851,-118.447,0.8943480742302485
10894,1019,34.193,-118.51,0.3688874561575014
10895,1019,34.2772,-118.56,0.7319772981944463
10896,1019,34.28963,-118.50124,-0.5890424699396435
10897,1019,34.24734,-118.60349,-0.0791970601060357
10899,1019,34.24892,-118.4789,0.2678448593767417
10900,1020,33.3527,-115.733,-0.370530193094375
10901,1020,33.63461,-116.09534,-4.29638594731426
10902,1020,34.55046,-117.43391,1.4759988234140913
10903,1020,34.68708,-118.29946,-0.4123953878128368
10904,1020,35.1269,-118.83009,-0.612466292489248
10905,1020,32.68005,-116.67215,-1.951651514500225
10906,1020,34.2623,-116.92075,-0.6396638093927347
10907,1020,33.921,-116.981,-0.0532608795521631
10910,1020,34.23883,-117.65853,-1.2457076369483102
10911,1020,34.069,-116.39,-0.0672802824341733
10913,1020,33.268,-116.417,-0.823293406039125
10914,1020,33.80776,-117.98116,0.9171211136115694
10915,1020,33.01213,-115.21987,-1.5748931670109054
10916,1020,34.68224,-118.57398,-0.3629993466413245
10917,1020,33.4915,-116.667,-2.645121700431042
10918,1020,33.38822,-117.19495,1.5371921284213623
10919,1020,35.52495,-117.36453,0.6555657581921398
10922,1020,33.999,-117.68,0.0272351019843131
10923,1020,33.4019,-118.41502,-0.813941706781878
10925,1020,33.655,-115.99,-0.4506039083945105
10926,1020,34.63745,-115.38115,-0.4394109199944758
10927,1020,34.25353,-118.33383,1.280313257453964
10928,1020,33.93597,-116.57794,-0.6402710810951706
10929,1020,33.65,-117.009,-0.3382075022266148
10930,1020,34.10618,-118.45505,-0.1425854516041786
10931,1020,33.567,-116.631,1.0832741129642711
10932,1020,32.999,-116.942,-1.0386070440963115
10936,1020,33.11675,-115.82267,-0.1659068377839561
10937,1020,33.71264,-118.29381,-0.3209066532683169
10938,1020,33.051,-114.827,0.90187695420874
10940,1020,33.1537,-117.22921,-0.5916532782257352
10941,1020,35.30177,-116.80574,-0.1019267012557757
10942,1020,34.8294,-116.335,0.0545013161372395
10944,1020,33.0859,-116.5959,-0.377886367997067
10945,1020,35.98249,-117.80885,-0.2479882020668134
10946,1020,34.36622,-116.61266,1.015149778986922
10947,1020,35.13066,-115.18416,0.3030301294170905
10948,1020,34.9906,-118.34156,-1.0072559380493096
10949,1020,34.80762,-118.86775,0.0148588573454178
10950,1020,33.684,-117.943,0.5958597451359248
10951,1020,34.3656,-117.36683,0.2164788033640588
10952,1020,33.3516,-116.5615,-1.1229233814695634
10953,1020,33.818,-116.369,0.6386430257909105
10955,1020,34.005,-117.562,0.6786611422353798
10956,1020,36.05799,-117.48901,-0.5237464505147489
10957,1020,33.808,-116.968,0.6236585039180554
10958,1020,33.6,-117.195,1.5887295093269242
10959,1020,34.78035,-116.55798,-0.6063002331917258
10960,1020,34.76759,-114.61881,0.7042451186398786
10961,1020,33.556,-115.946,-1.100235882712386
10962,1020,33.94539,-117.92372,1.1001144257999
10964,1020,34.6145,-118.7235,-0.26849588866594
10966,1020,34.1207,-117.63808,0.3116234327400415
10967,1020,33.862,-117.205,-1.0659298481805548
10969,1020,33.354,-116.863,0.75297658585821
10970,1020,33.7953,-117.60906,0.9870983537961646
10972,1020,33.824,-116.55,-0.8153351225276491
10973,1020,34.09181,-117.80709,0.6413974579158295
10974,1020,33.63,-116.8478,-0.4480546342157544
10975,1020,34.281,-118.478,0.6679082673317164
10976,1020,34.10473,-117.97956,0.3292362987123418
10977,1020,33.74346,-118.40412,0.5179957306023448
10978,1020,34.87533,-116.99684,0.587092716618496
10979,1020,34.05073,-118.08085,0.2726312831004096
10980,1020,33.99351,-117.37545,-0.4498942527260903
10981,1020,33.2801,-115.98585,1.10750520809159
10983,1020,34.232,-117.235,-0.2110090354106218
10984,1020,33.553,-117.662,1.1729882197546422
10985,1020,32.784,-117.13805,-0.0945507541929263
10987,1020,35.8996,-116.27515,0.2937065346654584
10988,1020,35.89095,-117.28332,0.881383583211673
10989,1020,33.834,-116.797,0.1377711679503872
10990,1020,34.05933,-118.64614,0.2591627589802827
10991,1020,33.829,-117.789,0.2005987897244688
10992,1020,33.664,-117.769,0.7466391428628713
10993,1020,34.106,-117.098,-0.2443641124797687
10994,1020,32.94508,-115.79988,-0.670661272798671
10995,1020,34.38203,-117.67822,0.99196037665696
10999,1020,34.48364,-118.11783,-1.0910461087345358
11000,1020,34.56065,-117.3296,0.0552672790624004
11001,1020,35.53664,-118.14035,-0.6653611652697208
11002,1020,32.75904,-115.73161,0.3266824333514167
11003,1020,34.00948,-117.95077,1.0300325739592595
11004,1020,34.1717,-118.64971,0.927704764135052
11005,1021,37.41702,-121.9154,-0.2074875035709462
11006,1021,37.34655,-121.80774,0.5931857766817445
11007,1021,37.40718,-122.00001,-0.7521414959792828
11008,1021,37.376,-121.84367,-0.0356368921232609
11009,1021,37.27117,-121.98617,-0.1940597691759027
11010,1021,37.45098,-122.4287,0.1977512458140411
11011,1021,37.71633,-122.43117,-0.1009941206039063
11012,1021,37.41395,-121.87085,-0.0495331727226614
11013,1021,37.36408,-122.01817,0.2926779544004647
11014,1021,37.87622,-122.23558,-0.2058695072151194
11015,1021,37.91881,-122.15176,-0.1351470452527038
11016,1021,37.87352,-122.26099,-1.6392419763940802
11017,1021,37.85727,-122.42266,0.3362645335006005
11018,1021,37.45035,-121.80037,-1.6992935405824197
11019,1021,37.74766,-121.70843,0.0107762511599721
11020,1021,37.37289,-121.76887,-0.5210714124619159
11021,1021,37.73786,-122.06486,0.7999259131659333
11022,1021,38.03455,-120.38651,0.2215752443001807
11023,1021,37.81041,-121.80272,-0.5972140687293853
11024,1021,37.69782,-123.0011,-1.4395602456561476
11025,1021,36.3887,-121.5514,0.2870646088708814
11026,1021,37.34305,-122.33976,0.5787280017080887
11027,1021,37.31861,-122.15314,-0.0733744727047604
11028,1021,37.17217,-122.01121,0.8077223462856234
11029,1021,37.04922,-121.80722,0.183092712898952
11030,1021,37.36045,-122.18986,-0.4712589994480711
11031,1021,37.51604,-122.45815,0.5153306012410359
11032,1021,37.21427,-122.17168,1.0665556655747932
11033,1021,37.20631,-121.97726,0.356692392755236
11034,1021,37.15432,-121.73467,-0.07399541763601
11035,1021,37.63719,-122.47482,0.1221437095210582
11036,1021,37.2708,-122.21276,0.987491670061744
11037,1021,37.19855,-122.34671,0.5379924702657581
11038,1021,37.40373,-122.23868,-1.0745048871735534
11039,1021,37.58225,-122.42006,1.2661727125350375
11040,1021,37.40372,-122.17596,-0.6213061637426138
11041,1021,37.28397,-122.05017,-0.01145351976536
11042,1021,37.58644,-122.50217,-0.2150729127747183
11044,1021,37.6444,-118.89683,2.5583313865833093
11045,1021,38.14478,-122.88018,0.3266307250771513
11046,1021,37.34164,-121.64257,-1.3214443596512953
11047,1021,37.65909,-118.97907,0.98328061234003
11048,1021,38.00198,-122.47466,0.7709923121761384
11049,1021,38.33656,-122.81082,0.7296781850500184
11050,1021,38.16488,-122.71296,0.2419554201896276
11051,1021,38.07601,-122.2585,-0.0403548793535251
11052,1021,37.92371,-122.59649,-0.1164039730140107
11053,1021,36.851,-121.402,1.6471098732722094
11054,1021,37.402,-122.025,-0.8365133636423414
11055,1021,37.553,-122.091,-1.0431771288703604
11057,1021,36.891,-121.404,0.3318547881508186
11058,1021,36.973,-121.568,-0.922154720588938
11059,1021,36.86,-121.54,0.6179099989391138
11060,1021,36.982,-121.556,0.1098976464386067
11061,1021,36.987,-121.536,1.249141849969932
11062,1021,37.05,-121.803,0.3367021810625881
11063,1021,37.035,-121.57,0.029845789158124
11064,1021,37.118,-121.55,-0.6284727726086266
11065,1021,37.026,-121.484,0.2148195838768248
11066,1021,37.008,-121.287,-0.0017408073433302
20927,1021,38.99349,-123.07234,-1.3403156187570986
20929,1021,38.87874,-122.44277,-1.4451710432828868
20930,1021,37.81647,-122.06302,0.3940078693433662
20931,1021,37.25898,-121.67311,0.0693889656449578
20932,1021,37.9889,-122.2156,0.7629536594970803
20933,1021,37.94906,-122.40851,0.1113948212046944
20934,1021,37.72416,-122.11929,1.007307917389947
20935,1021,37.80787,-122.3618,0.9952064068975928
20936,1021,37.12043,-122.1552,0.5143081178071391
20937,1021,37.51704,-122.37731,1.0096509404318676
20938,1021,37.67433,-122.39855,0.7710757145904994
20939,1021,37.16067,-121.89899,1.6108894581749855
20940,1021,37.92144,-122.71806,0.3836155590833399
20941,1021,38.04962,-122.52331,0.3796603990799155
20942,1021,38.12282,-122.14921,0.2374671153816001
20943,1021,38.233,-122.636,-0.3056118274048218
20944,1021,37.76021,-122.41524,-0.4673000688874319
20945,1021,37.77737,-122.39689,-1.307968786588493
20946,1021,37.76386,-122.4736,0.934353316866384
20947,1021,37.762,-122.505,1.0629743969325862
20948,1021,37.40701,-122.0946,-0.2499302172027786
20949,1021,37.4748,-122.2392,-2.3393055613544576
20950,1021,37.30249,-121.97978,-0.055425904503222
20951,1021,37.26748,-121.86656,-0.1211755209000151
20952,1021,37.26352,-121.91617,-0.0793266183283663
20953,1021,37.30143,-121.9039,0.2210484001578934
20954,1021,37.31816,-121.94354,0.2244497430872644
20955,1021,37.3066,-121.84915,-0.2852588845859234
20956,1021,37.68,-121.739,-1.0806068999273866
20957,1021,37.59094,-122.36741,1.300845564782131
20958,1021,37.74766,-122.42528,-0.3995022416850722
20959,1021,37.74664,-122.38679,1.2927688730083358
20960,1021,37.39415,-122.06041,-0.0790007551539551
20961,1021,37.59268,-122.07449,0.112841235621499
20962,1021,37.71737,-121.72701,-0.0769619103022117
20963,1021,37.67928,-122.48405,2.340948048438541
20964,1021,37.91056,-122.53778,-0.3761157137825187
20965,1021,37.88767,-122.29916,-1.9716315543668184
20966,1021,38.03445,-122.27016,-0.5156359453643545
20967,1021,37.74484,-122.40134,1.6084932253981827
20968,1021,37.77934,-122.486,0.6272701285306612
20969,1021,37.81076,-122.29252,-0.0333083393531035
20970,1021,37.8251,-122.27606,0.7945210508460937
20971,1021,37.7986,-122.2684,0.5243635674563936
20972,1021,37.72416,-122.44841,-0.4744787143882809
20973,1021,37.6806,-121.92098,-0.6053766820494695
20974,1021,37.86059,-122.29327,0.5006421223501732
20975,1021,37.85835,-122.25252,-0.9445912817375204
20976,1021,38.29027,-122.46125,-0.3493971356494083
20977,1021,37.37418,-122.0781,-0.3405428681951505
20978,1021,38.4421,-122.6068,-0.0393194046591842
20979,1021,37.69169,-122.16982,0.3484009632600334
20980,1021,37.23294,-121.77186,-0.0774730630306707
20981,1021,37.38332,-121.91088,-0.2408395264580564
20982,1021,37.28537,-121.93602,-0.9588398227715574
20983,1021,37.35834,-121.97775,-0.5811093609476652
20984,1021,37.68873,-121.78351,-0.8289441208978271
20985,1021,37.72688,-122.15092,-0.0219979278875786
20986,1021,37.8852,-122.03217,-0.2675838842544645
20987,1021,37.16346,-121.62645,-0.9849405583602874
20988,1021,37.7294,-121.83346,0.0996511170365831
20989,1021,37.85884,-121.99264,0.4229240415209356
20990,1021,37.91233,-121.90716,-0.881338289411175
20991,1021,38.02691,-122.01599,-0.4798402569078771
20992,1021,38.80797,-122.7953,-2.640599660059274
20995,1021,38.43951,-122.25272,0.3033586749660823
20996,1021,38.26021,-122.55179,0.5270751784498446
20997,1021,38.30988,-122.943,-0.293388543566018
20998,1021,38.46769,-122.89651,-0.20431673709522
20999,1021,38.28043,-122.21582,-0.7797828105771178
21000,1021,38.15486,-121.80438,-0.147741880580206
21001,1021,38.65651,-122.61441,0.6266450514985634
21002,1021,38.04248,-122.79684,1.1685549358779377
21003,1021,37.99642,-123.01949,-1.3660214520313338
21004,1021,38.34878,-122.57795,0.9739175906728044
21005,1021,38.14361,-122.44969,0.1170325859822326
21006,1021,38.24039,-122.79842,-0.365498149576236
21007,1021,38.38921,-122.66297,0.0259834493668019
11067,1022,37.34655,-121.80774,0.9534679244633602
11068,1022,37.27117,-121.98617,-0.2985062781581346
11069,1022,37.16346,-121.62645,-0.3747260029408557
11071,1022,37.04922,-121.80722,0.0161736881534553
11072,1022,37.21427,-122.17168,0.3163914861992595
11073,1022,37.20631,-121.97726,0.184267322950637
11074,1022,37.15432,-121.73467,0.2562023571129109
11075,1022,37.2708,-122.21276,1.196521575431092
11076,1022,37.19855,-122.34671,0.4402733661425287
11077,1022,37.28397,-122.05017,-0.0253755108387159
20610,1022,37.91881,-122.15176,-0.6460979211783251
20611,1022,37.87352,-122.26099,-1.878180940655071
20612,1022,38.03455,-120.38651,-0.1031552353174457
20613,1022,37.69782,-123.0011,-2.349859526744685
20615,1022,37.34164,-121.64257,0.1694346519007615
20616,1022,38.87874,-122.44277,-1.3744707661785045
20618,1022,37.008,-121.287,0.0350373088630558
20619,1022,37.81647,-122.06302,0.5352425435198147
20620,1022,37.25898,-121.67311,0.9451915368856156
20621,1022,37.9889,-122.2156,0.6015113869328621
20622,1022,37.94906,-122.40851,-1.3588532505592947
20623,1022,37.72416,-122.11929,0.4393716814674223
20624,1022,37.80787,-122.3618,0.3836712421477534
20625,1022,37.12043,-122.1552,-0.0116418448376842
20626,1022,37.51704,-122.37731,0.2198807904248949
20627,1022,37.16067,-121.89899,1.657242580017229
20628,1022,37.92144,-122.71806,-0.6117612840132692
20629,1022,38.04962,-122.52331,-0.3247473466221173
20630,1022,37.76021,-122.41524,-0.8278194356391806
20631,1022,37.54187,-122.30471,1.3855193265984145
20632,1022,37.26352,-121.91617,0.6204294885826892
20633,1022,37.30143,-121.9039,0.5769186782289135
20634,1022,37.31816,-121.94354,0.8620990017658056
20635,1022,37.3066,-121.84915,0.2777346533120935
20636,1022,37.68,-121.739,0.033601787517072
20637,1022,37.41702,-121.9154,0.034531911760891
20638,1022,37.59094,-122.36741,-0.6757712374745498
20639,1022,37.40718,-122.00001,-0.5937119392771397
20640,1022,37.39415,-122.06041,0.2599862932698733
20641,1022,37.376,-121.84367,0.4039915888970781
20642,1022,37.59268,-122.07449,-0.3725685488738792
20643,1022,37.71737,-121.72701,0.6132230944158653
20644,1022,37.67928,-122.48405,0.9780527926880656
20645,1022,37.91056,-122.53778,-0.7263787277586725
20646,1022,37.74484,-122.40134,1.3878227989746184
20647,1022,37.71633,-122.43117,-1.3731041266581148
20648,1022,37.81076,-122.29252,-0.442904940253185
20649,1022,37.72416,-122.44841,-1.5296592119637888
20650,1022,37.41395,-121.87085,0.449275484934659
20651,1022,37.6806,-121.92098,0.4582455085269357
20652,1022,37.69169,-122.16982,-0.2035685691730317
20653,1022,37.23294,-121.77186,0.3443650999505027
20654,1022,37.38332,-121.91088,-0.0556726334108802
20655,1022,37.28537,-121.93602,-0.7339310635566989
20656,1022,37.35834,-121.97775,0.0223377839290895
20657,1022,37.68873,-121.78351,0.1585976304331776
20658,1022,37.8852,-122.03217,-0.0622675299643168
20659,1022,38.01299,-122.13416,0.5501267098411303
20660,1022,37.74766,-121.70843,0.0305735607917324
20661,1022,37.7294,-121.83346,0.7060566459229368
20662,1022,37.37289,-121.76887,-0.2290060806591987
20663,1022,37.73786,-122.06486,1.052786725572337
20664,1022,37.85884,-121.99264,1.15432857693124
20665,1022,37.91233,-121.90716,-0.5735101219809542
20666,1022,38.02691,-122.01599,-0.1676996138288414
20667,1022,37.34305,-122.33976,0.7361221124964236
20668,1022,37.31861,-122.15314,0.3882664615476561
20669,1022,37.17217,-122.01121,0.8749760633653269
20670,1022,37.36045,-122.18986,-0.3294460060870567
20671,1022,37.51604,-122.45815,-0.3432285956530564
20672,1022,37.63719,-122.47482,-0.7999698620393073
20673,1022,37.58225,-122.42006,-0.3558157156938068
20674,1022,37.40372,-122.17596,0.2061022998969907
20675,1022,37.58644,-122.50217,-0.968557316709513
20676,1022,38.26021,-122.55179,0.0745206769369592
20677,1022,38.30988,-122.943,-0.8971780188257802
20678,1022,38.33656,-122.81082,0.3004414989633401
20679,1022,38.15486,-121.80438,0.1932570813698078
20680,1022,38.16488,-122.71296,-0.7385172796990689
20681,1022,38.07601,-122.2585,-0.2191885267712142
20682,1022,38.04248,-122.79684,0.4022105683479119
20683,1022,38.14361,-122.44969,-0.1613093301579627
20684,1022,38.38921,-122.66297,-0.0139882509213851
11078,1023,38.441,-122.701,-0.0098053854235525
11079,1023,37.762,-122.505,1.1337410734373272
11080,1023,37.67928,-122.48405,1.6739276958114406
11081,1023,37.91056,-122.53778,0.5079134181432113
11082,1023,38.03445,-122.27016,-1.122391612546858
11083,1023,37.71633,-122.43117,0.2527367119410496
11084,1023,38.29027,-122.46125,0.7297870011745234
11085,1023,38.4421,-122.6068,-0.5974929341696273
11086,1023,38.36743,-122.52403,1.151133022007046
11087,1023,37.95397,-121.86554,-0.9581816177407888
11088,1023,37.87622,-122.23558,0.0959194672717894
11089,1023,37.91881,-122.15176,-1.12533967027664
11090,1023,37.87352,-122.26099,-1.1693776813796724
11091,1023,37.85727,-122.42266,0.791365985749615
11092,1023,37.74766,-121.70843,0.6536604969827894
11093,1023,37.7294,-121.83346,0.0764963077017466
11094,1023,37.37289,-121.76887,0.0392175958298473
11095,1023,37.73786,-122.06486,0.9123828315968237
11096,1023,37.81041,-121.80272,0.6386253355870699
11097,1023,37.85884,-121.99264,0.7807654692528989
11098,1023,37.91233,-121.90716,-0.6123435935222247
11099,1023,38.02691,-122.01599,0.3362541722144075
11100,1023,38.34526,-122.4584,0.3565250859292187
11101,1023,37.69782,-123.0011,-0.4359153457850002
11102,1023,38.76927,-123.01486,-0.3204823071756476
11103,1023,38.80797,-122.7953,-1.82393482119486
11104,1023,37.34305,-122.33976,0.884463562526933
11105,1023,37.31861,-122.15314,0.3119880385332919
11106,1023,37.17217,-122.01121,1.376696763739666
11107,1023,37.04922,-121.80722,0.2828836258793766
11108,1023,37.36045,-122.18986,0.6524296780516194
11109,1023,37.51604,-122.45815,1.282244244040784
11110,1023,37.21427,-122.17168,1.7181227732654
11111,1023,37.15432,-121.73467,-0.0716685773233309
11112,1023,37.63719,-122.47482,0.4891507143031054
11113,1023,37.2708,-122.21276,2.4645185315408185
11114,1023,37.19855,-122.34671,0.8479856622369311
11115,1023,37.40373,-122.23868,0.4916920696363189
11116,1023,37.58225,-122.42006,1.546319020935128
11117,1023,37.40372,-122.17596,0.8715088592938003
11118,1023,37.28397,-122.05017,0.8255694079926017
11119,1023,37.58644,-122.50217,1.6021705709493412
11120,1023,38.87874,-122.44277,-1.029732954024417
11121,1023,38.43951,-122.25272,1.8518428035167505
11122,1023,38.26021,-122.55179,1.6601189491386712
11123,1023,38.00198,-122.47466,0.7447414024216662
11124,1023,38.30988,-122.943,-1.3879342057114987
11125,1023,38.46769,-122.89651,-0.9279902337653698
11126,1023,38.28043,-122.21582,-0.1292027732471429
11127,1023,38.65651,-122.61441,-0.2897772198097674
11128,1023,38.16488,-122.71296,-0.5097014164563676
11129,1023,38.07601,-122.2585,0.1743083527579858
11130,1023,38.04248,-122.79684,0.6301720766971121
11131,1023,37.99642,-123.01949,-0.9548670729768768
11132,1023,38.34878,-122.57795,2.175538141567833
11133,1023,37.92371,-122.59649,-0.4451461927122612
11134,1023,38.24039,-122.79842,-1.178873661486189
11135,1023,38.38921,-122.66297,0.1467262086635763
11136,1023,39.2291,-121.7861,-1.5466113276008122
11137,1023,37.62211,-121.75697,-0.0327609576493468
11138,1023,37.7934,-122.41636,0.1924331829773467
11139,1023,37.808,-122.476,1.4424960937111613
11140,1023,38.267,-122.658,-0.4153556525006833
11142,1023,38.33,-122.318,0.3371708046030645
11143,1023,37.705,-122.467,0.9060138675512988
11144,1023,38.27,-122.276,-0.1093029265391461
11145,1023,38.497,-122.759,-0.2719968468493549
11146,1023,38.438,-122.708,0.0405239960427001
11147,1023,38.471,-122.726,0.2313859048856356
11148,1023,38.1157,-122.505,-1.0783061046060003
19869,1023,38.03455,-120.38651,-0.8478526110095789
19870,1023,39.65471,-122.71595,-3.057236800746573
19872,1023,38.99349,-123.07234,-0.7667225814214722
19873,1023,40.81745,-124.02955,-3.657868774116608
19874,1023,38.14478,-122.88018,0.1806029842395167
19875,1023,37.34164,-121.64257,-0.9014484337326468
19876,1023,39.55451,-121.50036,-3.480503442892112
19877,1023,37.008,-121.287,0.3841257874068066
19880,1023,36.76403,-121.44722,-0.5579683687752186
19881,1023,37.81647,-122.06302,0.5969732532166566
19882,1023,37.25898,-121.67311,0.4564696496604905
19883,1023,37.9889,-122.2156,0.2845627489762342
19884,1023,37.94906,-122.40851,0.3376458335588774
19885,1023,37.72416,-122.11929,0.6750360676396305
19886,1023,37.80787,-122.3618,2.0395755641408813
19887,1023,37.12043,-122.1552,0.303694357696899
19888,1023,37.51704,-122.37731,0.8541122215024933
19889,1023,37.67433,-122.39855,1.4910514516847988
19890,1023,37.16067,-121.89899,2.315683297704666
19891,1023,38.04962,-122.52331,1.5304427190574184
19892,1023,38.12282,-122.14921,-0.4352486330373999
19893,1023,38.20025,-122.4644,1.2825516941340884
19894,1023,38.233,-122.636,-0.5972393849239531
19895,1023,37.76021,-122.41524,0.7031199186323096
19896,1023,37.77737,-122.39689,0.1288944423202729
19897,1023,37.76386,-122.4736,1.4586122159294843
19898,1023,37.40701,-122.0946,0.6834756191662423
19899,1023,37.4748,-122.2392,-1.0035717470804189
19900,1023,37.16346,-121.62645,-0.2220690887752787
19901,1023,37.45035,-121.80037,0.2986986361888996
19902,1023,37.20631,-121.97726,1.577826582682902
19903,1023,40.4756,-124.3375,-2.9967094064712567
19904,1023,40.6599,-123.21966,-3.5830587329390293
19905,1023,40.8748,-123.7325,-3.348261527666308
19906,1023,40.4175,-124.1206,-3.8348995560367625
19907,1023,40.2022,-123.7086,-2.067370080700134
19911,1023,40.5119,-121.5816,-1.8936697394213653
19914,1023,38.15486,-121.80438,0.1587196933965431
19915,1023,38.14361,-122.44969,0.5095397485985509
19917,1023,36.2159,-120.80126,-0.7870810514446916
11167,1025,34.084,-118.6,-1.287306958838316
11168,1025,34.14647,-118.76699,-0.600671488154699
11169,1025,35.1269,-118.83009,-1.5129254077672945
11170,1025,34.2623,-116.92075,1.2431999252276715
11171,1025,34.94009,-119.41313,-0.366882325960149
11172,1025,34.23883,-117.65853,0.1224880331533497
11173,1025,33.80776,-117.98116,1.1845873603069177
11174,1025,34.68224,-118.57398,-0.3191585527871377
11175,1025,35.30819,-119.84583,-0.7946222938406601
11177,1025,33.999,-117.68,0.2442562833923511
11178,1025,33.4019,-118.41502,0.4720177280839922
11179,1025,32.8889,-117.1051,-1.6788838508369
11180,1025,34.25353,-118.33383,-0.2369959618308081
11181,1025,33.65,-117.009,-0.6013673931189875
11182,1025,34.10618,-118.45505,-0.1221585079410743
11183,1025,33.567,-116.631,1.3368325233696197
11184,1025,32.999,-116.942,-1.9909092501931185
11186,1025,34.72832,-119.98803,-0.5380739903763858
11187,1025,33.71264,-118.29381,1.849522783336923
11188,1025,34.55266,-120.50235,-0.3408847779393623
11189,1025,35.30177,-116.80574,0.6688413377497612
11190,1025,34.8294,-116.335,1.2204632420957235
11191,1025,35.66278,-118.47403,-2.170845839151008
11192,1025,33.86889,-118.33143,-0.0698727331761088
11193,1025,33.798,-118.08837,0.3020727289604818
11194,1025,34.00033,-118.37794,0.1218323353112702
11195,1025,34.9906,-118.34156,-1.402162028423354
11196,1025,34.30529,-118.48805,-0.5441215355408875
11197,1025,33.9753,-118.14918,-0.7651060018416145
11198,1025,34.10819,-119.06587,-2.1653941925232374
11199,1025,33.684,-117.943,0.6989395729624325
11200,1025,34.28085,-118.9049,2.107422591445973
11201,1025,34.88848,-119.81362,0.5470729445899526
11202,1025,34.22362,-118.05832,0.51485912402551
11203,1025,34.53412,-120.17737,-1.041508230228545
11204,1025,33.94539,-117.92372,0.7223882649110369
11205,1025,34.6145,-118.7235,-1.5109877093248
11206,1025,34.44199,-118.58215,0.6427857995313572
11207,1025,33.96273,-118.43702,0.0767953152884766
11208,1025,33.354,-116.863,-0.0729662873711244
11209,1025,33.7953,-117.60906,0.5978964540945323
11210,1025,34.09181,-117.80709,0.6906077228560477
11211,1025,34.39558,-118.49837,-0.0323020778782089
11212,1025,33.63,-116.8478,-0.8721996167198279
11213,1025,34.10473,-117.97956,0.342786629850807
11214,1025,33.74346,-118.40412,1.2843268546250972
11215,1025,34.05073,-118.08085,0.3374856777220192
11216,1025,33.99351,-117.37545,-1.2774820157168552
11218,1025,34.44076,-119.71492,-0.447678599890466
11220,1025,33.99543,-119.6351,0.4467788393879841
11221,1025,33.553,-117.662,1.4465696153050942
11222,1025,34.43692,-119.1375,0.6321832431400637
11223,1025,34.293,-119.1646,-0.5497571949441187
11225,1025,34.01438,-118.45617,-0.0984046135705825
11226,1025,34.27091,-118.74407,-0.278345504870225
11227,1025,35.01108,-120.40997,-0.9018158445274792
11228,1025,34.035,-116.808,0.2568253616568349
11229,1025,34.05933,-118.64614,0.2215030098633877
11230,1025,33.829,-117.789,-0.012067893192815
11231,1025,34.30302,-119.18676,-0.1815828362444318
11232,1025,33.664,-117.769,0.2110704192052301
11234,1025,34.52775,-119.97834,-0.7402844183529477
11235,1025,34.38203,-117.67822,0.8813948559363748
11237,1025,35.14592,-119.41946,0.7795826315316995
11238,1025,34.01919,-118.28631,-1.028003264515252
11239,1025,34.48364,-118.11783,-0.7179324177551699
11240,1025,35.84089,-119.08469,-1.1697608887036586
11241,1025,34.51085,-119.27407,-0.620951741428041
11242,1025,34.00948,-117.95077,1.3937459466411872
11244,1025,33.813,-118.37,1.5215326303581431
11245,1025,33.948,-118.184,0.9481639983826256
11246,1025,34.289,-118.746,0.9410476252760708
11247,1025,34.013,-118.8,-0.0092900191018363
11248,1025,34.154,-118.463,0.1423745764042836
11249,1025,34.185,-118.623,0.3603625476203245
11250,1025,34.185,-118.884,-0.7974716532586051
11251,1025,34.186,-118.929,-0.5676852401217286
11252,1025,34.141,-118.875,-0.7862658224169504
11253,1025,34.18,-118.76,-0.4177880549597609
11254,1025,34.271,-118.735,-0.2304736786608133
11255,1025,34.262,-118.669,-0.3001701441111249
11256,1025,34.224,-118.994,0.7995128564525075
11257,1025,34.257,-118.995,1.3175708539137054
11258,1025,34.03,-118.434,0.504999384230599
11259,1025,34.193,-118.51,0.3384972705594891
11284,1027,32.68005,-116.67215,-1.2485595342809763
11285,1027,33.3527,-115.733,-0.122314264338812
11287,1027,35.2693,-116.0703,-0.100655292286018
11288,1027,34.68224,-118.57398,0.9097478382880404
11289,1027,34.155,-118.641,-0.3420667415807977
11290,1027,33.44577,-118.483,-0.3189416686388047
11293,1027,34.0602,-117.809,0.2896239187229268
11294,1027,33.876,-117.561,0.3369198523469998
11295,1027,33.93597,-116.57794,0.4723988222964552
11296,1027,33.65,-117.009,-1.9669623730905257
11297,1027,34.88303,-117.99106,-0.2281632239050946
11298,1027,34.1,-117.439,-0.6476052008475391
11299,1027,35.082,-117.58267,0.0105657615371449
11300,1027,33.8717,-117.92251,0.1011773026560846
11301,1027,36.46719,-116.86322,-0.9729682096782296
11302,1027,33.051,-114.827,-0.0914218387256894
11304,1027,34.8294,-116.335,1.1605652579967436
11305,1027,35.9823,-117.8076,0.4099595653156719
11306,1027,34.15037,-118.10156,0.0963463071424006
11307,1027,34.61462,-118.29104,1.060123545345613
11308,1027,34.61594,-117.82493,0.7786535306277288
11309,1027,35.47954,-117.68212,0.3777023011748284
11310,1027,34.5214,-117.991,0.645986546913328
11311,1027,34.3656,-117.36683,-0.0543848641038252
11313,1027,34.22362,-118.05832,-0.0884884748723953
11314,1027,34.8249,-114.59941,0.2692275611674642
11315,1027,33.788,-117.844,0.088839602885621
11316,1027,34.6145,-118.7235,0.8710371403301012
11317,1027,34.1484,-118.1711,-0.7703542211303799
11318,1027,33.354,-116.863,-1.2107252470018297
11319,1027,33.7953,-117.60906,1.155800424121032
11320,1027,33.74346,-118.40412,-0.0813604184222665
11322,1027,34.05073,-118.08085,-0.8767648153403585
11323,1027,33.99351,-117.37545,-0.8914291028138966
11324,1027,33.70432,-117.88578,-0.2238126020121746
11326,1027,34.232,-117.235,-0.3126306986884772
11327,1027,35.8996,-116.27515,0.903548096187456
11328,1027,33.48725,-117.68114,0.5692229075391521
11329,1027,34.01438,-118.45617,0.0949108561020617
11330,1027,34.416,-118.449,1.8467360414975689
11331,1027,33.1774,-115.616,-1.0980602098013514
11332,1027,34.106,-117.098,-0.1644385286933689
11333,1027,32.94508,-115.79988,-0.2932714157509923
11334,1027,34.08377,-118.599,-1.1039703598982429
11336,1027,34.15607,-118.82039,-0.5201021618355334
11337,1027,34.48364,-118.11783,-0.7025900124149612
11338,1027,34.56065,-117.3296,-0.502689675991804
11339,1028,34.224,-117.331,-0.1566638691839899
11340,1028,34.19988,-118.36201,0.385684837877104
11341,1028,34.68708,-118.29946,0.7138520508798013
11342,1028,35.1269,-118.83009,0.3978804019573003
11343,1028,32.68005,-116.67215,-0.7648989890932435
11344,1028,34.2623,-116.92075,0.9681370826154264
11345,1028,33.921,-116.981,-0.6271507639616353
11346,1028,34.23883,-117.65853,-1.5038904411589589
11347,1028,34.069,-116.39,-0.7943008853785267
11349,1028,33.268,-116.417,-1.0486276838198902
11350,1028,33.80776,-117.98116,-0.0599751510339574
11351,1028,34.68224,-118.57398,0.6917097853460501
11352,1028,33.4915,-116.667,-2.574437351204596
11353,1028,34.13678,-118.12199,0.0823052222040301
11354,1028,33.38822,-117.19495,-0.4989808597433623
11355,1028,35.30819,-119.84583,-0.4413842862323549
11356,1028,35.52495,-117.36453,0.6639415639383605
11359,1028,33.999,-117.68,-0.4518922368789207
11360,1028,33.4019,-118.41502,-0.7782059606743708
11361,1028,34.093,-117.317,0.4366888533888196
11363,1028,33.876,-117.561,0.1992971939315465
11364,1028,33.655,-115.99,0.15436501398082
11365,1028,34.63745,-115.38115,-0.4147363371912011
11366,1028,34.25353,-118.33383,1.929138200231808
11367,1028,33.93597,-116.57794,-1.3472945730234325
11368,1028,33.65,-117.009,-0.1982849876531964
11369,1028,34.10618,-118.45505,-0.8137362269054075
11370,1028,33.84822,-118.09624,-0.0115473656119062
11371,1028,33.567,-116.631,0.9313714145550656
11372,1028,32.999,-116.942,-1.1483651533457817
11374,1028,32.65915,-116.10061,0.2011190746094407
11377,1028,33.11675,-115.82267,-0.552454929905136
11378,1028,34.72832,-119.98803,-0.6183704464951002
11379,1028,33.71264,-118.29381,-1.0263054739932207
11380,1028,33.8717,-117.92251,0.381013499446268
11382,1028,33.051,-114.827,-0.4661063919016772
11384,1028,33.1537,-117.22921,-1.215964448722918
11385,1028,34.13677,-118.1283,0.103277994221053
11386,1028,35.30177,-116.80574,0.703439438626464
11387,1028,34.8294,-116.335,1.232377257813615
11388,1028,34.17643,-118.35967,0.6064840916972011
11389,1028,34.121,-117.219,0.4454810536994127
11391,1028,35.66278,-118.47403,-0.5464075316392318
11393,1028,35.98249,-117.80885,0.1187778713596255
11394,1028,34.36622,-116.61266,0.2769635922490988
11395,1028,34.15037,-118.10156,-0.1248963161322056
11396,1028,33.597,-117.879,-1.4869712511036806
11397,1028,33.86889,-118.33143,-0.0463974601772902
11398,1028,34.00033,-118.37794,0.3098327362383652
11399,1028,34.9906,-118.34156,0.600754116379231
11400,1028,34.30529,-118.48805,1.2412731477432164
11401,1028,33.9753,-118.14918,-0.5982791871634049
11402,1028,34.10819,-119.06587,-1.0759790806051532
11403,1028,34.80762,-118.86775,1.7059895340556646
11404,1028,33.684,-117.943,-0.3905183508193875
11405,1028,35.47954,-117.68212,-0.2032652942348644
11406,1028,33.881,-118.176,0.7125615566649891
11407,1028,34.3656,-117.36683,-0.4621891329690909
11408,1028,33.3516,-116.5615,0.172748570976816
11410,1028,33.818,-116.369,-0.4711302847985
11411,1028,34.13688,-118.12601,2.6301912028145304
11413,1028,34.005,-117.562,-0.0087317632185228
11414,1028,34.81258,-119.1453,-0.2127030929930995
11415,1028,36.05799,-117.48901,0.3415807124006802
11416,1028,34.88848,-119.81362,0.3188351843583462
11417,1028,33.808,-116.968,0.2948578229259864
11418,1028,33.6,-117.195,1.5149692038599611
11419,1028,34.22362,-118.05832,-0.2663669997105554
11420,1028,34.78035,-116.55798,0.5996915657421462
11421,1028,34.76759,-114.61881,-0.0157843433909611
11422,1028,33.556,-115.946,0.1331505071105918
11423,1028,33.788,-117.844,0.0435754403455778
11424,1028,33.94539,-117.92372,1.434480223018033
11425,1028,32.608,-116.93,-0.925337815022003
11426,1028,34.6145,-118.7235,0.5734132418608792
11427,1028,34.17141,-118.18523,-0.7973022499648874
11428,1028,34.44199,-118.58215,1.093736363383733
11429,1028,34.1207,-117.63808,-0.7757400695875705
11430,1028,33.862,-117.205,-1.1365605802544314
11432,1028,33.354,-116.863,-0.7292783894455233
11433,1028,33.7953,-117.60906,0.7227463967885496
11435,1028,33.824,-116.55,-1.8361185069471329
11436,1028,34.09181,-117.80709,-0.0087784049543611
11438,1028,33.63,-116.8478,-1.3618801671977483
11439,1028,34.281,-118.478,1.161530404880696
11440,1028,34.10473,-117.97956,-0.6422165317717199
11441,1028,33.74346,-118.40412,0.7023901431197246
11442,1028,34.87533,-116.99684,1.1758120919048138
11443,1028,34.05073,-118.08085,-0.1077839957313278
11444,1028,33.99351,-117.37545,-0.9960986154542608
11445,1028,33.183,-115.623,-0.9229662860602096
11446,1028,33.2801,-115.98585,0.1711268556292371
11447,1028,33.70432,-117.88578,-1.1974013827129917
11450,1028,34.232,-117.235,0.0631602663255497
11451,1028,32.915,-118.4879,-0.5820883306380801
11452,1028,33.99543,-119.6351,0.6790282452973053
11453,1028,33.553,-117.662,0.9033912097030078
11454,1028,32.784,-117.13805,-0.1757708044736574
11456,1028,34.43692,-119.1375,0.5000349303688226
11457,1028,32.9333,-115.7039,-0.4326044564940637
11458,1028,32.944,-115.718,-2.890070773077509
11459,1028,35.8996,-116.27515,1.087407747860737
11460,1028,35.89095,-117.28332,0.4461432567025848
11461,1028,33.834,-116.797,-0.9436004172936662
11462,1028,35.3142,-119.99581,0.7234688960894347
11463,1028,34.01438,-118.45617,-0.0387458424283708
11464,1028,34.05933,-118.64614,0.5827810493098704
11466,1028,33.829,-117.789,-0.3317489254236587
11467,1028,34.30302,-119.18676,0.4219286677017875
11468,1028,33.664,-117.769,-1.5260543716751185
11469,1028,33.79033,-118.19878,-0.0372240204327448
11470,1028,34.106,-117.098,0.0835150392614458
11471,1028,32.94508,-115.79988,-0.9296053884969416
11472,1028,34.52775,-119.97834,0.1300594131757767
11473,1028,34.38203,-117.67822,0.1326937946589075
11478,1028,34.01919,-118.28631,-0.0948138217412836
11479,1028,34.48364,-118.11783,0.0251561080653414
11480,1028,35.84089,-119.08469,0.1478512817828088
11481,1028,34.56065,-117.3296,-0.9247329343212706
11482,1028,35.53664,-118.14035,0.4800342992862091
11483,1028,32.75904,-115.73161,-0.422722876110529
11484,1028,34.51085,-119.27407,-0.7131322307985276
11485,1028,34.00948,-117.95077,0.7572055020491673
11486,1028,34.1717,-118.64971,0.907675581249322
11487,1028,33.94869,-118.25547,-0.1960416255761585
11488,1028,33.482,-116.911,1.1767419374998
11489,1028,33.787,-116.959,0.0954169030125238
11490,1028,33.729,-116.979,0.3329405216707073
11491,1028,33.84,-117.957,0.05120716083634
11492,1028,33.786,-117.809,-0.131155585073944
11493,1028,33.863,-117.742,-0.1559019247534155
11494,1028,33.917,-117.443,0.5113180720608124
11495,1028,33.968,-117.252,0.3552111828241246
11496,1028,33.565,-117.264,-0.1756717258842676
11497,1028,33.751,-117.015,0.590721898207721
11498,1028,33.577,-117.131,-1.6647884158893362
11499,1028,33.818,-117.312,-0.7886692548004777
11500,1028,33.699,-117.267,-0.6853848943450326
11501,1028,33.604,-117.279,0.5995126384373493
11502,1028,33.884,-117.514,-0.3465992335929345
11503,1028,33.876,-117.593,0.3754457381303895
11504,1028,33.951,-117.446,-0.4271197565138525
11505,1028,33.496,-117.149,0.8559312870147482
11506,1028,33.662,-117.997,-0.2425640792112466
11507,1028,33.678,-117.753,-1.4294965818646377
11508,1028,33.8556,-117.54,0.4111295630137404
11509,1028,33.933,-117.896,1.839463698448002
11510,1028,33.604,-117.906,-0.7930802260567307
11511,1028,33.889,-117.886,0.9306277324477902
11512,1028,33.932,-117.955,0.4891028528893414
11513,1028,33.927,-117.803,-0.0871373097646422
11514,1028,33.791,-117.968,-0.1285477490041481
11515,1028,33.676,-117.963,0.3396681055476647
11516,1028,33.819,-117.85,-0.3569996164285891
11517,1028,33.748,-117.844,-0.891619863103257
11518,1028,33.742,-117.894,-0.5308002370057109
11519,1028,33.716,-117.904,-0.8765461343016754
11520,1028,33.7,-117.88,-0.9703206989983788
11521,1028,33.895,-117.32,0.3145985913207568
11522,1028,33.975,-117.486,-0.7454233334393244
11523,1028,33.669,-117.332,-1.0092405320507205
11524,1028,33.748,-117.127,-1.099788944296619
11525,1028,33.787,-117.23,-0.974125153454946
11526,1028,33.649,-117.205,-0.3622302502246554
11527,1028,33.723,-118.026,0.6593609138266738
11528,1028,33.962,-118.065,-0.3368680285250125
11529,1028,33.924,-118.167,0.622707372324722
11530,1028,33.883,-118.117,0.4268191989329238
11531,1028,33.946,-118.0,1.1010944548631791
11532,1028,33.818,-118.108,0.3054250767412147
11533,1028,34.065,-117.893,0.1407420829008832
11534,1028,34.057,-117.698,0.5444915838394179
11535,1028,34.033,-117.312,0.814313124786759
11536,1028,34.112,-117.681,-0.8376415373116793
11537,1028,34.014,-117.511,-0.8002791390804256
11538,1028,34.123,-117.54,-0.5992501611304965
11539,1028,34.056,-117.748,0.9673297592748532
11540,1028,34.096,-117.287,1.507251624448967
11541,1028,34.063,-117.784,1.2217665152858872
11542,1028,34.069,-117.398,0.8014075233073085
11543,1028,34.1,-117.434,0.566002604469023
11544,1028,34.021,-117.866,0.1914580251867814
11545,1028,34.121,-117.738,1.0588572534017002
11546,1028,34.002,-118.077,-0.1721642457941594
11547,1028,34.193,-117.427,-0.977022779158389
11548,1028,34.00469,-117.22393,0.0812163583430768
11549,1028,34.051,-117.25,1.3130874534472905
11550,1028,33.59967,-117.866,-0.8437853633484438
11551,1028,33.82177,-116.96836,-0.0335126922474161
11552,1028,34.103,-117.349,0.2132250178402944
11554,1028,34.14,-117.294,0.7296685959532156
11555,1028,34.058,-117.305,1.3751223247322713
11556,1028,34.205,-117.365,-0.5221427309177653
11558,1028,34.233,-117.482,-0.60919405183817
11559,1028,34.0869,-117.3114,1.0658212084809358
11560,1028,33.852,-117.451,1.4948677902778498
11584,1030,37.95397,-121.86554,-0.7563487229558947
11585,1030,37.87622,-122.23558,-0.0317002337743756
11586,1030,37.91881,-122.15176,-0.4224111840155036
11587,1030,37.16346,-121.62645,-0.927531967228094
11588,1030,37.74766,-121.70843,-0.0699173063083436
11589,1030,37.7294,-121.83346,0.7494882823812199
11590,1030,38.03455,-120.38651,-0.9037218589501906
11591,1030,37.34305,-122.33976,1.0974507320604858
11592,1030,37.17217,-122.01121,0.376385478359544
11593,1030,37.21427,-122.17168,0.955802558909404
11594,1030,37.20631,-121.97726,0.2156230943473261
11595,1030,37.15432,-121.73467,-0.4111878868908721
11596,1030,37.19855,-122.34671,0.0996001159251157
11597,1030,37.40373,-122.23868,-0.977795136818869
11598,1030,37.58225,-122.42006,0.3663500422568804
11599,1030,37.40372,-122.17596,0.3602022951938333
11600,1030,37.28397,-122.05017,-0.1470114971272655
11601,1030,37.6444,-118.89683,2.1139617423772283
11602,1030,37.34164,-121.64257,-0.3366527989414595
11603,1030,37.65909,-118.97907,1.0910134795644026
11605,1030,36.76403,-121.44722,-0.1055539234294602
11606,1030,37.62211,-121.75697,-0.0367397199919834
11607,1030,36.851,-121.402,0.5163547959007584
11608,1030,36.891,-121.404,-0.3512264204900572
19470,1030,37.87352,-122.26099,-1.630166844257041
19471,1030,37.69782,-123.0011,-1.6045325989057195
19472,1030,38.99349,-123.07234,-1.7510621885530604
19475,1030,37.28744,-121.86422,0.0734133373866431
19476,1030,37.81647,-122.06302,0.7322381714257844
19477,1030,37.9889,-122.2156,0.6980707837283657
19478,1030,37.72416,-122.11929,1.0404219764858118
19479,1030,37.12043,-122.1552,-1.166160556152846
19480,1030,37.51704,-122.37731,0.2428902004572632
19481,1030,37.67433,-122.39855,-0.0101200148939651
19482,1030,37.16067,-121.89899,1.2358641150595602
19483,1030,37.92144,-122.71806,0.2662004766920506
19484,1030,38.04962,-122.52331,-0.7302009579289123
19485,1030,38.12282,-122.14921,-0.1330582808096812
19486,1030,37.77737,-122.39689,-1.512603718960658
19487,1030,37.76386,-122.4736,0.6522610141527476
19488,1030,37.762,-122.505,0.5128846958748836
19489,1030,37.40701,-122.0946,0.0320477016088297
19490,1030,37.54187,-122.30471,1.513264272599183
19491,1030,37.30249,-121.97978,0.0791877217858802
19492,1030,37.26748,-121.86656,-0.5916771388504534
19493,1030,37.26352,-121.91617,-0.4121636609703312
19494,1030,37.30143,-121.9039,0.2792310876516388
19495,1030,37.31816,-121.94354,-0.142786924619205
19496,1030,37.3066,-121.84915,-0.2711626685831164
19497,1030,37.66,-121.873,1.107528870724924
19498,1030,37.68,-121.739,-0.0185657351838004
19499,1030,37.59094,-122.36741,-0.4298793775053641
19500,1030,37.40718,-122.00001,-0.3887975865984875
19501,1030,37.74664,-122.38679,1.5682414872051993
19502,1030,37.39415,-122.06041,0.4151281278550445
19503,1030,37.45098,-122.4287,-0.2604211195193733
19504,1030,37.59268,-122.07449,-0.1062235228384106
19505,1030,37.71737,-121.72701,0.7444153781334426
19506,1030,37.67928,-122.48405,1.1605780239355634
19507,1030,38.03445,-122.27016,-0.9957640001801767
19508,1030,37.85727,-122.42266,-0.2694962143288623
19509,1030,37.85884,-121.99264,1.2723908597260456
19510,1030,37.31861,-122.15314,0.0034672882605795
19511,1030,37.51604,-122.45815,-0.5635486140120421
19512,1030,37.63719,-122.47482,-0.1082516852076579
19513,1030,37.58644,-122.50217,-0.3383567757366202
19514,1030,38.04248,-122.79684,0.5736420745182442
19515,1030,37.9231,-122.5983,-0.6988817738788511
19516,1030,38.38921,-122.66297,-0.2036648942966707
11609,1031,37.27117,-121.98617,-0.6543793492788903
11610,1031,37.16346,-121.62645,-0.760624982446959
11611,1031,37.45035,-121.80037,-0.3435543745761358
11612,1031,37.34305,-122.33976,0.3905653350672254
11613,1031,37.21427,-122.17168,0.8145537110639266
11614,1031,37.20631,-121.97726,0.14496200976648
11615,1031,37.15432,-121.73467,0.7339791994012952
11616,1031,37.2708,-122.21276,1.0050497187737475
11617,1031,37.40372,-122.17596,-0.1800383353379422
11618,1031,37.008,-121.287,0.5216153957804152
11619,1031,36.851,-121.402,0.5683246011017398
11620,1031,37.141,-121.663,-0.1967727121452523
11621,1031,36.891,-121.404,0.7475031302988789
19676,1031,37.91881,-122.15176,0.4842262599259925
19677,1031,37.87352,-122.26099,-1.3137905949416169
19678,1031,38.03455,-120.38651,-0.7663319454319425
19679,1031,37.69782,-123.0011,-1.548478248798439
19680,1031,38.99349,-123.07234,-1.5300165366613905
19682,1031,37.34164,-121.64257,-0.7803681572850173
19683,1031,38.87874,-122.44277,-1.4538787954460857
19685,1031,35.945,-120.542,-0.5017416178554377
19686,1031,37.28744,-121.86422,0.234725951762076
19687,1031,37.81647,-122.06302,1.7381814856727529
19688,1031,37.25898,-121.67311,0.3578408716547609
19689,1031,37.9889,-122.2156,1.1685535979552737
19690,1031,37.94906,-122.40851,-0.5478575699018211
19691,1031,37.72416,-122.11929,0.8551059094743124
19692,1031,37.80787,-122.3618,0.677746905289949
19693,1031,37.12043,-122.1552,-0.6398809046375524
19694,1031,37.51704,-122.37731,0.4994363276629149
19695,1031,37.16067,-121.89899,1.182510363980034
19696,1031,37.92144,-122.71806,0.1764370578945142
19697,1031,38.04962,-122.52331,-0.3396270439329811
19698,1031,38.233,-122.636,-0.4245195503156475
19699,1031,37.76021,-122.41524,-0.7357767582027036
19700,1031,37.77737,-122.39689,-1.3380033308400805
19701,1031,37.75094,-122.49072,-0.9133744175393852
19702,1031,37.76386,-122.4736,0.3693085393696846
19703,1031,37.762,-122.505,0.6362145849059408
19704,1031,37.40701,-122.0946,-0.2578816483781979
19705,1031,37.4748,-122.2392,-1.9133848883519555
19706,1031,37.54187,-122.30471,1.1419132763594055
19707,1031,37.26352,-121.91617,-0.4436108510331483
19708,1031,37.30143,-121.9039,0.2747461059736825
19709,1031,37.31816,-121.94354,0.1643148463978979
19710,1031,37.3066,-121.84915,-0.4761276267391653
19711,1031,37.66,-121.873,1.6441391021800005
19712,1031,37.68,-121.739,0.0008976222441372
19713,1031,37.41702,-121.9154,-0.3726499846131015
19714,1031,37.59094,-122.36741,-0.4269935745672563
19715,1031,37.74766,-122.42528,-1.046085219283348
19716,1031,37.85727,-122.42266,0.2743108751581585
19717,1031,37.74766,-121.70843,0.3398590403536999
19718,1031,37.7294,-121.83346,1.1924411117362543
19719,1031,37.85884,-121.99264,1.7675686303273046
19720,1031,37.91233,-121.90716,-0.6442402050580645
19721,1031,38.02691,-122.01599,0.0140292954437264
19722,1031,37.31861,-122.15314,-0.7300667419569326
19723,1031,37.17217,-122.01121,0.3996459218229479
19724,1031,37.04922,-121.80722,-0.106808093152228
19725,1031,37.36045,-122.18986,-0.9245472632371066
19726,1031,37.51604,-122.45815,-0.3620260772539641
19727,1031,37.63719,-122.47482,-0.9927490030270024
19728,1031,37.19855,-122.34671,-0.2175307710829599
19729,1031,37.58225,-122.42006,0.2703307350650399
19730,1031,37.28397,-122.05017,-0.1070987801676469
19731,1031,37.58644,-122.50217,-0.6081548479354141
19733,1031,37.6444,-118.89683,2.42007027765616
19734,1031,37.65909,-118.97907,1.21748239491124
19735,1031,38.26021,-122.55179,0.3993511964471737
19736,1031,38.30988,-122.943,-0.5615634678532424
19737,1031,38.33656,-122.81082,0.54689358398539
19738,1031,38.46769,-122.89651,0.1420163640837011
19739,1031,38.28043,-122.21582,-0.5502354516017741
19740,1031,38.15486,-121.80438,-0.2001274021954804
19741,1031,38.16488,-122.71296,0.0972458979743822
19742,1031,38.07601,-122.2585,0.7774969459906292
19743,1031,38.04248,-122.79684,1.2855418594346144
19744,1031,37.99642,-123.01949,-0.8878431378338576
19745,1031,38.34878,-122.57795,1.6338258336167866
19746,1031,38.14361,-122.44969,0.1932019899380379
19747,1031,38.38921,-122.66297,0.1363627424535991
11622,1032,37.27117,-121.98617,-0.4565643672573073
11623,1032,36.61809,-121.31468,-0.2834280616916482
11624,1032,37.16346,-121.62645,-1.118310015614703
11625,1032,37.45035,-121.80037,-0.8254225620609644
11626,1032,37.73786,-122.06486,0.9841680336695692
11627,1032,36.68011,-119.02282,-0.6779730758043192
11628,1032,37.17217,-122.01121,0.4531550838315089
11629,1032,36.92745,-121.82764,-1.1466786204788828
11630,1032,37.21427,-122.17168,0.609463750439467
11631,1032,37.20631,-121.97726,-0.0613238431301835
11632,1032,37.15432,-121.73467,0.5381606591601926
11633,1032,37.2708,-122.21276,0.7828506907987843
11634,1032,37.40373,-122.23868,-1.2542826794316588
11636,1032,37.34164,-121.64257,-1.2380987325562252
11637,1032,37.65909,-118.97907,1.9670971230326573
11638,1032,37.008,-121.287,2.0500187604172644
11640,1032,36.2159,-120.80126,1.436319631572503
11641,1032,36.0688,-120.59618,1.6242494702894923
11642,1032,35.63597,-120.86984,1.5860981366509348
11643,1032,37.28744,-121.86422,-0.40443157414518
11644,1032,37.62211,-121.75697,-0.4618312929722977
11645,1032,36.851,-121.402,1.6425877970258875
11646,1032,36.891,-121.404,1.189619388583087
11647,1032,36.86,-121.54,0.2945305376401856
11648,1032,36.671,-121.642,-0.0638189096726046
11649,1032,36.807,-121.778,0.875466866954988
11650,1032,36.862,-121.578,0.0169130033084451
11651,1032,36.987,-121.536,-0.1338787213377116
11652,1032,36.848,-121.397,1.7920592086519405
21288,1032,37.91881,-122.15176,0.2227773495527873
21289,1032,37.87352,-122.26099,-1.6245866202860932
21290,1032,38.03455,-120.38651,-0.9423228088145638
21291,1032,37.69782,-123.0011,-1.909814305516696
21293,1032,36.3887,-121.5514,0.3759726537342462
21294,1032,38.99349,-123.07234,-1.4431309885786523
21296,1032,38.14478,-122.88018,-0.1656537917363045
21297,1032,38.87874,-122.44277,-1.2315066556263194
21298,1032,39.55451,-121.50036,-1.6225620806887144
21299,1032,35.945,-120.542,0.306393618029053
21300,1032,39.2291,-121.7861,-1.0726334795823884
21301,1032,37.25898,-121.67311,-0.38807106171219
21302,1032,37.72416,-122.11929,0.6733336067554989
21303,1032,37.12043,-122.1552,-0.8688436805308339
21304,1032,37.16067,-121.89899,0.7358013806485298
21305,1032,37.40701,-122.0946,-0.2595819632440531
21307,1032,37.85727,-122.42266,-0.2918473416729472
21308,1032,37.74766,-121.70843,1.0661708391432625
21309,1032,37.7294,-121.83346,1.1234523539623449
21310,1032,37.37289,-121.76887,-0.2318878147123543
21311,1032,37.81041,-121.80272,0.0003211083479294
21312,1032,37.9889,-122.2156,1.3124898139281316
21313,1032,37.85884,-121.99264,1.4201696423322874
21314,1032,37.91233,-121.90716,-0.3669735193466167
21315,1032,38.02691,-122.01599,-0.1844829648885064
21316,1032,37.0254,-121.4845,0.0976185456177464
21317,1032,37.34305,-122.33976,-0.0015631288442152
21318,1032,37.31861,-122.15314,-1.079419042095536
21320,1032,37.36045,-122.18986,-0.7389800681923628
21321,1032,37.51604,-122.45815,-0.8219151664895706
21322,1032,37.63719,-122.47482,-1.1674912816162644
21323,1032,37.79499,-122.4746,0.9810583614758162
21324,1032,37.19855,-122.34671,0.1996813036957655
21325,1032,37.58225,-122.42006,0.0592445533713732
21326,1032,37.40372,-122.17596,0.0211097999405065
21327,1032,37.58644,-122.50217,-1.294837899346054
21328,1032,37.6444,-118.89683,3.520911307734542
21329,1032,38.26021,-122.55179,0.9348596272690172
21330,1032,38.00198,-122.47466,-0.7115807908755165
21331,1032,38.15486,-121.80438,-0.1888345706875925
21332,1032,38.07601,-122.2585,0.5844931533997013
21333,1032,37.92371,-122.59649,-0.2205624967575679
21334,1032,35.73065,-120.24986,-0.0808032513994133
21335,1032,35.40773,-120.54556,-0.6918597740014006
21336,1032,35.86661,-120.4796,1.4361273005032391
21337,1032,35.82404,-121.05393,-4.159659137209254
11653,1033,37.40718,-122.00001,-0.1789461506021647
11654,1033,37.376,-121.84367,-0.3636458078345627
11655,1033,37.27117,-121.98617,-0.3114800631983243
11656,1033,37.87622,-122.23558,-0.3011685599503294
11657,1033,37.87352,-122.26099,-1.2684691343601229
11658,1033,37.16346,-121.62645,-0.9481074285743356
11659,1033,37.85727,-122.42266,0.7477562096204016
11660,1033,37.45035,-121.80037,-0.7928248583381334
11661,1033,37.74766,-121.70843,0.3508414458298932
11662,1033,37.25898,-121.67311,-0.6995065344962872
11663,1033,37.37289,-121.76887,-1.0360744191313485
11664,1033,37.73786,-122.06486,0.1473362557858908
11665,1033,37.81041,-121.80272,0.0060222466208483
11666,1033,37.94906,-122.40851,0.3002907742401992
11667,1033,37.91233,-121.90716,-0.0879493061999636
11668,1033,36.3887,-121.5514,0.468319043698982
11669,1033,37.0254,-121.4845,0.9845389927990904
11670,1033,37.34305,-122.33976,0.1327312266927556
11671,1033,37.17217,-122.01121,0.3231835663946443
11672,1033,37.04922,-121.80722,-0.8425620868851156
11673,1033,36.92745,-121.82764,-0.7517837635859089
11674,1033,37.36045,-122.18986,-0.9946780973260356
11675,1033,37.51604,-122.45815,0.3002503749135239
11676,1033,37.21427,-122.17168,0.8769370312927306
11677,1033,37.20631,-121.97726,1.160861497451921
11678,1033,37.15432,-121.73467,-1.1319201156927776
11679,1033,37.63719,-122.47482,-0.1280579147241448
11680,1033,37.79499,-122.4746,1.2812026973881938
11681,1033,37.19855,-122.34671,0.2757263296868302
11682,1033,37.58225,-122.42006,0.0603724407272832
11683,1033,37.67433,-122.39855,-0.4565537162265229
11684,1033,37.58644,-122.50217,0.6183003878987795
11685,1033,37.34164,-121.64257,1.172887654288285
11686,1033,38.00198,-122.47466,0.398780282030988
11687,1033,38.33656,-122.81082,0.7400934573765235
11688,1033,38.04962,-122.52331,0.6012685700032676
11689,1033,37.92371,-122.59649,0.0275988383085831
11690,1033,37.008,-121.287,-0.4435501761357507
11691,1033,37.28744,-121.86422,0.1946012593525647
11692,1033,37.62211,-121.75697,0.1401532970122529
11693,1033,37.39631,-121.75803,-0.4098362832207636
11694,1033,37.468,-122.308,1.527715129822475
11696,1033,37.79202,-122.26382,1.6193163829883843
11697,1033,37.118,-121.55,0.3790642241511941
11698,1033,37.224,-121.74,0.0529396821276384
11699,1033,37.29,-121.764,0.1676630056578953
11700,1033,37.001,-121.522,0.3546066232573022
11701,1033,37.124,-121.551,-2.250040583024747
11702,1033,37.21,-121.803,0.157603491261819
11703,1033,37.329,-121.937,-0.2604898401588296
11704,1033,37.484,-122.313,0.1558212508980656
11705,1034,33.3527,-115.733,-1.1238977077083934
11707,1034,35.2693,-116.0703,0.1013886559762719
11708,1034,34.68224,-118.57398,0.6285520725999086
11709,1034,33.4019,-118.41502,-0.3315126142165518
11711,1034,34.0602,-117.809,1.6387223111458278
11712,1034,33.876,-117.561,-0.3012493873433949
11713,1034,34.63745,-115.38115,0.6918605959793112
11714,1034,33.93597,-116.57794,-0.0871733697275642
11715,1034,33.65,-117.009,-1.6390922089246514
11716,1034,32.805,-115.447,-1.2884740276371325
11717,1034,34.88303,-117.99106,-0.4665741790325969
11718,1034,34.1,-117.439,-0.0625338341719277
11719,1034,35.082,-117.58267,1.2849416733322767
11720,1034,33.8717,-117.92251,1.406598513138079
11721,1034,36.46719,-116.86322,0.2094925958779597
11722,1034,33.051,-114.827,0.8415212695946792
11724,1034,35.30177,-116.80574,0.2015684845300737
11725,1034,34.8294,-116.335,0.6484778865516262
11726,1034,33.0859,-116.5959,-1.2634444879097837
11727,1034,34.15037,-118.10156,0.4573734301967033
11728,1034,34.61462,-118.29104,0.7698803504530543
11729,1034,34.61594,-117.82493,1.0227058559997113
11730,1034,34.5214,-117.991,0.4786988348252556
11731,1034,34.3656,-117.36683,-1.2697828025483835
11732,1034,34.005,-117.562,0.256172146408249
11734,1034,34.22362,-118.05832,0.0488883223061451
11735,1034,34.8249,-114.59941,-0.3317456470450998
11736,1034,34.6145,-118.7235,-0.1842910201653087
11737,1034,34.1484,-118.1711,0.2124343019387609
11739,1034,33.354,-116.863,-1.513611296238092
11740,1034,33.7953,-117.60906,1.4206404961697057
11741,1034,33.74346,-118.40412,0.5384025285085774
11743,1034,34.05073,-118.08085,0.1873181732275235
11744,1034,33.99351,-117.37545,-0.98618164537783
11745,1034,33.70432,-117.88578,-0.464149475421425
11746,1034,34.44076,-119.71492,0.1847448807513865
11747,1034,34.232,-117.235,-0.0121980623141981
11748,1034,32.9799,-118.54697,-1.0570685423252015
11749,1034,35.8996,-116.27515,1.2425935288819925
11750,1034,34.01438,-118.45617,0.7367746734907692
11751,1034,34.27091,-118.74407,0.2896221408971423
11752,1034,32.841,-117.248,1.5461630499555323
11753,1034,34.416,-118.449,0.3125689423059967
11754,1034,34.106,-117.098,0.2661515707525551
11755,1034,32.94508,-115.79988,-1.4447755832135398
11756,1034,34.38203,-117.67822,-0.0675238956820311
11757,1034,34.15607,-118.82039,-0.8023812999956568
11758,1034,34.01919,-118.28631,-0.0791274234016496
11759,1034,34.48364,-118.11783,-2.0419562814674195
11760,1034,34.56065,-117.3296,0.3053826658641375
11761,1035,34.312,-118.496,0.8347228380849637
11762,1035,34.313,-118.498,0.3106149908388333
11763,1035,34.258,-118.301,0.8675642800076409
11764,1035,34.207,-118.233,0.0054605933460532
11765,1035,34.127,-118.346,-1.2223912531050427
11766,1035,34.148,-118.371,-0.1193925660393088
11767,1035,34.196,-118.341,-0.6403548898652949
11768,1035,34.174,-118.2,-0.3390372029310731
11769,1035,34.387,-118.533,-0.4458193044327498
11770,1035,34.143,-118.304,-0.954497792894703
11771,1035,34.327,-118.444,0.5118225566069723
11772,1035,34.219,-118.429,0.4565490344876631
11773,1035,34.172,-118.42,0.2487780985594261
11774,1035,34.084,-118.307,0.0119272648843476
11775,1035,34.199,-118.396,0.5662339003871754
11776,1035,34.07,-118.346,-0.0965170791622917
11777,1035,34.271,-118.735,0.5432109420746086
11778,1035,34.262,-118.669,-0.0560130550353728
11779,1035,34.139,-118.364,0.3681769007039661
11780,1035,34.18,-118.336,-0.3894980689065201
11781,1035,34.044,-118.443,0.3616156866378345
11782,1035,34.029,-118.409,0.8930702348345211
11783,1035,34.056,-118.274,-0.1704585911346148
11784,1035,34.6172,-118.285,-0.6415639109145294
11785,1035,34.19658,-118.02307,2.1984591358196384
11786,1035,34.073,-118.117,0.0128258936129115
11787,1035,34.09671,-118.47946,0.4670571638709405
11788,1035,34.14647,-118.76699,0.3133522605082259
11789,1035,34.68708,-118.29946,-0.614232580121342
11790,1035,32.68005,-116.67215,-1.802937259134613
11791,1035,34.1949,-118.354,-0.0901683934176486
11792,1035,34.2623,-116.92075,1.834574250949116
11793,1035,33.57508,-117.26119,-0.3448124831478645
11794,1035,34.069,-116.39,0.3666214655941371
11795,1035,33.268,-116.417,-0.4039694740225789
11796,1035,34.68224,-118.57398,0.147014222087842
11797,1035,33.38822,-117.19495,-0.6959735658556794
11799,1035,33.999,-117.68,-0.923324525241222
11800,1035,33.4019,-118.41502,-0.1486700258110311
11801,1035,34.093,-117.317,0.7023719996441427
11802,1035,33.655,-115.99,1.0819924465398818
11803,1035,33.93597,-116.57794,0.4934128635459281
11804,1035,33.65,-117.009,-1.0950614323783827
11805,1035,34.10618,-118.45505,0.3029252181637455
11806,1035,34.88303,-117.99106,-1.98533540517222
11807,1035,35.082,-117.58267,1.3159859740457345
11808,1035,33.1537,-117.22921,-1.4755646421302944
11810,1035,34.1192,-117.809,0.5931656882820241
11811,1035,34.13677,-118.1283,0.4281879537695393
11812,1035,35.30177,-116.80574,1.1090286397297884
11813,1035,34.8294,-116.335,1.6086890580325464
11814,1035,34.17643,-118.35967,-0.7382063894266366
11815,1035,35.66278,-118.47403,-0.8435808036655899
11816,1035,33.0859,-116.5959,-0.8753629925428783
11817,1035,35.9823,-117.8076,0.2136503376254112
11818,1035,34.15037,-118.10156,0.7721038390670816
11819,1035,33.7141,-116.7119,-1.4236615995412716
11820,1035,34.00033,-118.37794,0.8650533592137045
11821,1035,34.61462,-118.29104,-0.857039295660878
11822,1035,34.30529,-118.48805,0.0346509056600199
11823,1035,34.10819,-119.06587,-0.411606530214354
11824,1035,34.61594,-117.82493,-0.9212987610168588
11825,1035,34.5214,-117.991,0.3542616658870101
11826,1035,34.3656,-117.36683,0.1950100276369831
11827,1035,33.3516,-116.5615,0.3340915214496306
11828,1035,33.818,-116.369,1.1418411717834005
11829,1035,34.005,-117.562,-0.4362109990355455
11830,1035,34.28085,-118.9049,2.034444776825396
11831,1035,33.808,-116.968,1.506734039553995
11832,1035,34.22869,-118.55829,0.6028916225957535
11833,1035,33.94539,-117.92372,-1.0854651801876505
11834,1035,34.6145,-118.7235,-0.3186924884780075
11835,1035,34.1484,-118.1711,-0.7404709382197007
11836,1035,34.44199,-118.58215,0.375366283313279
11837,1035,34.1207,-117.63808,0.0030908928636317
11839,1035,35.40773,-120.54556,-1.6554436313105347
11840,1035,33.82436,-116.51195,1.156043609954951
11841,1035,33.354,-116.863,-0.927531377804639
11842,1035,33.7953,-117.60906,0.6944934906670547
11843,1035,36.30523,-119.24384,-0.0555246653676745
11844,1035,34.10473,-117.97956,-0.3695247348043436
11845,1035,33.74346,-118.40412,-0.4313729344843094
11846,1035,34.05073,-118.08085,-0.5330908530795787
11847,1035,33.99351,-117.37545,-1.6766942480958795
11848,1035,34.44076,-119.71492,1.8361044550489825
11849,1035,34.232,-117.235,-0.1600272697400446
11850,1035,33.99543,-119.6351,0.5145190793979422
11851,1035,33.553,-117.662,0.3058950728870587
11852,1035,34.293,-119.1646,0.5337586160840003
11853,1035,35.89095,-117.28332,0.3196449724622914
11854,1035,34.01438,-118.45617,0.6338469091278505
11855,1035,33.24787,-119.52437,-0.4024697484993496
11856,1035,34.416,-118.449,0.2644559003532156
11857,1035,36.1355,-118.81099,-1.0153935948814197
11858,1035,33.829,-117.789,-1.5010691119763668
11859,1035,34.30302,-119.18676,0.6646598175972719
11860,1035,34.106,-117.098,0.6517584181798806
11861,1035,34.38203,-117.67822,0.3144038696198168
11862,1035,34.08377,-118.599,-0.8538336061220714
11863,1035,34.15607,-118.82039,0.0531946820990131
11864,1035,34.01919,-118.28631,-1.1269847676131264
11865,1035,34.48364,-118.11783,-0.6398568830757805
11866,1035,35.84089,-119.08469,0.0117816457613045
11867,1035,34.56065,-117.3296,0.1018755596912723
11868,1035,33.94869,-118.25547,-0.9193081905256476
11885,1038,34.084,-118.6,-0.5060305989389458
11886,1038,34.3968,-119.299,0.1459076432128226
11887,1038,34.155,-118.641,-0.4678503114154744
11888,1038,34.55046,-117.43391,1.5848599914225003
11889,1038,34.14647,-118.76699,0.2291881411358011
11890,1038,34.68708,-118.29946,0.3206189385824576
11891,1038,35.1269,-118.83009,-1.1280841857786137
11892,1038,35.34444,-119.10445,-0.7415392949080012
11894,1038,34.2623,-116.92075,0.8961394984611994
11896,1038,34.23883,-117.65853,0.1673601312526912
11897,1038,34.069,-116.39,-0.7387750565216645
11899,1038,34.68224,-118.57398,-0.1099132071963254
11900,1038,35.52495,-117.36453,0.1099396476348547
11901,1038,36.5504,-117.80295,0.4080142031939466
11903,1038,33.999,-117.68,0.6325565238452221
11904,1038,33.4019,-118.41502,-0.2885453122911446
11908,1038,34.25353,-118.33383,-0.0878424831210511
11909,1038,33.65,-117.009,-1.097257305736939
11910,1038,34.10618,-118.45505,-0.3156259874929303
11911,1038,33.567,-116.631,0.9109010403111568
11913,1038,34.88303,-117.99106,-0.3991374669466512
11917,1038,34.72832,-119.98803,-1.3263732589916728
11918,1038,33.71264,-118.29381,1.5414051705244456
11920,1038,35.30177,-116.80574,0.0290362552578992
11921,1038,34.8294,-116.335,1.5048132503383054
11923,1038,35.66278,-118.47403,-0.5641516551924173
11924,1038,33.0859,-116.5959,-1.103018017029736
11925,1038,35.98249,-117.80885,0.3448736497232952
11926,1038,33.86889,-118.33143,1.186051563960888
11927,1038,34.00033,-118.37794,0.5056976775996371
11928,1038,34.73551,-120.27996,-0.8437885712458281
11930,1038,34.9906,-118.34156,-0.9654348752586528
11931,1038,34.30529,-118.48805,0.7191070163995201
11932,1038,34.10819,-119.06587,-1.4155325959185892
11933,1038,34.80762,-118.86775,0.2479658639276067
11934,1038,34.61594,-117.82493,0.9317209626390218
11935,1038,33.684,-117.943,0.2258754740533335
11936,1038,34.93439,-117.69629,0.1805256904466174
11937,1038,35.47954,-117.68212,-2.3469619164240605
11938,1038,34.3656,-117.36683,0.0092973662128825
11942,1038,34.005,-117.562,0.3615293444065123
11943,1038,34.28085,-118.9049,1.1876724296682908
11944,1038,34.81258,-119.1453,-0.2547085223327439
11945,1038,36.05799,-117.48901,0.3939293633120696
11947,1038,34.22362,-118.05832,0.7793098195360993
11948,1038,34.53412,-120.17737,-0.8514884423916752
11949,1038,33.94539,-117.92372,0.590725142406359
11950,1038,34.6145,-118.7235,-0.6846737973092667
11951,1038,34.1484,-118.1711,-0.6256252828289939
11952,1038,34.44199,-118.58215,0.6709623908280955
11954,1038,35.40773,-120.54556,-2.1746752737375314
11955,1038,35.945,-120.542,-0.6735124446779879
11956,1038,33.354,-116.863,-0.8592985636817002
11957,1038,33.7953,-117.60906,0.2669867738228273
11958,1038,33.63,-116.8478,-0.6443783416382941
11959,1038,34.281,-118.478,0.4627644931360879
11960,1038,33.74346,-118.40412,1.098407572424028
11961,1038,34.87533,-116.99684,1.3202042593457122
11962,1038,34.05073,-118.08085,0.53874399825692
11963,1038,33.99351,-117.37545,-1.5938382739304366
11966,1038,34.44076,-119.71492,-0.9625735249125724
11968,1038,33.99543,-119.6351,-0.550829422457056
11969,1038,33.553,-117.662,0.9215126358403056
11970,1038,34.56547,-120.50137,0.1825028444928142
11972,1038,34.43692,-119.1375,0.1644011082599613
11973,1038,34.293,-119.1646,0.9960543133393598
11974,1038,35.89095,-117.28332,-0.1761559182526932
11975,1038,33.834,-116.797,-0.7445430946307805
11976,1038,34.90218,-120.44709,-0.490038160502647
11977,1038,35.3142,-119.99581,1.1959231419243392
11978,1038,34.01438,-118.45617,0.8978211421814362
11979,1038,33.24787,-119.52437,-1.5654758287302153
11980,1038,34.05933,-118.64614,0.9834946727345498
11981,1038,36.1355,-118.81099,-1.0979213222419766
11982,1038,33.829,-117.789,0.4007111922951131
11983,1038,34.30302,-119.18676,1.801058085283292
11984,1038,33.664,-117.769,-0.5101873709405026
11985,1038,34.106,-117.098,-0.2254401243158256
11986,1038,34.52775,-119.97834,-0.926789089181016
11987,1038,34.38203,-117.67822,1.483692542901958
11989,1038,35.14592,-119.41946,-0.3787193804460068
11991,1038,34.15607,-118.82039,0.2521802266781616
11993,1038,34.413,-119.8427,-1.301370349340852
11994,1038,34.48364,-118.11783,-0.8515437475662688
11995,1038,35.84089,-119.08469,-0.7689799630040176
11996,1038,35.53664,-118.14035,0.379889167417848
11997,1038,34.51085,-119.27407,0.5002601906207981
11998,1038,34.00948,-117.95077,1.147691508313862
11999,1038,34.1717,-118.64971,0.9577853288692644
12065,1042,34.55046,-117.43391,1.5305153647665468
12066,1042,34.68708,-118.29946,0.8181304288188382
12067,1042,34.2623,-116.92075,1.171059840989822
12068,1042,33.921,-116.981,0.66225553662953
12069,1042,34.069,-116.39,0.2850483507239733
12070,1042,34.68224,-118.57398,0.7908682278833814
12071,1042,33.38822,-117.19495,-1.1534188890980552
12072,1042,33.999,-117.68,0.3565231540207465
12074,1042,34.25353,-118.33383,-1.2099118993353102
12075,1042,33.65,-117.009,-0.9322557936781476
12076,1042,34.10618,-118.45505,-0.8873778211478011
12077,1042,34.88303,-117.99106,-0.7494183148965015
12078,1042,34.397,-118.918,0.335380196294757
12079,1042,33.71264,-118.29381,0.3051816435769112
12080,1042,34.8294,-116.335,1.374164419161527
12081,1042,34.17643,-118.35967,-1.1756351697415397
12082,1042,35.9823,-117.8076,1.173140806322427
12083,1042,33.7141,-116.7119,-1.1417775323097226
12084,1042,33.86889,-118.33143,0.329447349601788
12085,1042,34.00033,-118.37794,-0.8977432602912854
12086,1042,33.9753,-118.14918,-0.8350089850881898
12087,1042,34.10819,-119.06587,-0.5946133686674822
12088,1042,33.684,-117.943,-0.5164550064925093
12089,1042,33.881,-118.176,0.1720127106108155
12090,1042,34.28085,-118.9049,0.9819620617417046
12091,1042,36.05799,-117.48901,-0.3932642324072194
12092,1042,33.808,-116.968,0.872650008888243
12094,1042,34.22362,-118.05832,0.7311734632180462
12095,1042,34.44199,-118.58215,-0.5579204515999687
12097,1042,35.40773,-120.54556,-0.672935272957522
12098,1042,33.7953,-117.60906,0.3747016150276845
12099,1042,33.74346,-118.40412,1.6221112938427051
12100,1042,34.05073,-118.08085,-0.5450646562343272
12101,1042,34.44076,-119.71492,0.0670479278564863
12102,1042,33.553,-117.662,-0.0082254832050926
12103,1042,35.3142,-119.99581,0.683113633033429
12104,1042,34.01438,-118.45617,-0.8607509744222401
12105,1042,34.05933,-118.64614,-0.0669831088483965
12106,1042,33.664,-117.769,-1.1468012194973538
12107,1042,34.106,-117.098,0.1492546508224431
12108,1042,34.01919,-118.28631,-1.368431590237164
12109,1042,35.84089,-119.08469,0.1424198666404758
12110,1042,34.56065,-117.3296,-0.2663727228728489
12111,1043,38.441,-122.701,1.3306717688660803
12112,1043,37.75094,-122.49072,-0.2134751900226276
12113,1043,37.762,-122.505,0.7884563795395109
12114,1043,37.54187,-122.30471,0.6275051179222708
12115,1043,37.68,-121.739,-0.4287250745487492
12116,1043,37.59094,-122.36741,-0.1768542778515463
12117,1043,37.27117,-121.98617,0.2263845582455225
12118,1043,37.71737,-121.72701,0.5682454671645737
12119,1043,37.67928,-122.48405,0.6677974968627343
12120,1043,37.91056,-122.53778,-0.3612175105990572
12121,1043,38.03445,-122.27016,-1.08474983616615
12122,1043,37.74484,-122.40134,1.5787571248250596
12123,1043,37.71633,-122.43117,0.0782629676664305
12124,1043,38.29027,-122.46125,0.3774805699030203
12125,1043,37.85727,-122.42266,1.043804595673368
12126,1043,37.45035,-121.80037,-0.6678571105312683
12127,1043,37.7294,-121.83346,0.497161712439131
12128,1043,37.85884,-121.99264,0.5567324538949237
12129,1043,37.91233,-121.90716,-0.8447572197996822
12130,1043,38.02691,-122.01599,0.9892210384348692
12131,1043,37.34305,-122.33976,0.2031312103852494
12132,1043,37.31861,-122.15314,-0.116720274790365
12133,1043,37.51604,-122.45815,0.2230744403457642
12134,1043,37.21427,-122.17168,0.8384429333050482
12135,1043,37.20631,-121.97726,1.150346104139851
12136,1043,37.15432,-121.73467,-0.6402677876918585
12137,1043,37.63719,-122.47482,-0.2160384626927064
12138,1043,37.2708,-122.21276,0.996323058821028
12139,1043,37.19855,-122.34671,-0.2049567199449997
12140,1043,37.58225,-122.42006,0.6828986107949693
12141,1043,37.40372,-122.17596,0.2958135149157677
12142,1043,37.58644,-122.50217,-0.2271842627956103
12143,1043,39.68631,-123.58242,-2.0154679160846416
12146,1043,38.43951,-122.25272,0.6297033801132267
12147,1043,38.26021,-122.55179,0.7612032480365072
12148,1043,38.33656,-122.81082,0.5352080017719029
12149,1043,38.46769,-122.89651,-0.7203213305513714
12150,1043,38.28043,-122.21582,-0.6085860320774407
12151,1043,38.16488,-122.71296,-1.0203321723649093
12152,1043,38.07601,-122.2585,0.4414316242481971
12153,1043,38.04248,-122.79684,1.0017437594305647
12154,1043,37.99642,-123.01949,-0.5238428804130645
12155,1043,38.34878,-122.57795,1.4818806446451849
12156,1043,38.38921,-122.66297,0.5867093640011128
20356,1043,37.81647,-122.06302,0.4207749291497616
20357,1043,37.9889,-122.2156,0.5039727336451123
20358,1043,37.94906,-122.40851,-0.5302839081402144
20359,1043,37.72416,-122.11929,0.4289592781188687
20360,1043,37.12043,-122.1552,-0.9698467071132476
20361,1043,37.51704,-122.37731,-0.2554353811003615
20362,1043,37.67433,-122.39855,1.2558028128839946
20363,1043,37.16067,-121.89899,1.3764160415072324
20364,1043,37.92144,-122.71806,0.4929502499832158
20365,1043,38.04962,-122.52331,-0.5954248107658402
20366,1043,38.12282,-122.14921,-0.4022754513248409
20367,1043,38.20025,-122.4644,0.6418363793567202
20368,1043,38.233,-122.636,-0.777159603262095
20369,1043,37.76021,-122.41524,-0.4183876884995414
20370,1043,37.77737,-122.39689,-1.585639746418065
20371,1043,37.76386,-122.4736,0.8537617399764464
20372,1043,37.4748,-122.2392,-1.3128839225263014
20373,1043,37.30249,-121.97978,0.2542527444433281
20374,1043,37.26352,-121.91617,-0.4044919491971566
20375,1043,37.30143,-121.9039,-0.9154723536313544
20376,1043,37.74766,-122.42528,-0.638925370620817
20377,1043,37.16346,-121.62645,-0.5471061122999872
20378,1043,37.74766,-121.70843,-0.0372795000617267
20379,1043,37.17217,-122.01121,0.8265931369449792
20380,1043,37.28397,-122.05017,0.7468185690287693
20381,1043,40.4756,-124.3375,-1.908175827237172
20382,1043,40.4175,-124.1206,-2.854087478580712
20383,1043,38.15486,-121.80438,-0.3034404069776071
20384,1043,37.9231,-122.5983,0.0971818993360745
12157,1044,37.91056,-122.53778,-1.8180414495906845
12158,1044,38.03445,-122.27016,-0.1837970989477791
12159,1044,37.95397,-121.86554,0.2988839643810835
12160,1044,37.87622,-122.23558,-0.3775568543181484
12161,1044,37.91881,-122.15176,-0.5233685674563987
12162,1044,37.87352,-122.26099,-1.051294852510182
12163,1044,37.85727,-122.42266,0.4212103553631838
12164,1044,37.85884,-121.99264,0.6542722340397191
12165,1044,37.91233,-121.90716,0.7957027937389691
12166,1044,38.02691,-122.01599,2.707514582303067
12167,1044,38.34526,-122.4584,-1.5357411778778411
12168,1044,37.69782,-123.0011,-1.952912199241018
12169,1044,37.34305,-122.33976,1.1119739892945435
12170,1044,37.51604,-122.45815,1.2579581564678233
12171,1044,37.20631,-121.97726,0.5976382820750661
12172,1044,37.2708,-122.21276,0.8334172103586295
12173,1044,37.40373,-122.23868,-0.0455359057322661
12174,1044,37.58225,-122.42006,1.856446685419472
12175,1044,37.58644,-122.50217,1.2931669549778857
12176,1044,38.87874,-122.44277,-1.168218416149326
12177,1044,38.43951,-122.25272,-0.0516786287026655
12178,1044,38.26021,-122.55179,-0.2483357176684526
12179,1044,38.30988,-122.943,-0.989103914177896
12180,1044,38.33656,-122.81082,-0.5779943280732769
12181,1044,38.28043,-122.21582,-0.7102002718065278
12182,1044,38.15486,-121.80438,1.2490646466525197
12183,1044,38.16488,-122.71296,-0.7264335606560417
12184,1044,38.07601,-122.2585,0.5488123051551821
12185,1044,38.04248,-122.79684,0.5014583895387468
12186,1044,37.99642,-123.01949,-1.3665964266942243
12187,1044,38.14361,-122.44969,-0.5724151877074617
12188,1044,38.38921,-122.66297,-0.1275937752086028
19748,1044,38.03455,-120.38651,-0.8724580284551706
19750,1044,38.99349,-123.07234,-2.3384358044668456
19752,1044,37.34164,-121.64257,-1.344391429094184
19753,1044,39.55451,-121.50036,-3.049086073102225
19754,1044,37.008,-121.287,-0.3408743263727342
19757,1044,36.76403,-121.44722,-1.832719749355069
19758,1044,37.9889,-122.2156,1.3105796680008872
19759,1044,37.94906,-122.40851,-1.239498954055375
19760,1044,37.72416,-122.11929,1.2618909737483008
19761,1044,37.80787,-122.3618,1.5395920143028372
19762,1044,37.67433,-122.39855,1.5082362452372915
19763,1044,37.16067,-121.89899,2.052876347801065
19764,1044,37.92144,-122.71806,-0.7444188644391911
19765,1044,38.04962,-122.52331,-1.9850814089512625
19766,1044,38.12282,-122.14921,0.9518272787106364
19767,1044,38.20025,-122.4644,-0.6079061223609722
19768,1044,37.762,-122.505,0.9807096975915818
19769,1044,37.54187,-122.30471,1.5034863977228476
19770,1044,37.45098,-122.4287,0.9390457572746496
19771,1044,37.71737,-121.72701,0.7522694048210349
19772,1044,37.67928,-122.48405,2.1302960002510334
19773,1044,38.29027,-122.46125,-0.2500813546547283
19774,1044,38.4421,-122.6068,-1.012468664478176
19775,1044,37.72688,-122.15092,0.1212498929200545
19776,1044,37.8852,-122.03217,0.8596455622002174
19777,1044,37.94215,-121.93047,0.1326291618202596
19778,1044,38.01299,-122.13416,0.58371423986722
19779,1044,38.36743,-122.52403,-0.3665973385040229
19780,1044,37.74766,-121.70843,-0.464568174862846
19781,1044,37.7294,-121.83346,-0.2889560826263384
19782,1044,37.73786,-122.06486,0.6116611237590436
19783,1044,37.17217,-122.01121,0.740356240109631
19784,1044,37.36045,-122.18986,-0.3986073462016746
19785,1044,37.21427,-122.17168,0.2588354519447243
19786,1044,37.15432,-121.73467,-0.5414357283952725
19787,1044,37.63719,-122.47482,0.6260920788174836
19788,1044,37.6444,-118.89683,2.2001913772616404
19789,1044,37.65909,-118.97907,0.9899895496334972
19790,1044,38.46769,-122.89651,-0.6137863802860878
19791,1044,38.34878,-122.57795,1.3398100134518571
19792,1044,38.24039,-122.79842,-2.2183132428541628
19793,1044,36.2159,-120.80126,-1.638742215655296
12189,1045,37.76021,-122.41524,-0.3154346729100969
12190,1045,37.77737,-122.39689,-0.6561573500922905
12191,1045,37.76386,-122.4736,0.4486111134775346
12192,1045,37.54187,-122.30471,0.2307603516423124
12193,1045,37.74664,-122.38679,1.8003692988618842
12194,1045,37.45098,-122.4287,-1.0642689691366278
12195,1045,37.67928,-122.48405,1.5781987476697856
12196,1045,37.88767,-122.29916,-0.3307568528852629
12197,1045,38.03445,-122.27016,1.0762989520313002
12198,1045,37.71633,-122.43117,-0.6302639665105516
12199,1045,37.81076,-122.29252,0.1960281566592432
12200,1045,37.8251,-122.27606,0.9168730870015206
12201,1045,37.72416,-122.44841,-1.100874517733757
12202,1045,37.86059,-122.29327,1.3197783430915198
12203,1045,37.85835,-122.25252,1.7177331871365242
12204,1045,37.72688,-122.15092,-1.2908820552526927
12205,1045,37.8852,-122.03217,-0.1967877884444471
12206,1045,38.01299,-122.13416,1.923959039404462
12207,1045,37.87352,-122.26099,0.8576857476088795
12208,1045,37.85727,-122.42266,0.3319589038410484
12209,1045,37.74766,-121.70843,-0.3868068101241619
12210,1045,37.7294,-121.83346,-0.7020246224754
12211,1045,37.73786,-122.06486,-0.664049223234805
12212,1045,37.81041,-121.80272,-1.0074461849688632
12213,1045,37.9889,-122.2156,2.164141300707072
12214,1045,37.85884,-121.99264,0.2625679314158505
12215,1045,37.91233,-121.90716,-1.0919364370683144
12216,1045,37.34305,-122.33976,-0.4414440258502611
12217,1045,37.17217,-122.01121,-0.5496977826253694
12218,1045,37.36045,-122.18986,-2.5454045319940675
12219,1045,37.51604,-122.45815,-0.9423305980499616
12220,1045,37.63719,-122.47482,-0.3947141592955623
12221,1045,37.2708,-122.21276,-0.1424635422218044
12222,1045,37.79499,-122.4746,0.7116582528152297
12223,1045,37.19855,-122.34671,-0.7888194720526163
12224,1045,37.58225,-122.42006,0.3234779053964433
12225,1045,37.40372,-122.17596,-1.090851567481215
12226,1045,37.58644,-122.50217,-0.088945061794968
12227,1045,38.43951,-122.25272,2.4191954499682
12228,1045,38.00198,-122.47466,1.413099429611427
12229,1045,38.30988,-122.943,1.5258490944092005
12230,1045,38.33656,-122.81082,1.845805757343992
12231,1045,38.28043,-122.21582,0.9846622794238448
12232,1045,38.16488,-122.71296,1.1939281473581518
12233,1045,38.12282,-122.14921,1.518743790807061
12234,1045,38.07601,-122.2585,2.2718697836419457
12235,1045,38.04248,-122.79684,2.053621485293894
12236,1045,37.99642,-123.01949,0.3846180616217284
12237,1045,38.20025,-122.4644,2.163377749168088
12238,1045,37.92371,-122.59649,0.4052338531498988
12239,1045,38.14361,-122.44969,1.5270885168700858
12240,1045,38.24039,-122.79842,1.212263574527225
12241,1045,38.38921,-122.66297,1.9587430594838624
12243,1045,37.8965,-122.322,-0.3479206440779811
12244,1045,37.75896,-122.19756,-1.5719655257993654
12245,1045,37.80285,-122.23033,1.6802264863367724
12247,1045,37.7934,-122.41636,-0.685445738821522
12248,1045,37.927,-122.078,1.313437546016352
12250,1045,37.804,-122.443,1.380342822590322
12251,1045,37.95,-122.417,0.4364490470821072
12252,1045,37.763,-122.244,0.1979766883484237
12253,1045,38.108,-122.248,1.4287928680142536
12254,1045,38.33,-122.318,1.005188254935108
12255,1045,37.91056,-122.53778,0.9320563827626944
12256,1045,37.7986,-122.2684,0.7218175861987904
12257,1045,37.7897,-122.277,0.8557709125364951
12258,1045,37.879,-122.183,0.342495741840082
12259,1045,37.848,-122.16,1.194398969932278
12260,1045,37.848,-122.228,3.0648295986640526
12261,1045,37.697,-122.08,0.0136751898640541
12262,1045,37.876,-122.249,3.0385557560580203
12263,1045,37.935,-122.342,0.7694439075197361
12264,1045,37.978,-122.329,1.7533873326447131
12265,1045,37.973,-122.036,1.331360767323885
12266,1045,37.821,-122.234,1.3597723937491974
12267,1045,37.822,-122.319,-0.4307547575378083
12268,1045,38.1217,-122.275,1.0396119250785163
12269,1045,37.87622,-122.23558,1.9285735318305568
20026,1045,37.91881,-122.15176,-0.3296287723979523
20027,1045,38.03455,-120.38651,-2.9390537532270806
20028,1045,37.69782,-123.0011,-0.9175977786346864
20029,1045,39.65471,-122.71595,-2.284363267942867
20030,1045,36.3887,-121.5514,-1.4032228258119783
20032,1045,38.99349,-123.07234,0.3760133982338491
20034,1045,38.14478,-122.88018,2.5856024226096483
20035,1045,37.34164,-121.64257,-2.078563072776035
20036,1045,38.87874,-122.44277,0.1701339442113932
20037,1045,39.55451,-121.50036,-2.728610863852219
20038,1045,37.008,-121.287,-0.0594564241130066
20039,1045,35.945,-120.542,-1.9255331998790564
20040,1045,35.63597,-120.86984,-0.8200560452802762
20041,1045,37.91608,-122.33607,0.1878239109691181
20042,1045,36.76403,-121.44722,-0.501797454584999
20043,1045,37.28744,-121.86422,-1.293914521947433
20044,1045,39.2291,-121.7861,-0.9545577273950602
20045,1045,37.81647,-122.06302,-0.1189553560269109
20046,1045,37.94906,-122.40851,0.2850745499256323
20047,1045,37.80787,-122.3618,1.3464969152247088
20048,1045,37.12043,-122.1552,-1.6980170667185772
20049,1045,37.51704,-122.37731,-0.5135218107181225
20050,1045,37.16067,-121.89899,0.3877486235258889
20051,1045,37.92144,-122.71806,0.1265661183774094
20052,1045,38.04962,-122.52331,0.4837827627680421
20053,1045,38.441,-122.701,2.634609294061841
20054,1045,38.233,-122.636,0.712384014111869
20055,1045,37.762,-122.505,0.7056181458537926
20056,1045,37.40701,-122.0946,-1.6195670698356517
20057,1045,37.30249,-121.97978,-1.960266814198236
20058,1045,37.26748,-121.86656,-1.4708845145452574
20059,1045,37.26352,-121.91617,-1.8224523955577427
20060,1045,37.30143,-121.9039,-2.04383660909958
20061,1045,37.31816,-121.94354,-1.655565007757307
20062,1045,37.68,-121.739,-1.0361862746216566
20063,1045,37.41702,-121.9154,-0.2871264465579687
20064,1045,37.59094,-122.36741,-0.9811674814592748
20065,1045,37.74766,-122.42528,-1.510460135488645
20066,1045,37.40718,-122.00001,-2.016651662254889
20067,1045,37.39415,-122.06041,-1.319571534046975
20068,1045,37.376,-121.84367,-1.045157471648009
20069,1045,37.59268,-122.07449,-1.3366843665767012
20070,1045,37.71737,-121.72701,0.0743420172386071
20071,1045,37.74484,-122.40134,1.810191380904553
20072,1045,37.77934,-122.486,0.0753470482787438
20073,1045,37.41395,-121.87085,-0.3346229073353525
20074,1045,37.6806,-121.92098,-1.33004895652701
20075,1045,38.29027,-122.46125,1.5591137052568695
20076,1045,37.37418,-122.0781,-1.7558899394959744
20077,1045,38.4421,-122.6068,1.4963863170805576
20078,1045,37.69169,-122.16982,-1.6976037079014534
20079,1045,37.23294,-121.77186,-1.2928226158109648
20080,1045,37.38332,-121.91088,-0.264880418514754
20081,1045,37.28537,-121.93602,-2.582114049499741
20082,1045,37.35834,-121.97775,-1.933029219017578
20083,1045,37.68873,-121.78351,-1.1088609949930328
20084,1045,37.94215,-121.93047,-1.3734002429526064
20085,1045,38.36743,-122.52403,1.7011257259617345
20086,1045,37.66666,-121.85715,-1.6000219659765222
20087,1045,36.88311,-121.3908,-0.3485009317255184
20088,1045,37.16346,-121.62645,-1.114369094715746
20089,1045,37.45035,-121.80037,-1.850499582639272
20090,1045,37.37289,-121.76887,-1.3159591483420312
20091,1045,38.02691,-122.01599,0.6500746720527191
20092,1045,38.76927,-123.01486,0.6828676345869483
20093,1045,38.80797,-122.7953,-0.327624709432481
20094,1045,37.0254,-121.4845,0.3662052647127986
20095,1045,37.31861,-122.15314,-1.948878765406003
20096,1045,37.04922,-121.80722,-0.7357162365422757
20097,1045,36.92745,-121.82764,-0.7063837527648941
20098,1045,37.21427,-122.17168,-0.42923354441782
20099,1045,37.20631,-121.97726,-0.538326985546309
20100,1045,37.15432,-121.73467,-1.1171494024400193
20101,1045,37.28397,-122.05017,-2.7530441493136486
20102,1045,39.68631,-123.58242,-2.139471403477673
20110,1045,37.6444,-118.89683,0.968976785261976
20111,1045,37.65909,-118.97907,-0.3498356438660245
20112,1045,38.26021,-122.55179,1.742910012895721
20113,1045,38.46769,-122.89651,2.316374857914093
20114,1045,38.15486,-121.80438,0.1364984144763879
20115,1045,38.65651,-122.61441,2.507125539779072
20116,1045,38.34878,-122.57795,3.143794757175526
20117,1045,35.73065,-120.24986,-2.63040516919349
12270,1046,37.54187,-122.30471,-0.2094151705055343
12271,1046,37.27117,-121.98617,0.0469982601441372
12272,1046,37.45098,-122.4287,-1.3391425513302948
12273,1046,37.71633,-122.43117,-2.043415158753898
12274,1046,37.41395,-121.87085,-0.3075540232428151
12275,1046,37.6806,-121.92098,-0.1501066158474383
12276,1046,37.95397,-121.86554,0.0375419570434677
12277,1046,37.87622,-122.23558,0.5623498414605123
12278,1046,37.91881,-122.15176,-0.4557175804823216
12280,1046,37.85727,-122.42266,0.6165193171815598
12281,1046,37.45035,-121.80037,-0.9814948469439408
12282,1046,37.74766,-121.70843,0.3477194542929529
12283,1046,37.73786,-122.06486,1.4015698860719372
12284,1046,37.81041,-121.80272,0.3161001520402786
12285,1046,37.85884,-121.99264,1.0522088001691288
12286,1046,37.91233,-121.90716,-0.3135122434066605
12287,1046,38.02691,-122.01599,-0.4442784613772498
12288,1046,38.34526,-122.4584,-0.4033336778265717
12289,1046,37.69782,-123.0011,0.5451727693760894
12290,1046,36.3887,-121.5514,-0.4945536005001099
12291,1046,37.34305,-122.33976,0.8113953979348908
12292,1046,37.31861,-122.15314,0.7294446142843811
12293,1046,37.17217,-122.01121,1.3794826343077595
12294,1046,37.04922,-121.80722,1.1533265686783638
12295,1046,37.36045,-122.18986,-0.0870809253685472
12296,1046,37.51604,-122.45815,-1.910770572678333
12297,1046,37.21427,-122.17168,1.7783352281196012
12298,1046,37.20631,-121.97726,0.4939730901048912
12299,1046,37.15432,-121.73467,0.9412301745910476
12300,1046,37.63719,-122.47482,-1.900083730653187
12301,1046,37.2708,-122.21276,1.7483062315459674
12302,1046,37.79499,-122.4746,0.3745073742666769
12303,1046,37.40373,-122.23868,-1.3730407885481453
12304,1046,37.58225,-122.42006,-1.095203452884726
12305,1046,37.40372,-122.17596,-0.6887304103267889
12306,1046,37.58644,-122.50217,-1.0083657761678206
12307,1046,37.34164,-121.64257,-0.591686615161763
12308,1046,38.43951,-122.25272,1.5167524133172776
12309,1046,38.26021,-122.55179,-0.5108673739515542
12310,1046,38.00198,-122.47466,-0.9943325066204368
12311,1046,38.30988,-122.943,-0.3087254824557363
12312,1046,38.33656,-122.81082,0.0800387168862357
12313,1046,38.28043,-122.21582,0.5872418936239402
12314,1046,38.15486,-121.80438,-0.5989391644441355
12316,1046,38.07601,-122.2585,-0.0496312603376053
12317,1046,38.04248,-122.79684,0.9632853946260866
12318,1046,37.92371,-122.59649,-0.2518184045390082
12319,1046,38.14361,-122.44969,0.0727124475371235
12320,1046,38.24039,-122.79842,-1.0102502654373875
12321,1046,38.38921,-122.66297,-0.0417823348891125
12322,1046,37.91608,-122.33607,1.389256782524948
12323,1046,37.28744,-121.86422,1.549464260560208
12324,1046,37.62211,-121.75697,-1.0192575394352583
12325,1046,37.709,-121.932,0.5124901185763037
12327,1046,37.934,-122.3,0.9101039572668992
12328,1046,37.672,-122.081,0.3581165713080214
12329,1046,38.108,-122.248,-0.8488809686446094
12331,1046,38.33,-122.318,1.22621612433825
12332,1046,37.77737,-122.39689,-1.5261197617727136
12333,1046,37.76386,-122.4736,0.6634858671017884
12334,1046,37.762,-122.505,0.8633515006777671
12335,1046,37.26748,-121.86656,0.7397612871672822
12336,1046,37.59268,-122.07449,0.1512354274908719
12337,1046,37.91056,-122.53778,-0.475666342817741
12338,1046,37.88767,-122.29916,-0.4863656652220827
12339,1046,38.03445,-122.27016,-1.299921500470373
12340,1046,37.81076,-122.29252,-0.6793218361698861
12341,1046,37.7986,-122.2684,-0.3238435892678914
12342,1046,37.99448,-122.11472,1.1661449602145622
12343,1046,37.86059,-122.29327,1.536697373411684
12344,1046,37.85835,-122.25252,1.0713083548212123
12345,1046,37.36408,-122.01817,0.609898543653548
12346,1046,37.69169,-122.16982,0.1029796739248015
12347,1046,37.38332,-121.91088,0.6183937676705031
12348,1046,37.35834,-121.97775,-0.0511627194357037
12349,1046,37.72688,-122.15092,-0.3769417657068838
12350,1046,37.8852,-122.03217,-0.1781004447306167
12351,1046,37.94215,-121.93047,-0.519932477864955
12352,1046,38.01299,-122.13416,1.43894565405204
12353,1046,37.75896,-122.19756,-0.9774657190092244
12354,1046,37.7696,-122.1734,-0.4574398815274401
12355,1046,37.80285,-122.23033,-0.2738001040752199
12356,1046,37.72983,-122.20137,-1.7772678658796983
12357,1046,37.74485,-122.17054,-0.1956403280544142
12358,1046,37.81,-121.992,0.0157696088369489
12359,1046,37.804,-122.443,1.631703442049634
12360,1046,37.763,-122.244,-2.405357453861806
12361,1046,37.78446,-122.30297,-0.8579232648498696
12362,1046,37.8965,-122.322,0.3758077085169187
12363,1046,37.78566,-122.19729,-0.625764677861039
12364,1046,37.972,-121.829,-0.1724693683776988
12365,1046,37.879,-122.183,0.3295320991102691
12366,1046,37.848,-122.16,0.2820826833805722
12368,1046,37.876,-122.249,1.5072035622796267
12369,1046,37.935,-122.342,0.607176372692241
12370,1046,37.973,-122.036,1.4230882339406674
12371,1046,37.821,-122.234,-0.2588716931002164
12372,1046,37.822,-122.319,0.1117209558575407
12373,1046,37.7294,-121.83346,-0.5872419536222251
12381,1048,34.68708,-118.29946,-0.4373710412238603
12382,1048,35.1269,-118.83009,0.7536932657013695
12383,1048,35.34444,-119.10445,0.0784362374336156
12384,1048,34.2623,-116.92075,-0.0197632803353084
12385,1048,34.23883,-117.65853,-0.9802877191929068
12386,1048,34.68224,-118.57398,0.4095229149980244
12388,1048,35.52495,-117.36453,0.0277154986501981
12389,1048,36.5504,-117.80295,0.0711040213355037
12392,1048,38.03455,-120.38651,0.2273156452370683
12393,1048,36.43988,-118.08016,-2.127858073724123
12394,1048,34.25353,-118.33383,0.5847851277579587
12395,1048,33.65,-117.009,-1.1192855211004864
12396,1048,34.10618,-118.45505,-0.4556269999730358
12399,1048,34.72832,-119.98803,0.4828912956076808
12400,1048,36.46719,-116.86322,-0.2125333099354135
12401,1048,36.99608,-117.36621,-0.4096232765617013
12402,1048,35.30177,-116.80574,-0.3076656594685759
12403,1048,34.8294,-116.335,-0.1910643206783548
12404,1048,35.66278,-118.47403,-0.6630411121190644
12405,1048,35.98249,-117.80885,0.6535217222719151
12406,1048,34.36622,-116.61266,-0.3840361325987133
12407,1048,34.9906,-118.34156,-0.4756659105038206
12408,1048,34.80762,-118.86775,1.0510376474407463
12409,1048,34.93439,-117.69629,-0.5793527765892993
12410,1048,35.47954,-117.68212,-1.613682070464569
12411,1048,37.63019,-118.83605,0.837822123506043
12412,1048,36.05799,-117.48901,-0.8630205766101227
12413,1048,34.88848,-119.81362,0.5954030627523321
12414,1048,34.22362,-118.05832,-0.3768933349811342
12415,1048,34.53412,-120.17737,0.2606336656766121
12416,1048,34.6145,-118.7235,0.5064589813788889
12417,1048,35.40773,-120.54556,-0.881080168514775
12419,1048,34.87533,-116.99684,0.8156880330277494
12420,1048,34.44076,-119.71492,0.9256988848836424
12421,1048,34.43692,-119.1375,0.5447893990924034
12422,1048,35.89095,-117.28332,-0.6923926375222512
12423,1048,35.3142,-119.99581,0.6036624772830838
12424,1048,34.05933,-118.64614,0.626511345247399
12425,1048,34.106,-117.098,-0.4658129382669791
12426,1048,34.52775,-119.97834,1.1240509176856313
12427,1048,34.38203,-117.67822,1.2611281885842964
12429,1048,35.14592,-119.41946,0.7253232406623963
12430,1048,37.05422,-118.23009,-0.1009798505497325
12431,1048,34.48364,-118.11783,-0.6327433971653346
12432,1048,35.53664,-118.14035,0.1170294239468853
12433,1048,34.51085,-119.27407,-0.1761032082006374
12434,1049,37.66,-121.873,0.1282183863505953
12435,1049,37.67928,-122.48405,1.511870654432541
12436,1049,37.91056,-122.53778,0.1296053094896261
12437,1049,37.95397,-121.86554,0.2497550530918157
12438,1049,37.87622,-122.23558,-0.1459806371759033
12439,1049,37.91881,-122.15176,-0.0166032093114109
12440,1049,37.87352,-122.26099,-0.73369250762049
12442,1049,37.85727,-122.42266,0.0462919009791895
12443,1049,37.45035,-121.80037,-0.0592456411589786
12444,1049,37.74766,-121.70843,-0.359393897493848
12445,1049,38.03455,-120.38651,-1.3807768750718503
12446,1049,37.85884,-121.99264,1.7615398037498509
12447,1049,37.91233,-121.90716,0.929827144748426
12448,1049,38.34526,-122.4584,0.1162533603716872
12449,1049,37.69782,-123.0011,0.0150819894516663
12450,1049,37.34305,-122.33976,0.0106337784677818
12451,1049,37.17217,-122.01121,0.1968526786910422
12452,1049,37.51604,-122.45815,-0.796766040244273
12453,1049,37.21427,-122.17168,0.0274241426965427
12454,1049,37.20631,-121.97726,-0.0545734791451517
12455,1049,37.63719,-122.47482,-0.4642813949548323
12456,1049,37.19855,-122.34671,0.0070258782792849
12457,1049,37.58225,-122.42006,0.471051797925564
12458,1049,37.40372,-122.17596,-2.126649030620318
12459,1049,37.58644,-122.50217,-0.42687728406118
12460,1049,37.34164,-121.64257,-0.8221756280499938
12461,1049,37.65909,-118.97907,0.7794507847076755
12462,1049,38.33656,-122.81082,1.0244298019592697
12463,1049,38.28043,-122.21582,-0.0043547304284901
12464,1049,38.16488,-122.71296,0.9742645199581372
12465,1049,38.07601,-122.2585,1.075773832327979
12466,1049,37.99642,-123.01949,0.2721889174432492
12467,1049,38.34878,-122.57795,2.395552118548367
12469,1049,38.2026,-121.9354,0.2965921932065243
12470,1049,36.76403,-121.44722,-1.3565885026417326
12471,1049,37.62211,-121.75697,-1.8488105908267565
12472,1049,37.844,-122.295,-0.8864405560847158
12473,1049,37.515,-121.83,0.7060420225411068
12474,1049,37.597,-121.88,-0.149063249768817
12475,1049,37.709,-121.932,-0.2183156179398231
12476,1049,37.81,-121.992,1.0739788627689535
12477,1049,37.927,-122.078,1.3499750144537055
12478,1049,37.95,-122.417,-0.1943808279777548
12479,1049,37.672,-122.081,0.9292001343097982
12480,1049,37.68,-121.739,-1.4489343309365788
12481,1049,37.59268,-122.07449,-1.3737479810106377
12482,1049,37.71737,-121.72701,-0.4482669949131114
20338,1049,38.99349,-123.07234,-1.948334685764732
20339,1049,35.945,-120.542,-1.601848541314094
20340,1049,37.91608,-122.33607,-0.2004306585196892
20341,1049,37.28744,-121.86422,-0.3474134012879344
20342,1049,37.81647,-122.06302,0.889848688686025
20343,1049,37.25898,-121.67311,-0.4413738222652256
20344,1049,37.9889,-122.2156,1.46065806219362
20345,1049,37.94906,-122.40851,-0.7373078514503312
20346,1049,37.72416,-122.11929,2.295789945815
20347,1049,37.80787,-122.3618,-0.3632160900939657
20348,1049,37.12043,-122.1552,-0.9799334373028012
20349,1049,37.51704,-122.37731,-0.6744238890120812
20350,1049,37.67433,-122.39855,-0.3290039033000535
20351,1049,37.16067,-121.89899,1.676455650916158
20352,1049,37.92144,-122.71806,1.3953205210962918
20353,1049,38.04962,-122.52331,0.4377105765722754
20354,1049,38.12282,-122.14921,0.7434722333582245
20355,1049,38.20025,-122.4644,0.6034279847054292
12483,1050,37.376,-121.84367,-0.1229561708986961
12484,1050,37.27117,-121.98617,-0.3460196914690543
12485,1050,37.85727,-122.42266,0.2335799915816518
12486,1050,37.45035,-121.80037,-1.4075748385304758
12487,1050,37.74766,-121.70843,0.778733045115244
12488,1050,37.37289,-121.76887,-0.3274090921711471
12489,1050,37.73786,-122.06486,0.5272678037275329
12490,1050,37.34305,-122.33976,1.3171049550325329
12491,1050,37.17217,-122.01121,1.3349010868425613
12492,1050,37.36045,-122.18986,-0.0217861176087026
12493,1050,37.51604,-122.45815,0.2247075466520347
12494,1050,37.21427,-122.17168,1.0027458129893658
12495,1050,37.20631,-121.97726,1.1745286052717256
12496,1050,37.15432,-121.73467,-0.1319940057488458
12497,1050,37.2708,-122.21276,1.01085076795822
12498,1050,37.19855,-122.34671,1.6461842409348322
12499,1050,37.58225,-122.42006,0.0551964168479626
12500,1050,37.40372,-122.17596,-0.9159538134790588
12501,1050,37.28397,-122.05017,-0.6618556141676164
12502,1050,37.58644,-122.50217,-0.6944483651263599
20685,1050,37.91881,-122.15176,-0.5283518735981725
20686,1050,37.87352,-122.26099,-1.8782446970893565
20687,1050,38.03455,-120.38651,-0.4178739456819046
20688,1050,37.69782,-123.0011,-2.188782245024505
20689,1050,38.99349,-123.07234,-1.6567586583334737
20690,1050,38.87874,-122.44277,-1.0765574645617122
20691,1050,39.55451,-121.50036,-1.592791591265395
20692,1050,37.008,-121.287,2.129057359830546
20693,1050,35.945,-120.542,-0.4328780420920183
20694,1050,35.63597,-120.86984,0.7205053234741725
20695,1050,36.76403,-121.44722,0.7454949727272331
20696,1050,37.25898,-121.67311,-0.4141227117968428
20697,1050,37.9889,-122.2156,0.5546633100891962
20698,1050,37.94906,-122.40851,-0.9677448631576724
20699,1050,37.72416,-122.11929,0.4354141720937218
20700,1050,37.80787,-122.3618,1.211991472722599
20701,1050,37.12043,-122.1552,0.2864515136284022
20702,1050,37.51704,-122.37731,0.6202294448451552
20703,1050,37.16067,-121.89899,1.6312468822214046
20704,1050,37.92144,-122.71806,0.4912774804172303
20705,1050,38.04962,-122.52331,-0.1431822281610396
20706,1050,38.20025,-122.4644,0.6032484493453353
20707,1050,37.76021,-122.41524,-0.2988670083493132
20708,1050,37.75094,-122.49072,-0.5653305477276369
20709,1050,37.76386,-122.4736,0.353497233415261
20710,1050,37.762,-122.505,0.8178337354307156
20711,1050,37.40701,-122.0946,-0.4799530908134803
20712,1050,37.4748,-122.2392,-2.852891663695692
20713,1050,37.54187,-122.30471,0.0551695215236157
20714,1050,37.30249,-121.97978,-0.3857345669845781
20715,1050,37.26748,-121.86656,0.3383864705425654
20716,1050,37.26352,-121.91617,-0.0525149276571616
20717,1050,37.30143,-121.9039,-0.0860738375999308
20718,1050,37.31816,-121.94354,-0.0467870268837742
20719,1050,37.3066,-121.84915,0.5280290682314058
20720,1050,37.68,-121.739,-0.4533147372372321
20721,1050,37.41702,-121.9154,-0.6134896604631459
20722,1050,37.59094,-122.36741,-0.1606854809379768
20723,1050,37.40718,-122.00001,-1.0056689706971478
20724,1050,37.74664,-122.38679,1.721273652354712
20725,1050,37.39415,-122.06041,-0.3438076227647745
20726,1050,37.45098,-122.4287,1.156551084769035
20727,1050,37.59268,-122.07449,-0.888152585827082
20728,1050,37.71737,-121.72701,0.1804150313372744
20729,1050,37.67928,-122.48405,1.3586779269275109
20730,1050,37.91056,-122.53778,0.4242105992848844
20731,1050,38.03445,-122.27016,-0.7915741709306205
20732,1050,37.74484,-122.40134,1.983995749740744
20733,1050,37.71633,-122.43117,-0.8445192838571983
20734,1050,37.72416,-122.44841,-0.964934680479026
20735,1050,37.41395,-121.87085,-0.0584732687997348
20736,1050,37.6806,-121.92098,-0.1096939953038862
20737,1050,37.86059,-122.29327,-0.1936479015186512
20738,1050,37.69169,-122.16982,-0.6318720764499296
20739,1050,37.23294,-121.77186,0.886375837719212
20740,1050,37.38332,-121.91088,-0.1233944119134448
20741,1050,37.28537,-121.93602,-0.6832614586424935
20742,1050,37.35834,-121.97775,-0.965407303164237
20743,1050,37.68873,-121.78351,-0.5577836572901739
20744,1050,37.72688,-122.15092,-0.9826954958905124
20745,1050,37.8852,-122.03217,0.4699237218938877
20746,1050,37.94215,-121.93047,-0.3664208338083636
20747,1050,38.01299,-122.13416,0.3847810196144978
20748,1050,37.16346,-121.62645,-1.3360716350561026
20749,1050,37.7294,-121.83346,0.531597136212023
20750,1050,37.85884,-121.99264,0.7975629321935692
20751,1050,37.91233,-121.90716,-0.3630447457911891
20752,1050,38.02691,-122.01599,-0.4501551843276129
20753,1050,37.31861,-122.15314,-0.2489942625538393
20754,1050,37.04922,-121.80722,-0.6849619968226012
20755,1050,37.63719,-122.47482,-0.6532022150486106
20758,1050,37.6444,-118.89683,2.4655855839974707
20759,1050,37.65909,-118.97907,0.8796875574723926
20760,1050,38.26021,-122.55179,0.3395759917419509
20761,1050,38.30988,-122.943,-0.37538102872865
20762,1050,38.33656,-122.81082,0.3284198034696072
20763,1050,38.28043,-122.21582,-1.0379794739637436
20764,1050,38.15486,-121.80438,1.826112327365434
20765,1050,38.16488,-122.71296,-0.3968083321611383
20766,1050,38.07601,-122.2585,-0.0903527941432205
20767,1050,38.04248,-122.79684,1.063217961489782
20768,1050,37.99642,-123.01949,-1.3438857284208483
20769,1050,38.34878,-122.57795,1.978453785310128
20770,1050,37.9231,-122.5983,0.239187133993704
20771,1050,38.14361,-122.44969,0.2171744449030986
20772,1050,38.24039,-122.79842,-1.3402662121956297
20773,1050,38.38921,-122.66297,0.4518494314077689
20774,1050,35.86661,-120.4796,0.2112032069997618
20775,1050,36.2159,-120.80126,0.2975177329984203
12503,1051,38.94596,-120.96897,-2.241660740968157
12504,1051,37.95397,-121.86554,-0.5584145490378944
12505,1051,37.87622,-122.23558,-0.0083094382621003
12506,1051,37.91881,-122.15176,-0.2922403308308609
12507,1051,37.87352,-122.26099,-0.4425395137905152
12508,1051,37.16346,-121.62645,-0.5864186330907593
12509,1051,37.85727,-122.42266,-0.2115444087473971
12510,1051,37.45035,-121.80037,0.0072316099234275
12511,1051,37.74766,-121.70843,0.8190685462595688
12512,1051,37.25898,-121.67311,0.0641696616670582
12513,1051,37.7294,-121.83346,0.97930293460034
12514,1051,37.37289,-121.76887,0.1825867292057706
12515,1051,37.81041,-121.80272,1.464176164601704
12516,1051,37.9889,-122.2156,0.8130127432706232
12517,1051,37.94906,-122.40851,-0.6333209991779022
12518,1051,37.85884,-121.99264,0.8647772563714502
12519,1051,37.91233,-121.90716,0.9718458860485488
12520,1051,38.02691,-122.01599,0.9556749295954302
12521,1051,38.34526,-122.4584,-0.5863676080887156
12522,1051,37.80787,-122.3618,-0.4091946251536653
12523,1051,37.69782,-123.0011,0.7192686218040832
12524,1051,36.3887,-121.5514,-0.625090748769156
12525,1051,37.34305,-122.33976,0.7512949203264112
12526,1051,37.31861,-122.15314,-0.1791769381835806
12527,1051,37.12043,-122.1552,0.0798349294616281
12528,1051,37.17217,-122.01121,0.8197130773666157
12529,1051,36.92745,-121.82764,1.160991181316069
12530,1051,37.36045,-122.18986,-1.5077176601960238
12531,1051,37.51604,-122.45815,-0.3225477682005208
12532,1051,37.21427,-122.17168,0.7187447012550935
12533,1051,37.20631,-121.97726,0.8983301072208938
12534,1051,37.15432,-121.73467,0.9911691804151368
12535,1051,37.63719,-122.47482,0.263412671668038
12536,1051,37.2708,-122.21276,0.4022990414770741
12537,1051,37.40373,-122.23868,-2.134586670167927
12538,1051,37.58225,-122.42006,1.287655111234973
12539,1051,37.40372,-122.17596,-1.2053473354697242
12541,1051,37.58644,-122.50217,0.5650248506886144
12542,1051,37.16067,-121.89899,0.8808770837940906
12543,1051,38.14478,-122.88018,0.7040127701556744
12544,1051,37.34164,-121.64257,-0.2046150925292475
12545,1051,37.65909,-118.97907,0.7096882067222472
12546,1051,38.87874,-122.44277,-1.2209263864805684
12547,1051,37.92144,-122.71806,-0.1985155264784897
12548,1051,38.26021,-122.55179,0.0503269136382429
12549,1051,38.00198,-122.47466,-1.184403421023374
12551,1051,38.33656,-122.81082,0.292812118212667
12553,1051,38.28043,-122.21582,-0.6959599219164223
12554,1051,37.008,-121.287,0.7865328089244925
12555,1051,37.91608,-122.33607,0.7046907143385914
12556,1051,37.28744,-121.86422,0.0591335656294595
12557,1051,37.62211,-121.75697,-0.2565264214714199
12559,1051,37.709,-121.932,1.637328643839609
12560,1051,37.81,-121.992,1.7224987199320927
12561,1051,37.927,-122.078,1.3805303929234216
12562,1051,37.934,-122.3,-0.3361808534900541
12563,1051,37.804,-122.443,1.3613180359052584
12564,1051,37.553,-122.091,-1.627042810788951
12565,1051,37.763,-122.244,0.3171003574196566
12566,1051,38.33,-122.318,0.0875811143293208
12567,1051,37.59268,-122.07449,-0.9107176705654648
12568,1051,37.99448,-122.11472,0.5108688223990804
12569,1051,37.75896,-122.19756,0.9376622492550694
12570,1051,37.80285,-122.23033,1.6383881659917632
12571,1051,37.79202,-122.26382,1.9157057314364023
12572,1051,37.753,-121.773,-0.0184828344077833
12573,1051,37.7897,-122.277,0.9897967621774332
12574,1051,37.879,-122.183,1.2072887931616654
12575,1051,37.848,-122.16,1.9296563109558915
12576,1051,37.657,-122.061,0.0567071810394504
12577,1051,37.705,-122.467,0.231399439125137
12578,1051,37.848,-122.228,0.6309469793109128
12579,1051,37.763,-122.455,0.570342927002651
12580,1051,37.697,-122.08,0.8415149760209086
12582,1051,37.68,-122.126,-0.7560999378880611
12583,1051,37.675,-122.108,-0.7622585765237154
12584,1051,37.695,-122.113,1.232938792818235
12585,1051,37.9,-122.17,1.6513934417188596
12586,1051,37.981,-122.271,0.6853092731643615
12587,1051,37.915,-122.017,2.0794476221584386
12588,1051,37.821,-122.234,0.5316638214226772
12589,1051,37.822,-122.319,0.1701707668070387
21399,1051,38.03455,-120.38651,-1.5914923096662277
21400,1051,39.65471,-122.71595,-2.843598928385624
21401,1051,36.68011,-119.02282,-1.6531126266401657
21402,1051,38.99349,-123.07234,-1.831256811444449
21403,1051,39.55451,-121.50036,-3.313101231070811
21404,1051,35.945,-120.542,-1.287979434319741
21405,1051,35.63597,-120.86984,0.0164887826641699
21406,1051,36.76403,-121.44722,-0.9226452974570154
21407,1051,39.2291,-121.7861,-2.181927020896988
21408,1051,37.81647,-122.06302,2.518251141501923
21409,1051,37.72416,-122.11929,2.6137899889840925
21410,1051,37.51704,-122.37731,-0.7762016725990806
21411,1051,37.67433,-122.39855,0.4381056780468406
21412,1051,38.441,-122.701,0.7541310509018593
21413,1051,38.233,-122.636,-0.8187603596211056
21414,1051,37.76021,-122.41524,-0.272036834650726
21415,1051,37.77737,-122.39689,-0.4867280593616206
21416,1051,37.75094,-122.49072,-0.6308771410619924
21417,1051,37.76386,-122.4736,0.5334606957795274
21418,1051,37.762,-122.505,-0.0129773143216368
21419,1051,37.40701,-122.0946,-0.6793902265087759
21420,1051,37.4748,-122.2392,-2.498994659732025
21422,1051,36.57849,-121.03956,-0.0183632095847059
21424,1051,38.76927,-123.01486,-0.6356835374015775
21425,1051,38.80797,-122.7953,-2.160897780774964
21426,1051,37.0254,-121.4845,0.5769334437000551
21428,1051,36.82681,-121.64349,-1.893479556177723
21429,1051,37.19855,-122.34671,0.7303085943133021
21430,1051,39.68631,-123.58242,-3.5120351119948547
21431,1051,40.2022,-123.7086,-2.393038084615661
21432,1051,40.5119,-121.5816,-1.3774848283233192
21433,1051,37.6444,-118.89683,2.621905420514982
21434,1051,38.43951,-122.25272,0.5563295597634239
21435,1051,38.15486,-121.80438,-0.6804164419799208
21436,1051,38.65651,-122.61441,0.3964122958818465
21437,1051,38.16488,-122.71296,-0.6007398848882823
21438,1051,38.12282,-122.14921,0.5551252594256383
21439,1051,38.07601,-122.2585,0.3982973729735009
21440,1051,38.04248,-122.79684,0.9875866505569064
21441,1051,37.99642,-123.01949,0.0415582059252146
21442,1051,38.34878,-122.57795,0.8345070441004735
21443,1051,38.20025,-122.4644,0.8493760570177598
21444,1051,37.92371,-122.59649,-0.4418641174396314
21445,1051,38.14361,-122.44969,-0.2371080491035217
21446,1051,38.24039,-122.79842,-1.0400955453061729
21447,1051,38.38921,-122.66297,0.664837953504021
21448,1051,35.73065,-120.24986,-1.7573478685016934
21450,1051,36.0688,-120.59618,0.0381505714613814
12590,1052,32.68005,-116.67215,-1.3391412375283291
12591,1052,33.921,-116.981,0.0624465190761139
12593,1052,34.23883,-117.65853,-1.1367951200697466
12594,1052,34.069,-116.39,0.3915428880940096
12595,1052,33.268,-116.417,0.2299672398001485
12597,1052,33.999,-117.68,-0.4845352717092467
12598,1052,34.093,-117.317,0.941396002394274
12599,1052,32.8889,-117.1051,-0.1110072114520085
12600,1052,33.876,-117.561,-0.3989745020822858
12601,1052,33.655,-115.99,-0.5220570098719834
12602,1052,34.63745,-115.38115,0.333208316632918
12603,1052,33.93597,-116.57794,0.7569861022730767
12604,1052,33.65,-117.009,0.059609372715632
12605,1052,33.567,-116.631,0.8953865171814807
12606,1052,32.999,-116.942,-0.9695809218114484
12609,1052,33.1537,-117.22921,-0.426973285277367
12610,1052,33.0262,-116.9596,-5.086474493248397
12611,1052,33.081,-116.598,0.0496028555520996
12612,1052,35.13066,-115.18416,0.8221291649707884
12613,1052,34.9906,-118.34156,0.209973685204562
12614,1052,33.684,-117.943,0.2007514589380982
12615,1052,34.93439,-117.69629,0.0409929416613023
12616,1052,35.47954,-117.68212,0.5113185429218293
12617,1052,34.3656,-117.36683,-0.1971459090685172
12619,1052,33.818,-116.369,0.8593725325342222
12620,1052,33.808,-116.968,1.1812226010803055
12621,1052,33.6,-117.195,0.101195501719642
12622,1052,34.22362,-118.05832,-0.0753948752966572
12623,1052,33.556,-115.946,-1.149187710744291
12624,1052,33.788,-117.844,-0.1940483881434423
12625,1052,33.94539,-117.92372,1.0124211638506495
12626,1052,32.608,-116.93,-1.033484535795113
12627,1052,34.1207,-117.63808,0.4095538222117645
12628,1052,33.862,-117.205,0.0053017632437976
12630,1052,33.354,-116.863,0.0822535511840849
12632,1052,33.824,-116.55,-0.5378972737193751
12633,1052,33.63,-116.8478,-0.3704831479870863
12634,1052,34.87533,-116.99684,-0.0787922653227687
12635,1052,33.973,-117.327,0.2286439759675775
12636,1052,33.97327,-117.32674,0.0319672196019572
12637,1052,33.99351,-117.37545,-2.21645363289942
12640,1052,33.834,-116.797,-0.5044632277107395
12641,1052,33.829,-117.789,-0.4239452846260774
12642,1052,33.664,-117.769,-0.8369177018025137
12643,1052,34.106,-117.098,-0.0910443011687351
12644,1052,32.94508,-115.79988,-0.761445310106464
12645,1052,34.38203,-117.67822,2.076025654159537
12648,1052,34.48364,-118.11783,-0.4468779437639688
12649,1052,34.56065,-117.3296,-0.568140797449141
12651,1052,33.482,-116.911,0.5173595637781503
12652,1052,33.815,-116.461,1.061357483996563
12653,1052,33.747,-116.715,1.6288036871862028
12654,1052,33.605,-116.938,-0.3613921714180421
12655,1052,33.76,-116.96,0.27168918376038
12656,1052,33.729,-116.979,1.0709818655486316
12657,1052,33.744,-116.931,1.0515188914147493
12658,1052,33.748,-117.127,0.6352827623730098
12659,1052,33.6022,-116.756,0.251776826985601
12662,1052,33.91677,-116.38979,1.0602535693882713
12663,1053,34.55046,-117.43391,1.0801578492572648
12664,1053,34.68708,-118.29946,-0.6999504543334905
12665,1053,35.1269,-118.83009,0.3713697333068907
12666,1053,35.34444,-119.10445,0.6590288768519783
12667,1053,34.2623,-116.92075,0.5378322121907245
12668,1053,34.23883,-117.65853,-1.890323025236977
12669,1053,34.069,-116.39,-0.9515503800653482
12670,1053,35.30819,-119.84583,1.0888527653986493
12671,1053,35.52495,-117.36453,1.3325319251009728
12672,1053,36.5504,-117.80295,0.7317479767157892
12676,1053,33.655,-115.99,0.9720435749401684
12677,1053,36.43988,-118.08016,-1.830495944095208
12678,1053,34.63745,-115.38115,0.0022311923366028
12679,1053,34.25353,-118.33383,-1.080980094172384
12680,1053,33.93597,-116.57794,-0.0095784354591267
12681,1053,33.65,-117.009,-1.6791974172682274
12682,1053,34.10618,-118.45505,-1.224892668908375
12683,1053,33.567,-116.631,0.1789356034107703
12686,1053,36.46719,-116.86322,0.652708514488699
12688,1053,36.99608,-117.36621,-1.0215345695287346
12689,1053,35.30177,-116.80574,0.6745018078894066
12690,1053,34.8294,-116.335,0.8956122820402614
12691,1053,35.66278,-118.47403,-1.5914135862383196
12692,1053,35.98249,-117.80885,0.5938624781301526
12693,1053,34.36622,-116.61266,-0.1617861350725073
12694,1053,35.13066,-115.18416,0.5221264071182876
12695,1053,34.9906,-118.34156,-0.7216445103502724
12696,1053,34.93439,-117.69629,-1.3074782704490688
12697,1053,35.47954,-117.68212,-1.4035013098504583
12699,1053,33.818,-116.369,1.297909204494646
12700,1053,37.63019,-118.83605,0.6573771415917337
12701,1053,36.05799,-117.48901,-0.0043597405767139
12702,1053,34.88848,-119.81362,0.5258843897896708
12703,1053,34.22362,-118.05832,-0.517279463429864
12705,1053,34.53412,-120.17737,-0.1825835273488783
12706,1053,34.17141,-118.18523,-1.589228191545498
12707,1053,34.1207,-117.63808,-1.1348140993687816
12708,1053,34.09181,-117.80709,-0.038827941205884
12709,1053,34.87533,-116.99684,1.4707373467247316
12711,1053,33.553,-117.662,1.0925004471754
12712,1053,35.8996,-116.27515,0.9929860075838196
12713,1053,35.89095,-117.28332,0.1586980433335628
12714,1053,35.3142,-119.99581,0.3660642025316319
12716,1053,34.106,-117.098,-0.2109783619639363
12717,1053,34.38203,-117.67822,0.5737667388143479
12719,1053,35.14592,-119.41946,0.0893376495311675
12720,1053,37.05422,-118.23009,-0.4190318555532258
12722,1053,35.84089,-119.08469,0.8794431572916436
12723,1053,35.53664,-118.14035,0.0176421434240175
12724,1053,34.51085,-119.27407,0.1519131036824258
12725,1054,34.55046,-117.43391,1.5227616550169916
12726,1054,33.63838,-116.4011,-1.5444265077158936
12727,1054,34.68708,-118.29946,-0.04519067350889
12728,1054,32.68005,-116.67215,-1.5890412864012111
12729,1054,33.921,-116.981,-0.2987963575697852
12730,1054,33.57508,-117.26119,0.155837129634026
12732,1054,34.23883,-117.65853,-0.6279446123801247
12733,1054,34.069,-116.39,-1.9416392344876168
12734,1054,33.38822,-117.19495,0.5298360444524781
12735,1054,35.52495,-117.36453,0.3972825600023985
12736,1054,34.10521,-117.28264,0.5990050735045077
12738,1054,33.999,-117.68,0.5791242177676252
12740,1054,33.655,-115.99,0.4788364642471907
12741,1054,34.63745,-115.38115,1.0332687585252505
12742,1054,34.25353,-118.33383,0.7330511597445137
12743,1054,33.93597,-116.57794,-0.7548355975620601
12744,1054,33.65,-117.009,-0.3703018748671496
12745,1054,34.10618,-118.45505,-0.1624841890835897
12746,1054,33.567,-116.631,0.3951347284837918
12747,1054,32.999,-116.942,-1.2166561736445427
12751,1054,33.11675,-115.82267,0.2491895186122686
12752,1054,33.71264,-118.29381,-0.0845494488748149
12753,1054,33.051,-114.827,0.8592246327964105
12754,1054,33.1537,-117.22921,-0.7885032720811889
12755,1054,35.30177,-116.80574,-0.2521232231425847
12756,1054,34.8294,-116.335,-0.1240511549280427
12758,1054,33.0859,-116.5959,-0.9527462612386244
12759,1054,34.36622,-116.61266,0.7940281213311169
12760,1054,35.13066,-115.18416,1.1149053282203494
12761,1054,34.9906,-118.34156,-0.6963937616430492
12762,1054,33.684,-117.943,1.1061005857259656
12763,1054,34.93439,-117.69629,-0.1873558811243582
12764,1054,35.47954,-117.68212,-0.9288122959125128
12765,1054,34.3656,-117.36683,-0.4512922206267998
12767,1054,33.818,-116.369,0.0770980759439115
12768,1054,34.005,-117.562,0.1149056294275866
12769,1054,33.808,-116.968,1.1953509614574631
12770,1054,34.22362,-118.05832,0.8475124371002963
12771,1054,33.94539,-117.92372,1.2026572512532092
12772,1054,32.608,-116.93,-1.290880807082823
12773,1054,34.1484,-118.1711,-0.0503141978512381
12775,1054,34.1207,-117.63808,-0.5172761063539587
12776,1054,33.862,-117.205,-1.3896672968993609
12778,1054,33.354,-116.863,-0.1778815588085774
12779,1054,33.7953,-117.60906,1.1984876776279538
12780,1054,33.63,-116.8478,0.1735612024946738
12781,1054,33.74346,-118.40412,0.2288745102025468
12782,1054,34.87533,-116.99684,0.5333041202756038
12783,1054,33.97327,-117.32674,-0.8015336025725297
12784,1054,34.05073,-118.08085,0.6054781075432228
12785,1054,33.99351,-117.37545,-1.7356371896561205
12786,1054,33.2801,-115.98585,1.3438771563817196
12787,1054,34.232,-117.235,-1.6297456003026298
12788,1054,32.784,-117.13805,0.0960614607814623
12790,1054,35.89095,-117.28332,0.7663763604828996
12791,1054,33.834,-116.797,0.1301525081155528
12792,1054,34.05933,-118.64614,0.5580548289778937
12793,1054,33.829,-117.789,1.0220203615010357
12794,1054,33.664,-117.769,1.6936895101962326
12795,1054,34.106,-117.098,-0.4250800665176342
12796,1054,34.38203,-117.67822,0.6059478891421152
12797,1054,33.63495,-116.16402,0.1343075038736959
12798,1054,34.48364,-118.11783,-1.2400923231690293
12799,1054,34.56065,-117.3296,-0.4701926363958481
12800,1054,34.1717,-118.64971,0.9095761878371872
12801,1054,33.607,-116.453,-0.7649994306728013
12802,1054,34.04856,-116.57816,0.7948236465724039
12803,1054,33.99,-116.656,-1.1545709523217953
12804,1054,33.92474,-116.54794,-0.0289536801148944
12805,1054,33.91677,-116.38979,-1.4327065293114816
12936,1059,37.27117,-121.98617,-0.3315609705542282
12937,1059,37.91056,-122.53778,-0.385786941173784
12938,1059,38.03445,-122.27016,-0.2083973823039125
12939,1059,37.71633,-122.43117,-0.0399725746401292
12940,1059,38.29027,-122.46125,0.1088974139953092
12941,1059,37.95397,-121.86554,-1.2445957392966362
12942,1059,37.87622,-122.23558,0.7960766998957899
12943,1059,37.85727,-122.42266,1.2870058872170766
12944,1059,37.7294,-121.83346,-0.0447903738762179
12945,1059,37.85884,-121.99264,1.0643082808143918
12946,1059,38.02691,-122.01599,1.6406134202516405
12947,1059,38.34526,-122.4584,0.4784502968165353
12948,1059,38.99349,-123.07234,0.3142953016111263
12949,1059,37.51604,-122.45815,-0.3982339716290045
12950,1059,37.21427,-122.17168,0.8714950086174018
12951,1059,37.63719,-122.47482,-0.4592467627468043
12952,1059,37.2708,-122.21276,1.5635421430433096
12953,1059,37.40372,-122.17596,0.2198669516401939
12954,1059,37.28397,-122.05017,0.6623207658904212
12955,1059,37.58644,-122.50217,-0.3850720869762346
12956,1059,39.68631,-123.58242,-1.0744008552787316
12957,1059,38.87874,-122.44277,-1.1232609774369002
12958,1059,38.43951,-122.25272,0.2798403919225585
12959,1059,38.26021,-122.55179,1.8924130263836896
12960,1059,38.33656,-122.81082,0.449249645728575
12961,1059,38.46769,-122.89651,-1.0560727218807449
12962,1059,38.28043,-122.21582,-0.605177122760295
12963,1059,38.16488,-122.71296,0.2871308181081942
12964,1059,38.6694,-122.6332,0.9426789628831272
12965,1059,38.07601,-122.2585,0.8249770817746916
12966,1059,38.04248,-122.79684,1.209082063400991
12967,1059,37.99642,-123.01949,-0.4321083676141962
12968,1059,38.34878,-122.57795,2.770188917877844
12969,1059,37.9231,-122.5983,-0.2870165110169159
12970,1059,38.38921,-122.66297,0.9309952070133626
12971,1059,37.62211,-121.75697,-0.9630697603753516
12972,1059,38.71606,-122.9965,0.6834758293716586
12973,1059,38.61618,-122.87231,0.2273785470399505
12974,1059,38.71385,-123.00887,0.4152147669826228
12975,1059,38.72258,-123.00804,0.7610664395239185
12976,1059,38.71616,-123.00227,0.4403224469676384
19517,1059,37.91881,-122.15176,-0.248709769134355
19518,1059,37.87352,-122.26099,0.0571372528663773
19519,1059,38.03455,-120.38651,-2.7702383729332745
19520,1059,37.69782,-123.0011,-1.4100679733577006
19521,1059,40.81745,-124.02955,-2.8782796205943093
19522,1059,37.34164,-121.64257,-0.8340323949605117
19523,1059,39.55451,-121.50036,-4.246091492772387
19525,1059,37.9889,-122.2156,1.592818099152568
19526,1059,37.94906,-122.40851,0.8140554396790138
19527,1059,37.51704,-122.37731,-0.3281998907031339
19528,1059,37.67433,-122.39855,0.4584546383192354
19529,1059,37.16067,-121.89899,2.0382966281108628
19530,1059,37.92144,-122.71806,0.0273664608224144
19531,1059,38.441,-122.701,0.3721993593407409
19532,1059,38.233,-122.636,0.100861635851959
19533,1059,37.76021,-122.41524,0.1102884096952957
19534,1059,37.77737,-122.39689,-0.1860193527663373
19535,1059,37.75094,-122.49072,-0.3607257539379547
19536,1059,37.76386,-122.4736,0.9468289544491252
19537,1059,37.762,-122.505,0.2360348479359547
19539,1059,37.54187,-122.30471,0.7957767820252036
19540,1059,37.30249,-121.97978,0.2027021160585766
19541,1059,37.26352,-121.91617,-0.4575095031351879
19542,1059,37.31816,-121.94354,0.1878981120481114
19543,1059,37.3066,-121.84915,-0.0606897230693514
19544,1059,37.68,-121.739,-0.5976443620717321
19545,1059,37.41702,-121.9154,-0.050990544245024
19546,1059,37.59094,-122.36741,-0.701445254238647
19547,1059,37.74766,-122.42528,-0.4005928011139816
19548,1059,37.74664,-122.38679,1.8614822385639145
19549,1059,37.39415,-122.06041,-0.3647070735087676
19550,1059,37.376,-121.84367,0.0520847939995217
19551,1059,37.45098,-122.4287,-0.0474353116188524
19552,1059,37.59268,-122.07449,-0.8244928674232266
19553,1059,37.71737,-121.72701,-0.0672938049003121
19554,1059,37.67928,-122.48405,0.7223415310077941
19555,1059,37.88767,-122.29916,-0.6002462460962721
19556,1059,37.74484,-122.40134,1.5220617210337175
19557,1059,37.77934,-122.486,0.1765383506672226
19558,1059,37.81076,-122.29252,0.3678079754995422
19559,1059,37.8251,-122.27606,1.0045197453545045
19560,1059,37.7986,-122.2684,0.592511620654076
19561,1059,37.41395,-121.87085,0.951437987738394
19562,1059,37.86059,-122.29327,1.5664176173066804
19563,1059,37.85835,-122.25252,-0.4097789389542784
19564,1059,37.37418,-122.0781,-0.2683158496884203
19565,1059,37.45035,-121.80037,-0.832421328593997
19566,1059,37.74766,-121.70843,-0.4214830046584938
19567,1059,37.91233,-121.90716,-1.147480206968575
19568,1059,37.34305,-122.33976,0.3094985384625732
19569,1059,37.31861,-122.15314,-0.1033880301755161
19570,1059,37.17217,-122.01121,0.5168078387003888
19571,1059,37.36045,-122.18986,-0.5894644627714505
19572,1059,37.20631,-121.97726,0.7002364314038207
19573,1059,37.15432,-121.73467,-0.351090513708741
19574,1059,37.58225,-122.42006,0.3532521197150504
19575,1059,40.4756,-124.3375,-1.3144111451262064
19576,1059,40.8748,-123.7325,-1.8433425159919303
19577,1059,40.4175,-124.1206,-1.670864940713105
19578,1059,40.2022,-123.7086,-0.7492022139541391
19580,1059,41.1577,-124.0233,-2.190105137312308
19581,1059,38.15486,-121.80438,-0.2517831901223036
12977,1060,37.76021,-122.41524,0.365430581050066
12978,1060,37.77737,-122.39689,-0.2463654809771306
12979,1060,37.76386,-122.4736,1.0291442494223817
12980,1060,37.762,-122.505,1.1873648034960655
12981,1060,37.54187,-122.30471,-0.2708134547966258
12982,1060,37.74766,-122.42528,-0.9243068166739576
12983,1060,37.34655,-121.80774,0.6038853520274485
12984,1060,37.40718,-122.00001,-1.1100847450541946
12985,1060,37.39415,-122.06041,-0.5219374262548955
12986,1060,37.376,-121.84367,0.1985910810380627
12987,1060,37.27117,-121.98617,-0.1043687972923553
12988,1060,37.67928,-122.48405,1.591304549836338
12989,1060,37.91056,-122.53778,-0.6482358639276525
12990,1060,37.88767,-122.29916,-1.076730677232239
12991,1060,38.03445,-122.27016,-0.8326442040659462
12992,1060,37.71633,-122.43117,-0.8065755959620347
12993,1060,37.81076,-122.29252,-0.0060540916325073
12994,1060,37.8251,-122.27606,0.0046463418302393
12995,1060,37.7986,-122.2684,0.5753358242296936
12996,1060,37.41395,-121.87085,1.5126569924773463
12997,1060,37.86059,-122.29327,-0.3560238129596597
12998,1060,37.85835,-122.25252,-0.5646513020725176
12999,1060,37.36408,-122.01817,0.4990516710089966
13000,1060,37.42549,-122.07772,-0.5472316676979267
13001,1060,37.85727,-122.42266,-0.6094409375073938
13002,1060,37.45035,-121.80037,-0.1390780856995652
13003,1060,37.74766,-121.70843,-0.1003093210144909
13004,1060,37.7294,-121.83346,0.2807586470415338
13005,1060,38.03455,-120.38651,-2.024631855664204
13006,1060,37.85884,-121.99264,0.4393934066152547
13007,1060,37.91233,-121.90716,0.052598421661914
13008,1060,38.02691,-122.01599,0.1003345337736921
13009,1060,38.99349,-123.07234,-0.5053830350542672
13010,1060,37.34305,-122.33976,0.5198562524234328
13011,1060,37.31861,-122.15314,-0.7139186975203886
13012,1060,37.17217,-122.01121,1.8404642244786968
13013,1060,37.36045,-122.18986,-0.536069757468427
13014,1060,37.51604,-122.45815,-0.4687449695102025
13015,1060,37.21427,-122.17168,1.3872487498724402
13016,1060,37.20631,-121.97726,0.908314402354064
13017,1060,37.15432,-121.73467,0.6105887635860848
13018,1060,37.63719,-122.47482,0.2176822697269441
13019,1060,37.2708,-122.21276,1.799455859815798
13020,1060,37.19855,-122.34671,0.0991965724936432
13021,1060,37.40373,-122.23868,-1.7206453366233
13022,1060,37.58225,-122.42006,0.6942753537163894
13023,1060,37.40372,-122.17596,-0.6625845556729099
13024,1060,37.28397,-122.05017,0.1065610531247947
13025,1060,37.58644,-122.50217,0.3017903959169747
13026,1060,37.34164,-121.64257,-0.1371930436300365
13027,1060,37.65909,-118.97907,0.1659750170243154
13028,1060,38.43951,-122.25272,0.6699765421273133
13029,1060,38.26021,-122.55179,0.8698476386811876
13030,1060,38.30988,-122.943,0.6160144563171439
13031,1060,38.33656,-122.81082,1.132194798578526
13032,1060,38.46769,-122.89651,1.4162730716363985
13033,1060,38.16488,-122.71296,0.072266207266525
13034,1060,38.07601,-122.2585,-0.2893098579419857
13035,1060,38.04248,-122.79684,2.1758656612476543
13036,1060,37.99642,-123.01949,0.0192193849140001
13037,1060,38.34878,-122.57795,2.328323587952403
13038,1060,37.9231,-122.5983,-0.3667124465248648
13039,1060,38.38921,-122.66297,0.6644136035775218
13040,1060,35.945,-120.542,-0.4685884052405087
13041,1060,37.62211,-121.75697,-0.5433606086988891
13042,1060,37.95397,-121.86554,-0.4614608901188329
13043,1060,37.87622,-122.23558,-1.3156451432072849
13044,1060,37.91881,-122.15176,-0.6565230828881861
13045,1060,37.87352,-122.26099,-1.6989408218039943
13046,1060,38.34526,-122.4584,-0.6436962023692039
13047,1060,38.87874,-122.44277,-1.465571379963533
13048,1060,38.2026,-121.9354,-0.2923653232916949
13049,1060,36.76403,-121.44722,0.3527915312975641
19582,1060,37.69782,-123.0011,-0.5706794807313702
19583,1060,39.55451,-121.50036,-3.052811562178083
19584,1060,37.28744,-121.86422,0.7909907073605607
19585,1060,37.81647,-122.06302,0.4414104254621977
19586,1060,37.25898,-121.67311,1.390899658619425
19587,1060,37.9889,-122.2156,0.2713694798037771
19588,1060,37.94906,-122.40851,-1.2903265065858964
19589,1060,37.72416,-122.11929,1.582913902556238
19590,1060,37.12043,-122.1552,-0.329418072073729
19591,1060,38.441,-122.701,1.056261399596875
19592,1060,38.233,-122.636,-0.4464872435757879
19593,1060,37.75094,-122.49072,-0.4631694974081928
19594,1060,37.40701,-122.0946,-0.8117508235873574
19595,1060,37.4748,-122.2392,-2.597627257796397
19596,1060,37.30249,-121.97978,-0.2642210260090999
19597,1060,37.26748,-121.86656,0.6253322530608312
19598,1060,37.26352,-121.91617,-0.0167526971374999
19599,1060,37.30143,-121.9039,-0.8505825463298177
19600,1060,37.31816,-121.94354,0.2584064930809946
19601,1060,37.3066,-121.84915,-0.3403281351109727
19602,1060,37.66,-121.873,0.9149413516047352
19603,1060,37.68,-121.739,-0.3380351559617289
19604,1060,37.41702,-121.9154,0.4902397718652335
19605,1060,37.59094,-122.36741,0.1657687817507587
19606,1060,37.74664,-122.38679,1.4621550626528677
19607,1060,37.45098,-122.4287,-0.1651547929574301
19608,1060,37.59268,-122.07449,-0.6322560291092398
19609,1060,37.71737,-121.72701,1.1272525502726247
19610,1060,37.74484,-122.40134,1.7367426790258589
19611,1060,38.29027,-122.46125,-0.2259296317006734
19612,1060,37.37418,-122.0781,-0.914475152022689
19613,1060,37.16346,-121.62645,0.1042234519029918
19614,1060,37.04922,-121.80722,1.3570654885027422
19615,1060,39.68631,-123.58242,-1.7078847763697973
19617,1060,40.2022,-123.7086,-1.6769901837923062
19618,1060,37.6444,-118.89683,1.3937504448936968
19619,1060,38.28043,-122.21582,-1.0694936846463303
19620,1060,38.15486,-121.80438,-0.0892144106242466
19621,1060,38.6694,-122.6332,0.7080958140829647
13050,1061,34.1949,-118.354,0.9414920773758976
13052,1061,35.2693,-116.0703,0.4506031937885589
13053,1061,34.68224,-118.57398,0.14830332671684
13054,1061,34.155,-118.641,0.9033531255519942
13055,1061,33.44577,-118.483,0.1626269226837818
13058,1061,34.0602,-117.809,0.5027435738489225
13059,1061,33.876,-117.561,-0.1645093016312958
13060,1061,33.93597,-116.57794,-0.7726394051795276
13061,1061,33.65,-117.009,-0.3306950361038065
13062,1061,34.88303,-117.99106,-0.8847562992375593
13063,1061,34.1,-117.439,-0.6634985362875935
13064,1061,35.082,-117.58267,0.0233759655404523
13065,1061,33.8717,-117.92251,-0.1466480162609755
13066,1061,36.46719,-116.86322,1.0451216966119314
13067,1061,33.051,-114.827,0.0040750840737128
13069,1061,34.8294,-116.335,1.624013358151276
13070,1061,35.9823,-117.8076,1.14967098834808
13071,1061,34.15037,-118.10156,0.5587418899019111
13072,1061,34.61462,-118.29104,-1.1060022972990176
13073,1061,34.61594,-117.82493,0.8815870157818558
13074,1061,35.47954,-117.68212,-0.2260801857572917
13075,1061,34.3656,-117.36683,-0.719677553716979
13077,1061,36.05799,-117.48901,1.1252893238107045
13079,1061,34.22362,-118.05832,0.3082939546526972
13080,1061,33.788,-117.844,-0.9199854226840216
13081,1061,34.6145,-118.7235,0.056097018652616
13082,1061,34.1484,-118.1711,0.0245899359736629
13083,1061,33.354,-116.863,1.3795145993388174
13084,1061,33.7953,-117.60906,0.4008597185796781
13085,1061,33.74346,-118.40412,-0.1529627728726199
13087,1061,34.05073,-118.08085,0.2246121390334182
13088,1061,33.99351,-117.37545,-1.469391665559887
13089,1061,34.44076,-119.71492,0.910782044413156
13090,1061,34.232,-117.235,-1.6263698569974578
13091,1061,35.8996,-116.27515,1.1468639334885002
13092,1061,34.01438,-118.45617,0.2284439495599328
13093,1061,33.24787,-119.52437,-0.2781162826748524
13094,1061,34.416,-118.449,-0.1404858565883687
13095,1061,32.94508,-115.79988,-0.7668530975062195
13097,1061,34.15607,-118.82039,0.63677889743029
13098,1061,34.01919,-118.28631,-1.2371209109810442
13099,1061,34.48364,-118.11783,-2.722364639482561
13100,1061,34.56065,-117.3296,0.2846560867537835
13101,1062,33.3527,-115.733,-0.2939605553837895
13102,1062,34.55046,-117.43391,1.491463193615885
13103,1062,34.68708,-118.29946,0.8584048643894286
13104,1062,32.68005,-116.67215,-0.9749854427340132
13105,1062,34.2623,-116.92075,1.3761868315537924
13106,1062,33.921,-116.981,0.7233579433396979
13109,1062,34.069,-116.39,-0.9082969253404324
13111,1062,33.268,-116.417,-2.456638783223725
13112,1062,33.01213,-115.21987,-2.0616549031024287
13113,1062,34.68224,-118.57398,0.5706958607056015
13114,1062,33.38822,-117.19495,-1.6226248174480922
13116,1062,33.999,-117.68,0.5646372166064222
13117,1062,33.655,-115.99,1.0394119042388008
13118,1062,34.63745,-115.38115,-0.1376109212025998
13119,1062,34.25353,-118.33383,0.5226800606291295
13120,1062,33.65,-117.009,-0.8008349579517363
13121,1062,33.567,-116.631,1.0357055295166653
13122,1062,32.999,-116.942,-1.096648908263045
13123,1062,32.805,-115.447,0.5010005313162877
13124,1062,32.65915,-116.10061,0.0193828941050758
13127,1062,33.11675,-115.82267,-0.2512547391693632
13128,1062,33.051,-114.827,-0.4896913037871366
13129,1062,33.1537,-117.22921,-1.3062481570931124
13130,1062,35.30177,-116.80574,-0.4347775663445242
13132,1062,33.0859,-116.5959,-0.2755438935892677
13133,1062,34.36622,-116.61266,-0.4156871184459654
13134,1062,34.9906,-118.34156,-0.918820763401386
13135,1062,33.684,-117.943,-0.7107456795698109
13136,1062,34.93439,-117.69629,1.118739211870334
13137,1062,35.47954,-117.68212,-1.0937991679187975
13138,1062,34.3656,-117.36683,-0.5669624164447553
13140,1062,33.818,-116.369,0.4271454551916595
13141,1062,34.005,-117.562,1.529005540165969
13143,1062,33.808,-116.968,1.7249024220303382
13144,1062,34.22362,-118.05832,0.2618061595861926
13145,1062,33.556,-115.946,-0.5631198283681932
13146,1062,33.94539,-117.92372,0.5885667980658149
13147,1062,32.608,-116.93,-0.2107348086033596
13148,1062,34.6145,-118.7235,-0.0404405745728974
13149,1062,34.1484,-118.1711,-0.3193726272308832
13150,1062,34.1207,-117.63808,0.3092189946107925
13151,1062,33.862,-117.205,-0.5738644213108738
13153,1062,33.354,-116.863,-0.8410969726337627
13154,1062,33.63,-116.8478,-0.3072592172975699
13155,1062,34.87533,-116.99684,-0.1387198947802939
13156,1062,33.97327,-117.32674,1.0438295080505946
13157,1062,33.99351,-117.37545,-1.2192221758883548
13158,1062,33.183,-115.623,-1.3165690464820907
13159,1062,33.2801,-115.98585,-0.3458366059955954
13161,1062,33.553,-117.662,0.4225802027573303
13163,1062,33.834,-116.797,0.5382088319154693
13164,1062,34.05933,-118.64614,-0.142615477305201
13165,1062,33.829,-117.789,-0.1686468445510128
13166,1062,33.664,-117.769,-0.5970789987299351
13167,1062,34.106,-117.098,1.2951722241818706
13168,1062,32.94508,-115.79988,0.658269458620516
13169,1062,34.38203,-117.67822,1.18068177129246
13171,1062,33.63495,-116.16402,-0.8215815075140728
13172,1062,34.48364,-118.11783,-0.0256452134807975
13173,1062,34.56065,-117.3296,1.2955066944958569
13174,1062,32.75904,-115.73161,1.0020644130949334
13175,1062,34.00948,-117.95077,0.9641046176959857
13201,1064,34.55046,-117.43391,0.1976622796847779
13202,1064,33.63838,-116.4011,0.0057663945517703
13203,1064,34.68708,-118.29946,-0.3291412677150059
13204,1064,35.1269,-118.83009,-0.2556998021296707
13205,1064,32.68005,-116.67215,-1.0210358726947597
13207,1064,33.57508,-117.26119,-1.444472058214962
13209,1064,34.23883,-117.65853,-1.2672400668888328
13210,1064,34.069,-116.39,-0.3269041949544728
13211,1064,33.268,-116.417,0.6132636869911434
13212,1064,33.80776,-117.98116,-0.2834349302458977
13213,1064,34.68224,-118.57398,0.5194926234358989
13214,1064,33.38822,-117.19495,-0.7268690088638082
13215,1064,35.52495,-117.36453,1.575856952104726
13216,1064,36.5504,-117.80295,2.0295784348393053
13218,1064,33.999,-117.68,-0.5948350515107155
13219,1064,33.4019,-118.41502,-0.6845420188991701
13221,1064,34.093,-117.317,0.8479912148125489
13222,1064,33.655,-115.99,1.474665207334641
13223,1064,34.63745,-115.38115,0.8704852697942352
13224,1064,34.25353,-118.33383,0.7927727415554253
13225,1064,33.93597,-116.57794,0.5154113236928406
13226,1064,33.65,-117.009,-2.468757268243918
13227,1064,34.10618,-118.45505,0.2682535408646117
13228,1064,33.567,-116.631,-0.0602015294977359
13229,1064,32.999,-116.942,-1.0192396844821867
13231,1064,32.65915,-116.10061,-0.9169796132805228
13234,1064,33.11675,-115.82267,0.10689382353689
13235,1064,33.71264,-118.29381,-0.1470466861454643
13236,1064,33.051,-114.827,1.5643016437288344
13237,1064,33.1537,-117.22921,-1.4981626547441969
13238,1064,36.99608,-117.36621,-0.5728095283231862
13239,1064,35.30177,-116.80574,0.6478205376809072
13240,1064,34.8294,-116.335,1.069362756707106
13241,1064,34.121,-117.219,0.2432070921658155
13243,1064,35.66278,-118.47403,-1.2894483142881812
13244,1064,33.0859,-116.5959,0.5011181720059121
13245,1064,35.98249,-117.80885,0.731663739262893
13246,1064,34.36622,-116.61266,-0.6522400395286512
13247,1064,35.13066,-115.18416,2.227481644471748
13248,1064,34.9906,-118.34156,-0.0269766412008166
13249,1064,34.30529,-118.48805,1.0533838613502646
13250,1064,33.9753,-118.14918,-0.1697281184438147
13251,1064,34.10819,-119.06587,-1.4931553261702502
13252,1064,34.80762,-118.86775,0.6262404319304342
13253,1064,34.61594,-117.82493,-0.43447364756552
13254,1064,34.93439,-117.69629,-0.1198009013174479
13255,1064,35.47954,-117.68212,-0.51918412911026
13256,1064,34.3656,-117.36683,-0.5613816366963954
13258,1064,33.818,-116.369,0.7431208286198977
13260,1064,34.005,-117.562,-0.496771925394085
13261,1064,36.05799,-117.48901,0.3724403486738316
13262,1064,33.808,-116.968,-0.5563089034074361
13264,1064,34.22362,-118.05832,-0.5888642604586
13265,1064,34.78035,-116.55798,0.0522500855097484
13267,1064,33.556,-115.946,0.1779457692125619
13268,1064,33.94539,-117.92372,0.3017356100081099
13269,1064,32.608,-116.93,-1.4927128209837142
13270,1064,34.6145,-118.7235,-0.11747638310771
13271,1064,34.1484,-118.1711,-0.8767617772891012
13272,1064,34.1207,-117.63808,-0.7506266560432782
13273,1064,33.862,-117.205,-1.194127430037928
13275,1064,33.82436,-116.51195,1.188268044268939
13276,1064,33.354,-116.863,0.6976591193539824
13277,1064,33.7953,-117.60906,0.6975113826146189
13278,1064,33.63,-116.8478,-1.159733441234322
13279,1064,34.87533,-116.99684,0.414725665877967
13280,1064,33.97327,-117.32674,-0.4809381291146802
13281,1064,34.05073,-118.08085,-0.0692776022193059
13282,1064,33.99351,-117.37545,-1.7319433010382426
13283,1064,33.2801,-115.98585,0.9264666981483916
13284,1064,34.232,-117.235,0.2530453813394054
13285,1064,33.99543,-119.6351,0.3946723931745557
13286,1064,33.553,-117.662,0.8568704624367064
13287,1064,32.784,-117.13805,-0.097469789097224
13289,1064,34.43692,-119.1375,0.0065291432793675
13290,1064,35.8996,-116.27515,1.4536631737501835
13291,1064,35.89095,-117.28332,1.8321649756498888
13292,1064,33.834,-116.797,-0.7358741528249086
13294,1064,34.01438,-118.45617,0.357495980361517
13295,1064,34.05933,-118.64614,0.512314651047136
13296,1064,36.1355,-118.81099,-1.3110770983852709
13297,1064,33.829,-117.789,-0.6271244414553853
13298,1064,34.30302,-119.18676,0.0642952561020172
13299,1064,33.664,-117.769,0.6569474314752336
13300,1064,34.106,-117.098,0.3919492550991751
13301,1064,32.94508,-115.79988,-0.8992587415101079
13302,1064,34.52775,-119.97834,-0.1140328504743964
13303,1064,34.38203,-117.67822,0.964563216622208
13305,1064,33.63495,-116.16402,0.3637414966086283
13307,1064,34.48364,-118.11783,-1.0099035977066526
13308,1064,34.56065,-117.3296,0.1127099990740458
13309,1064,35.53664,-118.14035,0.0029068340920432
13310,1064,32.75904,-115.73161,-0.3524142665346144
13311,1064,34.51085,-119.27407,-1.264659412957409
13312,1064,34.00948,-117.95077,1.3197514871432203
13313,1065,34.68708,-118.29946,-0.9276855408563952
13314,1065,32.68005,-116.67215,-1.3123485590185957
13315,1065,34.23883,-117.65853,-0.9013107962071004
13316,1065,34.68224,-118.57398,0.3708323029270152
13317,1065,33.38822,-117.19495,-0.2207205991043658
13319,1065,33.876,-117.561,-0.668479820278423
13320,1065,34.10618,-118.45505,1.214147073796761
13321,1065,32.999,-116.942,-0.6403316062142103
13323,1065,33.71264,-118.29381,1.0176396942795387
13324,1065,33.1537,-117.22921,-1.0430635386886309
13325,1065,35.66278,-118.47403,-0.5086147987579843
13326,1065,34.9906,-118.34156,-0.0116160268704599
13327,1065,33.9753,-118.14918,0.0489452155103905
13328,1065,34.80762,-118.86775,1.592447892378745
13329,1065,34.005,-117.562,-0.1243535559064318
13330,1065,33.6,-117.195,0.8215871292639231
13331,1065,34.22362,-118.05832,0.3414565649137537
13332,1065,33.94539,-117.92372,-0.0703488316824852
13333,1065,34.6145,-118.7235,0.6757107964904503
13334,1065,34.17141,-118.18523,-3.514918726041819
13335,1065,34.1207,-117.63808,-0.8629604702789738
13336,1065,33.354,-116.863,0.8304117844239091
13337,1065,34.09181,-117.80709,-0.1534596850809481
13338,1065,33.63,-116.8478,-1.240109800457583
13339,1065,34.281,-118.478,0.4416721731958706
13340,1065,34.87533,-116.99684,0.7061794275745956
13341,1065,34.05073,-118.08085,0.233753555527291
13342,1065,33.99351,-117.37545,-1.5239156895650126
13344,1065,34.232,-117.235,-1.1934321967942123
13345,1065,34.05933,-118.64614,0.850485059783364
13346,1065,34.106,-117.098,-1.621790550123985
13347,1065,34.38203,-117.67822,0.7483323551572654
13350,1065,34.48364,-118.11783,-1.3820912072139624
13351,1065,34.56065,-117.3296,0.609224572363187
13352,1065,34.00948,-117.95077,1.0476457874280327
13353,1065,34.1717,-118.64971,2.234719750950464
13354,1065,33.939,-118.098,-0.0121568021492318
13355,1065,34.425,-117.544,0.3126807016470774
13356,1065,34.439,-117.647,0.9736692729168844
13357,1065,34.144,-118.262,1.688439477547116
13358,1065,34.393,-117.805,-1.4425261935272402
13360,1065,33.852,-117.451,0.9097950951048622
13361,1066,34.55046,-117.43391,1.1206775801854418
13362,1066,33.63838,-116.4011,-0.6421090941704723
13363,1066,34.14647,-118.76699,0.4611350457118336
13364,1066,34.68708,-118.29946,0.3663113957399797
13365,1066,32.68005,-116.67215,-1.7636492309957703
13366,1066,34.2623,-116.92075,1.3776673083922604
13367,1066,33.921,-116.981,0.0705329153112779
13369,1066,33.57508,-117.26119,-0.4740398851325832
13371,1066,34.23883,-117.65853,-1.9432046470760096
13372,1066,34.069,-116.39,-0.509475673491167
13373,1066,33.268,-116.417,-0.8673119893244237
13374,1066,33.80776,-117.98116,0.3809058534696988
13375,1066,33.4915,-116.667,-2.7013334810076
13376,1066,33.38822,-117.19495,-0.9393238936858804
13377,1066,35.52495,-117.36453,0.1026540380682562
13378,1066,36.5504,-117.80295,0.5413268910147122
13380,1066,33.4019,-118.41502,-1.4019228216630404
13382,1066,34.093,-117.317,0.5497181627618958
13383,1066,33.655,-115.99,-0.1984413795402393
13385,1066,34.25353,-118.33383,0.4185758458463467
13386,1066,33.93597,-116.57794,-0.609312617251019
13387,1066,34.10618,-118.45505,0.8875809937360203
13388,1066,33.567,-116.631,0.9445520959029516
13389,1066,32.999,-116.942,-2.076012251909398
13390,1066,34.88303,-117.99106,-1.0705892930029153
13392,1066,34.72832,-119.98803,0.4231979522307257
13393,1066,33.71264,-118.29381,-0.5996665880212502
13394,1066,33.1537,-117.22921,-1.901965213203348
13396,1066,35.30177,-116.80574,0.3955629059367727
13397,1066,34.8294,-116.335,0.9287447531874764
13398,1066,34.17643,-118.35967,0.7690010833163526
13400,1066,34.31076,-118.49675,0.7542513909251352
13401,1066,33.0859,-116.5959,-0.8411576235863261
13402,1066,35.9823,-117.8076,0.2145058050720586
13403,1066,34.36622,-116.61266,-0.2585704442827327
13404,1066,34.15037,-118.10156,0.926670645357634
13405,1066,33.86889,-118.33143,0.4920802423125455
13406,1066,34.00033,-118.37794,0.5200137614358581
13407,1066,34.73551,-120.27996,0.1722686270106798
13408,1066,34.9906,-118.34156,0.0402566003873278
13409,1066,33.9753,-118.14918,-0.2020943596097877
13410,1066,34.10819,-119.06587,-0.5778875294895922
13411,1066,34.80762,-118.86775,1.085641823325892
13412,1066,34.61594,-117.82493,0.0010180943514112
13413,1066,33.684,-117.943,0.3031829527192075
13414,1066,34.93439,-117.69629,-0.722782106303986
13415,1066,33.881,-118.176,1.1051000702789024
13416,1066,34.3656,-117.36683,-0.0757294246673762
13419,1066,34.005,-117.562,-0.2325148880646241
13420,1066,34.28085,-118.9049,0.2465007537144891
13421,1066,34.81258,-119.1453,-0.2285639826131731
13422,1066,36.05799,-117.48901,-0.4835878126097736
13423,1066,34.88848,-119.81362,0.6545201524740665
13424,1066,33.808,-116.968,1.5294383659357915
13426,1066,34.22362,-118.05832,-0.4338361935083774
13427,1066,34.53412,-120.17737,0.5789618511603356
13428,1066,33.94539,-117.92372,-0.3563622184284082
13429,1066,34.6145,-118.7235,-0.5174562402103048
13430,1066,34.1484,-118.1711,0.0736822942157064
13431,1066,34.44199,-118.58215,1.1996305785589505
13432,1066,33.96273,-118.43702,0.8362084849115516
13433,1066,34.1207,-117.63808,-0.4417037136478725
13434,1066,33.862,-117.205,-1.4473676504306978
13435,1066,35.40773,-120.54556,-1.4011882360697994
13436,1066,35.945,-120.542,-0.5449709392470056
13437,1066,33.354,-116.863,-0.4470963810186836
13438,1066,33.7953,-117.60906,1.056623619838262
13439,1066,34.281,-118.478,0.7133959337026897
13440,1066,34.10473,-117.97956,-0.408895402125252
13441,1066,33.74346,-118.40412,-0.3897956358958699
13442,1066,34.87533,-116.99684,0.6700499472373969
13443,1066,34.05073,-118.08085,0.303595358591923
13444,1066,33.99351,-117.37545,-2.239769383551226
13445,1066,33.2801,-115.98585,-0.3902111431553558
13446,1066,34.44076,-119.71492,0.999400143791847
13448,1066,34.232,-117.235,-0.0900593176405028
13449,1066,33.553,-117.662,0.6384342471177484
13450,1066,34.56547,-120.50137,1.293671335346688
13451,1066,34.43692,-119.1375,0.6908435042188454
13452,1066,35.89095,-117.28332,-0.0606301395198011
13453,1066,33.834,-116.797,-0.4930445337653315
13454,1066,35.3142,-119.99581,-0.0346405013235629
13455,1066,34.01438,-118.45617,0.9618527379913508
13456,1066,34.27091,-118.74407,0.1129890947294198
13457,1066,33.24787,-119.52437,-0.6672292142763067
13458,1066,34.05933,-118.64614,1.3435456677277315
13459,1066,33.829,-117.789,-0.5150033305792421
13460,1066,34.30302,-119.18676,1.0552416771262654
13461,1066,33.664,-117.769,-0.2563954728015344
13462,1066,33.79033,-118.19878,-0.0690540719231727
13463,1066,34.106,-117.098,-0.1584902595338643
13464,1066,34.52775,-119.97834,1.395048115755344
13465,1066,34.38203,-117.67822,0.1071783528962842
13467,1066,35.14592,-119.41946,0.4885646217858173
13468,1066,33.63495,-116.16402,0.2332867058287837
13469,1066,37.05422,-118.23009,0.6803439126210776
13470,1066,34.15607,-118.82039,0.4652692977378984
13472,1066,34.01919,-118.28631,-0.0321095527627284
13473,1066,34.48364,-118.11783,-1.1184209294640854
13474,1066,35.84089,-119.08469,0.0158278333993474
13475,1066,34.56065,-117.3296,-0.6575472362500294
13476,1066,35.53664,-118.14035,-0.1679506530759497
13478,1066,34.51085,-119.27407,-0.4681911336936256
13479,1066,34.00948,-117.95077,0.7349885764357991
13480,1066,34.1717,-118.64971,1.6523162164596408
13481,1066,33.94869,-118.25547,-0.1673101381399114
13502,1068,35.1269,-118.83009,-1.0862592317105078
13503,1068,34.2623,-116.92075,0.8942485886754781
13504,1068,34.23883,-117.65853,-0.456265941654486
13505,1068,34.069,-116.39,-0.0668473304098881
13506,1068,33.268,-116.417,-0.577189097450841
13507,1068,33.01213,-115.21987,-0.992393509079541
13508,1068,34.68224,-118.57398,-0.7395023083132284
13509,1068,33.4915,-116.667,-3.786487037772308
13510,1068,33.38822,-117.19495,-0.5894692891744651
13513,1068,33.4019,-118.41502,0.0603184530146585
13515,1068,33.655,-115.99,-0.3482107853616469
13516,1068,34.25353,-118.33383,-0.3093285240360101
13517,1068,33.93597,-116.57794,0.5796971192016667
13518,1068,33.65,-117.009,-0.9581312632164964
13519,1068,34.10618,-118.45505,-0.0666271844107775
13520,1068,33.567,-116.631,0.1116469768842996
13521,1068,32.999,-116.942,-1.5010390850451794
13522,1068,32.65915,-116.10061,1.6586609096811855
13524,1068,33.11675,-115.82267,0.407882873020097
13525,1068,33.71264,-118.29381,0.1606297403602327
13526,1068,33.051,-114.827,0.4201299613567099
13528,1068,33.1537,-117.22921,-1.3791417308588052
13529,1068,35.30177,-116.80574,0.2218829191331099
13530,1068,34.8294,-116.335,0.7009352336379004
13532,1068,33.0859,-116.5959,-0.6710071225912599
13533,1068,34.36622,-116.61266,1.369373452023053
13535,1068,34.9906,-118.34156,-0.6935813258750924
13536,1068,34.3656,-117.36683,0.4498660156835266
13538,1068,33.818,-116.369,0.9099953862264086
13540,1068,33.808,-116.968,1.3435479298254374
13541,1068,33.6,-117.195,-0.5038121209770619
13542,1068,32.608,-116.93,-1.585043572083709
13543,1068,34.6145,-118.7235,-0.6513551608116035
13544,1068,34.17141,-118.18523,-1.2006019643521504
13545,1068,34.1207,-117.63808,1.0015749226323738
13547,1068,33.354,-116.863,-1.3341753097399336
13548,1068,33.7953,-117.60906,0.7429860642287405
13550,1068,34.09181,-117.80709,0.4858547418555617
13551,1068,33.63,-116.8478,-0.7311232597608357
13552,1068,34.87533,-116.99684,1.2315542961667398
13553,1068,33.99351,-117.37545,-0.5328672263263255
13554,1068,33.2801,-115.98585,0.6728428050314371
13556,1068,34.232,-117.235,-0.1325183244525775
13557,1068,33.99543,-119.6351,0.6678426877907785
13558,1068,33.553,-117.662,1.5375588896205925
13560,1068,32.944,-115.718,0.960331966263395
13561,1068,33.834,-116.797,-0.1239460652451546
13562,1068,34.05933,-118.64614,0.7459644984682668
13563,1068,33.829,-117.789,-0.5116000768345645
13564,1068,34.106,-117.098,0.3174707540041606
13565,1068,32.94508,-115.79988,1.0527310783953063
13566,1068,34.38203,-117.67822,0.8523356942337086
13570,1068,32.75904,-115.73161,1.030997866005349
13571,1069,37.75094,-122.49072,-0.8550983030103099
13572,1069,37.54187,-122.30471,0.8475247460255745
13573,1069,37.26352,-121.91617,-0.6196249215006181
13574,1069,37.66,-121.873,1.1834162183199013
13575,1069,37.68,-121.739,-0.257003689072916
13576,1069,37.59094,-122.36741,0.853000956527979
13577,1069,37.39415,-122.06041,-1.255367404857346
13578,1069,37.27117,-121.98617,-1.2270101803847735
13579,1069,37.59268,-122.07449,-1.1970619055579292
13580,1069,37.71737,-121.72701,0.0151352544695253
13581,1069,37.67928,-122.48405,1.0505347405380796
13582,1069,37.91056,-122.53778,0.6037484327598608
13583,1069,38.03445,-122.27016,0.4581661849099191
13584,1069,37.95397,-121.86554,-0.9960287831245298
13585,1069,37.87622,-122.23558,-0.042895131139237
13586,1069,37.91881,-122.15176,-0.4965627592134276
13587,1069,37.87352,-122.26099,-1.342709232575475
13589,1069,37.85727,-122.42266,0.1507109753674448
13590,1069,37.45035,-121.80037,-0.1125027877962862
13591,1069,37.74766,-121.70843,-0.5697887930248127
13592,1069,37.7294,-121.83346,-0.383608457564222
13593,1069,37.85884,-121.99264,1.040361780056123
13594,1069,37.91233,-121.90716,-0.840611739110238
13595,1069,38.02691,-122.01599,0.8292500436161896
13596,1069,38.34526,-122.4584,-0.0115413607212815
13597,1069,38.99349,-123.07234,-1.4025716147545797
13598,1069,37.34305,-122.33976,-0.0242233046780209
13600,1069,37.17217,-122.01121,-0.1881144911400816
13602,1069,37.21427,-122.17168,0.6310139068271641
13603,1069,37.20631,-121.97726,0.3742453990680671
13604,1069,37.15432,-121.73467,0.2859798611972692
13605,1069,37.63719,-122.47482,-0.1333889724744482
13606,1069,37.2708,-122.21276,0.2268236889182838
13607,1069,37.19855,-122.34671,-0.5034069898429522
13608,1069,37.40373,-122.23868,-1.932094940489788
13609,1069,37.58225,-122.42006,0.8559577886234251
13610,1069,37.40372,-122.17596,-1.3063026505847206
13611,1069,37.28397,-122.05017,-0.7074652865952105
13612,1069,37.58644,-122.50217,-0.0560074432648344
13613,1069,37.6444,-118.89683,2.258363831089208
13614,1069,37.34164,-121.64257,-0.4030990861954397
13615,1069,37.65909,-118.97907,0.8736476785110803
13616,1069,38.33656,-122.81082,1.2429628821954295
13617,1069,38.28043,-122.21582,-0.023063269742475
13619,1069,38.6694,-122.6332,1.6316840894299
13620,1069,38.07601,-122.2585,1.7653280452999491
13621,1069,38.04248,-122.79684,1.2923968923602602
13622,1069,37.99642,-123.01949,1.0898183517208428
13623,1069,38.34878,-122.57795,2.046825601205764
13625,1069,38.38921,-122.66297,0.8049455886324722
13626,1069,39.55451,-121.50036,-1.6517766382191992
13627,1069,35.945,-120.542,-0.984130628688617
13628,1069,38.2026,-121.9354,-0.0590270972884703
13629,1069,36.76403,-121.44722,-0.4892553616449117
13630,1069,37.62211,-121.75697,-0.212981719145156
19409,1069,38.03455,-120.38651,-1.0436853699894004
19410,1069,37.81647,-122.06302,0.0679560301387204
19411,1069,37.9889,-122.2156,1.7677158903778911
19412,1069,37.94906,-122.40851,0.1272369630691066
19413,1069,37.72416,-122.11929,2.1067066651864987
19414,1069,37.80787,-122.3618,-0.717914054007365
19415,1069,37.12043,-122.1552,-0.8615503020188926
19416,1069,37.51704,-122.37731,0.1967264352080578
19417,1069,37.67433,-122.39855,0.3681623423016646
19418,1069,37.16067,-121.89899,1.3977886861140767
19419,1069,37.92144,-122.71806,0.4566600602866029
19420,1069,38.04962,-122.52331,0.2263657171321143
19421,1069,38.12282,-122.14921,1.3052855854551924
19422,1069,38.20025,-122.4644,1.2341587004510426
19423,1069,38.233,-122.636,0.3514940385919084
19424,1069,37.76021,-122.41524,-0.8164353542474697
19425,1069,37.77737,-122.39689,-1.4371438221421826
19426,1069,37.76386,-122.4736,0.2255637106429094
19427,1069,37.762,-122.505,0.466578475774293
19428,1069,37.40701,-122.0946,-1.5235496755044866
19429,1069,37.4748,-122.2392,-2.401105167508756
19430,1069,37.30249,-121.97978,-0.7669152712214807
19431,1069,37.30143,-121.9039,-0.9104785678914268
19432,1069,37.31816,-121.94354,-0.547213040371663
19433,1069,37.41702,-121.9154,0.2450582455113548
19434,1069,37.74766,-122.42528,-1.1938030961826211
19435,1069,38.46769,-122.89651,0.1888551974522456
13631,1070,37.27117,-121.98617,-0.5907189617260057
13632,1070,37.91056,-122.53778,-0.6955386779424884
13633,1070,38.03445,-122.27016,-0.8782964682032526
13635,1070,37.86059,-122.29327,-0.0148727496457218
13636,1070,38.29027,-122.46125,-0.1407191753738234
13637,1070,37.94215,-121.93047,0.7687036447176393
13638,1070,38.36743,-122.52403,0.0478227398221083
13639,1070,37.95397,-121.86554,0.8633493740575994
13640,1070,37.87622,-122.23558,-1.1109554194249758
13641,1070,37.91881,-122.15176,-1.5108127618970884
13642,1070,37.87352,-122.26099,-2.1973732806836708
13644,1070,37.74766,-121.70843,-0.2102831574404889
13645,1070,37.7294,-121.83346,-0.3207524419493134
13646,1070,37.73786,-122.06486,0.1319821135450307
13647,1070,37.9889,-122.2156,0.4715986035988662
13648,1070,37.94906,-122.40851,-0.7084622006833223
13649,1070,37.91233,-121.90716,0.698281704382503
13650,1070,38.02691,-122.01599,1.6212359701857708
13651,1070,37.62359,-121.83641,-0.407335657366539
13652,1070,38.34526,-122.4584,-0.1416999234578151
13653,1070,37.69782,-123.0011,-0.5838178663531844
13654,1070,38.71073,-122.75733,-0.0677969308286691
13656,1070,37.34305,-122.33976,1.575549176131627
13657,1070,37.36045,-122.18986,-0.87735858637188
13658,1070,37.51604,-122.45815,0.2458026939611307
13659,1070,37.21427,-122.17168,0.8720432318286164
13660,1070,37.20631,-121.97726,0.7967820349811902
13661,1070,37.15432,-121.73467,0.3516258519494125
13662,1070,37.63719,-122.47482,-0.3262972970071423
13663,1070,37.2708,-122.21276,1.2260016253135748
13664,1070,37.79499,-122.4746,0.0901308594425926
13665,1070,37.40373,-122.23868,-1.2108938199980934
13666,1070,37.58225,-122.42006,0.984875072269729
13667,1070,37.40372,-122.17596,-0.2010409133457614
13668,1070,37.58644,-122.50217,0.380388762603442
13669,1070,37.16067,-121.89899,1.0703357938907043
13670,1070,38.14478,-122.88018,1.4801658581617558
13671,1070,38.87874,-122.44277,0.0212836677097815
13672,1070,38.43951,-122.25272,2.1588610245325826
13673,1070,37.92144,-122.71806,-0.1348080287208611
13674,1070,38.26021,-122.55179,0.7770984849780727
13675,1070,38.00198,-122.47466,-0.1494731442713374
13676,1070,38.30988,-122.943,0.4067143468751831
13677,1070,38.33656,-122.81082,1.1661080269246382
13678,1070,38.46769,-122.89651,0.6638944327957217
13680,1070,38.15486,-121.80438,1.9543429441647773
13681,1070,38.16488,-122.71296,-0.0013633240268275
13682,1070,38.12282,-122.14921,1.0447828782678223
13683,1070,38.07601,-122.2585,0.6723760338566327
13684,1070,38.34878,-122.57795,1.6212605046797288
13685,1070,38.20025,-122.4644,0.7330123739913121
13686,1070,37.92371,-122.59649,-0.1372798869642595
13687,1070,38.14361,-122.44969,-0.1515730578313761
13689,1070,38.38921,-122.66297,0.7185569133320311
13690,1070,37.91608,-122.33607,-1.1872215571559446
13691,1070,37.62211,-121.75697,-1.2811704959141232
21339,1070,38.03455,-120.38651,-1.5177595779534931
21340,1070,39.65471,-122.71595,-1.3756526489240215
21341,1070,36.3887,-121.5514,-1.642780061619418
21343,1070,38.99349,-123.07234,-0.99925033567211
21345,1070,37.34164,-121.64257,-0.7599957410625306
21346,1070,39.55451,-121.50036,-1.8838095237045287
21347,1070,35.945,-120.542,-2.2314954107149547
21348,1070,37.72416,-122.11929,-0.1018047841209965
21349,1070,37.51704,-122.37731,0.1613348379980102
21350,1070,37.75094,-122.49072,-0.7578063192901178
21351,1070,37.762,-122.505,0.407023226683304
21352,1070,37.67928,-122.48405,0.3927725144302218
21353,1070,37.74484,-122.40134,0.3932643459117017
21354,1070,37.71633,-122.43117,-0.9991719404521264
21355,1070,37.8251,-122.27606,-0.38561582842841
21356,1070,37.41395,-121.87085,0.3738029115468175
21357,1070,37.6806,-121.92098,-0.1655337546864496
21358,1070,37.85835,-122.25252,-1.6298351833881386
21359,1070,37.81041,-121.80272,0.2096698521226912
21360,1070,37.85884,-121.99264,0.1598179592738384
21361,1070,37.80787,-122.3618,-1.779169779754285
21362,1070,38.76927,-123.01486,0.2652918906374293
21363,1070,37.19855,-122.34671,-0.0030033439797626
21364,1070,38.28043,-122.21582,0.2758768300043847
21365,1070,38.65651,-122.61441,1.1324778609689128
21366,1070,38.04248,-122.79684,1.2172469163823096
21367,1070,37.99642,-123.01949,0.6338836533139752
13809,1075,34.55046,-117.43391,-0.4613814679036241
13810,1075,34.68708,-118.29946,-0.4182084376123524
13811,1075,35.1269,-118.83009,-0.9179184473182056
13812,1075,32.68005,-116.67215,-1.30499430392835
13813,1075,34.2623,-116.92075,0.6652252750028576
13814,1075,33.921,-116.981,-0.1126353104195427
13817,1075,34.23883,-117.65853,-1.5946877799644512
13818,1075,34.069,-116.39,-1.7317026011468204
13820,1075,33.268,-116.417,-0.4547128075743206
13821,1075,33.80776,-117.98116,0.2635410625940406
13822,1075,34.68224,-118.57398,0.1946782290335269
13823,1075,33.38822,-117.19495,-1.9510675507005524
13824,1075,35.52495,-117.36453,1.0217617414173503
13825,1075,36.5504,-117.80295,1.9685779344305367
13827,1075,33.999,-117.68,0.0778993746137972
13828,1075,33.4019,-118.41502,0.0397670350558455
13830,1075,34.093,-117.317,1.4085164620380894
13831,1075,34.63745,-115.38115,0.9137930864849528
13832,1075,34.25353,-118.33383,0.6198120236578777
13833,1075,33.93597,-116.57794,0.5184253943253865
13834,1075,33.65,-117.009,-2.1679532106500075
13835,1075,34.10618,-118.45505,-0.2463250160571934
13836,1075,33.567,-116.631,-0.1251381893211429
13837,1075,32.999,-116.942,-1.8431099385262029
13841,1075,33.71264,-118.29381,-0.0467626530196287
13842,1075,33.051,-114.827,0.9405345495518538
13843,1075,33.1537,-117.22921,-1.937641189178356
13845,1075,35.30177,-116.80574,0.7625410371275858
13846,1075,34.8294,-116.335,0.223026040798333
13848,1075,35.66278,-118.47403,-0.8409206667757391
13849,1075,33.0859,-116.5959,-0.550134804741706
13850,1075,35.98249,-117.80885,0.94556493472182
13851,1075,34.36622,-116.61266,0.4007662099412462
13852,1075,35.13066,-115.18416,1.4862673718452857
13853,1075,34.9906,-118.34156,-0.0211039874542885
13854,1075,34.80762,-118.86775,0.0711995202596256
13855,1075,33.684,-117.943,-0.2331959689055412
13856,1075,35.47954,-117.68212,-0.5403712381237341
13857,1075,34.3656,-117.36683,-0.6530495248793341
13859,1075,33.818,-116.369,0.4447980625015531
13860,1075,34.005,-117.562,0.4213179928219953
13861,1075,36.05799,-117.48901,0.6397515900137599
13862,1075,33.808,-116.968,-0.3917750381833517
13864,1075,33.6,-117.195,-0.4526084041829307
13865,1075,34.22362,-118.05832,0.2970445382081411
13867,1075,33.94539,-117.92372,0.567651567752744
13868,1075,34.6145,-118.7235,-0.1309721999613053
13869,1075,34.1484,-118.1711,-0.0721480672347295
13870,1075,33.96273,-118.43702,0.6608433851948087
13871,1075,34.1207,-117.63808,-0.1891524325777689
13872,1075,33.862,-117.205,-1.0614989378871649
13874,1075,33.354,-116.863,-0.948799555345178
13875,1075,33.7953,-117.60906,1.368467698496099
13877,1075,33.824,-116.55,-1.9005653099273376
13878,1075,34.09181,-117.80709,0.4923217554375548
13879,1075,33.63,-116.8478,-0.9140887991326874
13880,1075,33.74346,-118.40412,0.3611639558068275
13881,1075,34.87533,-116.99684,0.8178456898811369
13882,1075,33.97327,-117.32674,0.6489864713222622
13883,1075,34.05073,-118.08085,-0.2313423267172506
13884,1075,33.99351,-117.37545,-0.8523946592777262
13885,1075,33.2801,-115.98585,0.5046507500886599
13887,1075,34.232,-117.235,0.5237663026915875
13888,1075,33.553,-117.662,0.9117689359331193
13889,1075,32.784,-117.13805,-0.3610512757290702
13891,1075,34.43692,-119.1375,-0.0747817653556229
13892,1075,35.8996,-116.27515,0.9595951635562912
13893,1075,35.89095,-117.28332,2.1286602055787034
13894,1075,33.834,-116.797,-0.3820495273319169
13895,1075,34.01438,-118.45617,0.3221323186960552
13896,1075,34.05933,-118.64614,0.3323525999142544
13897,1075,36.1355,-118.81099,-1.0817968593847171
13898,1075,33.829,-117.789,0.6485980040493914
13899,1075,34.30302,-119.18676,-0.0116251576753987
13900,1075,33.664,-117.769,0.2887607757007878
13901,1075,34.106,-117.098,1.0096190151677853
13902,1075,32.94508,-115.79988,-0.9353319991942636
13903,1075,34.38203,-117.67822,0.5406226099803787
13905,1075,33.63495,-116.16402,0.2912707864255614
13907,1075,34.48364,-118.11783,-1.228119256672979
13908,1075,34.56065,-117.3296,-0.9138575676544554
13909,1075,35.53664,-118.14035,0.368116792492113
13910,1075,32.75904,-115.73161,-0.8138561907662456
13911,1075,34.51085,-119.27407,-1.1919795755349676
13912,1075,34.00948,-117.95077,1.1385019218021248
13913,1075,34.1717,-118.64971,1.257860657152698
13914,1076,34.55046,-117.43391,0.7795081975633396
13915,1076,33.63838,-116.4011,-0.3909435661014535
13916,1076,34.68708,-118.29946,-0.4344757180194689
13917,1076,32.68005,-116.67215,-0.7516465321273738
13918,1076,34.2623,-116.92075,1.077063767121493
13920,1076,34.069,-116.39,-0.5401578522354532
13921,1076,33.268,-116.417,-0.1000541381752012
13922,1076,34.68224,-118.57398,1.3355036362620891
13923,1076,33.38822,-117.19495,0.247893141635791
13924,1076,35.52495,-117.36453,1.22488051922775
13926,1076,33.999,-117.68,-0.5576039620220086
13928,1076,34.093,-117.317,1.6960155394657783
13930,1076,33.655,-115.99,0.1182284500596923
13931,1076,34.63745,-115.38115,0.7066186057152694
13932,1076,34.25353,-118.33383,-0.4640870423891839
13933,1076,34.10618,-118.45505,-0.3166514040449964
13934,1076,32.999,-116.942,-0.4690199480543257
13936,1076,33.71264,-118.29381,0.250620563903289
13937,1076,33.051,-114.827,0.0771324376816908
13938,1076,33.1537,-117.22921,-0.6238305758294429
13939,1076,35.30177,-116.80574,1.6587913344852458
13940,1076,34.8294,-116.335,0.7595220917916267
13941,1076,34.121,-117.219,-0.5049203407075498
13942,1076,35.66278,-118.47403,-0.7660420947616061
13943,1076,33.0859,-116.5959,-0.1873195745581164
13944,1076,35.9823,-117.8076,0.4546121893439326
13945,1076,34.36622,-116.61266,0.3561706273502432
13946,1076,35.13066,-115.18416,0.9078183925109384
13947,1076,34.61594,-117.82493,-0.2796917975133573
13948,1076,33.684,-117.943,-0.690939831171688
13949,1076,35.47954,-117.68212,-0.1264260414559373
13950,1076,34.3656,-117.36683,0.3383357025693573
13952,1076,33.818,-116.369,1.0466274362117785
13954,1076,34.005,-117.562,-0.0011028137979973
13955,1076,36.05799,-117.48901,0.304725074303151
13957,1076,34.22362,-118.05832,-0.3380836948251474
13958,1076,34.22869,-118.55829,0.4817407037379372
13959,1076,33.94539,-117.92372,-0.896909652842033
13960,1076,32.608,-116.93,-0.8634217272536165
13961,1076,34.6145,-118.7235,0.4424528041225522
13962,1076,34.1484,-118.1711,-0.7093090989677125
13963,1076,34.1207,-117.63808,-0.6805001769281733
13964,1076,33.354,-116.863,-0.5428728015110565
13965,1076,33.7953,-117.60906,1.1932178816367167
13967,1076,33.74346,-118.40412,1.6437073453570472
13968,1076,34.87533,-116.99684,0.1357272793860656
13969,1076,34.05073,-118.08085,0.0473178394512002
13970,1076,33.99351,-117.37545,-0.8880529230276616
13971,1076,33.2801,-115.98585,-0.3257606756841749
13972,1076,34.44076,-119.71492,0.3304873560276304
13973,1076,34.232,-117.235,0.2831761419040756
13975,1076,35.8996,-116.27515,1.156441909600928
13976,1076,35.89095,-117.28332,0.6474662517443888
13977,1076,35.3142,-119.99581,-0.0556761410836667
13978,1076,34.05933,-118.64614,0.1775070274947324
13979,1076,33.829,-117.789,-0.7759286125825878
13980,1076,34.30302,-119.18676,1.3733572153253084
13981,1076,33.664,-117.769,-1.4458789801182286
13982,1076,34.106,-117.098,-0.9942971316077298
13983,1076,32.94508,-115.79988,-1.3829477315075542
13984,1076,34.52775,-119.97834,0.0928940164476641
13985,1076,34.38203,-117.67822,-0.2111904342187942
13987,1076,34.48364,-118.11783,-1.713053071300091
13988,1076,34.56065,-117.3296,-1.2187461144933909
14023,1079,37.77737,-122.39689,-2.765994625977773
14024,1079,37.762,-122.505,-0.6156684270655641
14025,1079,37.54187,-122.30471,0.9882437246010152
14026,1079,37.376,-121.84367,-0.2875663774915934
14027,1079,37.27117,-121.98617,-1.2806932398487618
14028,1079,37.67928,-122.48405,1.4435161708626163
14029,1079,38.03445,-122.27016,-0.3544066120211671
14030,1079,37.71633,-122.43117,-0.5349532462437697
14031,1079,37.81076,-122.29252,-1.3742128708633066
14032,1079,37.8251,-122.27606,-0.1791629159266443
14033,1079,37.72416,-122.44841,-1.6929421855650757
14034,1079,37.86059,-122.29327,-0.1747343279921077
14035,1079,37.85835,-122.25252,-0.7734136979550524
14036,1079,37.36408,-122.01817,-1.0586994721390162
14037,1079,37.69169,-122.16982,1.168574858278283
14038,1079,37.68873,-121.78351,1.0083904178254852
14039,1079,37.72688,-122.15092,0.0105191128728166
14040,1079,37.8852,-122.03217,0.3589344574968635
14041,1079,37.94215,-121.93047,-0.8149250364997409
14042,1079,37.95397,-121.86554,0.5223236072759758
14043,1079,37.87622,-122.23558,-0.2325134971227039
14044,1079,37.91881,-122.15176,0.2125720793493521
14045,1079,37.87352,-122.26099,-1.958761219409304
14046,1079,37.16346,-121.62645,-0.3289786742332717
14047,1079,37.85727,-122.42266,-0.8189151460489514
14048,1079,37.45035,-121.80037,-0.1677024817030183
14049,1079,37.74766,-121.70843,0.4988640088430637
14050,1079,37.7294,-121.83346,0.591798057660026
14051,1079,37.37289,-121.76887,0.5652113867539923
14052,1079,37.73786,-122.06486,1.2236699441928385
14053,1079,37.81041,-121.80272,-0.4240270365613852
14054,1079,37.85884,-121.99264,1.3919952961898474
14055,1079,37.91233,-121.90716,1.498852877395723
14056,1079,38.02691,-122.01599,-0.0610961578848981
14057,1079,38.34526,-122.4584,-0.4240132808943654
14058,1079,37.69782,-123.0011,0.4102246128679818
14059,1079,36.3887,-121.5514,-0.7715507117717743
14060,1079,37.34305,-122.33976,1.891425448162395
14061,1079,37.31861,-122.15314,-1.0783227931140913
14062,1079,37.17217,-122.01121,0.5634725937456713
14063,1079,37.36045,-122.18986,-1.3073460536195989
14064,1079,37.51604,-122.45815,0.8241368904131464
14065,1079,37.21427,-122.17168,0.8902709767530269
14068,1079,37.63719,-122.47482,0.1896039712330502
14069,1079,37.2708,-122.21276,1.00768069234245
14070,1079,37.19855,-122.34671,1.2209455104178388
14071,1079,37.40373,-122.23868,-1.6584340623577212
14072,1079,37.58225,-122.42006,0.995098151477294
14073,1079,37.40372,-122.17596,-1.0526781058345045
14074,1079,37.58644,-122.50217,0.3400916816888779
14075,1079,38.14478,-122.88018,1.2409875971173363
14076,1079,37.34164,-121.64257,-0.374831565846875
14077,1079,38.87874,-122.44277,-0.3963433881660452
14078,1079,38.43951,-122.25272,1.3101848735549064
14079,1079,38.26021,-122.55179,0.6668902219121878
14080,1079,38.33656,-122.81082,1.6591374018529477
14081,1079,38.46769,-122.89651,0.5495871917346768
14082,1079,38.28043,-122.21582,-0.5777739571403475
14083,1079,38.15486,-121.80438,-0.4695077270676892
14084,1079,38.16488,-122.71296,0.5038432483293501
14085,1079,38.07601,-122.2585,1.3697355552195434
14086,1079,38.04248,-122.79684,0.7536807320584654
14087,1079,37.99642,-123.01949,-0.1234836553949426
14088,1079,37.92371,-122.59649,-0.3921170266872552
14089,1079,38.14361,-122.44969,1.515980952012218
14090,1079,38.24039,-122.79842,0.0699036637392126
14091,1079,38.38921,-122.66297,0.2472128318555886
20870,1079,38.03455,-120.38651,-2.0544059257009817
20871,1079,36.68011,-119.02282,-1.6928297295623695
20872,1079,38.99349,-123.07234,-0.8648017094145604
20873,1079,39.55451,-121.50036,-3.0972674912984623
20874,1079,37.81647,-122.06302,0.1785747523362105
20875,1079,37.25898,-121.67311,0.4499517508367878
20876,1079,37.9889,-122.2156,1.5674913773495236
20877,1079,37.94906,-122.40851,0.2704872459823869
20878,1079,37.72416,-122.11929,2.194500992480546
20879,1079,37.80787,-122.3618,-0.3251293789655013
20880,1079,37.12043,-122.1552,0.039003330692446
20881,1079,37.51704,-122.37731,0.0141083976969429
20883,1079,37.16067,-121.89899,1.8849758940889243
20884,1079,37.92144,-122.71806,0.9762584842628572
20885,1079,38.04962,-122.52331,-0.6372008410310739
20886,1079,38.12282,-122.14921,0.741762071273393
20887,1079,38.20025,-122.4644,1.346663242616886
20888,1079,37.76021,-122.41524,-1.5581196377170845
20889,1079,37.75094,-122.49072,-1.216294309415075
20890,1079,37.76386,-122.4736,-0.5205212952450877
20891,1079,37.40701,-122.0946,-1.4588739771024273
20892,1079,37.4748,-122.2392,-2.2761544149857658
20893,1079,37.68,-121.739,0.2892800333595378
20894,1079,37.41702,-121.9154,-0.1425801161754337
20895,1079,37.59094,-122.36741,0.7815826138055506
20896,1079,37.04922,-121.80722,-0.1378868752279322
20897,1079,37.28397,-122.05017,-1.6089836210461617
20898,1079,37.6444,-118.89683,2.009511471838485
20899,1079,37.65909,-118.97907,0.841188443815123
20900,1079,38.30988,-122.943,0.5348454566304661
14117,1081,37.0254,-121.4845,-0.0886087584252972
14118,1081,36.68011,-119.02282,-1.9785574639718908
14119,1081,37.21427,-122.17168,1.2979230722761366
14120,1081,37.2708,-122.21276,2.022360142949959
14122,1081,37.6444,-118.89683,3.0204220150158565
14123,1081,37.34164,-121.64257,0.0663916535430926
14124,1081,37.65909,-118.97907,1.788628687666625
14125,1081,35.73065,-120.24986,-0.0034471849926312
14127,1081,35.945,-120.542,0.3363503102036178
14128,1081,36.2159,-120.80126,0.5522006604742197
14129,1081,36.0688,-120.59618,1.3824631420525453
14130,1081,37.28744,-121.86422,0.3605828195435402
14131,1081,36.88311,-121.3908,0.2998117839756593
14132,1081,36.61809,-121.31468,0.4669501559531366
14133,1081,36.3887,-121.5514,0.5885274236376921
14135,1081,37.15432,-121.73467,0.5535230608586013
14136,1081,37.40373,-122.23868,-0.6349587052812624
14137,1081,37.008,-121.287,0.0395873928643459
14139,1081,35.63597,-120.86984,1.0859128974357053
14140,1081,36.76403,-121.44722,-2.062793081799562
14141,1081,37.62211,-121.75697,-0.796398602446238
20227,1081,37.91881,-122.15176,-0.3674059113771885
20228,1081,37.87352,-122.26099,-1.6154957431332544
20229,1081,38.03455,-120.38651,-0.8621698465093955
20230,1081,37.69782,-123.0011,-2.2246744115701187
20231,1081,38.99349,-123.07234,-1.914329687849684
20232,1081,38.14478,-122.88018,-0.1224226792108263
20233,1081,38.87874,-122.44277,-1.9246449878416825
20235,1081,39.2291,-121.7861,-1.09795198243923
20236,1081,37.26748,-121.86656,0.3914762800033995
20237,1081,37.68,-121.739,-0.6346761901754059
20238,1081,37.74664,-122.38679,1.52743041424936
20239,1081,37.376,-121.84367,0.4255349898198304
20240,1081,37.27117,-121.98617,-0.3051703052780827
20242,1081,38.94596,-120.96897,-2.101994851250045
20243,1081,35.53383,-120.90667,0.0063990035977247
20244,1081,37.16346,-121.62645,-1.2793307910282858
20245,1081,37.37289,-121.76887,-0.721980190673228
20246,1081,37.73786,-122.06486,0.6740580373213022
20247,1081,37.62359,-121.83641,0.8609244519437375
20248,1081,35.233,-120.78167,1.8433172040746868
20249,1081,35.66278,-118.47403,-0.6758270178692694
20250,1081,37.34305,-122.33976,0.8965962418921116
20251,1081,37.12043,-122.1552,-0.2522149219461996
20252,1081,37.17217,-122.01121,0.454253414419
20253,1081,36.92745,-121.82764,0.0461001452483021
20254,1081,37.36045,-122.18986,-0.8157479194238045
20255,1081,37.20631,-121.97726,0.1650508557710828
20256,1081,37.16067,-121.89899,0.2235690188164651
20257,1081,35.86661,-120.4796,0.9562342662214438
20258,1081,37.05422,-118.23009,-0.1985399373642954
14209,1085,33.3527,-115.733,0.930314633319858
14210,1085,33.63838,-116.4011,-0.5515829551129264
14211,1085,32.68005,-116.67215,-0.0950013651274753
14212,1085,34.2623,-116.92075,0.2631039928756849
14213,1085,33.921,-116.981,-0.4074832430917299
14215,1085,33.57508,-117.26119,0.0071092612042312
14217,1085,34.23883,-117.65853,-0.398317438450026
14218,1085,34.069,-116.39,-1.2992035161592297
14219,1085,33.268,-116.417,0.148662737333289
14220,1085,33.01213,-115.21987,-1.607689857681447
14221,1085,33.38822,-117.19495,0.3700000042424317
14224,1085,33.4019,-118.41502,-1.5611728074236757
14225,1085,33.655,-115.99,0.8758752153308244
14226,1085,34.25353,-118.33383,-0.2382624229453747
14227,1085,33.93597,-116.57794,-0.4410282220712285
14228,1085,33.65,-117.009,-1.1845477783303893
14229,1085,33.567,-116.631,-0.3262971269278093
14230,1085,32.999,-116.942,1.1492150147966471
14231,1085,32.805,-115.447,-0.760723949324343
14233,1085,32.65915,-116.10061,-0.4537742139020229
14235,1085,33.051,-114.827,-0.0626515497176199
14236,1085,33.1537,-117.22921,0.4995907352023929
14237,1085,34.8294,-116.335,-0.2520058818291091
14239,1085,33.0859,-116.5959,0.6463786236084395
14240,1085,34.36622,-116.61266,-0.3081200582653305
14242,1085,33.684,-117.943,0.5391804151394024
14243,1085,34.93439,-117.69629,-0.0387402959935082
14245,1085,33.818,-116.369,-0.0179374404892135
14246,1085,33.808,-116.968,1.348188000498974
14247,1085,34.22362,-118.05832,0.2720758931719387
14248,1085,33.94539,-117.92372,0.4696184937734083
14249,1085,32.608,-116.93,0.95077372802963
14250,1085,34.1484,-118.1711,-0.077991320039104
14251,1085,34.1207,-117.63808,1.013355413875242
14252,1085,33.862,-117.205,-0.510736774892275
14254,1085,33.354,-116.863,-0.6856128007467026
14255,1085,33.7953,-117.60906,1.6000552276951912
14256,1085,33.63,-116.8478,-0.9110520346556756
14257,1085,33.74346,-118.40412,-0.1622000033365004
14258,1085,33.99351,-117.37545,-0.8531569077909147
14259,1085,33.183,-115.623,-0.555993837663354
14260,1085,33.2801,-115.98585,0.5411185446516648
14262,1085,33.553,-117.662,1.506287389165479
14263,1085,32.784,-117.13805,-0.4984970114898118
14265,1085,33.834,-116.797,-1.1303272631503634
14266,1085,34.05933,-118.64614,0.7024527345708501
14267,1085,33.829,-117.789,0.6313936201849323
14268,1085,33.664,-117.769,1.324916835003994
14269,1085,32.94508,-115.79988,-0.0971539842302462
14270,1085,34.38203,-117.67822,1.3225082940348618
14272,1085,33.63495,-116.16402,-0.1266824101147921
14273,1085,34.48364,-118.11783,-0.6458334477805446
14274,1085,34.56065,-117.3296,0.0455204164202038
14275,1085,32.75904,-115.73161,-0.3264094709571413
14276,1086,33.1774,-115.616,-3.392561909410536
14277,1086,33.63461,-116.09534,-3.189228103168185
14278,1086,34.68708,-118.29946,0.8627952429799991
14279,1086,35.1269,-118.83009,-0.1501573096538027
14280,1086,32.68005,-116.67215,-1.3934488089262402
14281,1086,34.2623,-116.92075,0.9624978666084612
14282,1086,33.921,-116.981,0.6229500215557807
14285,1086,34.23883,-117.65853,-0.8798021445061621
14286,1086,34.069,-116.39,-0.9881004267655814
14288,1086,33.268,-116.417,-0.650219432029313
14289,1086,33.01213,-115.21987,-1.1717886352959566
14290,1086,34.68224,-118.57398,0.7512655815877697
14291,1086,33.4915,-116.667,-2.961018048382961
14292,1086,35.52495,-117.36453,0.7932136686333717
14295,1086,33.999,-117.68,0.8637107965950035
14296,1086,33.655,-115.99,0.4085013838997142
14297,1086,34.63745,-115.38115,0.022419296716192
14298,1086,34.25353,-118.33383,1.0326825605424634
14299,1086,33.93597,-116.57794,-0.7112692692831303
14300,1086,33.65,-117.009,-0.8890830202678032
14301,1086,34.10618,-118.45505,-0.5440587824194163
14302,1086,33.567,-116.631,1.0471261670921028
14303,1086,32.999,-116.942,-0.6508519479786554
14304,1086,32.805,-115.447,0.2239890598969887
14306,1086,33.11675,-115.82267,0.6009304573413305
14307,1086,33.051,-114.827,0.2892874069378243
14308,1086,33.1537,-117.22921,-0.8818037994986672
14309,1086,35.30177,-116.80574,0.0069194311398403
14313,1086,34.36622,-116.61266,1.2805401427739462
14314,1086,35.13066,-115.18416,0.4622373566688887
14315,1086,34.9906,-118.34156,-0.088496132030485
14316,1086,33.684,-117.943,-0.6181099140947367
14317,1086,34.3656,-117.36683,0.1396200156165511
14320,1086,33.818,-116.369,-0.4190842256584781
14321,1086,34.005,-117.562,0.9862922740809732
14323,1086,33.808,-116.968,1.2551252933034116
14324,1086,33.6,-117.195,-0.1873742734575456
14325,1086,34.22362,-118.05832,0.1194760633315477
14326,1086,34.76759,-114.61881,0.8332384157436946
14327,1086,33.94539,-117.92372,0.7992368931897085
14328,1086,32.608,-116.93,-0.7601944848873075
14329,1086,34.6145,-118.7235,-0.0375433053536654
14330,1086,34.1207,-117.63808,-0.1480965413236106
14331,1086,33.862,-117.205,-0.3826826984916046
14333,1086,33.354,-116.863,0.0827768573573382
14334,1086,33.7953,-117.60906,0.8969931004719016
14336,1086,33.824,-116.55,-2.368408671826677
14337,1086,34.09181,-117.80709,0.9599285792919406
14338,1086,33.63,-116.8478,0.3439406601885337
14339,1086,34.87533,-116.99684,1.27495320363042
14340,1086,33.97327,-117.32674,0.2800759774187955
14341,1086,33.99351,-117.37545,-1.3045167096977122
14342,1086,33.183,-115.623,-0.3299430640578701
14343,1086,33.2801,-115.98585,-0.3682044448343848
14345,1086,34.232,-117.235,0.1309498635159365
14346,1086,33.553,-117.662,0.8180937427112506
14347,1086,32.784,-117.13805,0.6044382684752345
14349,1086,32.9333,-115.7039,0.5206158330274198
14350,1086,32.944,-115.718,-0.1423538196893571
14351,1086,33.834,-116.797,0.5218350644358694
14352,1086,34.05933,-118.64614,0.4284818470385889
14353,1086,33.829,-117.789,0.5957049736499336
14354,1086,33.664,-117.769,-1.0127169203760626
14355,1086,34.106,-117.098,0.5949963224091271
14356,1086,32.94508,-115.79988,-0.2687608041618117
14357,1086,34.38203,-117.67822,0.7742777283627295
14360,1086,34.48364,-118.11783,0.3835895599768633
14361,1086,32.75904,-115.73161,1.0855407762871885
14425,1089,32.68005,-116.67215,-1.3605825684282271
14426,1089,34.2623,-116.92075,0.4517379589179863
14428,1089,34.23883,-117.65853,-1.2493895433940234
14431,1089,33.01213,-115.21987,-0.390163205547173
14433,1089,33.4915,-116.667,-2.5347219331433384
14434,1089,33.38822,-117.19495,-0.6247727857658738
14436,1089,33.4019,-118.41502,-1.1402072066179842
14437,1089,33.655,-115.99,-0.8224239989858771
14438,1089,34.25353,-118.33383,-0.0389538488605409
14439,1089,33.65,-117.009,-0.2644867539457246
14440,1089,32.999,-116.942,-0.9338368751068248
14441,1089,32.805,-115.447,-0.2604417181756693
14442,1089,32.65915,-116.10061,0.5046271849208749
14445,1089,33.11675,-115.82267,-0.1283494067820388
14446,1089,33.051,-114.827,0.4586003977162775
14447,1089,33.1537,-117.22921,-0.6541170508571509
14448,1089,33.0859,-116.5959,0.6570555986382743
14449,1089,34.36622,-116.61266,-1.1949967396451462
14451,1089,35.13066,-115.18416,-0.7299394937353058
14452,1089,34.93439,-117.69629,8.071338498321326
14453,1089,34.3656,-117.36683,-0.4050543353978008
14455,1089,33.818,-116.369,-0.3342524277658105
14456,1089,33.808,-116.968,1.84188802056414
14457,1089,33.6,-117.195,0.2546699297452235
14458,1089,34.22362,-118.05832,-0.6231737709478794
14459,1089,33.556,-115.946,-1.0582633037879847
14460,1089,33.94539,-117.92372,0.84701626298612
14461,1089,32.608,-116.93,-1.6434044528028549
14462,1089,34.1484,-118.1711,-0.2929448211427729
14463,1089,34.1207,-117.63808,0.6898478808773699
14464,1089,33.862,-117.205,-1.2698768259394873
14466,1089,33.354,-116.863,0.7122694464470792
14468,1089,33.824,-116.55,-2.677837477477145
14469,1089,34.09181,-117.80709,0.8467129968816065
14470,1089,33.63,-116.8478,0.3489225896603007
14471,1089,33.97327,-117.32674,-0.2216574085521618
14472,1089,33.99351,-117.37545,-0.7806068209333499
14473,1089,33.183,-115.623,-0.6887869379659027
14474,1089,33.2801,-115.98585,-0.1640070922881785
14475,1089,33.553,-117.662,1.5084411072063482
14476,1089,32.784,-117.13805,-0.0382506318958129
14478,1089,33.834,-116.797,-0.6772668247057898
14480,1089,34.05933,-118.64614,1.1676918518133923
14481,1089,33.829,-117.789,0.9079682697769323
14482,1089,33.664,-117.769,0.9096079476537888
14483,1089,34.106,-117.098,0.459534073394172
14484,1089,32.94508,-115.79988,0.0259268791794959
14485,1089,34.38203,-117.67822,1.0683395456342284
14487,1089,32.75904,-115.73161,-0.6875998927062039
14522,1091,34.55046,-117.43391,0.9031137158890644
14523,1091,33.63838,-116.4011,0.3686731144517903
14524,1091,32.68005,-116.67215,-0.7463314418401801
14525,1091,34.2623,-116.92075,0.6445202080611453
14526,1091,33.921,-116.981,-0.8051594411157081
14527,1091,33.57508,-117.26119,0.5385611253025987
14529,1091,34.069,-116.39,-0.4438114985811944
14530,1091,33.268,-116.417,-0.4961989636447081
14531,1091,33.4915,-116.667,-3.1168951046385063
14532,1091,33.38822,-117.19495,-0.0335140202587333
14534,1091,33.655,-115.99,0.7412349268858816
14535,1091,34.25353,-118.33383,0.9936893572029364
14537,1091,33.65,-117.009,-0.2023366063266052
14538,1091,32.999,-116.942,-1.1349654052078724
14540,1091,33.11675,-115.82267,-0.2709792174638643
14541,1091,33.051,-114.827,0.5334798391289545
14542,1091,33.1537,-117.22921,-0.5712870718997373
14543,1091,35.30177,-116.80574,-0.4188613560277666
14544,1091,34.8294,-116.335,0.14251061833973
14545,1091,33.0859,-116.5959,-0.1794769126029731
14546,1091,34.36622,-116.61266,1.5433920435344353
14547,1091,33.7141,-116.7119,0.4042421696554637
14550,1091,33.818,-116.369,1.54994311787545
14551,1091,33.808,-116.968,0.0841732979506384
14552,1091,34.22362,-118.05832,0.5560856608843017
14553,1091,33.94539,-117.92372,0.1032742093551771
14554,1091,32.608,-116.93,-1.0420704344151426
14555,1091,34.6145,-118.7235,0.4918385616170873
14556,1091,34.1484,-118.1711,-0.534488656200836
14559,1091,33.82436,-116.51195,1.8005312548401315
14560,1091,33.354,-116.863,-0.6154730062393083
14561,1091,33.7953,-117.60906,0.8472597820618031
14562,1091,34.87533,-116.99684,0.0587934083931742
14563,1091,33.2801,-115.98585,0.7185661086210644
14564,1091,34.232,-117.235,-0.4836214536018801
14566,1091,34.106,-117.098,-0.0195476060531892
14567,1091,32.94508,-115.79988,-1.0074739082411404
14568,1091,34.38203,-117.67822,0.8669003447320641
14570,1091,33.63495,-116.16402,0.5427652161025432
14571,1091,34.48364,-118.11783,-0.69855723482508
14572,1091,34.56065,-117.3296,-0.7666151926677619
14616,1094,34.55046,-117.43391,1.3146132058664728
14617,1094,34.68708,-118.29946,-1.5769376347546178
14618,1094,35.1269,-118.83009,0.0824254533698334
14619,1094,35.34444,-119.10445,-1.0077368758048788
14620,1094,34.2623,-116.92075,1.1688901972393697
14621,1094,34.23883,-117.65853,-1.7447933711081305
14622,1094,34.069,-116.39,-0.5697229285626727
14623,1094,34.68224,-118.57398,-0.8156114513281508
14624,1094,35.30819,-119.84583,-0.817389065480536
14625,1094,35.52495,-117.36453,0.4790633402842539
14626,1094,36.5504,-117.80295,0.6863320320479792
14629,1094,36.43988,-118.08016,-0.0820780731865011
14630,1094,34.25353,-118.33383,-0.6170472324000595
14631,1094,33.93597,-116.57794,0.7120035873090024
14632,1094,33.65,-117.009,-0.8669839545904822
14633,1094,33.567,-116.631,0.4259621421149041
14636,1094,34.72832,-119.98803,0.3162911909206232
14638,1094,36.99608,-117.36621,-0.6649386902895275
14639,1094,35.30177,-116.80574,0.0472755583278775
14640,1094,34.8294,-116.335,1.619810341441203
14641,1094,35.66278,-118.47403,-1.250295198861893
14642,1094,35.98249,-117.80885,1.0204167316430564
14643,1094,34.36622,-116.61266,0.8299275646837733
14644,1094,34.73551,-120.27996,-0.1696749962734145
14646,1094,34.9906,-118.34156,0.412934647496073
14647,1094,34.10819,-119.06587,0.0552715940837393
14648,1094,34.80762,-118.86775,-0.2861035171431538
14649,1094,34.93439,-117.69629,-0.3341556776170826
14650,1094,35.47954,-117.68212,-1.9368719272569308
14651,1094,34.3656,-117.36683,-0.247972856608327
14652,1094,35.36165,-118.92282,-0.8819976153962976
14654,1094,37.63019,-118.83605,1.9936009203131664
14655,1094,34.28085,-118.9049,1.5981504976481724
14656,1094,34.81258,-119.1453,-1.2225079948955735
14657,1094,36.05799,-117.48901,0.1381229354244016
14658,1094,34.88848,-119.81362,0.5813644484860392
14659,1094,33.6,-117.195,-0.2117547031773232
14660,1094,34.22362,-118.05832,-0.1022473566001428
14661,1094,34.53412,-120.17737,-0.1162003970155313
14662,1094,34.6145,-118.7235,-0.8660320932375138
14663,1094,34.44199,-118.58215,-0.2527534336330516
14664,1094,34.1207,-117.63808,0.0162365978864361
14665,1094,35.40773,-120.54556,-1.9033581475204229
14666,1094,35.945,-120.542,-0.7778392769949494
14667,1094,33.354,-116.863,-0.6004846617896276
14668,1094,33.7953,-117.60906,0.2654842045302471
14670,1094,34.09181,-117.80709,0.4496526505940177
14671,1094,36.30523,-119.24384,-0.1621166371429353
14672,1094,33.74346,-118.40412,-0.5927295013674105
14673,1094,34.87533,-116.99684,0.935848051619232
14675,1094,34.43692,-119.1375,0.4648355904295884
14676,1094,35.8996,-116.27515,0.317711604433171
14677,1094,35.89095,-117.28332,0.5671818694316578
14678,1094,33.834,-116.797,0.2785592807764656
14679,1094,35.3142,-119.99581,-0.3184847919610736
14680,1094,34.05933,-118.64614,-0.5337874383889399
14682,1094,34.30302,-119.18676,2.2531054023806294
14683,1094,34.52775,-119.97834,1.224901729069296
14684,1094,34.38203,-117.67822,1.4050022171698346
14686,1094,35.14592,-119.41946,-0.4327244313021272
14687,1094,37.05422,-118.23009,-0.1896608124908571
14689,1094,34.48364,-118.11783,-1.397130550717805
14690,1094,35.84089,-119.08469,0.9093205551300916
14691,1094,35.53664,-118.14035,0.7654714047512261
14692,1094,34.51085,-119.27407,-0.8778078154689865
14693,1094,34.1717,-118.64971,0.0063018287085699
14694,1095,34.55046,-117.43391,-0.0172531091894012
14695,1095,33.63838,-116.4011,-0.4982860824226848
14696,1095,34.68708,-118.29946,0.1531443963889247
14697,1095,32.68005,-116.67215,0.0007954282193265
14698,1095,34.2623,-116.92075,0.9796078619413364
14700,1095,34.069,-116.39,-0.4486783552964741
14701,1095,33.268,-116.417,-0.7399184049241321
14702,1095,34.68224,-118.57398,2.1018756721191827
14703,1095,33.38822,-117.19495,0.5752482525536096
14705,1095,33.999,-117.68,0.4764957374633366
14706,1095,33.4019,-118.41502,1.3435458504780995
14708,1095,34.093,-117.317,1.5121306871203304
14709,1095,34.0602,-117.809,1.4979504099650205
14710,1095,33.876,-117.561,0.0881827301140336
14711,1095,33.655,-115.99,0.3531565179696169
14712,1095,34.63745,-115.38115,0.5917487954087298
14713,1095,34.25353,-118.33383,-0.4119204733139315
14714,1095,33.93597,-116.57794,-0.7078610828469252
14715,1095,33.65,-117.009,-0.9939554144859978
14716,1095,34.10618,-118.45505,-0.9471632434933296
14717,1095,32.999,-116.942,-0.7705408785689952
14718,1095,34.88303,-117.99106,-0.8516489333028835
14720,1095,33.11675,-115.82267,0.1429133530407074
14721,1095,33.71264,-118.29381,-0.159593926123044
14722,1095,34.1,-117.439,-1.0203646364832903
14723,1095,35.082,-117.58267,-0.4956785568210047
14724,1095,33.051,-114.827,-0.2950467148588102
14725,1095,33.1537,-117.22921,-0.8153775667017817
14727,1095,35.30177,-116.80574,0.3347834562725563
14728,1095,34.8294,-116.335,1.1008717930985936
14729,1095,33.0859,-116.5959,-0.4853663729625284
14730,1095,34.36622,-116.61266,0.145088780063495
14732,1095,35.13066,-115.18416,0.5153703985352942
14733,1095,33.9753,-118.14918,-0.67910318698269
14734,1095,34.10819,-119.06587,-1.103399287809225
14735,1095,34.61594,-117.82493,0.3873186496930531
14736,1095,33.684,-117.943,0.3744706255972498
14737,1095,35.47954,-117.68212,-0.7352047404666557
14738,1095,34.3656,-117.36683,-0.1363474459032754
14741,1095,34.005,-117.562,0.042794442362661
14742,1095,36.05799,-117.48901,-0.0761049894553023
14743,1095,33.808,-116.968,0.5095449603255527
14744,1095,34.22362,-118.05832,-0.4036500402820701
14745,1095,34.6145,-118.7235,0.5933338961079032
14746,1095,34.1484,-118.1711,-0.7906808097900934
14748,1095,34.44199,-118.58215,0.2214451867875742
14749,1095,34.1207,-117.63808,0.0507771898476199
14751,1095,33.82436,-116.51195,0.0184418557679149
14752,1095,33.354,-116.863,-1.0930245202891522
14753,1095,33.7953,-117.60906,1.5181347009789607
14754,1095,33.63,-116.8478,-1.034470340812093
14755,1095,34.10473,-117.97956,-0.0794114448586307
14756,1095,34.87533,-116.99684,0.7481721717268389
14757,1095,33.99351,-117.37545,-1.6830547445548092
14758,1095,33.2801,-115.98585,0.034697307842441
14759,1095,33.553,-117.662,0.5456318387316151
14760,1095,35.8996,-116.27515,1.118238969441693
14761,1095,35.89095,-117.28332,-0.2825559638420774
14762,1095,34.05933,-118.64614,-0.344720874798936
14763,1095,33.829,-117.789,0.4933693198252104
14764,1095,34.30302,-119.18676,0.2492515612506356
14765,1095,33.664,-117.769,-0.4721584769189152
14766,1095,34.106,-117.098,-0.310968808510873
14767,1095,32.94508,-115.79988,-1.6803126168980906
14768,1095,34.38203,-117.67822,1.18377443304307
14769,1095,33.63495,-116.16402,0.5133913121484275
14770,1095,34.01919,-118.28631,-1.1880116715773883
14771,1095,34.48364,-118.11783,-1.0422473540312664
14772,1095,34.00948,-117.95077,1.23994775659421
14773,1095,34.1717,-118.64971,0.7730392930918376
14774,1096,37.34655,-121.80774,1.084325451890192
14775,1096,37.40718,-122.00001,-1.1036021063509298
14776,1096,37.39415,-122.06041,-0.4051655309859216
14777,1096,37.27117,-121.98617,-0.1806546837765972
14778,1096,37.91056,-122.53778,0.7045589979629353
14779,1096,38.03445,-122.27016,-0.4923993675741695
14780,1096,37.71633,-122.43117,0.5685967826661961
14781,1096,37.36408,-122.01817,0.0918482726434386
14782,1096,37.42549,-122.07772,-0.6661868130804033
14783,1096,37.87622,-122.23558,0.0851532404806211
14784,1096,37.91881,-122.15176,-0.5519619927374199
14785,1096,37.85727,-122.42266,1.28708039626833
14786,1096,37.45035,-121.80037,-1.0778115803907942
14787,1096,37.74766,-121.70843,0.0340873493536441
14788,1096,37.7294,-121.83346,-0.4542616422474604
14789,1096,38.03455,-120.38651,-0.5173701132689916
14790,1096,37.85884,-121.99264,0.3925525035278794
14791,1096,37.91233,-121.90716,-0.7573047379186167
14792,1096,38.02691,-122.01599,-0.4471064749441075
14793,1096,37.34305,-122.33976,0.4290581900481549
14794,1096,37.31861,-122.15314,-0.932630469711327
14795,1096,37.17217,-122.01121,-0.0590094599228651
14796,1096,37.04922,-121.80722,-0.2438777219475128
14797,1096,37.36045,-122.18986,-1.0874645325424244
14798,1096,37.51604,-122.45815,0.038218221219456
14799,1096,37.21427,-122.17168,-0.3063883977437859
14800,1096,37.20631,-121.97726,0.5221637772109698
14801,1096,37.15432,-121.73467,-0.3992817747877489
14802,1096,37.63719,-122.47482,0.142985802893108
14803,1096,37.2708,-122.21276,0.6816953129956553
14804,1096,37.19855,-122.34671,-0.170366175886676
14805,1096,37.40373,-122.23868,-1.847782889617108
14806,1096,37.58225,-122.42006,1.316013349813843
14807,1096,37.40372,-122.17596,-0.738422797944446
14808,1096,37.28397,-122.05017,-0.3997610192986192
14809,1096,37.58644,-122.50217,-0.3055535886133961
14810,1096,37.34164,-121.64257,-0.5612974929968572
14811,1096,38.15486,-121.80438,-0.0103797654198915
14812,1096,38.16488,-122.71296,0.182053969100856
14813,1096,38.07601,-122.2585,0.5782114611291869
14814,1096,37.008,-121.287,-0.3108790178618125
14815,1096,36.76403,-121.44722,-1.4936259609726623
14816,1096,37.62211,-121.75697,-1.6395810459488465
19622,1096,37.87352,-122.26099,-0.4921097322642163
19623,1096,37.69782,-123.0011,-1.509310930473809
19624,1096,39.55451,-121.50036,-1.29808130760755
19625,1096,35.945,-120.542,-1.2594448870625825
19626,1096,37.25898,-121.67311,1.1047243114362728
19627,1096,37.9889,-122.2156,1.4347368356640948
19628,1096,37.94906,-122.40851,0.3094756096060729
19629,1096,37.80787,-122.3618,1.9936203523681373
19630,1096,37.12043,-122.1552,-0.9427323765616128
19631,1096,37.51704,-122.37731,0.61350122549752
19632,1096,37.67433,-122.39855,0.3306987505101457
19633,1096,37.16067,-121.89899,1.1832242873542034
19634,1096,37.92144,-122.71806,0.3520832223132873
19635,1096,38.04962,-122.52331,1.295790644820765
19636,1096,38.233,-122.636,0.6314281354256068
19637,1096,37.76021,-122.41524,0.0168957964643885
19638,1096,37.75094,-122.49072,-0.0581574111339947
19639,1096,37.76386,-122.4736,1.0751871999658154
19640,1096,37.762,-122.505,1.106208746489744
19641,1096,37.40701,-122.0946,-0.4276978866374775
19642,1096,37.4748,-122.2392,-2.0895646217525408
19643,1096,37.54187,-122.30471,1.4198036744499212
19645,1096,37.26352,-121.91617,-0.128152938028532
19646,1096,37.30143,-121.9039,-0.5699008902153797
19647,1096,37.31816,-121.94354,-0.2798872695317237
19648,1096,37.3066,-121.84915,-0.43544541567098
19649,1096,37.68,-121.739,-0.6590192370460731
19650,1096,37.41702,-121.9154,0.0476244186491368
19651,1096,37.59094,-122.36741,0.9677437093553926
19652,1096,37.74766,-122.42528,-0.2160849549474378
19653,1096,37.74664,-122.38679,1.920883537304136
19654,1096,37.376,-121.84367,0.2309511066973079
19655,1096,37.45098,-122.4287,-0.3630420538272194
19656,1096,37.59268,-122.07449,-0.6198332748561058
19657,1096,37.71737,-121.72701,-0.267868069275635
19658,1096,37.67928,-122.48405,1.4579392881141875
19660,1096,37.74484,-122.40134,1.7579105529099783
19661,1096,37.81076,-122.29252,0.2176202475326876
19662,1096,37.8251,-122.27606,0.765462937442075
19663,1096,37.7986,-122.2684,0.7392231535332966
19665,1096,37.41395,-121.87085,0.6189776592088204
19666,1096,37.6806,-121.92098,-0.0591971781236457
19667,1096,37.86059,-122.29327,0.7351513663810557
19669,1096,37.37418,-122.0781,-0.926960722495706
19671,1096,37.16346,-121.62645,-0.3559400771804977
19673,1096,38.33656,-122.81082,0.497296416103527
19674,1096,38.04248,-122.79684,1.0510609587279984
19675,1096,38.38921,-122.66297,0.481121342535412
14817,1097,37.26352,-121.91617,-0.3645100581125688
14818,1097,37.30143,-121.9039,-0.2270161566010387
14819,1097,37.68,-121.739,-0.4671132412319669
14820,1097,37.27117,-121.98617,-0.6721122782681503
14821,1097,37.95397,-121.86554,-0.4103691498275369
14822,1097,37.87622,-122.23558,-0.7033094044497258
14823,1097,37.91881,-122.15176,0.3693831820250988
14824,1097,37.45035,-121.80037,-0.6402388392290415
14825,1097,37.37289,-121.76887,-0.2626522991017078
14826,1097,38.03455,-120.38651,-0.0161420807417203
14827,1097,37.34305,-122.33976,1.4247512972985532
14828,1097,37.17217,-122.01121,0.2758995940633367
14829,1097,37.04922,-121.80722,-0.3390821376260582
14830,1097,37.36045,-122.18986,-0.2294132274389738
14831,1097,37.51604,-122.45815,0.2250386318130371
14832,1097,37.21427,-122.17168,0.2113676046604461
14833,1097,37.20631,-121.97726,0.1616678868474741
14834,1097,37.15432,-121.73467,1.3848445173468416
14835,1097,37.2708,-122.21276,1.576039179789403
14836,1097,37.19855,-122.34671,0.5118145131440206
14837,1097,37.40373,-122.23868,-1.056427014365401
14838,1097,37.40372,-122.17596,0.239033708682251
14839,1097,37.28397,-122.05017,-1.024593010380719
14841,1097,37.6444,-118.89683,2.687694346356726
14842,1097,37.34164,-121.64257,-0.5465987359279889
14843,1097,37.65909,-118.97907,1.4653693758335802
14844,1097,37.008,-121.287,-0.0572339006104944
14845,1097,35.945,-120.542,-0.1412659720617645
14846,1097,36.2159,-120.80126,0.9540066123303352
14847,1097,36.76403,-121.44722,-0.5105580011463056
14848,1097,37.62211,-121.75697,-0.389088566355364
20500,1097,37.87352,-122.26099,-1.7902502013715502
20501,1097,37.69782,-123.0011,-1.7273539918470802
20502,1097,38.99349,-123.07234,-1.7709837411981828
20503,1097,38.87874,-122.44277,-1.653721986709866
20506,1097,37.25898,-121.67311,0.6423415084889638
20507,1097,37.16067,-121.89899,1.3947167416617685
20508,1097,37.76386,-122.4736,0.4106739364396065
20510,1097,37.54187,-122.30471,1.5253855621253705
20511,1097,37.30249,-121.97978,-0.0210173494351048
20512,1097,37.31816,-121.94354,-0.1125807114458313
20513,1097,37.3066,-121.84915,-0.5275139398216873
20514,1097,37.41702,-121.9154,0.3039547522531615
20515,1097,37.39415,-122.06041,-0.3930946596440449
20516,1097,37.91056,-122.53778,-0.6478640320197849
20517,1097,37.23294,-121.77186,0.9022488855191978
20518,1097,37.28537,-121.93602,-1.3927210406904904
20519,1097,37.85727,-122.42266,-0.3749421527177337
20520,1097,37.74766,-121.70843,0.1506231199369614
20521,1097,37.7294,-121.83346,0.6472167035013017
20522,1097,37.85884,-121.99264,1.3372419835548577
20523,1097,37.31861,-122.15314,-0.3131835980329697
20524,1097,37.63719,-122.47482,-0.7408617695659007
20525,1097,37.58225,-122.42006,0.4916240587846308
20526,1097,35.86661,-120.4796,1.582565053922227
14849,1098,37.27117,-121.98617,-0.0627589499211338
14850,1098,37.95397,-121.86554,-0.6845951873759878
14851,1098,37.87622,-122.23558,-0.5368501479539376
14852,1098,37.91881,-122.15176,-0.1483778944160596
14853,1098,37.87352,-122.26099,-1.6307740848663872
14854,1098,37.16346,-121.62645,-1.3469236611154367
14855,1098,37.85727,-122.42266,1.1074413010315611
14856,1098,37.74766,-121.70843,0.1502474155341398
14857,1098,37.37289,-121.76887,-1.0579376985333786
14858,1098,37.73786,-122.06486,1.6527431134031565
14859,1098,37.85884,-121.99264,1.3209956052516691
14860,1098,38.34526,-122.4584,-1.0256370087970912
14861,1098,37.69782,-123.0011,-0.6275620295344764
14862,1098,37.34305,-122.33976,1.0883260316386532
14863,1098,37.17217,-122.01121,0.4758712559531445
14864,1098,37.04922,-121.80722,-0.5488106408894513
14865,1098,37.36045,-122.18986,0.2581069164582256
14866,1098,37.51604,-122.45815,-0.3342142643327082
14867,1098,37.21427,-122.17168,0.9139739998034844
14868,1098,37.20631,-121.97726,0.5759778114698767
14869,1098,37.15432,-121.73467,-0.0612185182937671
14870,1098,37.63719,-122.47482,-0.3186646878828097
14871,1098,37.2708,-122.21276,2.2614244396148657
14872,1098,37.19855,-122.34671,0.1066733993277185
14873,1098,37.40373,-122.23868,-0.350428855662703
14874,1098,37.40372,-122.17596,0.2745704144585528
14875,1098,37.28397,-122.05017,0.0205676501163442
14876,1098,37.58644,-122.50217,0.0216976676370346
14878,1098,37.6444,-118.89683,1.9386021529498192
14879,1098,37.34164,-121.64257,-1.028311405793266
20527,1098,38.03455,-120.38651,-0.8819129480333848
20528,1098,38.99349,-123.07234,-1.9703378424304443
20529,1098,37.81647,-122.06302,0.5993025546120856
20530,1098,37.25898,-121.67311,-0.7693522530442344
20531,1098,37.9889,-122.2156,1.315619119070671
20532,1098,37.94906,-122.40851,-0.6044911185371302
20534,1098,37.80787,-122.3618,1.2450233179284858
20535,1098,37.12043,-122.1552,-1.0090022007487267
20536,1098,37.51704,-122.37731,1.0248664653242372
20537,1098,37.16067,-121.89899,1.433254434962543
20538,1098,37.76021,-122.41524,0.3674807524520185
20540,1098,37.76386,-122.4736,1.0330935524970324
20541,1098,37.762,-122.505,0.9954928506561912
20542,1098,37.40701,-122.0946,0.199392068678133
20543,1098,37.54187,-122.30471,2.2254003353216385
20544,1098,37.30249,-121.97978,-0.1575305679143001
20545,1098,37.26352,-121.91617,-0.2476239248769103
20546,1098,37.30143,-121.9039,-0.7135071725608283
20547,1098,37.31816,-121.94354,-0.210255476486143
20548,1098,37.3066,-121.84915,-1.2796080562208805
20549,1098,37.68,-121.739,-0.2296231396236869
20550,1098,37.41702,-121.9154,-0.8755296642372874
20551,1098,37.59094,-122.36741,-0.0019499742592748
20553,1098,37.40718,-122.00001,-0.084730084093258
20554,1098,37.39415,-122.06041,0.4666646320482937
20555,1098,37.376,-121.84367,-1.0361491000655991
20556,1098,37.45098,-122.4287,0.10340622084135
20557,1098,37.59268,-122.07449,0.2778538415957658
20558,1098,37.71737,-121.72701,0.2049138337989985
20559,1098,37.67928,-122.48405,1.2767964054391745
20560,1098,37.91056,-122.53778,0.4919433992886644
20561,1098,38.03445,-122.27016,-0.402127086934848
20562,1098,37.74484,-122.40134,1.821508695996754
20563,1098,37.71633,-122.43117,-0.1941854803430974
20564,1098,37.72416,-122.44841,-0.6618459735773186
20565,1098,37.41395,-121.87085,-0.5567261003900927
20566,1098,37.6806,-121.92098,0.9404147226199135
20567,1098,37.86059,-122.29327,0.0514674426996597
20568,1098,37.85835,-122.25252,-0.998398809089923
20569,1098,37.37418,-122.0781,0.3957721486110067
20570,1098,37.23294,-121.77186,-0.6767939409540178
20571,1098,37.38332,-121.91088,-0.8614397026234505
20572,1098,37.28537,-121.93602,-0.7179824163720403
20573,1098,37.35834,-121.97775,-0.6592941914882172
20574,1098,37.68873,-121.78351,-0.2475292285106483
20575,1098,37.72688,-122.15092,-0.3905528846795645
20576,1098,37.8852,-122.03217,-0.1337474388192916
20577,1098,37.94215,-121.93047,-1.1563188049369293
20578,1098,38.01299,-122.13416,0.7341203740765622
20579,1098,37.7294,-121.83346,0.6856953162256285
20580,1098,37.91233,-121.90716,-0.8982991860320961
20581,1098,38.02691,-122.01599,0.0494910580179514
20582,1098,37.31861,-122.15314,-0.2177711981505666
20583,1098,37.58225,-122.42006,0.6636906235585138
20584,1098,37.65909,-118.97907,0.6550793527147677
14880,1099,37.87622,-122.23558,0.305713548621263
14881,1099,37.91881,-122.15176,-0.898854275022316
14882,1099,37.85727,-122.42266,1.073454181742219
14883,1099,37.73786,-122.06486,0.6980866860470297
14884,1099,38.34526,-122.4584,-0.352927286646355
14885,1099,37.69782,-123.0011,-0.1385780075018933
14886,1099,39.65471,-122.71595,-1.0613655097831225
14887,1099,38.80797,-122.7953,-0.1157906953171573
14888,1099,38.99349,-123.07234,0.5277082805716807
14889,1099,37.40373,-122.23868,-0.8149578798506687
14890,1099,37.58644,-122.50217,0.0651486677551988
14891,1099,38.14478,-122.88018,-0.0754397156974969
14892,1099,38.87874,-122.44277,-0.9847253437703783
14893,1099,38.00198,-122.47466,0.9296432928861564
14894,1099,38.33656,-122.81082,0.5234045825177499
14895,1099,38.46769,-122.89651,0.3654883052895264
14896,1099,38.16488,-122.71296,0.7558639990099975
14897,1099,38.07601,-122.2585,0.674581947144489
14898,1099,37.99642,-123.01949,0.5935518456467748
21008,1099,37.87352,-122.26099,-1.065361691399338
21009,1099,38.03455,-120.38651,-1.90630453136808
21010,1099,36.3887,-121.5514,-0.9482270350441696
21011,1099,40.81745,-124.02955,-1.853170869315345
21012,1099,37.34164,-121.64257,-0.5162710608387576
21013,1099,37.80787,-122.3618,1.472643645842447
21014,1099,37.67433,-122.39855,0.0373637763095828
21015,1099,37.92144,-122.71806,0.9285675622720426
21016,1099,38.04962,-122.52331,0.7794875253649621
21017,1099,38.20025,-122.4644,1.511861145235361
21018,1099,37.67928,-122.48405,0.8553878760017048
21019,1099,37.91056,-122.53778,0.2894037285528071
21020,1099,38.03445,-122.27016,-0.6095648230011381
21021,1099,37.71633,-122.43117,-0.5127598173286657
21023,1099,38.76927,-123.01486,0.90455826346573
21024,1099,37.34305,-122.33976,0.4382083773616552
21025,1099,37.17217,-122.01121,0.7971733495895625
21026,1099,37.36045,-122.18986,-0.3007361876422024
21027,1099,37.40372,-122.17596,0.2955125779598799
21028,1099,40.4756,-124.3375,-0.9885379672303634
21029,1099,40.6599,-123.21966,-2.5307387185399253
21030,1099,40.2022,-123.7086,-0.1130272682441339
21031,1099,41.1577,-124.0233,-1.8832723589986105
21033,1099,38.43951,-122.25272,1.0735983154894542
21034,1099,38.26021,-122.55179,0.891703154804115
21035,1099,38.30988,-122.943,-1.1945912559314995
21036,1099,38.65651,-122.61441,1.124532181323321
21037,1099,38.04248,-122.79684,1.347276049102784
14899,1100,37.95397,-121.86554,-0.6516107563064935
14900,1100,37.87622,-122.23558,0.340766744185682
14901,1100,37.91881,-122.15176,0.2082903051970322
14902,1100,37.85727,-122.42266,0.325652308663474
14903,1100,37.73786,-122.06486,1.2415642675791725
14904,1100,38.03455,-120.38651,-0.8161314976071368
14905,1100,36.3887,-121.5514,-1.2273133849568076
14906,1100,37.17217,-122.01121,1.7097422205208743
14907,1100,36.92745,-121.82764,0.4879301845483169
14908,1100,37.20631,-121.97726,1.0433862110342746
14909,1100,37.15432,-121.73467,0.3752504387318292
14910,1100,37.2708,-122.21276,1.5847552687172104
14911,1100,37.40373,-122.23868,-1.2870316724054394
14912,1100,37.40372,-122.17596,0.1394337090217405
14913,1100,37.6444,-118.89683,2.704100571520168
14914,1100,37.34164,-121.64257,-0.6097806975104919
14915,1100,37.65909,-118.97907,1.3654658967166224
14916,1100,37.008,-121.287,0.4422605214573838
14917,1100,35.945,-120.542,-0.8738555127041402
14918,1100,36.2159,-120.80126,-1.0112461648752569
14919,1100,35.63597,-120.86984,0.5664304923599128
14920,1100,36.76403,-121.44722,-1.3029745881446286
14921,1100,37.62211,-121.75697,-0.7693373754144492
14922,1100,36.851,-121.402,1.08448189719564
14923,1100,36.891,-121.404,1.423726291808338
14924,1100,36.86,-121.54,1.4435262768085315
14925,1100,36.848,-121.397,0.3764638495388217
19935,1100,37.87352,-122.26099,-1.2764956527642686
19936,1100,37.69782,-123.0011,-1.3130695252975046
19938,1100,36.68011,-119.02282,-1.545201155653782
19939,1100,38.99349,-123.07234,-1.2108580570128569
19940,1100,38.87874,-122.44277,-1.2805243042638224
19942,1100,39.2291,-121.7861,-1.6103440629142314
19943,1100,37.25898,-121.67311,0.50949726249745
19944,1100,37.16346,-121.62645,-0.2219790689486248
19945,1100,37.7294,-121.83346,0.9793395569836778
19946,1100,37.37289,-121.76887,0.0002709415136899
19947,1100,37.91233,-121.90716,-0.7848267953584019
19948,1100,38.02691,-122.01599,0.0712434544436906
19949,1100,37.34305,-122.33976,1.2667915145355877
19950,1100,37.31861,-122.15314,-0.0531324062259141
19951,1100,37.36045,-122.18986,-0.5657163913302433
19952,1100,37.21427,-122.17168,0.9972283968949232
19953,1100,37.19855,-122.34671,0.8558141462782483
19954,1100,37.58225,-122.42006,0.946959647009835
19955,1100,38.33656,-122.81082,0.4798335997668528
19956,1100,35.73065,-120.24986,-1.1046550296738875
14926,1101,38.441,-122.701,1.350416508707562
14927,1101,37.762,-122.505,1.2536542423281718
14928,1101,38.29027,-122.46125,0.2409104316088945
14929,1101,38.4421,-122.6068,-0.1260309339724861
14930,1101,38.36743,-122.52403,0.6131911330037887
14931,1101,37.87622,-122.23558,0.3910432875122632
14932,1101,37.91881,-122.15176,-1.4783776135311348
14933,1101,37.87352,-122.26099,-1.4107649021728157
14934,1101,37.85727,-122.42266,1.2988909715905124
14935,1101,37.73786,-122.06486,0.7003731773513633
14936,1101,38.02691,-122.01599,0.4414531075553008
14937,1101,38.34526,-122.4584,-0.1520689452253318
14938,1101,37.69782,-123.0011,-1.090927690903455
14939,1101,38.76927,-123.01486,-0.0543912712134206
14941,1101,37.63719,-122.47482,0.9243021400906396
14942,1101,37.2708,-122.21276,1.6056693865673397
14943,1101,37.79499,-122.4746,1.111673227070393
14944,1101,37.40373,-122.23868,-0.2565655974592336
14945,1101,37.58225,-122.42006,0.8164984635915131
14946,1101,38.14478,-122.88018,-0.3316404284348971
14947,1101,38.87874,-122.44277,-0.7270260639563285
14948,1101,38.26021,-122.55179,0.6578142545200746
14949,1101,38.00198,-122.47466,-0.0655808388459039
14950,1101,38.30988,-122.943,-0.928110463455348
14951,1101,38.33656,-122.81082,0.5027543061904685
14952,1101,38.46769,-122.89651,-0.6111975419614538
14953,1101,38.28043,-122.21582,-0.382006099074044
14955,1101,38.07601,-122.2585,0.0123172107445541
14956,1101,38.04248,-122.79684,0.1986202806979571
14957,1101,37.99642,-123.01949,-1.4456804234458176
14958,1101,38.34878,-122.57795,0.5737167748199837
14959,1101,37.92371,-122.59649,-0.1095497816462159
14960,1101,38.14361,-122.44969,0.1882790399932198
14961,1101,38.24039,-122.79842,-1.085314653525173
14962,1101,38.38921,-122.66297,0.2629335105137677
14963,1101,37.91608,-122.33607,-0.2371436939599279
14964,1101,39.2291,-121.7861,-0.5037260645096748
21038,1101,38.03455,-120.38651,-2.00730172060675
21039,1101,39.65471,-122.71595,-3.042487986212421
21040,1101,36.3887,-121.5514,-0.956095709718718
21042,1101,38.99349,-123.07234,-0.914579324391642
21043,1101,37.34164,-121.64257,-1.4423483560536112
21044,1101,39.55451,-121.50036,-2.4478486145308467
21045,1101,37.008,-121.287,0.1742123332866391
21047,1101,36.76403,-121.44722,-1.2023169174565846
21048,1101,37.28744,-121.86422,-0.4118466385141809
21049,1101,37.81647,-122.06302,0.601515059935549
21050,1101,37.9889,-122.2156,-0.0972486295722728
21051,1101,37.94906,-122.40851,-0.0495766214028929
21052,1101,37.72416,-122.11929,0.8637211539975116
21053,1101,37.80787,-122.3618,1.7838781537279904
21054,1101,37.51704,-122.37731,0.8769954394193837
21055,1101,37.67433,-122.39855,0.603470626735587
21056,1101,37.16067,-121.89899,1.9650375579245805
21057,1101,37.92144,-122.71806,-0.2012438321963583
21058,1101,38.04962,-122.52331,-0.1051016290236427
21059,1101,38.12282,-122.14921,-0.725504242988814
21060,1101,38.20025,-122.4644,1.136622480961086
21061,1101,38.233,-122.636,-1.0548553501540725
21062,1101,37.76021,-122.41524,-0.0023902147477815
21063,1101,37.76386,-122.4736,1.2513628741120568
21064,1101,37.40701,-122.0946,-0.0960777353318231
21065,1101,37.4748,-122.2392,-1.3173289478953187
21066,1101,37.31816,-121.94354,0.111147863780018
21067,1101,37.68,-121.739,-0.5579029078806184
21068,1101,37.59094,-122.36741,0.6834999015511724
21069,1101,37.74766,-122.42528,0.2055585857926396
21070,1101,37.74664,-122.38679,1.5968541600661654
21071,1101,37.39415,-122.06041,0.7912393217267832
21072,1101,37.376,-121.84367,0.0527465828382588
21073,1101,37.27117,-121.98617,0.1684730118016509
21074,1101,37.45098,-122.4287,0.5465693652237925
21075,1101,37.71737,-121.72701,0.4224360493167915
21076,1101,37.67928,-122.48405,1.5861514495554447
21077,1101,37.91056,-122.53778,-0.0180479946969584
21078,1101,37.88767,-122.29916,-1.6926270966913697
21079,1101,38.03445,-122.27016,-1.2189182045957023
21080,1101,37.74484,-122.40134,1.868462097826861
21081,1101,37.77934,-122.486,0.470917419737251
21082,1101,37.71633,-122.43117,0.3085036764301367
21083,1101,37.81076,-122.29252,-1.083119220228128
21084,1101,37.8251,-122.27606,-0.1782775282116663
21085,1101,37.7986,-122.2684,-0.1328752610434192
21086,1101,37.72416,-122.44841,0.0667639549894902
21087,1101,37.41395,-121.87085,0.8366148665518515
21088,1101,37.6806,-121.92098,-0.144639149614591
21089,1101,37.86059,-122.29327,0.4839602151893779
21090,1101,37.85835,-122.25252,-0.577801519354595
21091,1101,37.37418,-122.0781,-0.175623562160821
21092,1101,37.72688,-122.15092,-0.2824250220090664
21093,1101,37.8852,-122.03217,0.2948917736432667
21094,1101,38.01299,-122.13416,0.124999531084514
21096,1101,37.16346,-121.62645,-0.7983722459145983
21097,1101,37.45035,-121.80037,-0.7237466965814515
21098,1101,37.74766,-121.70843,-0.0828406045487454
21099,1101,37.7294,-121.83346,-0.0430511052513378
21100,1101,37.37289,-121.76887,-0.2421697953897858
21101,1101,37.81041,-121.80272,0.3022934117354329
21102,1101,37.85884,-121.99264,0.9842670686561444
21103,1101,37.91233,-121.90716,-0.5425787457143074
21104,1101,37.34305,-122.33976,0.7517175232518271
21105,1101,37.31861,-122.15314,-0.1205961521027989
21106,1101,37.17217,-122.01121,0.9452956852641816
21107,1101,37.04922,-121.80722,0.0225485421902122
21108,1101,36.92745,-121.82764,-0.1817316863798234
21109,1101,37.36045,-122.18986,-0.1728373377251169
21110,1101,37.51604,-122.45815,0.4894273766522951
21111,1101,37.21427,-122.17168,0.9236158499185289
21112,1101,37.20631,-121.97726,1.1328117848815835
21113,1101,37.15432,-121.73467,-0.4367293695388614
21114,1101,37.19855,-122.34671,-0.0476933382873349
21115,1101,37.40372,-122.17596,0.1506391897976433
21116,1101,37.58644,-122.50217,1.7609619874406912
21119,1101,38.43951,-122.25272,0.213435039472117
21120,1101,38.15486,-121.80438,-0.7537006188105583
21121,1101,38.65651,-122.61441,0.2861730027816904
21123,1101,36.2159,-120.80126,-1.5901359501526615
14979,1103,32.68005,-116.67215,-0.2503450725945401
14980,1103,34.2623,-116.92075,0.4572994358450631
14981,1103,33.921,-116.981,0.8147217661144058
14983,1103,34.23883,-117.65853,-2.053667974954825
14984,1103,34.069,-116.39,-0.0757750610850746
14985,1103,33.268,-116.417,0.3694102951152191
14986,1103,34.68224,-118.57398,-0.2301757868212029
14987,1103,33.4915,-116.667,-2.520219539005732
14988,1103,33.38822,-117.19495,0.0746697878040598
14989,1103,33.999,-117.68,0.2297890179569533
14990,1103,34.093,-117.317,0.1161837966020176
14991,1103,33.876,-117.561,0.0179395717356289
14992,1103,34.25353,-118.33383,-0.2890608255717637
14993,1103,33.65,-117.009,-0.4761730082915362
14994,1103,33.1537,-117.22921,-1.305302443023348
14995,1103,35.30177,-116.80574,0.7110286355091654
14996,1103,34.8294,-116.335,1.5513071171807304
14997,1103,34.121,-117.219,-0.6618643157356107
14998,1103,33.0859,-116.5959,1.0870491891376537
14999,1103,34.9906,-118.34156,-0.6149407985243742
15000,1103,34.3656,-117.36683,-1.2608859289163528
15001,1103,34.005,-117.562,0.662401646215656
15002,1103,33.94539,-117.92372,0.6244540862203688
15003,1103,34.1484,-118.1711,-1.3829128825403447
15005,1103,34.1207,-117.63808,-0.1479698211714632
15006,1103,33.354,-116.863,-0.0257135976243523
15007,1103,34.87533,-116.99684,0.490028384829863
15008,1103,33.973,-117.327,0.1743555301138006
15009,1103,33.97327,-117.32674,-0.1062592044068485
15010,1103,33.99351,-117.37545,-1.1217790703823505
15011,1103,33.834,-116.797,0.2159433221235958
15012,1103,34.106,-117.098,-1.1535581627672802
15013,1103,34.38203,-117.67822,0.7776046235732303
15014,1103,34.48364,-118.11783,-1.1738301691588076
15015,1103,34.00948,-117.95077,1.469720970917992
15016,1103,34.55046,-117.43391,-0.0195508383627187
15017,1103,33.63838,-116.4011,-0.2314121716687908
15018,1103,35.52495,-117.36453,0.2608216657753329
15019,1103,34.10521,-117.28264,0.9456527415747028
15020,1103,33.4019,-118.41502,0.7526504044459771
15022,1103,34.0602,-117.809,1.5741330239235527
15023,1103,33.93597,-116.57794,-0.3625671961283218
15024,1103,34.10618,-118.45505,-0.422502137602734
15025,1103,32.999,-116.942,0.073028428690941
15027,1103,33.11675,-115.82267,0.0263452919279073
15028,1103,33.71264,-118.29381,0.518136763274795
15029,1103,34.36622,-116.61266,0.0744067227788653
15030,1103,34.10819,-119.06587,-1.122712446615767
15031,1103,34.61594,-117.82493,0.1240950894972231
15032,1103,33.684,-117.943,-0.1863778673175033
15033,1103,35.47954,-117.68212,-1.2037964444978804
15034,1103,33.818,-116.369,1.2152403942222734
15035,1103,34.81258,-119.1453,0.2345465404108718
15036,1103,36.05799,-117.48901,-0.5618005327188428
15037,1103,33.808,-116.968,0.70140998682348
15039,1103,34.22362,-118.05832,-1.2451294529604984
15040,1103,34.6145,-118.7235,-0.965241593041096
15042,1103,34.10473,-117.97956,-0.2205929809278576
15043,1103,33.74346,-118.40412,1.6178295913060234
15044,1103,34.05073,-118.08085,0.0235497635430494
15045,1103,33.2801,-115.98585,-0.0685359299368263
15046,1103,33.553,-117.662,0.7252572696645462
15049,1103,34.05933,-118.64614,0.9476844281504784
15051,1103,33.664,-117.769,-0.878062379144135
15053,1103,33.63495,-116.16402,0.7964657993554182
15055,1103,35.53664,-118.14035,-0.0653574266761786
15056,1103,34.1717,-118.64971,1.3214911501370985
15093,1107,35.1269,-118.83009,-0.2567224771723678
15094,1107,32.68005,-116.67215,-0.7034961643210473
15095,1107,34.2623,-116.92075,0.4376038042105509
15097,1107,34.68224,-118.57398,0.4905310023506591
15098,1107,33.38822,-117.19495,-0.3495686728311584
15100,1107,33.999,-117.68,-0.308635738414692
15101,1107,33.4019,-118.41502,0.5625162843156206
15102,1107,33.655,-115.99,1.1181829452389087
15103,1107,33.65,-117.009,-0.8710003333404911
15104,1107,33.567,-116.631,1.3946108560241812
15106,1107,33.71264,-118.29381,0.9773985146281388
15107,1107,35.30177,-116.80574,0.4930781605106553
15108,1107,34.36622,-116.61266,-0.0901351754224581
15110,1107,34.80762,-118.86775,1.0341071154598616
15111,1107,34.61594,-117.82493,0.269717922956803
15112,1107,34.93439,-117.69629,-0.7263534814149819
15113,1107,34.3656,-117.36683,-0.930392118963431
15114,1107,34.005,-117.562,0.2611425578055196
15115,1107,34.81258,-119.1453,0.2140200439610223
15116,1107,34.22362,-118.05832,-0.901313359787798
15117,1107,33.94539,-117.92372,0.7053086375743394
15118,1107,34.6145,-118.7235,-0.2224155243649059
15119,1107,34.1484,-118.1711,-1.6715648956694935
15120,1107,34.1207,-117.63808,-1.1917408456707317
15122,1107,33.354,-116.863,-0.5820007214049766
15123,1107,33.7953,-117.60906,0.5609728019915268
15124,1107,33.63,-116.8478,0.1665535918734566
15125,1107,33.74346,-118.40412,1.6893422272857663
15126,1107,34.87533,-116.99684,0.2837945827564283
15127,1107,33.973,-117.327,0.0909031410258219
15128,1107,33.97327,-117.32674,0.1858953037882009
15129,1107,33.99351,-117.37545,-0.9601897896529394
15130,1107,34.232,-117.235,-0.2572385991735601
15131,1107,33.834,-116.797,-0.5051162057900821
15132,1107,34.05933,-118.64614,0.3042692975376634
15133,1107,33.829,-117.789,0.8312064009046326
15134,1107,34.106,-117.098,-0.1488302310039959
15135,1107,34.38203,-117.67822,0.7535708628173641
15137,1107,34.23883,-117.65853,-1.9824243179614447
15138,1107,34.069,-116.39,0.0028399917805521
15139,1107,33.4915,-116.667,0.3111989779459805
15140,1107,34.9906,-118.34156,-0.4807359510307372
15141,1107,33.862,-117.205,-0.7946130731708094
15142,1108,34.04905,-116.94032,-2.310414579697237
15143,1108,34.55046,-117.43391,-0.1543511061884143
15144,1108,32.68005,-116.67215,-1.7822038352335223
15145,1108,34.2623,-116.92075,0.9391285910260008
15146,1108,33.921,-116.981,-0.2187519638332477
15148,1108,34.23883,-117.65853,-1.5519274274256805
15149,1108,34.069,-116.39,0.1788344836867333
15150,1108,33.268,-116.417,0.1206562259761683
15151,1108,33.4915,-116.667,-2.5135371224207512
15152,1108,33.38822,-117.19495,-0.9123260314457572
15154,1108,33.999,-117.68,-0.1347693791606094
15155,1108,33.876,-117.561,-0.3902285293681005
15156,1108,34.25353,-118.33383,0.0102301899931686
15157,1108,33.93597,-116.57794,0.2132957249038711
15158,1108,33.65,-117.009,-0.5363834113052064
15159,1108,33.567,-116.631,1.407463098555928
15162,1108,33.1537,-117.22921,-1.5366726934637291
15163,1108,35.30177,-116.80574,-0.0909664438653021
15164,1108,34.8294,-116.335,0.751014811168351
15167,1108,34.36622,-116.61266,0.6078465363837423
15168,1108,34.9906,-118.34156,-0.4604319136027219
15169,1108,33.684,-117.943,0.7688152384289175
15170,1108,34.93439,-117.69629,8.178419073329273
15171,1108,35.47954,-117.68212,-0.1352909313584698
15172,1108,34.3656,-117.36683,-1.1018155852905802
15174,1108,33.818,-116.369,0.445634320262805
15175,1108,33.808,-116.968,1.925618926176981
15176,1108,33.6,-117.195,-0.2852874308818843
15177,1108,34.22362,-118.05832,-0.8781604462661168
15178,1108,33.94539,-117.92372,-0.3375305649215094
15179,1108,34.1207,-117.63808,-0.6880412580877008
15180,1108,33.862,-117.205,-0.956136058508252
15182,1108,33.354,-116.863,-1.2525740696307457
15184,1108,33.824,-116.55,-0.9591448021052608
15185,1108,33.63,-116.8478,-0.2287424466096702
15186,1108,34.87533,-116.99684,0.58200183603759
15187,1108,33.973,-117.327,1.1931136284215884
15188,1108,33.97327,-117.32674,1.1307321271664832
15189,1108,33.99351,-117.37545,-1.4806849780101723
15190,1108,34.232,-117.235,-0.7150835122797918
15191,1108,33.553,-117.662,0.8996576981585824
15193,1108,33.834,-116.797,0.0743973138799052
15194,1108,34.05933,-118.64614,1.6363787596781547
15195,1108,33.829,-117.789,0.1684144526057625
15196,1108,33.664,-117.769,-0.0536593569630314
15197,1108,34.106,-117.098,-0.3259452789959822
15200,1108,34.48364,-118.11783,-0.3119235384074237
15201,1108,34.00948,-117.95077,0.7611736816915716
15202,1108,34.68708,-118.29946,0.6859408550968011
15203,1108,35.1269,-118.83009,-0.4574916788405095
15205,1108,35.52495,-117.36453,0.4161487602147151
15206,1108,33.4019,-118.41502,-0.366083613957931
15208,1108,34.093,-117.317,-0.7104518631980767
15209,1108,33.655,-115.99,1.498810485049683
15211,1108,33.11675,-115.82267,-0.3805352744224313
15212,1108,33.71264,-118.29381,-0.5018884983854047
15213,1108,33.051,-114.827,0.4847526989475669
15214,1108,35.98249,-117.80885,0.7164488303264591
15215,1108,35.13066,-115.18416,0.8690880387001242
15216,1108,33.9753,-118.14918,-0.5536283683129084
15217,1108,34.80762,-118.86775,0.2578545014788136
15218,1108,34.005,-117.562,-0.4912059452174787
15219,1108,36.05799,-117.48901,-0.6017419616130982
15220,1108,34.88848,-119.81362,0.2257262383449458
15223,1108,33.556,-115.946,0.0247871863367633
15224,1108,34.1484,-118.1711,-1.713535211335061
15225,1108,34.44199,-118.58215,0.1675233279151077
15226,1108,34.09181,-117.80709,-0.6367606865743108
15227,1108,34.281,-118.478,0.1395370470153929
15228,1108,34.10473,-117.97956,-0.7950324803253609
15229,1108,33.74346,-118.40412,0.7749692789016558
15230,1108,34.05073,-118.08085,-0.6357397894520788
15231,1108,33.2801,-115.98585,0.0293637002405868
15232,1108,32.915,-118.4879,-0.0986300769889337
15233,1108,34.43692,-119.1375,0.2701262500081006
15234,1108,35.8996,-116.27515,1.2979871332226445
15235,1108,35.89095,-117.28332,-0.2077592260795327
15237,1108,32.94508,-115.79988,-0.6914934594610507
15238,1108,34.38203,-117.67822,0.4739323858118517
15239,1108,35.53664,-118.14035,-0.1873793538946558
15245,1110,34.55046,-117.43391,-0.2736935712492062
15246,1110,34.68708,-118.29946,-0.0941226944385697
15247,1110,32.68005,-116.67215,-1.4023626574040966
15248,1110,34.2623,-116.92075,-0.3154572469927201
15249,1110,33.921,-116.981,1.2635738726821306
15251,1110,34.23883,-117.65853,-1.5538507589328083
15252,1110,33.268,-116.417,-0.195663356525879
15253,1110,33.80776,-117.98116,0.1762266951666775
15254,1110,34.68224,-118.57398,0.5323623858466082
15255,1110,35.52495,-117.36453,-0.0785801737970827
15257,1110,33.999,-117.68,-0.0426954941579451
15258,1110,33.4019,-118.41502,-0.4076978253464013
15260,1110,34.093,-117.317,1.1267844606736876
15261,1110,33.876,-117.561,0.4911259374735039
15262,1110,33.655,-115.99,1.227462411192194
15263,1110,34.25353,-118.33383,-0.3106069863302976
15264,1110,33.93597,-116.57794,0.1267299192594069
15265,1110,33.65,-117.009,-1.2408503026967512
15266,1110,34.10618,-118.45505,-1.0063966319697455
15267,1110,33.567,-116.631,1.0469895495095212
15268,1110,32.999,-116.942,-2.017974861353055
15272,1110,35.30177,-116.80574,0.7742651928293919
15273,1110,34.8294,-116.335,0.8927782564147569
15274,1110,33.0859,-116.5959,-0.3471102723197077
15275,1110,34.36622,-116.61266,-0.7230603359308977
15276,1110,35.13066,-115.18416,0.2088083455030748
15277,1110,34.9906,-118.34156,-0.297924665074801
15278,1110,33.9753,-118.14918,-0.9014305965807078
15279,1110,34.80762,-118.86775,0.9281390327586132
15280,1110,33.684,-117.943,0.4661804925470216
15281,1110,34.93439,-117.69629,-0.6494057675941785
15282,1110,35.47954,-117.68212,-0.3928701787981019
15283,1110,34.3656,-117.36683,-0.5706503088064387
15284,1110,33.818,-116.369,1.5800490734110613
15285,1110,34.005,-117.562,0.853605843781924
15286,1110,33.6,-117.195,0.8766389210178277
15287,1110,34.22362,-118.05832,-0.839567091580881
15288,1110,33.94539,-117.92372,0.2069750111131908
15289,1110,34.6145,-118.7235,0.4280592269330815
15290,1110,34.1207,-117.63808,0.1811236387787836
15292,1110,33.354,-116.863,-1.2582776011321335
15293,1110,33.7953,-117.60906,1.2746373434921885
15295,1110,34.09181,-117.80709,-0.2383426913534946
15296,1110,33.74346,-118.40412,1.5988307811846498
15297,1110,34.87533,-116.99684,0.5098063532484958
15298,1110,33.97327,-117.32674,-0.8508081299585594
15299,1110,34.05073,-118.08085,-0.3295973849624789
15300,1110,33.99351,-117.37545,-2.235555469240518
15302,1110,34.232,-117.235,-0.4077357492374107
15303,1110,33.553,-117.662,-0.0286383401051943
15304,1110,35.89095,-117.28332,-0.0996098626320538
15305,1110,33.834,-116.797,-0.0951986033811992
15306,1110,34.05933,-118.64614,0.1804691416041143
15307,1110,33.829,-117.789,0.3013039536752787
15308,1110,33.664,-117.769,-0.3567951448469132
15309,1110,34.106,-117.098,0.220690845257329
15310,1110,34.38203,-117.67822,2.055814928269514
15312,1110,34.48364,-118.11783,-0.6802135135787521
15313,1110,34.56065,-117.3296,-0.0587386407928594
15314,1110,35.53664,-118.14035,0.053043282865178
15380,1113,34.55046,-117.43391,0.7660511486977533
15381,1113,32.68005,-116.67215,-0.0477658530426302
15382,1113,33.921,-116.981,-0.1883868574306857
15385,1113,34.23883,-117.65853,-2.3534926057112613
15386,1113,34.069,-116.39,0.0566497792256808
15387,1113,33.268,-116.417,0.3501077347212215
15388,1113,35.52495,-117.36453,1.0236192268382145
15390,1113,33.4019,-118.41502,0.0642635674423828
15392,1113,34.093,-117.317,0.0305600854285051
15393,1113,33.655,-115.99,0.745467255125666
15394,1113,34.25353,-118.33383,0.4343400791884204
15395,1113,33.65,-117.009,-0.2123856586694585
15396,1113,34.10618,-118.45505,0.8452866060494812
15397,1113,33.567,-116.631,1.343531097849145
15398,1113,32.999,-116.942,0.0627821957865612
15402,1113,33.051,-114.827,-0.3500265395746437
15404,1113,33.1537,-117.22921,-1.4561491620426978
15405,1113,35.30177,-116.80574,-0.4660393533094932
15406,1113,34.8294,-116.335,-0.016324020043546
15408,1113,35.66278,-118.47403,-0.9732630849570408
15409,1113,33.081,-116.598,0.1683049057361964
15410,1113,35.98249,-117.80885,0.4362318347201654
15411,1113,34.36622,-116.61266,0.4602644211071527
15412,1113,35.13066,-115.18416,0.641444153433479
15413,1113,34.9906,-118.34156,-1.2073048401997286
15414,1113,34.80762,-118.86775,-0.2882052566197476
15415,1113,34.93439,-117.69629,0.8305741333148899
15416,1113,35.47954,-117.68212,0.5737100107003152
15417,1113,34.3656,-117.36683,0.5337856079530359
15418,1113,33.818,-116.369,0.1741989282480907
15419,1113,34.005,-117.562,-1.0665883786771788
15420,1113,36.05799,-117.48901,-0.09485767625471
15421,1113,33.808,-116.968,0.747964902792535
15422,1113,33.6,-117.195,1.679727339717917
15423,1113,34.22362,-118.05832,0.031132475946194
15424,1113,34.76759,-114.61881,0.12012246295498
15425,1113,33.94539,-117.92372,-0.1867392604323275
15426,1113,32.608,-116.93,-0.9659592042076708
15427,1113,34.1207,-117.63808,0.3673361714417447
15428,1113,33.862,-117.205,-0.8677733969317266
15430,1113,33.354,-116.863,-0.5291451020092236
15431,1113,33.7953,-117.60906,0.819656527166335
15433,1113,33.824,-116.55,-1.852675861296785
15434,1113,33.63,-116.8478,0.0654146448898344
15435,1113,33.74346,-118.40412,0.9891232938784048
15436,1113,34.87533,-116.99684,0.068328767449756
15437,1113,33.97327,-117.32674,-1.0893759198823425
15438,1113,33.99351,-117.37545,-1.5201276083783557
15439,1113,34.232,-117.235,-0.7766790297199226
15440,1113,33.553,-117.662,-0.1327650257968211
15441,1113,35.89095,-117.28332,0.3669889943541937
15442,1113,33.834,-116.797,0.2345472095343673
15443,1113,34.05933,-118.64614,0.5208418112972466
15444,1113,33.829,-117.789,-0.0180803941585661
15445,1113,33.664,-117.769,-0.5268130632880835
15446,1113,34.106,-117.098,0.4863184918651763
15447,1113,34.38203,-117.67822,0.0876459368182059
15450,1113,34.48364,-118.11783,-0.4364686018190294
15451,1113,35.53664,-118.14035,-0.0236648175681391
15452,1113,34.1717,-118.64971,1.357940659632354
15453,1113,33.917,-117.443,0.2572516485327304
15454,1113,33.968,-117.252,-0.1253568273420139
15455,1113,33.751,-117.015,1.6920326120004037
15456,1113,33.699,-117.267,0.7325383717208367
15457,1113,33.951,-117.446,0.3700166615526728
15458,1113,33.951,-117.388,-0.5190469254418043
15459,1113,33.979,-117.344,-0.7690695147392066
15460,1113,33.975,-117.486,0.2150318386256843
15461,1113,33.902,-117.234,-0.9738160877179202
15462,1113,33.921,-117.173,0.7443078258694417
15463,1113,34.014,-117.511,0.2206626337080065
15464,1113,34.074,-117.183,-0.0453172642152777
15465,1113,34.096,-117.287,-0.5501645964400499
15466,1113,34.133,-117.253,-0.5133668777843183
15467,1113,34.069,-117.398,-0.2325630441663083
15468,1113,34.004,-117.058,-0.0896869260227064
15471,1113,34.136,-117.213,-1.0150687143066033
15473,1113,33.92024,-117.32066,-1.376259400638103
15476,1113,34.14,-117.294,0.2461488970986293
15478,1113,34.205,-117.365,0.5958110965934545
15479,1113,34.12288,-117.28792,0.0258964459053724
15480,1113,34.0869,-117.3114,-0.5081459280368864
15481,1113,33.852,-117.451,0.4217734023401769
15550,1118,32.68005,-116.67215,-0.9308009382853074
15551,1118,34.2623,-116.92075,-0.3598596663383087
15552,1118,33.921,-116.981,0.0690968979934725
15555,1118,34.23883,-117.65853,-0.8165328549082844
15557,1118,33.268,-116.417,-1.806857839925728
15558,1118,33.01213,-115.21987,-1.7668177255698234
15559,1118,33.38822,-117.19495,-0.5885465023832985
15562,1118,33.655,-115.99,-0.0485485955689849
15563,1118,34.63745,-115.38115,-0.7945305833803251
15564,1118,34.25353,-118.33383,0.3638338496721602
15565,1118,33.65,-117.009,0.2628890008970987
15566,1118,34.10618,-118.45505,-0.0272112087228134
15567,1118,33.567,-116.631,-0.287019341684752
15568,1118,32.999,-116.942,-0.4541902038336918
15569,1118,32.805,-115.447,-1.278838677247342
15572,1118,33.11675,-115.82267,0.5188885347630446
15573,1118,33.71264,-118.29381,0.0654222699727188
15574,1118,33.051,-114.827,-0.2517172155825529
15576,1118,35.30177,-116.80574,-0.9483397144623266
15578,1118,33.0859,-116.5959,-0.128940014291828
15580,1118,33.684,-117.943,1.737478745227928
15581,1118,33.818,-116.369,-0.347957403660681
15583,1118,33.808,-116.968,1.6841980932509095
15584,1118,33.6,-117.195,0.4575739902963771
15585,1118,34.76759,-114.61881,-0.7577083491719551
15586,1118,33.94539,-117.92372,0.5022306601181431
15587,1118,32.608,-116.93,-1.2315966404744834
15589,1118,34.1207,-117.63808,0.3792612270294692
15591,1118,33.354,-116.863,0.4897441571290323
15593,1118,33.63,-116.8478,-0.4107176807683942
15594,1118,33.74346,-118.40412,1.010407694905604
15595,1118,33.99351,-117.37545,-1.3423230232569876
15596,1118,33.183,-115.623,-0.08736661715643
15597,1118,33.2801,-115.98585,0.3376863660064537
15598,1118,33.553,-117.662,1.7580295697802792
15600,1118,33.834,-116.797,-1.243742283236395
15601,1118,34.05933,-118.64614,1.4267068889730896
15602,1118,33.829,-117.789,1.0116208994006175
15603,1118,33.664,-117.769,1.414693416373677
15604,1118,34.106,-117.098,0.1289067537883364
15605,1118,32.94508,-115.79988,-0.1103916482737054
15606,1118,34.38203,-117.67822,1.204846860665376
15607,1118,34.48364,-118.11783,-0.4114705586901415
15608,1118,32.75904,-115.73161,-0.7703930055135064
15753,1123,37.76021,-122.41524,-0.7102845327913201
15755,1123,37.762,-122.505,-0.633378928631565
15756,1123,37.54187,-122.30471,0.8550912870109099
15757,1123,37.59094,-122.36741,0.7143375138284767
15758,1123,37.40718,-122.00001,-1.0232725022784055
15759,1123,37.39415,-122.06041,-0.4752983451529142
15760,1123,37.45098,-122.4287,-0.6168062095355652
15761,1123,37.59268,-122.07449,-1.4215666830915448
15762,1123,37.67928,-122.48405,-0.3160174972406844
15765,1123,37.95397,-121.86554,-0.2454971344028577
15766,1123,37.87622,-122.23558,-0.6449567957583688
15767,1123,37.91881,-122.15176,-0.392660764545566
15768,1123,37.87352,-122.26099,-1.209172174171187
15770,1123,37.85727,-122.42266,0.3157621514416351
15773,1123,37.85884,-121.99264,1.9346074794085268
15775,1123,38.02691,-122.01599,0.5726487232314531
15776,1123,38.34526,-122.4584,0.082445311989104
15777,1123,37.34305,-122.33976,-0.538084379391825
15779,1123,37.51604,-122.45815,-0.394645711924004
15780,1123,37.21427,-122.17168,0.2638096603781676
15781,1123,37.20631,-121.97726,0.6309990722951277
15783,1123,37.63719,-122.47482,-0.8361948286132189
15785,1123,37.58225,-122.42006,0.7044842708059246
15786,1123,37.40372,-122.17596,-0.0138802972114325
15787,1123,37.28397,-122.05017,-0.1722183041832168
15788,1123,37.58644,-122.50217,1.204948929034101
15792,1123,38.07601,-122.2585,1.680252325747983
15794,1123,38.34878,-122.57795,2.6450381446237765
15797,1123,37.62211,-121.75697,-0.1878937475172968
19436,1123,38.03455,-120.38651,-1.140645865480874
19437,1123,37.69782,-123.0011,-1.2949695989572776
19438,1123,37.34164,-121.64257,-0.3100962557450423
19439,1123,37.91608,-122.33607,-0.4905630290739068
19440,1123,37.81647,-122.06302,0.602113318423569
19441,1123,37.9889,-122.2156,1.330557925305921
19446,1123,37.51704,-122.37731,0.1346212890138847
19447,1123,37.67433,-122.39855,0.4430878095455935
19448,1123,37.4046,-122.1741,-0.3765408377526566
19449,1123,37.16067,-121.89899,1.2102668255641924
19450,1123,37.92144,-122.71806,-0.5544447386275696
19452,1123,38.12282,-122.14921,1.044472634043182
19453,1123,38.20025,-122.4644,0.8246332253107033
19455,1123,37.77737,-122.39689,-1.0060156437835062
19456,1123,37.76386,-122.4736,-1.0805220761035292
19457,1123,37.40701,-122.0946,-0.832178266518837
19458,1123,37.4748,-122.2392,-0.7616574408538302
19459,1123,37.30249,-121.97978,-0.5031982986777292
19460,1123,37.26352,-121.91617,-0.2092334942802909
19461,1123,37.30143,-121.9039,-0.2330589857813119
19462,1123,37.31816,-121.94354,0.7343064555087858
19463,1123,37.3066,-121.84915,0.5075687014610667
19464,1123,37.41702,-121.9154,-0.0835354354230436
19465,1123,37.74766,-122.42528,-1.8001709658226392
19466,1123,37.17217,-122.01121,0.5017613310749199
15821,1125,37.54187,-122.30471,0.3148424996459092
15822,1125,37.26748,-121.86656,-0.6548471657998208
15823,1125,37.30143,-121.9039,-0.6156339276996486
15824,1125,37.41702,-121.9154,-0.0912320477317915
15826,1125,37.34655,-121.80774,0.6641220806247427
15827,1125,37.40718,-122.00001,-0.0696351234365441
15828,1125,37.39415,-122.06041,-0.7583340202418778
15829,1125,37.376,-121.84367,0.1020050158555816
15830,1125,37.27117,-121.98617,-1.1693717710191065
15831,1125,37.71737,-121.72701,0.6301212294196452
15834,1125,37.41395,-121.87085,0.6351489329133659
15835,1125,37.36408,-122.01817,-0.3119601599632424
15836,1125,37.42549,-122.07772,-1.095065229237867
15837,1125,37.38332,-121.91088,0.540452321710867
15838,1125,37.28537,-121.93602,-0.9507467496674497
15839,1125,37.68873,-121.78351,-0.119026911809101
15840,1125,37.66666,-121.85715,-1.186804029695444
15841,1125,37.87622,-122.23558,-0.2518539261410319
15842,1125,37.85727,-122.42266,1.0738298775647972
15843,1125,37.45035,-121.80037,-0.2261031670607259
15844,1125,37.74766,-121.70843,0.5891975101660049
15845,1125,37.7294,-121.83346,0.9691716829907394
15846,1125,37.73786,-122.06486,-0.0950384274345912
15847,1125,38.03455,-120.38651,-0.4799277795230243
15848,1125,37.85884,-121.99264,1.430074818901644
15849,1125,37.91233,-121.90716,-0.2515992828126916
15850,1125,38.02691,-122.01599,-0.1635212472917084
15851,1125,37.34305,-122.33976,0.7448201971438029
15853,1125,37.17217,-122.01121,0.107159323883293
15854,1125,37.36045,-122.18986,-0.6958793957792804
15856,1125,37.20631,-121.97726,0.2005274181563215
15857,1125,37.15432,-121.73467,-0.7738829752257537
15858,1125,37.2708,-122.21276,0.8832523469741802
15859,1125,37.19855,-122.34671,0.3597383600725912
15861,1125,37.28397,-122.05017,-0.4134669681237927
15863,1125,37.34164,-121.64257,1.213151308953183
15865,1125,38.15486,-121.80438,0.5296082956667585
15866,1125,38.07601,-122.2585,0.2487714278992129
15867,1125,37.008,-121.287,1.164251499585003
15868,1125,35.63597,-120.86984,0.1291893575103088
15869,1125,39.2291,-121.7861,-0.8885623598318281
15870,1125,37.62211,-121.75697,-0.2288189843614018
19794,1125,37.91881,-122.15176,-0.7696080942973081
19795,1125,36.68011,-119.02282,-1.5055934297139189
19796,1125,38.87874,-122.44277,-1.291859991379564
19797,1125,39.55451,-121.50036,-1.390348465553114
19798,1125,35.945,-120.542,-0.308911579300416
19799,1125,36.76403,-121.44722,-0.491086567574467
19800,1125,37.9889,-122.2156,0.4922567409060715
19801,1125,37.94906,-122.40851,-0.1894588043979111
19803,1125,37.51704,-122.37731,0.1134398267270629
19804,1125,37.16067,-121.89899,0.9064842836163266
19805,1125,37.92144,-122.71806,0.1862013422434606
19806,1125,38.04962,-122.52331,0.9065011007132244
19807,1125,38.12282,-122.14921,-0.0985286707940848
19812,1125,37.76386,-122.4736,0.6958640021507796
19813,1125,37.762,-122.505,0.7912236912837398
19816,1125,37.30249,-121.97978,-0.2348646789541973
19817,1125,37.26352,-121.91617,-0.4710603750693792
19818,1125,37.31816,-121.94354,-0.7053153847689229
19819,1125,37.3066,-121.84915,0.3799991810340647
19820,1125,37.68,-121.739,0.0614379428691384
19822,1125,37.74664,-122.38679,0.5962020496704247
19823,1125,37.45098,-122.4287,0.588897770030749
19824,1125,37.59268,-122.07449,-1.0362236169001653
19825,1125,37.67928,-122.48405,1.4231708307285411
19827,1125,37.74484,-122.40134,1.0156192359105505
19830,1125,37.8251,-122.27606,0.1467010598290302
19831,1125,37.7986,-122.2684,-0.2831694723717523
19833,1125,37.6806,-121.92098,0.0440708551075309
19834,1125,37.86059,-122.29327,0.0207031995325089
19836,1125,37.37418,-122.0781,-0.9440263213665182
19837,1125,37.69169,-122.16982,-0.8566530288881228
19838,1125,37.23294,-121.77186,0.8351658869067394
19839,1125,37.35834,-121.97775,-0.6387311939038619
19840,1125,37.72688,-122.15092,-1.2473222127557224
19841,1125,37.8852,-122.03217,0.4292299796200536
19842,1125,37.94215,-121.93047,-0.7995373220521869
19843,1125,38.01299,-122.13416,0.4547154980883258
19844,1125,37.16346,-121.62645,-0.5220016665117226
19845,1125,37.37289,-121.76887,0.3344262598909582
19846,1125,37.81041,-121.80272,0.1119471361305673
19847,1125,37.04922,-121.80722,-0.987186210439626
19848,1125,37.21427,-122.17168,0.3333544545846816
19849,1125,37.63719,-122.47482,0.1006360129462854
19850,1125,37.40372,-122.17596,-0.8056389630763863
19851,1125,37.6444,-118.89683,2.1144052462139253
19852,1125,37.65909,-118.97907,1.053688856059774
19855,1125,38.04248,-122.79684,1.0522903930439311
19860,1125,36.2159,-120.80126,0.1140512040392155
15922,1128,34.55046,-117.43391,0.2019971408096368
15923,1128,33.63838,-116.4011,-0.4857000757279624
15924,1128,34.68708,-118.29946,-0.5623244619782122
15925,1128,32.68005,-116.67215,-1.5524975175076794
15926,1128,34.2623,-116.92075,-0.2990388988943712
15927,1128,33.921,-116.981,-0.4859591765949992
15928,1128,33.57508,-117.26119,-1.0269848337826255
15929,1128,33.80776,-117.98116,1.7535628758251909
15930,1128,34.68224,-118.57398,0.645958199332939
15931,1128,33.38822,-117.19495,-1.826373218940555
15933,1128,33.999,-117.68,0.6797320928413422
15934,1128,33.4019,-118.41502,-0.0125892118074824
15936,1128,34.093,-117.317,0.0349620501982013
15937,1128,34.0602,-117.809,1.552055388764151
15938,1128,33.655,-115.99,0.5958163392922029
15939,1128,34.25353,-118.33383,-0.5975606511873178
15940,1128,33.93597,-116.57794,-1.2103012464900054
15941,1128,33.65,-117.009,-1.3017359295169737
15942,1128,34.10618,-118.45505,-1.2195344952427016
15943,1128,32.999,-116.942,-1.6031066644462746
15944,1128,34.88303,-117.99106,0.0279602346092565
15945,1128,34.72832,-119.98803,-0.3759315179459106
15946,1128,33.71264,-118.29381,0.7581088704970044
15947,1128,33.8717,-117.92251,2.348828165497333
15948,1128,33.1537,-117.22921,-1.5995530056769849
15949,1128,35.30177,-116.80574,0.8951726183151222
15950,1128,34.8294,-116.335,0.9605435961621576
15951,1128,33.7141,-116.7119,-1.2111994635291383
15952,1128,33.86889,-118.33143,1.5879782931521167
15953,1128,34.00033,-118.37794,0.260548527229861
15954,1128,35.13066,-115.18416,1.191338390751423
15955,1128,34.30529,-118.48805,0.010404326047654
15956,1128,33.9753,-118.14918,0.3261813429153987
15957,1128,34.10819,-119.06587,-0.7049813308730805
15958,1128,34.61594,-117.82493,-0.3784511587388831
15959,1128,33.684,-117.943,0.4813485208044278
15960,1128,35.47954,-117.68212,0.5334262505822337
15961,1128,33.881,-118.176,1.1278640539272984
15962,1128,34.3656,-117.36683,-0.4929626668071656
15963,1128,33.3516,-116.5615,1.9383896016677369
15964,1128,34.005,-117.562,0.6647691998395385
15965,1128,33.808,-116.968,0.4580470721078505
15966,1128,34.22362,-118.05832,-0.7656488017923034
15967,1128,33.788,-117.844,0.6708347239256035
15968,1128,33.94539,-117.92372,0.2957344312635948
15969,1128,32.608,-116.93,-1.9556285399973456
15970,1128,34.1484,-118.1711,-1.561944799434562
15972,1128,33.96273,-118.43702,1.109353346725219
15973,1128,34.1207,-117.63808,-0.343288325689053
15975,1128,33.354,-116.863,-0.6448951714699541
15976,1128,33.7953,-117.60906,0.1789656948382385
15977,1128,33.63,-116.8478,-1.1027344071330245
15979,1128,34.10473,-117.97956,-0.1059224676288338
15980,1128,33.74346,-118.40412,-0.0198329287316141
15981,1128,34.87533,-116.99684,1.5309592802955767
15982,1128,33.97327,-117.32674,-0.8423797631904691
15983,1128,34.05073,-118.08085,-0.2827155133634454
15984,1128,33.99351,-117.37545,-1.1241596948888353
15985,1128,33.70432,-117.88578,-0.1905575499276908
15986,1128,34.232,-117.235,-0.2253750834740117
15987,1128,33.553,-117.662,0.7839615667280481
15988,1128,35.89095,-117.28332,0.4233809374522095
15989,1128,34.01438,-118.45617,-0.0456688857172962
15990,1128,34.05933,-118.64614,0.2125503277587906
15991,1128,33.829,-117.789,0.8916484594601016
15992,1128,34.30302,-119.18676,0.6348157048305679
15993,1128,33.664,-117.769,-1.0268831886313037
15994,1128,34.38203,-117.67822,0.8556977708133439
15995,1128,34.08377,-118.599,-1.4976169709151197
15996,1128,33.63495,-116.16402,0.6157127327082362
15997,1128,34.01919,-118.28631,-0.3345341037419968
15998,1128,34.48364,-118.11783,-0.2453436568204972
15999,1128,34.00948,-117.95077,0.4112152200384686
16001,1128,34.1717,-118.64971,1.3366103857661524
16033,1130,37.40701,-122.0946,-0.7348372244347455
16034,1130,37.54187,-122.30471,0.4624291856890645
16035,1130,37.66,-121.873,-0.2663374708915152
16036,1130,37.68,-121.739,-0.9295619043615282
16039,1130,37.59268,-122.07449,0.1327924665314249
16040,1130,37.71737,-121.72701,-0.165288645018714
16041,1130,37.67928,-122.48405,1.1930403669600158
16043,1130,38.03445,-122.27016,-0.6805089534608778
16046,1130,37.95397,-121.86554,-0.2431690860126321
16047,1130,37.87622,-122.23558,-0.0685130072479364
16048,1130,37.91881,-122.15176,0.1186924842981065
16049,1130,37.87352,-122.26099,-1.4155579599827868
16052,1130,37.45035,-121.80037,-1.0482922013242644
16053,1130,37.74766,-121.70843,1.9563904988776977
16054,1130,37.7294,-121.83346,0.7491644245259012
16055,1130,38.03455,-120.38651,-0.4775308263398251
16056,1130,37.85884,-121.99264,1.4840554113113886
16057,1130,37.91233,-121.90716,0.494140773407292
16058,1130,38.02691,-122.01599,0.4174461459106725
16059,1130,37.34305,-122.33976,0.9200038687348228
16061,1130,37.17217,-122.01121,1.004179591151071
16062,1130,37.04922,-121.80722,0.6443341486749562
16065,1130,37.21427,-122.17168,0.8860028206467027
16068,1130,37.2708,-122.21276,1.2394575490145503
16069,1130,37.19855,-122.34671,0.4386365516803457
16070,1130,37.40373,-122.23868,-2.0061322869791
16073,1130,37.28397,-122.05017,-0.7810593402407718
16074,1130,37.58644,-122.50217,0.4155000645797349
16075,1130,37.34164,-121.64257,0.1408165725190052
16076,1130,38.28043,-122.21582,0.0556217339967485
16078,1130,38.07601,-122.2585,0.1543920815766584
16079,1130,37.99642,-123.01949,-0.353118152479906
16080,1130,38.2026,-121.9354,0.4019140599991639
16081,1130,37.62211,-121.75697,-0.7353067043462631
20456,1130,37.69782,-123.0011,-1.501606263929805
20457,1130,38.87874,-122.44277,-0.4966683997009237
20458,1130,39.55451,-121.50036,-1.6593940581460012
20459,1130,37.008,-121.287,0.6084980251599207
20462,1130,37.28744,-121.86422,-0.8168187570731911
20463,1130,37.81647,-122.06302,1.680756988028744
20464,1130,37.25898,-121.67311,-0.2896431938562568
20465,1130,37.9889,-122.2156,1.013513059067215
20467,1130,37.72416,-122.11929,1.0897623099013776
20468,1130,37.80787,-122.3618,0.0541074276216785
20469,1130,37.12043,-122.1552,0.2848544040912269
20470,1130,37.51704,-122.37731,0.0373931635148878
20471,1130,37.67433,-122.39855,-0.2295437660335161
20472,1130,37.16067,-121.89899,1.2242546121447269
20473,1130,37.92144,-122.71806,0.3977824338172713
20474,1130,38.04962,-122.52331,-0.2814018309868735
20475,1130,38.12282,-122.14921,0.2107108955637374
20478,1130,37.762,-122.505,0.1241285917072082
20480,1130,37.30249,-121.97978,-1.0262794502465178
20481,1130,37.26352,-121.91617,-0.7326925988080467
20483,1130,37.31816,-121.94354,-1.44329154881257
20485,1130,37.41702,-121.9154,-0.9554739099508645
20487,1130,37.39415,-122.06041,-1.1384341056631742
20488,1130,37.376,-121.84367,-0.6682731258222706
20489,1130,37.45098,-122.4287,-0.1249110785494778
20490,1130,37.7986,-122.2684,-0.8217374889368344
20491,1130,37.41395,-121.87085,-0.432108129268433
20492,1130,37.6806,-121.92098,0.8631608966207116
20493,1130,37.85835,-122.25252,-0.3496493615941152
20494,1130,37.37418,-122.0781,-1.5040960868147142
20495,1130,37.6444,-118.89683,2.007153189196273
20497,1130,38.33656,-122.81082,0.989627239363974
20498,1130,38.04248,-122.79684,0.6444409014155229
16082,1131,33.63838,-116.4011,-0.754613328177004
16084,1131,34.2623,-116.92075,-0.4033951959891509
16085,1131,33.921,-116.981,0.7773034950327183
16086,1131,33.57508,-117.26119,-0.6594265619424302
16089,1131,34.069,-116.39,-0.2484337251462191
16090,1131,33.268,-116.417,0.4112911267955539
16091,1131,33.38822,-117.19495,-0.243796066778895
16095,1131,33.655,-115.99,0.332339274354561
16096,1131,33.93597,-116.57794,0.0864536650204825
16097,1131,33.65,-117.009,-0.4494741391003384
16098,1131,33.567,-116.631,1.8488887388597728
16101,1131,34.8294,-116.335,-0.1066127001587239
16102,1131,33.0859,-116.5959,0.6537075655905308
16103,1131,34.36622,-116.61266,-0.0201344025056362
16105,1131,34.93439,-117.69629,0.59081227810318
16108,1131,33.818,-116.369,0.2295722058646927
16109,1131,34.005,-117.562,-0.6771048182233347
16110,1131,33.808,-116.968,0.1558578381388128
16112,1131,34.78035,-116.55798,-0.4994703162038104
16114,1131,34.6145,-118.7235,-1.046488435400096
16115,1131,34.1207,-117.63808,-1.523418592475001
16116,1131,33.862,-117.205,-2.2373911380284035
16117,1131,33.82436,-116.51195,0.4850018659554885
16118,1131,33.354,-116.863,1.506775604829131
16119,1131,33.74346,-118.40412,0.3141542607183298
16120,1131,34.87533,-116.99684,0.8875857122277365
16121,1131,33.973,-117.327,0.0958328181598751
16122,1131,33.97327,-117.32674,0.0017149767911232
16123,1131,34.05073,-118.08085,-0.333569217936745
16124,1131,33.99351,-117.37545,-2.3062338439554484
16125,1131,33.2801,-115.98585,0.0504762032711733
16126,1131,34.232,-117.235,-0.3337578414815875
16127,1131,33.553,-117.662,0.0425082287436005
16128,1131,32.784,-117.13805,0.3985893138522852
16130,1131,33.834,-116.797,1.6725159108815135
16131,1131,34.05933,-118.64614,0.0414704563503004
16132,1131,33.664,-117.769,-0.5965985369846374
16133,1131,34.106,-117.098,0.6484081506264506
16134,1131,34.38203,-117.67822,0.0955850497051508
16135,1131,34.48364,-118.11783,0.5288370203554323
16136,1131,34.56065,-117.3296,0.5442708009833368
16139,1132,33.943,-118.411,0.360472877562167
16140,1132,34.155,-118.641,-1.172828164940403
16141,1132,34.14647,-118.76699,-0.5883987750382911
16142,1132,34.68708,-118.29946,-0.1148100622141382
16143,1132,35.1269,-118.83009,0.5818431284521381
16144,1132,34.2623,-116.92075,1.1629848263025364
16145,1132,33.80776,-117.98116,-0.1842779085261762
16146,1132,33.38822,-117.19495,-0.676241845340608
16148,1132,33.4019,-118.41502,-0.3042191880582695
16149,1132,34.25353,-118.33383,-0.6679389882364283
16150,1132,33.65,-117.009,-1.473337744452992
16151,1132,34.10618,-118.45505,-0.2220134110796391
16153,1132,33.71264,-118.29381,-1.1027304411796377
16154,1132,33.1537,-117.22921,-1.8180179397383984
16155,1132,34.13677,-118.1283,-0.3132366879259991
16156,1132,33.86889,-118.33143,-0.804309751889778
16157,1132,34.00033,-118.37794,0.3310088456723525
16158,1132,34.9906,-118.34156,-0.2760328327000627
16159,1132,34.30529,-118.48805,0.0814350551745743
16160,1132,33.9753,-118.14918,-0.2210182369953083
16161,1132,34.10819,-119.06587,-1.3082182390599646
16162,1132,34.80762,-118.86775,-0.0600523138210577
16163,1132,33.684,-117.943,1.0366056839281756
16164,1132,34.93439,-117.69629,-0.0568541295816036
16165,1132,34.3656,-117.36683,0.2625719204331739
16166,1132,34.22362,-118.05832,-0.0719612190595196
16167,1132,34.53412,-120.17737,-0.3513663337672037
16168,1132,34.22869,-118.55829,-0.1127264781423504
16169,1132,33.94539,-117.92372,-0.0781871313686211
16170,1132,34.6145,-118.7235,-1.0925008274959227
16171,1132,34.1484,-118.1711,-1.1198984060917534
16172,1132,34.44199,-118.58215,0.382631532929378
16173,1132,33.96273,-118.43702,0.1283230383448286
16174,1132,34.1207,-117.63808,0.0679026089552805
16175,1132,34.281,-118.478,0.1509576918171806
16176,1132,33.74346,-118.40412,0.2350012403660822
16177,1132,34.87533,-116.99684,1.281015551188008
16178,1132,33.97327,-117.32674,0.3148020096874838
16179,1132,34.05073,-118.08085,0.4574960364424535
16180,1132,33.99351,-117.37545,-0.9767616356873146
16183,1132,32.915,-118.4879,3.241607158480453
16184,1132,33.99543,-119.6351,1.846693144420376
16185,1132,33.553,-117.662,1.432664337113473
16187,1132,34.43692,-119.1375,-0.112457068163453
16188,1132,34.01438,-118.45617,0.1103018637592029
16189,1132,34.27091,-118.74407,-0.532466456559993
16190,1132,33.24787,-119.52437,0.69774971972876
16191,1132,34.05933,-118.64614,0.5312657129336592
16192,1132,33.829,-117.789,0.0099403161107725
16193,1132,34.30302,-119.18676,-0.1676225063302743
16194,1132,33.664,-117.769,0.4687660318052817
16195,1132,33.79033,-118.19878,-0.5015120377380727
16196,1132,34.106,-117.098,0.5854913262896152
16197,1132,34.38203,-117.67822,1.9971338168839887
16198,1132,34.15607,-118.82039,-0.5925480962543745
16199,1132,34.01919,-118.28631,-0.4860129836307781
16200,1132,34.48364,-118.11783,-0.2616629312375175
16201,1132,34.56065,-117.3296,0.3431480408584033
16202,1132,34.51085,-119.27407,-0.8776970402347237
16203,1132,34.00948,-117.95077,0.1195954119380375
16204,1132,34.1717,-118.64971,0.0309334210791475
16238,1134,33.1774,-115.616,-4.635350518191243
16240,1134,32.68005,-116.67215,-1.2364568287128783
16241,1134,34.2623,-116.92075,0.3313488013291862
16242,1134,33.921,-116.981,1.055259313181905
16245,1134,34.069,-116.39,-1.234136788044632
16246,1134,33.268,-116.417,-0.5781070968019281
16248,1134,33.999,-117.68,0.1484217620709438
16249,1134,33.655,-115.99,0.035387563213253
16250,1134,34.63745,-115.38115,-0.4630197280924791
16251,1134,34.25353,-118.33383,0.0189146262370518
16252,1134,33.93597,-116.57794,-1.379993558438749
16253,1134,33.65,-117.009,1.3094994634957562
16254,1134,33.567,-116.631,0.2277726311503787
16255,1134,32.999,-116.942,0.8278125519368369
16256,1134,32.65915,-116.10061,0.6768439251527039
16259,1134,33.11675,-115.82267,-0.8553452368063239
16260,1134,33.71264,-118.29381,0.1192340311998182
16261,1134,33.051,-114.827,-0.5256798718350616
16263,1134,33.1537,-117.22921,-0.8248165134095191
16264,1134,34.8294,-116.335,-0.1997993047949429
16266,1134,34.36622,-116.61266,-0.2100203816927808
16267,1134,34.9906,-118.34156,-0.2343114998078749
16268,1134,33.684,-117.943,0.603502894167608
16269,1134,34.3656,-117.36683,0.094464169171831
16271,1134,33.808,-116.968,1.587418359343857
16272,1134,33.6,-117.195,1.334322326128024
16273,1134,34.22362,-118.05832,0.4227440355387004
16274,1134,34.76759,-114.61881,1.1889835049390185
16275,1134,33.556,-115.946,-0.1594431152986934
16276,1134,33.94539,-117.92372,1.0458868483397952
16277,1134,32.608,-116.93,-0.6929920909584967
16278,1134,34.1207,-117.63808,0.4751943422513605
16279,1134,33.862,-117.205,-0.3107767799596782
16281,1134,33.354,-116.863,0.1690029626540844
16282,1134,33.7953,-117.60906,0.3310845618082358
16284,1134,33.824,-116.55,-1.8943669974355752
16285,1134,34.09181,-117.80709,0.0035069664652082
16286,1134,33.63,-116.8478,0.2869927978491681
16287,1134,33.74346,-118.40412,0.7279477295266661
16288,1134,33.97327,-117.32674,-0.0325300414625011
16289,1134,33.99351,-117.37545,-1.310622174222572
16290,1134,33.183,-115.623,-1.5956513673724422
16291,1134,33.2801,-115.98585,-0.3267183231643209
16293,1134,34.232,-117.235,-0.6049849887916806
16294,1134,33.553,-117.662,0.7590695280923955
16295,1134,32.784,-117.13805,0.6816906655722951
16299,1134,33.834,-116.797,-0.5277880646644798
16300,1134,34.05933,-118.64614,0.1918008301497424
16301,1134,33.829,-117.789,1.019870180384406
16302,1134,33.664,-117.769,0.8283852484136384
16303,1134,34.106,-117.098,0.6486426999125426
16304,1134,32.94508,-115.79988,-1.1600392055396784
16305,1134,34.38203,-117.67822,1.338918063743905
16307,1134,34.48364,-118.11783,-0.6445052971900627
16308,1134,34.56065,-117.3296,-0.11082633108285
16309,1134,32.75904,-115.73161,0.4522403186963139
16310,1134,34.00948,-117.95077,1.2247185718433715
16312,1135,34.68708,-118.29946,0.0015551679021479
16313,1135,35.1269,-118.83009,-0.834560655348439
16314,1135,34.2623,-116.92075,0.5036434292944144
16315,1135,34.23883,-117.65853,-0.0537750039803253
16316,1135,34.68224,-118.57398,0.4866271079529015
16318,1135,35.30819,-119.84583,-0.6057304191869011
16319,1135,36.5504,-117.80295,-0.4561186485358736
16321,1135,33.4019,-118.41502,-0.5482188973530119
16323,1135,34.25353,-118.33383,0.3168039670561578
16324,1135,33.65,-117.009,-1.2404060853341738
16325,1135,34.10618,-118.45505,-0.0301421019563772
16326,1135,33.567,-116.631,1.1297756390832268
16328,1135,34.72832,-119.98803,-0.7667093097475192
16329,1135,33.71264,-118.29381,0.2106565650327455
16331,1135,35.66278,-118.47403,-1.0456019920691255
16332,1135,33.86889,-118.33143,0.3466013280876233
16333,1135,34.73551,-120.27996,-0.2104905528278388
16334,1135,34.9906,-118.34156,-1.0060003822821688
16335,1135,34.30529,-118.48805,1.5381820156890558
16336,1135,34.10819,-119.06587,-1.950873299885682
16337,1135,34.80762,-118.86775,0.4035041135904539
16338,1135,34.93439,-117.69629,-1.4354256181038003
16339,1135,34.3656,-117.36683,0.1490655672014432
16341,1135,34.28085,-118.9049,0.6491961861033622
16342,1135,34.81258,-119.1453,0.5905182140134166
16343,1135,34.88848,-119.81362,0.5728154165386904
16345,1135,34.53412,-120.17737,0.287732789051544
16346,1135,33.94539,-117.92372,0.2627315685854658
16347,1135,34.6145,-118.7235,-0.6078124125154073
16348,1135,34.44199,-118.58215,0.2139677214031158
16349,1135,34.1207,-117.63808,1.1168330704933478
16351,1135,35.945,-120.542,-0.3642440273878638
16352,1135,34.09181,-117.80709,0.8074680039024511
16353,1135,34.39558,-118.49837,0.8225408517477093
16354,1135,36.30523,-119.24384,-1.1451995603631453
16355,1135,34.281,-118.478,0.1087407374472328
16356,1135,34.10473,-117.97956,0.4830457927121217
16357,1135,33.74346,-118.40412,1.4171986747281624
16358,1135,34.05073,-118.08085,0.1608939420006661
16359,1135,33.99351,-117.37545,-1.828920274234572
16361,1135,34.44076,-119.71492,0.6176703219826466
16362,1135,33.99543,-119.6351,0.1287441365586654
16363,1135,34.43692,-119.1375,-0.3928076352057404
16364,1135,34.293,-119.1646,-1.1080751271043014
16365,1135,35.3142,-119.99581,-0.0565641955666303
16366,1135,34.05933,-118.64614,0.407521807932766
16368,1135,33.829,-117.789,0.1315589264731956
16369,1135,34.30302,-119.18676,-0.8263926865678186
16370,1135,34.106,-117.098,-0.1092346236406602
16371,1135,34.52775,-119.97834,0.9483679687000804
16372,1135,34.38203,-117.67822,1.3924921504817516
16374,1135,35.14592,-119.41946,-0.0323932378148409
16375,1135,34.48364,-118.11783,-0.3189667960519842
16377,1135,35.53664,-118.14035,-0.4541120953471375
16378,1135,34.51085,-119.27407,-1.207393120222663
16379,1135,34.00948,-117.95077,1.5207060820917435
16380,1135,34.1717,-118.64971,-0.0033660503043596
16397,1137,37.27117,-121.98617,-1.3254912731810662
16398,1137,37.67928,-122.48405,0.3879867528860563
16399,1137,38.03445,-122.27016,0.1670640297021
16400,1137,37.86059,-122.29327,0.8756366854328547
16401,1137,37.85835,-122.25252,-0.4027135066866776
16402,1137,37.87622,-122.23558,0.3330064673635769
16403,1137,37.91881,-122.15176,0.4322758081859002
16404,1137,37.87352,-122.26099,-0.9447611507757168
16406,1137,37.85727,-122.42266,0.2000906670473475
16407,1137,37.45035,-121.80037,-0.6994075552647664
16408,1137,37.74766,-121.70843,1.31511581079084
16409,1137,37.7294,-121.83346,0.1770877537287724
16410,1137,37.85884,-121.99264,1.4989061792562013
16411,1137,37.91233,-121.90716,-0.413135211035498
16412,1137,38.02691,-122.01599,0.1885744674919768
16413,1137,37.17217,-122.01121,0.3319095399934602
16415,1137,37.21427,-122.17168,1.032475481558922
16418,1137,37.2708,-122.21276,0.5009390802489297
16419,1137,37.19855,-122.34671,-0.223265852626595
16420,1137,37.40372,-122.17596,-1.4235612950298788
16423,1137,38.33656,-122.81082,0.7563032403944572
16424,1137,38.28043,-122.21582,-0.1711270050376575
16426,1137,38.6694,-122.6332,1.4134039525554758
20400,1137,38.03455,-120.38651,-2.1875564512009924
20401,1137,37.69782,-123.0011,-0.97058266096874
20402,1137,38.99349,-123.07234,-1.6785946335176969
20403,1137,37.34164,-121.64257,-0.7168691783403737
20404,1137,38.87874,-122.44277,0.0737027260388935
20405,1137,37.008,-121.287,0.5728465067144688
20406,1137,37.91608,-122.33607,-1.0803991850480197
20407,1137,36.76403,-121.44722,-0.5333114792059562
20408,1137,37.81647,-122.06302,0.5868702431989727
20409,1137,37.94906,-122.40851,-0.1920946913248521
20410,1137,37.72416,-122.11929,0.7419470869050042
20411,1137,37.80787,-122.3618,1.3153875323938162
20413,1137,37.51704,-122.37731,-0.8034913297732144
20414,1137,37.67433,-122.39855,-1.0255068497575366
20415,1137,37.16067,-121.89899,1.4561134012695602
20416,1137,38.12282,-122.14921,1.465257257706715
20417,1137,37.76021,-122.41524,-0.6109081589804438
20418,1137,37.77737,-122.39689,-1.141327091847808
20419,1137,37.75094,-122.49072,-1.081242539140508
20420,1137,37.76386,-122.4736,1.123183878372725
20421,1137,37.762,-122.505,0.8861644386569154
20422,1137,37.54187,-122.30471,-0.4418429171231348
20423,1137,37.74664,-122.38679,1.5932044896660964
20424,1137,37.376,-121.84367,-0.2986991959082946
20425,1137,37.45098,-122.4287,-0.6857075636714031
20426,1137,37.59268,-122.07449,0.1024684962895168
20427,1137,37.71737,-121.72701,0.3809233342465257
20428,1137,37.91056,-122.53778,0.2407250556487751
20429,1137,37.88767,-122.29916,-1.3942055353625635
20430,1137,37.74484,-122.40134,0.3703169815501929
20431,1137,37.77934,-122.486,0.65441448508907
20432,1137,37.81076,-122.29252,0.2396925440999412
20433,1137,37.8251,-122.27606,0.5072261350016426
20434,1137,37.7986,-122.2684,-0.1132510511062141
20435,1137,37.41395,-121.87085,0.3698405468912089
20436,1137,37.6806,-121.92098,-0.0531047489278955
20437,1137,37.34305,-122.33976,-0.0318714750790194
20438,1137,37.15432,-121.73467,-0.6401647567402012
20439,1137,37.58225,-122.42006,-0.8550557664021519
20440,1137,37.28397,-122.05017,-1.149540805840834
20441,1137,37.65909,-118.97907,0.3606238923784007
20442,1137,38.43951,-122.25272,1.224296172611127
20443,1137,38.46769,-122.89651,-0.0924866335165758
20444,1137,38.15486,-121.80438,-0.1268150747482149
20445,1137,38.04248,-122.79684,0.8076290321666786
16429,1138,37.54187,-122.30471,0.2315029899962562
16430,1138,37.30143,-121.9039,-1.6684370254980303
16431,1138,37.68,-121.739,0.8182045815190916
16432,1138,37.34655,-121.80774,-0.0040660903001214
16434,1138,37.67928,-122.48405,1.0549084740169807
16435,1138,37.91056,-122.53778,-0.0616746966226396
16436,1138,38.03445,-122.27016,-0.3666270930882892
16437,1138,37.71633,-122.43117,-0.9683744851366124
16438,1138,37.7986,-122.2684,-0.0248559664654923
16439,1138,37.6806,-121.92098,-0.154998619162223
16440,1138,37.86059,-122.29327,0.4353331154053177
16441,1138,37.85835,-122.25252,-0.4737498163877148
16442,1138,37.68873,-121.78351,0.2521756067835173
16443,1138,37.72688,-122.15092,-0.351607868173477
16444,1138,37.8852,-122.03217,-0.544275983725734
16445,1138,37.94215,-121.93047,-0.2425587612175548
16446,1138,38.01299,-122.13416,1.607937418268948
16447,1138,37.66666,-121.85715,-0.3336471172190335
16448,1138,37.95397,-121.86554,1.2980060314547266
16449,1138,37.91881,-122.15176,-0.5840184605164465
16450,1138,37.87352,-122.26099,-0.8256349370356658
16453,1138,37.45035,-121.80037,-0.7322618564607317
16454,1138,37.74766,-121.70843,1.0032974031229802
16455,1138,37.7294,-121.83346,0.3006874978891917
16456,1138,37.73786,-122.06486,0.6223019642544297
16457,1138,37.81041,-121.80272,0.0727160818701501
16458,1138,37.9889,-122.2156,1.817842586846938
16460,1138,37.85884,-121.99264,2.3611057309844763
16461,1138,37.91233,-121.90716,1.1304918738515142
16462,1138,38.02691,-122.01599,0.9032045674400808
16463,1138,37.62359,-121.83641,0.4136197757754163
16464,1138,38.34526,-122.4584,-0.2085661906753833
16465,1138,37.80787,-122.3618,-0.7291246270737536
16466,1138,37.69782,-123.0011,-0.8570541638123241
16467,1138,36.3887,-121.5514,-0.6666390452744352
16468,1138,37.34305,-122.33976,0.0878540436159545
16473,1138,37.21427,-122.17168,0.332959955411602
16476,1138,37.63719,-122.47482,0.1317027641813397
16477,1138,37.2708,-122.21276,0.1892853306926422
16478,1138,37.79499,-122.4746,0.3777710701023491
16479,1138,37.19855,-122.34671,-0.0017435261907294
16481,1138,37.40372,-122.17596,-1.404669319993643
16484,1138,38.14478,-122.88018,0.933261101957982
16485,1138,37.34164,-121.64257,-0.2547560042474646
16486,1138,38.87874,-122.44277,-0.2844469164253335
16487,1138,38.43951,-122.25272,1.6339687170170123
16489,1138,38.26021,-122.55179,0.6287069519797435
16492,1138,38.33656,-122.81082,1.4095502332312593
16494,1138,38.28043,-122.21582,0.0055776300936613
16497,1138,38.12282,-122.14921,1.405572256904008
16498,1138,38.07601,-122.2585,1.4507176270147015
16499,1138,38.04248,-122.79684,0.8887083828029405
16501,1138,37.92371,-122.59649,-0.5884690655966975
16502,1138,38.14361,-122.44969,1.0257266434028045
16505,1138,37.91608,-122.33607,-0.7944347860006887
16506,1138,37.28744,-121.86422,-0.7798557966171747
16507,1138,37.62211,-121.75697,-0.2839062989306218
21368,1138,38.03455,-120.38651,-1.734495589367612
21369,1138,36.68011,-119.02282,-2.092383679228989
21370,1138,38.99349,-123.07234,-1.1802992413277296
21371,1138,39.55451,-121.50036,-2.893291717689525
21372,1138,37.008,-121.287,0.6212043933987711
21373,1138,35.945,-120.542,-1.2741274389201205
21374,1138,37.81647,-122.06302,0.8589699008490391
21375,1138,37.72416,-122.11929,0.6181711678553684
21376,1138,37.51704,-122.37731,-0.1091618713865234
21377,1138,37.67433,-122.39855,0.2084242601511851
21378,1138,38.233,-122.636,0.1861097661298268
21379,1138,37.76021,-122.41524,-0.5946000820727326
21380,1138,37.76386,-122.4736,0.1215566336314802
21381,1138,37.762,-122.505,-0.0558077153983055
21382,1138,37.4748,-122.2392,-2.368278641085903
21383,1138,37.26352,-121.91617,-1.3531580430100452
21384,1138,37.31816,-121.94354,-1.2156653268860542
21385,1138,37.59094,-122.36741,0.1402075284243734
21386,1138,37.74664,-122.38679,1.02161933800628
21387,1138,37.376,-121.84367,-0.145699291892368
21388,1138,37.59268,-122.07449,-0.8670895457499604
21389,1138,37.71737,-121.72701,0.6824918259047938
21390,1138,37.74484,-122.40134,1.0779837830254697
21391,1138,37.81076,-122.29252,-0.4632552558332785
21392,1138,37.8251,-122.27606,0.4439664633659249
21393,1138,37.41395,-121.87085,0.3184304711251029
21394,1138,38.29027,-122.46125,-0.0220812471631074
21395,1138,37.37289,-121.76887,-0.4438339519495379
21397,1138,38.15486,-121.80438,-0.6382794958277509
21398,1138,38.20025,-122.4644,1.3407116233857563
16508,1139,34.68708,-118.29946,-0.4713028954057714
16509,1139,35.1269,-118.83009,-0.5039724029697119
16510,1139,33.921,-116.981,-0.3698652492631009
16512,1139,33.268,-116.417,-0.6874165581664503
16513,1139,34.68224,-118.57398,0.8567701685072289
16514,1139,33.38822,-117.19495,1.015998471706019
16515,1139,35.52495,-117.36453,1.9753429818144936
16517,1139,33.999,-117.68,-0.2368255573877987
16518,1139,33.4019,-118.41502,0.2423922103599017
16519,1139,34.093,-117.317,0.8802140998320458
16520,1139,33.876,-117.561,-0.4232191962928662
16521,1139,33.655,-115.99,-0.164715513117229
16522,1139,34.25353,-118.33383,0.0244277468434753
16523,1139,33.65,-117.009,-0.4921442455328656
16524,1139,34.10618,-118.45505,-0.8298437847586086
16525,1139,33.567,-116.631,0.0985462748932527
16526,1139,32.999,-116.942,-0.7557444258810289
16529,1139,33.71264,-118.29381,-0.2311334600038093
16530,1139,34.1,-117.439,0.4297089345682011
16531,1139,33.1537,-117.22921,-0.8605427001926059
16532,1139,35.30177,-116.80574,1.226264151823232
16533,1139,34.8294,-116.335,0.6273077833282777
16534,1139,33.0859,-116.5959,-0.3197924554474762
16535,1139,34.36622,-116.61266,-0.6754489470915238
16536,1139,34.9906,-118.34156,-1.3835544012046572
16537,1139,34.80762,-118.86775,0.574316584166042
16538,1139,33.684,-117.943,0.1529598983503684
16539,1139,35.47954,-117.68212,-0.0596879211372111
16540,1139,34.3656,-117.36683,-0.0886183132050832
16541,1139,34.005,-117.562,0.04656041129969
16542,1139,33.6,-117.195,1.7487373472068135
16543,1139,34.22362,-118.05832,-0.1818512117999526
16544,1139,33.94539,-117.92372,0.4553475331634956
16545,1139,34.1484,-118.1711,-1.7646756908935022
16546,1139,34.1207,-117.63808,-0.0732863094370365
16547,1139,33.862,-117.205,-1.171397171904789
16549,1139,33.354,-116.863,-0.8351433470392461
16550,1139,33.7953,-117.60906,1.660799526147341
16551,1139,34.09181,-117.80709,0.3242491230403497
16552,1139,33.63,-116.8478,-0.1560002186934984
16553,1139,33.74346,-118.40412,0.9058526906267196
16554,1139,34.87533,-116.99684,0.8128727579608537
16555,1139,33.973,-117.327,-0.4089763609843008
16556,1139,33.97327,-117.32674,-0.5424827461358966
16557,1139,33.99351,-117.37545,-0.9504932732543668
16559,1139,33.553,-117.662,0.6407178677764179
16561,1139,35.89095,-117.28332,0.7998200825151761
16562,1139,33.834,-116.797,-0.8750588624795986
16563,1139,33.829,-117.789,0.2406176345741128
16564,1139,33.664,-117.769,-0.6762136008142535
16565,1139,34.38203,-117.67822,1.4346311405571446
16567,1139,34.48364,-118.11783,-1.2092460886431295
16569,1140,34.037,-118.178,1.4080179403172477
16570,1140,34.04905,-116.94032,-2.564112981352082
16571,1140,34.55046,-117.43391,-0.0591847331216425
16575,1140,34.2623,-116.92075,0.792460734766286
16576,1140,33.921,-116.981,0.0424691466734111
16578,1140,34.23883,-117.65853,-1.4050915802839024
16579,1140,34.069,-116.39,-0.7358939015813825
16581,1140,33.80776,-117.98116,-0.1722240356570308
16582,1140,34.68224,-118.57398,0.9396113567007224
16583,1140,33.38822,-117.19495,0.7916987347548017
16584,1140,35.52495,-117.36453,0.7579003107310326
16586,1140,33.999,-117.68,-0.0862122246028146
16587,1140,33.4019,-118.41502,0.1697509443339163
16589,1140,34.093,-117.317,0.0626713478618376
16590,1140,33.876,-117.561,0.0845868569064904
16591,1140,34.25353,-118.33383,1.5715083098301297
16592,1140,33.93597,-116.57794,-0.7054123890114907
16593,1140,33.65,-117.009,0.3323269633403887
16594,1140,34.10618,-118.45505,-1.044169863056476
16595,1140,33.567,-116.631,1.3629032435565835
16596,1140,32.999,-116.942,0.4529004650250152
16597,1140,32.65915,-116.10061,0.6050005802149809
16600,1140,33.71264,-118.29381,-0.8673711046035293
16601,1140,34.1,-117.439,-0.3106532986365155
16602,1140,33.8717,-117.92251,0.2433338886962601
16603,1140,33.1537,-117.22921,-0.7376811134283888
16604,1140,35.66278,-118.47403,-0.7036803605732531
16605,1140,33.0859,-116.5959,-0.8340287743385296
16606,1140,34.36622,-116.61266,0.6534316017558542
16608,1140,33.798,-118.08837,0.7590774582047455
16609,1140,35.13066,-115.18416,0.47493481098866
16611,1140,34.80762,-118.86775,1.3045661954429817
16612,1140,33.684,-117.943,-0.3674582563409411
16613,1140,34.93439,-117.69629,-6.663719257939446
16614,1140,35.47954,-117.68212,-0.273262696838866
16615,1140,34.3656,-117.36683,-0.8826642895659063
16616,1140,33.3516,-116.5615,1.4884279493996997
16618,1140,33.818,-116.369,-0.2728208955281971
16621,1140,33.6,-117.195,2.140586701510037
16623,1140,33.94539,-117.92372,1.2138256507828695
16625,1140,34.1484,-118.1711,-0.7687155108065005
16626,1140,34.1207,-117.63808,-0.0770397854831692
16627,1140,33.862,-117.205,-0.0859498246478128
16629,1140,33.354,-116.863,-0.1579248559924197
16630,1140,33.7953,-117.60906,0.8406831211171308
16632,1140,33.824,-116.55,-1.659832991189884
16633,1140,34.09181,-117.80709,-0.0299864289868624
16634,1140,33.63,-116.8478,0.1327718117608313
16635,1140,34.281,-118.478,1.228222839410663
16636,1140,33.74346,-118.40412,0.9591907790452552
16637,1140,34.87533,-116.99684,0.6790505186090744
16638,1140,34.05073,-118.08085,-0.518980229160659
16639,1140,33.99351,-117.37545,-0.7453234144618396
16641,1140,34.232,-117.235,-0.1303719523071481
16642,1140,32.915,-118.4879,-0.4669995777011617
16643,1140,33.553,-117.662,0.5043073186581514
16645,1140,33.834,-116.797,-0.0497561679886428
16646,1140,34.01438,-118.45617,-0.3160367357250954
16647,1140,32.841,-117.248,0.8318038902444844
16648,1140,34.05933,-118.64614,0.6665226406079965
16650,1140,33.829,-117.789,-0.762322642594737
16651,1140,34.30302,-119.18676,-0.0378814254312131
16652,1140,33.664,-117.769,-1.5230011446153386
16653,1140,34.106,-117.098,0.4329485716045295
16654,1140,34.38203,-117.67822,-0.0678495405456743
16656,1140,34.15607,-118.82039,-0.5762067444679845
16658,1140,34.48364,-118.11783,0.3529441555207952
16659,1140,35.53664,-118.14035,0.3900922221461385
16660,1140,34.00948,-117.95077,0.6722602550611416
16806,1145,34.55046,-117.43391,0.8655507759660347
16807,1145,33.63838,-116.4011,-0.4705397239256155
16808,1145,32.68005,-116.67215,-1.0798182929036175
16809,1145,34.2623,-116.92075,-0.8320361220160593
16810,1145,33.921,-116.981,0.3404592706391338
16812,1145,34.23883,-117.65853,-2.1136411729057736
16813,1145,34.069,-116.39,0.8704918993182557
16814,1145,33.268,-116.417,-1.1448556776592973
16815,1145,33.38822,-117.19495,-0.2699690298069425
16817,1145,33.655,-115.99,0.9950941381031668
16818,1145,33.93597,-116.57794,0.9736386680664142
16820,1145,33.567,-116.631,-0.6917965382446294
16822,1145,33.1537,-117.22921,-0.4018438117543897
16823,1145,35.30177,-116.80574,0.4774734125272967
16824,1145,34.8294,-116.335,0.8026865657284352
16826,1145,34.9906,-118.34156,0.531363655991418
16827,1145,34.93439,-117.69629,0.8894017084854257
16828,1145,35.47954,-117.68212,0.0609361692146931
16829,1145,34.3656,-117.36683,-0.0462943158899577
16831,1145,34.22362,-118.05832,-0.0057968787634232
16832,1145,34.78035,-116.55798,0.8009303622639755
16833,1145,33.94539,-117.92372,0.4908730792893858
16834,1145,34.6145,-118.7235,0.1300885360338091
16835,1145,34.1484,-118.1711,-0.8412822444002671
16836,1145,34.1207,-117.63808,-1.563013041717776
16837,1145,33.862,-117.205,0.4085119115383006
16839,1145,33.354,-116.863,-0.901776613391482
16840,1145,33.7953,-117.60906,0.4955544923864687
16841,1145,33.63,-116.8478,-0.924716552722952
16842,1145,34.87533,-116.99684,-0.1912316206519295
16843,1145,33.97327,-117.32674,0.5879093323189434
16844,1145,33.99351,-117.37545,-1.1961266196924711
16845,1145,33.2801,-115.98585,0.8463079088809059
16846,1145,34.232,-117.235,-0.2390259188732043
16847,1145,33.553,-117.662,0.7275920489089761
16849,1145,35.89095,-117.28332,0.3455612702658441
16850,1145,33.834,-116.797,-0.6138770182701971
16851,1145,33.829,-117.789,0.5514955774270099
16852,1145,32.94508,-115.79988,-0.2424561220692944
16853,1145,34.38203,-117.67822,1.1503542870547343
16856,1145,35.53664,-118.14035,0.2421135910398801
16858,1146,34.55046,-117.43391,-0.0943818297068243
16859,1146,34.68708,-118.29946,-0.6904720473748368
16860,1146,35.1269,-118.83009,0.7355482264754496
16861,1146,32.68005,-116.67215,0.1530331482470864
16862,1146,34.2623,-116.92075,0.5446319526614102
16864,1146,34.069,-116.39,-0.2205847555437535
16865,1146,34.68224,-118.57398,0.185698755330007
16866,1146,33.38822,-117.19495,0.5094855099520887
16868,1146,33.999,-117.68,-0.5707235900030608
16869,1146,33.4019,-118.41502,0.7064856571931619
16871,1146,34.25353,-118.33383,-0.5199896263169986
16872,1146,33.65,-117.009,-0.7270214736314534
16873,1146,34.10618,-118.45505,-1.0603932834607437
16874,1146,33.567,-116.631,1.4109163002518688
16877,1146,33.71264,-118.29381,0.563488678801337
16878,1146,33.1537,-117.22921,-0.8367938782297015
16879,1146,35.30177,-116.80574,0.4826092086452109
16880,1146,34.8294,-116.335,1.0091947908482457
16882,1146,35.66278,-118.47403,-0.9988730552005048
16883,1146,34.36622,-116.61266,-0.3751037269725831
16884,1146,35.13066,-115.18416,1.0739093570938067
16885,1146,34.9906,-118.34156,0.7816376162756813
16886,1146,34.80762,-118.86775,0.281344783921083
16887,1146,34.93439,-117.69629,-7.285485287042788
16888,1146,35.47954,-117.68212,-0.9455800541602636
16889,1146,34.3656,-117.36683,0.2474816079576478
16891,1146,34.005,-117.562,0.0074842591340227
16892,1146,33.808,-116.968,0.7781777318318617
16893,1146,33.6,-117.195,1.3848457102236047
16894,1146,34.22362,-118.05832,-0.3802427755372832
16895,1146,34.78035,-116.55798,0.7215299554768656
16896,1146,33.94539,-117.92372,0.709768518908409
16897,1146,34.6145,-118.7235,-0.1545512753515313
16898,1146,34.1207,-117.63808,-0.5133149011129912
16899,1146,33.862,-117.205,-0.6807499911405033
16901,1146,33.354,-116.863,0.768892279290363
16902,1146,33.7953,-117.60906,-0.0322376137460614
16904,1146,34.09181,-117.80709,0.5296287060846099
16905,1146,33.63,-116.8478,-0.2215204313943361
16906,1146,33.74346,-118.40412,1.067567063551813
16907,1146,34.87533,-116.99684,0.5705362236370144
16908,1146,33.97327,-117.32674,0.1354222353588026
16909,1146,34.05073,-118.08085,0.1163136875635246
16910,1146,33.99351,-117.37545,-0.7025348797681981
16912,1146,34.232,-117.235,-0.016231976625616
16914,1146,35.89095,-117.28332,-0.364413879302543
16915,1146,33.834,-116.797,-0.580225909545907
16916,1146,34.05933,-118.64614,0.6742210328576723
16917,1146,33.829,-117.789,-0.3363502434354579
16919,1146,33.664,-117.769,-1.696479311161371
16920,1146,34.106,-117.098,0.2162472038554498
16921,1146,34.38203,-117.67822,0.7545428152322761
16924,1146,34.48364,-118.11783,-0.3913790535566249
16925,1146,34.56065,-117.3296,0.0437888708182608
16926,1146,35.53664,-118.14035,0.3853117733394043
16927,1146,34.00948,-117.95077,1.4401999573068112
17064,1151,33.63838,-116.4011,-1.468438502855548
17065,1151,32.68005,-116.67215,-1.4643892984591294
17066,1151,34.2623,-116.92075,0.5686122144424133
17067,1151,33.921,-116.981,-0.1645742846461872
17070,1151,34.069,-116.39,-0.6771293544688455
17072,1151,35.52495,-117.36453,0.7678525432655487
17074,1151,33.655,-115.99,0.9651360007830284
17075,1151,34.63745,-115.38115,0.1103697476044708
17076,1151,33.93597,-116.57794,-0.4886842463979726
17077,1151,33.65,-117.009,-1.5100776589961915
17078,1151,34.10618,-118.45505,-0.3548351903769221
17079,1151,33.567,-116.631,-0.1709984629451395
17080,1151,33.051,-114.827,1.9441720193035368
17081,1151,33.1537,-117.22921,-1.9648738335096327
17082,1151,35.30177,-116.80574,0.7327632563264074
17083,1151,34.8294,-116.335,1.1439551483166546
17085,1151,33.0859,-116.5959,-0.9312109601058924
17086,1151,34.36622,-116.61266,0.445409543760222
17087,1151,35.13066,-115.18416,-0.3430080758335984
17088,1151,34.9906,-118.34156,-0.146267128024279
17089,1151,34.93439,-117.69629,-0.2015008763966529
17090,1151,34.3656,-117.36683,-0.7632326431694475
17092,1151,33.818,-116.369,0.989717494298654
17093,1151,36.05799,-117.48901,-0.7179713255323219
17095,1151,34.78035,-116.55798,0.5776820023343537
17096,1151,33.94539,-117.92372,0.6745574234827297
17097,1151,34.6145,-118.7235,-0.3124525743065168
17098,1151,34.1484,-118.1711,0.0745642215575103
17099,1151,33.82436,-116.51195,0.8943280939499165
17100,1151,34.87533,-116.99684,0.7984129604965353
17101,1151,33.99351,-117.37545,-1.4206024251084184
17102,1151,33.553,-117.662,0.9887077897380756
17104,1151,35.89095,-117.28332,0.8207341824901218
17105,1151,33.834,-116.797,-0.6077752189869563
17106,1151,34.05933,-118.64614,0.0836323732173606
17107,1151,33.664,-117.769,0.5286240918189532
17108,1151,34.106,-117.098,-0.260051141615864
17109,1151,34.38203,-117.67822,1.108788783020929
17111,1151,33.63495,-116.16402,0.1383261482569031
17113,1151,34.48364,-118.11783,-0.5526974823344284
17114,1151,34.56065,-117.3296,-0.6356082121469232
17115,1151,34.00948,-117.95077,0.8034746538511984
17116,1152,34.55046,-117.43391,0.06271241435132
17117,1152,34.68708,-118.29946,-0.5091932353988544
17118,1152,34.2623,-116.92075,0.3481582665276821
17120,1152,34.23883,-117.65853,0.2426534807168999
17121,1152,34.069,-116.39,-0.191515087881541
17122,1152,33.80776,-117.98116,0.4648492377048955
17123,1152,34.68224,-118.57398,0.5108285816463061
17125,1152,33.38822,-117.19495,1.091137362067325
17126,1152,35.52495,-117.36453,-0.0549196428438377
17128,1152,33.999,-117.68,-1.9784752535347727
17129,1152,33.4019,-118.41502,0.2078154892970126
17130,1152,33.876,-117.561,-0.6607442111710298
17131,1152,33.655,-115.99,0.4816868182816478
17132,1152,33.93597,-116.57794,-0.9569216019985046
17133,1152,33.65,-117.009,-0.4409281215629925
17134,1152,34.10618,-118.45505,-1.410616619206964
17135,1152,33.84822,-118.09624,0.4943987727285384
17136,1152,33.567,-116.631,1.798558742272797
17137,1152,32.999,-116.942,0.3142748742331983
17138,1152,34.88303,-117.99106,-1.0122486595140865
17140,1152,33.71264,-118.29381,-0.4948274854748248
17141,1152,34.1,-117.439,-0.3239024949421881
17142,1152,33.8717,-117.92251,0.547649456523491
17143,1152,33.1537,-117.22921,0.0517285741209873
17144,1152,34.13677,-118.1283,1.5129889260342109
17145,1152,35.30177,-116.80574,0.4358795595069613
17146,1152,34.8294,-116.335,1.6422113039510813
17147,1152,34.31076,-118.49675,1.1072909430806015
17148,1152,33.0859,-116.5959,0.2499122144465405
17149,1152,34.36622,-116.61266,1.3708430112928025
17150,1152,34.15037,-118.10156,-0.1091381964151253
17151,1152,33.597,-117.879,-1.9471274261613725
17152,1152,33.86889,-118.33143,-0.0344877309964214
17153,1152,34.9906,-118.34156,-0.3810298985715107
17154,1152,34.30529,-118.48805,0.2319052246863747
17155,1152,33.9753,-118.14918,-1.3467475375878637
17156,1152,34.80762,-118.86775,1.0364903282781608
17157,1152,33.684,-117.943,0.0771476334916721
17158,1152,34.93439,-117.69629,-0.0480553714770114
17160,1152,33.881,-118.176,0.5884430555445546
17161,1152,34.3656,-117.36683,-0.816398071953422
17162,1152,33.3516,-116.5615,1.3033594560412027
17164,1152,34.28085,-118.9049,0.5454415653349606
17165,1152,34.88848,-119.81362,0.3838439194937298
17166,1152,33.808,-116.968,1.3317010172948356
17167,1152,34.22362,-118.05832,1.043950355073998
17168,1152,33.94539,-117.92372,0.5645381475789898
17169,1152,32.608,-116.93,0.4690241351276499
17170,1152,34.6145,-118.7235,-0.1110556126111166
17171,1152,34.1484,-118.1711,0.2298857967495755
17172,1152,34.44199,-118.58215,0.1995473492446189
17173,1152,33.96273,-118.43702,0.2576177555969797
17174,1152,34.1207,-117.63808,-0.4280923165832107
17175,1152,33.862,-117.205,-1.1844329301906438
17176,1152,33.7953,-117.60906,-0.0754713323718367
17177,1152,34.281,-118.478,0.2919148248915564
17178,1152,34.10473,-117.97956,-0.2940738220643007
17179,1152,33.74346,-118.40412,-0.666605540316899
17180,1152,34.87533,-116.99684,1.15448119560258
17181,1152,33.973,-117.327,-0.3884802144150752
17182,1152,33.97327,-117.32674,-0.4801532363212713
17183,1152,34.05073,-118.08085,-0.6735005480866748
17184,1152,33.99351,-117.37545,-1.9489642573584345
17185,1152,33.2801,-115.98585,0.2709217444519425
17186,1152,34.232,-117.235,-0.5317442886709042
17187,1152,32.915,-118.4879,-0.3915483047487881
17188,1152,33.553,-117.662,0.2960265866585022
17189,1152,32.784,-117.13805,0.8820777634898388
17191,1152,33.834,-116.797,0.1955828656254139
17192,1152,34.01438,-118.45617,-0.6128600998297732
17193,1152,34.05933,-118.64614,-0.8906391227952023
17194,1152,33.829,-117.789,-0.8866912842426361
17195,1152,33.664,-117.769,-1.754492901173543
17196,1152,34.106,-117.098,-0.0725037468012001
17197,1152,34.38203,-117.67822,-0.2437707930402436
17199,1152,33.63495,-116.16402,-0.1027092600671957
17200,1152,34.01919,-118.28631,-0.7680928635084151
17201,1152,34.48364,-118.11783,0.2023682814738904
17202,1152,34.56065,-117.3296,-0.7943798326152807
17203,1152,35.53664,-118.14035,-0.0592862202663687
17204,1152,34.00948,-117.95077,-0.2765321958628451
17205,1152,34.1717,-118.64971,0.5990036372119024
17206,1152,33.94869,-118.25547,1.060387491104429
17233,1154,34.55046,-117.43391,0.3293342442186809
17235,1154,34.2623,-116.92075,0.5060751571682497
17236,1154,33.921,-116.981,0.2955473035943051
17238,1154,34.069,-116.39,-0.6861848433375302
17240,1154,33.38822,-117.19495,-0.5325751451019212
17243,1154,34.093,-117.317,1.0708468837988254
17244,1154,33.655,-115.99,0.785015456544372
17245,1154,34.63745,-115.38115,0.8314741830867061
17246,1154,34.25353,-118.33383,0.1248146696923621
17247,1154,33.93597,-116.57794,0.7758367844693602
17248,1154,33.65,-117.009,-1.0212554708812125
17249,1154,33.567,-116.631,-0.346894682849196
17254,1154,33.11675,-115.82267,-0.3659577771191105
17255,1154,33.1537,-117.22921,-0.9668785048550098
17256,1154,34.8294,-116.335,0.8110272310016784
17259,1154,35.98249,-117.80885,0.3516870241855063
17260,1154,34.36622,-116.61266,0.3543864079753259
17261,1154,33.7141,-116.7119,-1.3151666215358528
17262,1154,35.13066,-115.18416,1.282950299045661
17263,1154,34.9906,-118.34156,0.0889257942742256
17264,1154,33.684,-117.943,-0.3271805776138112
17265,1154,34.93439,-117.69629,-7.275349718797337
17266,1154,34.3656,-117.36683,-1.426221260111766
17267,1154,33.3516,-116.5615,-0.3089212337526099
17269,1154,33.818,-116.369,1.1161934381080236
17270,1154,33.808,-116.968,-0.2508234957016638
17272,1154,33.6,-117.195,0.7742942219989816
17273,1154,34.22362,-118.05832,0.4360172486222141
17276,1154,34.6145,-118.7235,-0.230485428011148
17277,1154,34.1207,-117.63808,-0.9730835717102352
17278,1154,33.862,-117.205,0.3587626334858831
17280,1154,33.354,-116.863,-0.930292687096691
17281,1154,33.7953,-117.60906,1.6503219569795702
17283,1154,33.824,-116.55,-1.853149724761215
17284,1154,34.09181,-117.80709,-0.1266339285940141
17286,1154,34.87533,-116.99684,0.496169431229851
17287,1154,33.973,-117.327,0.8728751734073821
17288,1154,33.97327,-117.32674,0.8526746118246118
17289,1154,33.99351,-117.37545,-0.266334680161477
17290,1154,33.2801,-115.98585,1.115979658321464
17292,1154,34.232,-117.235,-0.0405852245561714
17293,1154,33.553,-117.662,0.6204093884523135
17294,1154,33.834,-116.797,-0.6301726475704937
17295,1154,34.01438,-118.45617,0.6993588356155901
17296,1154,33.829,-117.789,0.2547254558484352
17297,1154,33.664,-117.769,-0.3553566975324396
17298,1154,34.106,-117.098,1.3609801669075348
17299,1154,34.38203,-117.67822,-0.5530602162346074
17302,1154,32.75904,-115.73161,-0.6189099162529059
17303,1154,34.00948,-117.95077,1.1694131120049869
17304,1154,34.1717,-118.64971,0.6441421102942642
17308,1156,32.68005,-116.67215,-1.3657126197868077
17309,1156,34.2623,-116.92075,-0.3390810415079172
17310,1156,33.921,-116.981,-0.0796968016778168
17313,1156,34.23883,-117.65853,-1.1788992134702077
17314,1156,34.069,-116.39,-0.7384110149880998
17315,1156,33.268,-116.417,-0.6000471560860714
17316,1156,33.38822,-117.19495,-1.0867679123384315
17318,1156,33.655,-115.99,0.2690592101542131
17319,1156,34.25353,-118.33383,0.594639226637515
17320,1156,33.93597,-116.57794,-0.5888298378248069
17321,1156,33.65,-117.009,-0.2505094016269749
17322,1156,33.567,-116.631,0.3123402143975203
17323,1156,32.999,-116.942,-0.6082212921045477
17325,1156,33.11675,-115.82267,0.4949352177355154
17326,1156,33.1537,-117.22921,-1.1942667379651286
17328,1156,33.0859,-116.5959,-1.3642402509324911
17329,1156,34.36622,-116.61266,-0.0665690803444175
17331,1156,33.818,-116.369,1.1445961371582023
17332,1156,33.6,-117.195,0.4862679352253809
17333,1156,34.22362,-118.05832,0.6312626553270441
17334,1156,34.76759,-114.61881,0.8448595238343224
17335,1156,33.556,-115.946,-0.3585564649854095
17336,1156,33.94539,-117.92372,1.056319210687028
17337,1156,32.608,-116.93,-1.4874370609853809
17338,1156,34.1207,-117.63808,-0.0334794246572572
17341,1156,33.354,-116.863,0.169876466289256
17342,1156,33.7953,-117.60906,1.076452476912832
17344,1156,33.824,-116.55,-1.8615395717652587
17345,1156,34.09181,-117.80709,1.279053185608306
17346,1156,33.63,-116.8478,1.5617248635601713
17347,1156,33.97327,-117.32674,0.9644036205755168
17348,1156,33.99351,-117.37545,-1.0624900422343573
17349,1156,33.183,-115.623,-0.6014367606735574
17350,1156,33.2801,-115.98585,-0.1269892110598302
17351,1156,33.553,-117.662,0.9278096288407228
17353,1156,33.834,-116.797,0.5042147928052821
17354,1156,33.664,-117.769,0.4623332857587527
17355,1156,34.106,-117.098,-0.1720563002808783
17356,1156,32.94508,-115.79988,-0.3137059041279365
17357,1156,34.38203,-117.67822,1.3070052321108376
17444,1160,37.04922,-121.80722,0.3903026671925577
17445,1160,36.92745,-121.82764,0.6615362280831317
17448,1160,37.15432,-121.73467,-0.6573921193108573
17449,1160,37.28744,-121.86422,-0.3727012000524853
21125,1160,37.91881,-122.15176,-0.7202453628438532
21126,1160,37.87352,-122.26099,-0.7224940150265947
21127,1160,38.03455,-120.38651,-0.3286350324521064
21128,1160,36.3887,-121.5514,0.3837267299133748
21129,1160,36.68011,-119.02282,-1.869705004132601
21130,1160,38.14478,-122.88018,0.2237783455323785
21131,1160,37.34164,-121.64257,-0.96107783572634
21132,1160,37.008,-121.287,0.302918306075554
21133,1160,35.945,-120.542,-0.1778141504742676
21134,1160,35.63597,-120.86984,0.7419956911190045
21135,1160,36.76403,-121.44722,0.2749141877786374
21136,1160,37.25898,-121.67311,0.3580081762034326
21137,1160,37.80787,-122.3618,0.9654970737942784
21138,1160,37.12043,-122.1552,-0.7088361832747162
21139,1160,37.16067,-121.89899,1.0283117281046934
21140,1160,37.40701,-122.0946,-0.5867929380990732
21141,1160,37.30249,-121.97978,-0.2683918955070528
21142,1160,37.26748,-121.86656,-1.237088446626713
21143,1160,37.26352,-121.91617,-0.977681465248213
21144,1160,37.30143,-121.9039,-0.981908417722097
21145,1160,37.31816,-121.94354,-0.3124219899151417
21146,1160,37.41702,-121.9154,-0.3607371066928972
21147,1160,37.59094,-122.36741,0.255694546607674
21148,1160,37.40718,-122.00001,-0.8713586773339258
21149,1160,37.39415,-122.06041,-0.7589234493883958
21150,1160,37.376,-121.84367,-0.0091977729353299
21151,1160,37.27117,-121.98617,-1.0887806825856343
21152,1160,37.67928,-122.48405,1.7913023818355445
21153,1160,37.71633,-122.43117,0.3452133805251418
21154,1160,37.37418,-122.0781,-0.5853598287733818
21155,1160,37.23294,-121.77186,-0.9571321465001618
21156,1160,37.28537,-121.93602,-1.3956651002810827
21160,1160,37.85727,-122.42266,0.7364364915436562
21161,1160,37.45035,-121.80037,-1.489293624635368
21162,1160,37.7294,-121.83346,0.5837368102087394
21163,1160,37.37289,-121.76887,0.1265405046267603
21164,1160,37.73786,-122.06486,0.9946162231918836
21165,1160,37.81041,-121.80272,0.6319069407316943
21166,1160,37.85884,-121.99264,1.039212956540882
21167,1160,37.91233,-121.90716,0.1298512587221613
21170,1160,37.31861,-122.15314,-0.9148517807556076
21171,1160,37.17217,-122.01121,0.0810976058426783
21172,1160,37.51604,-122.45815,0.4820549062419853
21173,1160,37.21427,-122.17168,0.3649346229672734
21174,1160,37.63719,-122.47482,0.1368563586929536
21175,1160,37.2708,-122.21276,1.023350224080675
21176,1160,37.79499,-122.4746,1.4311157351353074
21177,1160,37.19855,-122.34671,0.6530386767861788
21178,1160,37.58225,-122.42006,0.7288467200426526
21179,1160,37.40372,-122.17596,-0.5917990269521726
21180,1160,37.58644,-122.50217,-0.3025571147523766
21181,1160,37.6444,-118.89683,2.9806493620257903
21182,1160,37.65909,-118.97907,0.8577213544245507
21183,1160,38.00198,-122.47466,0.4468655836988812
21185,1160,38.33656,-122.81082,0.8724222023534055
21187,1160,37.92371,-122.59649,0.2555001661809642
21189,1160,35.40773,-120.54556,-0.9386652749880452
21191,1160,36.2159,-120.80126,0.4271527951462319
17475,1163,34.55046,-117.43391,1.3554127442378914
17476,1163,32.68005,-116.67215,-1.0549271143894643
17477,1163,34.2623,-116.92075,0.0878359754911706
17478,1163,33.921,-116.981,-0.8245384564868724
17480,1163,34.069,-116.39,-0.7183171288042568
17482,1163,33.268,-116.417,-0.4649606609651787
17483,1163,33.38822,-117.19495,0.5848647106582947
17484,1163,35.52495,-117.36453,0.4315302241835044
17487,1163,33.655,-115.99,-0.0198014211401604
17488,1163,34.25353,-118.33383,0.2232437604902438
17489,1163,33.93597,-116.57794,0.167671956340857
17490,1163,33.65,-117.009,-0.0705399258065016
17491,1163,32.999,-116.942,-1.0486975361816429
17494,1163,33.11675,-115.82267,-0.1314870315111995
17495,1163,33.051,-114.827,0.2967156315600479
17497,1163,33.1537,-117.22921,-1.0977334359783908
17498,1163,35.30177,-116.80574,-0.1956716107359618
17499,1163,34.8294,-116.335,-0.108029429875376
17500,1163,33.0859,-116.5959,-0.750079469349439
17501,1163,34.36622,-116.61266,1.2220552022175275
17502,1163,35.13066,-115.18416,0.4623799380875905
17503,1163,34.9906,-118.34156,-0.7130727833168894
17505,1163,35.47954,-117.68212,-0.6513960059522095
17506,1163,33.3516,-116.5615,-2.0071310129351447
17508,1163,33.818,-116.369,0.0325661139626404
17509,1163,33.808,-116.968,0.2831865739698764
17510,1163,33.6,-117.195,1.4508195127583958
17511,1163,34.22362,-118.05832,0.3859080598046638
17512,1163,33.556,-115.946,-1.0741554766337431
17513,1163,33.94539,-117.92372,0.7222317905319295
17515,1163,33.354,-116.863,-0.440179088694991
17516,1163,33.7953,-117.60906,0.7975052347330791
17518,1163,33.824,-116.55,0.1230485759972405
17519,1163,33.63,-116.8478,0.2239556567500514
17520,1163,34.87533,-116.99684,0.7073632839861479
17522,1163,33.97327,-117.32674,-0.8576669162440048
17523,1163,33.99351,-117.37545,-1.7496333717454258
17524,1163,33.2801,-115.98585,1.115092617700303
17525,1163,34.232,-117.235,-1.3391948552212956
17526,1163,33.553,-117.662,1.223610880273984
17528,1163,35.89095,-117.28332,0.5498684475154331
17529,1163,33.834,-116.797,0.5051340198558023
17530,1163,33.829,-117.789,0.2981878134215883
17531,1163,33.664,-117.769,1.0581427752381272
17532,1163,34.106,-117.098,-0.828137189077156
17533,1163,34.38203,-117.67822,0.6628108257524846
17535,1163,34.56065,-117.3296,-0.3506790998123189
17553,1166,34.14647,-118.76699,0.0556408421408893
17554,1166,34.68708,-118.29946,0.2996583425406758
17555,1166,34.23883,-117.65853,-0.4509006601505261
17559,1166,33.4019,-118.41502,-0.0674786555439825
17560,1166,34.25353,-118.33383,0.5321509216359124
17561,1166,34.10618,-118.45505,-0.1673662122032959
17562,1166,33.567,-116.631,1.241755237159886
17564,1166,34.72832,-119.98803,-0.6494630977135156
17565,1166,33.71264,-118.29381,0.6904591579633141
17566,1166,33.86889,-118.33143,-0.1532407833166924
17567,1166,34.00033,-118.37794,-0.1975295270806055
17568,1166,34.9906,-118.34156,-1.5938815884350417
17569,1166,34.30529,-118.48805,-0.7374870468617627
17570,1166,34.80762,-118.86775,-0.8923788548955338
17571,1166,34.93439,-117.69629,-0.2944250951053617
17572,1166,34.28085,-118.9049,1.9310438605421376
17573,1166,34.81258,-119.1453,-0.920376823024402
17574,1166,34.22362,-118.05832,0.1900049586899102
17575,1166,34.22869,-118.55829,0.7468020425438965
17576,1166,33.94539,-117.92372,0.78067568694992
17577,1166,34.6145,-118.7235,-1.018706009793075
17578,1166,34.1484,-118.1711,-1.180554762127606
17579,1166,34.44199,-118.58215,0.4743749298922833
17580,1166,33.96273,-118.43702,-0.3038628666681555
17581,1166,33.7953,-117.60906,1.0618073552221468
17582,1166,33.63,-116.8478,0.3102651300895322
17583,1166,34.281,-118.478,0.5360455637944891
17584,1166,33.74346,-118.40412,1.5348666206120067
17585,1166,33.99351,-117.37545,-1.3414322692803575
17586,1166,33.99543,-119.6351,0.4491727937059803
17587,1166,34.01438,-118.45617,-0.3700877499427762
17588,1166,34.05933,-118.64614,0.3221085051003004
17589,1166,33.829,-117.789,0.1188836065281011
17590,1166,34.30302,-119.18676,0.2247376769328044
17591,1166,34.106,-117.098,-0.2640966264897986
17592,1166,34.38203,-117.67822,0.1011037815043864
17595,1166,34.15607,-118.82039,0.4630279180922061
17596,1166,34.01919,-118.28631,-1.1845391336910938
17597,1166,34.48364,-118.11783,-0.5311662078589392
17598,1166,34.51085,-119.27407,-0.89134158188676
17599,1166,34.1717,-118.64971,0.8266885643263483
17702,1170,37.76021,-122.41524,0.4565723606408801
17703,1170,37.762,-122.505,1.180952255805834
17704,1170,37.67928,-122.48405,1.0261291081989872
17705,1170,37.91056,-122.53778,-0.3369504759913035
17706,1170,37.88767,-122.29916,-0.3784106133490388
17707,1170,38.03445,-122.27016,0.0796470575777842
17708,1170,37.74484,-122.40134,1.1086418398257505
17709,1170,37.7986,-122.2684,-0.3052898629312359
17710,1170,37.86059,-122.29327,0.1627548711842986
17711,1170,37.85835,-122.25252,-0.1844231671845223
17712,1170,38.01299,-122.13416,1.314635755811291
17713,1170,37.87622,-122.23558,-1.953654806989904
17715,1170,37.87352,-122.26099,-2.029353374019705
17716,1170,37.85727,-122.42266,0.0528820395920134
17717,1170,37.73786,-122.06486,0.2666812347889676
17719,1170,37.85884,-121.99264,0.0236372604575261
17721,1170,38.02691,-122.01599,0.7128133395290851
17722,1170,38.34526,-122.4584,-0.5969398293724935
17728,1170,37.79499,-122.4746,1.0551972488679413
17733,1170,38.07601,-122.2585,-0.0177657302441683
17734,1170,38.04248,-122.79684,0.5385711858023164
17737,1170,37.91608,-122.33607,-0.4707380290108783
19957,1170,38.03455,-120.38651,-2.1995505492720726
19959,1170,36.3887,-121.5514,-0.9530791293393792
19960,1170,38.14478,-122.88018,1.22886416544477
19961,1170,37.34164,-121.64257,-0.2534220762254089
19962,1170,38.87874,-122.44277,-1.0271772409340645
19963,1170,37.28744,-121.86422,-0.1171605862790799
19964,1170,37.81647,-122.06302,0.1370021421945513
19965,1170,37.9889,-122.2156,-0.0776787153865388
19966,1170,37.94906,-122.40851,-0.8775689051512829
19967,1170,37.72416,-122.11929,1.0625330867007043
19968,1170,37.80787,-122.3618,2.127550882858817
19970,1170,37.67433,-122.39855,-0.4771379473983712
19971,1170,37.16067,-121.89899,1.92636494886311
19974,1170,38.20025,-122.4644,0.9861354733929238
19977,1170,37.76386,-122.4736,0.9976052868654718
19978,1170,37.40701,-122.0946,-1.059000731147871
19979,1170,37.68,-121.739,-0.6384711554201362
19980,1170,37.59094,-122.36741,-0.8443615002253679
19981,1170,37.74766,-122.42528,-0.3077623098762512
19982,1170,37.40718,-122.00001,-1.5197119626694298
19983,1170,37.74664,-122.38679,0.566656631931515
19984,1170,37.39415,-122.06041,-1.0905967871685327
19985,1170,37.376,-121.84367,-0.500527652663963
19989,1170,37.71737,-121.72701,0.3422545827273536
19990,1170,37.77934,-122.486,0.7589460587149517
19992,1170,37.81076,-122.29252,-0.4119534116808793
19993,1170,37.8251,-122.27606,-0.3539807885531295
19995,1170,38.29027,-122.46125,0.4260020226403729
19996,1170,37.37418,-122.0781,-1.4056807995101157
19997,1170,37.69169,-122.16982,-0.4753348451159748
19998,1170,37.68873,-121.78351,-0.6278712721081448
19999,1170,37.72688,-122.15092,-0.5514499457620637
20000,1170,37.8852,-122.03217,-0.2050919922106198
20001,1170,37.94215,-121.93047,-0.3886272844621662
20005,1170,37.7294,-121.83346,-0.0513995199903548
20008,1170,37.17217,-122.01121,1.2397972960561083
20010,1170,36.92745,-121.82764,0.5305672714131693
20013,1170,37.2708,-122.21276,1.207499014067578
20014,1170,37.19855,-122.34671,-0.1790614617227454
20016,1170,38.43951,-122.25272,1.2249051521011862
20017,1170,38.26021,-122.55179,0.4780636508357645
20019,1170,38.33656,-122.81082,1.1940046065842496
20021,1170,38.28043,-122.21582,-0.8750885791390542
20022,1170,38.15486,-121.80438,-0.4462970040650677
20024,1170,38.14361,-122.44969,0.4051662497906478
17890,1178,34.68708,-118.29946,-0.4384165545725809
17891,1178,35.1269,-118.83009,-0.4734163331308916
17892,1178,34.2623,-116.92075,0.6646267895916816
17893,1178,34.94009,-119.41313,-0.0264549940020256
17896,1178,34.23883,-117.65853,-1.3458083709038515
17897,1178,34.069,-116.39,-0.6038026218711313
17899,1178,34.68224,-118.57398,-0.1586385903471295
17900,1178,35.30819,-119.84583,0.5319069874996727
17901,1178,35.52495,-117.36453,1.14964960892772
17902,1178,36.5504,-117.80295,0.7591980735316438
17905,1178,38.03455,-120.38651,0.1020313592419898
17906,1178,36.43988,-118.08016,-1.736768219206246
17907,1178,34.25353,-118.33383,0.0261443395506592
17909,1178,34.10618,-118.45505,-0.9947439088079572
17912,1178,34.72832,-119.98803,-0.3472214659768917
17917,1178,35.30177,-116.80574,0.2004743252073742
17918,1178,34.8294,-116.335,0.961388225175343
17919,1178,35.66278,-118.47403,-2.15183788353875
17921,1178,35.98249,-117.80885,1.2116609280766666
17922,1178,34.36622,-116.61266,0.3490758389416491
17923,1178,35.13066,-115.18416,0.4233271246568175
17924,1178,34.9906,-118.34156,-0.9787938302058224
17925,1178,34.80762,-118.86775,-0.1018793122901559
17926,1178,35.47954,-117.68212,-0.654508830129185
17928,1178,37.63227,-119.07935,0.4203113733741199
17930,1178,37.63019,-118.83605,1.314354582786239
17932,1178,34.28085,-118.9049,0.3383596787744641
17933,1178,36.05799,-117.48901,-0.2664037284898369
17934,1178,34.88848,-119.81362,0.3549163958865629
17935,1178,34.039,-116.648,0.1671714246292427
17938,1178,34.22362,-118.05832,0.0923953977724149
17939,1178,34.78035,-116.55798,-0.3943454433377723
17940,1178,34.53412,-120.17737,-0.4082078434247198
17941,1178,33.94539,-117.92372,-0.5476969006977809
17943,1178,34.6145,-118.7235,-0.506350452975208
17944,1178,36.38562,-117.85973,-1.451283610760505
17945,1178,35.40773,-120.54556,-1.0685854339823757
17947,1178,33.7953,-117.60906,1.2214664494286736
17949,1178,34.09181,-117.80709,0.6083022660243498
17951,1178,34.87533,-116.99684,1.2321720117234545
17952,1178,33.99351,-117.37545,-2.6277604359976743
17955,1178,34.44076,-119.71492,1.3515446211704605
17957,1178,34.43692,-119.1375,-0.7812131694978947
17958,1178,35.8996,-116.27515,0.213021706962049
17959,1178,35.89095,-117.28332,0.5449624719438314
17961,1178,35.3142,-119.99581,0.7332741269841987
17963,1178,35.01108,-120.40997,0.1360551360167902
17964,1178,34.035,-116.808,0.7780383984648824
17965,1178,34.05933,-118.64614,-0.2357444675210029
17967,1178,33.829,-117.789,0.3082684603398561
17968,1178,34.30302,-119.18676,-0.2193897530238379
17970,1178,34.106,-117.098,-0.1218586751577038
17971,1178,34.52775,-119.97834,1.1672560578745663
17972,1178,34.38203,-117.67822,0.8182334726862268
17973,1178,35.14592,-119.41946,0.515564496569417
17974,1178,37.05422,-118.23009,1.0384094411251534
17977,1178,34.48364,-118.11783,-0.8736491034358009
17978,1178,35.84089,-119.08469,0.4756438156476455
17979,1178,35.53664,-118.14035,-0.0782115673980821
17980,1178,34.51085,-119.27407,-0.9575251727344049
17982,1178,36.601,-118.06,0.9768846603046758
17983,1178,36.279,-118.007,0.0747155176094965
18051,1186,35.263,-119.815,2.1643420747694635
18052,1186,34.55046,-117.43391,0.9416617791496432
18053,1186,34.68708,-118.29946,-0.777455560809002
18054,1186,35.1269,-118.83009,0.7417465592314945
18055,1186,35.34444,-119.10445,0.6596870208969952
18056,1186,34.2623,-116.92075,0.956971684249444
18057,1186,33.921,-116.981,0.410422899698702
18059,1186,34.94009,-119.41313,0.1431059946485583
18061,1186,34.23883,-117.65853,-1.6961173469467472
18062,1186,34.069,-116.39,-0.3752514700141715
18064,1186,34.68224,-118.57398,-0.5094880601586574
18066,1186,35.30819,-119.84583,0.5715881031113685
18067,1186,35.52495,-117.36453,1.2570803114608813
18068,1186,36.5504,-117.80295,1.279014855232545
18069,1186,33.999,-117.68,-0.2322381989460723
18072,1186,38.03455,-120.38651,0.1304728979693588
18074,1186,36.43988,-118.08016,-1.5421507700320316
18075,1186,34.63745,-115.38115,0.9052868861453752
18076,1186,34.25353,-118.33383,-0.4875507945377203
18077,1186,33.93597,-116.57794,0.4248366476712971
18078,1186,34.10618,-118.45505,-0.8007349195093465
18082,1186,34.094,-116.936,-0.3377588040612518
18083,1186,34.72832,-119.98803,-0.6790936783882584
18084,1186,36.46719,-116.86322,0.5569252773492407
18088,1186,36.99608,-117.36621,-0.5976445791847734
18089,1186,35.30177,-116.80574,0.4019241406239312
18090,1186,34.8294,-116.335,1.125750789350517
18091,1186,35.66278,-118.47403,-2.959970410336924
18092,1186,35.98249,-117.80885,0.5061175861317342
18093,1186,34.36622,-116.61266,0.233183081299123
18094,1186,34.73551,-120.27996,0.0653219696578363
18095,1186,35.13066,-115.18416,0.5774352599608364
18096,1186,34.9906,-118.34156,-0.8851802849627779
18097,1186,34.30529,-118.48805,-0.1563305037974948
18098,1186,34.10819,-119.06587,-1.2916250931346498
18099,1186,34.80762,-118.86775,0.1865457354123992
18100,1186,34.93439,-117.69629,-0.037845027358668
18101,1186,35.47954,-117.68212,-1.2430380901184486
18103,1186,37.63227,-119.07935,-0.2374237188108917
18105,1186,37.63019,-118.83605,0.6760317376254713
18106,1186,34.005,-117.562,-0.7720473376686451
18107,1186,34.28085,-118.9049,0.8873697600736785
18108,1186,34.81258,-119.1453,-1.4779501769151933
18109,1186,36.05799,-117.48901,0.2684274273843864
18110,1186,34.88848,-119.81362,0.911608147288162
18111,1186,34.039,-116.648,-0.0257141498966012
18112,1186,33.808,-116.968,0.524535153151708
18115,1186,34.22362,-118.05832,-0.4621812633231583
18116,1186,34.78035,-116.55798,-0.4513775025501835
18117,1186,34.53412,-120.17737,-0.1829823093599558
18118,1186,34.6145,-118.7235,-0.1294857768947891
18119,1186,34.44199,-118.58215,-0.1428943694330931
18121,1186,34.1207,-117.63808,-0.6515424432119344
18123,1186,35.40773,-120.54556,-1.5316012900402851
18127,1186,34.09181,-117.80709,0.1888137175435557
18128,1186,36.30523,-119.24384,-0.6406401854928044
18130,1186,34.10473,-117.97956,-0.4415940299074678
18131,1186,33.74346,-118.40412,-0.3741106600223071
18132,1186,34.87533,-116.99684,1.9906950327605029
18133,1186,33.99351,-117.37545,-2.6961761117485668
18136,1186,34.44076,-119.71492,0.9995892012238854
18137,1186,34.232,-117.235,-0.6828896674664892
18139,1186,34.43692,-119.1375,-0.4126188671242515
18140,1186,35.8996,-116.27515,0.7876915271208773
18141,1186,35.89095,-117.28332,1.192810937761169
18142,1186,35.3142,-119.99581,0.6134959370667262
18143,1186,34.035,-116.808,0.2743324362543586
18144,1186,34.05933,-118.64614,0.0248455591913409
18146,1186,33.829,-117.789,0.0123977215959472
18147,1186,34.30302,-119.18676,0.0324860659333183
18149,1186,34.106,-117.098,-0.070790005477467
18150,1186,34.52775,-119.97834,1.1238087230029283
18151,1186,34.38203,-117.67822,0.3264277954281198
18153,1186,35.14592,-119.41946,1.4686522918434508
18154,1186,37.05422,-118.23009,0.0882532809697849
18156,1186,34.48364,-118.11783,-1.446296377758843
18157,1186,35.84089,-119.08469,0.7528779215433989
18158,1186,35.53664,-118.14035,-0.0558556339648163
18159,1186,34.51085,-119.27407,-1.0974266351904018
18160,1186,34.00948,-117.95077,0.7393376200410757
18162,1186,36.80179,-118.20398,-1.6223896073067066
18164,1186,36.601,-118.06,-0.5407945173043829
18165,1186,36.279,-118.007,0.3308155956912367
18239,1190,35.1269,-118.83009,0.0778732195553471
18240,1190,35.34444,-119.10445,0.95090842841097
18241,1190,34.2623,-116.92075,0.1224492255457113
18242,1190,34.94009,-119.41313,0.5075760949965084
18243,1190,34.68224,-118.57398,-0.4552469572133617
18244,1190,35.30819,-119.84583,0.545419137070941
18245,1190,35.52495,-117.36453,0.380931899813998
18246,1190,36.5504,-117.80295,0.0994273651984998
18248,1190,38.03455,-120.38651,0.096291171900009
18249,1190,34.25353,-118.33383,-0.9770410173545232
18253,1190,36.46719,-116.86322,-0.1808163518106763
18256,1190,36.99608,-117.36621,-0.4235498151724992
18257,1190,35.30177,-116.80574,-0.0976758513924504
18258,1190,34.8294,-116.335,0.8912254402653322
18259,1190,35.66278,-118.47403,-1.6692793782012911
18260,1190,35.98249,-117.80885,0.6165747184372504
18261,1190,34.36622,-116.61266,-0.2698242906185004
18262,1190,34.73551,-120.27996,0.127618540214207
18263,1190,35.13066,-115.18416,-0.3167318456873796
18264,1190,34.9906,-118.34156,-1.8153414246235344
18265,1190,34.80762,-118.86775,0.084832549240205
18266,1190,37.63227,-119.07935,0.1734203356696118
18267,1190,37.63019,-118.83605,1.2739123721402956
18268,1190,36.05799,-117.48901,-0.6448287102868033
18269,1190,34.88848,-119.81362,0.686100337180696
18270,1190,34.039,-116.648,-0.2523110360650019
18271,1190,34.78035,-116.55798,-0.4849506051779098
18272,1190,34.53412,-120.17737,0.1204750874668564
18274,1190,34.6145,-118.7235,-0.5573697828247418
18275,1190,35.40773,-120.54556,-0.9322794802616942
18276,1190,33.7953,-117.60906,0.4632001696324886
18277,1190,34.09181,-117.80709,-0.4659128975651449
18278,1190,36.30523,-119.24384,-0.5009019526407428
18279,1190,34.87533,-116.99684,0.7828633053111784
18281,1190,34.44076,-119.71492,1.3850779939491604
18282,1190,35.8996,-116.27515,-0.2823148650667215
18283,1190,35.89095,-117.28332,0.1917840695743293
18284,1190,35.3142,-119.99581,0.796774322527724
18285,1190,34.035,-116.808,0.2949993732084033
18288,1190,34.52775,-119.97834,1.08500772202933
18290,1190,35.14592,-119.41946,1.1049291457798551
18291,1190,37.05422,-118.23009,0.4108793174745313
18293,1190,34.48364,-118.11783,-1.485500876098103
18294,1190,35.84089,-119.08469,0.4986056612703125
18295,1190,35.53664,-118.14035,-0.8093605016188873
18296,1190,34.51085,-119.27407,-1.1401175810241482
18298,1190,36.80179,-118.20398,0.3025585842183547
18299,1190,36.601,-118.06,0.5770838445785251
18300,1190,36.279,-118.007,0.4171205496158661
18748,1221,37.54187,-122.30471,0.4782022085610741
18749,1221,37.30249,-121.97978,-0.8834951107642357
18750,1221,37.26748,-121.86656,-0.2419097736487718
18751,1221,37.26352,-121.91617,-0.822587046381125
18752,1221,37.31816,-121.94354,-0.7034452683346861
18753,1221,37.3066,-121.84915,0.5656468821831577
18754,1221,37.68,-121.739,-0.6534658133263266
18755,1221,37.41702,-121.9154,0.1750909664575372
18756,1221,37.59094,-122.36741,-0.1649234598514424
18757,1221,37.34655,-121.80774,1.170185417293207
18758,1221,37.40718,-122.00001,-0.515869867410254
18759,1221,37.39415,-122.06041,0.0469828812464136
18760,1221,37.376,-121.84367,0.2894184812101715
18761,1221,37.27117,-121.98617,-1.117064632666871
18762,1221,37.71737,-121.72701,0.3441223152273654
18763,1221,37.67928,-122.48405,0.8539558786130577
18764,1221,37.91056,-122.53778,0.238900666142031
18765,1221,38.03445,-122.27016,-0.887226422969717
18766,1221,37.71633,-122.43117,-0.9454511329987378
18767,1221,37.72416,-122.44841,-1.551332377761142
18768,1221,37.41395,-121.87085,0.4947909410998615
18769,1221,37.6806,-121.92098,0.5709320346575576
18770,1221,37.37418,-122.0781,-0.3437525083651885
18771,1221,37.38332,-121.91088,1.704415499389992
18772,1221,37.28537,-121.93602,-1.3771579914939776
18773,1221,37.35834,-121.97775,-0.4395399982293811
18774,1221,37.68873,-121.78351,-0.4517519661648605
18775,1221,37.66666,-121.85715,0.0685093572753802
18776,1221,36.88311,-121.3908,0.8370156107067769
18777,1221,38.94596,-120.96897,-0.5559388408681386
18778,1221,36.57849,-121.03956,0.7649605717360058
18779,1221,37.95397,-121.86554,0.2783560982705971
18780,1221,36.61809,-121.31468,-0.928653903084036
18781,1221,37.87622,-122.23558,-0.3681550432145259
18782,1221,37.91881,-122.15176,-0.1761460072242966
18783,1221,37.87352,-122.26099,-1.6497308897564542
18784,1221,37.5215,-121.93376,0.9235349217468964
18785,1221,37.55845,-122.03451,-0.2696579416467891
18786,1221,37.84406,-122.21795,-0.3589850105470508
18787,1221,37.81075,-122.23608,0.657226113147805
18788,1221,37.59178,-122.05824,-0.9555605702217111
18789,1221,37.89557,-122.2628,-0.7768414091739758
18790,1221,37.89565,-122.29359,-2.1375832919894764
18791,1221,37.944,-122.00993,0.7124796940577985
18792,1221,37.92636,-122.31248,-1.122728379011751
18793,1221,37.68269,-122.06,-0.8984595914565586
18794,1221,37.55944,-121.99373,-1.31869215867558
18795,1221,37.39635,-121.86703,-0.6080511247085246
18796,1221,37.50649,-121.9262,0.9561615719434002
18797,1221,37.80085,-122.20752,0.0162661757275765
18798,1221,37.695,-122.06376,-1.9611822181934453
18799,1221,37.53614,-121.97495,-0.1200836955373596
18800,1221,37.51044,-121.954,-0.0806134911235722
18801,1221,37.64372,-121.90046,1.2351845200499183
18802,1221,37.87052,-122.05135,1.2812285670972026
18803,1221,37.85095,-122.24588,-0.7367365792375005
18804,1221,37.78882,-121.97125,0.68773265343516
18805,1221,37.15491,-121.60989,0.795479432881088
18806,1221,38.08251,-122.15759,0.0088408184152412
18807,1221,37.16346,-121.62645,-0.3511304166474027
18808,1221,37.85727,-122.42266,0.5212991572623072
18809,1221,37.45035,-121.80037,-0.0843557489149397
18810,1221,37.74766,-121.70843,0.8922283118988711
18811,1221,37.81647,-122.06302,0.0519855587470199
18812,1221,37.25898,-121.67311,0.5413920986306529
18813,1221,37.7294,-121.83346,0.2743710199302054
18814,1221,37.37289,-121.76887,1.1913871877727846
18815,1221,37.73786,-122.06486,0.2856711529952803
18816,1221,38.03455,-120.38651,0.2398699686714784
18817,1221,37.81041,-121.80272,0.5446904550087865
18818,1221,37.9889,-122.2156,1.2412284254336323
18819,1221,37.94906,-122.40851,-0.1330580772195214
18820,1221,37.85884,-121.99264,1.7221921380059253
18821,1221,37.91233,-121.90716,1.2442419254058648
18822,1221,37.72416,-122.11929,0.3980061225476415
18823,1221,38.02691,-122.01599,0.7775963109790728
18824,1221,38.34526,-122.4584,-0.0206887572231042
18825,1221,37.80787,-122.3618,-1.6864248168992684
18826,1221,37.69782,-123.0011,-1.2124696516257187
18827,1221,36.3887,-121.5514,0.9843509086014656
18828,1221,37.0254,-121.4845,1.3344622837008082
18829,1221,36.68011,-119.02282,-1.7082127314021425
18830,1221,36.82681,-121.64349,-1.1088140144291332
18831,1221,37.36775,-122.15358,0.4874463130681488
18832,1221,37.31746,-122.03644,-0.0730528703973114
18833,1221,37.29606,-121.96046,-0.9647338443997664
18835,1221,37.51974,-122.51173,0.7416484136989648
18836,1221,37.45796,-122.43623,0.4035004103748205
18837,1221,37.40599,-122.10693,-0.7489420222057186
18838,1221,37.33187,-121.87612,0.532301448974987
18839,1221,37.45744,-122.25167,0.3621489922817553
18840,1221,37.31959,-122.07355,-0.4047549440791346
18841,1221,37.43433,-122.19835,-0.006968550432023
18843,1221,37.35655,-122.23656,0.4876286576612656
18844,1221,37.39475,-122.07255,0.1076293685125064
18845,1221,37.3476,-122.08417,-0.6074537943291497
18846,1221,37.5813,-122.48242,-0.5712159631739391
18847,1221,37.45286,-122.19582,-0.7878581794900249
18848,1221,37.37023,-122.11345,-0.3776795598813535
18849,1221,37.34305,-122.33976,0.6022971797745542
18850,1221,37.31861,-122.15314,-0.524992239699692
18851,1221,37.12043,-122.1552,-1.800847760609669
18852,1221,37.17217,-122.01121,-0.7508133544947089
18853,1221,37.51704,-122.37731,0.3208342363277195
18854,1221,36.92745,-121.82764,0.7076079619127749
18855,1221,37.36045,-122.18986,-0.1113865857876727
18856,1221,37.51604,-122.45815,0.6746779731849906
18857,1221,37.21427,-122.17168,0.6552512600913716
18858,1221,37.20631,-121.97726,-0.153565092925323
18859,1221,37.15432,-121.73467,-0.0342609609311009
18860,1221,37.63719,-122.47482,-0.4433369087788979
18861,1221,37.2708,-122.21276,1.4194336354893162
18862,1221,37.79499,-122.4746,1.3972331544946683
18863,1221,37.19855,-122.34671,0.4260336120336862
18864,1221,37.40373,-122.23868,-1.8930307389597296
18865,1221,37.58225,-122.42006,0.3242151988063533
18866,1221,37.67433,-122.39855,-0.9309655477600997
18867,1221,37.40372,-122.17596,-0.0711300843653336
18868,1221,37.28397,-122.05017,-0.7420648153856886
18869,1221,37.58644,-122.50217,0.0257217672080062
18870,1221,37.16067,-121.89899,0.2522555024347964
18872,1221,37.6444,-118.89683,2.364159428285602
18873,1221,38.14478,-122.88018,0.6700273824044234
18874,1221,37.34164,-121.64257,-0.4542637596443726
18875,1221,37.65909,-118.97907,1.4699456168105949
18876,1221,38.87874,-122.44277,-0.8097567918346689
18877,1221,37.92144,-122.71806,0.4813096453298898
18878,1221,38.26021,-122.55179,0.9768286803130592
18879,1221,38.00198,-122.47466,-0.373427011762014
18880,1221,38.30988,-122.943,0.0667845860476934
18881,1221,38.33656,-122.81082,0.9804407010899628
18882,1221,38.46769,-122.89651,0.0764471101756196
18883,1221,38.04962,-122.52331,0.957670092192674
18884,1221,38.15486,-121.80438,0.7518788372435803
18885,1221,38.16488,-122.71296,1.1247419513226826
18886,1221,38.12282,-122.14921,0.3743786125573268
18887,1221,38.07601,-122.2585,0.5674565716623751
18888,1221,37.99642,-123.01949,-0.702215887585733
18889,1221,38.20025,-122.4644,0.7488724704623845
18890,1221,37.92371,-122.59649,0.3548712355997435
18891,1221,38.14361,-122.44969,0.585390865236153
18892,1221,38.24039,-122.79842,-0.4544293527080888
18893,1221,38.38921,-122.66297,0.3637077686785728
18894,1221,39.55451,-121.50036,-2.0002999093864897
18895,1221,37.008,-121.287,1.630103663870307
18896,1221,35.945,-120.542,-0.8541275566113458
18897,1221,36.2159,-120.80126,-0.6929652108903094
18898,1221,35.63597,-120.86984,1.1813308710875603
18899,1221,37.91608,-122.33607,-1.2413374362615304
18900,1221,36.76403,-121.44722,0.9190306138071432
18901,1221,37.28744,-121.86422,0.3558073204349323
18902,1221,37.62211,-121.75697,-0.9952225377647675
19352,1264,34.224,-117.331,0.109970542413889
19353,1264,34.55046,-117.43391,-0.0708417106233311
19354,1264,34.68708,-118.29946,0.0239751066141121
19355,1264,35.1269,-118.83009,1.0762735213250294
19356,1264,32.68005,-116.67215,-1.0776570409899675
19357,1264,34.2623,-116.92075,0.2166925763523869
19358,1264,33.921,-116.981,0.7054802846145746
19359,1264,34.23883,-117.65853,-1.0505003015089924
19360,1264,34.069,-116.39,0.2423878105901789
19361,1264,33.268,-116.417,-0.1966684706144296
19363,1264,33.999,-117.68,-0.0750995362966924
19364,1264,33.4019,-118.41502,1.0125263046197048
19365,1264,34.093,-117.317,-0.0410562313202326
19366,1264,34.25353,-118.33383,0.614209531590182
19367,1264,33.65,-117.009,-0.97513289076532
19368,1264,33.567,-116.631,1.6917849478603173
19371,1264,33.71264,-118.29381,0.5108508365123242
19372,1264,34.1,-117.439,-0.4019113993036209
19373,1264,33.1537,-117.22921,-1.820053251253981
19374,1264,35.30177,-116.80574,0.9753311742140126
19375,1264,34.36622,-116.61266,-0.488486696037835
19376,1264,33.7141,-116.7119,-1.5768369459496452
19377,1264,33.86889,-118.33143,-0.0364974172868756
19378,1264,34.9906,-118.34156,0.3231650744808207
19379,1264,34.80762,-118.86775,1.7614426461869743
19380,1264,34.93439,-117.69629,-1.070830329009102
19381,1264,34.3656,-117.36683,0.0848642773447978
19383,1264,33.6,-117.195,-0.3147125495131561
19384,1264,33.94539,-117.92372,0.6747620087182934
19385,1264,34.6145,-118.7235,0.1640956660954305
19386,1264,34.1207,-117.63808,-0.9763912238228089
19388,1264,33.354,-116.863,-0.3020660529914587
19389,1264,33.7953,-117.60906,1.525570705792496
19391,1264,34.09181,-117.80709,-0.8608491595883748
19392,1264,33.63,-116.8478,-0.4755200764516829
19393,1264,34.10473,-117.97956,-0.3085438882136306
19394,1264,33.74346,-118.40412,1.7526846669798304
19395,1264,34.87533,-116.99684,0.7830501677533255
19396,1264,33.973,-117.327,-0.1330447903469082
19397,1264,33.97327,-117.32674,-0.1896123865667212
19398,1264,34.05073,-118.08085,-0.6214535373054823
19399,1264,33.99351,-117.37545,-1.3381495784871968
19401,1264,33.829,-117.789,1.1956357582371715
19402,1264,33.664,-117.769,-0.1095000280042487
19403,1264,34.106,-117.098,0.0785062083381781
19404,1264,34.38203,-117.67822,1.083588294274379
19406,1264,34.48364,-118.11783,-0.1420013445799006
19407,1264,34.56065,-117.3296,-0.3937411146239127
19408,1264,34.00948,-117.95077,1.303848038329028
