recid,eqid,station_latitude,station_longitude,scaled_deltaW
50,30,33.801,-118.387,-1.438342959571496
51,30,33.5556,-116.674,2.3189955804420204
52,30,35.37,-119.021,-2.861351442686364
53,30,33.26,-116.37,0.4288717910131013
54,30,35.16,-119.35,-1.303571122389509
55,30,33.9121,-117.838,0.4593447398109692
56,30,34.564,-118.642,1.4696742907748923
57,30,34.31,-117.3,-0.028061689867196
59,30,35.733,-120.29,-1.6183412928671348
60,30,35.671,-120.359,-0.8110070599585767
61,30,34.059,-117.312,0.4233544313520612
62,30,34.704,-118.426,0.1446803488559924
63,30,34.87,-118.9,-1.341256638675322
64,30,34.808,-118.72,0.4424941519394898
65,30,33.729,-116.979,1.6455891734853725
66,30,35.644,-118.474,-1.1071351048117228
67,30,34.09,-118.339,1.4230251848310775
68,30,33.77,-118.23,-1.699060949752354
69,30,34.674,-118.43,-0.160362470982795
70,30,34.571,-118.56,1.902057624740329
71,30,34.65,-118.478,0.9864871687032156
72,30,34.608,-118.558,1.0315210319151742
73,30,35.997,-119.486,-0.0567042831261627
74,30,35.04,-119.429,-1.447422999930333
75,30,35.078,-119.401,-1.818072747870236
77,30,34.57806,-118.11401,0.1157638574390392
78,30,34.139,-118.121,-0.3654744764275645
80,30,34.5083,-117.922,1.4332337061686955
81,30,34.145,-119.206,-1.2487955842705192
82,30,34.091,-117.808,0.2109312866129117
83,30,32.719,-117.163,-0.8931853666481514
84,30,33.4894,-117.671,1.153120051066215
85,30,33.37,-117.56,-0.4747293609271319
86,30,34.185,-118.018,1.8678188505234103
87,30,34.46,-118.753,0.3612089491321162
88,30,34.9417,-118.827,0.5015034546878844
89,30,34.41,-119.85,-0.2450459430523443
90,30,34.155,-117.675,0.7426884048661584
91,30,35.027,-118.791,-0.8372739345280192
92,30,34.02,-118.053,0.5020401422038386
93,30,34.36,-117.63,0.1561690354535173
321,76,36.503,-120.32,1.1978287113299388
322,76,35.639,-120.404,-0.4007260570610672
323,76,35.743,-120.277,0.3741065416618549
324,76,35.751,-120.259,-1.5406730020208677
326,76,35.77,-120.247,-1.038933217406431
327,76,35.724,-120.294,0.3099975023543619
328,76,35.707,-120.316,-0.2722500856137438
329,76,35.718,-120.304,1.4061458755952767
330,76,35.697,-120.328,1.2877873202158463
331,76,35.684,-120.342,1.1495210552067177
332,76,35.671,-120.359,0.792279357407963
334,76,35.872,-120.422,-0.2313491007247225
335,76,35.896,-120.398,-0.6344808220385909
336,76,35.899,-120.433,-0.3589996047021392
337,76,35.908,-120.458,1.4350267725971104
338,76,35.921,-120.481,0.4830119508482267
339,76,35.927,-120.456,0.4536270263946717
340,76,35.787,-120.334,0.5948248047903895
341,76,35.803,-120.334,0.9276613657436872
342,76,35.836,-120.395,-0.3364279441725855
343,76,35.859,-120.42,-1.5213940597413067
344,76,35.871,-120.404,-0.010283208828777
345,76,35.878,-120.381,0.0406767019319528
346,76,35.879,-120.445,-1.561483780313636
347,76,35.818,-120.378,-0.2346918487237924
348,76,35.843,-120.348,-0.4276456402647978
349,76,35.812,-120.391,-0.3476383473761194
350,76,35.87,-120.334,-0.3386945066762219
351,76,35.796,-120.411,1.135000728045249
352,76,35.785,-120.444,0.0158720201697403
353,76,35.77,-120.477,-0.1572930913434787
354,76,35.738,-120.507,-0.3275873782016407
355,76,35.81,-120.282,-0.0872968627720124
356,76,35.833,-120.27,0.7197436827016065
357,76,35.855,-120.281,-0.7941043031477439
358,76,35.957,-120.481,0.4955143009186129
359,76,35.934,-120.497,-0.8359129514242887
361,76,35.927,-120.509,-0.5894976701125993
362,76,35.922,-120.534,0.0996895246185239
363,76,35.905,-120.55,-1.349463015549591
365,76,35.861,-120.6,-0.4571786480651584
368,76,36.034,-120.59,0.6952620158895321
588,113,34.07,-118.15,0.69860073676836
589,113,34.177,-118.096,0.2204841879938569
590,113,33.817,-117.951,-1.4997463271514062
591,113,34.13,-118.036,0.3084841539133697
592,113,34.236,-118.439,-0.0516895123282039
593,113,34.1,-117.974,-1.0245215409266624
594,113,33.965,-118.158,0.6228910606291096
595,113,34.127,-118.405,0.2504974697742614
596,113,34.132,-118.439,0.2334736768293403
597,113,34.286,-118.225,0.998288978707713
598,113,33.916,-117.896,-0.7137320869842314
599,113,33.89,-117.927,1.1541720873005408
600,113,33.8904,-117.9258,-0.1098797845129555
601,113,34.168,-118.331,0.6984902018568337
602,113,34.15,-118.696,-0.4567769527094426
603,113,34.212,-118.606,1.333634542382406
604,113,34.419,-118.426,1.1141812630972503
605,113,33.9121,-117.838,0.5539254014540239
606,113,33.812,-118.27,-1.375505458553104
608,113,34.459,-118.65,-0.0903443517205594
609,113,34.564,-118.642,1.3109672164142758
610,113,33.899,-118.196,1.453368138426885
611,113,34.078,-117.871,-1.7654543933046538
612,113,34.087,-117.915,-1.2958562552925188
613,113,33.92,-118.137,1.1888108817651006
614,113,33.924,-118.167,0.0194100120736933
615,113,34.093,-118.019,-0.4116849786914965
616,113,33.869,-117.709,0.0645689861821758
617,113,33.719,-117.937,-0.4809748723698615
618,113,34.049,-118.112,1.1145583191448711
619,113,34.2,-118.231,0.8954976250182574
620,113,34.137,-117.883,-0.8563556363483055
621,113,33.99,-117.943,-0.1454865020858356
622,113,33.729,-116.979,0.928746810435922
623,113,33.662,-117.997,-0.8030278039935814
624,113,33.905,-118.279,1.2571457888894233
625,113,33.929,-118.26,1.344416686777691
626,113,34.009,-118.361,0.2436328828262152
627,113,34.001,-118.431,-1.0556385197381972
628,113,34.063,-118.418,-0.4375801186304326
629,113,34.062,-118.416,-1.2500316079235554
630,113,34.086,-118.481,-1.6344173734886736
631,113,34.088,-118.222,-0.7485633692687212
632,113,34.004,-118.23,-0.5153475723463865
633,113,34.115,-118.244,0.0986028368588343
634,113,34.09,-118.339,0.1012909992615612
635,113,34.089,-118.435,-1.4143735524186634
636,113,34.111,-118.189,-0.6195719354002088
637,113,34.082,-118.298,0.4859300523040669
638,113,34.037,-118.178,1.0744092610862237
639,113,34.005,-118.279,0.128058501456706
640,113,34.046,-118.355,-0.0885822849347908
641,113,33.976,-118.289,-0.0883251314382315
643,113,33.754,-118.2,-1.0727941235242118
644,113,33.881,-118.176,0.7591750202694275
645,113,33.84,-118.194,0.8170572716473953
646,113,33.778,-118.133,-1.1540623241030814
647,113,34.238,-118.254,0.397076529647664
648,113,33.921,-117.973,-0.2847214410343686
649,113,34.026,-117.918,-0.8244919641580517
650,113,34.674,-118.43,-0.0466214857593405
651,113,33.846,-118.099,1.3209197384646698
652,113,34.688,-118.156,0.788958876595922
653,113,33.897,-118.346,-1.4216905634892152
654,113,34.6,-118.241,0.1609452182082205
655,113,34.604,-118.244,-0.2758044952824285
656,113,34.045,-118.638,0.3096339740859919
657,113,34.013,-118.8,0.0367109478553482
658,113,34.024,-118.788,-0.1039153967582761
660,113,34.39,-118.08,0.2466999747926003
661,113,34.288,-118.881,0.5633785111357232
662,113,34.224,-118.057,0.5940008098437932
663,113,34.194,-118.412,1.1103408691598518
664,113,34.387,-118.533,-0.2240314887175669
665,113,34.391,-118.622,0.5162055068281926
666,113,34.209,-118.517,0.9466497327209316
667,113,33.915,-118.07,0.000892853667574
668,113,33.9354,-117.884,0.4666171249642274
669,113,34.042,-118.554,-1.30577427390235
670,113,34.296,-118.375,1.2499196880932473
671,113,34.25,-118.42,0.7851641372066375
672,113,34.222,-118.442,0.3232323316628201
674,113,34.139,-118.121,-0.7863086475407428
682,113,34.168,-118.078,0.5684399709959559
683,113,33.96,-118.432,-2.2383555126975025
684,113,34.056,-117.748,-0.9161275083446392
685,113,34.104,-117.574,0.3839557912006296
686,113,33.74,-118.335,-2.238035886167665
687,113,33.951,-117.446,0.7579759383531455
688,113,34.827,-118.265,1.1558106446171057
689,113,34.091,-118.093,0.0816388361064442
690,113,34.115,-118.13,-0.5215767484783275
691,113,33.944,-118.087,1.6207237776348424
692,113,34.005,-118.485,-1.598237098566018
693,113,34.146,-118.412,1.444819584323258
694,113,34.221,-118.421,1.402798554255083
695,113,34.235,-118.366,-0.4058461025018741
696,113,34.269,-118.303,-0.6014833871212233
697,113,34.326,-118.444,-0.3581224953963599
698,113,34.306,-118.437,-0.9743205607749608
699,113,34.16,-118.534,3.9850170499293633
700,113,33.736,-118.269,-1.2437299495281398
701,113,33.822,-118.356,-1.6768921592055654
703,113,33.821,-117.818,-0.7733551252235257
704,113,34.064,-117.952,-0.7635540742506683
705,113,34.02,-118.053,0.3897816116468031
706,114,34.07,-118.15,0.4189689152390958
707,114,34.177,-118.096,1.0692779958975362
708,114,33.924,-118.167,-0.9718300340683226
709,114,33.905,-118.279,0.9876039449190396
710,114,33.929,-118.26,0.9780062715931336
711,114,34.009,-118.361,0.7303831175324357
712,114,34.09,-118.339,0.0472184163923953
713,114,34.037,-118.178,1.291422939153862
714,114,34.224,-118.057,1.1878046736624277
715,114,34.115,-118.13,0.1570617276354124
716,114,34.16,-118.534,1.4655979139064088
3683,114,33.817,-117.951,-1.1476988873568863
3684,114,34.13,-118.036,0.2843210581217283
3685,114,34.1,-117.974,-1.1333165896941524
3686,114,33.965,-118.158,0.0370485798584854
3687,114,34.127,-118.405,-0.3170169332081796
3688,114,34.286,-118.225,2.2566383329614177
3689,114,33.916,-117.896,0.1188864175945246
3690,114,33.847,-118.018,1.1964361735285003
3691,114,34.168,-118.331,-0.1527415823355646
3692,114,34.15,-118.696,-0.9186230821811906
3693,114,34.212,-118.606,0.0194779274848986
3694,114,34.419,-118.426,0.5664571061458541
3695,114,33.812,-118.27,-1.826179239331848
3697,114,33.899,-118.196,0.1126285834162142
3698,114,34.078,-117.871,-1.6572721196348272
3699,114,34.087,-117.915,-0.5812580396002602
3700,114,33.92,-118.137,0.4811820123038912
3701,114,34.093,-118.019,0.0587230554650276
3702,114,33.719,-117.937,-0.1048390100251147
3703,114,34.2,-118.231,1.4415245958684717
3704,114,33.79,-118.012,0.3862222357761961
3705,114,34.137,-117.883,-1.6074584515635364
3706,114,33.99,-117.943,-0.11934459933474
3707,114,34.001,-118.431,-1.1913499696747598
3708,114,34.088,-118.222,-0.8442499235092096
3709,114,34.004,-118.23,-0.1092827653055118
3710,114,34.115,-118.244,-0.0049149582808429
3711,114,34.089,-118.435,-1.227963299688714
3712,114,34.111,-118.189,-0.7739726956507218
3713,114,34.082,-118.298,-0.3491081360338996
3714,114,34.005,-118.279,0.5356731806891243
3715,114,34.046,-118.355,0.3749258909096658
3716,114,33.976,-118.289,0.7412583800570214
3718,114,34.238,-118.254,0.9272592496524468
3719,114,33.921,-117.973,-0.0219602712111975
3720,114,34.026,-117.918,-0.4410317177777865
3721,114,33.846,-118.099,1.3638645509540166
3722,114,33.897,-118.346,-0.7682276659431354
3723,114,33.881,-118.176,-0.5775288119860906
3724,114,34.024,-118.788,-1.0189009489719574
3725,114,33.886,-118.389,-0.1953592073253903
3726,114,34.39,-118.08,0.5189233684382204
3727,114,34.194,-118.412,-0.2573036404480574
3728,114,34.209,-118.517,-0.2023334997787483
3729,114,34.042,-118.554,-1.9793911931230623
3730,114,34.25,-118.42,0.3808828522499767
3731,114,34.222,-118.442,-0.276418601508837
3732,114,34.168,-118.078,1.940956794462702
3733,114,34.091,-118.093,-0.5413190958862062
3734,114,33.944,-118.087,1.6308059729751712
3735,114,34.146,-118.412,0.7592776785940569
3736,114,34.221,-118.421,1.0852962072037475
3737,114,34.235,-118.366,-0.2600981644156077
3738,114,34.269,-118.303,-0.1444992036906077
3739,114,34.306,-118.437,-1.654310792591781
3740,114,33.822,-118.356,-1.1924752816587323
3741,114,33.821,-117.818,-0.2016826068170031
3742,114,34.064,-117.952,-0.8086303781892127
730,118,37.465,-122.342,-0.8375754217602166
732,118,37.657,-122.082,0.603084525314336
733,118,37.657,-122.061,-0.392246095503223
734,118,37.484,-122.313,-0.2827136357635355
735,118,37.47,-122.32,-0.4216972648251735
736,118,37.397,-121.952,-0.9510698650132632
737,118,37.785,-122.303,1.938258009199639
740,118,37.047,-121.984,0.1213607167687011
741,118,36.573,-121.184,-0.2882020327517635
742,118,36.532,-121.143,0.0865138938591969
743,118,36.658,-121.249,0.548334161354666
744,118,36.569,-121.043,0.4710133019661727
745,118,36.673,-121.195,-0.9200802513866388
746,118,36.483,-121.18,-1.0134341750513156
747,118,37.512,-122.308,-0.0676819194392173
748,118,37.87,-122.24,-0.3235070077583305
749,118,37.876,-122.249,0.8622093460205325
750,118,37.452,-121.807,-1.0267511352425591
751,118,36.973,-121.953,0.8524491637662093
752,118,37.05,-121.803,-0.7094901549631332
753,118,37.124,-121.551,-1.1280164703082358
754,118,37.118,-121.55,0.5681135903609784
755,118,37.709,-121.932,-0.7728423704433993
756,118,37.492,-122.136,-0.8005498247788133
757,118,37.844,-122.295,2.194874727160302
760,118,37.535,-121.929,-0.0908929467908442
761,118,37.53,-121.919,-0.2304198991821705
762,118,36.973,-121.568,-0.2963903193497267
763,118,37.009,-121.569,-1.113245662058718
765,118,36.982,-121.556,-0.4751337869818672
766,118,36.987,-121.536,0.509702351515648
767,118,37.001,-121.522,-0.3692267199409354
768,118,37.026,-121.484,-0.9504814342654818
769,118,37.033,-121.434,0.4531087652416298
770,118,37.808,-122.476,2.016514962587062
771,118,37.338,-121.714,-1.2427924372120978
772,118,37.67,-122.086,0.7908737313052002
773,118,37.679,-122.082,-0.8271262772301571
774,118,36.765,-121.446,-2.3794250508174297
775,118,36.848,-121.397,0.5896702660540101
776,118,36.85,-121.4,0.1273623944871423
777,118,36.888,-121.413,0.3680056255177525
778,118,37.172,-122.01,-0.1398663834728107
780,118,37.529,-122.361,-0.6796359468316548
781,118,36.597,-121.897,-0.803714002231447
782,118,37.813,-122.314,2.528912590306041
783,118,37.806,-122.267,1.9240139073064773
784,118,38.043,-122.797,2.3691125093693777
785,118,37.453,-122.112,-0.0115944594945952
786,118,37.42,-122.21,0.4823826068677969
789,118,37.935,-122.342,1.1505781601168736
790,118,36.753,-121.395,-1.5096359357810083
791,118,37.728,-122.385,0.042088084536998
792,118,37.778,-122.513,0.812757047692302
793,118,37.74,-122.432,0.8888758729371217
795,118,37.792,-122.457,1.7601724837051202
797,118,37.803,-122.408,-0.0749018315992504
798,118,37.622,-122.398,2.1311931800237014
799,118,36.671,-121.642,-1.5434738034394906
800,118,37.21,-121.803,-0.2286584393725575
801,118,37.255,-122.031,-0.6957194127018853
802,118,37.262,-122.009,-1.1617125148617058
805,118,37.402,-122.025,-0.3638726180990672
806,118,37.597,-121.88,-0.9110064967014
808,118,37.001,-122.062,1.149968562658773
809,118,37.001,-122.06,1.1261633786429093
810,118,36.972,-121.995,1.785276682973966
811,118,37.429,-122.258,-1.4493845412788768
812,118,37.807,-122.361,-0.1316142375498355
831,125,34.56,-115.743,0.8101634919126194
832,125,33.817,-117.951,-0.1244638298672418
833,125,34.127,-118.059,-0.7607186797533184
834,125,34.13,-118.036,0.3786007474582742
835,125,35.271,-116.066,0.768247217986938
836,125,34.1,-117.974,-0.4791870598760219
837,125,34.887,-117.047,-0.576404048308562
838,125,33.965,-118.158,-0.0453360301201741
839,125,34.286,-118.225,-0.0454027535251739
840,125,35.002,-117.65,0.8840944231052521
841,125,33.916,-117.896,-0.0326252047778356
842,125,33.847,-118.018,0.1528647473301416
843,125,34.168,-118.331,1.0859340417590817
844,125,34.15,-118.696,-0.7629311131145066
845,125,34.358,-118.571,0.2493202114008139
846,125,33.899,-118.196,1.2028027745321903
847,125,34.851,-116.858,0.5093099631721636
848,125,34.087,-117.915,0.1892986392031778
849,125,33.962,-116.509,-1.1291157286069136
850,125,33.924,-118.167,0.4211238699364329
851,125,34.15,-117.939,-1.1603644328795295
852,125,34.093,-118.019,-0.1153754226311588
853,125,33.869,-117.709,0.1756424168221333
854,125,35.268,-116.684,0.4707787453765633
855,125,33.719,-117.937,0.9769276217328872
856,125,34.2,-118.231,0.7250989714785864
857,125,34.137,-117.883,0.245490212119979
858,125,33.99,-117.943,0.3568907767851103
859,125,33.729,-116.979,-0.1949089237487859
860,125,33.727,-118.044,0.9033233102920262
861,125,33.717,-116.155,-0.1751318219250725
862,125,33.905,-118.279,0.4209475208011631
863,125,34.13,-116.314,-0.9198694960048922
864,125,33.929,-118.26,0.4785577945783942
865,125,34.004,-118.23,0.0770916454711506
866,125,34.115,-118.244,0.230224267572676
867,125,34.111,-118.189,-0.2007881286871602
868,125,34.082,-118.298,0.0829225245149263
869,125,34.037,-118.178,0.6667516415835141
870,125,34.005,-118.279,0.0992138443771803
871,125,34.045,-118.298,-0.20971284843215
872,125,33.976,-118.289,0.9906498086445298
873,125,33.881,-118.176,1.2095716560104075
874,125,34.238,-118.254,-0.4897212168978971
875,125,33.921,-117.973,0.0608742396575581
876,125,34.026,-117.918,-0.1544753382372429
877,125,33.846,-118.099,0.7593173742634983
879,125,33.905,-116.419,-0.7502597919197873
880,125,34.04856,-116.57816,-0.91800065151587
881,125,33.924,-116.543,-1.0541158251960527
882,125,34.209,-118.517,0.3055703998800901
883,125,33.829,-116.512,-1.373299240861843
884,125,34.056,-117.748,0.4325190632558766
885,125,33.324,-116.683,-0.382607207246284
886,125,33.951,-117.446,-0.5273485460053244
887,125,34.065,-117.292,0.0718330466161003
888,125,34.091,-118.093,0.4426852670960063
889,125,33.944,-118.087,0.903998100326242
890,125,33.851,-116.852,-1.2554441886308714
891,125,34.221,-118.421,-0.0706336417910522
892,125,34.235,-118.366,-0.7642285058979543
893,125,34.269,-118.303,-0.1450249499050566
894,125,34.16,-118.534,1.0144493409806494
895,125,33.7278,-117.824,-0.1092342745662668
896,125,34.021,-116.009,-1.0407095787583698
897,125,33.821,-117.818,-0.4973553457241235
898,125,34.064,-117.952,0.16735651208198
899,125,34.904,-116.823,-0.2215552771126279
3751,125,34.088,-116.919,-0.2713433962772577
3752,125,33.925,-116.389,-0.1821394108365587
3753,125,33.74624,-116.2163,1.1700079980779048
3755,125,35.043,-116.572,0.3081558895913664
3756,125,33.92474,-116.54794,-0.988802260725032
3757,125,33.81663,-116.3945,-0.9350521926485568
3758,125,33.99,-116.656,-0.7967940237215027
3759,125,34.238,-116.935,0.6850229480440126
900,126,34.238,-116.935,-0.0877574982735684
901,126,33.962,-116.509,1.053615489558542
902,126,33.426,-116.078,0.7054151813593135
903,126,34.662,-118.387,0.0889078680992888
904,126,33.869,-117.709,-0.9351164693706112
905,126,33.729,-116.979,-0.2161131623802245
906,126,34.405,-117.313,-0.8294532437620031
907,126,33.717,-116.155,-0.0963069748111384
908,126,33.715,-116.221,0.159515886026591
909,126,34.13,-116.314,-1.290806869588178
910,126,34.04,-118.445,0.0995680864193011
911,126,34.053,-118.171,0.869341638614914
912,126,34.059,-118.246,-0.152616015346147
913,126,34.062,-118.198,0.6993247581498244
914,126,33.628,-116.28,0.2749980735018582
915,126,33.564,-115.987,1.0152377215790915
916,126,34.233,-117.661,-0.8604712792370032
917,126,33.634,-117.902,0.4544933758776782
918,126,33.421,-115.831,1.274987545270195
919,126,33.504,-115.913,1.5131013702025429
920,126,33.829,-116.512,-0.0264579169941001
921,126,34.458,-117.909,-0.2483410825944619
922,126,34.467,-117.52,-0.5784266549701662
923,126,33.324,-116.683,1.2465068561142651
924,126,34.169,-117.579,-0.9364248560309432
925,126,34.104,-117.574,-1.0982917061554711
926,126,33.951,-117.446,-0.8478856262250593
927,126,33.58,-116.931,2.719196071444501
928,126,33.28,-115.984,1.960561211749908
929,126,34.103,-117.288,-0.8399060017171145
930,126,34.065,-117.292,-1.0062062691368303
931,126,33.76,-116.96,-1.4372133489562684
932,126,33.757,-118.084,0.1885958798706624
933,126,33.851,-116.852,-1.018331561171302
934,126,33.888,-116.684,1.277489851863702
935,126,34.16,-118.534,0.5994433443742209
936,126,33.496,-117.149,-0.429165229920175
937,126,33.64,-117.094,0.3503621988258706
938,126,34.314,-117.545,-0.2110977396175636
939,126,34.369,-117.658,0.7241459587902078
940,126,34.904,-116.823,-0.4444590433560566
6056,126,34.136,-117.213,-0.7820786300802325
6057,126,33.925,-116.389,0.3332910477436168
6058,126,34.04856,-116.57816,-0.4510485625625129
6059,126,33.92474,-116.54794,0.3435453109045038
941,127,34.07,-118.15,-0.7201201423220366
942,127,34.016,-119.362,-0.3710929587950934
943,127,33.817,-117.951,-0.3164784857737289
944,127,34.58,-118.199,-2.1998169972601795
945,127,34.758,-118.361,-1.1644011900399476
946,127,34.127,-118.059,-0.8466814999856647
947,127,34.13,-118.036,-0.2940639460015868
948,127,34.236,-118.439,-0.8772930421636286
949,127,34.1,-117.974,0.5596245989560299
950,127,33.965,-118.158,-1.032759112271318
951,127,34.127,-118.405,1.4682856652239042
952,127,34.132,-118.439,0.8026781531958913
953,127,34.286,-118.225,-0.2920923213688841
954,127,33.916,-117.896,0.4849133776897536
955,127,33.847,-118.018,0.7158062124284459
956,127,34.204,-118.302,-1.28986736264181
957,127,34.208,-119.079,-0.1934903635502407
958,127,34.212,-118.606,-0.8207692475322149
959,127,34.419,-118.426,0.0429597595749096
960,127,33.812,-118.27,-0.4385720289261427
962,127,34.564,-118.642,1.538326208937472
963,127,33.899,-118.196,-0.3004761328384406
964,127,34.078,-117.871,-0.6181167523259916
965,127,34.087,-117.915,-0.1364559606006371
966,127,33.92,-118.137,0.4723578028020023
967,127,33.924,-118.167,1.3479055750252305
968,127,34.15,-117.939,-1.073141989007857
969,127,34.093,-118.019,0.4202072249411342
970,127,34.662,-118.387,-0.19798427307436
971,127,33.869,-117.709,1.050255400289303
972,127,33.79,-118.012,0.6303124940130914
973,127,34.2,-118.231,0.3233124873107027
974,127,34.137,-117.883,-0.7562046931897255
975,127,33.99,-117.943,-0.7638112487734007
976,127,33.731,-117.023,1.2117715449939508
977,127,34.088,-118.365,-0.2981626466464215
978,127,33.727,-118.044,0.1216625340283378
979,127,33.662,-117.997,0.3692860974176282
980,127,33.905,-118.279,-0.4059956090681897
981,127,34.312,-118.496,-0.5764037769212697
982,127,34.313,-118.498,0.3473263044179018
983,127,33.929,-118.26,0.52368438965862
984,127,34.009,-118.361,0.1943799243039013
985,127,34.063,-118.463,-0.5208505734114264
986,127,34.001,-118.431,1.2629818070282404
987,127,34.063,-118.418,0.0335237944004245
988,127,34.086,-118.481,-0.1146053379815234
989,127,34.053,-118.171,1.355681306447727
990,127,34.088,-118.222,0.4464287091513257
991,127,34.004,-118.23,-0.0717106713216953
992,127,34.115,-118.244,0.1564253654457003
994,127,34.09,-118.339,0.7703717937499484
995,127,34.089,-118.435,0.0601796393541449
996,127,34.111,-118.189,-0.1198868608836188
997,127,34.082,-118.298,1.1853010558224737
998,127,34.037,-118.178,2.555628105352741
999,127,34.043,-118.271,-0.5158694993093278
1000,127,34.005,-118.279,0.974481497739774
1001,127,34.021,-118.287,-0.956639329421212
1002,127,34.046,-118.355,1.7399905767542363
1003,127,34.24892,-118.4789,0.2999464752423542
1004,127,34.059,-118.246,0.1778175492906597
1005,127,34.068,-118.439,1.2235452595529517
1006,127,34.062,-118.198,1.73990044248206
1007,127,34.045,-118.298,-0.6048012710855697
1011,127,34.106,-118.454,0.868204486421691
1012,127,34.294,-118.483,-1.1844633848894195
1013,127,33.768,-118.196,-1.649452308116875
1014,127,33.84,-118.194,-0.8543534752892967
1015,127,34.238,-118.254,-0.8407309002996345
1016,127,33.921,-117.973,1.1437403416440275
1017,127,34.026,-117.918,0.3349701487774501
1018,127,34.674,-118.43,-1.1082762081358348
1019,127,34.571,-118.56,0.0149551153556706
1020,127,34.65,-118.478,-1.2723962286677937
1021,127,34.65,-118.477,-2.2041358501323627
1022,127,34.608,-118.558,0.2803553866677883
1023,127,33.846,-118.099,0.5896107893215138
1024,127,34.739,-118.214,-0.7128427200177289
1025,127,33.897,-118.346,-0.5019175654381419
1026,127,34.594,-118.242,-1.0486913655389734
1027,127,34.595,-118.243,-1.1959204162349373
1028,127,34.596,-118.243,-0.8514046764367166
1029,127,34.598,-118.242,-1.1713209745862103
1030,127,34.6,-118.241,-0.1990860193454169
1031,127,34.604,-118.244,-0.0021466968732016
1032,127,34.486,-117.98,-0.7510972803828508
1033,127,34.013,-118.8,-1.0594582383833675
1034,127,33.886,-118.389,0.3478306775928165
1035,127,35.07,-118.175,-0.3453455539473129
1036,127,35.042,-118.377,-0.3745992530317662
1037,127,33.99,-118.114,0.7316454865781734
1038,127,34.288,-118.881,0.1821424546845842
1039,127,34.233,-117.661,0.3587488456859057
1040,127,34.224,-118.057,0.9427837959902514
1041,127,34.194,-118.412,-0.8366237750546766
1042,127,34.848,-118.536,-0.957336158142759
1043,127,34.387,-118.533,0.2821029441460937
1044,127,34.391,-118.622,-1.2779424680213196
1045,127,33.634,-117.902,-0.3886790620387492
1046,127,33.623,-117.931,0.9690997733668398
1047,127,34.209,-118.517,-0.8595444374193227
1048,127,34.042,-118.554,0.4822198179741195
1051,127,34.296,-118.375,-0.8141016037092536
1052,127,34.581,-118.135,-0.9606116309055592
1053,127,34.435,-118.582,-0.5494589418948047
1054,127,34.168,-118.078,0.9851987831690722
1055,127,34.467,-117.52,0.0514979528865283
1056,127,33.96,-118.432,-1.0786795557505868
1057,127,34.109,-119.065,0.8808124716789436
1058,127,34.145,-119.206,-0.4201834487158714
1059,127,34.169,-117.579,0.4579201005151318
1060,127,33.746,-118.396,-0.5159559404856323
1061,127,33.74,-118.335,1.0501659299747803
1062,127,34.281,-118.478,0.3023329461149729
1063,127,33.951,-117.446,0.5617283895255689
1064,127,33.787,-118.356,0.3209089052642451
1065,127,34.87,-118.206,-0.842879912813822
1066,127,34.183,-117.321,0.2978965568017357
1068,127,34.065,-117.292,1.5345852808245908
1069,127,34.091,-118.093,0.968214516502074
1070,127,33.787,-116.958,2.2125083586139405
1071,127,34.115,-118.13,-0.0136916658733396
1072,127,33.722,-118.309,0.3417761485613905
1073,127,34.743,-118.724,-0.5575429947794162
1074,127,34.422,-119.851,1.0578495118957398
1075,127,33.944,-118.087,0.4766752532692809
1076,127,34.011,-118.49,2.43601680708778
1077,127,34.232,-118.71,-0.904862883404718
1078,127,33.757,-118.084,-0.0667261222254422
1079,127,34.264,-118.666,0.6122305927112411
1081,127,34.221,-118.421,-0.6658037635736576
1082,127,34.269,-118.303,-1.9625347126172243
1083,127,34.311,-118.49,0.3716977116451235
1084,127,34.312,-118.481,0.0101844545539159
1085,127,34.326,-118.444,0.0014997268484174
1086,127,34.16,-118.534,3.7913340445555903
1087,127,33.736,-118.269,1.1707661065444492
1088,127,34.084,-118.6,-0.1569761356494782
1089,127,33.7278,-117.824,0.2519754047082149
1091,127,34.276,-119.293,-0.4089666022398562
1092,127,33.821,-117.818,-0.6761562915280415
1093,127,34.064,-117.952,-0.9271602810955584
1094,127,34.015,-118.029,-0.6924136981445522
1095,127,34.381,-117.737,-0.4541481411191886
1096,127,34.314,-117.545,-0.3092973694589517
1097,127,34.369,-117.658,-0.0847081480543466
1179,137,23.7192,120.4125,-0.3606701164624549
1180,137,23.6013,120.1715,0.172441147515545
1181,137,23.5815,120.552,0.7757560392471881
1182,137,23.4853,120.2692,0.5018527129040564
1183,137,23.4653,120.544,0.4783052168894556
1184,137,23.3328,120.1523,-0.8666703247711872
1185,137,23.2963,120.5828,1.7475795107310577
1186,137,23.355,120.4052,0.9994766930081324
1187,137,23.2212,120.1532,0.7562561813936597
1188,137,23.2147,120.268,-0.7406249396486106
1189,137,23.1795,120.4778,-0.3840309683274102
1190,137,23.0457,120.4615,0.0033313278247207
1191,137,22.9655,120.28,-0.1910204101493826
1192,137,23.757,120.6062,-0.2171857302266309
1193,137,23.7795,120.5137,-0.2011119847641898
1194,137,23.7987,120.4113,-1.3990734917958318
1195,137,23.752,120.2468,-1.3413583614498223
1196,137,23.632,120.6052,2.122325961151103
1197,137,23.6135,120.5282,0.3619309935806569
1198,137,23.5799,120.291,-0.5539721411807772
1199,137,23.5407,120.2153,-0.95907597938444
1200,137,23.5212,120.5443,0.857256845831278
1201,137,23.52,120.584,0.5193746729623779
1202,137,23.6073,120.4788,0.8099153690823794
1203,137,23.5207,120.344,-0.3936266356929892
1204,137,23.4388,120.5957,2.380506473368581
1205,137,23.3583,120.5833,-0.6253468916476451
1206,137,23.3832,120.1635,-0.7099200889206139
1207,137,23.4765,120.4632,0.4515485832254274
1209,137,23.2803,120.4083,0.059357984865836
1210,137,23.2878,120.501,0.4753935474815808
1212,137,23.2698,120.2705,0.4401871634017995
1213,137,23.1495,120.4098,-0.9932923479256468
1214,137,23.1725,120.3192,-0.8343540304290057
1215,137,23.184,120.1025,-0.6515829884395603
1216,137,23.1243,120.2392,-0.8657527071781036
1217,137,23.0768,120.5107,-1.1289476452198337
1218,137,23.1213,120.45,-0.2877430909838032
1219,137,23.027,120.3402,-0.0222892723863694
1220,137,22.906,120.345,1.3267693534750675
1221,137,22.9205,120.2078,-0.2169482826860089
1222,137,22.999,120.1837,0.0225148895662253
1223,137,22.9737,120.1815,-0.6723809378980459
1224,137,22.971,120.2286,-0.6777372451776145
1225,137,23.0648,120.1645,0.0561352033170403
1226,137,23.5103,120.8052,-0.3575539662099307
1229,137,23.1848,120.528,-1.0122859475985528
1230,137,23.5972,120.6777,1.6933700966890937
1231,137,23.267,120.488,-1.149708681886478
1232,137,23.7237,120.2975,-1.048049272719052
1233,137,23.351,120.5932,0.8252720416919854
1234,137,23.3845,120.519,0.2651247108745365
1235,137,23.3462,120.4293,1.2297919378831133
1236,137,23.2673,120.2163,-0.2259660085765424
1237,137,23.7913,120.4783,-1.0925506046932696
1238,137,23.6538,120.1472,-0.7983098566011608
1239,137,23.7935,120.3205,-1.4657563963090443
1240,137,22.983,120.2327,-0.6153297202954479
1241,137,23.1373,120.2802,-0.4267725960818766
1242,137,23.2272,120.3418,-0.4720753099920101
1243,137,23.6862,120.5622,1.2670093118554728
1245,137,23.6695,120.4648,-0.1943141380528869
1249,137,23.0775,120.1082,-0.0945868589269322
1257,137,23.6608,121.414,1.17679313000387
1258,137,23.6732,121.4173,0.4172285894480091
1259,137,23.9877,121.6173,-0.1463111992676845
1260,137,23.9925,121.6165,0.3933673952533249
1261,137,23.9962,121.5858,0.4869170939630503
1262,137,23.993,121.6233,-0.0706935466791323
1263,137,23.978,121.591,1.0153174828293716
1264,137,23.9732,121.5993,0.5857600974549332
1265,137,23.9757,121.553,0.2678667187372152
1266,137,23.9648,121.56,0.4309337053481048
1267,137,23.9497,121.5392,0.3274728042696173
1268,137,23.977,121.605,1.324030759051897
1269,137,23.8137,121.4328,-0.224909476691868
1270,137,24.2675,121.7325,1.0600445559148897
1271,137,24.08,121.5955,-1.1073087002070592
1272,137,23.3522,121.297,-2.4356347855910787
1273,137,24.163,121.6447,-0.151781153965787
1274,137,24.1185,121.6165,-0.4014917655484963
1275,137,24.055,121.591,0.7776949536719421
1276,137,24.0172,121.6013,0.4382678351514137
1277,137,23.9373,121.5702,0.5335210885937158
1278,137,23.7852,121.4488,0.0475035372484502
1279,137,23.7653,121.4922,0.806548285729056
1280,137,23.7108,121.412,1.2617587595452178
1281,137,23.6867,121.4747,1.6579061362542622
1282,137,23.5905,121.3772,0.9392652031853772
1283,137,23.732,121.4362,0.3699750068270391
1284,137,23.4995,121.367,-0.534294693499084
1285,137,23.4542,121.384,0.782484668021669
1286,137,23.4615,121.3445,-1.084505016724253
1287,137,23.3845,121.3523,-0.1103758518771645
1288,137,23.2675,121.2942,0.0713408404641316
1289,137,23.7092,121.54,0.1623419068598987
1290,137,23.6538,121.5268,-0.0737842226003231
1291,137,24.3095,121.7405,1.943964457942489
1292,137,24.1492,121.6213,0.6547485580875382
1293,137,24.0113,121.5715,1.3213870254052975
1294,137,23.9952,121.5577,0.5092317642110198
1295,137,23.9897,121.584,0.4759848053991012
1296,137,23.8703,121.548,1.5315710229330306
1298,137,23.4317,121.3398,-1.7855731723688173
1299,137,23.3232,121.3323,0.111042906018489
1300,137,24.1795,121.5077,0.4570878509183205
1301,137,24.16,121.61,0.8494035202182477
1302,137,23.9672,121.484,0.4405716364025346
1303,137,23.8713,121.5005,1.0057490294527656
1304,137,23.8703,121.59,-0.9937238291692686
1307,137,24.845,121.7973,0.4356487420975644
1308,137,24.7982,121.7813,0.5888145081394451
1310,137,24.6978,121.8052,0.6091291061277043
1311,137,24.6412,121.825,0.722161756270392
1312,137,24.5943,121.8462,1.0760415081160408
1313,137,24.7088,121.7628,0.5943730354356415
1314,137,24.619,121.7812,0.3607611918298281
1315,137,24.7807,121.7335,0.7197340087629444
1316,137,24.732,121.7294,1.9356419025511635
1317,137,24.6945,121.7202,0.3909539663096154
1319,137,24.749,121.684,0.64887858703024
1320,137,24.7135,121.644,0.6879631099295088
1321,137,24.6448,121.588,-0.6322618091412399
1322,137,24.6893,121.7603,1.0425951087828609
1323,137,24.7278,121.755,1.4150781424798022
1324,137,24.5995,121.8337,1.1299788459784612
1325,137,24.6242,121.8272,-0.0277193782022344
1326,137,24.8241,121.7603,0.3482910364861924
1327,137,24.7883,121.7513,0.0039944024244324
1328,137,24.7455,121.7142,0.7144300775288814
1329,137,24.765,121.7212,-0.1088767479522572
1330,137,24.7233,121.7917,1.042543708789193
1331,137,24.6903,121.792,0.6194839205752166
1332,137,24.629,121.7347,0.5123479932815536
1334,137,24.666,121.7338,0.5372699854858625
1335,137,24.7663,121.7612,0.9227797607607192
1336,137,24.7655,121.748,0.3781871055870463
1337,137,24.428,121.7407,0.4893912608677164
1338,137,24.7212,121.667,0.5141427531200315
1339,137,24.6092,121.8488,-0.5307382577300281
1340,137,24.9732,121.9183,-0.3803460402049267
1341,137,24.7387,121.8083,0.8132620726432692
1342,137,24.7622,121.8088,0.4564284199940421
1343,137,24.6667,121.8205,0.3636786560712458
1344,137,24.5233,121.825,-0.0347947929958792
1345,137,24.4677,121.7933,0.7322927994671953
1347,137,24.477,121.7787,0.3902771387923405
1348,137,24.4473,121.7707,0.9538182259427976
1349,137,24.44,121.3728,1.8237959801633872
1350,137,23.1618,120.6355,-1.7137295282226943
1352,137,22.591,120.3173,-1.322801855798168
1353,137,22.6462,120.3585,-1.104847600329923
1354,137,22.6295,120.3672,-0.8303020141519853
1355,137,22.7873,120.279,-1.0232974795097858
1357,137,22.8797,120.3707,0.7603600666549651
1358,137,22.656,120.3317,-0.8791592630558139
1359,137,22.891,120.4738,-1.1198975851864068
1360,137,22.902,120.5352,0.1113473443917694
1361,137,22.6707,120.491,-0.9965516990522568
1362,137,22.6108,120.5588,-0.5545093210179511
1363,137,22.5462,120.4528,-0.514301760391785
1364,137,22.4643,120.4535,-1.2441832457965258
1366,137,22.2617,120.6432,-0.6013618941325596
1367,137,22.1922,120.6853,-1.718729187090002
1368,137,22.0982,120.7418,-1.6752689309375202
1369,137,22.1905,120.8703,-2.1950779034961165
1371,137,21.9137,120.8403,-0.2902390647249284
1372,137,22.4397,120.5028,-0.2946720397377348
1373,137,22.0055,120.738,-0.4786533305921438
1374,137,23.0817,120.5827,-1.09072862989632
1375,137,22.7252,120.4908,-0.5762631095162251
1376,137,23.1625,120.7573,-1.3943505681281627
1378,137,21.9433,120.8053,-1.227904195786974
1379,137,23.2777,120.7128,-0.6575125824870022
1380,137,22.6342,120.2633,-1.458267932943618
1381,137,22.6495,120.3203,-1.1440129320194514
1382,137,22.6237,120.2843,-0.5450014151135681
1383,137,22.9053,120.1732,-0.5975974515503018
1384,137,22.7852,120.2385,-0.4963654806098795
1385,137,22.7303,120.3412,-0.5596387437876367
1386,137,22.8873,120.6567,-0.849953795031503
1387,137,22.5348,120.5362,-0.9722069033969764
1388,137,22.574,120.5663,-0.9994401979191352
1389,137,22.4903,120.499,-0.6012001787424028
1390,137,22.747,120.7233,-1.2291998247353504
1391,137,22.7112,120.6412,-0.2520470531004638
1392,137,22.0095,120.7367,-0.2485692797307618
1393,137,21.9428,120.7238,0.2170996380376683
1394,137,22.5673,120.4475,-1.2905660864398447
1395,137,22.8858,120.3222,-0.079648160300173
1396,137,22.795,120.295,-0.5479279736003224
1397,137,22.6128,120.3113,-0.6517045365835901
1398,137,22.6461,120.306,-1.060900756797715
1401,137,24.6312,121.0005,2.855998024345
1403,137,23.5672,119.5552,-0.0695422469217274
1405,137,22.746,120.632,-1.1731567402736265
1408,137,25.0392,121.507,-0.0119589909173945
1409,137,25.0863,121.45,1.90878058418978
1411,137,25.0947,121.5093,1.08174061699823
1412,137,25.0758,121.5083,1.6198429238603167
1413,137,25.0758,121.5273,0.6772299877122542
1414,137,25.063,121.4813,1.606300630593755
1415,137,25.0563,121.5078,1.1008301338172115
1416,137,25.0572,121.5253,1.0459235682075063
1417,137,25.0578,121.5442,1.4169514129262375
1418,137,25.0528,121.448,1.6807526562762227
1419,137,25.0388,121.5263,0.5467149069722105
1421,137,25.0203,121.4652,0.4677375873668092
1422,137,25.017,121.5027,0.8381833844320712
1423,137,25.0045,121.5073,0.1740779570102446
1424,137,25.0007,121.4748,1.837275634303984
1425,137,24.955,121.5303,0.662086398121236
1426,137,24.9239,121.535,1.0984481048957837
1427,137,24.9043,121.5447,-0.3655335011076412
1428,137,25.183,121.4167,1.470333847784136
1429,137,25.1255,121.4532,1.620836002790354
1430,137,24.9913,121.41,0.936180003499767
1432,137,24.9538,121.3375,0.2430895985241118
1433,137,25.148,121.4365,1.997781877331836
1434,137,25.1008,121.4403,1.684976242414342
1435,137,25.0817,121.3828,2.037391371650219
1436,137,24.959,121.5143,1.4462830329644685
1437,137,25.1565,121.6855,0.0127110266749529
1438,137,25.1572,121.7237,0.481971077143293
1440,137,25.1865,121.5202,1.245066905964633
1442,137,25.0082,121.9882,0.2055284242407538
1443,137,24.9913,121.65,0.2870672843094896
1446,137,25.056,121.872,0.8862731862635898
1447,137,25.0237,121.906,-0.2834646346109579
1448,137,25.0182,121.9808,-0.1053723103359596
1449,137,25.2595,121.4938,0.9206912090920936
1450,137,25.2252,121.6295,-0.3649332879598935
1452,137,25.1008,121.4177,1.2356215635594898
1453,137,25.0573,121.5945,1.917910034408468
1454,137,25.141,121.4758,1.449157321456826
1455,137,25.1353,121.4913,2.557957311896696
1456,137,25.0207,121.5299,0.9015061263126156
1457,137,25.103,121.5395,1.1399173075823008
1458,137,25.0351,121.519,1.0426415658102897
1459,137,25.071,121.781,2.6976088847518707
1462,137,25.0473,121.1357,0.7617801217937904
1463,137,24.9118,121.1405,0.778099464277312
1464,137,25.0015,121.3097,0.7520028812249285
1465,137,25.0092,121.2062,0.8103983208276826
1466,137,24.9655,121.22,0.6724672663839166
1467,137,25.0003,121.1533,1.1019024480780435
1468,137,24.8855,121.2783,0.62254243122746
1469,137,25.0463,121.3075,0.9841697778165291
1470,137,24.7572,120.9345,0.9207344360645412
1471,137,24.7808,121.0068,0.5930911722185309
1472,137,24.88,121.0535,0.0665189515053732
1473,137,24.7065,121.176,0.1254985989721961
1474,137,24.7757,121.075,0.9594540304967544
1475,137,24.5588,120.7492,0.65750346956796
1476,137,24.5615,120.701,0.0543056588535494
1477,137,24.6855,120.8623,1.199110091890892
1478,137,24.639,120.8568,1.6359992822592029
1479,137,24.4488,120.6963,-0.4062791090863611
1480,137,24.4912,120.663,0.1516682566310056
1481,137,24.4917,120.7837,0.2764515384157213
1482,137,24.4497,120.6455,-0.4411416246975539
1483,137,24.5542,120.8077,1.1313772358190286
1484,137,24.5412,120.9137,3.44923290476736
1485,137,24.4683,120.8543,-0.7673067642731223
1486,137,24.6188,120.9387,2.920903618644065
1487,137,24.18,120.594,-0.8541465950899151
1488,137,24.179,120.6902,-0.4394275756763069
1489,137,24.1815,120.6338,-1.1164932771787284
1490,137,24.1603,120.6518,-0.7720599303189372
1491,137,24.198,120.7393,-0.5521980703806872
1492,137,24.1935,120.6688,-0.903676188154536
1493,137,24.1612,120.675,-1.1525615740609343
1494,137,24.1392,120.6643,-0.7059347201185063
1495,137,24.1588,120.6238,-0.9738721658524282
1496,137,24.1732,120.6107,-0.813986426861998
1497,137,24.2687,120.5637,-0.302763916824993
1498,137,24.2247,120.644,-1.305223449747609
1499,137,24.1355,120.549,-0.472128123691897
1500,137,24.1083,120.6158,-0.940551466181608
1501,137,24.3457,120.61,-0.8296136384783614
1502,137,24.0588,120.6912,1.2935852925828577
1503,137,24.0912,120.72,0.028627222294652
1504,137,24.2772,120.7658,0.0451666433791748
1505,137,24.196,120.5403,0.3401098752724717
1506,137,23.9855,120.7883,0.1983116100030394
1507,137,24.0407,120.8488,-0.5866482995374893
1508,137,23.9622,120.9618,0.2190852294826265
1509,137,23.9827,120.6778,-0.6540308212038635
1510,137,23.9077,120.6757,0.4957119138551495
1511,137,23.812,120.8455,-0.750882162412999
1512,137,23.8395,120.8942,0.1764378533074355
1513,137,24.8022,120.9695,0.3372542134537614
1514,137,24.1475,120.676,-1.0362672204890608
1515,137,24.97,121.1867,1.1331909655335952
1516,137,23.883,120.8998,0.952581761200778
1518,137,24.3482,120.7733,-1.8401574410116144
1519,137,24.2533,121.1758,3.205635748595644
1520,137,23.9037,120.8565,-1.2687538368890954
1521,137,25.0117,121.2792,0.7782681843291789
1522,137,24.7695,121.0488,0.5404480936221672
1523,137,24.6917,121.0135,4.0631532127482295
1524,137,24.7957,120.9558,0.3463374043125519
1525,137,24.7433,120.899,0.4425079205074523
1526,137,24.1858,120.6153,-1.4499328657180426
1527,137,24.242,120.7092,-0.9393379939408908
1528,137,24.2493,120.7208,-0.7064328304486904
1529,137,24.3098,120.7072,-1.3561891895703595
1530,137,24.2455,120.6018,-1.6279975733087249
1531,137,24.239,120.559,-0.7134758812949237
1532,137,24.0833,120.5518,-0.5416992946137552
1533,137,24.0727,120.5402,-0.7236702119760495
1534,137,24.0848,120.5713,-0.5005309599601478
1535,137,23.9622,120.5695,-0.3769753399757172
1536,137,24.1137,120.4872,-0.8106052391448614
1537,137,24.0557,120.424,-1.436225380284221
1538,137,23.8928,120.3865,-1.1966264020535822
1539,137,23.9595,120.4693,-0.9158100623531352
1540,137,23.8568,120.5803,-0.6626983188416953
1541,137,24.1335,120.4598,-0.1288258609919291
1542,137,24.0027,120.4235,-0.7353453368963094
1543,137,23.9242,120.3122,-1.0793438881533632
1544,137,23.9803,120.613,-0.4294202996930041
1545,137,23.8128,120.6097,-0.2606038439353258
1546,137,24.0187,120.5437,-0.7008521965611542
1547,137,24.4162,120.7607,-0.4851594863125543
1548,137,23.8783,120.6843,1.5683870963990107
1549,137,24.2603,120.6518,-1.001495531086411
1550,137,23.9223,120.5955,-0.1706725883578353
1551,137,23.9578,120.3593,-1.3665923158645483
1552,137,23.8338,120.464,-1.135929724486355
1553,137,23.98,120.3368,-1.006194700962719
1554,137,24.8592,121.2475,1.5752295045006632
1556,137,23.3178,121.4425,0.1345760606578665
1557,137,22.9738,121.2968,-1.2579700901475492
1558,137,22.6178,120.9975,-1.3482865511457502
1559,137,22.9102,121.1287,-0.6960345383389971
1560,137,22.7568,121.1403,-1.394624751649115
1561,137,22.7717,121.1378,-1.8540121459117624
1562,137,22.7647,121.1427,-1.8891873476265213
1563,137,22.7602,121.1517,-1.616667383621387
1564,137,22.7488,121.1442,-1.107455122926959
1565,137,22.74,121.1135,-1.4164568307160288
1566,137,22.7662,121.133,-1.7453733988864406
1567,137,22.7678,121.1277,-2.6013002330088537
1568,137,23.0992,121.3653,-0.4815647188303562
1569,137,22.754,121.1465,-1.134954549687387
1571,137,22.8207,121.0717,-1.228065613132659
1572,137,23.1268,121.2057,-1.8553860025001665
1573,137,23.0973,121.2105,-0.1390390570427493
1574,137,23.053,121.1557,-0.2787562820228971
1575,137,22.9725,121.1083,-1.528606556145656
1576,137,22.9045,121.072,-0.1434901149388508
1577,137,22.863,121.083,-1.2044886073009318
1578,137,22.8078,121.086,-1.1256578321193875
1579,137,22.779,121.0543,-1.788441017217118
1580,137,23.3563,121.4603,0.4502977623255823
1581,137,23.2462,121.4055,0.2681512256881235
1582,137,23.193,121.3878,-0.9945396801504331
1583,137,22.7988,121.1855,-1.1457849907479587
1584,137,23.1512,121.198,-1.6320271809580889
1585,137,23.1342,121.1177,-0.2560824795104826
1587,137,23.0068,121.1655,-0.4388905195207341
1588,137,22.9757,121.1478,-1.1303082467043792
1589,137,22.9658,121.232,1.0232015763826432
1590,137,22.8402,121.131,-1.3528133449077502
1591,137,22.773,121.0827,-1.5665312957301112
1592,137,22.674,121.0293,-1.0412425922361153
1593,137,23.1887,121.0168,-2.006939270593729
1597,137,23.8635,120.2812,-1.4126580722565918
1690,151,34.016,-119.362,0.0115328865563433
1691,151,34.58,-118.199,-1.033361368894601
1692,151,34.236,-118.439,-0.854213516043289
1693,151,34.127,-118.405,0.3750718956039201
1694,151,34.286,-118.225,0.9736882649283372
1695,151,34.204,-118.302,-0.6629944536966024
1696,151,34.168,-118.331,0.9403835999085924
1697,151,34.15,-118.696,0.8948459347275994
1698,151,34.564,-118.642,0.1442017006218518
1699,151,34.662,-118.387,-0.5714665138515895
1700,151,34.088,-118.365,-0.3746166261374868
1701,151,33.905,-118.279,-1.1620105235799625
1702,151,34.312,-118.496,0.7495138408525999
1703,151,34.313,-118.498,0.9549686094777656
1704,151,33.929,-118.26,-0.9896569205089688
1705,151,34.009,-118.361,-0.4698258424984555
1706,151,34.063,-118.418,0.3347459098856448
1707,151,34.053,-118.171,0.0827801225421224
1709,151,34.09,-118.339,1.5060546103198458
1710,151,34.089,-118.435,-0.7026054483050128
1711,151,34.059,-118.246,-0.92855282323743
1712,151,34.062,-118.198,-0.5564958174441007
1713,151,33.976,-118.289,-0.3871163817093726
1715,151,34.238,-118.254,-0.0604694664934008
1716,151,34.571,-118.56,-0.8921433426013652
1717,151,34.486,-117.98,-0.7091795476145458
1718,151,34.013,-118.8,-0.2632079510280052
1719,151,34.39,-118.08,1.0325901096948251
1720,151,34.387,-118.533,-1.1267218588535906
1721,151,34.209,-118.517,-0.2039317763120662
1722,151,34.296,-118.375,0.6295545905348294
1723,151,34.581,-118.135,-0.7223082078986596
1724,151,34.222,-118.442,-0.7912245043159853
1725,151,34.1367,-118.129,-0.2672434546336259
1726,151,34.169,-117.579,0.245039540554414
1727,151,34.281,-118.478,1.7636564135565096
1728,151,34.115,-118.13,-0.2482022179473546
1729,151,34.011,-118.49,0.2830659854914172
1730,151,33.757,-118.084,-1.3926994914828996
1731,151,34.264,-118.666,-0.1173870437323202
1732,151,34.221,-118.421,-0.7557107962199211
1733,151,34.235,-118.366,1.260126706812009
1734,151,34.269,-118.303,-0.4052482848317684
1735,151,34.311,-118.49,0.4437461931598392
1736,151,34.312,-118.481,-0.1122604570429608
1737,151,34.306,-118.437,0.7500632625893785
1738,151,34.16,-118.534,1.0366370779869525
3765,151,34.425,-117.964,0.3262363078263574
3766,151,34.326,-118.444,0.2056380353617481
3767,151,34.16,-118.532,0.6895795746553727
3768,151,34.068,-118.439,0.3405853837352308
3769,151,34.04,-118.445,0.5063339429296592
3770,151,34.24892,-118.4789,0.3023420885624543
3773,151,34.086,-118.481,-0.5337938894886567
3774,151,34.212,-118.606,0.2473461130584464
3775,151,34.146,-118.412,0.985529546086016
3776,151,34.194,-118.412,-1.062484353746531
3777,151,34.358,-118.571,1.3405847513104254
3778,151,34.2,-118.231,1.2675235155430518
1758,158,33.915,-118.066,-0.3734609062779947
1759,158,34.0842,-118.152,-0.417164653231878
1760,158,34.177,-118.096,0.386214189826474
1761,158,34.56,-115.743,0.7019994765960108
1762,158,33.607,-116.453,-0.6744078727859626
1763,158,33.6022,-116.756,-0.69115998170127
1764,158,34.236,-118.439,0.0708032769710137
1765,158,35.271,-116.066,0.2757229408486152
1766,158,33.869,-116.824,-1.9299594437080845
1767,158,34.887,-117.047,-0.7866679834520696
1768,158,34.07618,-118.3959,-0.3921956727485414
1769,158,34.241,-116.872,1.180913922470313
1770,158,33.3527,-115.733,-0.3658324394461107
1771,158,34.1949,-118.354,0.8250782813645463
1772,158,33.91761,-116.78329,-1.3224946435826268
1773,158,34.155,-118.641,-0.8343291301303533
1774,158,34.564,-118.642,1.7016983875458558
1775,158,33.962,-116.509,-0.6737221380933123
1776,158,34.235,-117.407,-0.1133958251129093
1778,158,32.7806,-115.5681,-1.4830986499000152
1779,158,33.869,-117.709,0.4544707688490743
1780,158,34.397,-118.918,1.463565216553167
1781,158,34.088,-116.919,-0.5330297136201843
1782,158,35.268,-116.684,0.6086448785511834
1783,158,33.398,-115.657,0.9495378938174084
1784,158,33.925,-116.389,-0.3433633539563846
1785,158,34.161,-116.799,0.260372840567239
1786,158,34.8294,-116.335,-0.2240511155777926
1787,158,33.729,-116.979,0.0932655528101436
1788,158,34.405,-117.313,-0.1467469873406006
1789,158,33.662,-117.997,0.0754772003320244
1790,158,33.717,-116.155,0.1791438702676818
1791,158,33.715,-116.221,0.2394627177525914
1792,158,34.313,-118.498,1.5587255816354886
1793,158,34.13,-116.314,-0.5306304674072306
1794,158,33.925,-116.172,-0.3180928026992216
1796,158,34.053,-118.171,0.9765043956518816
1798,158,34.037,-118.178,0.4702427228166834
1799,158,34.043,-118.271,-1.0243584032653827
1800,158,34.059,-118.246,0.1611665245780942
1801,158,33.943,-118.411,-0.6006122293731
1802,158,33.768,-118.196,-0.5090994437912051
1803,158,34.2096,-118.186,-0.1884061347747161
1804,158,34.674,-118.43,1.5223142245804129
1805,158,34.6172,-118.285,1.39827112764948
1806,158,34.5214,-117.991,1.0245970159005002
1807,158,34.073,-118.117,1.054053913883034
1808,158,34.233,-117.482,0.1970696369280893
1809,158,33.564,-115.987,0.7130798606606925
1810,158,34.067,-117.117,-0.6604972171840089
1811,158,34.079,-117.045,-0.2265387896294272
1812,158,34.04856,-116.57816,-0.6613353575855241
1813,158,34.387,-118.533,-0.4456529644612702
1815,158,33.92474,-116.54794,-0.8087662863059878
1816,158,33.421,-115.831,0.4801938216949035
1817,158,34.296,-118.375,1.0065243627152836
1818,158,34.57806,-118.11401,0.7331539316965582
1819,158,34.149,-118.15,0.7969885933923144
1820,158,34.056,-117.748,0.1285539095390088
1821,158,33.951,-117.446,-1.0051652126067334
1822,158,33.28,-115.984,0.1124541424618267
1823,158,34.1663,-117.251,-0.9383560587237494
1824,158,34.065,-117.292,0.2678718942603525
1825,158,34.091,-117.289,-0.5224080550561746
1826,158,34.14,-117.294,-0.3672871813502533
1827,158,34.103,-117.349,-0.5309797533256061
1828,158,34.047,-117.277,1.4588839860399816
1829,158,34.205,-117.365,-0.3154086477041979
1830,158,33.797,-116.88,-0.0184280529525321
1831,158,34.1105,-117.099,-0.0924255383961157
1832,158,33.888,-116.684,-1.4997204369586636
1833,158,34.327,-118.444,0.8459504860806818
1834,158,33.496,-117.149,0.82033846774136
1835,158,34.021,-116.009,-1.093410345074154
1836,158,34.4435,-117.853,0.8991287305223358
1837,158,33.99,-116.656,-1.0044931199175426
1839,158,34.02,-118.053,1.444482821919301
1840,158,34.314,-117.545,0.3968953362808868
1841,158,34.36,-117.629,0.2424545510648954
3779,158,34.07,-118.15,0.2951787203503945
3780,158,33.853,-117.857,0.2130745196885037
3781,158,33.854,-117.817,1.0654718301944974
3782,158,33.93,-116.972,-0.1322459381922246
3783,158,34.208,-119.079,0.6225957941823832
3784,158,34.224,-118.994,0.5525143940304851
3785,158,34.459,-118.65,0.4002131775002021
3786,158,33.8556,-117.54,-0.4019358026424312
3787,158,34.096,-118.23,-0.0746187646202947
3788,158,33.939,-118.098,0.6043752368630908
3789,158,33.889,-117.886,0.5365872965626387
3790,158,33.766,-117.918,-0.1577194028053458
3791,158,34.103,-118.316,0.765342526535794
3792,158,34.097,-118.352,-0.5949598651945386
3793,158,34.19897,-118.1737,-0.1396178648371706
3794,158,34.058,-118.252,-0.0940418145762666
3795,158,34.07,-118.346,-0.1381563812876738
3796,158,34.077,-118.286,0.4051529133017434
3797,158,34.14,-118.21,-0.1423968073184409
3799,158,34.037,-118.263,-0.5175898035811415
3800,158,34.059,-118.479,-1.582590227685383
3801,158,34.049,-118.29,-0.6675145950599637
3802,158,34.06,-118.448,-0.6174601244203992
3803,158,34.041,-118.348,-0.6436030660310875
3804,158,34.036,-117.95,0.5417537451298132
3805,158,34.013,-118.8,-0.6155654580894195
3806,158,34.273,-118.464,0.3057060720136528
3807,158,34.288,-118.881,0.1029265407726818
3808,158,33.604,-117.906,-0.1243459505543185
3809,158,33.605,-117.89,0.5199128178688744
3810,158,34.199,-118.396,0.4503445974068063
3811,158,33.777,-117.834,0.4334036890563167
3812,158,34.002,-118.077,-0.8715641803584199
3813,158,34.063,-117.784,-0.0473775012877312
3814,158,33.919,-117.488,-0.234328722574759
3815,158,33.979,-117.344,0.0586053563683296
3816,158,33.895,-117.32,-0.4055349937450537
3817,158,33.975,-117.486,-0.9564206835253868
3818,158,32.754,-117.164,-0.0109372193516154
3819,158,34.115,-118.13,-0.7565694339309613
3820,158,33.722,-118.309,-1.2869808363942266
3821,158,34.084,-118.6,-1.877615695647199
3822,158,34.139,-118.364,0.9946540101606676
3823,158,34.184,-118.447,0.3579181840505493
3824,158,34.219,-118.627,1.2590852150863352
3825,158,34.185,-118.623,0.7710256394610006
1867,161,34.074,-117.35,-2.8009352122888744
1868,161,34.058,-117.305,0.0708467564345131
1869,161,34.235,-117.407,-0.5962921086061682
1870,161,34.088,-116.919,-0.3033238402653019
1871,161,34.744,-117.334,0.7480293049838751
1872,161,33.729,-116.979,1.1366770523770633
1873,161,34.405,-117.313,-0.7402813589649037
1874,161,34.136,-117.213,-0.2002264463093024
1875,161,33.748,-117.127,0.4071701152951599
1876,161,33.74624,-116.2163,1.3977108280635455
1877,161,33.706,-116.235,1.49644736063632
1878,161,34.282,-116.453,1.2276959374239262
1879,161,34.05,-117.264,-0.0195963391915671
1880,161,34.233,-117.482,0.5147963846798428
1881,161,34.067,-117.117,-0.6450921340361683
1882,161,34.079,-117.045,0.3048159754338309
1883,161,33.921,-117.173,0.7227085906525282
1884,161,33.902,-117.234,-0.0731515307401333
1885,161,34.04856,-116.57816,1.5023330582455547
1886,161,33.92474,-116.54794,0.358034417867908
1887,161,34.439,-117.647,0.9731035808948733
1888,161,34.00469,-117.22393,-0.7414716358009437
1889,161,33.979,-117.344,0.4917618676651175
1890,161,34.1663,-117.251,-1.5863510622974897
1891,161,34.065,-117.292,-0.3145159145035405
1892,161,34.091,-117.289,-0.4971438346028
1893,161,34.069,-117.275,-0.3478242085403056
1894,161,34.14,-117.294,-0.7022865294661041
1895,161,34.165,-117.288,-0.6810848720705814
1896,161,34.103,-117.349,-1.2108798565427128
1897,161,34.12288,-117.28792,-0.2846486046311524
1898,161,34.135,-117.322,-0.237537234861499
1899,161,34.047,-117.277,0.8746738142901871
1900,161,34.096,-117.287,-0.4779502608094884
1901,161,34.14492,-117.21876,-0.244189308641148
1904,161,33.715,-117.191,0.5502325445840562
1905,161,34.4435,-117.853,0.9867710714508524
1906,161,33.99,-116.656,0.5631641640223547
1907,161,34.36,-117.629,1.018887257763622
1908,161,34.904,-116.823,1.8024002874637275
1909,161,34.004,-117.058,-1.0920693933392016
1916,163,32.838,-116.775,1.071663325821764
1917,163,33.607,-116.453,0.8676024084846229
1918,163,33.6022,-116.756,1.3941557769789437
1919,163,33.5558,-116.674,-1.3010450454433578
1920,163,33.93,-116.972,-0.7865318005377827
1921,163,34.241,-116.872,0.1919675270175369
1922,163,33.19373,-116.3289,-0.488671339778757
1923,163,33.91761,-116.78329,-0.5361137743265095
1924,163,32.6695,-115.493,0.8141750012561366
1925,163,33.699,-117.267,2.7069461254956684
1926,163,33.678,-116.178,0.9378559729840292
1927,163,33.876,-117.593,0.9945492486981322
1928,163,33.884,-117.514,0.2010955318592069
1929,163,32.8,-115.473,0.5825657122951352
1930,163,32.7806,-115.5681,0.922572315369073
1931,163,32.75172,-115.59516,1.2267646497779332
1932,163,32.829,-115.504,-0.0892681186948927
1933,163,33.925,-116.389,0.0185508302531858
1934,163,33.744,-116.931,0.2454053757672669
1935,163,33.751,-117.015,1.5315701251539386
1936,163,33.729,-116.979,1.1618559555459247
1937,163,34.136,-117.213,-0.3066784201453066
1938,163,33.708,-115.628,-0.0933707379566817
1939,163,33.748,-117.127,2.0725569699767217
1940,163,33.6758,-116.68,0.1766691085524235
1941,163,33.747,-116.715,1.0506493428382235
1943,163,33.6159,-116.621,1.4985541796636948
1944,163,33.723,-116.338,0.283633032676395
1945,163,33.74624,-116.2163,1.1667854741887629
1946,163,34.13,-116.314,-0.7501820061924626
1947,163,33.671,-116.3,2.2377177116188705
1948,163,33.669,-117.332,1.2981341825567283
1949,163,33.572,-116.076,-0.1720063573966062
1950,163,33.649,-117.205,0.7507806234962419
1951,163,34.079,-117.045,0.4355605203941262
1952,163,34.014,-117.511,0.6812289102692398
1953,163,33.921,-117.173,1.4153000935349254
1954,163,33.902,-117.234,0.2864377297188085
1955,163,33.968,-117.252,0.2282183173353175
1956,163,34.04856,-116.57816,0.1784481593165033
1957,163,33.57783,-116.58987,0.5698985181441667
1958,163,33.239,-115.512,-0.1688449914270895
1959,163,33.92474,-116.54794,-0.4414113746356161
1960,163,33.818,-117.312,2.234091543640621
1961,163,33.15569,-116.1679,0.0623598926597931
1962,163,33.758,-116.374,0.4438323272147482
1963,163,33.787,-117.23,0.9563642805760244
1964,163,32.954,-117.04,2.489966274248366
1965,163,33.482,-116.911,1.3117109892115817
1966,163,33.787,-116.41,0.6229416436881868
1967,163,34.00469,-117.22393,-0.1805196353266055
1968,163,33.919,-117.488,1.317982710954503
1969,163,33.917,-117.443,1.1376944762528738
1970,163,33.975,-117.486,0.6728639462839445
1971,163,33.895,-117.32,0.6151377032859866
1972,163,33.951,-117.446,1.5504476977375017
1973,163,33.58,-116.931,2.113814990348556
1974,163,34.1663,-117.251,0.733373433655667
1975,163,34.091,-117.289,-0.1515656948984981
1976,163,34.069,-117.275,-0.742357027819945
1977,163,34.14,-117.294,0.5355910297306039
1978,163,34.165,-117.288,0.0775520161729851
1979,163,34.12288,-117.28792,-0.228188250729996
1980,163,34.047,-117.277,-0.093919351409596
1981,163,34.14492,-117.21876,-0.2531850989128579
1982,163,33.82177,-116.96836,-1.1688847284945014
1983,163,33.787,-116.959,0.9586615082640656
1984,163,34.1105,-117.099,0.6067248205841332
1985,163,33.715,-117.191,2.07122426503244
1986,163,33.496,-117.149,-0.0852835011405992
1987,163,34.149,-116.084,0.5072264432826133
1988,163,33.99,-116.656,0.2567823091989857
8169,163,34.55046,-117.43391,0.092568656917953
8170,163,33.63838,-116.4011,1.7988582576172747
8171,163,34.68708,-118.29946,-1.0262360664643142
8173,163,32.68005,-116.67215,0.4437408409353645
8174,163,33.3527,-115.733,0.8651361710690108
8175,163,34.2623,-116.92075,-0.3352862412772101
8176,163,33.921,-116.981,-1.0776634431740792
8177,163,33.57508,-117.26119,0.0325171360546038
8179,163,34.23883,-117.65853,-1.195492333893889
8180,163,35.2693,-116.0703,-0.5582867260747595
8181,163,34.069,-116.39,-0.937497493538094
8182,163,33.268,-116.417,1.3577548594319913
8183,163,33.80776,-117.98116,-1.3165062095794386
8184,163,33.01213,-115.21987,-0.8712807949462444
8185,163,34.68224,-118.57398,0.1337511955520684
8186,163,33.38822,-117.19495,0.523161760642848
8187,163,35.52495,-117.36453,-0.1832289750076096
8189,163,33.999,-117.68,-0.3410492859333836
8190,163,33.4019,-118.41502,-1.709665762298884
8192,163,34.093,-117.317,-0.2604447632541425
8193,163,34.0602,-117.809,0.6718034582634218
8194,163,33.876,-117.561,0.3986855454730444
8195,163,33.655,-115.99,-0.6979493898124277
8197,163,34.63745,-115.38115,0.9805882864133156
8198,163,34.25353,-118.33383,-0.5646684185428092
8199,163,33.93597,-116.57794,-0.4029193877576948
8200,163,33.65,-117.009,0.4692470317426693
8201,163,34.10618,-118.45505,-2.294274014484029
8202,163,33.84822,-118.09624,-0.9923046451697792
8203,163,33.567,-116.631,0.5040603813829081
8204,163,32.999,-116.942,0.8011898663155625
8205,163,32.805,-115.447,-0.0237782179119083
8206,163,32.65915,-116.10061,0.4317013087528882
8207,163,34.88303,-117.99106,-0.5399116879834495
8209,163,33.11675,-115.82267,1.154244695636529
8211,163,33.71264,-118.29381,-2.487100550422811
8212,163,34.1,-117.439,-1.1423634598253851
8213,163,33.8717,-117.92251,-0.089680932332314
8215,163,33.051,-114.827,-1.6548928627871982
8216,163,33.1537,-117.22921,0.251663982019089
8217,163,35.30177,-116.80574,-1.5369905750439647
8218,163,34.8294,-116.335,-1.5583492199912723
8219,163,34.17643,-118.35967,-1.0996195119806054
8220,163,34.121,-117.219,-1.2682022382606166
8221,163,33.0859,-116.5959,0.4782511815116854
8222,163,35.9823,-117.8076,-0.014854669963387
8223,163,34.36622,-116.61266,-0.3407607619303943
8224,163,33.7141,-116.7119,2.179118655419869
8225,163,33.86889,-118.33143,-0.9797613304955683
8226,163,34.00033,-118.37794,-0.954201852455104
8227,163,35.13066,-115.18416,0.1543308976128258
8228,163,34.30529,-118.48805,-0.1424275143387112
8229,163,33.9753,-118.14918,-0.8764362210996636
8230,163,34.10819,-119.06587,-1.447390164774608
8231,163,34.61594,-117.82493,0.3472668106011108
8232,163,33.684,-117.943,-1.0036084040724305
8233,163,35.47954,-117.68212,0.4577557682837047
8234,163,33.881,-118.176,-0.8277662273551307
8235,163,34.3656,-117.36683,-1.3383621666559409
8236,163,33.3516,-116.5615,-0.8438332183018257
8239,163,33.818,-116.369,0.8977075929828049
8240,163,34.13688,-118.12601,0.3779455405277929
8242,163,34.005,-117.562,0.6402861060863354
8243,163,34.28085,-118.9049,-0.0675596081460601
8244,163,33.808,-116.968,0.7182723672189066
8246,163,34.22362,-118.05832,-0.1621785175108604
8247,163,34.8249,-114.59941,0.4692549435677543
8248,163,33.556,-115.946,0.2373123677064368
8249,163,33.788,-117.844,-0.9322814746207164
8250,163,33.94539,-117.92372,0.0599247780372096
8251,163,32.608,-116.93,0.947666648804831
8252,163,34.1484,-118.1711,-2.2530936915057547
8253,163,34.44199,-118.58215,-0.4011517177403113
8254,163,34.1207,-117.63808,-0.9380689198787234
8256,163,33.82436,-116.51195,0.3840725486043567
8257,163,33.354,-116.863,-0.1947508541084481
8258,163,33.7953,-117.60906,-0.8404217637578294
8260,163,33.63,-116.8478,1.6047676199955754
8261,163,34.281,-118.478,0.5787507678544942
8262,163,34.10473,-117.97956,-1.1120821843232958
8263,163,33.74346,-118.40412,-0.6949113129273906
8264,163,34.87533,-116.99684,-0.1652353485420644
8265,163,34.05073,-118.08085,-0.5875932966609796
8266,163,33.99351,-117.37545,-0.3377612629752059
8267,163,33.70432,-117.88578,-1.5027583404152505
8269,163,34.232,-117.235,-1.006075856010114
8270,163,32.9799,-118.54697,-0.5857745415831781
8272,163,34.43692,-119.1375,-0.8125132127866657
8273,163,35.8996,-116.27515,-0.2870808612546731
8274,163,33.48725,-117.68114,-1.3521666155859782
8276,163,34.01438,-118.45617,-1.0493336535876374
8277,163,34.27091,-118.74407,-0.731734870472584
8278,163,33.24787,-119.52437,-2.310573435222881
8279,163,32.841,-117.248,0.4341029282349736
8280,163,34.416,-118.449,0.1410984912883138
8281,163,34.05933,-118.64614,-1.0900629194787117
8283,163,33.829,-117.789,-1.4296211734718067
8284,163,33.1774,-115.616,-0.7692542822235189
8285,163,34.30302,-119.18676,-0.1520908170213143
8286,163,33.664,-117.769,-2.060955916581932
8287,163,33.79033,-118.19878,-1.4616892347300592
8288,163,34.106,-117.098,0.2338436423878669
8289,163,32.94508,-115.79988,0.070452001164329
8291,163,34.38203,-117.67822,-0.7750946630584693
8292,163,34.08377,-118.599,-1.5117526801277537
8294,163,33.63495,-116.16402,0.0151705377885448
8296,163,34.15607,-118.82039,-1.7567095967177226
8297,163,34.01919,-118.28631,-1.4869134825146917
8298,163,34.48364,-118.11783,-0.3415685390872676
8300,163,34.56065,-117.3296,1.087195923950387
8301,163,32.75904,-115.73161,0.9886639541610786
8302,163,34.00948,-117.95077,-0.3177531915024238
8303,163,34.1717,-118.64971,1.0003716134295328
8304,163,33.94869,-118.25547,-0.472544284047256
2046,167,33.84,-117.957,-1.669277091491717
2047,167,33.863,-117.742,-0.3337610387294077
2048,167,33.854,-117.817,0.3075805167569691
2049,167,33.933,-117.896,1.8675342660564216
2050,167,34.018,-118.147,-0.3091362728865851
2051,167,33.876,-117.593,-0.7485217355606051
2052,167,33.875,-117.636,-0.0953101443442245
2053,167,33.889,-117.886,-0.3164853928265658
2054,167,33.91,-117.93,-1.0958352320618772
2055,167,33.866,-117.958,-0.9362505235173728
2056,167,33.932,-117.955,-0.2012838259198668
2057,167,33.917,-117.443,-0.1751617217868754
6065,167,34.136,-117.213,0.6152830217480144
6068,167,34.069,-117.275,0.5621880909698798
6069,167,34.103,-117.349,-0.0038523443180934
6070,167,34.14492,-117.21876,1.4588481975206316
6071,167,34.14,-117.294,0.3838988195438798
6072,167,34.091,-117.289,1.3660296507055465
6073,167,34.073,-118.117,0.450087571664535
6074,167,34.2096,-118.186,0.020616765021096
6075,167,34.233,-117.482,2.1406866883658937
6076,167,33.927,-117.803,-1.2584334671503108
6084,167,33.919,-117.488,0.3452751995980368
6085,167,33.904,-117.561,-0.1222895128737004
6086,167,33.975,-117.486,-0.8046432716109412
6087,167,33.889,-118.047,-1.242822207419187
6088,167,33.962,-118.065,0.4981095198519518
6089,167,33.991,-118.121,0.7219560568644627
6090,167,33.898,-118.209,-0.3594122391211868
6091,167,33.999,-118.178,0.1548709909452917
6092,167,33.837,-118.072,-1.303319673634759
6093,167,33.92,-118.24,0.1499425082567164
6094,167,33.944,-118.246,0.4244773322044387
6095,167,33.939,-118.098,0.691899182611855
6096,167,33.846,-118.107,-0.7460522696763852
6097,167,33.946,-118.0,0.995341043019943
6098,167,33.969,-118.149,0.899614796930414
6099,167,33.818,-118.108,-0.4848906798575165
6100,167,33.798,-118.137,-0.2601489641715992
6101,167,34.125,-117.777,-0.8293323622173023
6102,167,34.065,-117.893,-0.0570194286791634
6103,167,34.422,-117.572,1.940711291858929
6104,167,34.112,-117.681,1.760545315162932
6105,167,34.014,-117.511,0.2879896739401674
6106,167,34.125,-117.454,0.8065629241169909
6107,167,34.056,-117.748,0.6331057507649813
6108,167,34.073,-117.938,-1.1725364321131375
6109,167,34.096,-117.287,1.675381617504918
6110,167,34.063,-117.784,-0.241564548766705
6111,167,34.036,-117.95,-0.1243789115093591
6112,167,34.076,-117.671,0.0049622758157916
6113,167,34.077,-117.621,0.8080573092846824
6114,167,34.133,-117.253,1.7256408374201242
6115,167,34.135,-117.322,0.531533387192813
6116,167,34.069,-117.398,0.1307280223085353
6117,167,34.1,-117.434,0.9105487842465292
6118,167,34.121,-117.738,0.8530348510347102
6119,167,34.096,-117.745,0.8811384527721507
6120,167,34.031,-118.208,0.4002616474786153
6121,167,34.005,-118.231,0.9880810411573416
6122,167,34.037,-118.178,1.3829168079892855
6123,167,34.103,-118.316,0.3923599570452521
6124,167,34.058,-118.252,-0.1454633892259851
6125,167,34.002,-118.077,1.770587766005263
6126,167,34.041,-118.248,0.3332893585556308
8312,167,34.14647,-118.76699,-0.4507884062200872
8313,167,35.34444,-119.10445,-0.6244656171973436
8314,167,32.68005,-116.67215,1.0488588150542073
8315,167,34.2623,-116.92075,0.216596296087257
8317,167,34.07618,-118.3959,-0.360678292074572
8318,167,34.10521,-117.28264,-0.1096480190692261
8319,167,33.876,-117.561,-0.5314068734571266
8320,167,36.43988,-118.08016,0.499561667661597
8321,167,32.999,-116.942,0.5415885246196521
8322,167,34.72832,-119.98803,-0.98707251856923
8323,167,33.71264,-118.29381,-3.202297120993314
8324,167,33.8717,-117.92251,-2.259414482998512
8325,167,34.13677,-118.1283,-0.2083152320945646
8326,167,35.30177,-116.80574,1.928119361579928
8327,167,34.8294,-116.335,1.2130001782067448
8328,167,34.121,-117.219,0.3936550673936062
8329,167,35.66278,-118.47403,-1.2000444092880027
8330,167,34.15037,-118.10156,-1.8076946910126848
8331,167,33.7141,-116.7119,0.2909277531571256
8332,167,33.798,-118.08837,0.2793518866123605
8333,167,34.61462,-118.29104,0.1371960091431894
8334,167,33.3516,-116.5615,-0.1154567623335741
8335,167,35.36165,-118.92282,-1.2175672341908044
8336,167,33.74,-118.335,-4.895519034863634
8337,167,34.88848,-119.81362,0.0593207883892302
8338,167,34.53412,-120.17737,0.0048940759551115
8339,167,34.22869,-118.55829,-0.2686032902813646
8340,167,33.788,-117.844,-1.1232905368767687
8341,167,33.94539,-117.92372,-0.1917904378646777
8342,167,34.1484,-118.1711,-1.493227624959355
8345,167,33.354,-116.863,-0.6057975352292427
8346,167,33.7953,-117.60906,-1.4987657545476885
8347,167,33.63,-116.8478,1.088152850981883
8348,167,33.973,-117.327,0.3354598639390271
8349,167,33.99351,-117.37545,-0.3227036476417443
8350,167,34.44076,-119.71492,0.2891773060578684
8351,167,33.553,-117.662,-2.3653085387849
8352,167,35.3142,-119.99581,-0.3400793954858468
8353,167,34.27091,-118.74407,-1.5537908244175855
8354,167,34.52775,-119.97834,0.0181270659760511
8356,167,35.84089,-119.08469,-0.4400045997285847
8358,167,34.193,-117.427,1.5885808489523543
8359,167,34.00469,-117.22393,-0.115461578922503
8360,167,34.235,-117.407,1.4606778648032075
8361,167,34.36,-117.63,1.586786920432187
8362,167,34.1367,-118.129,-0.4279547249459849
8363,167,34.165,-117.288,1.043139945487619
8364,167,34.1663,-117.251,1.1556702485964
8365,167,34.058,-117.305,0.1954905698516074
8366,167,34.205,-117.365,1.6351400054522356
8367,167,34.12288,-117.28792,0.5118839214945476
8368,167,33.91175,-117.82041,-2.4074689799194826
8369,167,34.049,-118.112,-0.402220751093126
2118,170,33.6022,-116.756,-0.0753673401203164
2119,170,33.91761,-116.78329,-1.684520194780358
2120,170,34.058,-117.305,-0.4046073517827457
2121,170,34.235,-117.407,0.0784159175983314
2122,170,34.088,-116.919,-0.2725845282823136
2123,170,34.136,-117.213,-0.2425150277124011
2124,170,33.74624,-116.2163,0.0108930372575304
2125,170,34.6172,-118.285,2.2733172001234765
2126,170,34.05,-117.264,-0.5985555971828064
2127,170,34.073,-118.117,1.1744112357434136
2128,170,34.067,-117.117,-0.8221960612253028
2129,170,34.079,-117.045,-0.1238987141030374
2130,170,34.04856,-116.57816,-0.5167270360005765
2131,170,33.92474,-116.54794,-0.5072677911156691
2132,170,34.57806,-118.11401,1.0635807561358606
2133,170,34.393,-117.805,0.0384193990650647
2134,170,34.1367,-118.129,1.0225524546217766
2136,170,34.106,-117.287,-0.6932184748044262
2137,170,34.1663,-117.251,-1.4873047242387083
2138,170,34.091,-117.289,-0.6651785972689951
2139,170,34.069,-117.275,-0.1971087968590645
2140,170,34.14,-117.294,-0.4212260334418886
2141,170,34.165,-117.288,-0.4922401592300922
2142,170,34.103,-117.349,-0.6833084205334987
2143,170,34.12288,-117.28792,-0.297117464561486
2144,170,34.047,-117.277,0.2551053815477933
2145,170,34.205,-117.365,-0.5219160396610191
2146,170,34.14492,-117.21876,-0.7444629505715036
2147,170,34.193,-117.427,-1.2794903481221154
2150,170,33.91677,-116.38979,-0.5633111692071471
2151,170,34.3088,-118.448,1.2636395770068338
2152,170,34.4435,-117.853,2.164168166823447
2153,170,33.99,-116.656,-0.6562229300613874
2154,170,34.36,-117.629,1.9468481157982056
8370,170,34.14647,-118.76699,-0.0309564939274108
8371,170,35.34444,-119.10445,0.2076527755896492
8372,170,32.68005,-116.67215,-0.2680405919176774
8373,170,34.1949,-118.354,1.814543678753452
8374,170,33.3527,-115.733,-0.183548728629401
8375,170,34.2623,-116.92075,0.0883743655650752
8377,170,34.07618,-118.3959,1.0113659651746223
8378,170,34.10521,-117.28264,-0.711401739952728
8380,170,33.876,-117.561,-0.5820357492389695
8382,170,36.43988,-118.08016,-0.7245553412675478
8383,170,32.999,-116.942,-0.0847446370952014
8384,170,32.805,-115.447,-1.235427972686318
8385,170,34.88303,-117.99106,0.4869968280557488
8386,170,34.72832,-119.98803,-0.227706195320654
8387,170,34.397,-118.918,1.937634592109469
8388,170,33.71264,-118.29381,-1.4370295372605275
8389,170,34.1,-117.439,-1.0530660921287278
8390,170,33.8717,-117.92251,0.2875649063889837
8391,170,34.13677,-118.1283,1.3164484443763012
8392,170,35.30177,-116.80574,0.1527523130175281
8393,170,34.8294,-116.335,-0.1723653750693436
8394,170,34.121,-117.219,-1.154361163440998
8396,170,35.66278,-118.47403,-0.5837255323893953
8397,170,34.31076,-118.49675,1.651683007201726
8398,170,34.15037,-118.10156,0.6163578129809648
8399,170,33.943,-118.411,0.057585379764719
8400,170,33.798,-118.08837,0.501826334259243
8402,170,34.61462,-118.29104,1.4017689047859037
8403,170,34.5214,-117.991,2.203594236602312
8404,170,35.36165,-118.92282,-0.3388897823557796
8406,170,34.13688,-118.12601,2.328968210030442
8407,170,33.74,-118.335,-3.823687466240032
8409,170,34.81258,-119.1453,0.425772239277612
8410,170,34.88848,-119.81362,0.4594425605530072
8412,170,34.22869,-118.55829,0.975098663874908
8413,170,33.788,-117.844,-0.1999660986510986
8414,170,34.3968,-119.299,0.0457120117247708
8416,170,34.1484,-118.1711,-0.515831385807509
8418,170,33.354,-116.863,-1.0938399044437763
8419,170,34.39558,-118.49837,-0.5399715977242808
8421,170,34.281,-118.478,1.6999259557875197
8422,170,33.973,-117.327,0.733006878012822
8423,170,33.99351,-117.37545,-0.3958414964467421
8424,170,33.70432,-117.88578,-0.951440213528613
8426,170,34.44076,-119.71492,0.100227946716269
8427,170,34.293,-119.1646,-0.060550562330282
8429,170,34.27091,-118.74407,0.4514701159034753
8430,170,34.52775,-119.97834,0.8820157330076103
8431,170,34.08377,-118.599,-0.383273110993757
8432,170,35.14592,-119.41946,0.4092694996031502
8434,170,35.84089,-119.08469,0.7386676160944791
2155,171,23.2147,120.268,-0.4046412941578535
2156,171,23.1795,120.4778,0.0873609260704394
2157,171,23.0457,120.4615,0.4586633208061037
2158,171,23.757,120.6062,-0.730733136750667
2159,171,23.7795,120.5137,0.506322528695834
2160,171,23.7987,120.4113,-0.696560204833013
2161,171,23.752,120.2468,0.0398296056670072
2162,171,23.632,120.6052,1.4885388099898371
2163,171,23.6135,120.5282,0.6348998924654936
2164,171,23.5799,120.291,-0.1086309942729615
2165,171,23.5407,120.2153,0.1813853207363201
2166,171,23.5212,120.5443,-0.0938717864164056
2167,171,23.52,120.584,-0.1538330818811752
2168,171,23.6073,120.4788,2.033807162174892
2169,171,23.5207,120.344,-0.5498287451919439
2170,171,23.4388,120.5957,1.0141440631607304
2171,171,23.3583,120.5833,-0.8159313396271114
2172,171,23.3832,120.1635,-0.1356214330965052
2173,171,23.4765,120.4632,0.4913040242729152
2175,171,23.2803,120.4083,0.1115424605397169
2176,171,23.2878,120.501,0.1623765026823146
2178,171,23.2698,120.2705,1.1625591241324191
2179,171,23.2627,120.1315,0.4685330060546176
2180,171,23.1495,120.4098,-0.3156719500968422
2181,171,23.1725,120.3192,0.1024608825866704
2182,171,23.1243,120.2392,-0.2886950455568223
2183,171,23.0768,120.5107,-0.4781714422905673
2184,171,23.1213,120.45,-0.1409895917039211
2185,171,23.027,120.3402,-0.4012839657296449
2186,171,22.906,120.345,0.330678844694983
2187,171,22.999,120.1837,-0.1186309923650523
2188,171,23.0648,120.1645,0.134436580530166
2189,171,23.5103,120.8052,-0.2009099169781807
2190,171,23.5672,119.5552,1.304305151080999
2193,171,23.1848,120.528,-0.8382509511658288
2194,171,23.5972,120.6777,0.2819235218638155
2195,171,23.267,120.488,-1.6690632800056688
2196,171,23.7237,120.2975,0.076500927063422
2197,171,23.351,120.5932,-0.0406342519150285
2198,171,23.3462,120.4293,0.6810628233919866
2199,171,23.2673,120.2163,1.4231288710360317
2200,171,23.7913,120.4783,-1.1240503914536508
2201,171,23.6538,120.1472,0.3374154262364965
2202,171,23.7935,120.3205,-0.3756024313709052
2203,171,23.1373,120.2802,-0.2236524913123251
2204,171,23.2272,120.3418,-0.1371484533671677
2205,171,23.6862,120.5622,-0.289928322453763
2207,171,23.6695,120.4648,1.148168871535714
2209,171,23.7912,120.2273,1.0341170984166947
2210,171,23.7035,120.183,0.5067952445866547
2211,171,23.0372,120.1187,-0.16776996135041
2212,171,23.149,120.079,0.1275198288168296
2213,171,23.0775,120.1082,-0.0803386817015264
2215,171,23.6608,121.414,0.4069580417680021
2216,171,23.6732,121.4173,-0.9521973804238144
2217,171,23.9877,121.6173,-0.3254370180556116
2218,171,23.9925,121.6165,0.024765368228874
2219,171,23.9962,121.5858,-0.0104755726420211
2220,171,23.993,121.6233,-0.5979372063569862
2221,171,23.978,121.591,0.0822682502577761
2222,171,23.9732,121.5993,-0.2671877241905723
2223,171,23.9757,121.553,-0.6800437153871589
2224,171,23.9648,121.56,-0.8721553916993997
2225,171,23.9497,121.5392,-0.886624646032171
2226,171,23.977,121.605,0.2671541223526438
2227,171,23.8137,121.4328,-1.2332877185023603
2228,171,24.2675,121.7325,1.1870857393795
2229,171,24.08,121.5955,-1.5071565057076712
2230,171,23.3522,121.297,-2.472931550712581
2231,171,24.163,121.6447,-0.403329732810849
2232,171,24.1185,121.6165,-0.3609051703218688
2233,171,24.055,121.591,0.1540672188280335
2234,171,24.0172,121.6013,0.4245490929003687
2235,171,23.9373,121.5702,-0.9964191763900604
2236,171,23.7852,121.4488,-0.9755461229631616
2237,171,23.7653,121.4922,-0.7419200927958665
2238,171,23.7108,121.412,0.5442540306219674
2239,171,23.6867,121.4747,-0.1868058360811016
2240,171,23.5905,121.3772,-0.3644140506566171
2241,171,23.732,121.4362,-0.6264042581866046
2242,171,23.4995,121.367,-1.402311418249016
2243,171,23.4542,121.384,-0.6445921339137045
2244,171,23.4615,121.3445,-1.5140451573108429
2245,171,23.3845,121.3523,-0.862768416628237
2246,171,23.2675,121.2942,-0.476993256261183
2247,171,23.7092,121.54,-0.9184200144489496
2248,171,23.6538,121.5268,-1.9206929784283715
2249,171,24.3095,121.7405,1.1861493016058602
2250,171,24.1492,121.6213,0.2867115953678384
2251,171,24.0113,121.5715,-0.0131527520582356
2252,171,23.9952,121.5577,0.3753479655865014
2253,171,23.9897,121.584,-0.3676422229886267
2254,171,23.8703,121.548,0.3766477805691436
2255,171,23.3232,121.3323,-0.964053491929247
2256,171,24.1795,121.5077,0.0213452909204914
2257,171,24.16,121.61,0.964135625497711
2258,171,23.9672,121.484,-0.0128976666957423
2259,171,23.8713,121.5005,-0.4020968656012297
2260,171,23.8703,121.59,-1.8670901295144169
2263,171,24.845,121.7973,0.0060217648070524
2264,171,24.7982,121.7813,0.7634076680104156
2266,171,24.6978,121.8052,0.4453527711114934
2267,171,24.6412,121.825,0.8933239378177112
2268,171,24.5943,121.8462,1.267831862759498
2269,171,24.7088,121.7628,0.6907443318734847
2270,171,24.619,121.7812,0.9685835527425664
2271,171,24.7807,121.7335,0.7938542332183913
2272,171,24.732,121.7294,1.6317340795878883
2273,171,24.6945,121.7202,0.0151669273127361
2275,171,24.749,121.684,0.5857875796154415
2276,171,24.7135,121.644,0.4057188272749926
2277,171,24.6448,121.588,-0.9225242861249582
2278,171,24.7278,121.755,1.1130884090681952
2279,171,24.5995,121.8337,0.9900730252072552
2280,171,24.7455,121.7142,0.8438588508113524
2281,171,24.7233,121.7917,0.5710523051784703
2282,171,24.6903,121.792,0.3065811886543731
2284,171,24.666,121.7338,0.1858957917764599
2285,171,24.7663,121.7612,1.026786231758802
2286,171,24.7655,121.748,0.3733719360397454
2287,171,24.428,121.7407,0.7745381651421341
2289,171,24.6092,121.8488,-0.3157776291484529
2290,171,24.7387,121.8083,1.0217632781305486
2291,171,24.7622,121.8088,0.2107439575313976
2292,171,24.6667,121.8205,0.5247310987846187
2293,171,24.5233,121.825,0.3553827222064902
2294,171,24.4677,121.7933,0.4773204651594657
2296,171,24.477,121.7787,0.2714065892280458
2297,171,24.4473,121.7707,0.8239842684267051
2298,171,24.44,121.3728,1.105737422139239
2299,171,23.1618,120.6355,-1.8566748398808843
2300,171,22.7873,120.279,-1.9143461634951733
2301,171,22.902,120.5352,0.3879031184097021
2302,171,23.1625,120.7573,-1.0032162843087646
2303,171,23.2777,120.7128,-0.9155906980859272
2304,171,22.8873,120.6567,-0.592815682279693
2305,171,22.7112,120.6412,-0.316488034877084
2306,171,22.8858,120.3222,-0.4416290730760813
2307,171,25.0863,121.45,0.8080318449060229
2309,171,25.0758,121.5083,0.0913662144250244
2310,171,25.0758,121.5273,0.2194297652233121
2311,171,25.063,121.4813,0.5125875004410859
2312,171,25.0572,121.5253,0.3889225717398657
2313,171,25.0578,121.5442,0.5228838793786414
2314,171,25.0528,121.448,0.9394997151995218
2315,171,25.0388,121.5263,0.4807355067725097
2317,171,25.0203,121.4652,0.1889390894823254
2318,171,25.017,121.5027,0.6828549414940508
2319,171,25.0045,121.5073,0.1417842495228191
2320,171,25.0007,121.4748,1.4658956599536976
2321,171,24.9803,121.5293,1.1470423210629062
2322,171,24.955,121.5303,0.5078628392425452
2323,171,24.9239,121.535,1.8863616826414669
2324,171,25.183,121.4167,0.3231582793214361
2325,171,25.1255,121.4532,0.9147961077184394
2326,171,24.9913,121.41,0.5566683787455263
2328,171,25.148,121.4365,1.2342830245330485
2329,171,25.1008,121.4403,0.3930467899099307
2330,171,25.0817,121.3828,0.5460195324258487
2331,171,24.959,121.5143,1.2803170969447524
2332,171,25.1865,121.5202,-0.1593662985353139
2336,171,25.056,121.872,1.1203132403570846
2337,171,25.0237,121.906,0.0001266011028278
2339,171,25.1008,121.4177,-0.0161170755082559
2340,171,25.0385,121.5762,1.5645459453514243
2341,171,25.027,121.5595,0.8216780560575943
2342,171,25.0573,121.5945,1.286179689069674
2343,171,25.141,121.4758,0.664975837455844
2344,171,25.1353,121.4913,1.1751815124461844
2345,171,25.103,121.5395,0.8634988082713039
2346,171,25.0351,121.519,0.52263116125967
2347,171,25.071,121.781,1.6822616321781627
2348,171,25.158,121.7202,-0.202866783569725
2349,171,25.0473,121.1357,0.0730854256530277
2350,171,24.9118,121.1405,1.5172823039593129
2351,171,25.0015,121.3097,0.195346632133562
2352,171,25.0092,121.2062,0.6942390427121939
2353,171,25.0003,121.1533,0.4709074713510682
2354,171,25.0463,121.3075,0.1116169667445429
2355,171,24.7757,121.075,0.5329555737698803
2356,171,24.5588,120.7492,-0.2509963937503486
2357,171,24.5615,120.701,0.320856380351242
2358,171,24.6855,120.8623,0.328379331940688
2359,171,24.639,120.8568,0.171120545234018
2360,171,24.6157,120.7877,-0.3465328392463907
2361,171,24.4488,120.6963,0.4108458685531247
2362,171,24.4912,120.663,1.1796681116941348
2363,171,24.4917,120.7837,1.2713116147950403
2364,171,24.4497,120.6455,0.8375645681570704
2365,171,24.5542,120.8077,1.092239317771359
2366,171,24.5412,120.9137,0.0889209426196114
2367,171,24.4683,120.8543,-0.2165107783130159
2368,171,24.18,120.594,-0.1423299265451914
2369,171,24.1815,120.6338,-0.5527007826913187
2370,171,24.1603,120.6518,-0.576061892834355
2371,171,24.198,120.7393,0.8355630107510141
2372,171,24.1935,120.6688,-0.4781801690453552
2373,171,24.1612,120.675,-1.195066258135003
2374,171,24.1392,120.6643,-0.2822587929955428
2375,171,24.1588,120.6238,-0.8222688628568116
2376,171,24.1732,120.6107,-0.7938503894415646
2377,171,24.2687,120.5637,1.4057570649129012
2378,171,24.2247,120.644,-0.6225848950669447
2379,171,24.1355,120.549,-0.0849667679796897
2380,171,24.1083,120.6158,0.144390552311154
2381,171,24.0588,120.6912,1.615677931047165
2382,171,24.0912,120.72,1.643242679166587
2383,171,24.2772,120.7658,-1.053063624126217
2384,171,23.9855,120.7883,-0.1082847039551214
2385,171,24.014,120.9492,-0.3301137119260385
2386,171,23.9622,120.9618,-0.7295887386875004
2387,171,23.9827,120.6778,-0.5758224604423621
2388,171,23.9077,120.6757,0.4225859707987978
2389,171,23.812,120.8455,-1.9965649095140352
2390,171,23.8395,120.8942,1.018231901008814
2391,171,24.8022,120.9695,-0.1411592722634842
2392,171,24.1475,120.676,-0.5293003955502095
2393,171,24.97,121.1867,0.5006895469110133
2394,171,23.883,120.8998,-1.7483306769952625
2396,171,24.3482,120.7733,-0.96865938190123
2397,171,24.2533,121.1758,0.8115030224767439
2398,171,23.9037,120.8565,-2.329402859561364
2399,171,25.0117,121.2792,0.3722158092657221
2400,171,24.7695,121.0488,0.0819813209740819
2401,171,24.7433,120.899,0.6423856065562331
2402,171,24.1858,120.6153,-0.7215079663329239
2403,171,24.3098,120.7072,-0.7432267334308592
2404,171,24.2455,120.6018,0.0756331401867316
2405,171,24.239,120.559,0.673830684613722
2406,171,24.0833,120.5518,0.2676617547465728
2407,171,24.0727,120.5402,0.0471124492479267
2408,171,24.0848,120.5713,0.2238696900889374
2409,171,23.9622,120.5695,-0.0518517945479875
2410,171,24.1137,120.4872,-0.7239153232417157
2411,171,24.0557,120.424,-0.4791554491448939
2412,171,23.8928,120.3865,-0.6501477316258168
2413,171,23.9595,120.4693,-0.430383501291937
2414,171,23.8568,120.5803,-0.371673868837773
2415,171,24.1335,120.4598,0.1816140843102226
2416,171,24.0027,120.4235,-1.0223455790880898
2417,171,23.9242,120.3122,-0.6571836636893984
2418,171,23.9803,120.613,-0.4270661357620692
2419,171,23.8128,120.6097,0.4937851266654451
2420,171,24.0187,120.5437,-0.3473122117355998
2421,171,24.4162,120.7607,-0.1270091472927066
2422,171,23.8783,120.6843,1.0607056015316492
2423,171,24.5673,120.8165,-0.4817950647708994
2424,171,24.2603,120.6518,-0.4070880973079834
2425,171,24.185,120.922,-1.5811644806516745
2426,171,23.9223,120.5955,-0.2096835123967054
2427,171,23.9578,120.3593,-0.7847488750605224
2428,171,23.8338,120.464,-0.712808143132392
2429,171,23.98,120.3368,-0.4074177840469773
2430,171,24.8592,121.2475,0.7737259511899468
2431,171,23.3178,121.4425,-1.2977576300217268
2432,171,22.9102,121.1287,-0.4772630857158192
2433,171,23.0992,121.3653,-0.5488533581589006
2434,171,23.1268,121.2057,-1.9721631086071325
2435,171,23.0973,121.2105,-0.7702414387633829
2436,171,23.053,121.1557,-0.2500988738907118
2437,171,22.9725,121.1083,-1.0442929208411948
2438,171,22.9045,121.072,-0.7733436041716761
2439,171,22.863,121.083,-1.079040935003395
2440,171,22.8078,121.086,-0.5120679457664514
2441,171,23.3563,121.4603,-0.6396910226998331
2442,171,23.2462,121.4055,-0.7011741568348282
2443,171,23.193,121.3878,-1.6586685848432583
2444,171,23.1512,121.198,-1.7689669576489664
2445,171,23.1342,121.1177,0.1661608154088712
2447,171,23.0068,121.1655,-1.0755844400338497
2448,171,22.9757,121.1478,-1.5338430854008285
2449,171,22.9658,121.232,-0.9351695339039182
2450,171,23.1887,121.0168,-0.9804229469111292
3835,171,23.6013,120.1715,1.0157510108312118
3836,171,23.4853,120.2692,-0.0161754079846934
3837,171,23.4653,120.544,-0.1467282057779559
3838,171,23.3328,120.1523,-0.1176887719252481
3839,171,23.2963,120.5828,-0.3078162948479006
3840,171,23.355,120.4052,0.1571792628370126
3841,171,23.2212,120.1532,0.1982455227855718
2451,172,23.355,120.4052,1.06822167431392
2452,172,23.2212,120.1532,1.445438234417953
2453,172,23.2147,120.268,0.8084521214079816
2454,172,23.1795,120.4778,0.6029513842950066
2455,172,23.0457,120.4615,0.5008030693613051
2456,172,23.757,120.6062,0.8687458902126284
2457,172,23.7795,120.5137,1.2911717849958877
2458,172,23.7987,120.4113,-0.2508851274994798
2459,172,23.752,120.2468,0.123907335576512
2460,172,23.632,120.6052,1.7383617923315484
2461,172,23.6135,120.5282,0.8693787229760854
2462,172,23.5799,120.291,0.4076459360718207
2463,172,23.5407,120.2153,0.8595386041062583
2464,172,23.5212,120.5443,1.068409582599279
2465,172,23.52,120.584,2.425280523274735
2466,172,23.6073,120.4788,1.4644956108298013
2467,172,23.5207,120.344,0.2791036290290718
2468,172,23.4388,120.5957,2.310667221665922
2469,172,23.3583,120.5833,0.9924121144930124
2470,172,23.3832,120.1635,0.1716873426200053
2471,172,23.4765,120.4632,0.8504148788298616
2473,172,23.2803,120.4083,0.4254507532453999
2474,172,23.2878,120.501,1.4185853557282877
2476,172,23.2698,120.2705,1.925712318801326
2477,172,23.2627,120.1315,1.0249746283934862
2478,172,23.1495,120.4098,0.2491340011894503
2479,172,23.1725,120.3192,0.6445197986284118
2480,172,23.1243,120.2392,0.1118727803478175
2481,172,23.0768,120.5107,-0.3953107469078415
2482,172,23.1213,120.45,0.783689687611104
2483,172,23.027,120.3402,0.7889652673270429
2484,172,22.906,120.345,1.2304987890507693
2485,172,22.9205,120.2078,0.6418282085903911
2486,172,22.999,120.1837,0.4903469806580173
2487,172,22.9737,120.1815,0.3732743415778831
2488,172,22.971,120.2286,0.2112198236859825
2489,172,23.5103,120.8052,0.7829059956147258
2490,172,23.5672,119.5552,0.9963078628068333
2493,172,23.1848,120.528,-0.054660773974461
2494,172,23.5972,120.6777,3.0375758224955955
2495,172,23.267,120.488,0.3175536332371143
2496,172,23.7237,120.2975,0.0852946976416861
2497,172,23.351,120.5932,2.2557252967698225
2498,172,23.3845,120.519,0.7619673958351406
2499,172,23.3462,120.4293,1.769461925760054
2500,172,23.2673,120.2163,1.9825123972979903
2501,172,23.6538,120.1472,0.1799401022796
2502,172,23.7935,120.3205,-0.6811099550987739
2503,172,22.983,120.2327,0.3858009339534533
2504,172,23.1373,120.2802,0.1981341298262329
2505,172,23.2272,120.3418,0.4517428338253337
2506,172,23.6862,120.5622,1.329562255932973
2508,172,23.6695,120.4648,0.9509639443141076
2510,172,23.0372,120.1187,0.7531217909565041
2511,172,23.149,120.079,0.3999752118847702
2512,172,23.0775,120.1082,0.7634960473180715
2514,172,23.6608,121.414,-0.6599839494312612
2515,172,23.6732,121.4173,-0.6670516687325803
2516,172,23.9925,121.6165,-1.5348037449976464
2517,172,23.9962,121.5858,-1.063340754975313
2518,172,23.993,121.6233,-1.7628186523187837
2519,172,23.978,121.591,-1.1301477515175986
2520,172,23.9732,121.5993,-1.5510367125501998
2521,172,23.9757,121.553,-2.035441660115284
2522,172,23.9648,121.56,-2.238892322958935
2523,172,23.9497,121.5392,-2.1046510411135464
2524,172,23.977,121.605,-1.121674589336339
2525,172,23.8137,121.4328,-2.7271943306572672
2526,172,24.2675,121.7325,-0.0934158658952042
2527,172,23.3522,121.297,-1.869081082786196
2528,172,24.163,121.6447,-2.11019081392146
2529,172,24.055,121.591,-2.2027843055408427
2530,172,24.0172,121.6013,-1.508938265748656
2531,172,23.9373,121.5702,-1.8757457891339435
2532,172,23.7852,121.4488,-2.690796727232623
2533,172,23.7653,121.4922,-1.829452101566143
2534,172,23.7108,121.412,-0.9491842954910844
2535,172,23.6867,121.4747,-1.2602874956377346
2536,172,23.5905,121.3772,-1.092312362224202
2537,172,23.732,121.4362,-1.26656928718765
2538,172,23.4995,121.367,-1.656128282117183
2539,172,23.4542,121.384,-0.5909251557159092
2540,172,23.4615,121.3445,-1.614348352343829
2541,172,23.3845,121.3523,-0.4006857444446438
2542,172,23.2675,121.2942,0.6894383563310863
2543,172,23.7092,121.54,-2.249231087343316
2544,172,23.6538,121.5268,-2.1531984203437022
2545,172,24.3095,121.7405,-0.36478549020798
2546,172,24.1492,121.6213,-1.508955632189652
2547,172,24.0113,121.5715,-0.8342439563507763
2548,172,23.9952,121.5577,-1.1499527530986997
2549,172,23.9897,121.584,-2.192787066473956
2550,172,23.8703,121.548,-1.417513345022796
2551,172,24.1795,121.5077,-1.3014486495962858
2552,172,24.16,121.61,-1.2662900589560169
2553,172,23.9672,121.484,-1.659852913107762
2554,172,23.8713,121.5005,-2.428456482588171
2556,172,24.6412,121.825,-0.5339120910064077
2557,172,24.5943,121.8462,-0.2466166064143901
2558,172,24.732,121.7294,0.1870756490485132
2559,172,24.7455,121.7142,-0.6974256155764911
2561,172,24.7663,121.7612,-0.2467935827456361
2562,172,24.4677,121.7933,-0.1752036263525096
2563,172,24.477,121.7787,0.5511739790764888
2564,172,24.4473,121.7707,0.326880193895551
2565,172,24.44,121.3728,-0.1251316046305036
2566,172,23.1618,120.6355,-0.836149284053857
2567,172,22.7873,120.279,0.3117792399008985
2568,172,22.8797,120.3707,1.040997477850628
2569,172,22.891,120.4738,-0.3403300242796732
2570,172,22.902,120.5352,1.0864736549511826
2571,172,22.6707,120.491,0.243631426633049
2572,172,23.1625,120.7573,0.1907235432023218
2573,172,23.2777,120.7128,0.4217393643759375
2574,172,22.9053,120.1732,0.5305107911516534
2575,172,22.7852,120.2385,-0.0134586953551075
2576,172,22.7303,120.3412,0.1044701989733902
2577,172,22.8873,120.6567,-0.3020018433463139
2578,172,22.574,120.5663,0.0665067969228854
2579,172,22.747,120.7233,-0.1642105974410009
2580,172,22.7112,120.6412,0.0291615498130346
2581,172,22.8858,120.3222,0.6106752983729026
2582,172,22.6461,120.306,-0.3386507780939548
2583,172,24.955,121.5303,0.021174110549896
2584,172,24.959,121.5143,0.7978815783089394
2585,172,24.9118,121.1405,-0.5033180717688236
2586,172,24.7572,120.9345,0.1886969260163387
2587,172,24.7808,121.0068,-0.5374357229625134
2588,172,24.7757,121.075,-0.4131980756672767
2589,172,24.5588,120.7492,-0.0244951729738818
2590,172,24.5615,120.701,0.2241701338081889
2591,172,24.523,120.8148,-0.2065316035878111
2592,172,24.6855,120.8623,2.1248959206006024
2593,172,24.639,120.8568,0.673067406583429
2594,172,24.6157,120.7877,-0.0316984483596665
2595,172,24.4488,120.6963,-0.0658932147223418
2596,172,24.4912,120.663,0.3414655537727769
2597,172,24.4917,120.7837,0.3073474641768184
2598,172,24.4497,120.6455,0.0564786496795807
2599,172,24.5542,120.8077,0.8145188079495225
2600,172,24.5412,120.9137,-0.8476216044849246
2601,172,24.4683,120.8543,-0.6516261519266239
2602,172,24.6188,120.9387,0.5143838518667777
2603,172,24.18,120.594,0.0590903576737415
2604,172,24.179,120.6902,-0.4127158828261995
2605,172,24.1815,120.6338,-0.4246194760693191
2606,172,24.1603,120.6518,-0.1554757627382036
2607,172,24.198,120.7393,-0.0524951459827732
2608,172,24.1935,120.6688,-0.1967761641239677
2609,172,24.1612,120.675,-0.1782926142615393
2610,172,24.1588,120.6238,-0.0389448314269803
2611,172,24.1732,120.6107,-0.4120437239760094
2612,172,24.2687,120.5637,1.0650466820009794
2613,172,24.2247,120.644,-0.9313418773775232
2614,172,24.1355,120.549,1.0837888586679196
2615,172,24.1083,120.6158,-0.0637188881382369
2616,172,24.3457,120.61,-0.5790439230388658
2617,172,24.0588,120.6912,3.159927462543325
2618,172,24.0912,120.72,2.7402710279589497
2619,172,24.2772,120.7658,-0.4993613698908806
2620,172,24.196,120.5403,1.018187959818872
2621,172,23.9855,120.7883,2.618992093599416
2622,172,24.0407,120.8488,1.5630216416303695
2623,172,24.014,120.9492,-1.935954219796093
2624,172,23.9622,120.9618,-1.4190364674626978
2625,172,23.9827,120.6778,1.628930352714252
2626,172,23.9077,120.6757,2.518737398029825
2627,172,23.812,120.8455,1.3170707218158673
2628,172,23.8395,120.8942,0.905588426062704
2629,172,24.8022,120.9695,-0.5239586267942166
2630,172,24.1475,120.676,0.2595138607488622
2631,172,23.883,120.8998,-0.5500881693034343
2633,172,24.3482,120.7733,-0.5379349725674994
2634,172,23.9037,120.8565,-0.924554172626182
2635,172,24.7695,121.0488,-0.2543431631575779
2636,172,24.6917,121.0135,0.3858022206047941
2637,172,24.7433,120.899,0.2957293769019465
2638,172,24.1858,120.6153,-0.3974834924158222
2639,172,24.2493,120.7208,-0.5500473978771181
2640,172,24.3098,120.7072,-0.7742575810328557
2641,172,24.2455,120.6018,-1.0425882654151444
2642,172,24.239,120.559,0.1300179890038535
2643,172,24.0833,120.5518,0.5080796676289975
2644,172,24.0727,120.5402,1.134562739819264
2645,172,24.0848,120.5713,1.582111121640575
2646,172,24.0557,120.424,-0.44577683155596
2647,172,23.8928,120.3865,-0.5131983836520277
2648,172,23.9595,120.4693,-0.1127024625267053
2649,172,23.8568,120.5803,1.0220053133407654
2650,172,24.1335,120.4598,0.302793840656523
2651,172,24.0027,120.4235,0.1897166756730983
2652,172,23.9242,120.3122,-0.6601226288121886
2653,172,23.9803,120.613,0.4581586813138458
2654,172,23.8128,120.6097,1.5839797522630017
2655,172,24.0187,120.5437,0.2900750775029526
2656,172,24.4162,120.7607,-0.7180664340240485
2657,172,23.8783,120.6843,3.28769408799973
2658,172,24.5673,120.8165,-0.4690885137754039
2659,172,24.2603,120.6518,-0.8028619029313177
2660,172,23.9223,120.5955,1.3862724266409248
2661,172,23.9578,120.3593,-0.1688910542052161
2662,172,23.8338,120.464,0.343191347023144
2663,172,23.98,120.3368,0.177015131586918
2664,172,24.8592,121.2475,0.1359011528009773
2665,172,23.3178,121.4425,-1.074599780317257
2666,172,22.6178,120.9975,0.2129446674627472
2667,172,22.9102,121.1287,-0.5954184887441052
2668,172,22.7488,121.1442,-1.1619537157432247
2669,172,22.74,121.1135,-0.9166840651202662
2670,172,22.7662,121.133,-1.494132800999468
2671,172,23.0992,121.3653,-0.2089308780443816
2672,172,22.8207,121.0717,-1.1745112647657974
2673,172,23.1268,121.2057,-2.069009506903867
2674,172,23.0973,121.2105,-0.8576365279039488
2675,172,22.9725,121.1083,-0.9201030279925516
2676,172,22.9045,121.072,-0.4924305526353118
2677,172,22.863,121.083,-0.5603834038172923
2678,172,22.8078,121.086,-0.1681839783065475
2679,172,22.779,121.0543,-1.4245741242684633
2680,172,23.3563,121.4603,-0.5498224718745854
2681,172,23.2462,121.4055,-0.9690880799765944
2682,172,23.193,121.3878,-1.419527101701815
2683,172,22.7988,121.1855,-0.9484440533009568
2684,172,23.1512,121.198,-1.778906609451261
2685,172,23.1342,121.1177,0.1752949771721281
2687,172,23.0068,121.1655,-0.9076737982955484
2688,172,22.9757,121.1478,-1.5286373648073963
2689,172,22.9658,121.232,0.0809942197831518
2690,172,22.773,121.0827,-0.914482645021882
2691,172,22.674,121.0293,0.5727054769130554
2692,172,23.1887,121.0168,-1.0629114344631871
3842,172,23.7192,120.4125,0.3846198462609171
3843,172,23.6013,120.1715,1.7804642455167852
3844,172,23.5815,120.552,1.916609912943893
3845,172,23.4853,120.2692,0.2808438088939504
3846,172,23.4653,120.544,1.5518208547249932
3847,172,23.3328,120.1523,0.8772805189465791
3848,172,23.2963,120.5828,1.970163540134531
2693,173,23.355,120.4052,1.9407984551826616
2694,173,23.2212,120.1532,1.2598771388020895
2695,173,23.2147,120.268,-0.3701278410770742
2696,173,23.1795,120.4778,0.2127825673389363
2697,173,23.0457,120.4615,0.5367962024146028
2698,173,23.757,120.6062,-0.4201103246021076
2699,173,23.7795,120.5137,0.0207730326701935
2700,173,23.7987,120.4113,-0.919083190055783
2701,173,23.752,120.2468,-0.6459691627806053
2702,173,23.632,120.6052,0.9424185473247068
2703,173,23.6135,120.5282,0.0833066875754245
2704,173,23.6443,120.4758,0.2799818958607108
2705,173,23.5799,120.291,-0.1592541374978943
2706,173,23.5407,120.2153,0.4455517714759415
2707,173,23.5212,120.5443,0.912801813379798
2708,173,23.52,120.584,1.2723755381310549
2709,173,23.6073,120.4788,0.8005774299178707
2710,173,23.5207,120.344,0.481855975658012
2711,173,23.3583,120.5833,1.5632811194795888
2712,173,23.3832,120.1635,0.8316737032035791
2713,173,23.4765,120.4632,1.941692320696237
2715,173,23.2803,120.4083,0.528017133885666
2716,173,23.2878,120.501,1.1467283851828454
2718,173,23.2698,120.2705,0.6421802692996847
2719,173,23.2627,120.1315,1.8005973618379365
2720,173,23.1495,120.4098,-0.0531389541942
2721,173,23.1725,120.3192,1.0862298788797031
2722,173,23.184,120.1025,0.4235688805993853
2723,173,23.1243,120.2392,0.3101733366563188
2724,173,23.0768,120.5107,-0.0910194335465683
2725,173,23.1213,120.45,1.102169006173363
2726,173,23.027,120.3402,0.1603057070916098
2727,173,22.906,120.345,1.1125907741011698
2728,173,22.9205,120.2078,0.1711530120972568
2729,173,22.999,120.1837,0.8377822607310447
2730,173,22.9737,120.1815,0.2003176740247181
2731,173,22.971,120.2286,0.010030651248851
2732,173,23.0648,120.1645,1.3169762531314109
2733,173,23.5103,120.8052,0.6358277963987418
2734,173,23.5672,119.5552,0.8945754491647862
2737,173,23.1848,120.528,-0.3796194569362468
2738,173,23.5972,120.6777,-0.2534984691262876
2739,173,23.267,120.488,-0.4890907496318299
2740,173,23.7237,120.2975,-0.4913927288117006
2741,173,23.351,120.5932,1.8603733874582151
2742,173,23.3845,120.519,1.2174697800840109
2743,173,23.3462,120.4293,1.4571145969486283
2744,173,23.2673,120.2163,0.5380087418032007
2745,173,23.7913,120.4783,-0.2778356731023877
2746,173,23.6538,120.1472,-1.2921019770758484
2747,173,23.7935,120.3205,-0.5679381977497738
2748,173,22.983,120.2327,0.0041755476599294
2749,173,23.1373,120.2802,0.2232607224796197
2750,173,23.2272,120.3418,0.6028161793763438
2751,173,23.6862,120.5622,1.2395900481269324
2753,173,23.6695,120.4648,-0.4466046186151153
2755,173,23.0372,120.1187,1.3724467871643429
2756,173,23.149,120.079,1.392090011631657
2757,173,23.0775,120.1082,0.8096894236418637
2759,173,23.6608,121.414,0.6715718011922331
2760,173,23.6732,121.4173,-0.0980869292204526
2761,173,23.9877,121.6173,-1.4330746136758623
2762,173,23.9925,121.6165,-0.89296809785838
2763,173,23.9962,121.5858,-0.3306310783009204
2764,173,23.978,121.591,-0.6167172226800329
2765,173,23.9732,121.5993,-0.7952625552363871
2766,173,23.9757,121.553,-1.3932059183661534
2767,173,23.9648,121.56,-1.4453197427486393
2768,173,23.9497,121.5392,-1.338535964682094
2769,173,23.977,121.605,0.1751250163114433
2770,173,23.8137,121.4328,-1.4068002177961996
2771,173,23.3522,121.297,-1.4184557414413173
2772,173,24.163,121.6447,-1.0048500912558052
2773,173,24.1185,121.6165,-1.335229833217899
2774,173,24.055,121.591,-1.18055934600052
2775,173,24.0172,121.6013,-0.3933045439868069
2776,173,23.9373,121.5702,-1.121684287756419
2777,173,23.7852,121.4488,-1.3145327461707244
2778,173,23.7653,121.4922,-0.2490216804567582
2779,173,23.7108,121.412,0.059894028452445
2780,173,23.6867,121.4747,-0.0981301076090708
2781,173,23.5905,121.3772,-0.1938899302159109
2782,173,23.732,121.4362,-0.1686754810133518
2783,173,23.4995,121.367,-0.6511607957491135
2784,173,23.4542,121.384,0.3006446391702362
2785,173,23.4615,121.3445,-1.446722576298943
2786,173,23.3845,121.3523,-0.606961936691242
2787,173,23.2675,121.2942,-0.1322050645364624
2788,173,23.7092,121.54,-0.8379058334037972
2789,173,23.6538,121.5268,-1.0458713421671255
2790,173,24.3095,121.7405,0.1249298199089098
2791,173,24.1492,121.6213,-0.5454441720329897
2792,173,24.0113,121.5715,0.035134223606277
2793,173,23.9952,121.5577,-0.4303454281494679
2794,173,23.9897,121.584,-1.6566548638591936
2795,173,23.8703,121.548,-0.0925846824010615
2796,173,23.3232,121.3323,-0.631549524907664
2797,173,24.1795,121.5077,-1.5321032317268002
2798,173,24.16,121.61,-0.9166492090607472
2799,173,23.9672,121.484,-0.6963554079200125
2800,173,23.8713,121.5005,-0.685081376749108
2802,173,24.44,121.3728,0.4169449953571975
2803,173,23.1618,120.6355,-0.7703833731047222
2805,173,22.591,120.3173,-0.7424322789037787
2806,173,22.6462,120.3585,-0.3299321275671429
2807,173,22.6295,120.3672,0.1817329977656283
2808,173,22.8797,120.3707,0.8774560043037034
2809,173,22.656,120.3317,0.133290064239768
2810,173,22.509,120.3862,0.3403749987638758
2811,173,22.891,120.4738,-0.8251697112294025
2812,173,22.902,120.5352,0.5210024838891271
2813,173,22.6707,120.491,-0.4111263726580492
2814,173,22.5462,120.4528,0.4213891376837127
2815,173,22.2617,120.6432,-0.1132556494164088
2816,173,22.1922,120.6853,-0.1220926023524245
2818,173,22.7252,120.4908,-0.4405449653654998
2819,173,23.1625,120.7573,1.5366383697877517
2820,173,23.2777,120.7128,0.8355781276136384
2821,173,22.5747,120.3353,-0.0880010143267415
2822,173,22.6495,120.3203,-0.2278640363862315
2823,173,22.6237,120.2843,0.337721642366876
2824,173,22.9053,120.1732,-0.2270800760999091
2825,173,22.7852,120.2385,1.0816492647729306
2826,173,22.7303,120.3412,0.6006574312820534
2827,173,22.8873,120.6567,0.1722532366961962
2828,173,22.5348,120.5362,-0.0349003211037383
2829,173,22.574,120.5663,0.1971661214598036
2830,173,22.4903,120.499,0.6780230873653361
2831,173,22.747,120.7233,-0.4184798914926557
2832,173,22.7112,120.6412,0.178652970188015
2833,173,22.0095,120.7367,0.6004715920761018
2834,173,22.5673,120.4475,-0.0174743969517026
2835,173,22.8858,120.3222,0.6379468683972391
2836,173,22.6128,120.3113,-0.2460189491278217
2837,173,22.6461,120.306,-0.2147847425310297
2838,173,22.4805,120.403,-0.5273094585100476
2839,173,25.017,121.5027,-0.0791959375947524
2840,173,25.0385,121.5762,1.1295928494622038
2841,173,24.7808,121.0068,0.5295540194181583
2842,173,24.7757,121.075,0.6073786146154415
2843,173,24.5588,120.7492,0.6501281098254591
2844,173,24.5615,120.701,0.5548178214872133
2845,173,24.6855,120.8623,1.663832424989349
2846,173,24.6157,120.7877,0.2279860007254829
2847,173,24.4488,120.6963,0.158947592608137
2848,173,24.4912,120.663,-0.1379375084883589
2849,173,24.4917,120.7837,1.1057788632347498
2850,173,24.4497,120.6455,0.2938622315896234
2851,173,24.5542,120.8077,1.3511503208712132
2852,173,24.4683,120.8543,-0.6076702879313819
2853,173,24.18,120.594,-0.6252008840819144
2854,173,24.179,120.6902,-1.2829477795145778
2855,173,24.1815,120.6338,-0.171336263532146
2856,173,24.1603,120.6518,-1.0138472565036902
2857,173,24.198,120.7393,-0.5202377117586814
2858,173,24.1935,120.6688,-1.7289330928111486
2859,173,24.1612,120.675,-1.3346700151614264
2860,173,24.1588,120.6238,-0.9080042506655028
2861,173,24.1732,120.6107,-1.0035105414608396
2862,173,24.2687,120.5637,0.6033129144499461
2863,173,24.2247,120.644,-1.5498680754884109
2864,173,24.1355,120.549,-0.2858215518784551
2865,173,24.3457,120.61,-0.3231879134069264
2866,173,24.0912,120.72,-0.7789963849301952
2867,173,24.2772,120.7658,-0.7636882769793842
2868,173,24.196,120.5403,0.0173088732298382
2869,173,24.1475,120.676,-0.7653925316963337
2870,173,23.883,120.8998,-0.1113931839418563
2871,173,24.3482,120.7733,-0.3245736639920477
2872,173,23.9037,120.8565,-1.5764222045867473
2873,173,24.6917,121.0135,1.0675590515293565
2874,173,24.7433,120.899,1.0196530763582397
2875,173,24.1858,120.6153,-1.0012762521222114
2876,173,24.2493,120.7208,-0.1406046520094745
2877,173,24.3098,120.7072,-0.5502637693689342
2878,173,24.2455,120.6018,-1.6194161033838412
2879,173,24.239,120.559,-1.1049636731735752
2880,173,24.0833,120.5518,-0.1003799100305485
2881,173,24.0727,120.5402,-0.0087614309823152
2882,173,24.0848,120.5713,0.1602149246299251
2883,173,23.9622,120.5695,0.2140329214966927
2884,173,24.0557,120.424,0.1628903085680946
2885,173,23.8928,120.3865,-0.8998169238877453
2886,173,23.9595,120.4693,-0.2000164283079844
2887,173,23.8568,120.5803,1.0003873913106178
2888,173,24.1335,120.4598,-0.486715487409534
2889,173,24.0027,120.4235,0.1117528579961745
2890,173,23.9242,120.3122,-0.2111422639168151
2891,173,23.9803,120.613,-0.3989511967889885
2892,173,23.8128,120.6097,0.4957277152058431
2893,173,24.0187,120.5437,-0.2549867737074171
2894,173,24.5673,120.8165,0.032010292701274
2895,173,24.2603,120.6518,-1.1601034569016726
2896,173,23.9223,120.5955,0.0998157587836826
2897,173,23.9578,120.3593,0.113512710935656
2898,173,23.8338,120.464,-0.2470917099506217
2899,173,23.98,120.3368,1.0008393845779997
2900,173,23.3178,121.4425,0.2757698562666728
2901,173,22.9738,121.2968,-0.4072038850578112
2902,173,22.6178,120.9975,-0.3253706563245147
2903,173,22.9102,121.1287,0.0691024252938901
2904,173,22.7568,121.1403,-0.3514297880662932
2905,173,22.7717,121.1378,-0.7982121718163393
2906,173,22.7647,121.1427,-0.7437081204732829
2907,173,22.7602,121.1517,-0.044942291937108
2908,173,22.7488,121.1442,-0.5549167571345771
2909,173,22.74,121.1135,-0.77043086051094
2910,173,22.7662,121.133,-0.9344114008746002
2911,173,23.0992,121.3653,0.65629618637477
2912,173,22.754,121.1465,-0.1274361700800096
2913,173,22.8207,121.0717,-0.6480922664000882
2914,173,23.1268,121.2057,-0.1553984927490034
2915,173,23.0973,121.2105,0.5232221115053219
2916,173,23.053,121.1557,0.9523554983732296
2917,173,22.9725,121.1083,0.0253505998588497
2918,173,22.9045,121.072,0.2601024921533791
2919,173,22.863,121.083,-0.5779186433898129
2920,173,22.8078,121.086,-0.2894720541175117
2921,173,22.779,121.0543,-0.8448966231468372
2922,173,23.3563,121.4603,-0.8978634408195476
2923,173,23.2462,121.4055,0.0537148803369584
2924,173,23.193,121.3878,-0.9612912111138197
2925,173,22.7988,121.1855,-0.525714407713944
2926,173,23.1512,121.198,0.1313285659376392
2927,173,23.1342,121.1177,2.172053668942948
2929,173,23.0068,121.1655,0.9312910977995088
2930,173,22.9757,121.1478,-0.3530161413385172
2931,173,22.9658,121.232,1.0921078401368056
2932,173,22.773,121.0827,-0.8812935143157926
2933,173,22.674,121.0293,0.1559283070963796
2934,173,23.1887,121.0168,1.4123166734420352
3849,173,23.7192,120.4125,-0.1181581981367429
3850,173,23.6013,120.1715,-0.2640750645075561
3851,173,23.5815,120.552,0.9567548407159646
3852,173,23.4853,120.2692,0.5466527637858939
3853,173,23.4653,120.544,1.1018949848552733
3854,173,23.3328,120.1523,0.5211356654060454
3855,173,23.2963,120.5828,1.9911807113243696
2935,174,23.2963,120.5828,1.4787586581938792
2936,174,23.355,120.4052,0.7825354676490832
2937,174,23.2212,120.1532,0.6237432084571297
2938,174,23.2147,120.268,0.1220444732272634
2939,174,23.1795,120.4778,1.1880425713178022
2940,174,23.0457,120.4615,1.7405150046605926
2941,174,23.757,120.6062,2.094947481230194
2942,174,23.7795,120.5137,1.5599382113015612
2943,174,23.7987,120.4113,0.371215024581149
2944,174,23.752,120.2468,1.232133254337561
2945,174,23.6135,120.5282,0.8159049184370873
2946,174,23.6443,120.4758,1.6248626900021308
2947,174,23.5799,120.291,0.3513755532191935
2948,174,23.5407,120.2153,0.743190424978343
2949,174,23.52,120.584,1.0967958617298967
2950,174,23.5207,120.344,0.3673407610938443
2951,174,23.3583,120.5833,-0.0159159669562737
2952,174,23.3832,120.1635,0.1750527688619131
2953,174,23.4765,120.4632,1.516104734292602
2955,174,23.2803,120.4083,0.8487281181107224
2956,174,23.2878,120.501,1.29362937324039
2958,174,23.2698,120.2705,1.5500797756932596
2959,174,23.2627,120.1315,0.3339407489168215
2960,174,23.1495,120.4098,1.201749320120845
2961,174,23.1725,120.3192,0.4769751078180148
2962,174,23.184,120.1025,-0.3897539849979143
2963,174,23.1243,120.2392,-0.0900458649955177
2964,174,23.0768,120.5107,0.3690235436145905
2965,174,23.1213,120.45,0.5411758627721991
2966,174,23.027,120.3402,0.2869146474555676
2967,174,22.906,120.345,1.2716146363365388
2968,174,22.9205,120.2078,-0.0546228545416089
2969,174,22.999,120.1837,0.3269575568192965
2970,174,22.9737,120.1815,-0.2208886291212267
2971,174,22.971,120.2286,-0.1550186216191962
2972,174,23.0648,120.1645,0.1161621970005666
2973,174,23.5672,119.5552,2.668968278210351
2976,174,23.1848,120.528,0.5428587407394789
2977,174,23.267,120.488,-0.4219340701600549
2978,174,23.7237,120.2975,1.5097441582745874
2979,174,23.351,120.5932,0.4896337993403609
2980,174,23.3845,120.519,1.0114668693407192
2981,174,23.3462,120.4293,1.232439335038555
2982,174,23.2673,120.2163,1.2921024628314417
2983,174,23.6538,120.1472,1.3183249792453036
2984,174,23.7935,120.3205,1.2280654842396412
2985,174,22.983,120.2327,-0.2984982573223259
2986,174,23.1373,120.2802,0.4150214317229214
2987,174,23.2272,120.3418,0.3240256997008807
2990,174,23.7912,120.2273,2.223973464608746
2991,174,23.0372,120.1187,0.0742031934746149
2992,174,23.149,120.079,0.7896210153441382
2993,174,23.0775,120.1082,0.5228498560678008
2996,174,23.6608,121.414,-0.8003136350414212
2997,174,23.9877,121.6173,-1.639470695781846
2998,174,23.9925,121.6165,-0.5240868601942217
2999,174,23.9962,121.5858,0.0391728457975953
3000,174,23.993,121.6233,-1.2824406706039972
3001,174,23.978,121.591,-0.1766287201229162
3002,174,23.9732,121.5993,-0.4730172219531951
3003,174,23.9757,121.553,-1.199729243575986
3004,174,23.9648,121.56,-1.2221459220847797
3005,174,23.9497,121.5392,-0.9552351956261472
3006,174,23.977,121.605,1.038208191627975
3007,174,23.8137,121.4328,-1.202769660148291
3008,174,24.2675,121.7325,0.0580221997669902
3009,174,24.08,121.5955,-2.1232682853432143
3010,174,23.3522,121.297,-1.4471241598608295
3011,174,24.163,121.6447,-1.435398409326293
3012,174,24.1185,121.6165,-0.6398039106576899
3013,174,24.055,121.591,-1.0113174875184543
3014,174,24.0172,121.6013,-0.338670048438988
3015,174,23.9373,121.5702,-0.7948448859796122
3016,174,23.7852,121.4488,-1.2814790720312232
3017,174,23.7653,121.4922,-0.4821175118998026
3018,174,23.7108,121.412,0.0418916999173926
3019,174,23.6867,121.4747,-0.6773938029198359
3020,174,23.5905,121.3772,-0.915547832932852
3021,174,23.732,121.4362,-0.909540417476006
3022,174,23.4995,121.367,-1.3639945479386135
3023,174,23.4542,121.384,-0.5287059839287299
3024,174,23.4615,121.3445,-1.313883577535347
3025,174,23.3845,121.3523,-0.1499827848123654
3026,174,23.2675,121.2942,0.012695791606612
3027,174,23.7092,121.54,-0.8064109093975614
3028,174,23.6538,121.5268,-1.636566790386124
3029,174,24.3095,121.7405,0.0065229401889614
3030,174,24.1492,121.6213,-0.964871323989456
3031,174,24.0113,121.5715,0.8325943635088896
3032,174,23.9952,121.5577,-0.2561345145968023
3033,174,23.9897,121.584,-0.8500632228236501
3034,174,23.8703,121.548,-0.460688006188069
3035,174,24.1795,121.5077,-0.5091661057877921
3036,174,24.16,121.61,-0.4983569606755392
3037,174,23.9672,121.484,-0.8807465298928263
3038,174,23.8713,121.5005,-0.8139289599525448
3039,174,23.8703,121.59,-2.2446857670957923
3042,174,24.845,121.7973,-0.5989392061763782
3044,174,24.6978,121.8052,-0.6742466044591889
3045,174,24.6412,121.825,-0.3165243946732566
3046,174,24.5943,121.8462,0.2754598571118339
3047,174,24.7088,121.7628,-0.5650390784639276
3048,174,24.619,121.7812,-0.3099345671416374
3049,174,24.7807,121.7335,-0.5121893109032088
3050,174,24.732,121.7294,0.6563003538989691
3051,174,24.6945,121.7202,-0.8020808849603209
3053,174,24.749,121.684,-0.3589317596927046
3054,174,24.7135,121.644,-0.4820089557356743
3055,174,24.6448,121.588,-1.5933200948704276
3056,174,24.7278,121.755,-0.0521674087908154
3057,174,24.5995,121.8337,0.3068120180544649
3058,174,24.7455,121.7142,-0.5830185452511768
3059,174,24.7233,121.7917,-0.3001365880707518
3060,174,24.6903,121.792,-0.5600086093615428
3062,174,24.7663,121.7612,-0.2018157814396675
3063,174,24.7655,121.748,-1.546447483348787
3064,174,24.7212,121.667,-0.5386875415665203
3065,174,24.6092,121.8488,-1.53594940335965
3066,174,24.9732,121.9183,-0.8624702998715482
3067,174,24.7387,121.8083,0.4341009694816589
3068,174,24.7622,121.8088,-0.6328644817207442
3069,174,24.6667,121.8205,-0.945377883019681
3070,174,24.5233,121.825,-1.166142562772169
3071,174,24.4677,121.7933,-0.1179942208606538
3072,174,24.477,121.7787,-0.9464675629361344
3073,174,24.4473,121.7707,-0.0216374872816645
3074,174,23.1618,120.6355,-0.1601944390154119
3075,174,22.6462,120.3585,-0.2612015562487236
3076,174,22.8797,120.3707,1.0171290404833235
3077,174,22.656,120.3317,-0.4194664157375918
3078,174,22.891,120.4738,0.1882804140145987
3079,174,22.902,120.5352,1.2955773000907638
3080,174,22.6707,120.491,-0.1964279566715098
3081,174,22.6108,120.5588,0.0375723639355138
3082,174,22.5462,120.4528,-0.233967426616325
3083,174,22.4643,120.4535,-0.1954101785773956
3084,174,22.5488,120.5327,0.0565751071444851
3085,174,22.473,120.5427,0.4105011185661432
3086,174,22.2617,120.6432,0.0039934536569999
3087,174,22.1922,120.6853,-0.9934005503247592
3088,174,22.0982,120.7418,-0.5640174763693108
3089,174,22.1905,120.8703,-0.837348427605799
3091,174,22.7252,120.4908,0.1276074414872486
3092,174,23.1625,120.7573,1.180776317858072
3094,174,23.2777,120.7128,0.6844554771546256
3095,174,22.5538,120.3437,-0.6396825498993548
3096,174,22.6342,120.2633,-0.3733860976867912
3097,174,22.6495,120.3203,-0.3674734525458477
3098,174,22.6237,120.2843,0.3291006233513869
3099,174,22.9053,120.1732,-0.4641516136464363
3100,174,22.7852,120.2385,-0.4214230656647818
3101,174,22.7303,120.3412,0.1637395305930523
3102,174,22.8873,120.6567,0.8303586474973629
3103,174,22.5348,120.5362,-0.0009689508495963
3104,174,22.574,120.5663,0.442491716730554
3105,174,22.4903,120.499,-0.0090901835620796
3106,174,22.747,120.7233,-0.0265535990394919
3107,174,22.7112,120.6412,1.036573227028029
3108,174,22.0095,120.7367,-0.184920208741574
3109,174,22.5673,120.4475,-0.5800444995955514
3110,174,22.8858,120.3222,0.83928027768119
3111,174,22.6128,120.3113,0.1301066341384822
3112,174,22.6461,120.306,-0.41197963923946
3113,174,22.4805,120.403,-0.3742657030288527
3114,174,25.063,121.4813,-0.4693239532717911
3115,174,25.0572,121.5253,-0.4380029156486915
3117,174,25.017,121.5027,-0.50571431890666
3118,174,25.0045,121.5073,-1.485019560096126
3119,174,25.0007,121.4748,0.7401213678780871
3120,174,24.9803,121.5293,0.4586669374426192
3121,174,24.955,121.5303,-0.1138298947129005
3122,174,24.9239,121.535,0.6539386506761129
3123,174,24.9043,121.5447,-1.2439720050753609
3124,174,25.183,121.4167,-0.2127650150632837
3125,174,25.1255,121.4532,0.166797977686008
3126,174,24.9913,121.41,-0.8050832021613662
3127,174,25.148,121.4365,-0.0109679739769742
3128,174,25.1008,121.4403,-0.7453516559503309
3129,174,25.0817,121.3828,-0.1056591483512757
3130,174,24.959,121.5143,0.7733592972039514
3131,174,25.1565,121.6855,-1.452691802878865
3132,174,25.1572,121.7237,-1.359798049222596
3133,174,25.1865,121.5202,-1.1264913386690147
3135,174,25.0082,121.9882,-1.7764001397282052
3136,174,24.9913,121.65,-0.610872102986789
3139,174,25.056,121.872,-0.2737844254710318
3140,174,25.0237,121.906,-1.6149436608271348
3141,174,25.0182,121.9808,-1.910534412066062
3142,174,25.2595,121.4938,-1.574264952786688
3143,174,25.2252,121.6295,-1.9315858894607871
3145,174,25.1008,121.4177,-1.4721792050980675
3146,174,25.0385,121.5762,0.3065357449088705
3147,174,25.0573,121.5945,0.2300538156803499
3148,174,25.0608,121.582,-0.3469170020716323
3149,174,25.141,121.4758,-0.6607504367595669
3150,174,25.1353,121.4913,-0.5130601849517601
3151,174,25.0207,121.5299,-0.7023049953370285
3152,174,25.103,121.5395,0.2279099868656163
3153,174,25.0351,121.519,-0.6850585373151918
3154,174,25.071,121.781,0.4982878069430158
3155,174,25.1053,121.2373,-1.6365709324872475
3156,174,24.9118,121.1405,-0.5675540500096778
3157,174,25.0015,121.3097,-1.089697697267311
3158,174,25.0092,121.2062,-0.6534148278467786
3159,174,25.0463,121.3075,-0.5732822923899221
3160,174,24.88,121.0535,-1.3558541733843106
3161,174,24.7757,121.075,-0.0615667754817182
3162,174,24.5588,120.7492,0.5305228124998219
3163,174,24.5615,120.701,-0.3756286488032427
3164,174,24.6855,120.8623,0.6625141964579245
3165,174,24.4488,120.6963,0.3681050433570293
3166,174,24.4912,120.663,0.7687837777308618
3167,174,24.4917,120.7837,0.4745042885474353
3168,174,24.4497,120.6455,1.278117651213036
3169,174,24.5542,120.8077,1.0692837219841531
3170,174,24.4032,120.7578,-0.3987494372665816
3171,174,24.5412,120.9137,0.576795747707874
3172,174,24.4683,120.8543,-0.8887863024821108
3173,174,24.18,120.594,1.461381410112325
3174,174,24.179,120.6902,-0.072565350474208
3175,174,24.1815,120.6338,1.7338682268691
3176,174,24.1603,120.6518,0.913489171284396
3177,174,24.198,120.7393,-0.2959938568565688
3178,174,24.1935,120.6688,-0.38456752687389
3179,174,24.1612,120.675,-0.549143956042477
3180,174,24.1392,120.6643,0.7391018391905978
3181,174,24.1588,120.6238,0.984098491608394
3182,174,24.1732,120.6107,0.8523359409933104
3183,174,24.2687,120.5637,1.4826457557890955
3184,174,24.2247,120.644,-0.5622108384188206
3185,174,24.1355,120.549,2.1588314583497654
3186,174,24.3457,120.61,-0.0727264247422583
3187,174,24.0912,120.72,0.1763573853094621
3188,174,24.2772,120.7658,-0.73225510144338
3189,174,24.196,120.5403,1.3795839307674993
3190,174,24.8022,120.9695,-0.7011533238254061
3191,174,24.1475,120.676,2.499800768503532e-05
3192,174,24.97,121.1867,-0.7645111009511092
3194,174,24.3482,120.7733,-1.1228740389390246
3195,174,25.0117,121.2792,-1.3485382395855372
3196,174,24.7695,121.0488,-0.7863347109345167
3197,174,24.6917,121.0135,0.9057591591737104
3198,174,24.7957,120.9558,-0.1136216463470613
3199,174,24.7433,120.899,0.6114494776828241
3200,174,24.242,120.7092,-0.5749945875998586
3201,174,24.2493,120.7208,-0.2938476937269166
3202,174,24.3098,120.7072,-0.0533345021857639
3203,174,24.2455,120.6018,0.2296787377251542
3204,174,24.239,120.559,0.8828747869661938
3205,174,24.0833,120.5518,1.0219183670652587
3206,174,24.0727,120.5402,0.7734492519335079
3207,174,24.0848,120.5713,1.9407500661105448
3208,174,24.0557,120.424,0.976121925011004
3209,174,23.8928,120.3865,1.45153780880886
3210,174,23.9595,120.4693,0.6348521704144225
3211,174,24.1335,120.4598,0.7596087614909267
3212,174,24.0027,120.4235,1.459909263583183
3213,174,23.9242,120.3122,1.8110382525971864
3214,174,24.0187,120.5437,0.5881223645777693
3215,174,24.4162,120.7607,0.3601848825065216
3216,174,23.8783,120.6843,2.6429023356435595
3217,174,24.5673,120.8165,-0.0889432808284381
3218,174,24.2603,120.6518,0.0747088611392021
3219,174,23.9223,120.5955,1.9829618874336985
3220,174,23.9578,120.3593,1.6193232754916445
3221,174,23.8338,120.464,2.1138045907170384
3222,174,23.98,120.3368,1.74925916529174
3223,174,23.3178,121.4425,-1.1772505341625397
3224,174,22.9738,121.2968,-0.5728873863850146
3225,174,22.6178,120.9975,0.4251165962784637
3226,174,22.9102,121.1287,0.6538101565458359
3227,174,22.7568,121.1403,-0.3489478612405215
3228,174,22.7647,121.1427,-1.3735518208808597
3229,174,22.7602,121.1517,-1.1642012578526442
3230,174,22.7488,121.1442,-0.7032839928170063
3231,174,22.74,121.1135,-0.6676047954791718
3232,174,22.7662,121.133,-1.128902785953838
3233,174,22.7678,121.1277,-2.168413305683952
3234,174,23.0992,121.3653,-0.084235252684201
3235,174,22.754,121.1465,-0.7701544155766694
3236,174,22.8207,121.0717,0.115257573218833
3237,174,23.1268,121.2057,-0.4269348522180055
3238,174,23.0973,121.2105,0.2879720344759186
3239,174,23.053,121.1557,0.9687902092928186
3240,174,22.9045,121.072,0.5875047803535881
3241,174,22.863,121.083,0.6120177099998209
3242,174,22.8078,121.086,0.5597734502172103
3243,174,22.779,121.0543,-0.3387867648994612
3244,174,23.3563,121.4603,-0.4541842215235225
3245,174,23.2462,121.4055,-0.9170506018004378
3246,174,23.193,121.3878,-1.3622946965177976
3247,174,22.7988,121.1855,-0.390399865656755
3248,174,23.1512,121.198,0.0843853826365192
3249,174,23.1342,121.1177,1.740554411310711
3251,174,23.0068,121.1655,0.2468211247863089
3252,174,22.9757,121.1478,-0.3597620026241697
3253,174,22.9658,121.232,0.4045401444089964
3254,174,22.773,121.0827,-0.2728047258602082
3255,174,22.674,121.0293,0.8769742712984745
3256,174,23.1887,121.0168,0.702609971405123
3856,174,23.7192,120.4125,1.8067814026104057
3857,174,23.6013,120.1715,0.816800848339593
3858,174,23.5815,120.552,0.7605291988130205
3859,174,23.4853,120.2692,1.817928149976932
3860,174,23.4653,120.544,1.7285395433299722
3861,174,23.3328,120.1523,0.0818467967425801
3257,175,23.2963,120.5828,1.2646282857825335
3258,175,23.355,120.4052,2.0379987625257208
3259,175,23.2212,120.1532,1.2383320144487855
3260,175,23.2147,120.268,0.2547672446764731
3261,175,23.1795,120.4778,1.1467034963410692
3262,175,23.0457,120.4615,1.1189639889858851
3263,175,23.757,120.6062,0.7281954432025664
3264,175,23.7795,120.5137,0.5474761974048259
3265,175,23.7987,120.4113,0.8865132218811422
3266,175,23.752,120.2468,1.806569089632058
3267,175,23.632,120.6052,1.33076545081507
3268,175,23.6135,120.5282,2.3506547239910773
3269,175,23.6443,120.4758,0.8411740403248299
3270,175,23.5799,120.291,2.5835501728982604
3271,175,23.5407,120.2153,1.3250612580300656
3272,175,23.5212,120.5443,1.01638731342719
3273,175,23.52,120.584,2.0023420152124216
3274,175,23.6073,120.4788,2.3631053636654187
3275,175,23.5562,120.4202,1.8006815798796103
3276,175,23.5207,120.344,1.4756192599673363
3277,175,23.4388,120.5957,2.376842648974455
3278,175,23.3583,120.5833,1.0528888071879203
3279,175,23.3832,120.1635,0.8286722057075481
3280,175,23.4765,120.4632,2.11352499765092
3282,175,23.2803,120.4083,0.699363876406342
3283,175,23.2878,120.501,1.8670285474061945
3285,175,23.2698,120.2705,1.7966143852386924
3286,175,23.1495,120.4098,0.5464821983123377
3287,175,23.1725,120.3192,0.5821653470899377
3288,175,23.184,120.1025,0.2918575516146618
3289,175,23.1243,120.2392,0.0933658867462913
3290,175,23.0768,120.5107,-0.0726083755904089
3291,175,23.1213,120.45,1.1886293688693672
3292,175,23.027,120.3402,0.3755041415610815
3293,175,22.906,120.345,1.565567494799108
3294,175,22.9205,120.2078,0.2217257017602141
3295,175,22.999,120.1837,0.3280617819556277
3296,175,22.9737,120.1815,0.0546361916085053
3297,175,22.971,120.2286,0.3274472826177044
3298,175,23.0648,120.1645,0.4966761219086698
3299,175,23.5103,120.8052,0.9013414601480112
3300,175,23.5672,119.5552,1.6840265489337805
3303,175,23.1848,120.528,0.9027691654291632
3304,175,23.267,120.488,-0.0361792092075701
3305,175,23.7237,120.2975,2.764039049383917
3306,175,23.351,120.5932,1.9873838519031144
3307,175,23.3845,120.519,1.5087994029977594
3308,175,23.3462,120.4293,3.151072067729056
3309,175,23.2673,120.2163,1.5144019569295508
3310,175,23.7913,120.4783,0.170384797693128
3311,175,23.6538,120.1472,2.0989551828379898
3312,175,23.7935,120.3205,0.7901034200165539
3313,175,22.983,120.2327,-0.1265773173584884
3314,175,23.1373,120.2802,0.8745240738036884
3315,175,23.2272,120.3418,0.94295934261545
3316,175,23.6862,120.5622,0.9971086703872274
3319,175,23.7912,120.2273,2.1864341132768788
3320,175,23.0372,120.1187,0.5398202168348851
3321,175,23.149,120.079,0.7824967994398254
3322,175,23.0775,120.1082,1.3941255459609987
3325,175,23.9877,121.6173,-1.2210708268037993
3326,175,23.9925,121.6165,-0.7179794028595374
3327,175,23.9962,121.5858,-0.1069290796188355
3328,175,23.993,121.6233,-1.2046330412136943
3329,175,23.9732,121.5993,-0.1051750834949668
3330,175,23.9757,121.553,-0.8070990416764335
3331,175,23.9648,121.56,-0.7361579079619605
3332,175,23.977,121.605,0.4674022216520947
3333,175,23.8137,121.4328,-1.3551455353656476
3334,175,24.2675,121.7325,0.3061954174379383
3335,175,24.08,121.5955,-2.1101833111909776
3336,175,23.3522,121.297,-1.3463933895490716
3337,175,24.163,121.6447,-0.1524585618857613
3338,175,24.1185,121.6165,-0.432840066137703
3339,175,24.055,121.591,-0.3651468156519672
3340,175,24.0172,121.6013,0.1053932732889379
3341,175,23.9373,121.5702,-0.54390472826285
3342,175,23.7852,121.4488,-1.283082266348584
3343,175,23.7653,121.4922,-0.5615041768011856
3344,175,23.6867,121.4747,0.1949998349479834
3345,175,23.5905,121.3772,-0.2256756608279454
3346,175,23.732,121.4362,-1.0870741828631094
3347,175,23.4995,121.367,-1.5447139579878468
3348,175,23.4542,121.384,-0.385853144091236
3349,175,23.4615,121.3445,-1.2850907197056478
3350,175,23.2675,121.2942,0.2466558070303803
3351,175,23.7092,121.54,-1.198107531267261
3352,175,23.6538,121.5268,-1.7767063978931374
3353,175,24.3095,121.7405,0.5405185458370951
3354,175,24.1492,121.6213,-0.2244707622397989
3355,175,23.9897,121.584,-1.1550737530649131
3356,175,23.8703,121.548,-0.0573854118762805
3357,175,23.3232,121.3323,-0.1717844823761461
3358,175,24.1795,121.5077,-0.5534209790167325
3359,175,24.16,121.61,-0.2321096563019133
3360,175,23.9672,121.484,-0.6499655492572174
3361,175,23.8713,121.5005,-0.7625936928312663
3362,175,23.8703,121.59,-2.2694944754371105
3364,175,24.845,121.7973,-1.3840671229669026
3365,175,24.7982,121.7813,-0.3968629664099226
3366,175,24.6412,121.825,-0.1118527174936505
3367,175,24.5943,121.8462,0.4470565777779734
3368,175,24.7088,121.7628,-0.4949068493309961
3369,175,24.619,121.7812,-0.970325887527128
3370,175,24.7807,121.7335,-0.5582937219011082
3371,175,24.732,121.7294,0.1103684308988453
3372,175,24.6945,121.7202,-0.8386327816478978
3374,175,24.749,121.684,-0.5896489629607792
3375,175,24.6437,121.6912,-0.6636762888648167
3376,175,24.7135,121.644,-0.6170092074356353
3377,175,24.6448,121.588,-1.668061370193609
3378,175,24.7555,121.747,0.2079917844499893
3379,175,24.7278,121.755,-0.7169159300262653
3380,175,24.7233,121.7917,-0.8446432872101733
3381,175,24.7663,121.7612,-0.1821628183781644
3382,175,24.7212,121.667,-0.6027216759071401
3383,175,24.6092,121.8488,-1.8748374464506825
3384,175,24.7387,121.8083,-0.3417174664109152
3385,175,24.7622,121.8088,-0.6543947278522584
3386,175,24.6667,121.8205,-0.8032326543542633
3387,175,24.5233,121.825,-1.2342469003469267
3388,175,24.4677,121.7933,-0.3005243530401247
3390,175,24.477,121.7787,-0.5642488121982048
3391,175,24.4473,121.7707,0.5914739959884999
3392,175,23.1618,120.6355,-0.4357146016742072
3393,175,22.591,120.3173,-0.1338753996520709
3394,175,22.6462,120.3585,-0.3276913597219654
3395,175,22.6295,120.3672,0.6322013793724568
3396,175,22.8797,120.3707,0.8560446353410965
3397,175,22.891,120.4738,-0.5709873580147723
3398,175,22.902,120.5352,0.8029596083932723
3399,175,22.6707,120.491,0.0273715718804862
3400,175,22.6108,120.5588,0.0793568051409311
3401,175,22.473,120.5427,0.3793874572116054
3403,175,23.2777,120.7128,0.100754249544658
3404,175,22.6342,120.2633,-0.671331947189313
3405,175,22.6495,120.3203,-0.188608297185107
3406,175,22.9053,120.1732,0.0457464303365216
3407,175,22.7852,120.2385,0.1816673476964387
3408,175,22.7303,120.3412,0.4356693205540473
3409,175,22.8873,120.6567,-0.3249555479392395
3410,175,22.5348,120.5362,0.0121906468126989
3411,175,22.574,120.5663,-0.1964309185510479
3412,175,22.4903,120.499,0.1714332748517607
3413,175,22.747,120.7233,-0.3230519877035094
3414,175,22.7112,120.6412,-0.1530010717609854
3415,175,22.8858,120.3222,0.836971482001159
3416,175,22.6461,120.306,-0.2309970488986945
3417,175,25.063,121.4813,-0.2079900961866503
3418,175,25.0572,121.5253,-0.5364509367185795
3420,175,25.017,121.5027,-0.879743382690884
3421,175,25.0045,121.5073,-1.010490368384548
3422,175,24.9239,121.535,0.2701766682607671
3423,175,25.1758,121.434,-0.3263335605826604
3424,175,25.1255,121.4532,-0.5299275642053627
3425,175,24.9538,121.3375,-1.6374946965090025
3426,175,25.1523,121.3955,0.6738227328914378
3427,175,25.0817,121.3828,-0.2940652643131414
3430,175,25.0385,121.5762,-0.0464062809575619
3431,175,25.0573,121.5945,0.3802466690498667
3432,175,25.141,121.4758,-0.1691490279517028
3433,175,25.1353,121.4913,0.1581950237123046
3434,175,25.0207,121.5299,-0.386092721430597
3435,175,25.103,121.5395,0.0510966484344728
3436,175,25.0351,121.519,-0.504702282691175
3437,175,25.071,121.781,0.8298635701075188
3438,175,25.0473,121.1357,-1.0270725884395984
3439,175,24.9118,121.1405,0.1242709495908729
3440,175,25.0015,121.3097,-0.8668099178114341
3441,175,25.0092,121.2062,-0.5180736517439652
3442,175,25.0003,121.1533,-1.094189005408185
3443,175,25.0463,121.3075,-0.3959342594190748
3444,175,24.5588,120.7492,-0.2954596250913772
3445,175,24.5615,120.701,-0.4484552855297968
3446,175,24.523,120.8148,-0.3522304191977907
3447,175,24.4488,120.6963,-0.7129636609241503
3448,175,24.4912,120.663,0.4387129549786477
3449,175,24.4917,120.7837,0.049502567166374
3450,175,24.4497,120.6455,0.3258744374575955
3451,175,24.5542,120.8077,0.8101780257847783
3452,175,24.4032,120.7578,-1.1271224207805657
3453,175,24.4683,120.8543,-1.4797477848611895
3454,175,24.18,120.594,0.0853161848593394
3455,175,24.179,120.6902,-1.508251478231689
3456,175,24.1815,120.6338,-1.2332308739319064
3457,175,24.1603,120.6518,-1.1443131280815098
3458,175,24.198,120.7393,-0.6613050380929848
3459,175,24.1935,120.6688,-1.5512021064434314
3460,175,24.1588,120.6238,-0.9000775954303489
3461,175,24.1732,120.6107,-1.047602942993634
3462,175,24.2687,120.5637,0.4358188199681884
3463,175,24.2247,120.644,-1.8702480187628856
3464,175,24.1355,120.549,0.5019207509453862
3465,175,24.3457,120.61,-0.7298807632226144
3466,175,24.0588,120.6912,0.2047309350184035
3467,175,24.0912,120.72,-1.6401263140046516
3468,175,24.2772,120.7658,-1.1350718112680829
3469,175,24.0407,120.8488,-2.0033742995100217
3470,175,23.9827,120.6778,-0.3636017550308364
3471,175,23.9077,120.6757,0.8153404316510444
3472,175,23.812,120.8455,0.731565436750869
3473,175,23.8395,120.8942,2.298579599445039
3474,175,23.9,120.93,1.8659047090726069
3475,175,24.8022,120.9695,-0.6032120720442896
3476,175,24.1475,120.676,-1.452624332237959
3477,175,24.97,121.1867,-0.7223600755686083
3479,175,23.8635,120.2812,0.2929603259823943
3480,175,24.3482,120.7733,-1.929911583965844
3481,175,24.9823,121.2625,-0.6376418294532233
3482,175,25.0117,121.2792,-0.4257800609972372
3483,175,24.7695,121.0488,-0.1118622274904258
3484,175,24.6917,121.0135,0.5280387178755217
3485,175,24.7957,120.9558,-0.389943757984325
3486,175,24.7433,120.899,0.3811488800392487
3487,175,24.1858,120.6153,-1.2229308436460076
3488,175,24.2493,120.7208,-0.5203937398578607
3489,175,24.3098,120.7072,-0.775887846842474
3490,175,24.2455,120.6018,-1.6013864195672034
3491,175,24.239,120.559,0.3398476167724386
3492,175,24.0727,120.5402,0.1770008556398499
3493,175,24.0865,120.5235,-0.1027490763409457
3494,175,24.0848,120.5713,0.4477944411232757
3495,175,23.9622,120.5695,-0.7277279284461063
3496,175,24.0557,120.424,-0.5064112293599682
3497,175,23.8928,120.3865,-0.142918883205265
3498,175,23.9595,120.4693,-0.819005073509137
3499,175,24.0027,120.4235,0.3221516451073374
3500,175,23.9242,120.3122,0.3481148106425428
3501,175,23.9803,120.613,-0.6816519042124436
3502,175,23.8128,120.6097,0.7090361676413223
3503,175,24.0187,120.5437,-0.192360569460247
3504,175,23.9552,120.6822,0.1607446414474148
3505,175,24.4162,120.7607,-0.3989678160277671
3506,175,23.8783,120.6843,1.687386391235147
3507,175,24.2603,120.6518,-1.485110294253326
3508,175,23.9223,120.5955,-0.1912573224350628
3509,175,23.9217,120.5403,-0.2469032971212023
3510,175,23.9578,120.3593,0.0537042977984653
3511,175,23.8338,120.464,1.6564168489437845
3512,175,23.98,120.3368,0.5081191838366704
3513,175,24.8592,121.2475,-0.3169661196187127
3514,175,23.3178,121.4425,-0.5899010485138912
3515,175,22.9738,121.2968,-0.4551862437635723
3516,175,22.6178,120.9975,-0.8032399502863966
3517,175,22.9102,121.1287,0.4315417591355776
3518,175,22.7568,121.1403,-0.8617307504060091
3519,175,22.7717,121.1378,-1.3131798243243968
3520,175,22.7647,121.1427,-0.9315989492892712
3521,175,22.7602,121.1517,-1.1479699953829825
3522,175,22.7488,121.1442,-0.3097987494438656
3523,175,22.7662,121.133,-1.299288870663134
3524,175,23.0992,121.3653,-0.4120177918402201
3525,175,22.754,121.1465,-0.4072756022915644
3526,175,22.8207,121.0717,-0.6129434437012874
3527,175,23.1268,121.2057,-1.1533969359013465
3528,175,23.0973,121.2105,-0.1916270418747256
3529,175,23.053,121.1557,0.5089761351231565
3530,175,22.9725,121.1083,-0.6428267431703059
3531,175,22.9045,121.072,-0.0704325521597883
3532,175,22.863,121.083,-0.2082014813765331
3533,175,22.8078,121.086,-0.3147201712176973
3534,175,22.779,121.0543,-0.8670732311827488
3535,175,23.3563,121.4603,-0.2835960340905215
3536,175,23.2462,121.4055,-0.3970716917182503
3537,175,23.193,121.3878,-1.181209711567704
3538,175,22.7988,121.1855,-0.7533299699096475
3539,175,23.1512,121.198,-0.8905141826170057
3540,175,23.1342,121.1177,0.8360794126942377
3542,175,23.0068,121.1655,-0.3020977164325322
3543,175,22.9757,121.1478,-0.6471761166025464
3544,175,22.9658,121.232,0.0424596613548717
3545,175,22.773,121.0827,-0.6428929329498617
3546,175,22.674,121.0293,-0.131779533186554
3862,175,23.7192,120.4125,2.175726527800504
3863,175,23.6013,120.1715,1.875787361303776
3864,175,23.5815,120.552,1.6470208248337856
3865,175,23.4853,120.2692,2.171099336154445
3866,175,23.4653,120.544,1.1150601779414142
3867,175,23.3328,120.1523,0.8260397742705279
3868,175,24.5673,120.8165,-0.8703514302688994
3869,176,35.0305,132.9044,1.292398393721143
3870,176,34.8919,133.2781,0.4767800365258489
3871,176,34.8111,132.8444,-0.3275106448466963
3872,176,34.723,132.2797,1.6156014891184187
3873,176,34.7738,133.2833,1.1781887506189208
3874,176,34.6627,132.4102,1.2897179825336813
3875,176,34.7,133.0972,-1.0835521026351285
3876,176,34.6075,132.7219,0.4610316035635418
3877,176,34.5855,133.0527,-0.8531836459017753
3878,176,34.5644,133.2388,-0.6769209048334889
3879,176,34.4244,132.7447,0.3680684127234058
3880,176,34.4816,133.3641,0.0304340264778325
3881,176,34.4166,133.1997,-1.1263024503086403
3882,176,34.4008,133.0858,0.1063052250469125
3883,176,34.9497,133.1197,0.2089337805023363
3884,176,34.3704,133.0259,1.5987436866764384
3885,176,34.545,132.9506,0.1654854812339973
3886,176,34.515,133.1401,1.863810498310292
3887,176,34.3753,133.3519,-1.560355684183517
3888,176,34.5534,133.4205,-0.1648928663123018
3889,176,34.9105,132.9149,0.2299987996764323
3890,176,34.6983,132.955,-0.790326864265353
3891,176,35.6163,134.4527,-0.2167191158070429
3893,176,35.3294,134.668,0.1248157424541518
3895,176,34.9816,134.3255,0.0843814404010792
3896,176,34.9927,134.5547,-0.4539120819109843
3897,176,34.7519,134.3927,-0.4618178644265135
3898,176,35.0639,134.4261,-1.4107918155535528
3899,176,35.2161,134.5264,0.634040384412552
3900,176,34.8963,134.3311,0.3590772227961828
3901,176,34.7903,134.4819,-0.3504104100751385
3902,176,35.0278,134.6736,0.0744644996150687
3903,176,34.9281,134.545,0.689828457483145
3904,176,35.1755,134.0527,-0.0051997658208044
3905,176,35.1705,134.3413,-0.1967797450535599
3906,176,34.9547,133.5044,0.3565655074347361
3907,176,35.0066,133.7344,-0.4465148059141114
3908,176,35.0652,134.0077,-0.5830631772734723
3909,176,34.7775,133.6147,-1.4507916720735936
3910,176,34.8669,133.9063,0.0953389551391314
3911,176,34.9144,134.095,-0.1614925244048612
3912,176,34.7422,134.1911,0.4842907598637124
3913,176,34.6508,133.9094,0.3035667856393149
3914,176,34.5861,133.7572,-1.4166268761272631
3915,176,34.5063,133.5125,-0.1203001965989302
3916,176,34.443,133.7902,-0.4905247718398104
3917,176,35.2761,133.9283,-1.0908765167093488
3918,176,34.5036,133.8931,0.4460838750182679
3920,176,34.775,133.7917,-1.0551592164368655
3921,176,34.6397,133.6886,-2.4728551148259874
3922,176,34.8652,133.8554,-0.3548126060424314
3923,176,34.6724,133.5309,-1.0941916335331072
3925,176,34.9071,133.4081,-0.608240955591259
3926,176,35.1777,133.6792,-1.3027167123197108
3927,176,35.2794,133.929,0.3014670555467117
3928,176,35.07,134.1189,0.0246773867529497
3929,176,35.0967,134.3217,0.1944013009685674
3930,176,34.7251,134.2771,-0.7011728974732092
3931,176,34.9331,133.6232,0.2477007140434272
3932,176,35.5341,133.1638,-2.2931845544019334
3934,176,35.1763,133.0955,-0.0350674738752411
3935,176,35.285,132.903,-1.1739704257862826
3936,176,35.358,132.7475,-1.3327229966880778
3937,176,35.1911,132.5003,-0.2845457536725687
3938,176,35.0775,132.5939,0.9611993348795416
3939,176,34.8491,132.5333,1.1616200449909904
3940,176,35.008,132.2252,0.7684246446775717
3941,176,34.8838,132.0808,-0.9479001729780911
3942,176,35.3613,133.173,-2.598659176516065
3943,176,35.1925,132.8172,-0.5891567925424109
3944,176,36.0902,132.9866,-2.116563035522047
3945,176,36.1894,133.2358,-0.5347124197154535
3946,176,35.2931,133.263,-1.315175566264701
3947,176,35.2203,133.0882,-0.0664867373426634
3948,176,35.2212,132.7249,-0.2082621557358876
3949,176,35.0886,132.5333,-0.4461627894745326
3950,176,34.8665,132.6422,0.8451522742219392
3951,176,34.8807,132.2051,0.5875116749780831
3952,176,34.8769,132.4233,0.8231951987501046
3954,176,35.4228,132.8033,-2.0236930069320174
3955,176,35.1603,132.8583,0.5958030218537396
3956,176,35.0056,132.3094,0.6333715122221367
3957,176,35.3383,134.4002,-1.5380128660919246
3958,176,35.4822,134.2225,-1.2009770202368972
3959,176,35.34,134.2102,-0.193812255915594
3960,176,35.46,134.0711,-1.6517702434712649
3962,176,35.5075,133.633,-0.2260407274691233
3963,176,35.2794,133.4902,-0.4398320497072614
3965,176,35.1676,133.3139,-1.1275761496200554
3966,176,35.2572,134.22,-1.5467777719926672
3967,176,35.2281,133.3937,-2.034867240736919
3968,176,35.4636,133.6333,-1.2961732023903756
6137,176,33.981,133.549,-0.1293702582566893
6138,176,33.9216,133.3074,-1.6224865635840515
6139,176,33.9266,133.0843,-0.1915758600003117
6140,176,34.0624,132.9982,0.5490540573470157
6141,176,33.7974,132.9141,-0.9200436767646032
6142,176,33.641,133.0082,-0.3263412360823371
6143,176,33.9621,132.7722,0.314562284636352
6144,176,33.8198,132.7282,0.3258289800786005
6145,176,33.6324,132.7963,-0.9053706839966116
6146,176,33.4512,132.6882,0.1214778650777541
6147,176,33.4496,132.4336,0.0767542108800145
6148,176,33.2217,132.5727,0.7995593016603384
6149,176,33.3924,132.1141,-0.392236762236039
6150,176,32.9453,132.5047,-0.285017730183597
6151,176,33.6094,132.4768,-0.3387078901698752
6152,176,33.7658,132.7088,0.2468093765349489
6153,176,33.9121,133.6523,-0.2281496967622363
6154,176,33.899,133.0684,-0.7713269543400172
6155,176,33.7079,132.8057,-1.1505506348124168
6156,176,33.3314,132.8005,-0.4389446061859058
6157,176,33.4988,132.7505,-1.1786026334252846
6158,176,33.5354,133.0042,-0.1109041312879374
6159,176,36.2161,136.1571,-0.80443357960536
6160,176,36.0386,136.0137,-0.7297720095641772
6162,176,35.9789,136.4865,0.0069652704871117
6163,176,35.9067,136.1743,-0.4451164275028981
6164,176,35.7731,136.1998,-0.0678395962897537
6165,176,35.6447,136.0575,0.4415795825416136
6166,176,35.5479,135.9084,-0.6726601816846857
6168,176,35.4904,135.551,0.0735057595390412
6169,176,36.0924,136.3646,0.5886120933880499
6170,176,35.9452,136.0584,0.6550122024558496
6172,176,35.5556,135.8722,0.1379911985077654
6173,176,35.6358,136.0331,0.4349543236310058
6174,176,35.4875,135.4869,1.2760980027917237
6175,176,35.4542,135.7294,0.6269486847326273
6177,176,33.8324,130.9014,0.7900908002130297
6178,176,33.7388,131.0095,1.314295240791079
6181,176,33.5716,130.8539,1.1116895517248144
6185,176,33.8817,130.9822,0.661619949139816
6193,176,35.6365,136.4882,0.526246764955712
6194,176,35.4829,136.5714,0.915897502074619
6196,176,35.2834,136.4715,0.3035221080245057
6198,176,35.6294,136.6164,1.0170194837955713
6201,176,35.4147,136.4376,-0.5961051714209274
6203,176,35.2736,136.7031,1.3624075866823029
6204,176,34.4926,132.2794,1.8494972272809544
6206,176,34.2869,132.2766,1.3256986711320051
6208,176,34.2485,132.5647,0.5289082448114643
6209,176,34.3027,133.1693,0.4433287551583948
6210,176,34.285,132.6436,1.2477839728334963
6212,176,35.6411,134.6284,-0.5173617280678487
6213,176,35.4615,134.8758,-0.385475461903369
6214,176,35.3407,134.8619,0.5730940983279289
6215,176,35.1482,134.788,0.5395908426069417
6216,176,35.169,135.1041,0.4421975246723822
6217,176,35.0593,135.1777,1.0693666618779836
6218,176,34.989,134.7634,0.7161649223932921
6219,176,35.0023,134.9999,0.0095558955934722
6220,176,34.9515,135.2713,1.2144337849161206
6221,176,34.8143,134.687,-0.3897966074339458
6222,176,34.832,134.8236,0.6328473187892584
6223,176,34.7976,134.9899,-0.1377800693905318
6224,176,34.6898,135.1583,0.9438491304939144
6225,176,34.7463,135.3499,-0.0496552341732203
6226,176,34.6444,134.9999,0.2129812598007708
6227,176,34.533,134.9904,-0.046313018720709
6228,176,34.3405,134.9014,-0.8036051795439529
6229,176,34.4149,134.7925,0.734778197538483
6231,176,34.2904,134.7968,-0.2522328438200933
6232,176,35.0676,135.2839,2.092003969735858
6233,176,34.905,135.0872,1.084704610840348
6234,176,34.8132,134.8106,-0.1356694935449941
6235,176,35.2893,134.9099,0.7768378764987748
6238,176,34.5466,134.2814,0.727361572407752
6239,176,34.4727,134.3139,1.5309152584580612
6240,176,34.2652,133.7896,0.338179957198273
6241,176,34.3473,134.0374,-0.0973228198091422
6242,176,34.1138,133.6354,0.2162232202793267
6243,176,34.2496,134.1856,0.952796440280078
6244,176,34.2271,134.4009,0.7220026206378899
6245,176,34.1644,133.9243,-0.4260610478279151
6246,176,34.2153,133.952,0.423768002823518
6248,176,33.2903,134.1681,0.7374915545004529
6249,176,33.5014,133.9068,1.2787167532024493
6250,176,33.6975,133.8771,0.5006500437072844
6251,176,33.5934,133.6921,-0.2446246432592406
6252,176,33.4945,133.4165,0.2387674824025041
6253,176,33.5611,133.5271,0.8338037157039454
6255,176,33.5742,133.1718,-0.1612358067806962
6256,176,33.3925,133.2896,-0.3265519217251688
6257,176,33.3982,132.8962,-0.5679620735042432
6258,176,33.1967,132.9758,-0.7996207818016506
6259,176,33.0797,133.1015,1.1709771578548418
6260,176,32.9895,132.9377,0.4724927249249402
6262,176,32.7672,132.9711,-0.2833812877325853
6263,176,33.7691,133.6565,-0.4396683016519066
6264,176,33.5387,134.1224,-0.938492570273314
6265,176,33.7046,133.3667,-0.7032553245819831
6268,176,33.0719,132.955,0.0176692352413017
6269,176,35.7406,135.1022,-0.7308424677220939
6271,176,35.6767,135.2919,-0.286401657102195
6274,176,35.2759,135.1827,0.684893687159602
6276,176,35.2612,135.3966,-0.2052375513765086
6277,176,35.1637,135.5016,0.4030893345260417
6278,176,35.2098,135.7738,0.2833516620702436
6279,176,35.017,135.5638,-0.0471959511362063
6280,176,34.9962,135.8188,-0.1392398990387948
6281,176,34.8784,135.8047,-0.6495277058770641
6282,176,34.7732,135.9921,-0.4454162785807481
6283,176,35.5211,135.1271,-0.3474404129549328
6284,176,35.707,135.2524,-0.0169676079824076
6285,176,35.3098,135.1362,0.9623323686530316
6287,176,35.1718,136.4943,1.6221232266752346
6288,176,35.0279,136.5073,0.94877892125364
6289,176,34.9704,136.6357,0.658610068993103
6290,176,34.8569,136.4493,1.549354406278251
6291,176,34.7677,136.1151,0.5649047951515797
6292,176,34.7178,136.5039,0.2562318532429957
6293,176,34.6435,136.3365,1.9491800842093407
6294,176,34.6285,136.1073,0.180756156768412
6295,176,34.5752,136.5296,-0.5952590162322877
6296,176,34.2777,136.4996,-0.677818525559071
6297,176,33.8783,136.0822,0.193281921976041
6298,176,33.8764,135.9188,-0.2556230889734405
6299,176,34.9817,136.4592,0.558817231274548
6300,176,34.7629,136.2864,-0.499501150794793
6301,176,34.3499,136.5895,-1.0241217024333136
6302,176,34.0604,136.1718,-0.6287214811940315
6306,176,33.7611,135.9998,-0.1424849011702945
6307,176,34.8192,136.4274,0.6065251036747256
6308,176,34.7154,135.7272,-0.1013085137367584
6309,176,34.6683,135.8352,0.1840298998999154
6310,176,34.5169,135.7191,-0.5513621483823976
6311,176,34.3408,135.6883,-0.4879445306855439
6312,176,34.3383,135.9541,-0.4714272340907243
6313,176,33.938,135.7552,-0.7711602170440629
6314,176,33.9633,135.6518,0.5275123698636778
6315,176,34.2892,136.005,-1.2266827056177796
6316,176,34.3028,135.8397,-1.6533476482421543
6317,176,34.4204,136.0323,-0.1691757432112375
6318,176,34.6381,136.054,-0.5592371434700395
6319,176,33.6783,131.5936,1.2063079221035278
6320,176,33.5685,131.2678,0.7877311834387415
6321,176,33.5583,131.4489,0.6874519115699146
6322,176,33.5666,131.7378,0.6030804478440492
6323,176,33.4549,131.1142,0.7114481447840126
6324,176,33.4152,131.6148,0.4670658984020432
6325,176,33.2569,131.3439,0.97890653320464
6327,176,33.2461,131.8811,0.164365438993695
6328,176,33.0664,131.3734,0.3372436712774401
6329,176,33.0656,131.8589,-0.1427454232080091
6333,176,33.4547,131.4453,0.0585118065442544
6334,176,33.1272,131.3497,0.2381498448146408
6337,176,32.9836,131.5905,1.9576562077034008
6339,176,34.9707,135.39,1.2147499650056608
6340,176,34.8573,135.5958,1.1070173345207526
6341,176,34.7668,135.4683,-0.0024390133621746
6342,176,34.7405,135.6394,0.1730445531517916
6343,176,34.7255,135.5099,-1.0935384076654089
6344,176,34.5894,135.471,-1.2183472907374615
6345,176,34.5577,135.6058,-0.7920949071949774
6346,176,34.4402,135.3917,-0.1165929766189529
6347,176,34.4366,135.5816,-1.164543580601182
6348,176,34.3755,135.2549,0.0523340113046673
6349,176,34.3944,135.2864,-0.1193234621121747
6350,176,34.6595,135.3924,-0.208688844397207
6351,176,34.5215,135.6636,-1.4427315529352382
6352,176,34.7597,135.7081,-1.173730836344144
6353,176,35.5398,136.2065,-0.2617490414319599
6354,176,35.4215,136.0243,0.0208385701960379
6355,176,35.377,136.264,0.3730048265806954
6356,176,35.3476,135.9184,-0.0489827230830018
6357,176,35.2493,136.2421,0.5540617138681153
6358,176,35.2001,135.921,-0.322230933906412
6359,176,35.1339,136.0957,0.8171260861185435
6360,176,35.0701,136.2946,1.3081593204136932
6361,176,35.0051,136.0854,1.542409159046112
6362,176,34.9718,135.8965,0.8784065951867011
6363,176,34.8779,136.0587,0.3380605635350726
6364,176,34.9043,136.2307,0.6926016371741529
6365,176,35.2351,136.3628,0.9850069955518604
6366,176,35.245,135.87,0.8768491704179898
6367,176,34.8497,136.0344,0.0955620843994113
6368,176,34.9606,136.2639,0.6275851796206248
6369,176,34.5718,132.0141,-0.0416358194873227
6370,176,34.3529,131.9352,0.341758623210076
6372,176,34.4668,131.7752,1.15894487176634
6373,176,36.2932,133.3561,-0.9488339039911416
6374,176,34.6908,132.0427,0.3814509362855574
6375,176,34.5693,132.0147,0.3944257052376363
6376,176,34.3872,131.895,0.525217996929074
6378,176,34.0438,134.582,0.6207864165493662
6379,176,33.7749,134.5914,0.3628066073125578
6380,176,33.8788,134.3889,-0.5055518467287469
6381,176,33.6692,134.4192,0.0383311588802393
6382,176,34.0905,134.285,-0.1450410941006703
6383,176,33.9344,134.212,0.1455370561920633
6384,176,33.7719,134.1995,-0.411704701866094
6385,176,34.038,134.0614,-0.4529251975614509
6386,176,33.8746,133.9218,-1.3776735754243108
6387,176,34.0319,133.809,-0.1189303127944334
6388,176,34.0079,134.0945,0.7008054217760403
6389,176,33.8745,134.1321,0.4397078727060516
6390,176,34.2288,135.1694,-1.1112899802747034
6391,176,34.2755,135.4305,-0.474760878834576
6393,176,34.0841,135.4309,-1.3313344967702918
6394,176,33.8938,135.4883,-1.1258631546523366
6395,176,33.8908,135.1524,-0.3431484680588088
6396,176,33.7289,135.3772,0.838312716498251
6397,176,33.5503,135.4972,0.1632633626839981
6399,176,33.472,135.7835,0.0153076146937018
6400,176,33.7053,135.6397,-0.1610572817441735
6401,176,33.9771,135.215,-0.4779334647911019
6402,176,34.134,135.5397,-1.4721967908101563
6403,176,33.5525,135.5482,-0.0707666010647744
6404,176,33.6915,135.5981,0.7426867887906901
6405,176,33.6861,135.4424,0.5486707922262095
6406,176,34.3194,135.4511,0.5362689492519267
6407,176,34.2835,135.0742,-1.2496950113268497
6408,176,33.8214,135.22,-0.531401460277119
6410,176,34.4073,131.3987,0.2171673035323167
6411,176,34.3829,131.6002,-0.4582783624582205
6412,176,34.3709,131.182,-0.4439669230845476
6413,176,34.2904,130.9484,0.1725478465575996
6414,176,34.149,130.9298,0.6939519862871346
6415,176,34.1657,131.2064,0.2043501866652826
6416,176,34.0121,131.4042,0.1116073201692881
6417,176,34.2319,131.8169,0.1023218486975402
6418,176,34.2304,131.9822,0.9742112799074448
6419,176,34.0643,131.0214,1.3468381247993388
6421,176,34.031,131.5348,1.051796871397076
6422,176,34.0544,131.8077,0.8450966092130404
6423,176,34.0966,132.0758,1.215954793621573
6424,176,34.1699,132.1766,1.1897123824994769
6426,176,33.9091,132.3561,0.7565333676929885
6429,176,34.1078,131.1458,0.3001147630846684
6430,176,34.1858,132.1285,0.2393298399970575
6431,176,34.0237,132.0651,0.2005486033498418
6432,176,34.1941,131.9968,0.2847878585288965
6434,176,34.1117,131.053,-0.2614407166075931
6435,176,34.1316,130.9347,0.3740373053753786
6436,176,34.6225,131.6706,0.9236304813044908
6437,176,34.4805,131.6353,0.5713431675097832
6438,176,34.2058,131.6883,0.4765915927406272
6440,176,34.3376,131.1794,0.8852914053742021
3969,177,35.355,-119.054,-1.5482737953752983
3970,177,34.07618,-118.3959,-0.6166848956729647
3972,177,34.1949,-118.354,-0.0416675009164696
3973,177,35.403,-119.449,1.0045757158124495
3975,177,34.208,-119.079,0.9837423261768868
3976,177,34.222,-119.04,0.5896658932587763
3977,177,34.224,-118.994,0.8697023972629729
3978,177,35.593,-121.124,-1.674577568042884
3979,177,34.564,-118.642,1.3237602756946047
3980,177,36.137,-120.363,-1.134361208783737
3981,177,34.397,-118.918,1.676685293500508
3982,177,37.56,-122.249,-0.9508666216393632
3983,177,34.812,-118.945,-0.1098970220336054
3984,177,36.774,-119.728,-0.7635000217644485
3985,177,34.2772,-118.56,0.4627985896508054
3986,177,36.321,-121.243,-1.866885720856939
3987,177,36.891,-121.404,-1.135601072334753
3988,177,36.851,-121.402,-0.0855713089161083
3989,177,36.848,-121.397,-0.5768149452728623
3990,177,34.674,-118.43,0.565635136072324
3991,177,34.5214,-117.991,-0.5114826300740969
3992,177,34.519,-120.328,0.0441671294805812
3993,177,35.208,-120.457,1.2869939565056223
3994,177,34.07,-118.346,0.0704124296324951
3995,177,33.943,-118.411,0.0843294993668864
3996,177,34.084,-118.6,-2.270251870791354
3997,177,36.755,-120.382,-1.7964263656470003
3998,177,37.141,-121.663,-1.777746178387568
3999,177,36.807,-121.778,-0.8173173225937448
4000,177,34.229,-118.527,0.9167368047584322
4001,177,34.448,-119.23,1.012637992101015
4002,177,34.24,-119.179,0.5104161430981864
4003,177,34.217,-119.153,0.4452924996564257
4004,177,34.186,-119.178,-0.0337529433457306
4005,177,34.175,-119.226,0.3684979779024859
4006,177,34.57806,-118.11401,0.6652895775592089
4007,177,34.413,-118.796,0.8867469319265996
4008,177,35.274,-120.885,-0.8055890137648529
4009,177,34.193,-118.51,1.0925734947456822
4010,177,36.671,-121.642,-0.7421860786226618
4011,177,36.697,-121.634,-0.5574671710881617
4012,177,35.799,-120.884,-1.070434781929636
4013,177,37.804,-122.443,-0.1427069359561208
4014,177,36.86,-121.54,-1.5527262129132335
4015,177,35.285,-120.661,0.4733349138964015
4016,177,34.423,-119.7,0.1452101933579941
4017,177,34.439,-119.756,0.5770903660277582
4018,177,34.43,-119.724,-0.3064806617775476
4019,177,34.45,-119.734,0.3044020717672839
4020,177,34.422,-119.851,0.936788297247178
4021,177,34.354,-119.06,0.3489413818689076
4022,177,34.2694,-118.783,0.741857340499786
4023,177,34.289,-118.746,0.5653252431245132
4024,177,37.402,-122.025,-1.237644716593952
4025,177,34.3088,-118.448,0.6067613723133132
4026,177,34.312,-118.496,0.7206299761244487
4027,177,34.31076,-118.49675,0.7986663965792755
4028,177,34.16,-118.534,-0.2044015913662197
4029,177,34.1729,-118.549,0.098540689494664
4030,177,35.556,-120.719,0.1653294569030078
4031,177,34.1851,-118.447,0.7336331265084781
4032,177,34.276,-119.293,1.6334019386770542
4033,177,34.3968,-119.299,0.2717863494320315
4034,177,34.27,-119.181,0.8887601608560878
4035,177,37.468,-122.308,-0.2188924931374738
4060,179,36.774,-119.728,-1.7572574106570134
4061,179,36.775,-119.78,-0.983797687199162
4062,179,36.891,-121.404,0.2905285305185633
4063,179,35.939,-120.425,0.5780242377516895
4064,179,35.894,-120.421,0.1049605748576744
4065,179,35.911,-120.486,1.4165809873034592
4066,179,35.833,-120.346,-1.0227346695848445
4067,179,35.815,-120.374,-0.6002578332588446
4068,179,35.713,-120.203,-0.12517351554217
4069,179,35.94,-120.432,1.766413879203286
4070,179,35.958,-120.496,-0.3291940241118558
4071,179,35.624,-120.254,-2.1676032039485995
4072,179,35.973,-120.579,0.185613931057449
4073,179,35.923,-120.534,-0.1325616149927057
4074,179,35.815,-120.511,1.42676323008282
4075,179,35.285,-120.661,-0.7720745128835326
4076,179,36.851,-121.402,0.5701593732373843
4077,179,36.137,-120.363,-0.5565878438575478
4078,179,35.403,-119.449,-1.3059721484412816
4079,179,35.208,-120.457,-0.5142842703476243
4080,179,35.697,-120.328,0.1316907270993585
4081,179,35.274,-120.885,-0.5097621639812429
4083,179,35.898,-120.431,-0.5811721356515488
4084,179,35.655,-120.377,0.6426939120531598
4085,179,35.556,-120.72,0.2279616288027026
4086,179,35.593,-121.124,-1.2275493819004546
4087,179,36.973,-121.953,1.133836555158884
4088,179,36.239,-121.774,0.1427319841790891
4089,179,36.671,-121.642,0.320681848753429
4090,179,36.807,-121.778,0.8398850981322776
4091,179,36.207,-121.131,1.3567078745514785
4092,179,36.321,-121.243,0.6250605435321336
4093,179,36.848,-121.397,0.5701899095443472
4094,179,36.697,-121.634,0.7427709147864934
4095,179,35.945,-120.542,-1.014902823057247
4096,179,36.034,-120.59,-0.0702389495837758
4097,179,35.743,-120.277,0.3081125468211733
4098,179,35.751,-120.259,1.1226148065144308
4100,179,35.77,-120.247,1.7976997133385964
4101,179,35.724,-120.294,0.8299394495881477
4102,179,35.718,-120.304,1.1832506197031292
4103,179,35.707,-120.316,0.2504453678851909
4104,179,35.684,-120.342,1.1272648079074314
4105,179,35.639,-120.404,-0.3288710636887139
4107,179,35.803,-120.334,0.6450250811174478
4108,179,35.836,-120.395,-2.177221249775927
4109,179,35.859,-120.42,-0.7843490214800314
4110,179,35.871,-120.404,-0.6643191383603745
4111,179,35.878,-120.381,1.1781906300890983
4112,179,35.879,-120.445,-1.8294206304361
4113,179,35.896,-120.398,2.886949574736436
4114,179,35.899,-120.433,-0.3637386419257022
4115,179,35.908,-120.458,4.223033616307695
4116,179,35.921,-120.481,-1.093246596317027
4117,179,35.818,-120.378,-1.7125296460728647
4118,179,35.843,-120.348,-0.3068831564999541
4119,179,35.812,-120.391,-0.638713219722401
4120,179,35.87,-120.334,-0.5206541624252826
4121,179,35.796,-120.411,1.9444704458161293
4122,179,35.785,-120.444,1.6939433854499986
4123,179,35.77,-120.477,0.9086226510182194
4124,179,35.738,-120.507,-0.3231097103422738
4125,179,35.788,-120.294,2.1327136504281534
4126,179,35.81,-120.282,-0.2334569466542838
4127,179,35.833,-120.27,0.1856668838504651
4128,179,35.705,-120.169,-0.4302797660652799
4129,179,35.957,-120.481,-0.302249636145543
4130,179,35.934,-120.497,-1.5747301240926674
4131,179,35.973,-120.467,-0.0733905612495403
4132,179,35.927,-120.509,0.7563763452406904
4133,179,35.922,-120.534,0.7080400911866547
4134,179,35.905,-120.55,-0.9672509371710184
4135,179,35.885,-120.565,0.0139937080894791
4136,179,35.861,-120.6,-0.3696029489639735
4137,179,35.821,-120.507,-0.0024332525058888
4138,179,35.822,-120.506,0.8204393712540551
4139,179,35.821,-120.505,0.3918443235053335
4143,179,35.825,-120.501,0.4701280970923576
4144,179,35.826,-120.501,0.5376296677162149
4145,179,35.828,-120.5,1.4393565029573914
4146,179,35.826,-120.502,1.5499706681033243
4149,179,36.191,-120.708,-2.025883921948801
8438,179,37.68,-121.739,-0.6793238151108203
8439,179,37.41702,-121.9154,-0.1037380908884902
8440,179,37.34655,-121.80774,-0.3383388648905686
8441,179,37.40718,-122.00001,-0.9277534987117952
8442,179,37.376,-121.84367,-0.2162742867878013
8443,179,37.27117,-121.98617,-0.5112029079117549
8444,179,37.45098,-122.4287,-0.0024691286919002
8445,179,37.67928,-122.48405,0.7191817750802989
8446,179,37.91056,-122.53778,-0.9681832201092496
8447,179,38.03445,-122.27016,-0.9921553348901108
8448,179,37.68873,-121.78351,-0.2643337422137557
8449,179,37.16346,-121.62645,-1.713138935375229
8450,179,37.85727,-122.42266,-0.69703574311378
8451,179,37.45035,-121.80037,-2.2588591854980624
8452,179,37.7294,-121.83346,0.0490458678006519
8453,179,37.37289,-121.76887,-1.4911327636490916
8454,179,37.73786,-122.06486,0.2037677161818196
8455,179,37.85884,-121.99264,0.4678154584475809
8456,179,37.91233,-121.90716,-1.8325354711313884
8457,179,38.02691,-122.01599,-0.3424640689165174
8459,179,37.34305,-122.33976,1.1126891017870248
8460,179,37.31861,-122.15314,-1.2214045729282432
8461,179,37.17217,-122.01121,0.8501270264247717
8462,179,37.04922,-121.80722,-1.0365530982294728
8463,179,37.36045,-122.18986,-1.414909422420919
8464,179,37.51604,-122.45815,-1.171279614782705
8465,179,37.21427,-122.17168,0.4820026908713364
8466,179,37.20631,-121.97726,-0.4786383846063234
8467,179,37.15432,-121.73467,-0.4494239808784011
8468,179,37.63719,-122.47482,-2.158927689097462
8469,179,37.2708,-122.21276,0.7740264890844486
8470,179,37.19855,-122.34671,0.3882307867717888
8471,179,37.58225,-122.42006,-0.8597259711364714
8472,179,37.40372,-122.17596,0.1031787620895307
8473,179,37.28397,-122.05017,-0.8111302062555672
8474,179,37.58644,-122.50217,-1.4967424478982227
8475,179,37.6444,-118.89683,1.760144078871461
8476,179,37.65909,-118.97907,1.1244265923552026
8479,179,38.15486,-121.80438,-0.2854233468968185
8481,179,38.04248,-122.79684,-0.2635809032917944
8485,179,35.86661,-120.4796,0.0056617812800181
8486,179,36.2159,-120.80126,-1.7740061493073274
8487,179,38.2026,-121.9354,-0.0900470570310703
4151,180,37.6535,139.8633,1.5710419592712703
4152,180,37.6002,139.6467,0.9309346463443862
4153,180,37.4774,139.9294,-0.2118910660092111
4154,180,37.3957,140.1325,0.4475211909764996
4155,180,37.3077,139.9,0.8007628982547955
4156,180,37.266,139.5386,0.3890396101332703
4157,180,37.07,139.6808,1.3271571342843702
4158,180,37.3491,139.3144,-0.2195909455243701
4159,180,37.0159,139.3801,1.6527742910642769
4160,180,37.453,139.5133,0.5637652827473444
4161,180,37.7535,139.7183,0.7451438002039441
4162,180,37.6048,139.7566,0.6461052162582304
4163,180,37.4478,139.8159,0.2550339339472144
4164,180,37.2513,139.8758,0.9608524358188816
4165,180,37.1692,139.5231,1.391531212631838
4167,180,37.1585,140.0963,0.8710534997520998
4168,180,37.3392,139.3179,1.0737346706481177
4169,180,36.7819,138.9695,2.150074141566526
4170,180,36.6578,139.0784,2.7049860323238653
4171,180,36.6172,138.5918,-1.601588044207245
4172,180,36.5133,138.5177,-2.755497451166635
4173,180,36.5103,138.7523,-1.1039844300938646
4174,180,36.4619,139.0101,0.1613965491037314
4175,180,36.3478,139.1368,-0.7649952119260455
4176,180,36.4106,139.3251,2.159836114806983
4177,180,36.3181,139.0176,0.687749075495006
4178,180,36.35,138.7179,-0.6307335325688646
4179,180,36.6967,139.2136,1.5174445111179888
4180,180,36.4886,138.5275,-2.006820537040685
4181,180,36.6181,138.91,-1.369506409172679
4182,180,36.8514,138.366,-0.4330651944524606
4183,180,36.8069,138.2069,1.0014546670394864
4184,180,36.7403,138.4129,0.6042286045027422
4185,180,36.6486,138.1938,-0.5354421788638888
4186,180,36.6981,137.8544,-1.3099229328222517
4187,180,36.5339,138.1191,-0.6786240597567619
4188,180,36.7403,138.3792,-0.0980749759176617
4189,180,36.4632,138.1505,-0.0205456785774729
4190,180,36.5739,138.051,-0.5638521538313003
4191,180,36.7044,138.0995,-0.4263760759765105
4192,180,36.9072,138.4439,0.3693971254821192
4193,180,36.6953,137.8513,-1.263284086316376
4194,180,38.0745,138.4398,-0.8025956447003244
4195,180,37.9976,138.3226,0.5935011816497163
4196,180,37.9204,138.4981,-1.2926097634349756
4197,180,38.053,139.4055,0.0696320741609746
4201,180,37.6863,139.4772,2.130780677841204
4204,180,37.6935,139.1886,-0.910229597679332
4205,180,37.6421,138.7676,-1.104920269168899
4206,180,37.4416,138.8431,-0.8569234432835711
4207,180,37.3724,138.5579,-1.4227040272483544
4208,180,37.3057,138.7898,0.7183789032502934
4209,180,37.2332,138.962,-0.4132773031740132
4210,180,37.1281,138.7468,2.11951199055048
4211,180,37.0364,138.8462,0.2428315650816215
4212,180,37.0147,138.6529,1.336127239505036
4213,180,37.1268,138.444,0.7183862048025084
4215,180,37.0228,138.2507,-0.4891412423491392
4216,180,37.0235,137.8624,0.5024202998937027
4217,180,37.4261,138.8862,0.2559290380643752
4218,180,37.4242,138.8908,0.4189829124305064
4219,180,38.1297,139.4322,-0.6777425838371824
4220,180,38.1283,139.5461,0.945967590793474
4221,180,37.9731,139.2819,0.1045551740442411
4222,180,37.6497,139.0708,1.4623396797489252
4223,180,37.6628,139.2642,0.3057004498658479
4224,180,37.6678,139.4681,0.820504199187562
4225,180,37.5356,139.1311,0.8183464766292399
4226,180,37.5408,139.3681,0.9852129249206768
4227,180,37.1697,138.7472,-0.1432339699591432
4228,180,37.2208,138.9853,-0.1180720936818747
4229,180,37.0514,138.3997,-0.7875558650273594
4230,180,37.0503,138.9983,0.4232541266378166
4231,180,36.9347,137.8511,-0.1135323841342647
4232,180,36.8539,138.0997,0.0874975984694933
4233,180,36.9394,138.2625,0.0918963738331419
4234,180,36.8083,138.7881,-0.3249723420450586
4235,180,36.99,139.8033,-0.0094888948552206
4236,180,36.8144,139.7153,0.1566874610951545
4237,180,36.8061,139.4204,-0.3219081184522893
4238,180,36.8061,139.9264,0.5305895578917454
4239,180,36.7258,139.7155,1.3859961336657916
4240,180,36.6347,139.4376,0.4367886938902238
4241,180,36.8786,139.4567,1.3459974372631005
4242,180,36.8797,139.6492,0.7491186986437498
4243,180,36.8594,139.8397,0.3096273677885794
4244,180,36.8547,140.0258,-0.3062636353742127
4245,180,36.7042,139.7733,0.8963781431675354
4248,180,36.976,137.6257,-1.3347566891937883
4249,180,37.9207,139.8697,1.440423726220338
6441,180,35.2979,136.9153,0.1022414109823147
6443,180,35.1979,137.2056,-0.5303038170331059
6444,180,35.0812,137.1464,0.9712504719303636
6445,180,34.976,137.4236,0.4664190017870621
6446,180,35.2161,137.4069,-1.1624130629644989
6447,180,34.9157,137.3023,-1.5144906370022309
6448,180,34.9969,137.6273,-0.981311102799398
6449,180,35.181,137.0504,0.781276854892918
6450,180,35.1359,137.3389,0.2394552816810527
6451,180,35.1511,137.538,0.5558930413721928
6452,180,35.1808,137.7298,1.4505755712141406
6453,180,34.9603,137.2406,0.1833986141092813
6454,180,34.9479,137.4144,-1.0539422413368302
6455,180,34.8943,137.4906,-0.4559086465876872
6456,180,39.6069,140.3213,0.905393565387294
6459,180,39.2022,139.9085,-0.060738530109165
6460,180,39.2194,140.1317,0.4392562114545884
6461,180,39.1711,140.7164,1.552254520241438
6463,180,38.9772,140.4986,0.9301296314137388
6464,180,39.6857,140.411,0.8203908635582035
6465,180,39.5422,140.3515,1.212625543969228
6466,180,39.3519,140.3903,0.280207332110869
6467,180,39.1883,140.4744,1.3647859164736722
6468,180,35.9595,139.8733,1.6554980111583384
6469,180,35.7943,140.0564,2.027408874241313
6470,180,35.9007,140.4905,0.8179037782772997
6471,180,35.7358,140.83,1.048634299133613
6472,180,35.7801,140.3067,0.733991061908455
6473,180,35.7234,140.2267,1.5336284396113988
6475,180,35.5727,140.3333,0.966858413124052
6476,180,35.4327,140.2905,1.2046639170525215
6480,180,35.2988,140.0755,0.8130447027991118
6481,180,35.1577,140.3222,-0.1452284840676399
6484,180,35.3083,139.8598,1.0457567582715384
6485,180,35.6335,140.0784,0.4324275422421565
6486,180,34.9707,139.9459,0.111192508844281
6487,180,35.766,139.9665,1.5728359765969049
6488,180,35.7934,140.0238,0.6864258627177695
6489,180,35.5425,140.245,0.9832651536513184
6490,180,35.2834,140.1562,-0.3688263769735733
6491,180,35.3412,139.8586,-0.260303259114977
6492,180,35.8275,140.3013,0.7670080780525153
6493,180,35.7309,140.8263,0.5305686574473877
6494,180,35.1351,139.9681,0.8004471937389345
6495,180,35.1681,140.3431,-0.0313588036828215
6496,180,36.2161,136.1571,-0.7098127866896028
6497,180,36.0924,136.3646,-1.2941518490190362
6499,180,37.7949,140.9196,0.4887340013856435
6500,180,37.8449,140.6013,-1.1916096461192496
6501,180,37.7613,140.4799,-1.586947096093967
6502,180,37.6799,140.7346,-0.5079600122189085
6503,180,37.6385,140.9849,0.72094371203758
6504,180,37.5031,140.7588,1.5946447368572887
6505,180,37.4061,140.9632,1.0220973431922868
6506,180,37.4363,140.5668,1.1243391004991317
6507,180,37.2778,140.6349,-0.23623724666331
6508,180,37.2342,141.0016,0.8459498643703751
6509,180,37.0911,140.9035,-0.3323110113445245
6510,180,36.9069,140.7929,0.5058529472299462
6511,180,37.09,140.5563,-0.3806635097917564
6512,180,36.8683,140.43,1.3261620295298744
6513,180,37.0217,140.3775,-1.0247679577897306
6514,180,37.1228,140.1914,-0.7445438639421713
6515,180,37.2842,140.3689,-0.2129346123274642
6516,180,37.3961,140.3622,-0.4258097463551887
6517,180,37.603,140.4368,0.3969526332600241
6518,180,37.3364,140.8132,0.2915096914148441
6519,180,37.2792,140.2178,-0.0999206986138988
6520,180,37.35,140.4297,0.2146889802020101
6521,180,37.1976,140.342,-0.4787107065786192
6522,180,37.2139,140.5736,0.5142248699831716
6523,180,36.9919,140.5886,0.5544947605558531
6524,180,37.0233,140.9736,0.3787601100469501
6526,180,37.7613,140.38,-2.31145066785289
6527,180,37.6606,140.6008,-1.0009097656365622
6528,180,37.4864,140.5414,0.3688851211095355
6529,180,37.4672,140.7261,0.7254564281530822
6530,180,37.4881,140.9906,1.8323756796996604
6531,180,36.2742,136.8978,0.103161996901959
6532,180,36.2734,137.0253,-0.765677646993075
6533,180,36.3322,137.3014,-1.90653151824358
6534,180,36.2492,137.5174,-2.064445102557844
6535,180,36.1536,137.2514,-1.748539227487482
6536,180,36.0333,136.9528,-2.00462665088216
6537,180,36.0378,137.4861,0.7071234909363673
6538,180,35.9515,137.26,-2.188246589229588
6539,180,35.8029,137.245,-0.4306223781463775
6540,180,35.6576,137.4258,-0.272572196464208
6541,180,35.4887,137.5,0.166810213341056
6542,180,35.4495,137.4039,-0.1887791950786879
6543,180,35.4426,137.0,-0.5513233543493123
6544,180,35.3882,137.2158,1.0290702302060537
6545,180,35.3009,137.387,0.1453173444673508
6546,180,36.2417,137.2013,-2.268476110920135
6547,180,35.8291,136.9651,-2.777760766007161
6548,180,35.2736,136.7031,-0.4803815593990056
6549,180,36.3749,137.3746,-1.5708517603838603
6551,180,35.6001,136.4164,-2.124807081372303
6552,180,36.2712,136.9009,0.1099888832155886
6553,180,36.2462,137.5204,-1.791763398445136
6554,180,36.1306,137.2238,-0.2827417433166379
6556,180,35.9483,136.8762,-0.9654465011469416
6557,180,35.896,137.1525,-2.1013806514921867
6558,180,36.0184,137.3936,-2.2867291010792488
6562,180,35.7203,136.7876,-2.793559587506707
6564,180,35.5183,136.6156,-1.858146289736191
6565,180,35.4089,136.8794,-0.0195343288900914
6566,180,35.4495,137.007,-1.3013968310490678
6567,180,35.4539,137.4737,0.1874777546849574
6568,180,35.2921,136.4761,-0.7150613245559748
6569,180,36.2343,139.5331,1.342992891293623
6570,180,36.2914,139.3609,2.1767932694184045
6571,180,36.3147,139.1924,-0.3237160776879595
6572,180,36.2287,138.7579,-0.3637415899632661
6573,180,36.1162,138.9251,0.7792794086090178
6574,180,36.3111,139.1879,-0.4748315385842709
6575,180,36.2409,139.5476,1.5178571317302576
6576,180,36.2325,138.7322,0.3817550280189956
6577,180,36.2831,138.9242,-0.5876187901212092
6578,180,36.1409,138.9161,0.635278561993884
6579,180,36.7761,140.3569,-0.0308887453397076
6580,180,36.7061,140.7068,0.8767911335349836
6581,180,36.5915,140.6453,1.0743021825553989
6582,180,36.5516,140.4102,2.232840964732973
6583,180,36.3851,140.2372,1.0223653540319062
6584,180,36.369,140.4528,0.4458307508821679
6585,180,36.3523,140.5955,0.1756339597044011
6586,180,36.3062,139.9828,-0.1688024119381591
6587,180,36.1848,139.7037,0.4121492163984902
6588,180,36.1843,139.9653,0.3034073191771985
6589,180,36.1251,140.0903,0.815866081098271
6590,180,36.1901,140.2869,1.3282872711087252
6591,180,36.0729,140.1947,1.7930434285890402
6592,180,36.0693,139.908,1.9448884803051296
6593,180,35.9112,140.0494,1.5523949365469851
6594,180,35.9537,140.3194,1.408985148345408
6595,180,35.977,140.6322,0.380219275701222
6596,180,36.8808,140.6544,0.8962724384786968
6598,180,36.1156,140.5655,1.468756649035634
6599,180,36.4358,140.3592,1.754498313093246
6601,180,36.3669,140.1434,0.6894896729356076
6602,180,36.8338,140.3215,1.4526114711604965
6603,180,36.7924,140.5784,0.5660603334568399
6605,180,36.5535,140.3046,1.6679711229154477
6606,180,36.6374,140.4009,1.7173801635172108
6607,180,36.0832,140.3173,2.5998492786188137
6608,180,36.3599,140.6231,1.386902304137675
6609,180,37.4999,137.1764,0.7688728188538523
6611,180,37.3919,136.9083,0.5710113852911672
6614,180,37.1602,136.6897,-0.9379761131365848
6616,180,36.8918,136.7783,-0.2895938709650683
6617,180,36.7318,136.6989,-0.8764584176258851
6618,180,36.5419,136.6431,-1.466267838340692
6619,180,36.3575,136.6045,-1.7932711733260709
6620,180,36.1805,136.6247,-1.8311904774793089
6622,180,37.3614,137.0443,0.2193358844506757
6623,180,37.1872,136.7206,-0.0531499304721681
6624,180,37.2194,136.9719,1.7138829059211456
6625,180,37.0503,136.8236,-0.5767688259310024
6626,180,36.5119,136.6386,-1.2623963618040714
6627,180,36.735,136.7936,0.4538809734872506
6628,180,36.2636,136.7197,-1.5248906127210178
6630,180,39.3209,141.1378,0.587520467592888
6631,180,39.318,140.7792,0.2644750741244968
6632,180,38.8625,141.3547,-0.6968714924209477
6633,180,39.3406,141.0508,0.393734177626264
6634,180,39.0061,140.8667,-1.0904106074225346
6635,180,38.9661,141.0047,0.3325627487769695
6636,180,39.0278,141.5356,0.3752614440828327
6639,180,35.2727,139.6579,-0.5380736898129382
6640,180,35.1441,139.6218,-0.7513635353273925
6641,180,35.3192,139.5462,-1.4398857821284397
6642,180,35.4544,139.5387,-0.4196672859627092
6643,180,35.3385,139.4901,-1.0634610070653931
6644,180,35.5751,139.3265,1.0385738302633951
6646,180,35.3355,139.3504,0.0657530348186266
6647,180,35.6154,139.1548,-0.2822812233902074
6648,180,35.3794,139.2048,-0.6583318960473102
6650,180,35.3608,139.0826,-0.2995707202898194
6651,180,35.4959,139.5227,1.6949939905071592
6652,180,35.4007,139.3571,0.4029134941223077
6653,180,35.6404,139.1315,1.3042337967402735
6654,180,35.414,139.0468,-1.367160614816514
6655,180,35.3631,139.1291,-0.6822868692896181
6657,180,38.9015,141.5684,1.118444546128483
6658,180,38.7262,141.5109,0.2394449273692484
6659,180,38.7348,141.3106,-1.0022212555380003
6660,180,38.7292,141.0217,2.3532134610603683
6661,180,38.7992,140.6507,1.3867762418237908
6662,180,38.5769,141.4514,-0.8472729007003524
6663,180,38.4466,140.8874,0.5047248064213061
6664,180,38.4282,141.2809,1.3895849463912897
6665,180,38.3175,141.0193,0.4877086281243996
6666,180,38.2663,140.9293,0.0110616975954036
6667,180,38.1049,140.8699,1.4859785633765412
6668,180,38.0085,140.621,-0.2243887538115958
6670,180,38.237,141.0003,0.9967005127333574
6671,180,38.8558,140.6547,0.4463525179197091
6674,180,38.5764,140.7839,0.7455619801622111
6675,180,38.5878,141.0744,-0.3156137655754365
6676,180,38.1103,140.8475,-0.5894384548897953
6677,180,38.0061,140.6061,0.0508307320336399
6678,180,37.9381,140.8958,0.2258707438588915
6680,180,38.6386,141.4463,-0.8813472346147119
6681,180,36.5086,137.8507,-0.6489534827804192
6682,180,36.4022,138.2491,-0.9570788587255142
6683,180,36.3378,137.8694,-1.437958425949644
6684,180,36.3281,138.4357,-2.7147393133023887
6685,180,36.2564,138.2669,-1.912635408558752
6686,180,36.2564,137.9785,-0.3378210907562256
6688,180,36.0956,138.4844,-0.8156044688559616
6689,180,36.0454,138.1116,-0.161352833586937
6690,180,35.9151,138.2421,-1.212394211131891
6691,180,35.9748,137.8255,-0.4616359053807742
6692,180,35.8132,137.5295,-0.2702689866621017
6693,180,35.8562,137.7078,-0.8547777011145737
6694,180,35.8282,137.9532,-0.9387119615947326
6695,180,35.7304,137.9341,-1.0613516424291063
6696,180,35.6079,137.6125,-0.2114596173862184
6697,180,35.5787,138.0338,-0.7994319952163522
6698,180,35.5232,137.8374,0.5185982020047013
6699,180,35.2807,137.8567,-0.4799451758870868
6700,180,36.251,137.8622,-1.084093744950112
6702,180,35.96,137.77,-0.492283957376569
6703,180,35.9125,138.3083,-1.0234971683433365
6704,180,35.9664,138.4828,-1.0518805349955236
6705,180,35.5111,137.8797,-0.0447137009025526
6706,180,35.3063,137.6292,0.5489992381540013
6707,180,36.0056,137.9336,-0.790251097076747
6708,180,35.9433,138.1879,-0.6873016800725843
6709,180,36.1393,138.5535,-0.3543517973004706
6710,180,35.9292,137.598,1.0389991455768184
6711,180,35.9703,138.5877,-1.2850289553274752
6712,180,35.7839,137.7203,-0.3316458700943118
6714,180,35.6024,137.6135,0.3600575139880909
6715,180,35.612,137.8827,-0.1834566281296364
6716,180,35.2953,137.9298,-1.4151894051646323
6717,180,36.0609,137.688,0.269107785259933
6718,180,36.1153,137.9419,-0.6083284380761648
6719,180,36.2546,137.9929,-0.1480467113793556
6720,180,36.4567,137.9668,-1.230962891425086
6721,180,36.5296,137.8231,-1.942384096802679
6722,180,36.3793,137.8231,-0.1258155483899754
6723,180,36.3277,138.4999,-2.198036967735776
6724,180,38.2584,138.4337,0.9816822305201452
6725,180,38.4501,139.4961,1.60968030744797
6726,180,38.2301,139.4864,0.398106930639096
6727,180,38.2769,139.5519,0.4622298928499903
6728,180,36.2428,139.1937,-0.0771403602515695
6729,180,36.1476,139.3884,0.0898397859956201
6731,180,36.1179,139.1045,2.589664767929517
6732,180,36.0562,139.2626,0.4204246860903904
6733,180,35.9954,139.0709,2.0202749853447304
6734,180,35.9034,139.4826,-0.1271105376008151
6736,180,35.8401,139.3215,0.8411170195857157
6737,180,35.7965,139.4659,-0.6212637136087318
6738,180,35.9954,138.801,0.3632899142954548
6739,180,35.8958,139.3875,-0.8812280507137122
6740,180,35.7996,139.5385,-1.2030690506276394
6741,180,36.1478,139.0536,1.460243664185174
6742,180,36.11,139.2926,1.6691338265389024
6743,180,35.9086,139.1517,0.747782611362729
6744,180,36.0243,138.9722,0.4378095681106985
6746,180,35.9933,139.2223,0.8357274888196474
6747,180,35.8605,139.2758,2.1045192919287627
6748,180,34.7549,138.7841,-0.6700965471270615
6749,180,35.096,138.8657,-0.2762602385044794
6750,180,35.1971,138.9127,-0.6718018262626528
6751,180,35.3091,138.9349,-0.013641797628668
6752,180,35.2128,138.6016,-0.4044523537440611
6753,180,35.1271,138.6213,-0.7829600297719083
6755,180,34.9649,138.3735,-0.902053900697632
6756,180,35.2435,138.3407,-1.5957627813806068
6757,180,34.8566,138.3113,0.1203248124897948
6758,180,34.7402,138.2241,0.8385576887803567
6760,180,35.0916,137.8136,0.0549958742456161
6761,180,34.8738,137.8164,-0.2158983101715813
6763,180,34.7915,137.9064,0.0108046930540744
6764,180,35.3038,138.2003,-2.0536823124453547
6765,180,35.2201,137.9212,-1.5784398547166794
6766,180,34.9365,138.0798,-2.071522481821053
6767,180,35.0053,137.8439,-1.5018656025317365
6768,180,35.0113,138.3557,-1.556653403525451
6769,180,35.1271,138.4273,-0.3015756436802214
6771,180,34.9109,138.2038,-1.5336982779174817
6772,180,35.1995,138.569,-0.5179801339916748
6773,180,35.0821,138.981,-0.6996949526344398
6774,180,34.7954,138.7755,-1.1133149499052812
6775,180,34.7798,138.9732,-2.042640731694999
6776,180,34.6715,138.8372,-0.990877188182677
6778,180,34.9706,138.4955,-1.4304557224419312
6779,180,36.9417,140.0828,-0.3910076957162208
6780,180,36.7639,140.1297,-0.2662875405350488
6781,180,36.5692,139.8861,-0.8343379889846221
6782,180,36.56,139.7675,-0.8798955039836838
6783,180,36.3867,139.6145,-0.6212436145359438
6784,180,36.2859,139.8047,0.5108936585792891
6785,180,36.4368,140.0225,-0.4283358379173776
6786,180,36.545,140.1742,1.7461025934266785
6787,180,36.4427,139.9541,-1.0211726686794207
6788,180,36.6928,139.9875,0.2659192056765329
6789,180,36.7311,140.1814,0.950288362200256
6790,180,36.5564,139.8669,-0.6648901182730746
6791,180,36.5449,140.0784,-0.2911946718553941
6792,180,35.8029,139.0956,-0.5498259197459117
6793,180,35.7968,139.2912,1.08791295693154
6794,180,35.6282,139.4034,0.2082587778572367
6795,180,35.5782,139.4156,0.0673596024468451
6796,180,35.699,139.5029,-0.7257456817900034
6797,180,35.7107,139.6859,-9.22427292030432e-05
6798,180,35.6596,139.8343,0.6349924871799895
6799,180,35.689,139.8354,0.1396466583121006
6800,180,35.7313,139.8121,1.7414862249909937
6801,180,35.6485,139.799,0.3742666486500723
6802,180,35.6474,139.8093,0.8093557465623241
6803,180,35.6551,139.8115,0.5053309509137642
6804,180,35.6657,139.8087,-0.0951217330643284
6805,180,35.6876,139.8193,0.870203023230903
6806,180,35.6874,139.7962,0.6145464555834552
6807,180,35.7254,139.8249,1.3155522289475454
6808,180,35.7401,139.8624,0.0959217165275073
6809,180,35.6685,139.7893,1.0140041907917945
6810,180,35.6669,139.2682,0.6355265316503647
6813,180,36.8163,137.4192,-1.573315325919322
6814,180,36.8624,137.5274,-0.2847538253960074
6815,180,36.7824,137.0803,-0.6002539921489642
6816,180,36.6716,136.897,-0.7175865424523606
6817,180,36.6686,137.2114,-1.1990117904851034
6818,180,36.6086,137.2831,-0.6613528447662532
6819,180,36.56,136.8872,-1.4698504538997357
6820,180,36.5781,137.385,-0.5145286087050664
6821,180,36.4411,137.0353,-0.7235411267018105
6822,180,36.8836,136.9306,-0.6101006662873292
6823,180,36.7263,137.2658,-0.8547802267324388
6824,180,36.5706,136.9614,-1.1656476343283704
6825,180,36.5681,137.1625,-0.5763533290567494
6826,180,36.4375,137.0422,-0.7669233231697581
6828,180,35.6132,138.947,-0.5527350791948326
6829,180,35.4648,138.813,-0.7906519181385722
6830,180,35.702,138.7266,-0.9637441758096836
6831,180,35.6548,138.5677,-1.5574524692217449
6832,180,35.4684,138.6069,-2.204335590258576
6833,180,35.2791,138.4649,-1.5808248753009977
6834,180,35.432,138.3321,-2.418830453740466
6835,180,35.4965,138.4627,-0.1265464897247127
6836,180,35.7918,138.4096,-0.4409174488400295
6837,180,35.6863,138.7371,-0.7505045667841492
6840,180,35.6215,138.9808,-0.0519740106703412
6841,180,35.5591,138.4521,-1.9251807074804608
6843,180,35.5082,138.9707,-1.179360226406315
6844,180,35.5291,138.6076,-1.5143938233254262
6846,180,38.7679,140.2957,-0.9268599534775702
6847,180,38.7292,139.8013,1.3950958921258485
6848,180,38.607,140.1621,1.3903260158576498
6849,180,38.4306,140.3907,0.3860851494404594
6850,180,38.3856,139.9921,0.9329565787090996
6851,180,38.3898,140.2743,0.6514366165698742
6852,180,38.2604,140.3488,0.1954139400198868
6853,180,38.1502,140.2674,0.8530394794462253
6854,180,38.1074,140.0428,0.5281976796225516
6855,180,38.0621,139.7575,0.3579885609463405
6857,180,38.7895,140.0185,0.3846960943668973
6858,180,38.3811,140.3839,0.3620339169289303
6859,180,38.2664,140.2617,2.143552269248252
6861,180,38.0783,140.3011,0.9991204059344192
6862,180,37.9853,139.805,-0.5699258734810975
6863,180,37.9603,140.1869,0.9909423748486244
6864,180,37.8931,140.0311,1.0769916082079651
6865,180,38.9672,140.0367,0.8917041577783372
6866,180,38.7469,140.1814,0.1720496201093801
6867,180,38.6328,140.0089,0.0022001077096363
6868,180,38.4675,139.7639,0.8230746641925862
6869,180,38.3831,139.995,0.9425990357673876
6870,180,38.4228,140.1283,0.9518990183421444
4459,274,42.418,13.079,-1.859649050395511
4460,274,43.075,12.604,-0.6891701827694098
4461,274,42.027,13.426,-0.2281781987514871
4462,274,43.707,12.188,0.1965865529964785
4463,274,41.484,14.472,1.879825740108318
4464,274,41.563,14.652,-0.6662583390685727
4465,274,42.101,13.088,-1.5477081463190014
4466,274,41.618,15.105,-0.5243987839815764
4467,274,41.486,13.823,0.297028454813047
4468,274,41.787,14.112,-0.363018393830772
4469,274,41.833,14.712,-0.107283345800151
4470,274,43.955,12.736,0.971553817674768
4471,274,42.085,13.521,0.8268179535591896
4472,274,41.26,15.91,0.9934890359106968
4473,274,42.37,14.148,0.2873170059356059
4474,274,42.268,13.117,-1.7588023929415018
4475,274,44.199,12.042,0.9164683514534984
4476,274,42.421,13.519,-0.3401549976282307
4477,274,42.436,13.554,-3.1020080377889188
4478,274,41.611,14.236,-0.1334204063913574
4479,274,42.377,13.344,1.1277811938315148
4480,274,42.373,13.337,1.7766745918193454
4481,274,42.376,13.339,0.7882078547297628
4482,274,42.345,13.401,0.7474597434831175
4484,274,42.558,12.969,-2.355912140133893
4485,274,41.634,15.911,1.618878516892754
4486,274,42.249,12.748,-2.0037783403337346
4487,274,41.704,15.958,1.6221665356961823
4488,274,42.524,13.245,-1.1473927045558503
4489,274,40.799,14.18,0.5279655766031323
4490,274,41.954,13.642,0.8404838350339335
4491,274,41.696,14.702,0.7818389699950291
4492,274,41.483,14.838,-0.5550743548987007
4493,274,41.711,14.984,-0.1827524917033356
4494,274,41.625,14.88,0.0452343001636343
4495,274,41.709,15.733,0.6737856420761841
4496,274,41.691,15.374,1.1450617085334804
4497,274,43.56734,12.14349,0.5403042543211246
4498,274,41.807,15.165,0.8218810791972405
4499,274,42.734,12.741,-1.247651057325807
4500,274,42.743,12.74,-1.5635724484862752
4501,274,41.91316,13.10552,-2.087737338082325
4502,274,42.089,13.934,0.0220164643096332
4503,274,41.222,14.53,-0.2816279675605008
4504,274,41.989,14.975,1.154262258257827
4505,274,41.333,14.132,-0.8329079224759768
4506,274,41.877,16.165,1.84730405312945
4839,278,37.145,138.2394,-0.4827938024161197
4840,278,37.1242,138.4486,0.4673477116084649
4841,278,37.1561,138.4286,1.7074368302518288
4842,278,37.1297,138.6114,0.2810588911202244
4843,278,37.0847,138.61,-0.4191424793662356
4844,278,37.1517,138.515,2.192112663643237
4845,278,37.0764,138.3861,1.5067578723941124
4846,278,37.2736,138.3944,0.0902534833961523
4847,278,37.2272,138.3325,-0.0956622649655221
4848,278,37.1842,138.3333,-0.1567667356063042
4849,278,37.2203,138.4081,0.5374795257101337
4850,278,37.0494,138.2972,-0.5264432550322714
4851,278,37.0786,138.3375,0.5594638590769571
4852,278,37.1219,138.3492,0.7423905599605491
4853,278,37.155,138.0944,0.5186841783779439
4854,278,37.6381,138.9589,-1.3454432036904378
4855,278,37.3686,138.5619,-0.3474542128967113
4856,278,37.6633,139.0433,-0.900789669595916
4857,278,37.1242,138.7586,0.8447576426382611
4858,278,37.5431,138.8886,-1.7246056805954435
4859,278,37.585,138.9258,0.0676842832570813
4860,278,37.545,138.8811,0.1040837042294489
4861,278,37.3908,138.7917,-1.0807395450734592
4862,278,37.4906,138.7861,-0.945086301717883
4863,278,37.5378,138.8128,0.5422755682316984
4864,278,37.5728,138.7756,-0.3962551269808859
4865,278,37.5278,138.7125,-1.1598436496673157
4866,278,37.6417,138.7736,0.3451667951187806
4867,278,37.3236,138.8931,1.1941208384532969
4868,278,37.2675,138.8644,0.33336299690832
4869,278,37.2408,138.9272,1.3433149492163687
4870,278,37.0367,138.8506,-0.3107034956599868
4871,278,37.1711,138.7483,-0.4089203507664559
4872,278,37.2214,138.6419,1.774388408520065
4873,278,37.3022,138.7122,0.6117572472959062
4874,278,37.4189,138.6258,-0.8404828284592405
4875,278,37.4539,138.67,0.9352166353482788
4876,278,37.7414,139.1858,-0.7302725686456357
4877,278,37.6881,138.8586,-1.016827533090176
4878,278,37.6233,138.8428,-0.4185718642424937
4879,278,37.6828,138.8828,-1.6379238184575793
4880,278,37.4333,138.8417,-1.3215306110193843
4881,278,37.31,138.795,0.064344999724758
4882,278,37.7583,138.8917,-1.092843901205257
4883,278,37.0617,138.8783,0.2153487344383173
4884,278,37.3033,137.1533,1.801769905467876
4885,278,37.5317,138.7095,-0.5070527219695979
4886,278,37.103,138.163,0.548287906746105
4887,278,37.39,136.8983,3.2674328370638843
4888,278,37.105,138.25,1.16198971974476
4889,278,36.7514,138.2389,2.5817920936778567
4890,278,36.7642,138.255,4.208321882571737
4891,278,36.6992,138.0925,1.944784186874092
4892,278,36.77,138.3276,2.50245388166029
4893,278,37.425,138.5967,0.4613905644902418
4894,278,37.4367,138.6017,1.1775490906484651
4895,278,37.4267,138.6083,-0.8129172927320291
4900,278,35.2979,136.9153,0.0988621066241373
4901,278,35.1979,137.2056,0.5242424999055881
4902,278,35.0977,137.5697,0.3089245087771755
4903,278,35.2161,137.4069,-0.4870765389162584
4904,278,35.2144,136.8539,0.5678264839222639
4905,278,35.1359,137.3389,0.6998047695286199
4906,278,35.1511,137.538,1.094737179537261
4907,278,35.1808,137.7298,1.4442790671151269
4908,278,39.883,140.0716,-0.7077869611754519
4909,278,39.8879,139.8466,1.295681838100097
4910,278,39.8128,140.5803,2.2668830987006987
4911,278,39.6991,140.7181,0.8869077702762086
4912,278,39.6069,140.3213,0.5461462483655307
4913,278,39.595,140.5554,0.4762649053449634
4916,278,39.2975,140.5629,0.5303443470162601
4917,278,39.1939,140.1902,0.343355145996989
4918,278,39.0384,140.451,0.075452867755342
4919,278,39.2022,139.9085,0.0234775399907996
4921,278,39.1462,140.717,-0.2426597700499433
4922,278,39.8119,140.5825,1.4466829421423038
4923,278,39.6606,140.5756,1.288533784590702
4924,278,39.2194,140.1317,0.3188108040701863
4926,278,38.9772,140.4986,0.5858527923148426
4927,278,39.9128,140.2256,0.9214971959843012
4928,278,39.6857,140.411,0.2129664084847943
4929,278,39.5422,140.3515,0.8527737483004205
4930,278,39.5547,140.615,0.5973630496955984
4931,278,39.3519,140.3903,0.0376926739517645
4932,278,39.1883,140.4744,1.5385031891205276
4933,278,35.9595,139.8733,0.8926732776952072
4934,278,35.7868,139.9031,-0.2339864150740671
4935,278,35.7943,140.0564,1.009586930978064
4936,278,35.9007,140.4905,0.7275400373231541
4937,278,35.7358,140.83,1.1886019305571784
4938,278,35.7801,140.3067,-0.18699565324546
4939,278,35.7234,140.2267,0.4693228594008111
4942,278,35.7077,140.568,-0.4580116169460021
4943,278,35.6021,140.5014,-0.4032345445437761
4944,278,35.5727,140.3333,0.3229625809991394
4945,278,35.4327,140.2905,0.1200813757865169
4949,278,35.2988,140.0755,0.1283946668354582
4951,278,35.3083,139.8598,-0.3993848664602805
4952,278,35.6335,140.0784,0.3614226569490857
4953,278,35.3872,140.237,-0.4283869328314668
4954,278,35.766,139.9665,0.4909879890758941
4955,278,35.6947,139.9176,0.240032877120855
4956,278,35.7934,140.0238,0.0049470572309613
4957,278,35.5425,140.245,-0.4661037867593373
4958,278,35.2834,140.1562,-0.0442562860819666
4959,278,35.8275,140.3013,-0.0122066652090976
4960,278,35.7309,140.8263,0.6864784103498163
4961,278,35.1351,139.9681,0.8005207315754687
4962,278,35.5911,140.514,0.1177556131169478
4963,278,36.2161,136.1571,0.9816020229898658
4965,278,35.9789,136.4865,-1.5027447096885014
4966,278,35.9053,136.6706,-1.2860516057449616
4967,278,36.0924,136.3646,-0.4899388792590985
4969,278,37.7949,140.9196,-0.104080651541897
4970,278,37.8449,140.6013,-1.4384818923602785
4971,278,37.7613,140.4799,-1.2704350948450516
4972,278,37.6799,140.7346,-0.9774268124920384
4973,278,37.6385,140.9849,0.5776912133121739
4974,278,37.5031,140.7588,2.0287164336129404
4975,278,37.4061,140.9632,0.4076905184570216
4976,278,37.4363,140.5668,1.6294487516468446
4977,278,37.2778,140.6349,-0.142575610545336
4978,278,37.2342,141.0016,1.2121176891255476
4979,278,37.0911,140.9035,-0.4720776815889818
4980,278,36.9069,140.7929,0.2657124706057147
4981,278,37.09,140.5563,-0.2399187584309588
4982,278,36.8683,140.43,0.7291511355264914
4983,278,37.0217,140.3775,-1.06729922337179
4984,278,37.1228,140.1914,-0.5482284437633215
4985,278,37.2842,140.3689,-0.4509241136955619
4986,278,37.3961,140.3622,0.0288932036809568
4987,278,37.603,140.4368,-0.0979737320738775
4989,278,37.6535,139.8633,-0.3536376740974563
4990,278,37.6002,139.6467,-0.2457176206003608
4991,278,37.4774,139.9294,0.3614119429772275
4992,278,37.3957,140.1325,0.3503072660421392
4993,278,37.3077,139.9,0.1383037741534684
4994,278,37.266,139.5386,0.3816464390046578
4995,278,37.07,139.6808,1.2981774381087974
4996,278,37.3491,139.3144,-0.5458295074285195
4997,278,37.0159,139.3801,1.4824061796615764
4998,278,37.453,139.5133,-0.7529700087213537
4999,278,37.3364,140.8132,0.7930405777051888
5000,278,37.7535,139.7183,0.9293589516784324
5001,278,37.7287,139.8855,0.7032751749905695
5002,278,37.4478,139.8159,-0.7028345388918169
5003,278,37.2513,139.8758,-0.143104519331936
5004,278,37.1692,139.5231,0.6104749956276708
5006,278,37.2792,140.2178,-0.8435442273530237
5007,278,37.35,140.4297,-0.4367343730079441
5008,278,37.1585,140.0963,0.2196045247285215
5009,278,37.2139,140.5736,0.8230430816599931
5010,278,36.9919,140.5886,-0.1107325303535453
5011,278,37.0233,140.9736,0.2792839159018002
5013,278,37.6606,140.6008,-1.0285961013700735
5014,278,37.4864,140.5414,0.4068232903511365
5015,278,37.4672,140.7261,0.6790083541919557
5016,278,37.4881,140.9906,1.336452485979264
5017,278,37.3392,139.3179,0.597482301681567
5018,278,36.2742,136.8978,0.668320155632829
5019,278,36.2734,137.0253,0.2558578423978481
5020,278,36.3322,137.3014,-1.1651774362980591
5021,278,36.2492,137.5174,-1.5151722664706149
5022,278,36.1536,137.2514,-0.405751831805293
5023,278,36.0333,136.9528,-0.7231796385144724
5024,278,36.0378,137.4861,1.28127949626866
5025,278,35.9515,137.26,-1.472926067230015
5026,278,35.9219,136.8311,-1.6878680778815778
5027,278,35.8029,137.245,-0.1889969785214461
5028,278,35.7593,136.9808,-1.254122139796357
5029,278,35.6637,137.1617,-1.837839950344811
5030,278,35.6576,137.4258,0.5622995412061299
5031,278,35.4887,137.5,1.138406151851274
5032,278,35.4495,137.4039,0.6191269795512057
5033,278,35.4243,136.7553,0.0747653667036279
5034,278,35.4426,137.0,-0.1074983820497118
5035,278,35.3882,137.2158,1.261004849306535
5036,278,35.3009,137.387,0.4733223932699236
5037,278,36.2417,137.2013,-1.1824492665626904
5038,278,35.4147,136.4376,-2.338210948245252
5039,278,35.8291,136.9651,-1.1511532282426165
5040,278,35.2736,136.7031,-0.1052694874202346
5041,278,36.3749,137.3746,-0.7972420216380522
5043,278,35.6001,136.4164,-0.9150895274033268
5044,278,36.2712,136.9009,0.6366804674476578
5045,278,36.2462,137.5204,-1.236844371178499
5046,278,36.1306,137.2238,1.3996133697211013
5048,278,35.9483,136.8762,-0.0718930632709923
5049,278,35.896,137.1525,-0.8476550336327289
5050,278,36.0184,137.3936,-0.9874363184473356
5055,278,35.5183,136.6156,-0.9575553811450084
5056,278,35.4089,136.8794,0.1295220875276067
5057,278,35.4495,137.007,-0.6927109898280441
5058,278,35.4539,137.4737,0.6172955532876003
5059,278,36.7722,139.2248,1.71116999553499
5060,278,36.7819,138.9695,0.542019572284945
5061,278,36.6578,139.0784,0.9110997054840114
5062,278,36.6172,138.5918,-0.4104229077611093
5063,278,36.5133,138.5177,-2.3455426383181286
5064,278,36.5103,138.7523,-1.62825207625276
5065,278,36.4619,139.0101,-1.3985016578784104
5066,278,36.3478,139.1368,-1.1828703539587957
5067,278,36.4106,139.3251,0.7291149974926086
5068,278,36.2343,139.5331,0.4176086769494835
5069,278,36.2914,139.3609,0.8601472799160131
5070,278,36.3181,139.0176,-0.6088846316220825
5071,278,36.35,138.7179,-0.9648606448279644
5072,278,36.2287,138.7579,-2.4502205057011657
5073,278,36.1162,138.9251,-1.552203480942913
5074,278,36.3111,139.1879,-1.3659853561474158
5075,278,36.2409,139.5476,0.3779478874661663
5076,278,36.6967,139.2136,0.8910657033958628
5077,278,36.4886,138.5275,-1.0774881324948211
5078,278,36.6181,138.91,-1.5342272153268253
5079,278,36.2325,138.7322,-1.7864849680830217
5080,278,36.2831,138.9242,-2.1487430659815545
5081,278,36.1409,138.9161,-1.0705861899465947
5082,278,36.8589,139.0659,0.5475186075801624
5084,278,36.7761,140.3569,0.3860791401999962
5085,278,36.7061,140.7068,1.0782826287612948
5086,278,36.5915,140.6453,0.2866951197629751
5087,278,36.5516,140.4102,0.5750030216089534
5088,278,36.3851,140.2372,0.6598127236528263
5089,278,36.369,140.4528,0.0880018357205721
5090,278,36.3523,140.5955,-0.2899306805795737
5091,278,36.3062,139.9828,-0.0828584559004105
5092,278,36.1848,139.7037,0.1576840717124936
5093,278,36.1843,139.9653,0.1721639657030136
5094,278,36.1251,140.0903,0.7139718907792868
5095,278,36.1901,140.2869,0.7537932799159597
5096,278,36.1587,140.4892,1.908671284764055
5097,278,36.0729,140.1947,0.8792765821974989
5098,278,36.0693,139.908,0.4296897340746523
5099,278,35.9112,140.0494,0.6181848630777805
5100,278,35.9537,140.3194,0.884207267619002
5101,278,35.977,140.6322,-0.1663506292697942
5103,278,36.1156,140.5655,1.2169367533136537
5104,278,36.4358,140.3592,1.196908499188405
5106,278,36.3669,140.1434,0.5130437506774335
5107,278,36.8338,140.3215,0.9736089451925968
5108,278,36.7924,140.5784,0.6941286713536204
5110,278,36.5535,140.3046,0.7934263042186964
5111,278,36.6374,140.4009,1.3581063707948002
5112,278,36.0832,140.3173,1.3575131927379571
5113,278,36.3599,140.6231,1.5304869651634057
5114,278,35.8252,140.7356,-0.1858924180157236
5115,278,37.4999,137.1764,0.4931392120644156
5117,278,37.3919,136.9083,1.3285716051382597
5120,278,37.1602,136.6897,-0.173307135016988
5122,278,36.8918,136.7783,0.1387185185238021
5123,278,36.7318,136.6989,0.0242862370378314
5124,278,36.5419,136.6431,-0.6138701905081108
5126,278,36.3575,136.6045,-0.8087008462494552
5127,278,36.1805,136.6247,-1.2991065400551662
5129,278,37.5236,137.2875,0.5636737197833547
5130,278,37.3614,137.0443,0.7757835976747082
5131,278,37.3428,137.2467,2.08681750965358
5132,278,37.1872,136.7206,0.5286797600137378
5133,278,37.0503,136.8236,0.4130128306589188
5134,278,36.5119,136.6386,-0.3802624501146468
5135,278,36.735,136.7936,0.4936428400343837
5136,278,36.2636,136.7197,-0.7627232732821132
5138,278,39.1454,141.152,-0.6792109713937801
5139,278,39.3209,141.1378,0.4800669967789728
5140,278,39.318,140.7792,0.3139954816845161
5141,278,39.5169,140.8301,0.1524216454583432
5142,278,39.1781,141.3944,-0.628440121273263
5143,278,38.8625,141.3547,-1.0749661619131503
5144,278,39.4531,141.0036,0.4432996046170889
5145,278,39.195,141.0153,0.210004634487005
5146,278,39.0061,140.8667,-1.2887887605254422
5147,278,38.9661,141.0047,0.0444729942389584
5148,278,39.0278,141.5356,-0.2490626732044793
5151,278,35.2727,139.6579,-0.7816786205688125
5152,278,35.1441,139.6218,-0.7084922022923243
5153,278,35.3192,139.5462,-0.8390789374252908
5154,278,35.4544,139.5387,-1.1334173740486766
5155,278,35.3385,139.4901,-1.0143267098942612
5157,278,35.3355,139.3504,0.1210129906159348
5158,278,35.6154,139.1548,-1.651888948615858
5159,278,35.3794,139.2048,-1.1048933277722808
5161,278,35.3608,139.0826,-0.7893262510271555
5162,278,35.0966,139.3778,1.739555857798126
5163,278,35.4959,139.5227,0.2654835926285788
5164,278,35.4007,139.3571,0.200339294012523
5165,278,35.414,139.0468,-1.5786515318711598
5166,278,35.3631,139.1291,-1.1918393815714163
5168,278,35.3551,139.0942,-0.2314388753741162
5169,278,38.9015,141.5684,0.6916835688102714
5170,278,38.7992,140.6507,1.2156147487728657
5172,278,38.5769,141.4514,-1.4372953563772162
5173,278,38.4466,140.8874,-0.4162715326245494
5174,278,38.4282,141.2809,0.2908676505013208
5175,278,38.3175,141.0193,0.3156119321787713
5176,278,38.2663,140.9293,-0.2569084269887483
5177,278,38.3177,140.6357,1.239552886301018
5178,278,38.1049,140.8699,1.3552266850210044
5179,278,38.0085,140.621,0.416466742389917
5181,278,38.237,141.0003,-0.0911259854373681
5182,278,38.8558,140.6547,0.3476951258728091
5185,278,38.5764,140.7839,0.0284155331036463
5186,278,38.5878,141.0744,-0.8461044015035325
5187,278,38.1103,140.8475,-0.9319761880930214
5188,278,38.0061,140.6061,0.5096730094261048
5189,278,37.9381,140.8958,-0.1051678282547223
5191,278,38.6386,141.4463,-1.6494014315288068
5192,278,36.8514,138.366,1.0170497758058936
5193,278,36.8069,138.2069,2.135657775384389
5194,278,36.7403,138.4129,-0.0414855873740416
5195,278,36.6486,138.1938,-0.2902723946583067
5196,278,36.6981,137.8544,-1.0384539120616103
5197,278,36.5086,137.8507,-0.852444564778859
5198,278,36.5339,138.1191,-0.1198938562096839
5199,278,36.4022,138.2491,0.8615840065656969
5200,278,36.3378,137.8694,-0.3782455677887225
5201,278,36.3281,138.4357,-1.0729914821055937
5202,278,36.2564,138.2669,-0.3208552029271774
5203,278,36.2564,137.9785,0.8986942354725438
5205,278,36.0956,138.4844,-1.2267312444008105
5206,278,36.0454,138.1116,1.6434631507319897
5207,278,35.9151,138.2421,0.0349546881517449
5208,278,35.9748,137.8255,0.3266345557128721
5209,278,35.8132,137.5295,0.507110879623612
5210,278,35.8562,137.7078,0.0040125245766187
5211,278,35.8282,137.9532,0.4603189905152083
5212,278,35.7304,137.9341,0.5941717543321091
5213,278,35.6079,137.6125,0.3378508314222644
5214,278,35.5787,138.0338,-0.2767698077360238
5215,278,35.5232,137.8374,1.103865352294559
5216,278,35.2807,137.8567,1.3159006821118324
5217,278,36.7403,138.3792,-0.0257408850107101
5218,278,36.251,137.8622,-0.2116337769116041
5219,278,35.96,137.77,0.6236218644293883
5220,278,35.9125,138.3083,0.0050560121147143
5221,278,35.9664,138.4828,-0.1713377958314752
5222,278,35.5111,137.8797,1.3746124234681552
5223,278,35.3063,137.6292,0.6818078014869166
5224,278,36.0056,137.9336,-0.0414468628923188
5225,278,35.9433,138.1879,0.4045748441908762
5226,278,36.1393,138.5535,-1.6830903000476742
5227,278,35.9292,137.598,1.3624403072450373
5228,278,35.9703,138.5877,-1.1105928555412867
5229,278,35.7839,137.7203,-0.0535455255892621
5230,278,35.8283,137.9267,0.4423292204489101
5232,278,35.6024,137.6135,0.5560383730627565
5233,278,35.612,137.8827,0.974817241557742
5234,278,35.2953,137.9298,0.3750129023433505
5235,278,36.4632,138.1505,0.8875220677128776
5236,278,36.5739,138.051,0.5025969648200869
5237,278,36.7044,138.0995,-0.1077723246408805
5238,278,36.9072,138.4439,0.2742391791120995
5239,278,36.0609,137.688,0.7892168261806771
5240,278,36.1153,137.9419,0.4200200502143855
5241,278,36.2546,137.9929,0.6912111886559719
5242,278,36.4567,137.9668,-0.2590536174205426
5243,278,36.5296,137.8231,-1.2990883933159056
5244,278,36.3793,137.8231,0.3677074937911494
5245,278,36.3277,138.4999,-1.2439743443156357
5246,278,38.2584,138.4337,0.7521646479702592
5247,278,38.0745,138.4398,-1.5590488888076588
5248,278,37.9976,138.3226,0.8576556319092099
5249,278,37.8205,138.2795,-0.5651312214976102
5250,278,37.9204,138.4981,0.0766512490407624
5251,278,38.4501,139.4961,1.3702595830902071
5252,278,38.2301,139.4864,0.4156618451076657
5253,278,38.053,139.4055,-0.317406790286096
5257,278,37.6863,139.4772,1.333121819770924
5260,278,37.6935,139.1886,-1.789662316937903
5261,278,37.6421,138.7676,-0.1337929652317099
5262,278,37.4416,138.8431,-1.1378634873690776
5263,278,37.3724,138.5579,0.2683537185987549
5264,278,37.3057,138.7898,0.5405697840320292
5265,278,37.2332,138.962,-0.0904759319439287
5266,278,37.1281,138.7468,0.5954492707020173
5267,278,37.0364,138.8462,0.2575609902558715
5268,278,37.0147,138.6529,-1.2247986587616002
5269,278,37.1268,138.444,-0.153949566905602
5271,278,37.0228,138.2507,-0.0283657086559458
5272,278,37.0235,137.8624,0.5316419876812474
5273,278,37.4261,138.8862,-1.2459126276844428
5274,278,37.4242,138.8908,-1.0345245063351896
5275,278,38.2769,139.5519,0.3753380851476541
5276,278,38.1297,139.4322,-0.9233026476252552
5277,278,38.1283,139.5461,1.2540852702593648
5278,278,37.9731,139.2819,-0.2089184966581846
5279,278,37.6497,139.0708,0.3434295516966675
5280,278,37.6628,139.2642,0.1212284587355404
5281,278,37.5356,139.1311,0.0526856851888858
5282,278,37.5408,139.3681,0.4779748317038785
5283,278,37.1697,138.7472,-0.6879536178720438
5284,278,37.2208,138.9853,0.616984937294429
5285,278,37.0514,138.3997,1.122460862191823
5286,278,37.0272,138.8553,-0.3186232098362131
5287,278,37.0503,138.9983,-0.2213913788556117
5288,278,36.9347,137.8511,0.6682324284135098
5289,278,36.8539,138.0997,-1.5942654032411847
5290,278,36.9394,138.2625,-0.0947529313857139
5291,278,36.8083,138.7881,1.16156630062996
5292,278,36.2428,139.1937,-0.6394417599750705
5293,278,36.1476,139.3884,-0.6658153776981957
5295,278,36.1179,139.1045,0.022542623813459
5296,278,36.0562,139.2626,-1.817871754935824
5297,278,35.9954,139.0709,-1.1365604802389873
5298,278,36.054,139.3912,-0.9511757109575416
5300,278,35.9034,139.4826,-1.3728116117612903
5303,278,35.8401,139.3215,-1.2679484245239392
5304,278,35.7965,139.4659,-1.7279845063984702
5305,278,35.9954,138.801,-2.402422868171552
5306,278,35.8958,139.3875,-1.056470088810971
5307,278,35.7996,139.5385,-1.5809184952898188
5308,278,36.1478,139.0536,-1.1554142652300745
5309,278,36.11,139.2926,-0.1039309127294631
5310,278,35.9086,139.1517,-1.830657520813488
5311,278,36.0243,138.9722,-1.8069105643030003
5313,278,35.9933,139.2223,-1.654588110465364
5314,278,35.8605,139.2758,0.3848931892550108
5315,278,35.096,138.8657,0.1236629597866173
5316,278,35.1971,138.9127,-0.0384874792175468
5317,278,35.3091,138.9349,0.6419919234177978
5318,278,35.2128,138.6016,0.5732073550282091
5319,278,35.1271,138.6213,0.1649454754746806
5321,278,34.9649,138.3735,-0.5579934365369869
5322,278,35.2435,138.3407,-1.1457854219365229
5323,278,35.0969,138.1332,-0.2640138385362842
5324,278,35.0916,137.8136,1.753878902746993
5325,278,34.9816,137.8975,0.5564953552789045
5326,278,34.9524,139.1378,-0.1304432000236716
5327,278,35.3038,138.2003,-0.8918937499368406
5328,278,35.2201,137.9212,-0.4902378121461582
5329,278,34.9365,138.0798,-0.7223375916282443
5330,278,35.0053,137.8439,0.2779927982984044
5331,278,35.0113,138.3557,-1.163781317312135
5332,278,35.1271,138.4273,0.0764299491774478
5334,278,34.9109,138.2038,-0.1995777462761162
5335,278,35.1995,138.569,-0.8616983452624614
5336,278,35.0821,138.981,-0.828630089137386
5338,278,34.9706,138.4955,-0.5941169278011093
5339,278,36.9417,140.0828,-0.4178689968461942
5340,278,36.99,139.8033,-0.3586736067328606
5341,278,36.8144,139.7153,0.8403983796479728
5342,278,36.8061,139.4204,0.3939829519913747
5343,278,36.8061,139.9264,0.6020250331619801
5344,278,36.7639,140.1297,0.7103396943267548
5345,278,36.5692,139.8861,-0.7880993290865
5346,278,36.56,139.7675,-0.8898960166283337
5347,278,36.7258,139.7155,2.394927199529364
5348,278,36.6347,139.4376,0.1397660999261663
5349,278,36.3867,139.6145,-1.0231897740012768
5350,278,36.2859,139.8047,1.0137498687351705
5351,278,36.4368,140.0225,-0.6657908573185075
5352,278,36.545,140.1742,1.8105099188318647
5353,278,36.4427,139.9541,-0.9667588685079408
5354,278,36.8594,139.8397,-0.1118517552710826
5355,278,36.8547,140.0258,-0.5021178011424591
5356,278,36.7042,139.7733,1.03470214181782
5357,278,36.6928,139.9875,0.435348881426591
5358,278,36.7311,140.1814,0.8122526548111253
5360,278,36.5564,139.8669,-0.3870717662267618
5361,278,36.5449,140.0784,0.0652197510262038
5363,278,35.8029,139.0956,-2.8886186722502507
5364,278,35.7304,139.1454,-2.3077548870360536
5365,278,35.7968,139.2912,-0.4145130598516788
5366,278,35.6282,139.4034,-0.8605286129598636
5367,278,35.5782,139.4156,-1.1016685105283317
5368,278,35.699,139.5029,-1.1945465559248072
5369,278,35.7107,139.6859,-1.0294620077051335
5370,278,35.6596,139.8343,-0.1953542419749871
5371,278,35.689,139.8354,-0.4150276359628831
5372,278,35.7313,139.8121,-0.3216937956510759
5373,278,35.6485,139.799,-0.354802271701383
5374,278,35.6474,139.8093,-0.1554963368638045
5375,278,35.6551,139.8115,-0.3403936041614844
5376,278,35.6657,139.8087,-0.583073785550555
5377,278,35.6876,139.8193,-0.3035450163908341
5378,278,35.6874,139.7962,-0.3166825404453718
5379,278,35.7254,139.8249,-0.4031939632564119
5380,278,35.7401,139.8624,-0.6601868186259188
5381,278,35.7138,139.8971,-0.7982293889703693
5382,278,35.6704,139.8635,-0.345713761669767
5383,278,35.6926,139.8912,0.3785536945082449
5384,278,35.6685,139.7893,0.2068259076126826
5385,278,35.6081,139.8157,0.217379869905817
5386,278,35.6669,139.2682,-1.268651293834718
5388,278,36.976,137.6257,-0.928922662922664
5390,278,36.8163,137.4192,-1.0725269412707028
5391,278,36.8624,137.5274,0.2577510606648662
5392,278,36.7824,137.0803,0.0126011655778099
5393,278,36.6716,136.897,0.1080907080226472
5394,278,36.6686,137.2114,-0.7880381943693124
5395,278,36.6086,137.2831,-0.0132883449135268
5396,278,36.5864,137.1406,0.0953720083902277
5397,278,36.56,136.8872,-0.1312037507711363
5398,278,36.5781,137.385,0.3922066661961833
5399,278,36.4411,137.0353,-0.5883151149077589
5400,278,36.8836,136.9306,0.6660782150098884
5401,278,36.7883,137.4719,0.0420789535307599
5402,278,36.5706,136.9614,0.0115437143219466
5403,278,36.5681,137.1625,-0.0684620491633626
5404,278,36.4375,137.0422,-0.6557590234189421
5406,278,35.6132,138.947,-1.8196493740123143
5407,278,35.4648,138.813,-0.4155855666046937
5408,278,35.702,138.7266,-0.813338562833933
5409,278,35.6548,138.5677,-0.2427836106734852
5410,278,35.4684,138.6069,-0.9927692939857988
5411,278,35.2791,138.4649,-0.3174059031483907
5412,278,35.432,138.3321,-2.2822474618449866
5413,278,35.4965,138.4627,1.0546306676136548
5414,278,35.7918,138.4096,0.0760172730220072
5415,278,35.6382,138.3835,-2.269920664492729
5416,278,35.6863,138.7371,-0.9677181981492164
5419,278,35.6215,138.9808,-0.5757775984229399
5420,278,35.5591,138.4521,-0.0505081614263406
5422,278,35.5082,138.9707,-2.189184371155818
5423,278,35.5291,138.6076,-0.1960798147058677
5424,278,35.7389,138.5684,-0.6880499557347238
5426,278,38.7679,140.2957,-1.1664092111566438
5427,278,38.7292,139.8013,1.1482066156259003
5428,278,38.6276,139.5889,-0.0874298085519757
5429,278,38.607,140.1621,0.3905986880089588
5431,278,38.4306,140.3907,0.318223696554112
5432,278,38.3856,139.9921,1.4374558538338984
5433,278,38.3898,140.2743,0.1367698448954169
5434,278,38.2604,140.3488,0.4323901654264886
5435,278,38.1502,140.2674,1.8331953284237408
5436,278,38.1074,140.0428,0.9001799731286886
5437,278,38.0621,139.7575,1.272116715100345
5438,278,37.9207,139.8697,1.7501656559347438
5440,278,38.7895,140.0185,0.304449956981012
5441,278,38.7909,140.313,-1.122909255918067
5442,278,38.2664,140.2617,2.0921801504498965
5444,278,38.0783,140.3011,0.611319248388956
5445,278,37.9853,139.805,0.0143835177386748
5446,278,37.9603,140.1869,1.0164302641522422
5447,278,37.8931,140.0311,0.6787795031101259
5448,278,38.9672,140.0367,0.3996836883503079
5449,278,38.7469,140.1814,0.5911503096717174
5450,278,38.7103,140.5578,-0.2062260843146849
5451,278,38.6328,140.0089,-0.313072839536216
5452,278,38.4675,139.7639,0.5291121061614115
5453,278,38.3831,139.995,1.3488835814426683
5454,278,38.4228,140.1283,0.3054831606565508
5455,279,40.3279,140.7428,-1.1540804860925973
5456,279,40.2677,140.5659,-0.4347873436289796
5457,279,40.2782,140.2631,0.4245590662368877
5458,279,40.3888,139.9827,-1.1048350183897744
5459,279,40.2032,140.0288,-0.239986196082144
5460,279,40.2152,140.7873,-1.628190373206342
5461,279,40.046,140.0813,-0.5753849199505555
5462,279,39.883,140.0716,-0.9624866403097564
5463,279,39.8879,139.8466,0.8998353494703502
5464,279,39.7225,140.1002,0.5023892829181046
5465,279,39.8128,140.5803,1.5638159618751215
5466,279,39.6991,140.7181,-0.5525944321911861
5467,279,39.6069,140.3213,-0.2315130919507491
5468,279,39.595,140.5554,-0.331174346936341
5471,279,39.2975,140.5629,0.8709627948732676
5472,279,39.1939,140.1902,0.7721147047940143
5473,279,39.0384,140.451,0.6128649973587788
5474,279,39.2022,139.9085,-1.1248788744686058
5475,279,39.995,140.4031,0.4503073502776278
5476,279,39.7739,140.6667,0.4798348944086304
5477,279,39.1462,140.717,0.6010512896835077
5478,279,39.8119,140.5825,-0.229725351038335
5479,279,39.6606,140.5756,0.3292777656169674
5480,279,39.2194,140.1317,0.1021832217147331
5481,279,39.1711,140.7164,3.300475799721595
5483,279,38.9772,140.4986,-0.2185479074389062
5484,279,40.4536,140.8431,-2.037657045360251
5485,279,40.3161,140.2375,1.5857325544553351
5486,279,40.2728,140.4631,-0.4572286062298176
5487,279,40.2975,140.5847,-1.4543429415013407
5488,279,39.9128,140.2256,1.1193028586045164
5489,279,40.0594,140.8119,-0.9805929214379616
5490,279,39.6857,140.411,0.6002906848252895
5491,279,39.5422,140.3515,0.5633154971581947
5492,279,39.5547,140.615,-0.8188167345844177
5493,279,39.3519,140.3903,0.5513205611973014
5494,279,39.1883,140.4744,0.5556339541444723
5495,279,41.5267,140.9244,-2.2501058497515687
5496,279,41.328,140.8132,-1.052526621502198
5497,279,41.4053,141.1691,-1.3982770631094656
5498,279,41.4087,141.4486,-2.265528037920737
5499,279,41.2948,141.1972,-1.0358705905624923
5500,279,41.1976,140.9972,-0.1973272162604434
5501,279,41.2256,141.3958,1.2510307423662497
5502,279,41.084,141.2552,-0.273222148471057
5503,279,40.9665,141.3733,-1.1715388567070135
5504,279,40.8721,141.1416,-0.005890418530516
5505,279,40.6803,141.3669,0.3817431671957667
5506,279,40.5138,141.4805,0.4202350123747195
5507,279,40.4124,141.28,-0.8158614002825633
5508,279,40.4371,140.9406,-0.4802944399840798
5509,279,40.4738,140.6306,-1.1890721121406884
5510,279,40.6018,140.499,-1.1960016487135037
5511,279,40.6363,139.9284,0.505655133278827
5512,279,40.7782,140.1976,-0.9643122719471728
5514,279,40.8193,140.7501,-1.8401230036502256
5515,279,40.6152,141.208,-0.8953480189197142
5516,279,40.9924,140.9155,-1.482604987687394
5517,279,40.9676,140.4326,-0.8537846598317971
5519,279,41.1795,140.4801,-1.4699432088500726
5520,279,41.1281,140.3106,-1.1672105650707767
5521,279,41.1453,140.8219,-1.4353343490984571
5522,279,40.7002,140.919,-1.121617157495015
5523,279,40.5758,140.2965,-0.6977941277885618
5524,279,41.5246,140.9163,-1.936125668152447
5525,279,41.2313,140.9932,-0.9344550147429734
5526,279,40.8497,140.6794,-1.326409526224417
5527,279,40.8537,141.1069,-0.303243258811878
5528,279,40.9638,141.3774,-0.4502552629835053
5529,279,40.7419,140.0272,-1.2351504592407143
5530,279,40.7592,140.3156,-1.252897332460223
5531,279,40.6172,140.3533,0.0130259694022944
5532,279,40.6064,140.6681,-1.9626897213465857
5533,279,40.5773,140.9986,-0.0690617548086197
5534,279,40.5819,141.1582,0.2651473547832523
5536,279,40.5461,140.2761,0.4632436208976676
5537,279,40.4814,140.56,0.3242360089510648
5538,279,40.4597,141.0958,1.273727780661595
5539,279,40.4465,141.3409,0.6825475217702851
5540,279,40.2934,141.018,1.7456184658191536
5541,279,37.7949,140.9196,1.3857001626119363
5542,279,37.8449,140.6013,1.200824252171327
5543,279,37.7613,140.4799,0.8806927370491975
5544,279,37.6799,140.7346,1.3250431583076274
5545,279,37.6385,140.9849,1.1230703165941502
5546,279,37.5031,140.7588,1.8183093960290373
5547,279,37.4061,140.9632,0.6018867659620858
5548,279,37.4363,140.5668,1.1084169594878512
5549,279,37.2778,140.6349,0.2640970917582546
5550,279,37.2342,141.0016,0.6761633281036905
5551,279,37.0911,140.9035,0.3808895809347639
5552,279,36.9069,140.7929,1.0496378610498849
5553,279,37.09,140.5563,0.8040733091809983
5554,279,36.8683,140.43,0.448725459777323
5555,279,37.0217,140.3775,0.268183854318169
5556,279,37.1228,140.1914,0.5310785533683938
5557,279,37.2842,140.3689,0.8185383327381399
5558,279,37.3961,140.3622,0.1728407073453677
5559,279,37.603,140.4368,0.8913457207008998
5561,279,37.6535,139.8633,-1.8106826509421896
5562,279,37.6002,139.6467,-0.1068566366653264
5563,279,37.4774,139.9294,-1.5225339603986277
5564,279,37.3957,140.1325,-0.292775023604616
5565,279,37.3077,139.9,-1.4070057894319552
5566,279,37.266,139.5386,-1.6249765420429632
5567,279,37.3491,139.3144,-1.6041596418717243
5568,279,37.453,139.5133,-2.1318297176106844
5569,279,37.3364,140.8132,0.5273119405944191
5570,279,37.7535,139.7183,-1.1450790516918958
5571,279,37.7287,139.8855,-1.2245297119018996
5572,279,37.6048,139.7566,-0.5627065848186358
5573,279,37.4478,139.8159,-1.1809916200107744
5574,279,37.2513,139.8758,-1.2444168797755677
5575,279,37.1692,139.5231,-2.620528876639153
5576,279,37.2792,140.2178,-0.6434547482246147
5577,279,37.35,140.4297,0.6556190483674486
5578,279,37.1585,140.0963,0.4809776043519166
5579,279,37.1976,140.342,1.2895451131653883
5580,279,37.2139,140.5736,1.4094148950664152
5581,279,37.0233,140.9736,0.7022559517807544
5583,279,37.7613,140.38,-0.6018711565172358
5584,279,37.6606,140.6008,1.3906979407851348
5585,279,37.4864,140.5414,1.4605752243363548
5586,279,37.4672,140.7261,1.51177619022272
5587,279,37.4881,140.9906,1.128521148367667
5588,279,37.3392,139.3179,-2.068002575867639
5589,279,36.7722,139.2248,-1.9812204755877088
5590,279,36.6967,139.2136,-2.808023166961504
5591,279,36.8589,139.0659,-2.544965090343988
5592,279,41.7162,141.0025,-0.0119463373867717
5594,279,41.4862,140.247,-1.407946890250514
5595,279,41.4339,140.1115,-2.103945920797184
5596,279,36.7761,140.3569,0.9324144697507356
5597,279,36.7061,140.7068,1.1226895749399193
5598,279,36.5915,140.6453,1.0758203643828306
5599,279,36.5516,140.4102,0.7220761865203894
5600,279,36.3851,140.2372,2.1155225312945105
5601,279,36.369,140.4528,0.8521312648611569
5602,279,36.3523,140.5955,0.760904672631554
5603,279,36.8338,140.3215,0.7080882037574628
5604,279,36.7924,140.5784,0.7297532785480253
5606,279,36.5535,140.3046,0.3919226903924082
5607,279,36.6374,140.4009,1.871399159678527
5608,279,36.3599,140.6231,1.3626558694396909
5609,279,40.4099,141.7191,1.7464139755264825
5610,279,40.1819,141.7641,0.4112334620567622
5611,279,40.0083,141.8861,1.01361536959634
5612,279,39.7369,141.9697,0.6635119484971497
5613,279,39.6472,141.9464,0.1966821598474429
5614,279,39.4806,141.9652,1.404306220094784
5615,279,39.2701,141.8561,2.1310324184592506
5616,279,39.0187,141.4031,1.3921690619865412
5618,279,39.1454,141.152,-1.5428125496728884
5619,279,39.3209,141.1378,0.3276710051757988
5620,279,39.3367,141.5378,1.224276810849408
5621,279,39.4844,141.147,-0.4349236699498413
5622,279,39.318,140.7792,0.0209811516358394
5623,279,39.5997,141.6789,1.1438431812608985
5624,279,39.6336,141.4376,0.4801396871212653
5625,279,39.6953,141.1478,0.2875385095451841
5626,279,39.8491,141.8034,1.226909845720633
5628,279,39.9203,141.082,1.3687219105541473
5629,279,40.1011,141.0523,0.2119361515802626
5630,279,40.0366,141.4502,0.7241829376630178
5631,279,39.5169,140.8301,-0.1185040706976183
5632,279,40.2356,141.3458,1.5860310576680243
5633,279,39.8222,141.3861,2.057037954768529
5634,279,39.7992,141.6556,1.488847682447611
5635,279,39.1781,141.3944,0.2614966280686676
5636,279,38.8625,141.3547,1.2128020555153254
5637,279,40.2583,141.1744,1.1238613769340464
5638,279,40.2678,141.5744,-0.271501923747051
5639,279,40.2658,141.7867,1.4975191449893646
5641,279,40.1364,140.9564,-0.6891966707954746
5642,279,40.0783,141.195,-0.3493120948029169
5643,279,40.1506,141.4281,1.2789882288909469
5644,279,39.9369,141.5528,-0.0130680632211186
5646,279,39.6119,141.0964,-0.2114152713929238
5647,279,39.6408,140.95,-0.7280924697817103
5650,279,39.4531,141.0036,0.100737566975006
5651,279,39.3406,141.0508,0.1473435593832559
5652,279,39.4705,141.9372,1.4941065616842586
5653,279,39.3311,141.305,0.7298855638180967
5655,279,39.195,141.0153,-0.1222330524935302
5656,279,39.0061,140.8667,1.0622998156764374
5657,279,38.9661,141.0047,1.546287150704149
5658,279,39.0278,141.5356,1.942516699390436
5659,279,38.9015,141.5684,0.967954316205557
5660,279,38.7262,141.5109,2.793790981692226
5661,279,38.7348,141.3106,1.403062204175099
5662,279,38.7292,141.0217,2.225466104452768
5663,279,38.7992,140.6507,0.7109040943685474
5666,279,38.5769,141.4514,0.3017323099603387
5667,279,38.4466,140.8874,0.2123567989963458
5668,279,38.4282,141.2809,0.5868782709052708
5670,279,38.3175,141.0193,0.6790968905071355
5671,279,38.2663,140.9293,2.278816640796063
5672,279,38.3177,140.6357,1.529738635387707
5673,279,38.1049,140.8699,1.4449599082652782
5674,279,38.0085,140.621,0.620297404071276
5676,279,38.237,141.0003,0.7133424147417605
5677,279,38.8558,140.6547,-0.6481117092989719
5680,279,38.5878,141.0744,-0.4863270530758972
5681,279,38.1103,140.8475,-0.1840285784813244
5682,279,38.0061,140.6061,0.0986955118438302
5683,279,37.9381,140.8958,2.266002534695778
5685,279,38.6386,141.4463,1.710149375516165
5686,279,38.2584,138.4337,0.2723066084127009
5687,279,38.0745,138.4398,-1.1163960625365477
5688,279,37.9976,138.3226,-0.2361731568691467
5689,279,37.8205,138.2795,-0.7874043380508392
5690,279,37.9204,138.4981,-2.253706731422123
5691,279,38.4501,139.4961,-1.7166836907691063
5692,279,38.2301,139.4864,-1.710559632181195
5693,279,38.053,139.4055,-1.1576688996311126
5697,279,37.6863,139.4772,0.1863361051992455
5700,279,37.6935,139.1886,-1.2909356254165731
5701,279,37.6421,138.7676,-2.925601408847487
5702,279,37.4416,138.8431,-1.5597556849387633
5703,279,37.3724,138.5579,-2.09191944888841
5704,279,37.3057,138.7898,-1.6088081084534305
5705,279,37.2332,138.962,-1.990659037628244
5706,279,37.1281,138.7468,-1.5776343094511829
5707,279,37.0364,138.8462,-2.234316981823851
5708,279,37.0147,138.6529,-1.6136447041326836
5709,279,37.1268,138.444,-2.005556253235916
5710,279,37.4261,138.8862,-1.05357252976872
5711,279,37.4242,138.8908,-0.8799000409742762
5712,279,38.2769,139.5519,-1.4418328292744562
5713,279,38.1283,139.5461,-1.0985451227341982
5714,279,37.9731,139.2819,-1.3612035132912863
5715,279,37.6497,139.0708,0.6470272584808557
5716,279,37.5356,139.1311,-1.4152577286071966
5717,279,37.5408,139.3681,-0.7300810691266767
5718,279,37.1697,138.7472,-1.4428804397872437
5719,279,37.2208,138.9853,-2.1411530706924617
5720,279,37.0272,138.8553,-2.30365152475585
5721,279,37.0503,138.9983,-2.678684652181989
5722,279,36.9417,140.0828,0.5992929537421168
5723,279,36.99,139.8033,-1.926765858853784
5724,279,36.8144,139.7153,-1.845417168083451
5725,279,36.8061,139.4204,-2.465644695880376
5726,279,36.8061,139.9264,-0.4404168180719265
5727,279,36.7639,140.1297,1.0302127864796178
5728,279,36.5692,139.8861,-0.1072847729790952
5729,279,36.56,139.7675,0.0378134446843649
5730,279,36.7258,139.7155,1.1192473273047308
5731,279,36.6347,139.4376,-1.8007974454767464
5732,279,36.4368,140.0225,0.5037284106872784
5733,279,36.545,140.1742,2.0595855374348706
5734,279,36.4427,139.9541,0.356344978287768
5735,279,36.8594,139.8397,-1.185774881982696
5736,279,36.8547,140.0258,-0.098382843859054
5737,279,36.6928,139.9875,0.0482866396404613
5738,279,36.7311,140.1814,2.390222459855821
5740,279,36.5564,139.8669,0.0954275269508903
5741,279,36.5449,140.0784,0.9525587052767108
5744,279,38.7679,140.2957,-0.7424094971442187
5745,279,38.7292,139.8013,-1.479189725201656
5746,279,38.6276,139.5889,-1.4799854400871504
5747,279,38.607,140.1621,-0.691822293465486
5749,279,38.4306,140.3907,-0.8609724178586853
5750,279,38.3856,139.9921,-1.429225912327667
5751,279,38.3898,140.2743,-1.1230357184960746
5752,279,38.2604,140.3488,-0.2585806906972041
5753,279,38.1502,140.2674,-0.413838876608622
5754,279,38.1074,140.0428,-1.786239644827137
5755,279,38.0621,139.7575,-0.6211993909762145
5756,279,37.9207,139.8697,-0.7482342793672683
5758,279,38.7895,140.0185,-1.940150721397164
5759,279,38.7909,140.313,-0.781364269594985
5760,279,38.2664,140.2617,-0.9849096288337068
5762,279,38.0783,140.3011,0.4811327445890861
5763,279,37.9853,139.805,-2.207566143109888
5764,279,37.9603,140.1869,0.691734875380025
5765,279,37.8931,140.0311,0.5501369839612299
5766,279,38.9672,140.0367,-0.6417572805201883
5767,279,38.7469,140.1814,-1.2064738129117685
5768,279,38.6328,140.0089,-1.6989536680418849
5769,279,38.4675,139.7639,-1.0685852637967026
5770,279,38.3831,139.995,-1.4580081640804718
5771,279,38.4228,140.1283,-1.2014332361240916
5772,279,38.4647,140.8833,1.4102601153655971
5773,279,38.5689,140.8589,0.4338076033522979
5774,279,38.5747,140.7836,1.1814933662808842
5775,279,38.6122,140.7619,-0.7146663276164154
5776,279,38.5461,140.8533,0.2415128103578152
5777,279,38.5117,141.0631,1.483217998387207
5778,279,38.5175,140.9428,0.2728286976429994
5779,279,38.6494,140.8803,0.9567703437975558
5780,279,38.5411,141.0603,1.3442515376017898
5781,279,38.485,141.1389,0.791005550549335
5782,279,38.6533,141.0718,0.0965944673365189
5783,279,38.6892,141.1914,-0.1426311855078575
5784,279,38.6258,141.1928,0.2838259392084647
5785,279,38.6617,141.1625,0.3699951312874592
5786,279,38.5067,141.1972,0.1752963943050835
5787,279,38.1681,140.8953,2.970878251993477
5788,279,38.0947,140.6619,1.86524977375242
5789,279,38.0461,140.7339,1.555926355828211
5790,279,38.175,140.6469,2.481469617092102
5791,279,38.3269,140.9844,1.1418996037926628
5792,279,38.2722,140.8722,-0.4122891896649612
5793,279,38.2411,140.9175,1.6856549845162767
5794,279,38.3342,140.8894,1.2156776986276894
5795,279,39.3108,140.5697,-0.8182000635887693
5796,279,39.4506,140.4789,-0.1767783831828404
5797,279,39.4586,140.5097,0.1377631848648053
5798,279,39.4575,140.5844,0.5867267960436137
5799,279,39.1983,140.5481,-0.4397487432404736
5800,279,39.2603,140.4925,0.9584640911545844
5801,279,39.3394,140.4375,1.3838228056409048
5802,279,39.2208,140.5256,-0.1831504314515913
5803,279,39.275,140.6242,1.2967125511305126
5804,279,39.3308,140.4778,-0.0058910055512485
5806,279,39.0578,140.4506,1.4690832387471922
5807,279,39.1972,140.4172,0.005691036927642
5808,279,39.0731,140.5903,0.5848365717699588
5809,279,38.755,140.5228,0.1170999194451157
5810,279,37.8764,140.9194,2.424677302808995
5811,279,39.29,141.1133,-0.4301972937943665
5812,279,39.1267,141.1417,-0.29344789566708
5813,279,38.5717,140.96,1.0856565995207783
5815,279,38.5367,141.1317,0.8323320455521099
5816,279,38.7067,141.2383,0.0459203190941894
5817,279,38.8233,140.9933,1.173991936095718
5818,279,38.9518,141.2198,1.763479096963293
5819,279,38.3655,140.664,1.7137981698115692
5820,279,38.135,140.9311,1.4749905559692984
5821,279,38.2583,140.9,0.5062463633510967
5822,280,32.484,-115.24,0.064860187201308
5823,280,31.8683,-116.6642,-0.710534803956866
5824,280,32.4,-115.24,0.6735880558085872
5825,280,31.615,-115.882,0.5678601919745686
5826,280,32.464,-115.316,1.7324361408215514
5827,280,32.0203,-116.3012,1.0426304150207206
5828,280,32.1656,-114.9612,1.3186347799010565
5829,280,32.116,-115.8407,-0.9386156570439922
5830,280,32.4222,-115.1303,-0.5288462763702385
5831,280,32.5495,-115.2357,0.4972891129948912
5832,280,31.69,-116.19,0.3820212747276239
5833,280,31.398,-115.714,-0.4551241262917875
5834,280,32.739,-114.636,-0.3935480866908505
5836,280,32.78,-115.567,1.2756211628741931
5838,280,32.813,-116.975,-0.1640545812382922
5839,280,32.84,-116.974,0.2429261476304544
5840,280,32.838,-116.775,-0.2024750555477139
5841,280,32.942,-116.276,-1.0966083269684954
5842,280,32.749,-117.242,-0.1749284708210572
5843,280,32.71,-117.158,0.8343324075041412
5844,280,32.73,-117.169,0.3155748629256728
5845,280,32.702,-117.12,0.6240084914580142
5846,280,32.735,-117.08,0.6506694578757473
5847,280,32.795,-117.255,0.2373560128564558
5848,280,32.822,-117.175,-0.0400283742185499
5849,280,32.71,-117.007,0.5123926452779813
5850,280,32.754,-117.097,0.0547523919916727
5851,280,32.915,-117.142,-0.3969989050245762
5852,280,32.877,-117.227,1.2276963931285332
5853,280,32.954,-117.042,0.3513219399184608
5854,280,32.754,-117.164,0.7353112763830465
5855,280,33.61,-114.715,-0.4739729043061013
5856,280,33.239,-115.512,0.3861466662450564
5857,280,33.511,-115.92,0.1492048629260057
5858,280,33.037,-115.623,0.6815092582027783
5859,280,33.421,-115.831,0.2782890512555219
5860,280,33.564,-115.987,-0.5922929179475879
5861,280,33.397,-115.776,-0.0697417464266698
5862,280,33.28,-115.984,1.5555871804036303
5863,280,33.398,-115.657,-1.1172567732850336
5864,280,33.829,-116.512,0.2935389527371629
5865,280,33.678,-116.178,0.0122440064939143
5866,280,33.482,-116.911,1.3250938284074554
5867,280,33.787,-116.959,1.5887302015992677
5868,280,33.815,-116.461,0.6128849057218925
5869,280,33.747,-116.715,1.5671761168969416
5870,280,33.962,-116.509,-0.0947306621794267
5871,280,33.605,-116.938,-1.887836940643495
5872,280,33.76,-116.96,0.4041030174933089
5873,280,33.851,-116.852,-1.5376175282923903
5874,280,33.748,-116.966,1.205154890505877
5876,280,33.729,-116.979,1.169023043194601
5877,280,33.715,-116.221,-0.0454717446671631
5878,280,33.787,-116.958,1.4690615525317947
5879,280,33.706,-116.235,0.3400128625027289
5880,280,33.93,-116.972,0.0893486660083983
5881,280,33.744,-116.931,0.75149128240206
5882,280,33.671,-116.3,2.086764999388892
5883,280,33.758,-116.374,1.1572065518680406
5884,280,33.787,-116.41,0.3931636782582408
5885,280,33.723,-116.338,0.8041965583316066
5886,280,33.786,-117.809,-0.1783925583724825
5887,280,33.863,-117.742,0.1370207814154611
5888,280,33.768,-117.85,-0.5234305795078843
5889,280,33.485,-117.669,1.4872339156212229
5890,280,33.917,-117.443,0.6229626020028795
5891,280,33.968,-117.252,1.1809284929076131
5892,280,33.565,-117.264,-0.9548661898047855
5893,280,33.751,-117.015,1.3059844555780844
5894,280,33.818,-117.133,0.9951736542815416
5895,280,33.699,-117.267,-0.3562821076865548
5896,280,33.604,-117.279,0.6107149657134603
5897,280,33.884,-117.514,-0.8697688922185017
5898,280,33.876,-117.593,0.2152910772536302
5899,280,33.875,-117.636,-0.2261738728415909
5900,280,33.951,-117.446,-0.8998615869875585
5901,280,33.054,-117.245,-0.3002493197704324
5902,280,33.144,-117.165,-0.5879765275713317
5903,280,33.634,-117.902,0.6804981221434565
5904,280,33.99,-117.718,0.2609420996587047
5905,280,33.496,-117.149,0.7221155314367583
5906,280,33.662,-117.997,0.869256446697596
5908,280,33.913,-117.196,1.0677073642447672
5910,280,33.201,-117.331,0.4107429212390983
5911,280,33.856,-117.541,-0.495181170362728
5912,280,33.8556,-117.54,-0.6249697181402639
5913,280,33.466,-117.666,0.6659883708837777
5914,280,33.854,-117.817,0.6222748361559117
5915,280,33.777,-117.834,-0.6635550145684124
5916,280,33.604,-117.906,0.099080968323036
5917,280,33.605,-117.89,0.8643132319025337
5918,280,33.853,-117.857,-0.5048850212397955
5919,280,33.766,-117.918,0.4587958464645167
5920,280,33.757,-117.956,0.1323360661566481
5921,280,33.676,-117.963,1.1127257308519225
5922,280,33.819,-117.85,0.1188252426154991
5923,280,33.748,-117.844,-0.0707139465429722
5924,280,33.742,-117.894,0.4585644609495006
5925,280,33.716,-117.904,0.4991825565100295
5926,280,33.7,-117.88,0.6955014584241238
5927,280,33.785,-117.89,-0.3158821504649624
5928,280,33.789,-117.922,-0.0675629840778893
5929,280,33.919,-117.488,-0.9588213200695612
5930,280,33.951,-117.388,-0.6802307671108603
5931,280,33.979,-117.344,0.271987561048277
5932,280,33.975,-117.486,-0.7214765235858718
5933,280,33.669,-117.332,-1.3236926963363145
5934,280,33.748,-117.127,0.4623761123899832
5935,280,33.902,-117.234,-0.343492966267003
5936,280,33.921,-117.173,0.5263214238359205
5937,280,33.787,-117.23,-1.3067508936353531
5938,280,33.649,-117.205,-0.6407743170294643
5939,280,33.715,-117.191,0.4336571592158167
5940,280,34.133,-114.372,0.0052215656711004
5941,280,34.155,-116.504,-0.9784414552100684
5942,280,34.13,-116.314,-1.228094059272688
5943,280,34.241,-116.872,-0.3597730057734646
5944,280,34.122,-116.416,-1.8242888568700133
5945,280,34.046,-117.035,-0.567420296341388
5946,280,34.033,-117.312,1.1376894657826968
5947,280,34.014,-117.511,-0.1248581944207272
5948,280,34.026,-117.155,-0.4775170402137914
5949,280,34.074,-117.183,-0.2700936335340992
5950,280,34.066,-117.214,-0.2449217973216726
5951,280,34.065,-117.289,0.4773224493930696
5952,280,34.065,-117.292,0.7048279127164491
5953,280,34.064,-117.296,1.2374683007910243
5954,280,34.163,-117.332,0.8300904942628083
5955,280,34.096,-117.287,-0.1217558821000247
5956,280,34.064,-117.294,0.2735352891926587
5957,280,34.133,-117.253,-0.7716780821658495
5958,280,34.135,-117.322,0.1336843259654026
5959,280,34.069,-117.398,1.0605015081757716
5960,280,34.004,-117.058,-0.2008694157158903
5961,280,33.5558,-116.674,-1.1863739282949948
5962,280,33.6022,-116.756,0.1521097439785013
5963,280,33.921,-116.981,-0.4643165831625954
5965,280,34.069,-116.39,-2.511347735392006
5967,280,33.365,-115.73,-0.4552532747035646
5968,280,32.69305,-115.33819,1.1917376281807035
5969,280,33.268,-116.417,-0.6218367829829082
5970,280,33.19373,-116.3289,-0.6832338701522551
5971,280,32.991,-115.513,1.1443708159677994
5972,280,33.91761,-116.78329,-0.2537797674964859
5973,280,33.51237,-116.80035,0.8293549247817882
5974,280,32.6695,-115.493,0.5343027907817114
5975,280,33.1266,-115.516,-0.6673693747639416
5976,280,33.38215,-116.68976,-0.5421745948621418
5977,280,33.999,-117.68,-0.2284025604446763
5978,280,34.093,-117.317,0.1867171328472824
5979,280,34.058,-117.305,0.0005925732015145
5980,280,33.876,-117.561,-0.1611866849575529
5981,280,33.655,-115.99,-0.9406375314011016
5982,280,34.1663,-117.251,0.615788300884026
5983,280,33.65,-117.009,-0.889824353636298
5984,280,32.796,-115.535,2.435831315581898
5985,280,33.567,-116.631,1.438908184726047
5986,280,32.999,-116.942,0.1179225654447865
5987,280,32.805,-115.447,0.8533210555633713
5989,280,32.829,-115.504,0.9277064621184168
5990,280,32.7806,-115.5681,1.452939343494978
5991,280,32.75172,-115.59516,1.946120786837688
5993,280,34.094,-116.936,0.4317369442303893
5994,280,34.1,-117.439,0.2666715822691026
5995,280,34.10521,-117.28264,0.3199168369035035
5996,280,34.14,-117.294,0.4718592799480023
5997,280,34.103,-117.349,-0.7709215406617982
5998,280,34.091,-117.289,-0.0356702829657666
5999,280,34.069,-117.275,1.0016030105875138
6000,280,33.925,-116.389,-0.5492257691805653
6001,280,33.051,-114.827,-0.1687560095774681
6002,280,33.708,-115.628,-2.58392450518734
6003,280,34.121,-117.219,-1.1790856532339675
6004,280,32.81141,-115.3786,0.7009963232769839
6005,280,33.6159,-116.621,0.9119243630325232
6006,280,33.74624,-116.2163,0.1566928250483191
6007,280,33.081,-116.598,-0.740245823999969
6009,280,33.597,-117.879,-1.0672024565415
6010,280,34.12288,-117.28792,-0.3328235519865707
6011,280,33.684,-117.943,1.6696053801633712
6012,280,32.8,-115.473,0.3694338897770112
6013,280,33.572,-116.076,0.4713338027089146
6014,280,33.818,-116.369,-0.094900861414756
6015,280,34.005,-117.562,-0.6025136484470349
6016,280,34.05034,-117.27737,0.1577673943359108
6017,280,34.04856,-116.57816,1.33425794946676
6018,280,34.039,-116.648,0.6476651906784902
6019,280,33.808,-116.968,1.5515383610419615
6020,280,33.57783,-116.58987,0.317019272708229
6021,280,33.6,-117.195,0.9347854935358372
6022,280,33.58282,-117.07169,-0.4785091010238272
6023,280,33.92474,-116.54794,0.7807247230487744
6024,280,33.556,-115.946,-1.2666156820704029
6025,280,33.1983,-117.3782,-1.628062231988616
6026,280,33.15569,-116.1679,0.1280153752040627
6027,280,33.788,-117.844,-0.5429086600330035
6028,280,32.608,-116.93,0.559681062477121
6029,280,33.862,-117.205,-1.5039520742599135
6030,280,33.607,-116.453,-1.2158135284856646
6032,280,33.824,-116.55,-1.7153607147952576
6033,280,34.00469,-117.22393,-1.445159660789097
6034,280,33.973,-117.327,0.5036121853205988
6035,280,33.183,-115.623,-1.1564055023871085
6036,280,32.87514,-117.22977,1.6006342264766298
6037,280,33.82177,-116.96836,-0.5827457905986166
6038,280,34.232,-117.235,-0.9547107682807988
6039,280,33.553,-117.662,1.37425019512003
6041,280,34.14492,-117.21876,-0.6206520598232901
6042,280,33.91677,-116.38979,-0.82295386765731
6043,280,33.485,-115.866,-2.538860656817135
6044,280,33.834,-116.797,0.476396885644309
6045,280,34.035,-116.808,-1.0985144305800607
6046,280,33.829,-117.789,0.0354842756807666
6047,280,33.664,-117.769,0.8483433531893575
6048,280,34.106,-117.098,-0.0078330398269385
6049,280,33.81663,-116.3945,-0.106456386755708
6051,280,34.0869,-117.3114,0.0915179247696384
6052,280,34.205,-117.365,-0.0114098832637959
6053,280,33.84447,-116.31079,0.5849065266854627
6054,280,33.941,-116.409,-0.6310999668249083
6055,280,34.079,-117.045,1.151291402441157
8159,280,32.864,-115.432,1.4439852232545605
8160,280,32.718,-115.637,0.1743747890818274
8161,280,33.6758,-116.68,-3.625784881179482
8162,280,31.871,-115.816,-1.5853949608384068
8488,280,33.787,-118.356,-0.826724538951829
8489,280,34.077,-118.286,0.6094300965836347
8491,280,33.1774,-115.616,0.1429089751355517
8493,280,34.07618,-118.3959,0.257112994284233
8494,280,34.04905,-116.94032,-4.278838216101617
8495,280,33.63461,-116.09534,-5.159814421558951
8496,280,34.55046,-117.43391,0.0428308070572527
8500,280,32.68005,-116.67215,0.5041648205399591
8501,280,34.2623,-116.92075,-0.7595626646590172
8504,280,34.23883,-117.65853,-1.9019443729110312
8505,280,33.99053,-118.36171,0.6612078860321459
8506,280,33.80776,-117.98116,0.137672578778295
8507,280,33.01213,-115.21987,-0.5083197324037628
8509,280,34.13678,-118.12199,-0.2980684690861857
8513,280,33.4019,-118.41502,-1.501907007757456
8515,280,34.63745,-115.38115,-2.1528343010539235
8516,280,34.25353,-118.33383,-0.3034861447090459
8517,280,34.10618,-118.45505,-1.2676744027486058
8518,280,33.84822,-118.09624,0.7859862551891954
8521,280,33.11675,-115.82267,1.326949396525417
8523,280,33.71264,-118.29381,-1.028568618558925
8524,280,33.8717,-117.92251,1.2251477200072944
8528,280,34.13677,-118.1283,0.1909791073268373
8530,280,34.8294,-116.335,-1.4747350435024815
8531,280,34.17643,-118.35967,0.3832476416871957
8534,280,34.36622,-116.61266,-1.5096960966807316
8535,280,34.15037,-118.10156,-0.5401135817215031
8536,280,33.86889,-118.33143,-0.0452481147642849
8537,280,33.798,-118.08837,0.5112242490925668
8538,280,34.00033,-118.37794,0.6247102911363915
8540,280,35.13066,-115.18416,-1.0392416193085718
8544,280,33.9753,-118.14918,0.0053013688017067
8547,280,34.31478,-117.54642,-0.7292513284645263
8548,280,33.881,-118.176,0.9480221302065872
8551,280,34.13688,-118.12601,2.2239167695275177
8553,280,33.74,-118.335,-4.119305400978991
8560,280,34.22362,-118.05832,-0.5085538904950194
8561,280,34.78035,-116.55798,-1.487526216663657
8562,280,34.76759,-114.61881,-1.3709338629271577
8565,280,33.94539,-117.92372,0.6751699346532994
8569,280,33.96273,-118.43702,0.5839760288891148
8570,280,34.1207,-117.63808,-0.5173913445007637
8571,280,33.892,-117.1613,1.9286257836281189
8572,280,33.7953,-117.60906,-0.0128067012345451
8574,280,34.09181,-117.80709,-0.6390484920853725
8578,280,34.10473,-117.97956,-0.3763571139345543
8579,280,33.74346,-118.40412,0.1921928645844844
8580,280,34.87533,-116.99684,-1.2085130868591143
8581,280,34.05073,-118.08085,-0.141907701970406
8582,280,33.99351,-117.37545,-2.368510657313761
8586,280,32.915,-118.4879,-1.503618248288888
8592,280,34.01438,-118.45617,0.3079063007437463
8596,280,32.94508,-115.79988,-1.0490991910647869
8597,280,34.38203,-117.67822,0.1559797374083137
8601,280,34.01919,-118.28631,-0.1732412626736104
8602,280,34.48364,-118.11783,-0.7209635010691416
8605,280,32.75904,-115.73161,-0.3021754805118146
8607,280,34.00948,-117.95077,0.4306307092271118
8610,280,33.94869,-118.25547,0.4409492293276732
6878,281,-43.9041,171.7474,-0.9953473157772118
6881,281,-42.5257,171.4077,-0.5594210358409589
6885,281,-43.4848,172.5299,-0.6784160743152969
6886,281,-43.531,172.6197,-0.8056014300235494
6887,281,-43.5395,172.6464,-0.0736217008129938
6888,281,-43.5355,172.6261,-0.6183822895885062
6889,281,-43.5673,172.6241,0.0552261125866144
6890,281,-43.2282,171.7234,0.5178251958404799
6892,281,-43.4913,172.102,1.0581483849411173
6893,281,-45.8642,170.5138,0.8892275105777288
6894,281,-45.9038,170.4929,3.3764327401502325
6895,281,-43.8984,172.0937,-0.7610294778982029
6896,281,-43.6692,172.1978,-0.8964690408866162
6897,281,-41.7467,171.8045,-0.5007239366569118
6898,281,-45.2327,169.3082,-0.4944158611194588
6900,281,-44.1019,170.8285,1.8829492528370304
6901,281,-43.4649,170.0197,0.123372518293363
6902,281,-43.3908,170.1841,-0.6272458577786636
6904,281,-43.5338,169.8154,-0.7137241767313676
6905,281,-43.588,172.0893,0.7326773762644513
6906,281,-42.4509,171.2102,0.8280805718494939
6907,281,-43.1506,170.556,-0.1176164546055545
6908,281,-43.8847,169.0441,0.1266618552351668
6909,281,-42.7186,170.9638,-0.3785837325216016
6910,281,-43.5413,171.9598,0.5250100376846798
6911,281,-43.5016,172.7022,-0.5365418562986163
6912,281,-42.5249,172.8304,0.6361279050773458
6914,281,-43.5798,172.7094,2.6921234570920043
6921,281,-42.8934,171.1355,0.4680605760697365
6922,281,-43.3781,172.6636,1.7121959245070577
6923,281,-44.3872,170.1843,-1.5866258983892594
6926,281,-43.6248,172.4679,0.5328752714571595
6927,281,-43.6056,172.7223,1.6584399640455725
6928,281,-43.7163,169.423,0.437712372992902
6929,281,-43.7311,171.7935,-2.530035230591567
6930,281,-42.7834,172.2709,-0.4529388174961181
6932,281,-43.8247,171.4216,-1.2751427102179689
6933,281,-43.7365,170.0972,-0.3999226190280357
6934,281,-44.2321,169.2329,1.0657181391265933
6936,281,-42.0897,173.2573,-0.5212413410950844
6938,281,-41.1264,173.0094,-0.3380543574862968
6942,281,-41.2188,173.3793,-1.497817443588813
6943,281,-43.9993,168.6605,1.0380726201898869
6944,281,-45.1014,170.969,1.0136834734586115
6945,281,-45.0456,170.6445,-0.0047174062641951
6946,281,-45.886,170.5977,-0.6771330375443234
6947,281,-43.3259,172.0383,0.1980462973026044
6948,281,-43.9253,171.2366,0.9722466079484582
6951,281,-43.4945,172.6068,-0.3113517594994088
6952,281,-43.527,172.7017,0.2995713629198587
6955,281,-41.2813,174.023,0.3138647812837561
6957,281,-42.1214,171.8643,-0.033297232649509
6959,281,-43.5362,172.5644,-0.7503246562869472
6960,281,-43.7531,172.023,-0.8126515355125409
6961,281,-43.5945,172.381,-0.5870524566137639
6962,281,-43.7192,171.0539,-0.4662723361912256
6964,281,-43.8104,172.2523,-0.315053288724555
6965,281,-43.5053,172.6634,-0.3252081787106148
6966,281,-42.3356,172.1808,-0.3394590725367601
6967,281,-45.9002,170.5096,3.175515954548158
6968,281,-43.4675,172.6139,-0.4624466139624338
6970,281,-43.3396,171.9288,0.2010602448516236
6973,281,-46.0737,170.1952,2.295440661525871
6974,281,-43.5517,172.4718,-0.6630064276623071
6975,281,-44.4045,171.2444,1.307970988226545
6978,281,-44.2565,170.0982,-0.7246217945501533
6979,281,-42.9648,172.7051,1.9125762600194085
6980,281,-41.7574,171.5997,0.4641569552424652
6981,281,-41.8291,174.1383,-0.5353427075681748
6983,281,-44.8287,169.0175,-0.2582056690071295
6986,281,-44.6963,169.1429,1.2333700661419955
6987,281,-43.839,171.6109,-1.7252932132956709
6988,281,-43.0731,170.737,-0.2542874890284978
6989,281,-41.622,173.3508,-0.7677628220561888
6990,281,-43.0764,170.7361,-1.653855123757449
6991,281,-42.8712,172.5432,1.3475593679080349
8055,346,-43.9041,171.7474,1.1317289372446784
8056,346,-43.1564,172.7308,-1.4039287967954923
8057,346,-42.9506,171.5676,0.3410351619411516
8059,346,-43.2761,172.5958,-0.399199670988294
8061,346,-43.4848,172.5299,-0.2289375492927639
8062,346,-43.531,172.6197,1.0267705334478092
8063,346,-43.5395,172.6464,0.0330074893218437
8064,346,-42.8152,173.2747,-0.2318838303819984
8065,346,-43.5355,172.6261,0.076035828648456
8066,346,-43.5673,172.6241,0.0390907343683105
8067,346,-43.2282,171.7234,1.116050863892145
8068,346,-43.3139,172.3812,0.2086975212461208
8070,346,-43.4913,172.102,0.0626916642599079
8073,346,-43.8984,172.0937,-0.0318736157719988
8074,346,-43.6692,172.1978,-0.1184510034832344
8075,346,-41.7467,171.8045,-0.6390141856311873
8078,346,-44.1019,170.8285,1.5724151366688337
8079,346,-43.4649,170.0197,0.0291147172311467
8080,346,-43.3908,170.1841,-0.6527345384710987
8081,346,-43.5338,169.8154,-1.4307204696993805
8082,346,-42.5959,172.5109,0.262873782387913
8083,346,-42.4509,171.2102,0.315453788942989
8085,346,-43.1506,170.556,0.0429337386071291
8086,346,-43.8847,169.0441,0.3306328329341383
8087,346,-42.7186,170.9638,-0.0036449105485022
8088,346,-43.5413,171.9598,0.4306530958476076
8089,346,-43.5016,172.7022,-0.1576582554070364
8090,346,-42.5249,172.8304,0.0588928141492366
8091,346,-42.7284,171.4727,-0.1058910402206517
8092,346,-41.8588,171.9524,-0.0229126748115485
8093,346,-41.2511,172.1163,0.925895630847568
8096,346,-42.8934,171.1355,-0.4154767848906208
8097,346,-43.3215,171.8549,1.7879282982053903
8098,346,-43.3781,172.6636,0.3910357379980218
8099,346,-44.3872,170.1843,-0.6528646487738848
8101,346,-43.6248,172.4679,-0.6521537977705167
8102,346,-43.7163,169.423,0.4738265192017623
8103,346,-42.8712,172.5432,0.6663028181128632
8104,346,-42.7834,172.2709,0.38730493207488
8105,346,-43.8247,171.4216,0.6222533856602532
8106,346,-41.8016,172.3279,0.3208741203344046
8107,346,-41.3166,174.8183,-1.7697677317851654
8108,346,-42.0897,173.2573,-1.6487876029757529
8109,346,-43.7077,172.6536,-0.1021973589643141
8111,346,-41.2188,173.3793,-2.801417916393187
8112,346,-45.1014,170.969,1.219949848220784
8113,346,-45.0456,170.6445,0.9617019568690588
8114,346,-43.3259,172.0383,0.6353304139771748
8115,346,-43.9253,171.2366,1.7728114725871948
8117,346,-43.4945,172.6068,-0.8938049538521389
8118,346,-43.527,172.7017,1.0464235827119537
8121,346,-42.1214,171.8643,-0.1344721343504391
8123,346,-43.5362,172.5644,-0.0924610180232677
8124,346,-43.7531,172.023,-0.5021165449088236
8125,346,-43.5945,172.381,0.7387241201007182
8126,346,-43.8104,172.2523,-0.1297177530355543
8127,346,-42.9403,172.9215,1.0586469056605137
8128,346,-43.3928,172.0256,0.3172406900693874
8129,346,-43.5053,172.6634,0.0591670192370664
8130,346,-42.3356,172.1808,-1.09593594366955
8132,346,-43.6751,172.3175,-0.1939616088787892
8133,346,-43.4675,172.6139,-0.9311419935287384
8135,346,-43.3711,172.4952,1.0775514981875909
8138,346,-41.294,174.7811,-1.848086778942608
8141,346,-43.5517,172.4718,-1.0895162139109884
8142,346,-44.4045,171.2444,1.837078660099693
8143,346,-40.8512,172.821,0.1859342590454418
8145,346,-44.2565,170.0982,0.1661064696986469
8146,346,-42.9648,172.7051,1.6056993550176892
8147,346,-41.7574,171.5997,0.0043244757415149
8148,346,-41.2858,174.768,-0.8855809371338427
8150,346,-42.7029,172.8002,-0.7512180916422426
8155,346,-43.0731,170.737,-0.6961028243686528
8156,346,-43.5798,172.7094,1.977851454849637
8157,346,-43.6056,172.7223,1.9459455516626007
8158,346,-43.3396,171.9288,1.298886749344079
8611,1001,38.441,-122.701,0.2599623473694671
8612,1001,38.233,-122.636,0.8764529120503822
8613,1001,37.76021,-122.41524,0.5634717119018159
8614,1001,37.77737,-122.39689,0.0780668746412077
8615,1001,37.75094,-122.49072,0.8012830001497196
8616,1001,37.76386,-122.4736,0.7974733180835363
8617,1001,37.762,-122.505,0.313209294854973
8618,1001,37.40701,-122.0946,-0.7173610802114432
8619,1001,37.30249,-121.97978,-0.2946033086267988
8620,1001,37.26748,-121.86656,0.8175452605928454
8621,1001,37.26352,-121.91617,-0.0738067110724408
8622,1001,37.30143,-121.9039,0.1378174418517648
8623,1001,37.31816,-121.94354,0.8658887926622599
8624,1001,37.3066,-121.84915,1.0057560547665412
8625,1001,37.68,-121.739,-1.65261004847776
8626,1001,37.41702,-121.9154,-0.3080435570752052
8627,1001,37.59094,-122.36741,0.2759047827663194
8628,1001,37.74766,-122.42528,0.8002514476080952
8629,1001,37.34655,-121.80774,-0.1503896014344628
8630,1001,37.40718,-122.00001,0.113569138999758
8631,1001,37.74664,-122.38679,0.0648202841145993
8632,1001,37.39415,-122.06041,-0.0301438253253817
8633,1001,37.27117,-121.98617,-0.6048685454266098
8634,1001,37.45098,-122.4287,1.5393087491799975
8635,1001,37.59268,-122.07449,-1.4348668941401754
8636,1001,37.67928,-122.48405,1.3616695076353855
8637,1001,37.91056,-122.53778,2.3214167577015243
8638,1001,37.88767,-122.29916,-0.2244663651621626
8639,1001,38.03445,-122.27016,-0.8142112531780842
8640,1001,37.74484,-122.40134,-0.2454033127876858
8641,1001,37.77934,-122.486,0.2357549986800811
8642,1001,37.71633,-122.43117,1.164542423345695
8643,1001,37.81076,-122.29252,-0.2997213679655861
8644,1001,37.8251,-122.27606,-0.3597174933791427
8645,1001,37.7986,-122.2684,-0.1871325394008292
8646,1001,37.72416,-122.44841,0.7100890303597265
8647,1001,37.41395,-121.87085,-0.3703325816893901
8648,1001,37.6806,-121.92098,-0.2335479566815477
8649,1001,37.86059,-122.29327,-0.7734665527145821
8650,1001,37.85835,-122.25252,0.154644743950111
8651,1001,38.29027,-122.46125,-0.8238088904359402
8652,1001,37.37418,-122.0781,-1.3282681103033045
8653,1001,37.36408,-122.01817,0.2140021762610801
8654,1001,37.42549,-122.07772,-1.180245389567496
8655,1001,38.4421,-122.6068,-0.2605298519354943
8656,1001,37.23294,-121.77186,0.0552850537137426
8657,1001,37.38332,-121.91088,0.884123695154566
8658,1001,37.28537,-121.93602,1.916060957817953
8659,1001,37.35834,-121.97775,1.1324584535903826
8660,1001,37.68873,-121.78351,-2.434055434005104
8661,1001,37.72688,-122.15092,-1.556611885370936
8662,1001,37.8852,-122.03217,-0.5426512582087902
8663,1001,37.94215,-121.93047,-1.146819386169445
8664,1001,38.01299,-122.13416,0.4821074295209315
8665,1001,38.36743,-122.52403,-0.78446291295644
8666,1001,37.66666,-121.85715,-2.355833275788055
8667,1001,36.88311,-121.3908,1.9596261210948185
8668,1001,36.61809,-121.31468,1.9823668297184789
8669,1001,37.16346,-121.62645,-0.0001627102439557
8670,1001,37.45035,-121.80037,-0.7053085640301228
8671,1001,37.74766,-121.70843,0.4138452958166944
8672,1001,37.7294,-121.83346,-1.053479929718824
8673,1001,37.37289,-121.76887,0.5037327902254762
8674,1001,37.73786,-122.06486,-0.1347227112318851
8675,1001,37.81041,-121.80272,-0.8585684540000672
8676,1001,37.9889,-122.2156,0.22123897505817
8677,1001,37.94906,-122.40851,0.7813481160771639
8678,1001,37.85884,-121.99264,-0.2447145666239325
8679,1001,37.91233,-121.90716,-0.745959682669666
8680,1001,38.02691,-122.01599,-0.6276133649254908
8681,1001,38.34526,-122.4584,-1.49278479583604
8682,1001,37.80787,-122.3618,0.4689653306225217
8683,1001,38.71073,-122.75733,-2.1007925318940286
8684,1001,38.76927,-123.01486,-2.279349436141845
8685,1001,37.0254,-121.4845,2.0370775717664604
8686,1001,36.82681,-121.64349,0.306325568302848
8687,1001,37.34305,-122.33976,2.504217222918861
8688,1001,37.31861,-122.15314,-0.7183364168107369
8689,1001,37.17217,-122.01121,1.716369622331593
8690,1001,37.04922,-121.80722,-0.508537041375549
8691,1001,36.92745,-121.82764,0.5801829894198629
8692,1001,37.36045,-122.18986,0.5109661826552336
8693,1001,37.51604,-122.45815,1.1594707266232511
8694,1001,37.21427,-122.17168,1.6978001799232536
8695,1001,37.20631,-121.97726,0.8246884205288049
8696,1001,37.15432,-121.73467,0.756142582022661
8697,1001,37.63719,-122.47482,-0.3645874486809927
8698,1001,37.2708,-122.21276,0.4916982392307516
8699,1001,37.79499,-122.4746,0.2776874316729363
8700,1001,37.19855,-122.34671,1.955040868151649
8701,1001,37.40373,-122.23868,-0.9646913041137324
8702,1001,37.58225,-122.42006,0.1239189582673279
8703,1001,37.40372,-122.17596,-0.7754065806946157
8704,1001,37.28397,-122.05017,-1.0992171744615813
8705,1001,37.58644,-122.50217,0.607474526469537
8706,1001,37.16067,-121.89899,0.4516640891691377
8707,1001,37.6444,-118.89683,2.78806913920327
8708,1001,37.34164,-121.64257,0.1783285107839872
8709,1001,37.65909,-118.97907,3.026852426788205
8710,1001,38.87874,-122.44277,-2.563253217661694
8711,1001,38.43951,-122.25272,-0.9499922467558428
8712,1001,37.92144,-122.71806,1.230855651586055
8713,1001,38.26021,-122.55179,-1.1159188130376585
8714,1001,38.00198,-122.47466,0.782462416087163
8715,1001,38.30988,-122.943,0.8404435391074766
8716,1001,38.33656,-122.81082,1.219819519130832
8717,1001,38.46769,-122.89651,-0.9678859654036231
8718,1001,38.28043,-122.21582,-1.8211348097082247
8719,1001,38.15486,-121.80438,-1.028096428799826
8720,1001,38.16488,-122.71296,0.44726032935328
8721,1001,38.12282,-122.14921,-0.6697588045695556
8722,1001,38.07601,-122.2585,-0.3724965850213896
8723,1001,38.04248,-122.79684,1.4242751657646429
8724,1001,37.99642,-123.01949,-1.20380026909605
8725,1001,38.34878,-122.57795,0.2185976880476683
8726,1001,38.20025,-122.4644,-0.006513474665208
8727,1001,37.92371,-122.59649,0.8275743152867384
8728,1001,38.14361,-122.44969,-0.4095517625835015
8729,1001,38.24039,-122.79842,-0.3542790235621177
8730,1001,38.38921,-122.66297,-0.5666140116388109
8731,1001,37.008,-121.287,4.753287725788564
8732,1001,35.73065,-120.24986,0.3002559921291305
8733,1001,35.40773,-120.54556,0.3065959251731685
8734,1001,35.86661,-120.4796,1.9308773372331545
8735,1001,35.82404,-121.05393,1.2078036989722294
8737,1001,36.2159,-120.80126,1.3930723075143563
8738,1001,36.0688,-120.59618,1.8022289924052064
8739,1001,37.91608,-122.33607,-0.4070884265593331
8740,1001,36.76403,-121.44722,0.2882610168315813
8741,1001,37.28744,-121.86422,0.6547699504305677
8743,1001,37.62211,-121.75697,-2.4424076294360835
8744,1001,35.45883,-120.88167,1.1346146939560502
8745,1001,37.95397,-121.86554,-2.268206717200169
8746,1001,37.87622,-122.23558,-2.26415993159581
8747,1001,37.91881,-122.15176,-1.805216099987189
8748,1001,37.87352,-122.26099,-2.2307694834892944
8749,1001,38.03455,-120.38651,-0.0290115144621739
8750,1001,37.69782,-123.0011,-1.6509547376856153
8752,1001,38.14478,-122.88018,-1.0358685952953646
8753,1001,35.63597,-120.86984,1.9307307722343896
20118,1001,39.65471,-122.71595,-3.1545169346720656
20119,1001,38.99349,-123.07234,-2.099685234379431
20121,1001,39.55451,-121.50036,-2.41196888973788
20123,1001,37.81647,-122.06302,-0.8711099857144557
20124,1001,37.25898,-121.67311,1.4001518765535146
20125,1001,37.72416,-122.11929,-0.7913840481934338
20126,1001,37.12043,-122.1552,0.9671150662909598
20127,1001,37.51704,-122.37731,-0.3043566856223015
20128,1001,37.67433,-122.39855,0.1043080219650539
20129,1001,38.04962,-122.52331,1.6612660690352752
20135,1001,38.80797,-122.7953,-2.6967162538349374
20139,1001,39.68631,-123.58242,-2.88387749538516
20150,1001,38.65651,-122.61441,-0.996713843527258
20154,1001,34.9022,-120.6217,0.2734872945507799
8754,1002,34.037,-118.178,1.6258591223553365
8755,1002,34.151,-119.198,0.576124810159956
8756,1002,34.04905,-116.94032,-3.4023664878750672
8757,1002,34.55046,-117.43391,-0.1148326963969209
8758,1002,34.68708,-118.29946,0.8126445877766203
8759,1002,35.1269,-118.83009,0.1459218624168838
8760,1002,35.34444,-119.10445,-0.452634964174668
8761,1002,32.68005,-116.67215,0.3135455343904182
8762,1002,34.2623,-116.92075,-1.667621638824138
8763,1002,33.921,-116.981,-0.5430338346324691
8767,1002,34.23883,-117.65853,-0.2312760013468498
8768,1002,34.069,-116.39,-0.9600092623373356
8769,1002,33.268,-116.417,-0.9603264268802444
8770,1002,33.80776,-117.98116,0.5057806062810373
8771,1002,34.68224,-118.57398,1.725530487781034
8772,1002,33.4915,-116.667,-4.287561400745892
8773,1002,34.13678,-118.12199,-0.1920014226749372
8775,1002,33.999,-117.68,-0.0638806368777027
8776,1002,33.4019,-118.41502,0.7694056136565506
8777,1002,34.093,-117.317,-0.2083798724745055
8779,1002,33.655,-115.99,0.3804875001004926
8780,1002,33.35486,-118.44436,0.7212014763421247
8781,1002,34.25353,-118.33383,0.4436717954898578
8782,1002,33.93597,-116.57794,-0.8919084052052961
8783,1002,33.65,-117.009,0.478304243383591
8784,1002,34.10618,-118.45505,-1.1949805134826554
8785,1002,33.84822,-118.09624,0.5019079494861955
8786,1002,33.567,-116.631,1.9010332664188263
8787,1002,32.999,-116.942,-0.0631647459631996
8789,1002,32.65915,-116.10061,-0.8781516867065544
8792,1002,33.71264,-118.29381,-1.7445610664390645
8793,1002,34.1,-117.439,-0.0477872183231348
8794,1002,33.8717,-117.92251,-1.0396191316480692
8795,1002,33.1537,-117.22921,-0.6477185532143546
8796,1002,34.13677,-118.1283,1.327584757494059
8797,1002,35.30177,-116.80574,0.273273795227995
8798,1002,34.8294,-116.335,-0.3849098696376279
8799,1002,34.17643,-118.35967,-0.3952155064773043
8800,1002,34.121,-117.219,-0.5607217534723459
8801,1002,33.081,-116.598,-0.4330702305793864
8802,1002,34.36622,-116.61266,-0.5428894276725088
8803,1002,34.15037,-118.10156,-1.1422753727132475
8804,1002,33.597,-117.879,-2.329005097083076
8805,1002,34.9906,-118.34156,0.9269124053893656
8806,1002,34.61462,-118.29104,0.3381212287615266
8807,1002,34.30529,-118.48805,1.287125100612713
8808,1002,33.684,-117.943,0.1691220759313937
8809,1002,35.47954,-117.68212,-0.0871101161390369
8810,1002,34.3656,-117.36683,-1.3177808200226633
8812,1002,33.818,-116.369,-0.0317010075275861
8814,1002,34.005,-117.562,-1.2502527348620387
8815,1002,34.28085,-118.9049,1.300375280151378
8816,1002,33.808,-116.968,1.1947441760343882
8817,1002,33.6,-117.195,2.357933922043692
8818,1002,34.22362,-118.05832,-0.3401274975416909
8819,1002,34.53412,-120.17737,0.3263324697684118
8820,1002,34.22869,-118.55829,2.485982730462339
8821,1002,33.788,-117.844,-0.3263376415027874
8822,1002,33.94539,-117.92372,-0.3517504412682983
8823,1002,32.608,-116.93,0.3471327143912021
8824,1002,34.6145,-118.7235,0.4053921432577632
8825,1002,34.44199,-118.58215,0.7115489374865664
8826,1002,34.1207,-117.63808,-0.4382172677360905
8827,1002,33.862,-117.205,0.1888610049243846
8829,1002,33.354,-116.863,-0.8938339482050132
8830,1002,33.7953,-117.60906,-0.9272706549437194
8832,1002,34.09181,-117.80709,-0.1626736616410775
8833,1002,34.39558,-118.49837,-1.0475868873223737
8834,1002,33.63,-116.8478,1.2510835156636886
8835,1002,34.281,-118.478,3.093931119245748
8836,1002,34.10473,-117.97956,-1.2458491872662008
8837,1002,33.74346,-118.40412,-0.4016689026510591
8838,1002,33.973,-117.327,0.081248109204614
8839,1002,33.97327,-117.32674,-0.1446744300320548
8840,1002,34.05073,-118.08085,0.8716210796278319
8841,1002,33.99351,-117.37545,0.7030288174244933
8842,1002,33.70432,-117.88578,0.1241041351176443
8845,1002,34.44076,-119.71492,0.9232907952045566
8847,1002,34.232,-117.235,-1.5382832734212284
8848,1002,32.915,-118.4879,-0.6194065356134599
8849,1002,33.99543,-119.6351,1.0157886325890806
8850,1002,33.553,-117.662,-0.5796763145061613
8851,1002,32.784,-117.13805,-0.6826950468180334
8853,1002,34.43692,-119.1375,0.1467446970269619
8854,1002,35.8996,-116.27515,1.375562612219742
8855,1002,35.89095,-117.28332,-0.0798863635457896
8856,1002,33.834,-116.797,0.0265205408741721
8858,1002,34.01438,-118.45617,0.1018300661190245
8859,1002,34.05933,-118.64614,-0.6747522723649211
8860,1002,33.829,-117.789,-1.0968325840204347
8861,1002,34.30302,-119.18676,2.0723468864189423
8862,1002,33.664,-117.769,-1.4035142831770722
8863,1002,34.106,-117.098,-0.7677518279447859
8864,1002,32.94508,-115.79988,-0.2736589183950076
8865,1002,34.52775,-119.97834,0.9217358333565888
8866,1002,34.38203,-117.67822,-0.7317465350535132
8870,1002,34.01919,-118.28631,-0.6661304280965348
8871,1002,34.48364,-118.11783,-0.3658206130071008
8872,1002,34.56065,-117.3296,-0.3023344895610395
8873,1002,35.53664,-118.14035,0.5482475870243606
8875,1002,34.00948,-117.95077,0.6279321271339126
8878,1002,32.692,-117.037,0.2435210236413908
8879,1002,33.787,-116.959,1.2928565738545668
8880,1002,33.744,-116.931,1.1668499169548274
8881,1002,33.951,-117.446,0.2800810584828961
8882,1002,33.854,-117.817,-0.4581632174778433
8883,1002,33.933,-117.896,0.2067921031385498
8884,1002,33.932,-117.955,1.0632071640185936
8885,1002,33.927,-117.803,-1.3736235824827738
8886,1002,33.748,-117.844,-0.1541840273338604
8887,1002,33.869,-118.368,-0.6980249890376692
8888,1002,33.876,-118.24,-0.2317083776388623
8889,1002,33.84,-118.194,0.0419629505636962
8890,1002,33.787,-118.356,-1.3270536941769588
8891,1002,33.818,-118.108,0.9122659258338032
8892,1002,33.873,-118.175,0.4411787792234545
8893,1002,33.909,-118.315,-0.5540218177438405
8894,1002,34.134,-117.598,-0.5309556695598665
8895,1002,34.132,-117.911,0.576262124390917
8896,1002,34.096,-117.906,0.3636141877121875
8897,1002,34.425,-117.544,0.0384960648263008
8898,1002,34.405,-117.313,-0.7909172366136994
8899,1002,34.1,-117.434,-0.2878332073092093
8900,1002,34.154,-118.463,1.0887565647146822
8901,1002,34.143,-118.304,-0.211176368657814
8902,1002,34.163,-118.5,0.4981914209195415
8903,1002,34.185,-118.623,2.1287228398060614
8904,1002,34.096,-118.23,-1.267301509616004
8905,1002,34.041,-118.348,-0.6171357795844826
8906,1002,34.062,-118.315,-0.3980345676890799
8907,1002,34.037,-118.263,-1.4667169954655108
8908,1002,34.077,-118.286,0.1640510034524693
8909,1002,34.03,-118.434,0.2698360943649712
8910,1002,34.172,-118.289,0.3718546952200493
8911,1002,34.1,-118.288,-0.0272276603374324
8912,1002,34.051,-118.384,0.5768732536109883
8913,1002,34.222,-119.04,0.6130463912836568
8914,1002,34.208,-119.079,1.583871652243018
8915,1002,34.217,-119.153,1.4993413189630251
8916,1002,34.57806,-118.11401,0.2330705949511578
8917,1002,34.6172,-118.285,0.8398898536260934
8918,1002,34.4435,-117.853,-0.5530090028715915
8919,1002,34.393,-117.805,-1.032801918462675
8920,1002,34.193,-117.427,-0.3641359444008976
8921,1002,34.04856,-116.57816,0.0521938137477577
8924,1002,34.079,-117.045,-0.9261683126700668
8925,1002,34.052,-118.451,0.3087624444194566
8926,1002,34.136,-117.213,-0.5616448070722228
8928,1002,34.10922,-117.78362,0.2021315007166689
8929,1002,34.051,-117.25,-0.9234555491604204
8931,1002,33.896,-118.377,-1.0402026301394975
8932,1002,33.572,-116.076,0.3730731464578353
8933,1002,33.92024,-117.32066,0.4966672648941556
8934,1002,34.36,-117.629,0.2911780356475427
8935,1002,33.59967,-117.866,-0.9092265663589788
8936,1002,33.65829,-117.93174,-0.3588695465440606
8937,1002,33.82177,-116.96836,-0.8750490239202953
8939,1002,34.165,-117.288,-0.4974801696452195
8940,1002,34.103,-117.349,-0.5571885016315427
8942,1002,34.14492,-117.21876,0.3077876009257673
8943,1002,34.14,-117.294,-0.5113513477196739
8945,1002,34.205,-117.365,0.3132860132882037
8946,1002,34.12288,-117.28792,-0.4533335000255654
8947,1002,34.233,-117.482,0.6401319908043871
8948,1002,33.83066,-118.32888,-1.3074426253372362
8949,1002,34.812,-118.945,0.927628098601836
8950,1002,34.13065,-118.49205,-0.5474683598377027
8951,1002,34.1851,-118.447,0.746893381094319
8952,1002,34.3088,-118.448,1.3539989637141128
8953,1002,34.193,-118.51,0.9982682393770378
8954,1002,34.2772,-118.56,1.5743863065094872
8955,1002,34.28963,-118.50124,0.2052801424197878
8956,1002,34.24734,-118.60349,1.775774934620972
8957,1002,33.90386,-118.24532,-0.3036128120620044
8959,1002,34.2186,-118.86804,0.1504800111376879
8962,1002,33.91677,-116.38979,-0.2734724559559007
8963,1002,32.87514,-117.22977,0.017969481079017
8964,1002,34.24892,-118.4789,1.6236057153824677
8965,1002,34.063,-118.463,-0.5333088907615139
8966,1002,33.91175,-117.82041,-1.1426467723534282
8967,1002,33.852,-117.451,2.2940640753506343
8968,1002,34.049,-118.112,-0.5104913278983714
8969,1002,33.58282,-117.07169,0.7646365685119851
8970,1002,34.09671,-118.47946,-0.320063188513655
8971,1003,34.224,-117.331,-1.2943095124365689
8972,1003,34.037,-118.178,1.4405819793898709
8973,1003,34.077,-118.286,0.8478948124937873
8974,1003,33.3527,-115.733,0.8482818876928871
8975,1003,34.155,-118.641,0.1180609234118462
8976,1003,34.55046,-117.43391,-0.3080160634088178
8977,1003,34.14647,-118.76699,-0.1153572784918917
8978,1003,34.68708,-118.29946,-0.1719402372854102
8979,1003,35.1269,-118.83009,-0.2266436280609022
8980,1003,32.68005,-116.67215,0.187000975816494
8981,1003,34.2623,-116.92075,-0.7471288681226861
8982,1003,33.921,-116.981,-0.2414050523363358
8984,1003,33.57508,-117.26119,0.4099627059928025
8986,1003,34.23883,-117.65853,-1.1512693417082396
8987,1003,34.069,-116.39,-0.5986248118631438
8989,1003,33.268,-116.417,0.9466164335639686
8990,1003,34.68224,-118.57398,1.4054155862619166
8991,1003,34.13678,-118.12199,0.0020767819625308
8992,1003,33.38822,-117.19495,-0.0655951875614917
8993,1003,35.52495,-117.36453,-0.6519053578891544
8994,1003,34.10521,-117.28264,0.9659717794624306
8997,1003,33.999,-117.68,0.6566028807109614
8998,1003,33.4019,-118.41502,-1.3962041562413696
9000,1003,34.093,-117.317,0.5496053657341312
9001,1003,33.876,-117.561,0.6426975879238935
9002,1003,33.655,-115.99,1.236594654952928
9003,1003,34.63745,-115.38115,0.0737399898462718
9004,1003,34.25353,-118.33383,0.7155678066211956
9005,1003,33.65,-117.009,-0.5748293502707236
9006,1003,34.10618,-118.45505,-1.215655165164276
9007,1003,33.84822,-118.09624,0.1418203373230979
9008,1003,33.567,-116.631,-0.1952744927600738
9009,1003,32.999,-116.942,0.3414999348290274
9010,1003,32.805,-115.447,0.1925964610814343
9011,1003,32.65915,-116.10061,-1.0132024762640692
9014,1003,33.11675,-115.82267,0.8387055819329586
9015,1003,33.71264,-118.29381,-1.5912852256862893
9016,1003,34.1,-117.439,-0.2797338962013822
9017,1003,33.8717,-117.92251,0.7734744821880128
9018,1003,33.051,-114.827,-1.0118994643586536
9019,1003,33.1537,-117.22921,0.0708051977559939
9020,1003,34.13677,-118.1283,0.7988281048802057
9021,1003,35.30177,-116.80574,-2.1347292443899666
9022,1003,34.8294,-116.335,-1.5180700646290977
9023,1003,34.17643,-118.35967,-0.573312700275588
9024,1003,34.121,-117.219,-1.1774499933419211
9026,1003,35.66278,-118.47403,-1.268402784475676
9027,1003,34.31076,-118.49675,1.395010016386134
9028,1003,33.0859,-116.5959,-0.28702423430379
9029,1003,34.31313,-118.49918,1.1647365058942538
9030,1003,35.98249,-117.80885,-0.5833798824252502
9031,1003,34.36622,-116.61266,-0.3822058437436118
9032,1003,34.15037,-118.10156,-0.5957711099853344
9033,1003,33.597,-117.879,-2.5658676730702914
9034,1003,33.7141,-116.7119,1.380201768460226
9035,1003,33.86889,-118.33143,-0.5074104065023816
9036,1003,33.798,-118.08837,1.0227131944989116
9037,1003,34.00033,-118.37794,0.0151620073963959
9038,1003,35.13066,-115.18416,0.3061126291165885
9039,1003,34.9906,-118.34156,-0.1894742181944949
9040,1003,33.9753,-118.14918,0.1740932189011146
9041,1003,34.10819,-119.06587,-0.5097844749612596
9042,1003,34.80762,-118.86775,0.8986339747613641
9043,1003,33.684,-117.943,0.2526083416662947
9044,1003,34.93439,-117.69629,-0.1221797785777348
9045,1003,33.881,-118.176,0.0138489741567665
9046,1003,34.3656,-117.36683,-1.1312747838962478
9047,1003,33.3516,-116.5615,1.0035716707087323
9048,1003,35.36165,-118.92282,-1.0827762671307222
9050,1003,33.818,-116.369,1.0411580415575816
9051,1003,34.005,-117.562,1.989537310129204
9052,1003,34.28085,-118.9049,0.4525310175795183
9053,1003,36.05799,-117.48901,-1.97284117896192
9055,1003,33.808,-116.968,0.7619648394219225
9056,1003,34.22362,-118.05832,0.914081006245878
9059,1003,34.22869,-118.55829,0.549790745601204
9060,1003,33.556,-115.946,-0.0519525097714744
9061,1003,33.788,-117.844,0.1517542847347691
9062,1003,33.94539,-117.92372,0.9854031651765072
9063,1003,32.608,-116.93,0.7052271033202031
9064,1003,34.6145,-118.7235,-0.8871542662506094
9065,1003,34.1484,-118.1711,-0.9910495631118504
9066,1003,34.44199,-118.58215,0.3492567772099894
9068,1003,34.1207,-117.63808,-0.1902142267524379
9069,1003,33.862,-117.205,0.5538779294826064
9071,1003,33.354,-116.863,-0.623182070203708
9072,1003,33.7953,-117.60906,-0.0259304920678344
9073,1003,33.824,-116.55,-0.2838304220019556
9074,1003,34.39558,-118.49837,-0.8768240004569229
9075,1003,33.63,-116.8478,1.784491575989269
9076,1003,34.281,-118.478,1.3650775171970986
9077,1003,34.10473,-117.97956,-0.3430664956133759
9078,1003,33.74346,-118.40412,-0.0593909148649392
9079,1003,34.87533,-116.99684,-1.7951610960302868
9080,1003,33.973,-117.327,1.3104609322373335
9081,1003,33.97327,-117.32674,1.0304003570909328
9082,1003,34.05073,-118.08085,0.4963501213225578
9083,1003,33.99351,-117.37545,-0.5325105684740786
9084,1003,33.183,-115.623,-1.7938347573647464
9085,1003,33.70432,-117.88578,-0.3323884183713804
9089,1003,34.232,-117.235,-1.1000962200008395
9090,1003,33.99543,-119.6351,0.4000505503812002
9091,1003,33.553,-117.662,-1.1335980717792518
9092,1003,32.784,-117.13805,-0.3805168705986975
9095,1003,34.43692,-119.1375,-0.6183528470746982
9096,1003,35.8996,-116.27515,-0.4133501225089209
9097,1003,35.89095,-117.28332,0.3515488034641333
9098,1003,33.834,-116.797,0.2446584879648219
9100,1003,34.01438,-118.45617,-0.3057691843653342
9101,1003,34.27091,-118.74407,-0.2231871976328349
9102,1003,34.05933,-118.64614,-0.1587936865108626
9104,1003,33.829,-117.789,-0.6238706687973632
9105,1003,34.30302,-119.18676,1.1088704538198575
9106,1003,34.106,-117.098,0.3773578864627445
9107,1003,32.94508,-115.79988,0.7724743517954294
9109,1003,34.38203,-117.67822,0.0031741966445012
9111,1003,33.63495,-116.16402,1.9586380239625607
9112,1003,34.15607,-118.82039,-1.2474407728232393
9114,1003,34.01919,-118.28631,-0.2312828783447549
9115,1003,34.48364,-118.11783,0.312694448305621
9117,1003,34.56065,-117.3296,0.8754639850576836
9118,1003,35.53664,-118.14035,0.5303000333559683
9119,1003,32.75904,-115.73161,1.237040866236336
9120,1003,34.51085,-119.27407,-1.3525384050162683
9121,1003,34.00948,-117.95077,0.8092233793907427
9122,1003,34.1717,-118.64971,2.208674367489024
9146,1006,34.397,-118.918,0.9640408081040664
9147,1006,34.55046,-117.43391,0.8058328133667992
9148,1006,33.63838,-116.4011,0.4940750902817243
9149,1006,34.68708,-118.29946,-1.69577904666702
9150,1006,35.1269,-118.83009,-1.370904834469648
9151,1006,35.34444,-119.10445,0.084649040811042
9153,1006,34.2623,-116.92075,1.4439863420508474
9155,1006,33.57508,-117.26119,-0.143802539367249
9158,1006,34.23883,-117.65853,-1.715672354519587
9160,1006,34.069,-116.39,0.8660122911379557
9162,1006,33.80776,-117.98116,-0.3355660072994335
9163,1006,34.68224,-118.57398,0.2122165656201579
9164,1006,33.38822,-117.19495,-0.352834556734971
9165,1006,35.52495,-117.36453,-0.0731360365673653
9166,1006,36.5504,-117.80295,2.434075852794425
9168,1006,33.999,-117.68,0.2306509789380644
9169,1006,33.4019,-118.41502,-1.4886187195242335
9174,1006,36.43988,-118.08016,2.6502901008959867
9176,1006,34.25353,-118.33383,-0.0707356502128291
9177,1006,33.93597,-116.57794,1.6991555365175108
9178,1006,33.65,-117.009,-0.4243217059893174
9179,1006,34.10618,-118.45505,-1.1333948458693643
9180,1006,33.84822,-118.09624,0.1373441457512449
9181,1006,33.567,-116.631,1.181105686865634
9189,1006,34.72832,-119.98803,-1.41178155639898
9190,1006,33.71264,-118.29381,-0.6424651510976108
9191,1006,36.46719,-116.86322,0.4871559508545674
9193,1006,33.1537,-117.22921,-0.7504306237983942
9194,1006,36.99608,-117.36621,1.7819862165113307
9195,1006,34.13677,-118.1283,0.0111437718260028
9196,1006,35.30177,-116.80574,-0.2538045669547368
9197,1006,34.8294,-116.335,1.0642938272172182
9198,1006,34.17643,-118.35967,-1.240773684508618
9201,1006,35.66278,-118.47403,1.3113839372263203
9203,1006,35.98249,-117.80885,2.4343097892752272
9205,1006,34.36622,-116.61266,1.4180850773106524
9206,1006,33.86889,-118.33143,-0.826049992012809
9207,1006,34.00033,-118.37794,-0.2483866948002947
9208,1006,34.73551,-120.27996,0.4091045165498303
9210,1006,34.9906,-118.34156,-0.2237294109091059
9211,1006,34.61462,-118.29104,-0.7093345832029364
9212,1006,34.30529,-118.48805,-0.1118043493246429
9213,1006,33.9753,-118.14918,-0.4741944511900968
9214,1006,34.10819,-119.06587,0.4439954677664417
9215,1006,34.80762,-118.86775,-0.6484568259280247
9216,1006,34.61594,-117.82493,0.4301851478806289
9217,1006,33.684,-117.943,-0.3307151922221001
9218,1006,34.93439,-117.69629,-0.8100188735185944
9219,1006,35.47954,-117.68212,0.0464765368700259
9220,1006,33.881,-118.176,0.3564960728265193
9221,1006,34.3656,-117.36683,-0.4897185500972049
9222,1006,35.36165,-118.92282,-1.6822188648059533
9224,1006,33.818,-116.369,1.2173405079740154
9226,1006,37.63019,-118.83605,4.377107558233292
9227,1006,34.005,-117.562,-0.2799667082806203
9228,1006,34.28085,-118.9049,0.9586601815794068
9229,1006,36.05799,-117.48901,-0.9750536618318636
9230,1006,34.88848,-119.81362,-0.6099075303998764
9231,1006,33.808,-116.968,0.3734384368027418
9233,1006,34.22362,-118.05832,-0.2675107061295708
9234,1006,34.78035,-116.55798,0.6448352212430765
9236,1006,34.53412,-120.17737,-0.4855187659209305
9238,1006,33.94539,-117.92372,-0.8312010952816877
9240,1006,34.6145,-118.7235,-1.597141172313134
9241,1006,34.1484,-118.1711,-1.617325487185129
9242,1006,34.44199,-118.58215,-0.7995205981782237
9244,1006,33.96273,-118.43702,-0.5385256579379144
9245,1006,34.1207,-117.63808,-0.8227941614414174
9246,1006,33.862,-117.205,-1.0363760923371323
9248,1006,35.40773,-120.54556,0.4691480596462619
9249,1006,35.945,-120.542,-0.8492914717523248
9250,1006,33.82436,-116.51195,0.6471819893123621
9251,1006,33.354,-116.863,-0.6744513529454552
9252,1006,33.7953,-117.60906,-0.1210001956154392
9254,1006,34.39558,-118.49837,-1.283252042289755
9255,1006,36.30523,-119.24384,1.968581860651356
9256,1006,33.63,-116.8478,-0.5500421467879539
9257,1006,34.10473,-117.97956,-0.5777113841453781
9258,1006,33.74346,-118.40412,-0.005280084341821
9259,1006,34.87533,-116.99684,0.9764778827804982
9260,1006,33.97327,-117.32674,0.0129310506254615
9261,1006,34.05073,-118.08085,-0.7147321304960151
9262,1006,33.99351,-117.37545,-1.718299899612982
9265,1006,36.76403,-121.44722,-0.3325023423207221
9266,1006,34.44076,-119.71492,-0.4926121781411562
9268,1006,34.232,-117.235,0.4450771722576453
9269,1006,33.99543,-119.6351,-0.5835928729893738
9270,1006,33.553,-117.662,-0.4470165852456624
9271,1006,34.56547,-120.50137,-0.2295341877120766
9273,1006,34.43692,-119.1375,-0.1791420055750388
9274,1006,35.8996,-116.27515,1.2990078119491737
9275,1006,35.89095,-117.28332,-0.0223336178190476
9276,1006,33.834,-116.797,0.4552171485456835
9277,1006,35.3142,-119.99581,-1.4146411637922407
9278,1006,34.01438,-118.45617,-0.5956392966244154
9279,1006,34.27091,-118.74407,-0.2233240095197022
9280,1006,33.24787,-119.52437,-1.426640400629529
9281,1006,34.05933,-118.64614,-0.8069597761627525
9282,1006,36.1355,-118.81099,2.354554205796967
9283,1006,33.829,-117.789,-1.006550436046501
9284,1006,34.30302,-119.18676,-0.1908694590546684
9285,1006,33.664,-117.769,-0.8807788916930754
9286,1006,33.79033,-118.19878,-0.1569034056904032
9287,1006,34.106,-117.098,0.6377491165465304
9288,1006,34.52775,-119.97834,0.5430288522249481
9289,1006,34.38203,-117.67822,0.0636385448476696
9291,1006,35.14592,-119.41946,-1.566743533774735
9292,1006,33.63495,-116.16402,1.3333100619289413
9293,1006,37.05422,-118.23009,2.803106865237168
9294,1006,34.15607,-118.82039,-0.5595453634999585
9296,1006,34.01919,-118.28631,-1.0391678557385675
9297,1006,34.48364,-118.11783,-0.411404020412916
9298,1006,35.84089,-119.08469,1.0656578370677938
9299,1006,34.56065,-117.3296,1.5222089622650676
9300,1006,35.53664,-118.14035,0.6747603850600357
9304,1006,34.51085,-119.27407,-1.8245251819328123
9305,1006,34.00948,-117.95077,0.4209770270220677
9306,1006,33.94869,-118.25547,0.1193483429822154
9307,1007,34.224,-117.331,-2.249239982928985
9308,1007,34.037,-118.178,1.895004969016049
9309,1007,34.07,-118.346,0.4787706140648599
9310,1007,34.084,-118.6,-0.1037320384457242
9311,1007,34.1949,-118.354,1.048361288597674
9312,1007,34.155,-118.641,-0.0342232677258722
9313,1007,34.55046,-117.43391,-0.6928154914581796
9314,1007,34.14647,-118.76699,0.2212296355582485
9315,1007,34.68708,-118.29946,-0.4007072005049399
9316,1007,35.1269,-118.83009,-0.9108414816892428
9317,1007,32.68005,-116.67215,0.3664595331055413
9318,1007,34.2623,-116.92075,-1.0133657575419872
9319,1007,33.921,-116.981,-0.4328916073164074
9321,1007,33.57508,-117.26119,0.6978884030737288
9323,1007,34.23883,-117.65853,-0.8485941498765531
9324,1007,34.069,-116.39,-1.2114904109671791
9326,1007,33.268,-116.417,-0.4217996514155309
9327,1007,33.80776,-117.98116,0.3271331700990994
9328,1007,34.68224,-118.57398,1.2029552240227572
9329,1007,34.13678,-118.12199,-0.2804266518437505
9330,1007,33.38822,-117.19495,0.6482503784140674
9331,1007,34.10521,-117.28264,0.4624507855407916
9333,1007,33.999,-117.68,0.1647778185610668
9334,1007,33.4019,-118.41502,0.4522719370801882
9335,1007,34.093,-117.317,0.3831849750535824
9336,1007,33.876,-117.561,1.118372373579706
9337,1007,33.655,-115.99,-0.5276390124359652
9338,1007,34.25353,-118.33383,0.33541048806642
9339,1007,33.65,-117.009,0.0347772370078094
9340,1007,34.10618,-118.45505,-0.6718624187411996
9341,1007,33.84822,-118.09624,1.361101081512205
9342,1007,33.567,-116.631,-0.2352453081310969
9343,1007,32.999,-116.942,-0.4592341633992186
9345,1007,32.65915,-116.10061,-1.5088768238859676
9348,1007,33.71264,-118.29381,-1.316359435174905
9349,1007,34.1,-117.439,0.997597873345239
9350,1007,33.8717,-117.92251,0.0883528064521632
9351,1007,33.1537,-117.22921,-0.2141674832176039
9352,1007,34.13677,-118.1283,0.5304435399854767
9353,1007,35.30177,-116.80574,-1.4107107056102697
9354,1007,34.8294,-116.335,-1.3455085322452796
9355,1007,34.17643,-118.35967,-0.2062564538948051
9356,1007,34.121,-117.219,-1.9065279146059173
9358,1007,35.66278,-118.47403,-1.5880202095351634
9359,1007,34.31076,-118.49675,1.4493123145448386
9360,1007,33.0859,-116.5959,-0.2374575572684581
9361,1007,35.98249,-117.80885,-0.9412727823850524
9362,1007,34.36622,-116.61266,-0.3848048745206314
9363,1007,34.15037,-118.10156,0.0035661537552823
9364,1007,33.7141,-116.7119,0.6143902783853907
9365,1007,34.9906,-118.34156,0.8994363004567161
9366,1007,34.61462,-118.29104,0.3644159645537761
9367,1007,33.9753,-118.14918,0.2574848732908215
9368,1007,34.10819,-119.06587,-0.6963781145954449
9369,1007,33.684,-117.943,1.2992557699920149
9370,1007,34.93439,-117.69629,-0.5956521816634628
9371,1007,35.47954,-117.68212,-0.1885009524623247
9372,1007,33.881,-118.176,3.668974126096309
9373,1007,34.3656,-117.36683,-1.7940977434161398
9374,1007,33.3516,-116.5615,-0.7211312043813373
9376,1007,34.005,-117.562,0.9513774416975448
9377,1007,36.05799,-117.48901,-2.019672267231156
9378,1007,33.808,-116.968,-0.5615861116613213
9379,1007,34.22362,-118.05832,0.9650900123771804
9380,1007,33.788,-117.844,1.1067686559274357
9381,1007,33.94539,-117.92372,1.2389276138046683
9382,1007,32.608,-116.93,-0.0337507071370213
9383,1007,34.6145,-118.7235,-1.212591221076163
9384,1007,34.1484,-118.1711,-0.565749541645973
9385,1007,33.96273,-118.43702,0.1861676448171149
9386,1007,34.1207,-117.63808,0.1693001008717677
9387,1007,33.862,-117.205,0.7758310810348686
9389,1007,33.354,-116.863,-0.8342900746723444
9390,1007,33.7953,-117.60906,-0.1463448628931236
9391,1007,34.39558,-118.49837,-1.5276733358306838
9392,1007,33.63,-116.8478,0.2139228221973936
9393,1007,34.281,-118.478,1.76430641684487
9394,1007,34.10473,-117.97956,-0.2606712485281558
9395,1007,33.74346,-118.40412,0.9269382590500876
9396,1007,34.87533,-116.99684,-1.2496952596938835
9397,1007,33.973,-117.327,1.5299059860246358
9398,1007,34.05073,-118.08085,1.4295614773881111
9399,1007,33.99351,-117.37545,0.5195783942661971
9400,1007,33.2801,-115.98585,0.055102115813189
9401,1007,33.70432,-117.88578,0.481984716898354
9403,1007,34.232,-117.235,-0.9032579997911198
9404,1007,33.99543,-119.6351,0.6049209066676347
9405,1007,33.553,-117.662,-1.0394212255632336
9406,1007,32.784,-117.13805,-0.5896376034863728
9408,1007,35.89095,-117.28332,0.3889406789654568
9409,1007,33.834,-116.797,0.2584518485531418
9410,1007,34.01438,-118.45617,0.4439800036811527
9411,1007,32.841,-117.248,-1.0124995185422707
9412,1007,34.05933,-118.64614,-0.8643924486209592
9413,1007,33.829,-117.789,-0.4772852278349668
9414,1007,34.30302,-119.18676,0.7431230030321628
9415,1007,32.94508,-115.79988,-0.2297428263027106
9416,1007,34.38203,-117.67822,-0.7837766781119103
9418,1007,33.63495,-116.16402,-0.1714295155460612
9419,1007,34.15607,-118.82039,-1.0330548505068924
9421,1007,34.01919,-118.28631,-0.019905747057559
9422,1007,34.48364,-118.11783,0.6849598561173463
9423,1007,34.56065,-117.3296,0.7161045913340424
9424,1007,35.53664,-118.14035,-0.2651960376124799
9425,1007,34.00948,-117.95077,1.5702393833757946
9426,1007,34.1717,-118.64971,2.382344491974368
9427,1007,33.94869,-118.25547,2.1339479682298514
9428,1008,37.95397,-121.86554,-0.2277573033453748
9429,1008,37.87622,-122.23558,0.7807841313039602
9430,1008,37.91881,-122.15176,-0.3143760280850475
9431,1008,37.87352,-122.26099,0.0833313610895566
9432,1008,37.73786,-122.06486,0.9510104603750952
9433,1008,38.03455,-120.38651,0.3574152223933715
9434,1008,37.81041,-121.80272,1.0971389971484686
9435,1008,38.02691,-122.01599,0.7135878278321258
9436,1008,38.34526,-122.4584,-1.0222736458179027
9438,1008,37.6444,-118.89683,-0.6438834390152653
9439,1008,37.34164,-121.64257,-0.0402801306654739
9440,1008,38.87874,-122.44277,-1.7661915523463825
9441,1008,39.55451,-121.50036,-1.0060163086141245
9442,1008,40.57988,-122.54113,-1.5438336931539978
9443,1008,39.3281,-120.117,-0.5993081371689031
9444,1008,39.51627,-119.79895,-1.8115502124924128
9445,1008,39.185,-119.79,-2.6206680826827355
9446,1008,39.466,-119.773,-1.2707343409886396
9447,1008,39.586,-120.368,1.1445679739327097
9448,1008,39.368,-120.115,0.0109288418948685
20777,1008,38.99349,-123.07234,-3.043405075951949
20779,1008,37.008,-121.287,0.9425535457189592
20783,1008,37.25898,-121.67311,-0.9047721393556126
20784,1008,37.9889,-122.2156,0.9505690911822864
20785,1008,37.94906,-122.40851,-0.468173244554931
20786,1008,37.72416,-122.11929,1.1111930707526945
20787,1008,37.80787,-122.3618,1.5409497321135464
20788,1008,37.67433,-122.39855,1.031459909016654
20789,1008,37.16067,-121.89899,1.0982235142511274
20790,1008,37.92144,-122.71806,0.3558584902668066
20791,1008,38.04962,-122.52331,0.6926288511884172
20792,1008,38.12282,-122.14921,1.801309416359264
20793,1008,38.20025,-122.4644,0.6644924993270096
20794,1008,38.233,-122.636,0.0462030800687772
20795,1008,37.76021,-122.41524,0.9755847986300216
20796,1008,37.762,-122.505,1.1386836533566274
20797,1008,37.54187,-122.30471,1.5030383933257525
20798,1008,37.68,-121.739,-0.2944184416207143
20799,1008,37.39415,-122.06041,-0.4908249959551047
20800,1008,37.71737,-121.72701,-0.0023197251638818
20801,1008,37.67928,-122.48405,2.1267557553668404
20802,1008,37.91056,-122.53778,-0.1054591901467576
20803,1008,38.03445,-122.27016,-0.0893030096248758
20804,1008,37.8251,-122.27606,0.9370519618889632
20805,1008,37.7986,-122.2684,0.8130818136178039
20806,1008,37.72416,-122.44841,0.1792936796971275
20807,1008,37.41395,-121.87085,-0.5480918421115137
20808,1008,37.6806,-121.92098,0.2125048078258489
20809,1008,37.86059,-122.29327,1.3441638059503258
20810,1008,37.85835,-122.25252,0.8588078155056745
20811,1008,38.29027,-122.46125,-0.0184567834263347
20812,1008,37.38332,-121.91088,-1.0040110995869735
20813,1008,37.68873,-121.78351,-0.9296990438081112
20814,1008,37.72688,-122.15092,-0.342615864860176
20815,1008,37.8852,-122.03217,-0.7664558624723374
20816,1008,37.94215,-121.93047,0.3329198562884609
20817,1008,38.01299,-122.13416,1.998158411325616
20818,1008,37.16346,-121.62645,-1.123785234381545
20819,1008,37.85727,-122.42266,1.6611126899696125
20820,1008,37.45035,-121.80037,-0.758242660866677
20821,1008,37.74766,-121.70843,0.6421692255847166
20822,1008,37.7294,-121.83346,0.4369307547309102
20823,1008,37.37289,-121.76887,-0.8154253346724717
20824,1008,37.85884,-121.99264,0.1522319505284956
20825,1008,37.91233,-121.90716,0.489229126297043
20826,1008,38.76927,-123.01486,-2.5401274241935767
20827,1008,37.34305,-122.33976,1.1988811601761054
20828,1008,37.31861,-122.15314,-0.3175181759231897
20829,1008,37.17217,-122.01121,0.5184794722771907
20830,1008,37.04922,-121.80722,-0.8903962456130505
20831,1008,37.36045,-122.18986,-0.0027286497029433
20832,1008,37.51604,-122.45815,1.060432163215048
20833,1008,37.21427,-122.17168,0.9114072169827592
20834,1008,37.20631,-121.97726,0.239756956029276
20835,1008,37.15432,-121.73467,-0.4560269490588087
20836,1008,37.63719,-122.47482,-0.0899461808358634
20837,1008,37.2708,-122.21276,1.3383259838968025
20839,1008,37.58225,-122.42006,1.389295623367126
20840,1008,37.40372,-122.17596,0.4952423745457385
20841,1008,37.28397,-122.05017,-0.3061017661554581
20842,1008,37.58644,-122.50217,1.4016386038357955
20853,1008,37.65909,-118.97907,-0.3375843166113534
20854,1008,38.43951,-122.25272,-0.4630824421347962
20855,1008,38.26021,-122.55179,-0.0128949822851403
20856,1008,38.30988,-122.943,-1.5997160377010278
20857,1008,38.33656,-122.81082,0.2063924173050501
20858,1008,38.46769,-122.89651,-2.1572142536540926
20859,1008,38.28043,-122.21582,-1.0434756761608124
20860,1008,38.15486,-121.80438,1.352746623870467
20861,1008,38.16488,-122.71296,-1.0501322867813796
20862,1008,38.6694,-122.6332,-1.067807497549807
20863,1008,38.07601,-122.2585,1.017450266031665
20864,1008,38.04248,-122.79684,1.4656436931824235
20865,1008,37.99642,-123.01949,-0.950541803385554
20866,1008,38.14361,-122.44969,-0.794465939658091
20867,1008,38.24039,-122.79842,-1.800803193629635
20868,1008,38.38921,-122.66297,-0.6650382562804521
9476,1011,33.787,-118.356,-0.0234134341738809
9477,1011,34.077,-118.286,-1.809464791889863
9478,1011,33.943,-118.411,-0.8783233371833927
9479,1011,34.07618,-118.3959,-1.7021692525139367
9480,1011,33.4019,-118.41502,-1.0882996419689022
9481,1011,32.8889,-117.1051,2.6919761226974246
9482,1011,33.876,-117.561,0.2804148086039877
9483,1011,34.10618,-118.45505,-1.994367884044692
9484,1011,33.84822,-118.09624,1.9981551291388813
9485,1011,32.999,-116.942,2.204490582766592
9487,1011,33.71264,-118.29381,-1.1807536035906856
9488,1011,33.1537,-117.22921,2.037540569942736
9489,1011,33.0262,-116.9596,-4.16223237810285
9490,1011,33.081,-116.598,2.5402975965166723
9491,1011,33.597,-117.879,-0.1593270922207546
9492,1011,33.86889,-118.33143,0.4015276552303239
9493,1011,34.00033,-118.37794,-2.00187768619406
9494,1011,33.9753,-118.14918,-0.1649707649297635
9495,1011,34.93439,-117.69629,-1.0385565859293813
9496,1011,33.881,-118.176,0.5415119646608858
9497,1011,34.005,-117.562,0.6552557857410636
9498,1011,33.6,-117.195,2.465985283426645
9499,1011,33.96273,-118.43702,-1.139950928336617
9500,1011,33.63,-116.8478,0.6756401923224424
9501,1011,33.74346,-118.40412,-0.5685036597743992
9502,1011,33.99351,-117.37545,1.112768545606732
9503,1011,33.70432,-117.88578,0.4529825637441178
9504,1011,33.79033,-118.19878,1.5892979362781905
9505,1011,33.94869,-118.25547,-0.9163510850170296
9506,1011,33.482,-116.911,0.1961796935698124
9507,1011,33.787,-116.959,1.809533423049223
9508,1011,33.744,-116.931,2.174244117854547
9509,1011,33.84,-117.957,0.0395748488145083
9510,1011,33.768,-117.85,-1.1033507568437169
9511,1011,33.485,-117.669,1.661710542079814
9512,1011,33.968,-117.252,1.3157659968048618
9513,1011,33.699,-117.267,2.578393097802366
9514,1011,33.604,-117.279,1.2631451853439817
9515,1011,33.884,-117.514,0.6919197786442457
9516,1011,33.951,-117.446,1.4142408380877436
9517,1011,33.634,-117.902,1.7540376384044545
9518,1011,33.496,-117.149,1.5329259121770036
9519,1011,33.989,-117.89,-1.8098153191774269
9520,1011,33.662,-117.997,1.4400007539226247
9521,1011,33.933,-117.896,-0.332533197808383
9522,1011,33.604,-117.906,1.84841531765752
9523,1011,33.605,-117.89,2.165998929612091
9524,1011,33.889,-117.886,-0.3564155478384136
9525,1011,33.866,-117.958,-0.1239721695042273
9526,1011,33.91,-117.93,-1.0042052486923323
9527,1011,33.932,-117.955,-0.9843560915968488
9528,1011,33.853,-117.857,-1.0441510058035228
9529,1011,33.766,-117.918,0.2752266267649917
9530,1011,33.757,-117.956,0.0953066670142354
9531,1011,33.791,-117.968,0.7448533502017688
9532,1011,33.676,-117.963,2.248428249128361
9533,1011,33.748,-117.844,-0.5188914134566178
9534,1011,33.742,-117.894,0.0182898431216914
9535,1011,33.7,-117.88,0.5673440029150641
9536,1011,33.785,-117.89,-0.6520722545942936
9537,1011,33.789,-117.922,0.2706666809616174
9538,1011,33.951,-117.388,0.8279127158372666
9539,1011,33.979,-117.344,1.2292724893675344
9540,1011,33.895,-117.32,1.8281370476278769
9541,1011,33.904,-117.561,1.0520815409933983
9542,1011,33.975,-117.486,0.946864081597522
9543,1011,33.902,-117.234,1.0768149803031204
9544,1011,33.649,-117.205,1.7273651244625023
9545,1011,33.802,-118.215,1.8772608475755628
9546,1011,33.785,-118.173,1.7603640259092557
9547,1011,33.747,-118.26,1.3596400150350034
9548,1011,33.759,-118.131,2.0372674437431644
9549,1011,33.727,-118.001,1.0023949001615806
9550,1011,33.723,-118.026,0.8355789487099582
9551,1011,33.99,-118.312,0.7433906901256448
9552,1011,33.889,-118.047,0.6414237328037659
9553,1011,33.929,-118.058,-1.315448919051244
9554,1011,33.962,-118.065,-2.2361987455973544
9555,1011,33.993,-118.396,-1.783600202257988
9556,1011,33.797,-118.338,1.145483445178639
9557,1011,33.991,-118.121,-1.0060595909097472
9558,1011,33.976,-118.354,0.2995783194318214
9559,1011,33.834,-118.356,0.1450979135953088
9560,1011,33.898,-118.209,0.9812076630840456
9561,1011,33.876,-118.24,0.9494990761756836
9562,1011,33.999,-118.178,0.2204424896400438
9563,1011,33.819,-118.159,2.497095345526408
9564,1011,33.722,-118.309,-0.4550661158826589
9565,1011,33.931,-118.214,-0.190143026385955
9566,1011,33.948,-118.184,1.0775067607058646
9567,1011,33.888,-118.409,-0.4346264139053455
9568,1011,33.924,-118.167,1.500472695531725
9569,1011,33.837,-118.072,1.8841538139726368
9570,1011,33.929,-118.26,0.2497551117998015
9571,1011,33.746,-118.396,-1.0175235839020036
9572,1011,33.952,-118.335,-0.2943910534536492
9573,1011,33.768,-118.196,0.5848951274858218
9574,1011,33.962,-118.378,-1.7985568697911525
9575,1011,33.92,-118.24,0.5982764164311591
9576,1011,33.993,-118.342,-0.3310972488836467
9577,1011,33.968,-118.29,-0.6809298551973211
9578,1011,33.945,-118.38,-1.0216185026707432
9579,1011,33.868,-118.289,0.8196992840360405
9580,1011,33.976,-118.208,0.0685897487364216
9581,1011,33.92,-118.126,0.4847216679123029
9582,1011,33.883,-118.117,1.1613350446935105
9583,1011,33.846,-118.107,1.9849521691840848
9584,1011,33.781,-118.261,0.9041733962915092
9585,1011,33.946,-118.0,-0.6261397946854594
9586,1011,33.969,-118.149,0.6572797743698342
9587,1011,33.79,-118.296,0.8192015894906766
9588,1011,33.811,-118.276,1.2996202276078666
9589,1011,33.827,-118.216,1.937412136298977
9590,1011,33.806,-118.163,1.5936432933570337
9591,1011,33.818,-118.108,1.3786306926668148
9592,1011,33.798,-118.137,0.6653731395150929
9593,1011,33.763,-118.168,1.4720833328636893
9594,1011,33.873,-118.175,1.1723751845061516
9595,1011,33.834,-118.161,2.2150950102360225
9596,1011,33.991,-118.459,-2.5449603414276343
9597,1011,34.033,-117.312,1.5568497937639971
9598,1011,34.125,-117.454,0.5092410753480219
9599,1011,34.123,-117.54,1.3879900867273631
9600,1011,34.065,-117.292,1.8450879159175628
9601,1011,34.021,-117.866,-0.8999581490606444
9602,1011,34.148,-118.371,-4.233664120533933
9603,1011,34.194,-118.589,-2.1398078065765467
9604,1011,34.045,-118.522,-2.5000592944391524
9605,1011,34.025,-118.231,-0.4159956471335535
9606,1011,34.004,-118.287,-1.6358237606767576
9607,1011,34.031,-118.208,-1.4982992090767566
9608,1011,34.029,-118.483,-2.255798977923672
9609,1011,34.009,-118.361,-1.8444884730232831
9610,1011,34.055,-118.251,-1.949599089295591
9611,1011,34.059,-118.246,-2.220096220358091
9612,1011,34.043,-118.271,-2.8316628358482743
9613,1011,34.154,-118.463,-1.1349972233665655
9614,1011,34.219,-118.627,-1.5446202350250486
9615,1011,34.222,-118.57,-1.10825659392625
9616,1011,34.103,-118.316,-2.5099219969954074
9617,1011,34.084,-118.307,-3.0058083462341445
9618,1011,34.041,-118.348,-2.086712773815767
9619,1011,34.06,-118.448,-2.355635830239272
9620,1011,34.037,-118.263,-3.604582761819446
9621,1011,34.058,-118.252,-3.18393095708469
9622,1011,34.002,-118.077,-1.4175900632383638
9623,1011,34.032,-118.019,-1.4598192959904746
9624,1011,34.07,-118.346,-2.2601662601974657
9625,1011,34.024,-118.284,-1.8459082786502672
9626,1011,34.03,-118.434,-2.4999664919135705
9627,1011,34.018,-118.147,-0.6010390711549374
9628,1011,34.041,-118.248,-1.4445188684033925
9629,1011,34.044,-118.443,-2.0614771757676627
9630,1011,34.021,-118.325,0.559754780245284
9631,1011,34.013,-118.257,-1.2096868236833875
9632,1011,34.193,-117.427,0.316332724806368
9633,1011,34.00469,-117.22393,0.7507038728657031
9634,1011,33.51237,-116.80035,1.652400066496286
9635,1011,33.896,-118.377,-0.2326539709117074
9636,1011,34.165,-117.288,0.7659404082509698
9637,1011,34.047,-117.277,0.8048808125777976
9639,1011,34.103,-117.349,0.049765996609675
9640,1011,34.14492,-117.21876,0.4402200891092882
9642,1011,34.058,-117.305,0.8605329439534155
9643,1011,34.205,-117.365,0.6240411265782302
9645,1011,33.83066,-118.32888,0.7313139525606112
9647,1011,34.193,-118.51,-2.378129286272717
9649,1011,34.24734,-118.60349,-1.7361817048012542
9650,1011,33.90386,-118.24532,0.9776208403381754
9651,1012,34.07,-118.346,-0.1800751240660254
9652,1012,34.155,-118.641,-1.4922517811753415
9653,1012,35.06131,-119.02794,-0.1718178983524879
9654,1012,34.55046,-117.43391,0.8171359107896319
9655,1012,34.14647,-118.76699,-0.9026829788492978
9656,1012,34.68708,-118.29946,-0.4711009670587921
9657,1012,35.1269,-118.83009,-0.3148061169936294
9658,1012,35.34444,-119.10445,-1.7186918434304252
9660,1012,34.2623,-116.92075,0.7850619471478475
9661,1012,33.921,-116.981,1.53251433431998
9665,1012,34.23883,-117.65853,-0.4846319875368818
9667,1012,34.069,-116.39,0.4791317004330032
9670,1012,33.80776,-117.98116,0.6715218935989897
9672,1012,34.68224,-118.57398,1.226373060036592
9673,1012,33.4915,-116.667,-2.421545356492159
9674,1012,34.13678,-118.12199,0.0830467362539589
9675,1012,33.38822,-117.19495,0.1761156243846256
9676,1012,35.52495,-117.36453,-0.8211541490996055
9677,1012,36.5504,-117.80295,0.5490343535574477
9679,1012,33.999,-117.68,1.2233021017869736
9680,1012,33.4019,-118.41502,-0.3441996888593021
9682,1012,34.093,-117.317,1.7493733711026402
9686,1012,36.43988,-118.08016,0.677280202051586
9688,1012,34.25353,-118.33383,-0.7177096629616854
9689,1012,33.93597,-116.57794,3.177336491082972
9690,1012,33.65,-117.009,1.515709291483207
9691,1012,34.10618,-118.45505,-0.458117265864309
9692,1012,33.84822,-118.09624,0.921545556898708
9693,1012,33.567,-116.631,2.87359082865844
9694,1012,32.999,-116.942,-0.706973972236041
9701,1012,34.72832,-119.98803,-2.5123109784972413
9702,1012,33.71264,-118.29381,-0.1395573951304333
9703,1012,36.46719,-116.86322,0.0555790140318769
9705,1012,33.1537,-117.22921,-1.2141028787731434
9706,1012,36.99608,-117.36621,-0.221445430328133
9707,1012,34.13677,-118.1283,0.6800634432271827
9708,1012,35.30177,-116.80574,0.1032810375839089
9709,1012,34.8294,-116.335,1.45458181387174
9712,1012,35.66278,-118.47403,-1.4160994619548053
9713,1012,34.31076,-118.49675,-0.1028741985545785
9716,1012,35.98249,-117.80885,0.2668601264626727
9718,1012,34.36622,-116.61266,1.0791761582486146
9719,1012,34.15037,-118.10156,0.4770228958934866
9720,1012,33.86889,-118.33143,1.0158522306894382
9721,1012,34.00033,-118.37794,-0.3725661592245911
9722,1012,34.73551,-120.27996,-0.5940006926520854
9724,1012,34.9906,-118.34156,-0.4305759608606721
9725,1012,34.61462,-118.29104,1.255644213378666
9726,1012,34.30529,-118.48805,-0.3676649469425936
9727,1012,33.9753,-118.14918,0.3612752974578959
9728,1012,34.10819,-119.06587,-0.6537617759915724
9729,1012,34.80762,-118.86775,-1.2293480569767683
9730,1012,33.684,-117.943,0.763048253112689
9731,1012,35.47954,-117.68212,-0.9268068212850272
9732,1012,33.881,-118.176,2.2334802455160627
9733,1012,34.3656,-117.36683,0.2385605060990165
9734,1012,33.3516,-116.5615,1.445065346128299
9735,1012,35.36165,-118.92282,-2.409507570536055
9737,1012,33.818,-116.369,1.7082271725258542
9739,1012,34.13688,-118.12601,2.940112034888885
9740,1012,37.63019,-118.83605,2.803373036956913
9741,1012,34.005,-117.562,0.4125743478862492
9742,1012,34.28085,-118.9049,-0.4516652337674359
9743,1012,36.05799,-117.48901,-1.1710524210568154
9744,1012,34.88848,-119.81362,-1.935442221045748
9745,1012,33.808,-116.968,2.3490672831167805
9747,1012,34.22362,-118.05832,0.293101294301298
9748,1012,34.78035,-116.55798,0.8674872363326908
9749,1012,34.53412,-120.17737,-1.4673213566386822
9750,1012,34.22869,-118.55829,0.1674545883080699
9751,1012,33.788,-117.844,0.5947018503567627
9752,1012,33.94539,-117.92372,0.2228595706943085
9754,1012,34.6145,-118.7235,-1.5769095281884962
9755,1012,34.1484,-118.1711,-1.164734859505021
9756,1012,34.44199,-118.58215,-0.3867022114355898
9758,1012,33.96273,-118.43702,-0.7219014437408491
9759,1012,34.1207,-117.63808,0.6993448184383052
9760,1012,33.862,-117.205,0.1454651545033416
9762,1012,35.40773,-120.54556,0.1855100916640181
9763,1012,35.945,-120.542,-2.3100899948243017
9764,1012,33.354,-116.863,0.8274246448573145
9765,1012,33.7953,-117.60906,1.0027031606327117
9766,1012,33.824,-116.55,0.0569848128056124
9767,1012,34.39558,-118.49837,-1.7617119694539465
9768,1012,36.30523,-119.24384,-0.1161395321516931
9769,1012,33.63,-116.8478,0.840407337609035
9770,1012,34.281,-118.478,-0.0191756711321389
9771,1012,34.10473,-117.97956,0.4159017877821476
9772,1012,33.74346,-118.40412,1.2182285937933768
9773,1012,34.87533,-116.99684,0.1294908699066302
9774,1012,33.97327,-117.32674,1.6792997202774815
9775,1012,34.05073,-118.08085,0.4419452493205227
9776,1012,33.99351,-117.37545,-0.1426233552289135
9779,1012,36.76403,-121.44722,-1.8041761530030824
9781,1012,34.44076,-119.71492,-1.4528398659467292
9783,1012,34.232,-117.235,0.4866090850939228
9784,1012,32.915,-118.4879,0.1985164141087664
9785,1012,33.99543,-119.6351,-1.0441527660294996
9786,1012,33.553,-117.662,0.440998638392623
9788,1012,34.56547,-120.50137,-1.021329018969858
9790,1012,34.43692,-119.1375,-2.1122458305904908
9791,1012,35.8996,-116.27515,0.7329950979382179
9792,1012,34.293,-119.1646,-1.2284128000360386
9793,1012,35.89095,-117.28332,-0.2164953205362923
9794,1012,33.834,-116.797,1.1653874176594554
9795,1012,35.3142,-119.99581,-1.735291395378858
9796,1012,34.27091,-118.74407,-0.7863094906567014
9797,1012,34.05933,-118.64614,-0.0020622660450025
9798,1012,36.1355,-118.81099,0.0281745137255528
9799,1012,33.829,-117.789,0.5195577742836843
9800,1012,34.30302,-119.18676,-1.0869927657141465
9801,1012,33.664,-117.769,0.2382541535364046
9802,1012,34.106,-117.098,1.044170456110343
9804,1012,34.52775,-119.97834,-1.6593026141879423
9805,1012,34.38203,-117.67822,0.904503922316084
9807,1012,35.14592,-119.41946,-1.3022934555998782
9808,1012,37.05422,-118.23009,1.2955742273312816
9809,1012,34.15607,-118.82039,-2.296608809471459
9811,1012,34.01919,-118.28631,-0.6315765078390955
9812,1012,34.48364,-118.11783,0.3803363460500383
9813,1012,35.84089,-119.08469,-1.958936398271742
9814,1012,34.56065,-117.3296,0.8747114706494988
9815,1012,35.53664,-118.14035,0.1821602804761803
9819,1012,34.51085,-119.27407,-2.213904490222596
9820,1012,34.00948,-117.95077,1.6461141655487137
9821,1012,34.1717,-118.64971,0.4332932142029498
9822,1013,35.1269,-118.83009,0.5016822180807771
9823,1013,38.03455,-120.38651,2.1098669017591405
9824,1013,36.3887,-121.5514,0.3716967277614597
9825,1013,36.68011,-119.02282,0.9889878076476136
9826,1013,35.66278,-118.47403,2.377035621048448
9828,1013,37.6444,-118.89683,0.9706506694422636
9829,1013,37.34164,-121.64257,-0.891338781999547
9830,1013,37.65909,-118.97907,0.654294403129308
9831,1013,37.008,-121.287,1.5047453762474423
9832,1013,35.40773,-120.54556,1.3475632823966004
9833,1013,36.0688,-120.59618,1.3735013989270357
9834,1013,37.05422,-118.23009,-0.5107965212658483
9835,1013,37.67016,-119.80533,3.76735585861546
9836,1013,37.56957,-118.75278,-2.3161815666814785
9837,1013,37.614,-118.831,1.1726261637293016
9838,1013,37.662,-118.398,-0.5109752520084444
9839,1013,37.588,-118.703,-0.8581021397258536
9840,1013,37.861,-119.103,0.5542475024646855
9841,1013,37.783,-119.075,1.080064623274016
21201,1013,37.91881,-122.15176,-1.5698984568696133
21209,1013,35.945,-120.542,-0.6060097166688666
21210,1013,35.63597,-120.86984,0.6456579985069256
21211,1013,36.76403,-121.44722,-0.3177867164745415
21212,1013,37.28744,-121.86422,-0.5211144568065234
21214,1013,37.81647,-122.06302,0.2402027498590046
21215,1013,37.25898,-121.67311,-0.734125383896515
21216,1013,37.72416,-122.11929,0.0139859080071709
21217,1013,37.16067,-121.89899,0.7827581370228015
21218,1013,37.30249,-121.97978,-0.7019273786042484
21219,1013,37.68,-121.739,0.2131407952610063
21220,1013,37.376,-121.84367,-1.057835022093752
21221,1013,37.27117,-121.98617,-1.1732121473609958
21225,1013,37.37418,-122.0781,-0.9358034569599616
21229,1013,36.61809,-121.31468,0.7915287383518965
21230,1013,37.16346,-121.62645,-1.2479732309630007
21232,1013,37.45035,-121.80037,-1.0758197930520297
21233,1013,37.74766,-121.70843,0.5199356249041501
21234,1013,37.7294,-121.83346,0.0632814291658364
21235,1013,37.37289,-121.76887,-1.1762136943619717
21236,1013,37.73786,-122.06486,0.2154803507332858
21237,1013,37.81041,-121.80272,0.898320303826507
21238,1013,37.9889,-122.2156,0.3136883948785528
21239,1013,37.85884,-121.99264,-0.093413824357355
21240,1013,37.91233,-121.90716,-0.5754965857422719
21247,1013,37.0254,-121.4845,0.2915151742226881
21250,1013,37.31861,-122.15314,-1.4331338625313994
21251,1013,37.17217,-122.01121,0.4842677951943033
21252,1013,37.04922,-121.80722,-0.6236604644135125
21253,1013,36.92745,-121.82764,0.1602219603298208
21254,1013,37.36045,-122.18986,-0.8380323724333435
21255,1013,37.21427,-122.17168,-0.1063789968774459
21256,1013,37.20631,-121.97726,-0.0330368328081149
21257,1013,37.15432,-121.73467,0.5412229104949471
21258,1013,37.2708,-122.21276,0.0674676187690415
21261,1013,37.40372,-122.17596,-0.4321282918521839
21277,1013,38.15486,-121.80438,0.7178937746876471
21280,1013,35.73065,-120.24986,-0.8871744678982457
21281,1013,39.7065,-119.3842,-3.5505029861605184
21282,1013,35.86661,-120.4796,0.2807351925060872
21284,1013,36.2159,-120.80126,0.1083374634521336
21287,1013,35.45883,-120.88167,0.5466022801343005
9842,1014,34.224,-117.331,0.1247723084947244
9843,1014,34.07,-118.346,-0.3942315940551604
9844,1014,34.5214,-117.991,0.8357038943994713
9845,1014,34.397,-118.918,-0.6629023407604823
9846,1014,34.07618,-118.3959,-0.5601208166239913
9847,1014,34.3968,-119.299,-2.1012238597111272
9848,1014,34.155,-118.641,-2.283575479045505
9849,1014,34.55046,-117.43391,1.5740066732070184
9850,1014,33.63838,-116.4011,0.1916377306845323
9851,1014,34.14647,-118.76699,-1.634925024180307
9852,1014,34.68708,-118.29946,-0.0788415620159067
9853,1014,35.1269,-118.83009,-0.231882500216635
9854,1014,35.34444,-119.10445,-0.702691631736396
9856,1014,34.2623,-116.92075,1.4616156784789958
9857,1014,33.921,-116.981,1.731212972770645
9859,1014,33.57508,-117.26119,0.1582427898612285
9862,1014,34.23883,-117.65853,-0.5052265362194047
9864,1014,34.069,-116.39,0.5758201466087302
9866,1014,33.80776,-117.98116,0.4870135661088325
9868,1014,34.68224,-118.57398,0.7474658415969496
9869,1014,34.13678,-118.12199,0.2406687573686514
9870,1014,33.38822,-117.19495,0.1425969379432164
9871,1014,35.52495,-117.36453,0.3658922782259082
9872,1014,36.5504,-117.80295,0.9956793191080492
9874,1014,33.999,-117.68,1.1424072660938296
9875,1014,33.4019,-118.41502,-0.9929761012490594
9877,1014,34.093,-117.317,1.8416862104805265
9880,1014,36.43988,-118.08016,2.05023129734814
9882,1014,34.25353,-118.33383,-0.3410581762307691
9883,1014,33.93597,-116.57794,1.0658333024531312
9884,1014,33.65,-117.009,1.0827385307007922
9885,1014,34.10618,-118.45505,-0.5813634012482628
9886,1014,33.84822,-118.09624,1.1778975286722602
9887,1014,33.567,-116.631,2.4509077567713176
9894,1014,34.72832,-119.98803,-3.4215702480134134
9895,1014,33.71264,-118.29381,-0.1913225024153272
9896,1014,36.46719,-116.86322,0.445507007740329
9898,1014,33.1537,-117.22921,-0.8053942443285289
9899,1014,36.99608,-117.36621,-0.0688869165789918
9900,1014,34.13677,-118.1283,0.7489779466134288
9901,1014,35.30177,-116.80574,0.8548913791715539
9902,1014,34.8294,-116.335,1.8048836680042888
9903,1014,34.17643,-118.35967,-0.4684864899189936
9906,1014,35.66278,-118.47403,0.2702402059302373
9907,1014,34.31076,-118.49675,0.5056157440103214
9909,1014,34.31313,-118.49918,-0.054133824225724
9910,1014,35.98249,-117.80885,1.697954684239134
9912,1014,34.36622,-116.61266,1.471278953696275
9913,1014,34.15037,-118.10156,0.3075218916073123
9914,1014,33.7141,-116.7119,-0.4195107934456994
9915,1014,33.86889,-118.33143,0.925025338571838
9916,1014,34.00033,-118.37794,-0.402451425163795
9917,1014,34.73551,-120.27996,-0.8178899630029375
9919,1014,34.9906,-118.34156,0.1251786577028464
9920,1014,34.61462,-118.29104,2.2117083795554966
9921,1014,34.30529,-118.48805,-0.0430678760947326
9922,1014,33.9753,-118.14918,0.1684858054966682
9923,1014,34.10819,-119.06587,-1.6705726416141329
9924,1014,34.80762,-118.86775,-1.451957138637721
9925,1014,33.684,-117.943,0.6786246445749737
9926,1014,34.93439,-117.69629,-0.2195889441116901
9927,1014,35.47954,-117.68212,0.4254225980853339
9928,1014,33.881,-118.176,1.0422048390230767
9929,1014,34.3656,-117.36683,0.4232058077715124
9931,1014,35.36165,-118.92282,-1.858296247155173
9933,1014,33.818,-116.369,2.060042144865709
9934,1014,34.13688,-118.12601,2.657965203372925
9935,1014,37.63019,-118.83605,2.1694510771463333
9936,1014,34.005,-117.562,0.768700778056028
9937,1014,34.28085,-118.9049,-0.1559337159000253
9938,1014,36.05799,-117.48901,-0.8522708514270187
9939,1014,34.88848,-119.81362,-2.749637382236868
9940,1014,33.808,-116.968,2.3102653560001767
9941,1014,34.22362,-118.05832,0.7273575067550089
9942,1014,34.53412,-120.17737,-1.8852406952659413
9943,1014,34.22869,-118.55829,1.194123111195785
9944,1014,33.94539,-117.92372,0.5326596794484288
9946,1014,34.6145,-118.7235,-2.0083303309668605
9947,1014,34.1484,-118.1711,-0.0634777934337843
9948,1014,34.44199,-118.58215,-0.9061951983978506
9949,1014,33.96273,-118.43702,-0.3511080473148632
9950,1014,34.1207,-117.63808,0.8043792718872768
9951,1014,33.862,-117.205,-0.0763426908699059
9953,1014,35.40773,-120.54556,-1.0425387860051312
9954,1014,35.945,-120.542,-2.896213814107203
9955,1014,33.354,-116.863,0.8450137580598794
9956,1014,33.7953,-117.60906,1.0825618638005945
9957,1014,34.39558,-118.49837,-1.850158949998557
9958,1014,36.30523,-119.24384,-0.7769033099531638
9959,1014,33.63,-116.8478,1.3082773792916746
9960,1014,34.10473,-117.97956,0.74292271952187
9961,1014,33.74346,-118.40412,1.2379572698313654
9962,1014,34.87533,-116.99684,0.9038395130746838
9963,1014,33.97327,-117.32674,1.4851928867222066
9964,1014,33.99351,-117.37545,-0.4059595581224116
9966,1014,33.70432,-117.88578,0.1846230489739046
9967,1014,36.76403,-121.44722,-2.793351893356403
9969,1014,34.44076,-119.71492,-3.124921510657851
9971,1014,34.232,-117.235,0.9308184169052676
9972,1014,32.915,-118.4879,-0.5850069156096291
9973,1014,33.99543,-119.6351,-1.1843628758364189
9974,1014,33.553,-117.662,0.2037471263293208
9976,1014,34.56547,-120.50137,-1.747134737067464
9978,1014,34.43692,-119.1375,-2.3049568034275785
9979,1014,35.8996,-116.27515,1.839467130001917
9980,1014,34.293,-119.1646,-1.462867195239042
9981,1014,35.89095,-117.28332,1.2859728596914957
9982,1014,33.834,-116.797,0.7962813398799007
9983,1014,35.3142,-119.99581,-3.076497195965383
9984,1014,34.01438,-118.45617,0.6520939221409371
9985,1014,34.27091,-118.74407,-0.3955755233365783
9986,1014,33.24787,-119.52437,-2.283135360901284
9987,1014,32.841,-117.248,0.7465380339548441
9988,1014,34.05933,-118.64614,-0.6201125225904485
9989,1014,36.1355,-118.81099,-0.091373241698109
9990,1014,33.829,-117.789,0.2433449434289133
9991,1014,34.30302,-119.18676,-1.116023714511674
9992,1014,33.664,-117.769,0.1784901493627527
9993,1014,34.106,-117.098,0.6246447828076438
9995,1014,34.52775,-119.97834,-2.101322727860113
9996,1014,34.38203,-117.67822,0.9472912789660414
9998,1014,35.14592,-119.41946,-1.7943669714617854
10000,1014,37.05422,-118.23009,1.6151103794230726
10001,1014,34.15607,-118.82039,-2.4746326601977766
10003,1014,34.01919,-118.28631,-0.4226624677259297
10004,1014,34.48364,-118.11783,0.9626844506148938
10005,1014,35.84089,-119.08469,-1.48234494404195
10006,1014,34.56065,-117.3296,1.660849893617452
10010,1014,34.51085,-119.27407,-2.714825027663485
10011,1014,34.00948,-117.95077,1.374652150617377
10012,1014,34.1717,-118.64971,-0.8215717192769785
10013,1014,33.94869,-118.25547,0.8000369649640042
10014,1014,34.674,-118.43,1.2955784188087516
10015,1014,34.749,-119.131,-0.895367418100328
10016,1014,35.225,-118.565,0.8813489021376919
10017,1014,35.355,-119.054,-0.4690669435785866
10018,1014,34.6172,-118.285,1.8329876302866224
10019,1014,34.812,-118.945,-0.3202794883828677
10020,1014,35.06131,-119.02794,1.1847972981356212
10021,1015,34.55046,-117.43391,0.5881546217660375
10022,1015,33.63838,-116.4011,-0.632519084091216
10023,1015,34.14647,-118.76699,-0.0009493100630073
10024,1015,34.68708,-118.29946,-1.3026571646269391
10025,1015,35.34444,-119.10445,0.2461927887170186
10026,1015,32.68005,-116.67215,1.4230483404983152
10027,1015,33.921,-116.981,0.1958912256248194
10028,1015,33.57508,-117.26119,-0.1053741939756224
10030,1015,34.23883,-117.65853,-0.81481953659517
10031,1015,34.069,-116.39,-0.4013822293426407
10032,1015,33.268,-116.417,-0.147478146363329
10034,1015,34.68224,-118.57398,0.6564619353965964
10035,1015,34.07618,-118.3959,-0.6297448567139213
10036,1015,33.4915,-116.667,-3.927241014434921
10037,1015,33.38822,-117.19495,0.0486877510403035
10038,1015,35.52495,-117.36453,0.3625333087399677
10040,1015,33.999,-117.68,-0.7507395107755217
10041,1015,33.4019,-118.41502,0.0906924123135285
10043,1015,34.093,-117.317,1.1092014953220728
10044,1015,34.0602,-117.809,-0.0303996079451711
10045,1015,33.655,-115.99,0.8160081398644138
10046,1015,36.43988,-118.08016,0.6067716376087842
10048,1015,34.25353,-118.33383,-1.179292966444503
10049,1015,33.65,-117.009,-0.2859797387223
10050,1015,34.10618,-118.45505,-0.3344931538087594
10051,1015,33.84822,-118.09624,0.0039350754109114
10052,1015,33.567,-116.631,1.1430524374775417
10053,1015,32.999,-116.942,0.5294735510846577
10056,1015,34.88303,-117.99106,-0.6235535926316018
10058,1015,33.11675,-115.82267,0.8845617126628719
10059,1015,34.72832,-119.98803,-0.4185505161413781
10060,1015,34.397,-118.918,1.126132732890189
10061,1015,33.71264,-118.29381,-0.9093071181733764
10062,1015,33.8717,-117.92251,-0.7501366472850891
10063,1015,36.46719,-116.86322,0.4865447245504179
10065,1015,33.1537,-117.22921,-0.8248076245902027
10067,1015,34.13677,-118.1283,-0.5377556068801976
10068,1015,35.30177,-116.80574,0.0541113073727865
10069,1015,34.8294,-116.335,1.1379639705228903
10070,1015,34.17643,-118.35967,-0.9007290577229696
10071,1015,35.66278,-118.47403,-1.273570161705506
10072,1015,33.0859,-116.5959,-0.0522572234109584
10073,1015,35.9823,-117.8076,0.8680270758909618
10074,1015,34.36622,-116.61266,0.2145198915335758
10075,1015,34.15037,-118.10156,-0.6324376797534284
10076,1015,33.7141,-116.7119,-1.1324762446280885
10077,1015,33.86889,-118.33143,0.5279024833556415
10078,1015,33.943,-118.411,-0.4283861399320792
10079,1015,34.00033,-118.37794,-0.5286649203336062
10080,1015,34.73551,-120.27996,1.2279058271414982
10082,1015,34.9906,-118.34156,0.305106218946827
10083,1015,34.61462,-118.29104,-0.2233557574558164
10084,1015,34.30529,-118.48805,0.0935375922816767
10085,1015,33.9753,-118.14918,-1.491800957509835
10086,1015,34.10819,-119.06587,2.226138261908196
10087,1015,34.61594,-117.82493,0.3680791044700569
10088,1015,33.684,-117.943,0.2366637869854735
10089,1015,35.47954,-117.68212,-0.1293530548910862
10090,1015,33.881,-118.176,-0.3272665979680941
10091,1015,34.3656,-117.36683,0.2730638324492871
10092,1015,33.3516,-116.5615,0.5020329340786024
10093,1015,35.36165,-118.92282,-0.0661417380107508
10095,1015,33.818,-116.369,0.7778516968969418
10096,1015,34.13688,-118.12601,0.1593238694962482
10098,1015,34.005,-117.562,-0.5763168767708275
10099,1015,34.28085,-118.9049,2.4852662766560463
10100,1015,36.05799,-117.48901,-1.4670256596164468
10101,1015,33.808,-116.968,0.9458022482571042
10102,1015,34.22362,-118.05832,-0.2469536429839195
10103,1015,34.22869,-118.55829,0.1566559917233763
10104,1015,34.3968,-119.299,-0.2709007663599853
10105,1015,33.94539,-117.92372,-0.3304127864057985
10106,1015,34.6145,-118.7235,-2.6072728347744465
10107,1015,34.1484,-118.1711,-1.6060765227153986
10108,1015,34.44199,-118.58215,-0.4677371603559183
10109,1015,33.96273,-118.43702,0.0347788272233478
10110,1015,34.1207,-117.63808,-0.9688760201403656
10111,1015,35.40773,-120.54556,1.0584192035491322
10112,1015,33.82436,-116.51195,0.4809673498565325
10113,1015,33.354,-116.863,-0.7141636792042153
10114,1015,33.7953,-117.60906,0.0180520240641778
10115,1015,34.39558,-118.49837,-0.7850266075540783
10116,1015,36.30523,-119.24384,0.2905048784958515
10117,1015,33.63,-116.8478,0.4095816449426995
10118,1015,34.281,-118.478,0.3787281262594027
10119,1015,33.74346,-118.40412,0.9480179037473973
10120,1015,34.87533,-116.99684,0.8528320306009165
10121,1015,33.97327,-117.32674,0.239246377427646
10122,1015,34.05073,-118.08085,-0.9082227804167772
10123,1015,33.99351,-117.37545,-0.8171271874391155
10124,1015,33.2801,-115.98585,0.910913754727046
10125,1015,33.70432,-117.88578,-0.7916179772002192
10126,1015,34.44076,-119.71492,0.0460000252421865
10128,1015,34.43692,-119.1375,-0.4939655479415737
10129,1015,35.8996,-116.27515,1.9524011030587465
10130,1015,34.293,-119.1646,-0.3557900498133738
10131,1015,35.89095,-117.28332,0.3405622239786869
10132,1015,35.3142,-119.99581,0.1885181098818781
10133,1015,34.01438,-118.45617,0.3313793574345066
10134,1015,34.27091,-118.74407,1.269654899930463
10135,1015,33.24787,-119.52437,1.1308059376687123
10136,1015,34.05933,-118.64614,-0.6320244499432482
10137,1015,36.1355,-118.81099,-0.3479204978808112
10138,1015,33.829,-117.789,-0.6482539488403665
10139,1015,34.30302,-119.18676,1.7409186101495313
10140,1015,33.664,-117.769,-0.721613051608107
10141,1015,33.79033,-118.19878,0.28212855164031
10142,1015,34.106,-117.098,0.7109419701747235
10144,1015,34.52775,-119.97834,0.7477970370463868
10145,1015,34.38203,-117.67822,-0.1580226662482699
10146,1015,34.08377,-118.599,0.2720482327312062
10148,1015,33.63495,-116.16402,0.8716478441479353
10149,1015,34.15607,-118.82039,-0.0916065883400736
10150,1015,34.01919,-118.28631,-1.9285279676479088
10151,1015,34.48364,-118.11783,-0.2601041593265191
10152,1015,35.84089,-119.08469,-0.0953858477108119
10153,1015,34.56065,-117.3296,0.8100787369733239
10154,1015,35.53664,-118.14035,0.5893475915414357
10155,1015,35.06053,-119.02711,-0.0802867409276425
10157,1015,34.00948,-117.95077,-0.3814740428939817
10159,1015,34.1717,-118.64971,-0.062643266234491
10160,1015,33.94869,-118.25547,-0.4189480916482505
10161,1016,34.55046,-117.43391,0.1948738060180739
10162,1016,33.63838,-116.4011,-0.5421581281509544
10163,1016,34.68708,-118.29946,-1.2295569487225173
10164,1016,35.34444,-119.10445,-1.6453408381139067
10166,1016,34.2623,-116.92075,-0.185015239712908
10167,1016,33.921,-116.981,0.666476930919746
10169,1016,33.57508,-117.26119,-0.1807313451945646
10172,1016,34.23883,-117.65853,-1.413940144590218
10174,1016,34.069,-116.39,-0.0582058258534841
10176,1016,33.80776,-117.98116,-0.0417132073813788
10177,1016,34.68224,-118.57398,0.6448216742218084
10178,1016,33.4915,-116.667,-2.5796263967926207
10179,1016,33.38822,-117.19495,-0.5384094092434256
10180,1016,35.52495,-117.36453,-1.5467733689380807
10181,1016,36.5504,-117.80295,0.6172863558157846
10183,1016,33.4019,-118.41502,-0.1453284722865929
10185,1016,34.093,-117.317,0.7870592332174722
10189,1016,36.43988,-118.08016,1.5086627353853457
10191,1016,34.25353,-118.33383,-0.8119259076232055
10192,1016,33.93597,-116.57794,-0.3470736907771353
10193,1016,33.65,-117.009,-0.2446928174079143
10194,1016,34.10618,-118.45505,-0.3036456242111748
10195,1016,33.84822,-118.09624,1.0475733371236988
10196,1016,33.567,-116.631,1.4553215872225047
10201,1016,34.88303,-117.99106,-1.7129106146071724
10204,1016,34.72832,-119.98803,-0.1841442175429507
10205,1016,34.397,-118.918,-0.0429829417912958
10206,1016,33.71264,-118.29381,0.3172381743430083
10208,1016,33.1537,-117.22921,-0.9678655663346428
10209,1016,36.99608,-117.36621,-0.3806427016657123
10210,1016,35.30177,-116.80574,-1.3163615853045505
10211,1016,34.8294,-116.335,0.46250892096624
10213,1016,35.66278,-118.47403,-1.2279239146856138
10214,1016,34.31076,-118.49675,0.627283287484211
10216,1016,35.98249,-117.80885,-0.1325153180903652
10218,1016,34.36622,-116.61266,0.4627812763120428
10219,1016,33.86889,-118.33143,1.348888310195073
10220,1016,34.00033,-118.37794,-0.095189569190058
10221,1016,34.73551,-120.27996,2.1533564914827843
10223,1016,34.9906,-118.34156,-1.806608877611752
10224,1016,34.61462,-118.29104,1.1601390824030882
10225,1016,34.30529,-118.48805,0.3763405361081133
10226,1016,33.9753,-118.14918,0.1157178931243952
10227,1016,34.10819,-119.06587,-0.2088944577468539
10228,1016,34.80762,-118.86775,-1.6533784082692504
10229,1016,34.61594,-117.82493,1.1112428026460108
10230,1016,33.684,-117.943,0.4766636628451479
10231,1016,34.93439,-117.69629,-1.744992149277003
10232,1016,35.47954,-117.68212,-1.653984301545523
10233,1016,34.5214,-117.991,-0.1146797959768333
10234,1016,33.881,-118.176,1.290177971582245
10235,1016,34.3656,-117.36683,-0.4971144745086236
10236,1016,35.36165,-118.92282,-2.59265687711329
10238,1016,33.818,-116.369,1.1533550459455193
10240,1016,34.13688,-118.12601,2.186314354013573
10241,1016,37.63019,-118.83605,3.165812875011069
10242,1016,34.005,-117.562,-0.4248220247056168
10243,1016,34.28085,-118.9049,0.365002203560391
10244,1016,36.05799,-117.48901,-2.139876035426576
10245,1016,34.88848,-119.81362,0.9831791721699702
10246,1016,33.808,-116.968,1.4695406039306451
10248,1016,34.22362,-118.05832,0.3252810904752106
10249,1016,34.53412,-120.17737,1.6742142908075826
10250,1016,34.22869,-118.55829,1.2190355386391687
10251,1016,34.3968,-119.299,0.3407243861499626
10252,1016,33.94539,-117.92372,0.0497487732926522
10254,1016,34.6145,-118.7235,-2.157918652013363
10255,1016,34.1484,-118.1711,-1.0042668875494134
10256,1016,34.44199,-118.58215,-1.054587478620555
10258,1016,33.96273,-118.43702,0.153984913962887
10259,1016,34.1207,-117.63808,-0.23020070474022
10260,1016,35.40773,-120.54556,2.2903392324030314
10261,1016,35.945,-120.542,-0.5181496646459984
10262,1016,33.354,-116.863,-0.6703552619527249
10263,1016,33.7953,-117.60906,-0.2398579670411404
10265,1016,36.30523,-119.24384,0.213298144871147
10266,1016,34.281,-118.478,-0.1288427343613492
10267,1016,34.10473,-117.97956,-0.0880512518223269
10268,1016,33.74346,-118.40412,1.6909991137650129
10269,1016,34.87533,-116.99684,-0.9324028777804312
10270,1016,34.05073,-118.08085,-0.23803524485129
10271,1016,33.99351,-117.37545,-0.9472879469709968
10273,1016,36.76403,-121.44722,-0.4040055891143893
10274,1016,34.44076,-119.71492,0.422026549288498
10276,1016,34.232,-117.235,-0.2958603520205744
10277,1016,33.99543,-119.6351,1.642012684170026
10278,1016,33.553,-117.662,-0.1636686522307179
10279,1016,34.56547,-120.50137,2.0040733504564927
10281,1016,34.43692,-119.1375,-0.2341367930635308
10282,1016,35.8996,-116.27515,-0.0096124424405939
10283,1016,34.293,-119.1646,-0.5704262937096675
10284,1016,35.89095,-117.28332,-1.150071565870017
10285,1016,33.834,-116.797,-0.4510191069425944
10286,1016,35.3142,-119.99581,0.7230901987791002
10287,1016,34.01438,-118.45617,0.8649392875379442
10288,1016,33.24787,-119.52437,0.0252719606057693
10289,1016,34.05933,-118.64614,-0.4795784644446015
10290,1016,36.1355,-118.81099,0.6105765291050624
10291,1016,34.30302,-119.18676,0.6186384928343069
10292,1016,33.664,-117.769,-0.2203001827977978
10293,1016,33.79033,-118.19878,0.8312689054824909
10294,1016,34.106,-117.098,0.3155895176650693
10296,1016,34.52775,-119.97834,1.55359205488146
10297,1016,34.38203,-117.67822,-0.1126798244058063
10298,1016,34.08377,-118.599,-0.4639684399873161
10300,1016,35.14592,-119.41946,1.912868112993352
10302,1016,37.05422,-118.23009,1.6270988687465795
10303,1016,34.15607,-118.82039,-1.7039506744377106
10305,1016,34.01919,-118.28631,-0.8477853177777387
10306,1016,34.48364,-118.11783,-0.0775764283911736
10307,1016,35.84089,-119.08469,-1.083214482452053
10308,1016,34.56065,-117.3296,0.3504245814231629
10309,1016,35.53664,-118.14035,-1.1270117511730855
10311,1016,35.06053,-119.02711,-2.3019218074503582
10313,1016,34.51085,-119.27407,-0.0954580211950777
10314,1016,34.00948,-117.95077,0.7030765213239368
10315,1016,34.1717,-118.64971,0.2043745862585956
10316,1016,33.94869,-118.25547,0.4480173093132094
10386,1018,34.077,-118.286,-0.0874604002490856
10387,1018,34.084,-118.6,-0.7649255724594435
10388,1018,34.07618,-118.3959,0.8631890008303864
10389,1018,34.04905,-116.94032,-4.527260794496888
10390,1018,33.63461,-116.09534,-2.385754760789327
10391,1018,34.55046,-117.43391,-0.6254514093742235
10392,1018,34.68708,-118.29946,-1.1573481098774765
10393,1018,35.1269,-118.83009,-0.9263569833981276
10394,1018,32.68005,-116.67215,1.4265762757096525
10395,1018,34.2623,-116.92075,-1.1890621150515523
10396,1018,33.921,-116.981,-1.1062860738466622
10398,1018,34.94009,-119.41313,-0.2164907194423072
10400,1018,34.23883,-117.65853,-0.4571438736058141
10402,1018,33.268,-116.417,0.5840322312908968
10403,1018,33.80776,-117.98116,-1.3265694819948062
10404,1018,34.68224,-118.57398,0.8695682173996061
10405,1018,34.13678,-118.12199,-0.8529189345794917
10406,1018,35.30819,-119.84583,-0.8476560954166728
10407,1018,35.52495,-117.36453,0.0634207305656216
10408,1018,36.5504,-117.80295,0.4473256080164269
10410,1018,33.999,-117.68,-2.013260694030584
10411,1018,33.4019,-118.41502,0.2651312335520051
10413,1018,34.093,-117.317,0.4960838356502315
10415,1018,32.8889,-117.1051,1.196716114470813
10416,1018,33.876,-117.561,0.8571613276644752
10417,1018,33.655,-115.99,0.6922931780181462
10418,1018,34.63745,-115.38115,0.2268475390921189
10419,1018,34.25353,-118.33383,0.6461066687729202
10420,1018,33.65,-117.009,1.008796398798535
10421,1018,34.10618,-118.45505,-0.6133221801160574
10422,1018,33.84822,-118.09624,-0.5540274008735573
10423,1018,33.567,-116.631,0.8846433378361859
10424,1018,32.999,-116.942,0.8357974804274473
10426,1018,32.65915,-116.10061,-0.1601218336893265
10429,1018,33.11675,-115.82267,0.9677186310758128
10430,1018,34.72832,-119.98803,-1.5275477378937936
10431,1018,33.71264,-118.29381,-1.5422025635639862
10432,1018,34.1,-117.439,-0.9104831281457232
10433,1018,33.8717,-117.92251,-1.1542087424091418
10434,1018,36.46719,-116.86322,0.0440441025953495
10435,1018,33.051,-114.827,0.1553619972779739
10437,1018,33.1537,-117.22921,-0.1727986906993516
10439,1018,34.13677,-118.1283,-0.1096342084865919
10440,1018,35.30177,-116.80574,-1.24182146387889
10441,1018,34.8294,-116.335,-1.6739340111319354
10442,1018,34.17643,-118.35967,-0.6189525323038614
10443,1018,34.121,-117.219,-0.7481842443962352
10444,1018,33.0262,-116.9596,-6.774283098195325
10446,1018,35.66278,-118.47403,-1.634199451040704
10447,1018,33.081,-116.598,0.94121803192215
10448,1018,35.98249,-117.80885,-0.1100021006698783
10449,1018,34.36622,-116.61266,-0.2710260996375518
10450,1018,34.15037,-118.10156,-0.8334008480533284
10451,1018,33.597,-117.879,-2.0205545409451844
10452,1018,33.86889,-118.33143,-0.2350579218547165
10453,1018,33.798,-118.08837,0.3477883312501912
10454,1018,34.00033,-118.37794,-0.5841026001049571
10455,1018,34.73551,-120.27996,0.2547571997171622
10456,1018,35.13066,-115.18416,0.1450576934658978
10457,1018,34.9906,-118.34156,-0.5383309748545911
10458,1018,34.61462,-118.29104,-0.3160051522232531
10459,1018,34.30529,-118.48805,0.9089877386785644
10460,1018,33.9753,-118.14918,-1.0272802806489518
10461,1018,34.10819,-119.06587,-0.3092588754820312
10462,1018,34.80762,-118.86775,0.8956813217204931
10463,1018,33.684,-117.943,-0.3140688564978557
10464,1018,34.93439,-117.69629,-0.8071998618994308
10465,1018,35.47954,-117.68212,-0.1615421951638891
10466,1018,33.881,-118.176,0.6704553690822557
10467,1018,34.3656,-117.36683,-0.2686205042991256
10469,1018,33.818,-116.369,-0.3898043726392899
10470,1018,34.13688,-118.12601,0.5999114461845763
10472,1018,34.005,-117.562,-1.068445509729765
10473,1018,32.892,-116.4223,-1.2365307684231943
10474,1018,34.28085,-118.9049,0.0466963341788162
10475,1018,34.81258,-119.1453,-0.4282466642137874
10476,1018,36.05799,-117.48901,-0.8614740141018306
10477,1018,34.88848,-119.81362,-0.2397634147075276
10478,1018,33.808,-116.968,1.0173596786005064
10480,1018,33.6,-117.195,1.503105555411861
10481,1018,34.22362,-118.05832,0.127587164841666
10482,1018,34.78035,-116.55798,-1.4394023558118438
10483,1018,34.76759,-114.61881,0.9013202934261676
10484,1018,34.53412,-120.17737,0.0260147804205678
10485,1018,34.22869,-118.55829,0.3808861369663055
10486,1018,33.556,-115.946,0.3896174680666865
10487,1018,33.788,-117.844,-0.35256620609684
10488,1018,33.94539,-117.92372,-1.4471917590322156
10489,1018,32.608,-116.93,0.6767837206657917
10490,1018,34.6145,-118.7235,-1.0845222964872143
10491,1018,34.44199,-118.58215,-0.2548213652465816
10493,1018,33.96273,-118.43702,-0.4377471584960665
10494,1018,34.1207,-117.63808,-0.4480566659729357
10495,1018,33.862,-117.205,-0.4706568995391445
10498,1018,33.354,-116.863,-0.3783766731674898
10499,1018,33.7953,-117.60906,-1.9016296935611343
10501,1018,33.824,-116.55,0.1020208524213042
10502,1018,34.09181,-117.80709,-1.0096062413723632
10503,1018,34.39558,-118.49837,-1.3601340565545823
10504,1018,33.63,-116.8478,0.7780109542314954
10505,1018,34.281,-118.478,1.2008049764747888
10506,1018,34.10473,-117.97956,-0.8351500360947673
10507,1018,33.74346,-118.40412,-0.2097144429679898
10508,1018,34.87533,-116.99684,-0.4420080590320926
10509,1018,33.973,-117.327,0.8083067695396418
10510,1018,33.97327,-117.32674,-0.1094622543753586
10511,1018,34.05073,-118.08085,-0.3585653241748097
10512,1018,33.99351,-117.37545,0.1334431882602921
10513,1018,33.183,-115.623,-1.8166611007475453
10514,1018,33.2801,-115.98585,0.5638267833005325
10515,1018,33.70432,-117.88578,-1.4560331716662536
10517,1018,34.44076,-119.71492,-0.1689269011150466
10519,1018,34.232,-117.235,-1.2990177529677815
10520,1018,32.915,-118.4879,-0.6507724228735603
10521,1018,33.99543,-119.6351,0.5482151867787736
10522,1018,33.553,-117.662,-2.086478810160372
10524,1018,34.43692,-119.1375,-1.104952977770199
10525,1018,35.8996,-116.27515,0.279766115982354
10526,1018,35.89095,-117.28332,1.1561153484987474
10527,1018,33.834,-116.797,0.9970125037821786
10528,1018,35.3142,-119.99581,-0.8750015572408207
10530,1018,34.01438,-118.45617,0.0511610974054709
10531,1018,34.27091,-118.74407,-0.6978368448336011
10533,1018,34.035,-116.808,-2.639178781205952
10534,1018,34.05933,-118.64614,-1.11727331703788
10536,1018,33.829,-117.789,-1.3469025458169777
10537,1018,34.30302,-119.18676,0.9217541339207044
10538,1018,33.664,-117.769,-1.7464897081815518
10539,1018,33.79033,-118.19878,-0.8834525441395917
10540,1018,34.106,-117.098,1.0099521337158477
10541,1018,32.94508,-115.79988,-0.0499469996645233
10542,1018,34.52775,-119.97834,0.0420181938667962
10543,1018,34.38203,-117.67822,0.2309791403125133
10548,1018,34.01919,-118.28631,-1.032902663255477
10549,1018,35.84089,-119.08469,-0.4701272965825556
10550,1018,34.56065,-117.3296,0.8330599535992927
10551,1018,35.53664,-118.14035,0.0984704437442934
10552,1018,34.51085,-119.27407,-1.6852217585275109
10553,1018,34.00948,-117.95077,0.4699285694643422
10555,1018,34.1717,-118.64971,1.981779813917244
10556,1018,33.94869,-118.25547,0.1292794652519734
10557,1018,33.482,-116.911,1.4840476703199994
10558,1018,33.787,-116.959,0.9247124474394098
10559,1018,33.747,-116.715,2.127321302409581
10560,1018,33.729,-116.979,1.403824006057188
10561,1018,33.706,-116.235,1.4953293822853888
10562,1018,33.744,-116.931,0.499931219389077
10563,1018,33.671,-116.3,3.699831858241884
10564,1018,33.787,-116.41,1.2738366570897774
10565,1018,33.723,-116.338,1.836434435803898
10566,1018,33.863,-117.742,0.3106594233024147
10567,1018,33.768,-117.85,-0.5044077871183419
10568,1018,33.917,-117.443,0.2167106792140089
10569,1018,33.968,-117.252,-0.4285301572611085
10570,1018,33.751,-117.015,0.6633015946278864
10571,1018,33.577,-117.131,0.9502687886158792
10572,1018,33.699,-117.267,2.3344381880072085
10573,1018,33.604,-117.279,0.0317264464410683
10574,1018,33.884,-117.514,0.0919861668724772
10575,1018,33.876,-117.593,0.211450691963838
10576,1018,33.951,-117.446,2.198492482784689
10577,1018,33.496,-117.149,0.6668739337998552
10578,1018,33.854,-117.817,0.8174212991560966
10579,1018,33.777,-117.834,-0.1491773988519295
10580,1018,33.927,-117.803,-0.635357175281501
10581,1018,33.919,-117.488,0.9191886254000858
10582,1018,33.951,-117.388,0.7458389587299731
10583,1018,33.979,-117.344,0.3325532251349402
10584,1018,33.895,-117.32,0.7504922699310199
10585,1018,33.904,-117.561,0.9907568590583536
10586,1018,33.975,-117.486,0.1172299591442475
10587,1018,33.669,-117.332,0.9919860193399114
10588,1018,33.748,-117.127,1.2988278316347286
10589,1018,33.902,-117.234,-0.6603057606382511
10590,1018,33.921,-117.173,1.414128514682761
10591,1018,33.787,-117.23,1.9682488277845536
10592,1018,33.649,-117.205,1.1724503346390196
10593,1018,33.715,-117.191,0.6323297720539885
10594,1018,33.723,-118.026,1.0897049253963476
10595,1018,33.99,-118.312,0.6883420656318298
10596,1018,33.962,-118.065,0.5012967271159796
10597,1018,33.898,-118.209,1.473130492644805
10598,1018,33.876,-118.24,1.0656159956555795
10599,1018,33.931,-118.214,1.7118287375838293
10600,1018,33.92,-118.24,2.1276006592280536
10601,1018,33.976,-118.208,0.5906219660935442
10602,1018,33.883,-118.117,0.5899816072841597
10603,1018,34.241,-116.872,1.0470988943077228
10604,1018,34.125,-117.777,-0.3336088601914185
10605,1018,34.065,-117.893,0.6431743959540518
10606,1018,34.253,-117.174,-0.5795750644869156
10607,1018,34.046,-117.035,-1.005792620391273
10608,1018,34.057,-117.698,-0.3716289115297633
10609,1018,34.033,-117.312,1.4766471115609212
10610,1018,34.112,-117.681,0.2416486960351238
10611,1018,34.134,-117.598,-0.7408241413957815
10612,1018,34.014,-117.511,0.4895730044548255
10613,1018,34.104,-117.574,-0.2313496130809892
10614,1018,34.247,-117.301,-0.5728125094259722
10615,1018,34.215,-117.121,-0.502341225810257
10616,1018,34.522,-117.214,0.4363633222339441
10617,1018,34.472,-117.207,-1.0487636041252144
10618,1018,34.125,-117.454,-0.3095521931962157
10619,1018,34.123,-117.54,0.4157819361467101
10620,1018,34.026,-117.155,-1.030603081985884
10621,1018,34.074,-117.183,-0.5554059705115474
10622,1018,34.002,-117.814,-0.5278047371238332
10623,1018,34.425,-117.544,-0.1734384586218003
10624,1018,34.056,-117.748,-0.0365404347548155
10625,1018,34.405,-117.313,-0.0868437483868082
10626,1018,34.096,-117.287,1.0242623883076194
10627,1018,34.0,-117.934,-0.3136149180286944
10628,1018,34.076,-117.671,0.2109335680063386
10629,1018,34.077,-117.621,-0.7492988748369659
10630,1018,34.135,-117.322,-0.7560423038301625
10631,1018,34.069,-117.398,0.9806387839380246
10632,1018,34.1,-117.434,-0.5779085706671826
10633,1018,34.004,-117.058,-0.6697294626157284
10634,1018,34.021,-117.866,1.0700487759020156
10635,1018,34.121,-117.738,0.832543038974422
10636,1018,34.096,-117.745,0.2354302561169194
10637,1018,34.439,-117.647,0.0583223009366525
10638,1018,34.207,-118.233,1.1683562296440535
10639,1018,34.139,-118.364,1.0707815738184598
10640,1018,34.163,-118.255,1.042727490960629
10641,1018,34.173,-118.229,1.26774633844058
10642,1018,34.041,-118.248,1.4390006237252508
10643,1018,34.051,-118.384,1.1845734270977768
10644,1018,33.81663,-116.3945,1.097325190533608
10645,1018,34.04856,-116.57816,0.1352619541588644
10646,1018,34.079,-117.045,-0.9461983506141928
10647,1018,34.136,-117.213,1.2760246764424386
10648,1018,34.10922,-117.78362,1.4038001177060706
10649,1018,34.051,-117.25,-1.5768349577687188
10650,1018,34.235,-117.407,-0.6560883948474259
10651,1018,33.572,-116.076,1.5267301687914818
10652,1018,33.82177,-116.96836,-1.197428124354982
10653,1018,34.10521,-117.28264,0.9557401089149438
10654,1018,34.047,-117.277,-1.0160936104559526
10656,1018,34.058,-117.305,-1.0279862018405954
10657,1018,34.12288,-117.28792,0.1119013702687598
10659,1018,34.0869,-117.3114,-0.1197695907516599
10660,1018,34.312,-118.496,1.1587888850029202
10661,1018,33.852,-117.451,1.5205022808673343
10662,1018,33.58282,-117.07169,0.8137619343683845
10663,1019,34.5214,-117.991,0.2223958974033028
10664,1019,33.943,-118.411,-0.7506596020506384
10665,1019,34.07618,-118.3959,-0.6453602627229206
10666,1019,34.14647,-118.76699,-0.8761962833569179
10667,1019,34.68708,-118.29946,-0.3526581859708031
10668,1019,35.1269,-118.83009,0.1987072287647307
10669,1019,32.68005,-116.67215,0.0445536569845227
10670,1019,34.2623,-116.92075,0.4330595796342854
10671,1019,33.921,-116.981,-0.0919478234003057
10675,1019,34.23883,-117.65853,-1.6168279554807348
10677,1019,34.069,-116.39,0.0574067796975163
10679,1019,33.268,-116.417,-0.9382996255390648
10680,1019,33.80776,-117.98116,-1.229331346730428
10682,1019,34.68224,-118.57398,0.4380984689458946
10683,1019,33.4915,-116.667,-4.243866576203113
10684,1019,34.13678,-118.12199,-1.487843939301252
10685,1019,33.38822,-117.19495,-0.0588177572890133
10686,1019,35.30819,-119.84583,-0.0277575793398108
10687,1019,35.52495,-117.36453,0.6834730349860343
10688,1019,36.5504,-117.80295,0.4128413401860411
10690,1019,33.999,-117.68,-0.939297053899634
10691,1019,33.4019,-118.41502,0.8398781514308991
10693,1019,34.093,-117.317,0.330982776237924
10695,1019,33.655,-115.99,0.6544020549543408
10697,1019,36.43988,-118.08016,0.4501115142710978
10698,1019,34.63745,-115.38115,1.4157109505362884
10699,1019,34.25353,-118.33383,-1.3393073167908074
10700,1019,33.93597,-116.57794,-0.6105424570392791
10701,1019,33.65,-117.009,-0.2455739181990787
10702,1019,34.10618,-118.45505,-0.02472882915489
10703,1019,33.84822,-118.09624,-0.6528899057493683
10704,1019,33.567,-116.631,0.5674095401923175
10705,1019,32.999,-116.942,-0.2172008167406167
10708,1019,32.65915,-116.10061,-0.2416216684864593
10711,1019,33.11675,-115.82267,0.4455484925862216
10712,1019,34.72832,-119.98803,-0.7599186840644889
10713,1019,33.71264,-118.29381,-1.314252570220587
10714,1019,33.8717,-117.92251,-1.1446253926400178
10717,1019,33.1537,-117.22921,-0.8163231835778828
10718,1019,34.13677,-118.1283,-1.0570015472495051
10719,1019,35.30177,-116.80574,0.3189725517966001
10720,1019,34.8294,-116.335,0.907116751559552
10721,1019,34.17643,-118.35967,-0.9343784098500574
10723,1019,35.66278,-118.47403,-1.7953580952591095
10724,1019,33.0859,-116.5959,-0.1006467343554275
10725,1019,35.98249,-117.80885,0.5486752581691914
10727,1019,34.36622,-116.61266,0.4721916846248501
10728,1019,34.15037,-118.10156,-0.9038111598343564
10729,1019,33.86889,-118.33143,-0.3284471456940576
10730,1019,34.00033,-118.37794,-0.04656548346935
10731,1019,34.73551,-120.27996,0.8517532395815415
10733,1019,34.9906,-118.34156,-0.1635118265529646
10734,1019,34.61462,-118.29104,-0.2437514285769892
10735,1019,34.30529,-118.48805,0.3509080851603057
10736,1019,33.9753,-118.14918,-1.9766841029761708
10737,1019,34.10819,-119.06587,1.0430384077625805
10738,1019,34.80762,-118.86775,0.2398010216361057
10739,1019,33.684,-117.943,-0.5275807815478843
10740,1019,34.93439,-117.69629,-0.8002522148475751
10741,1019,35.47954,-117.68212,-0.0273297904139924
10742,1019,33.881,-118.176,-0.9506378452592618
10743,1019,34.3656,-117.36683,-0.7184326933863625
10745,1019,33.818,-116.369,0.2300643059389357
10747,1019,34.13688,-118.12601,0.0206106045104394
10750,1019,34.28085,-118.9049,1.2508135428485685
10751,1019,34.81258,-119.1453,0.5599750832977429
10752,1019,36.05799,-117.48901,-1.0301956580360538
10753,1019,34.88848,-119.81362,-0.1738226934362488
10754,1019,33.808,-116.968,0.5848636223418074
10756,1019,33.6,-117.195,1.259035646852158
10757,1019,34.22362,-118.05832,0.0381876298442932
10758,1019,34.78035,-116.55798,0.5957982611962316
10760,1019,34.53412,-120.17737,0.793004751058199
10761,1019,34.22869,-118.55829,-0.1967205473113764
10762,1019,33.94539,-117.92372,-0.5671265821572844
10764,1019,34.6145,-118.7235,-1.971123567357815
10765,1019,34.17141,-118.18523,-4.952874108042706
10766,1019,34.44199,-118.58215,0.3930856088485595
10768,1019,33.96273,-118.43702,-0.0747255927931934
10769,1019,34.1207,-117.63808,-0.959238709063258
10770,1019,33.862,-117.205,-0.541433202698146
10772,1019,35.40773,-120.54556,0.6971935598834164
10773,1019,35.945,-120.542,-0.9786818257928644
10774,1019,33.354,-116.863,-1.3007609647164349
10775,1019,33.7953,-117.60906,-0.4055053935164163
10777,1019,33.824,-116.55,-1.0806697617564267
10778,1019,34.09181,-117.80709,-1.5621988221038128
10779,1019,34.39558,-118.49837,-0.5988947697385137
10780,1019,36.30523,-119.24384,2.267829992046169
10781,1019,33.63,-116.8478,-0.7409166106174421
10782,1019,34.281,-118.478,0.8616048547777578
10783,1019,34.10473,-117.97956,-1.9398646484073887
10784,1019,33.74346,-118.40412,0.4081553386321875
10785,1019,34.87533,-116.99684,0.1810147812871889
10786,1019,33.97327,-117.32674,-0.2330360097881977
10787,1019,34.05073,-118.08085,-1.5241577621285272
10788,1019,33.99351,-117.37545,-1.057699624357687
10790,1019,33.2801,-115.98585,0.6495643956371839
10793,1019,34.44076,-119.71492,-0.4594784886695774
10795,1019,34.232,-117.235,-0.7175673856799533
10796,1019,32.915,-118.4879,1.468423239235904
10797,1019,33.99543,-119.6351,0.9060969457035974
10798,1019,32.784,-117.13805,-0.6297224982536761
10800,1019,34.43692,-119.1375,0.14305153323021
10803,1019,35.8996,-116.27515,1.716459711465164
10804,1019,34.293,-119.1646,-0.4493806036084257
10805,1019,33.834,-116.797,-0.1983765551431184
10806,1019,35.3142,-119.99581,-0.4038517680264544
10807,1019,34.01438,-118.45617,1.5570418341391474
10808,1019,34.27091,-118.74407,1.168177137840336
10809,1019,34.05933,-118.64614,-0.9726582118554676
10811,1019,33.829,-117.789,-0.9946641559810112
10812,1019,34.30302,-119.18676,0.9620633909892452
10813,1019,33.664,-117.769,-1.382217948434424
10814,1019,33.79033,-118.19878,-0.6447319307854278
10815,1019,34.106,-117.098,0.3940195758812804
10817,1019,34.52775,-119.97834,0.2463446235019956
10818,1019,34.38203,-117.67822,-0.6162908506738587
10820,1019,35.14592,-119.41946,0.8565848414531112
10824,1019,34.01919,-118.28631,-1.923657925259646
10825,1019,34.48364,-118.11783,-0.6886185633366956
10826,1019,35.84089,-119.08469,-0.5468583447372111
10827,1019,34.56065,-117.3296,0.1957135001742703
10828,1019,35.53664,-118.14035,0.999271684298546
10831,1019,34.51085,-119.27407,-0.4556857832058533
10832,1019,34.00948,-117.95077,-0.3046534055969088
10833,1019,34.1717,-118.64971,1.003565454425531
10834,1019,33.94869,-118.25547,-1.101833158875039
10835,1019,33.99,-118.312,0.1943226383223144
10836,1019,34.312,-118.496,-0.1960441115804083
10837,1019,34.313,-118.498,-0.6263222871942413
10838,1019,34.3082,-118.5005,0.3373227515993688
10839,1019,34.148,-118.371,0.1957510266363357
10840,1019,34.194,-118.589,-0.594173005668099
10841,1019,34.045,-118.522,-0.0838535880725511
10842,1019,34.196,-118.341,-0.1084991108351191
10843,1019,34.004,-118.287,0.4457863796671159
10844,1019,34.029,-118.483,2.444436520339491
10845,1019,34.25,-118.536,1.2586914299762602
10846,1019,34.434,-118.532,-0.9939167619472355
10847,1019,34.236,-118.439,-0.4674296193473792
10848,1019,34.296,-118.375,0.0279881968651311
10849,1019,34.289,-118.746,2.190854925490944
10850,1019,34.459,-118.65,0.7713139892267067
10851,1019,34.387,-118.533,1.640441105933414
10852,1019,34.013,-118.8,0.4088527296569092
10854,1019,34.154,-118.463,1.750382799614659
10855,1019,34.327,-118.444,-0.2584026727448705
10856,1019,34.219,-118.429,0.1049257170708094
10857,1019,34.273,-118.464,-0.2302314169087149
10858,1019,34.146,-118.413,1.4166627949992374
10859,1019,34.163,-118.5,-0.2412953943164493
10860,1019,34.219,-118.627,1.206421102929055
10861,1019,34.229,-118.527,1.9959282894931325
10862,1019,34.222,-118.57,0.4294508896110799
10863,1019,34.167,-118.596,0.5068380505114314
10864,1019,34.097,-118.352,0.0839979898211926
10865,1019,34.103,-118.316,0.4907677237139596
10866,1019,34.084,-118.307,1.0166900446650478
10867,1019,34.199,-118.396,-0.31293377294674
10868,1019,34.059,-118.479,0.2479328114008009
10869,1019,34.07,-118.346,-0.1726151037608326
10870,1019,34.413,-118.796,0.8384547872642905
10871,1019,34.185,-118.884,-0.0979632267033615
10872,1019,34.186,-118.929,1.78720636567071
10873,1019,34.18,-118.76,0.0164148950912635
10874,1019,34.271,-118.735,1.6114886972443965
10875,1019,34.262,-118.669,2.050244314727032
10876,1019,34.224,-118.994,1.152450050966067
10877,1019,34.257,-118.995,1.1939821643978985
10878,1019,34.139,-118.364,0.2049052893125058
10879,1019,34.193,-118.547,0.0229367491707709
10880,1019,34.03,-118.434,0.9982575725993772
10881,1019,34.18,-118.336,-0.2058434531656751
10882,1019,34.007,-118.436,1.4651391981195814
10883,1019,34.044,-118.443,0.7823538156927169
10884,1019,34.168,-118.379,-0.5581640669418206
10885,1019,34.257,-118.503,-0.3631958260461471
10886,1019,34.222,-119.04,0.1578794213216814
10887,1019,34.113,-119.119,2.11631146554753
10888,1019,34.208,-119.079,0.9801714571510826
10889,1019,34.6172,-118.285,0.2265058717965553
10891,1019,34.13065,-118.49205,-0.6682554298939093
10892,1019,34.1851,-118.447,-0.4088415601114621
10894,1019,34.193,-118.51,-0.0625757893471923
10895,1019,34.2772,-118.56,1.9111691826811588
10896,1019,34.28963,-118.50124,-0.5888529788271981
10897,1019,34.24734,-118.60349,0.1169105816682326
10899,1019,34.24892,-118.4789,-0.1264793255870631
10900,1020,33.3527,-115.733,-1.5949697450885252
10901,1020,33.63461,-116.09534,-5.204856420074332
10902,1020,34.55046,-117.43391,-0.5763990449521412
10903,1020,34.68708,-118.29946,-0.3420719414611443
10904,1020,35.1269,-118.83009,-0.7391507789841295
10905,1020,32.68005,-116.67215,0.2053391966570743
10906,1020,34.2623,-116.92075,-1.4680008092228731
10907,1020,33.921,-116.981,0.1479053047865867
10910,1020,34.23883,-117.65853,-0.4409069314748345
10911,1020,34.069,-116.39,-0.8833361986534781
10913,1020,33.268,-116.417,0.1345245367062021
10914,1020,33.80776,-117.98116,0.91659221045654
10915,1020,33.01213,-115.21987,-2.297365189485723
10916,1020,34.68224,-118.57398,0.8002841872985776
10917,1020,33.4915,-116.667,-4.793849422214045
10918,1020,33.38822,-117.19495,2.4424153630764827
10919,1020,35.52495,-117.36453,0.5218880162161249
10922,1020,33.999,-117.68,0.7944159376066641
10923,1020,33.4019,-118.41502,0.2895301368039227
10925,1020,33.655,-115.99,-1.764072297079731
10926,1020,34.63745,-115.38115,-1.2067357756012476
10927,1020,34.25353,-118.33383,0.9673291161410552
10928,1020,33.93597,-116.57794,-1.1473888168126172
10929,1020,33.65,-117.009,1.4213957128180752
10930,1020,34.10618,-118.45505,-1.1231678236867089
10931,1020,33.567,-116.631,1.9095425048874144
10932,1020,32.999,-116.942,0.7247608996399796
10936,1020,33.11675,-115.82267,-1.0902448886747576
10937,1020,33.71264,-118.29381,-1.3430483416516117
10938,1020,33.051,-114.827,-1.0255750691970984
10940,1020,33.1537,-117.22921,1.476032545768564
10941,1020,35.30177,-116.80574,-1.665100461367604
10942,1020,34.8294,-116.335,-1.7201249807155905
10944,1020,33.0859,-116.5959,0.0414925600043736
10945,1020,35.98249,-117.80885,0.3871029338462197
10946,1020,34.36622,-116.61266,-0.4989054461614949
10947,1020,35.13066,-115.18416,-1.1006759506844728
10948,1020,34.9906,-118.34156,0.6603722976632189
10949,1020,34.80762,-118.86775,1.0949801976088822
10950,1020,33.684,-117.943,0.9950585899155048
10951,1020,34.3656,-117.36683,-0.9114183787654528
10952,1020,33.3516,-116.5615,-2.7520938535886
10953,1020,33.818,-116.369,0.713036900999609
10955,1020,34.005,-117.562,1.594540014508506
10956,1020,36.05799,-117.48901,-0.6186697128073263
10957,1020,33.808,-116.968,0.525795399809131
10958,1020,33.6,-117.195,2.419954567059456
10959,1020,34.78035,-116.55798,-0.6483237718321824
10960,1020,34.76759,-114.61881,0.1541216331000093
10961,1020,33.556,-115.946,-2.8834497033134223
10962,1020,33.94539,-117.92372,0.8167163605316486
10963,1020,32.608,-116.93,0.3531873555414264
10964,1020,34.6145,-118.7235,-1.4231081266296082
10966,1020,34.1207,-117.63808,0.614014127371851
10967,1020,33.862,-117.205,0.7712262170703853
10969,1020,33.354,-116.863,1.101422291785784
10970,1020,33.7953,-117.60906,0.2839327428401332
10972,1020,33.824,-116.55,1.2898850086307627
10973,1020,34.09181,-117.80709,-0.2503899119109042
10974,1020,33.63,-116.8478,0.8991039740576734
10975,1020,34.281,-118.478,1.651128637545838
10976,1020,34.10473,-117.97956,0.8146307387658772
10977,1020,33.74346,-118.40412,1.066319777296361
10978,1020,34.87533,-116.99684,-0.5559385556633563
10979,1020,34.05073,-118.08085,0.9707873005592064
10980,1020,33.99351,-117.37545,0.5566792164670111
10981,1020,33.2801,-115.98585,0.7593739498812101
10983,1020,34.232,-117.235,-0.2980223923098624
10984,1020,33.553,-117.662,0.1637260341901732
10985,1020,32.784,-117.13805,0.5953682025424647
10987,1020,35.8996,-116.27515,-0.0927083551420352
10988,1020,35.89095,-117.28332,1.909043348377295
10989,1020,33.834,-116.797,1.6086743066109996
10990,1020,34.05933,-118.64614,-0.6824001962045809
10991,1020,33.829,-117.789,0.6015237957307171
10992,1020,33.664,-117.769,-0.1351047418966545
10993,1020,34.106,-117.098,0.931182933327148
10994,1020,32.94508,-115.79988,-1.4025111244011423
10995,1020,34.38203,-117.67822,0.6183012486042287
10999,1020,34.48364,-118.11783,0.341530070160345
11000,1020,34.56065,-117.3296,0.5693305203108197
11001,1020,35.53664,-118.14035,0.4254810745690303
11002,1020,32.75904,-115.73161,-0.6811632586649379
11003,1020,34.00948,-117.95077,1.0175965544995256
11004,1020,34.1717,-118.64971,3.2387248236780057
11005,1021,37.41702,-121.9154,-0.1552162595302468
11006,1021,37.34655,-121.80774,-1.2149888571878402
11007,1021,37.40718,-122.00001,-0.2982452793336401
11008,1021,37.376,-121.84367,-1.900915850224013
11009,1021,37.27117,-121.98617,-1.086755567966775
11010,1021,37.45098,-122.4287,0.537838767616333
11011,1021,37.71633,-122.43117,2.452071269677864
11012,1021,37.41395,-121.87085,-1.180627426153891
11013,1021,37.36408,-122.01817,0.0185035150195522
11014,1021,37.87622,-122.23558,-1.397244686513955
11015,1021,37.91881,-122.15176,-1.1561195421077664
11016,1021,37.87352,-122.26099,-1.3348256139278287
11017,1021,37.85727,-122.42266,2.1480309809618783
11018,1021,37.45035,-121.80037,-2.662929344406853
11019,1021,37.74766,-121.70843,-0.6327600491864641
11020,1021,37.37289,-121.76887,-2.466242202166738
11021,1021,37.73786,-122.06486,1.6907565784164942
11022,1021,38.03455,-120.38651,-0.5641510340985104
11023,1021,37.81041,-121.80272,-1.072010650187209
11024,1021,37.69782,-123.0011,-1.2903368681619003
11025,1021,36.3887,-121.5514,0.3155648553843212
11026,1021,37.34305,-122.33976,1.3456958332341982
11027,1021,37.31861,-122.15314,-1.3978943902728678
11028,1021,37.17217,-122.01121,1.052810716057711
11029,1021,37.04922,-121.80722,0.4508839744722238
11030,1021,37.36045,-122.18986,0.3041049818514248
11031,1021,37.51604,-122.45815,0.892517362773687
11032,1021,37.21427,-122.17168,0.6665823615857592
11033,1021,37.20631,-121.97726,-0.4355255699994281
11034,1021,37.15432,-121.73467,0.995029954614293
11035,1021,37.63719,-122.47482,-0.0198201296352416
11036,1021,37.2708,-122.21276,0.7056068605639242
11037,1021,37.19855,-122.34671,0.5626436167920561
11038,1021,37.40373,-122.23868,-0.4572372826231541
11039,1021,37.58225,-122.42006,1.4364838900757206
11040,1021,37.40372,-122.17596,0.3519920021604492
11041,1021,37.28397,-122.05017,-1.0300135202425549
11042,1021,37.58644,-122.50217,0.948833775460138
11044,1021,37.6444,-118.89683,3.0117643632228472
11045,1021,38.14478,-122.88018,-0.3030732606901534
11046,1021,37.34164,-121.64257,-1.818547327844376
11047,1021,37.65909,-118.97907,2.357486384406047
11048,1021,38.00198,-122.47466,1.5028323284332554
11049,1021,38.33656,-122.81082,2.201478469482609
11050,1021,38.16488,-122.71296,0.8230918166877202
11051,1021,38.07601,-122.2585,0.4346540658016832
11052,1021,37.92371,-122.59649,0.9870038118361756
11053,1021,36.851,-121.402,0.7028393756837819
11054,1021,37.402,-122.025,0.8726127710803239
11055,1021,37.553,-122.091,1.4645246334550015
11057,1021,36.891,-121.404,0.5095216334223562
11058,1021,36.973,-121.568,0.1738726047404384
11059,1021,36.86,-121.54,0.1060998831976698
11060,1021,36.982,-121.556,0.0490783298849535
11061,1021,36.987,-121.536,-0.2128817029905463
11062,1021,37.05,-121.803,-0.150843614982335
11063,1021,37.035,-121.57,-2.1818450035916683
11064,1021,37.118,-121.55,-1.5841628869839912
11065,1021,37.026,-121.484,1.0549749485127178
11066,1021,37.008,-121.287,-1.372220451726753
20927,1021,38.99349,-123.07234,-2.5018065863683234
20929,1021,38.87874,-122.44277,-2.4831845865754807
20930,1021,37.81647,-122.06302,-0.879611280347221
20931,1021,37.25898,-121.67311,-1.662892789180143
20932,1021,37.9889,-122.2156,0.6469594621448854
20933,1021,37.94906,-122.40851,0.7332325252056899
20934,1021,37.72416,-122.11929,1.1549168800069474
20935,1021,37.80787,-122.3618,2.1342403872210447
20936,1021,37.12043,-122.1552,-0.600158261376806
20937,1021,37.51704,-122.37731,0.1134670608978181
20938,1021,37.67433,-122.39855,0.7925395403701175
20939,1021,37.16067,-121.89899,1.1684582100052685
20940,1021,37.92144,-122.71806,1.3092288705527977
20941,1021,38.04962,-122.52331,1.653085244816501
20942,1021,38.12282,-122.14921,-0.4226749554927149
20943,1021,38.233,-122.636,1.2868072751171304
20944,1021,37.76021,-122.41524,1.4279401325539722
20945,1021,37.77737,-122.39689,0.7521677776292093
20946,1021,37.76386,-122.4736,2.2467884717232245
20947,1021,37.762,-122.505,1.84004519188752
20948,1021,37.40701,-122.0946,0.048266440333052
20949,1021,37.4748,-122.2392,-0.2654187632134807
20950,1021,37.30249,-121.97978,-0.6318529102530801
20951,1021,37.26748,-121.86656,-1.4060410877106404
20952,1021,37.26352,-121.91617,-1.5788596758594
20953,1021,37.30143,-121.9039,-0.9151714814126284
20954,1021,37.31816,-121.94354,0.506737347886008
20955,1021,37.3066,-121.84915,-1.484428102844254
20956,1021,37.68,-121.739,-1.323118230524382
20957,1021,37.59094,-122.36741,2.0792070115989967
20958,1021,37.74766,-122.42528,1.5053304428561525
20959,1021,37.74664,-122.38679,0.9668308901258428
20960,1021,37.39415,-122.06041,0.1432421341399544
20961,1021,37.59268,-122.07449,0.8445078088298889
20962,1021,37.71737,-121.72701,-1.6542997057901003
20963,1021,37.67928,-122.48405,2.685361507446704
20964,1021,37.91056,-122.53778,2.693067242069505
20965,1021,37.88767,-122.29916,0.5282046755104601
20966,1021,38.03445,-122.27016,-0.6043692893976276
20967,1021,37.74484,-122.40134,0.7907826064438377
20968,1021,37.77934,-122.486,1.5488608815958744
20969,1021,37.81076,-122.29252,0.4666735664735814
20970,1021,37.8251,-122.27606,0.2861220201336919
20971,1021,37.7986,-122.2684,0.5574535452995828
20972,1021,37.72416,-122.44841,1.5854289635687009
20973,1021,37.6806,-121.92098,-0.8600900591221023
20974,1021,37.86059,-122.29327,-0.1751220840882551
20975,1021,37.85835,-122.25252,0.7370162080303839
20976,1021,38.29027,-122.46125,-1.067923605397597
20977,1021,37.37418,-122.0781,0.0652851337519935
20978,1021,38.4421,-122.6068,-0.1758415662970716
20979,1021,37.69169,-122.16982,0.1913573999845757
20980,1021,37.23294,-121.77186,-1.365116502261429
20981,1021,37.38332,-121.91088,-0.7572784668205856
20982,1021,37.28537,-121.93602,-1.467285481353561
20983,1021,37.35834,-121.97775,-0.2814121008422449
20984,1021,37.68873,-121.78351,-1.9958803691444584
20985,1021,37.72688,-122.15092,0.434540091307427
20986,1021,37.8852,-122.03217,-1.0292991481982732
20987,1021,37.16346,-121.62645,-2.788359715899147
20988,1021,37.7294,-121.83346,-0.5145753900605545
20989,1021,37.85884,-121.99264,-0.7325220373593367
20990,1021,37.91233,-121.90716,-1.4225860990690926
20991,1021,38.02691,-122.01599,-1.1687998624232558
20992,1021,38.80797,-122.7953,-1.962351316932112
20995,1021,38.43951,-122.25272,-1.3604077863009472
20996,1021,38.26021,-122.55179,-0.5993316039829739
20997,1021,38.30988,-122.943,1.6912323323703582
20998,1021,38.46769,-122.89651,0.0111529651295916
20999,1021,38.28043,-122.21582,-1.6227523691298944
21000,1021,38.15486,-121.80438,-0.6524253445290048
21001,1021,38.65651,-122.61441,-0.4330458234515893
21002,1021,38.04248,-122.79684,1.8160441286737248
21003,1021,37.99642,-123.01949,-0.8221707058902238
21004,1021,38.34878,-122.57795,0.5075583359679622
21005,1021,38.14361,-122.44969,-0.3026400054280943
21006,1021,38.24039,-122.79842,0.5080054452296621
21007,1021,38.38921,-122.66297,0.2688846663283881
11067,1022,37.34655,-121.80774,-0.1625628619476842
11068,1022,37.27117,-121.98617,-0.1867918685658741
11069,1022,37.16346,-121.62645,-1.3087938496555975
11070,1022,37.85727,-122.42266,1.304715053436485
11071,1022,37.04922,-121.80722,-0.4231049374526432
11072,1022,37.21427,-122.17168,0.6769061149911054
11073,1022,37.20631,-121.97726,0.0380596441568368
11074,1022,37.15432,-121.73467,0.9179778831252746
11075,1022,37.2708,-122.21276,0.5421280841955582
11076,1022,37.19855,-122.34671,1.2646480722626037
11077,1022,37.28397,-122.05017,-0.4363163600904882
20610,1022,37.91881,-122.15176,-1.3727193084681
20611,1022,37.87352,-122.26099,-2.2786142807093457
20612,1022,38.03455,-120.38651,-0.6370337606525326
20613,1022,37.69782,-123.0011,-1.8955848257440973
20615,1022,37.34164,-121.64257,-1.1283872876363448
20616,1022,38.87874,-122.44277,-1.8102965280666128
20618,1022,37.008,-121.287,-0.2089797187149309
20619,1022,37.81647,-122.06302,-0.4143472225729049
20620,1022,37.25898,-121.67311,0.085149762102074
20621,1022,37.9889,-122.2156,0.1435462667820354
20622,1022,37.94906,-122.40851,-0.4022939756590967
20623,1022,37.72416,-122.11929,0.4706935239136475
20624,1022,37.80787,-122.3618,1.1485782979056194
20625,1022,37.12043,-122.1552,1.3572843194285789
20626,1022,37.51704,-122.37731,0.2363524258313061
20627,1022,37.16067,-121.89899,1.621181287082117
20628,1022,37.92144,-122.71806,0.3920243720290469
20629,1022,38.04962,-122.52331,0.994172048549164
20630,1022,37.76021,-122.41524,0.965200029082603
20631,1022,37.54187,-122.30471,0.1777420960247545
20632,1022,37.26352,-121.91617,-0.2134727948749564
20633,1022,37.30143,-121.9039,-0.0721033153385612
20634,1022,37.31816,-121.94354,0.9921480616355516
20635,1022,37.3066,-121.84915,-0.6229033136133276
20636,1022,37.68,-121.739,-0.7011575040345924
20637,1022,37.41702,-121.9154,-0.1436863534700546
20638,1022,37.59094,-122.36741,0.6706251679728809
20639,1022,37.40718,-122.00001,-0.5737156773454801
20640,1022,37.39415,-122.06041,0.3406567822170859
20641,1022,37.376,-121.84367,-0.9641662022497584
20642,1022,37.59268,-122.07449,-0.1870863158244733
20643,1022,37.71737,-121.72701,-0.6536043194923072
20644,1022,37.67928,-122.48405,1.3545684986993718
20645,1022,37.91056,-122.53778,1.533767682731449
20646,1022,37.74484,-122.40134,0.6200901077773726
20647,1022,37.71633,-122.43117,1.1687932467655826
20648,1022,37.81076,-122.29252,0.1645206080566314
20649,1022,37.72416,-122.44841,0.4476160511867847
20650,1022,37.41395,-121.87085,-0.5987292200843243
20651,1022,37.6806,-121.92098,-0.717603693758332
20652,1022,37.69169,-122.16982,-0.286417955044745
20653,1022,37.23294,-121.77186,0.0916500453741305
20654,1022,37.38332,-121.91088,-0.3749517387313488
20655,1022,37.28537,-121.93602,-0.3034757777946471
20656,1022,37.35834,-121.97775,0.2800608002162902
20657,1022,37.68873,-121.78351,-0.8160389197675564
20658,1022,37.8852,-122.03217,-0.7349938682663903
20659,1022,38.01299,-122.13416,0.6707878322807217
20660,1022,37.74766,-121.70843,-0.4577896538755816
20661,1022,37.7294,-121.83346,0.3940561283951342
20662,1022,37.37289,-121.76887,-1.442328229279693
20663,1022,37.73786,-122.06486,0.7558323462528593
20664,1022,37.85884,-121.99264,0.0341612034732037
20665,1022,37.91233,-121.90716,-1.2109329714046042
20666,1022,38.02691,-122.01599,-0.9757453277468976
20667,1022,37.34305,-122.33976,1.390068873096667
20668,1022,37.31861,-122.15314,-1.0804845841802884
20669,1022,37.17217,-122.01121,1.59152760680254
20670,1022,37.36045,-122.18986,-0.1842714296165682
20671,1022,37.51604,-122.45815,0.0448982730586157
20672,1022,37.63719,-122.47482,-0.8558884080256134
20673,1022,37.58225,-122.42006,0.2010949940646914
20674,1022,37.40372,-122.17596,0.3785040465193456
20675,1022,37.58644,-122.50217,-0.4273438516816155
20676,1022,38.26021,-122.55179,-0.7062358966957286
20677,1022,38.30988,-122.943,0.2170381762388164
20678,1022,38.33656,-122.81082,1.0843848808195895
20679,1022,38.15486,-121.80438,-0.2275986135260322
20680,1022,38.16488,-122.71296,-0.1204973300270939
20681,1022,38.07601,-122.2585,-0.4596873233165754
20682,1022,38.04248,-122.79684,1.0204411852259891
20683,1022,38.14361,-122.44969,-0.674705066312153
20684,1022,38.38921,-122.66297,0.5684946826748596
11078,1023,38.441,-122.701,0.0051049535141023
11079,1023,37.762,-122.505,2.5204986413035844
11080,1023,37.67928,-122.48405,2.2602797549450813
11081,1023,37.91056,-122.53778,3.393081239099292
11082,1023,38.03445,-122.27016,-0.965160999831732
11083,1023,37.71633,-122.43117,2.489250319927975
11084,1023,38.29027,-122.46125,-0.0783070506616334
11085,1023,38.4421,-122.6068,-0.588223946871067
11086,1023,38.36743,-122.52403,0.753654383330532
11087,1023,37.95397,-121.86554,-1.8364217224722053
11088,1023,37.87622,-122.23558,-1.271683600334255
11089,1023,37.91881,-122.15176,-1.517357363313877
11090,1023,37.87352,-122.26099,-0.9006323116393409
11091,1023,37.85727,-122.42266,1.5614335850865273
11092,1023,37.74766,-121.70843,0.890090425760721
11093,1023,37.7294,-121.83346,0.598299759875034
11094,1023,37.37289,-121.76887,-0.4386352274352747
11095,1023,37.73786,-122.06486,0.771062219854962
11096,1023,37.81041,-121.80272,0.7059696832282119
11097,1023,37.85884,-121.99264,0.2956470148921661
11098,1023,37.91233,-121.90716,-0.6730048265605584
11099,1023,38.02691,-122.01599,0.1414658326070317
11100,1023,38.34526,-122.4584,0.1228757979575423
11101,1023,37.69782,-123.0011,0.715522152673675
11102,1023,38.76927,-123.01486,-1.4033436259873553
11103,1023,38.80797,-122.7953,0.0940892133108275
11104,1023,37.34305,-122.33976,1.192784062605699
11105,1023,37.31861,-122.15314,0.2971383094843672
11106,1023,37.17217,-122.01121,2.3099340202400254
11107,1023,37.04922,-121.80722,-0.1151162580938227
11108,1023,37.36045,-122.18986,1.5754727091509109
11109,1023,37.51604,-122.45815,0.9049126003984445
11110,1023,37.21427,-122.17168,0.9292667731743316
11111,1023,37.15432,-121.73467,1.0478311242451313
11112,1023,37.63719,-122.47482,1.0005072775187978
11113,1023,37.2708,-122.21276,1.800775436772775
11114,1023,37.19855,-122.34671,0.2808871880682091
11115,1023,37.40373,-122.23868,0.5363566669841218
11116,1023,37.58225,-122.42006,1.2697466317732724
11117,1023,37.40372,-122.17596,0.5830429626889004
11118,1023,37.28397,-122.05017,0.1018431268559579
11119,1023,37.58644,-122.50217,1.861519559593004
11120,1023,38.87874,-122.44277,-2.678428656976349
11121,1023,38.43951,-122.25272,-0.1779322941800045
11122,1023,38.26021,-122.55179,-0.8138212202158382
11123,1023,38.00198,-122.47466,1.4257185270328665
11124,1023,38.30988,-122.943,0.5365011416433739
11125,1023,38.46769,-122.89651,-0.4598868262921677
11126,1023,38.28043,-122.21582,-1.1832897844606711
11127,1023,38.65651,-122.61441,-1.3966096437151836
11128,1023,38.16488,-122.71296,-0.5364286004745392
11129,1023,38.07601,-122.2585,-0.1506847849947951
11130,1023,38.04248,-122.79684,1.5682250635373605
11131,1023,37.99642,-123.01949,-0.6805991857485333
11132,1023,38.34878,-122.57795,0.653467560802391
11133,1023,37.92371,-122.59649,2.5458132796648214
11134,1023,38.24039,-122.79842,-0.9496598101486996
11135,1023,38.38921,-122.66297,-0.7805477278967888
11136,1023,39.2291,-121.7861,-1.109379344937889
11137,1023,37.62211,-121.75697,-1.2432564688216206
11138,1023,37.7934,-122.41636,1.488142981374343
11139,1023,37.808,-122.476,1.6924810337352088
11140,1023,38.267,-122.658,-0.6630938177637432
11142,1023,38.33,-122.318,0.4379709388577128
11143,1023,37.705,-122.467,2.7411434100201126
11144,1023,38.27,-122.276,0.2149342466745878
11145,1023,38.497,-122.759,-0.3904145111358619
11146,1023,38.438,-122.708,0.2658277479780643
11147,1023,38.471,-122.726,-0.770419115806022
11148,1023,38.1157,-122.505,0.693246279168304
19869,1023,38.03455,-120.38651,-1.6447391796379334
19870,1023,39.65471,-122.71595,-4.798767208069474
19872,1023,38.99349,-123.07234,-3.7005052545487422
19873,1023,40.81745,-124.02955,-3.272216753164968
19874,1023,38.14478,-122.88018,-0.8176099047760835
19875,1023,37.34164,-121.64257,-1.0772152768100416
19876,1023,39.55451,-121.50036,-3.181684112113567
19877,1023,37.008,-121.287,0.4044514360413151
19880,1023,36.76403,-121.44722,-1.6324339460023491
19881,1023,37.81647,-122.06302,-0.3270568895903648
19882,1023,37.25898,-121.67311,0.021301712551879
19883,1023,37.9889,-122.2156,-0.0567331998532825
19884,1023,37.94906,-122.40851,0.5593928011164373
19885,1023,37.72416,-122.11929,0.4909826634202342
19886,1023,37.80787,-122.3618,2.034223846307261
19887,1023,37.12043,-122.1552,0.2127518281200754
19888,1023,37.51704,-122.37731,0.7867592953676863
19889,1023,37.67433,-122.39855,1.549531860251099
19890,1023,37.16067,-121.89899,2.3289986011382866
19891,1023,38.04962,-122.52331,1.9539260290498943
19892,1023,38.12282,-122.14921,-0.8170629185518826
19893,1023,38.20025,-122.4644,0.6938369820740875
19894,1023,38.233,-122.636,-0.5049032421084494
19895,1023,37.76021,-122.41524,1.3835612635467234
19896,1023,37.77737,-122.39689,1.4562585825909111
19897,1023,37.76386,-122.4736,2.166852022778332
19898,1023,37.40701,-122.0946,0.6351673027384974
19899,1023,37.4748,-122.2392,1.487230899682785
19900,1023,37.16346,-121.62645,-0.4566765706021605
19901,1023,37.45035,-121.80037,-0.7875427255799179
19902,1023,37.20631,-121.97726,1.100006925113655
19903,1023,40.4756,-124.3375,-2.6988716808572493
19904,1023,40.6599,-123.21966,-3.858311756993297
19905,1023,40.8748,-123.7325,-3.064213284635333
19906,1023,40.4175,-124.1206,-3.438614871576324
19907,1023,40.2022,-123.7086,-2.962204747681905
19911,1023,40.5119,-121.5816,-1.602982087157756
19914,1023,38.15486,-121.80438,-0.9049135612337996
19915,1023,38.14361,-122.44969,-0.3932820517519321
19917,1023,36.2159,-120.80126,-0.4276935098023782
11167,1025,34.084,-118.6,-0.8313584429149936
11168,1025,34.14647,-118.76699,-0.4427104236231748
11169,1025,35.1269,-118.83009,-1.2011899088826257
11170,1025,34.2623,-116.92075,0.9303455074277462
11171,1025,34.94009,-119.41313,-1.4438341343948102
11172,1025,34.23883,-117.65853,-0.0573304104035102
11173,1025,33.80776,-117.98116,0.6637654686773481
11174,1025,34.68224,-118.57398,-0.2552297751198993
11175,1025,35.30819,-119.84583,-1.634430335325044
11177,1025,33.999,-117.68,0.2581112016426796
11178,1025,33.4019,-118.41502,1.190601694335219
11179,1025,32.8889,-117.1051,0.4844917475261283
11180,1025,34.25353,-118.33383,0.0165415769009708
11181,1025,33.65,-117.009,0.7568530028139501
11182,1025,34.10618,-118.45505,-0.3828060909297467
11183,1025,33.567,-116.631,1.577334773639863
11184,1025,32.999,-116.942,1.8585985076963727
11186,1025,34.72832,-119.98803,-0.853944198368817
11187,1025,33.71264,-118.29381,0.2416424511787189
11188,1025,34.55266,-120.50235,-0.7068310446583622
11189,1025,35.30177,-116.80574,0.5524528504845756
11190,1025,34.8294,-116.335,1.0794647451102366
11191,1025,35.66278,-118.47403,-2.565078695587064
11192,1025,33.86889,-118.33143,0.8658349474638126
11193,1025,33.798,-118.08837,0.656209252336316
11194,1025,34.00033,-118.37794,0.2060275607855989
11195,1025,34.9906,-118.34156,-0.034436169811801
11196,1025,34.30529,-118.48805,-1.4215907802238237
11197,1025,33.9753,-118.14918,0.0210378519374373
11198,1025,34.10819,-119.06587,-1.6923378129456397
11199,1025,33.684,-117.943,0.8783393766382266
11200,1025,34.28085,-118.9049,1.21458483299534
11201,1025,34.88848,-119.81362,-1.6769854069588608
11202,1025,34.22362,-118.05832,1.6530731084996102
11203,1025,34.53412,-120.17737,-0.9746247551139025
11204,1025,33.94539,-117.92372,0.97491923680462
11205,1025,34.6145,-118.7235,-2.811740310923714
11206,1025,34.44199,-118.58215,-0.6728127313695358
11207,1025,33.96273,-118.43702,0.6314954487690125
11208,1025,33.354,-116.863,-0.2392508508265494
11209,1025,33.7953,-117.60906,0.4285264292467182
11210,1025,34.09181,-117.80709,-0.177068924938816
11211,1025,34.39558,-118.49837,-1.445477008040552
11212,1025,33.63,-116.8478,0.4649355309204946
11213,1025,34.10473,-117.97956,0.596683980500091
11214,1025,33.74346,-118.40412,1.0253309359269622
11215,1025,34.05073,-118.08085,1.5766635267546767
11216,1025,33.99351,-117.37545,0.9275766838221426
11218,1025,34.44076,-119.71492,-2.0262840610190924
11220,1025,33.99543,-119.6351,-0.6051061912416751
11221,1025,33.553,-117.662,0.6551057270175611
11222,1025,34.43692,-119.1375,-2.097504835188815
11223,1025,34.293,-119.1646,-2.116117182306863
11225,1025,34.01438,-118.45617,-0.0989240790204485
11226,1025,34.27091,-118.74407,-1.026970161630895
11227,1025,35.01108,-120.40997,-2.570080098463757
11228,1025,34.035,-116.808,-0.4991947924338312
11229,1025,34.05933,-118.64614,-1.894073489933282
11230,1025,33.829,-117.789,0.5621648350635541
11231,1025,34.30302,-119.18676,-0.3783880717348987
11232,1025,33.664,-117.769,0.361370113670557
11233,1025,34.106,-117.098,1.6456398862646853
11234,1025,34.52775,-119.97834,-1.4979172367598188
11235,1025,34.38203,-117.67822,0.3805659275291526
11237,1025,35.14592,-119.41946,-0.3949243172748901
11238,1025,34.01919,-118.28631,-0.2565586735872051
11239,1025,34.48364,-118.11783,0.4629724683126344
11240,1025,35.84089,-119.08469,-1.44558516652106
11241,1025,34.51085,-119.27407,-1.5564720813100397
11242,1025,34.00948,-117.95077,1.0293766251814769
11244,1025,33.813,-118.37,2.2402501746024592
11245,1025,33.948,-118.184,1.80429877283266
11246,1025,34.289,-118.746,0.8565804768218039
11247,1025,34.013,-118.8,0.3370159749785232
11248,1025,34.154,-118.463,1.3739286926138838
11249,1025,34.185,-118.623,0.0296002083484311
11250,1025,34.185,-118.884,1.5688544188232747
11251,1025,34.186,-118.929,1.496127308408379
11252,1025,34.141,-118.875,1.3215806301641906
11253,1025,34.18,-118.76,-0.7150093035490521
11254,1025,34.271,-118.735,0.2837164408588323
11255,1025,34.262,-118.669,0.1091839858047485
11256,1025,34.224,-118.994,-0.9254152874450062
11257,1025,34.257,-118.995,0.3557727281969752
11258,1025,34.03,-118.434,1.068495905189776
11259,1025,34.193,-118.51,-0.0801100069144391
11284,1027,32.68005,-116.67215,0.8459027447036651
11285,1027,33.3527,-115.733,1.242311309921274
11287,1027,35.2693,-116.0703,-0.1374189788519391
11288,1027,34.68224,-118.57398,0.9136795569990582
11289,1027,34.155,-118.641,-0.4373381133222059
11290,1027,33.44577,-118.483,-0.1955375406594679
11293,1027,34.0602,-117.809,-0.838995864832341
11294,1027,33.876,-117.561,0.8820765730003525
11295,1027,33.93597,-116.57794,-0.1117385262947132
11296,1027,33.65,-117.009,0.0652337209601006
11297,1027,34.88303,-117.99106,1.0635136880240346
11298,1027,34.1,-117.439,-1.1346226956151002
11299,1027,35.082,-117.58267,-0.3500229044646579
11300,1027,33.8717,-117.92251,-0.0067659514843559
11301,1027,36.46719,-116.86322,0.1295527780684426
11302,1027,33.051,-114.827,-0.6832981410441243
11304,1027,34.8294,-116.335,-0.8573738578421034
11305,1027,35.9823,-117.8076,0.1346454988259991
11306,1027,34.15037,-118.10156,-1.0020063517217668
11307,1027,34.61462,-118.29104,1.1361101785223344
11308,1027,34.61594,-117.82493,1.717799260656489
11309,1027,35.47954,-117.68212,0.6522755040367717
11310,1027,34.5214,-117.991,1.108199601236714
11311,1027,34.3656,-117.36683,-1.1597453590020568
11313,1027,34.22362,-118.05832,0.10279384397357
11314,1027,34.8249,-114.59941,0.0891254234322904
11315,1027,33.788,-117.844,0.5693873961883519
11316,1027,34.6145,-118.7235,-1.036499774271331
11317,1027,34.1484,-118.1711,-1.7952205972139588
11318,1027,33.354,-116.863,-0.8845055796003312
11319,1027,33.7953,-117.60906,0.0301734205858846
11320,1027,33.74346,-118.40412,0.3808321064073915
11322,1027,34.05073,-118.08085,0.1650297196788428
11323,1027,33.99351,-117.37545,-0.3476583993590325
11324,1027,33.70432,-117.88578,0.9701184933891672
11326,1027,34.232,-117.235,-0.9660012556651324
11327,1027,35.8996,-116.27515,0.7519247774708356
11328,1027,33.48725,-117.68114,1.6489005970974182
11329,1027,34.01438,-118.45617,-0.1875282609164203
11330,1027,34.416,-118.449,1.0372743593427585
11331,1027,33.1774,-115.616,-0.947150142351068
11332,1027,34.106,-117.098,-0.7342360613113226
11333,1027,32.94508,-115.79988,0.9478947558051288
11334,1027,34.08377,-118.599,-0.5281284249061667
11336,1027,34.15607,-118.82039,-1.676995999993219
11337,1027,34.48364,-118.11783,-1.0822805448101591
11338,1027,34.56065,-117.3296,1.0010714574963993
11339,1028,34.224,-117.331,-1.5889327231408754
11340,1028,34.19988,-118.36201,-0.2115690585575464
11341,1028,34.68708,-118.29946,0.0115667778840219
11342,1028,35.1269,-118.83009,-0.1181052996241967
11343,1028,32.68005,-116.67215,2.404420196322885
11344,1028,34.2623,-116.92075,-1.2259786468948957
11345,1028,33.921,-116.981,-1.3438302066408667
11346,1028,34.23883,-117.65853,0.1517390801548913
11347,1028,34.069,-116.39,-1.0914466669004783
11349,1028,33.268,-116.417,-0.3249432646736455
11350,1028,33.80776,-117.98116,0.0467217803623147
11351,1028,34.68224,-118.57398,0.9777143988122604
11352,1028,33.4915,-116.667,-4.125407360186876
11353,1028,34.13678,-118.12199,-1.031885732382997
11354,1028,33.38822,-117.19495,1.7010333094109054
11355,1028,35.30819,-119.84583,-1.2886213538899909
11356,1028,35.52495,-117.36453,-0.3152013955671371
11359,1028,33.999,-117.68,-0.685440066905641
11360,1028,33.4019,-118.41502,-0.527324195258828
11361,1028,34.093,-117.317,0.2861374791784695
11363,1028,33.876,-117.561,1.437874269502016
11364,1028,33.655,-115.99,0.3539977252728631
11365,1028,34.63745,-115.38115,-0.0473458237999363
11366,1028,34.25353,-118.33383,0.5719054391740512
11367,1028,33.93597,-116.57794,-0.5058931741088957
11368,1028,33.65,-117.009,1.804993208067082
11369,1028,34.10618,-118.45505,-1.6990115508348664
11370,1028,33.84822,-118.09624,-0.5498332742876576
11371,1028,33.567,-116.631,0.1076398839798055
11372,1028,32.999,-116.942,1.4656030864151146
11374,1028,32.65915,-116.10061,-0.1350915598217195
11377,1028,33.11675,-115.82267,-0.2446293715903507
11378,1028,34.72832,-119.98803,-1.5469714770921263
11379,1028,33.71264,-118.29381,-2.8729045884965165
11380,1028,33.8717,-117.92251,-0.014711288703127
11382,1028,33.051,-114.827,-0.9388302899650726
11384,1028,33.1537,-117.22921,0.4401455764082558
11385,1028,34.13677,-118.1283,0.3678939026184328
11386,1028,35.30177,-116.80574,-0.6767253148219224
11387,1028,34.8294,-116.335,-0.9347635640526488
11388,1028,34.17643,-118.35967,-1.1576098445987657
11389,1028,34.121,-117.219,-0.7088922982413384
11391,1028,35.66278,-118.47403,-0.5240766391031744
11392,1028,33.0859,-116.5959,-0.5665379562862891
11393,1028,35.98249,-117.80885,-0.4276942784702325
11394,1028,34.36622,-116.61266,0.1302289685109449
11395,1028,34.15037,-118.10156,-0.992138498599646
11396,1028,33.597,-117.879,-1.836105404428089
11397,1028,33.86889,-118.33143,-0.671471034664896
11398,1028,34.00033,-118.37794,-1.0320054951116635
11399,1028,34.9906,-118.34156,0.2867511263871346
11400,1028,34.30529,-118.48805,-0.4424186713049116
11401,1028,33.9753,-118.14918,-1.1287654246233985
11402,1028,34.10819,-119.06587,-0.6879258504433395
11403,1028,34.80762,-118.86775,0.0329908995494021
11404,1028,33.684,-117.943,-0.8122892094834248
11405,1028,35.47954,-117.68212,0.1736071638921739
11406,1028,33.881,-118.176,-0.4432338586489605
11407,1028,34.3656,-117.36683,-1.3746031427850582
11408,1028,33.3516,-116.5615,-2.242011491981204
11410,1028,33.818,-116.369,-0.0748833428684092
11411,1028,34.13688,-118.12601,0.3711292617204303
11413,1028,34.005,-117.562,-0.3287646198457422
11414,1028,34.81258,-119.1453,-1.0315934533965223
11415,1028,36.05799,-117.48901,-1.3954231891172597
11416,1028,34.88848,-119.81362,-0.7045179238771835
11417,1028,33.808,-116.968,1.0364454425334575
11418,1028,33.6,-117.195,1.72078786781152
11419,1028,34.22362,-118.05832,0.2336935383340555
11420,1028,34.78035,-116.55798,-0.8209406543635658
11421,1028,34.76759,-114.61881,0.4259972976415282
11422,1028,33.556,-115.946,-0.1144917080086484
11423,1028,33.788,-117.844,-0.489535636310932
11424,1028,33.94539,-117.92372,0.414926180532051
11425,1028,32.608,-116.93,0.8205032564167514
11426,1028,34.6145,-118.7235,-1.2622240043968258
11427,1028,34.17141,-118.18523,-1.2431487043040663
11428,1028,34.44199,-118.58215,-0.5832977794745337
11429,1028,34.1207,-117.63808,-0.996485659815232
11430,1028,33.862,-117.205,0.2926400819899907
11432,1028,33.354,-116.863,-1.11627432257641
11433,1028,33.7953,-117.60906,-0.696851532437081
11435,1028,33.824,-116.55,-0.4500069811485191
11436,1028,34.09181,-117.80709,-1.0138020198262965
11438,1028,33.63,-116.8478,0.7277174022148631
11439,1028,34.281,-118.478,1.867663680799308
11440,1028,34.10473,-117.97956,-2.1153273024596
11441,1028,33.74346,-118.40412,-0.288451040147717
11442,1028,34.87533,-116.99684,0.1758039996323892
11443,1028,34.05073,-118.08085,-0.4144051940891284
11444,1028,33.99351,-117.37545,0.6938634230429817
11445,1028,33.183,-115.623,-1.8929436540215767
11446,1028,33.2801,-115.98585,0.0939870800110027
11447,1028,33.70432,-117.88578,-1.0287316707242335
11450,1028,34.232,-117.235,-0.2709375669306708
11451,1028,32.915,-118.4879,0.4577341449671666
11452,1028,33.99543,-119.6351,1.732493674545243
11453,1028,33.553,-117.662,-2.57303164135492
11454,1028,32.784,-117.13805,-0.5848811568717658
11456,1028,34.43692,-119.1375,-0.9760967320530468
11457,1028,32.9333,-115.7039,-0.9506455979170608
11458,1028,32.944,-115.718,-2.701431853838429
11459,1028,35.8996,-116.27515,1.5393519463151637
11460,1028,35.89095,-117.28332,0.5334721537828965
11461,1028,33.834,-116.797,0.5332058444447704
11462,1028,35.3142,-119.99581,-0.851518404927666
11463,1028,34.01438,-118.45617,-0.7178005533191504
11464,1028,34.05933,-118.64614,-1.0660281813989982
11466,1028,33.829,-117.789,-0.9221228588573648
11467,1028,34.30302,-119.18676,0.2895670285036021
11468,1028,33.664,-117.769,-2.1251484754956707
11469,1028,33.79033,-118.19878,-0.9873007247172778
11470,1028,34.106,-117.098,-0.1749896348179634
11471,1028,32.94508,-115.79988,-0.4350280057621954
11472,1028,34.52775,-119.97834,-0.3248502152035913
11473,1028,34.38203,-117.67822,-0.6184936599031204
11478,1028,34.01919,-118.28631,-1.1619324911764184
11479,1028,34.48364,-118.11783,0.3312151866026112
11480,1028,35.84089,-119.08469,-0.616053629851791
11481,1028,34.56065,-117.3296,0.3589205321321229
11482,1028,35.53664,-118.14035,0.1407351862459086
11483,1028,32.75904,-115.73161,0.411026153228667
11484,1028,34.51085,-119.27407,-2.0652018699496644
11485,1028,34.00948,-117.95077,-1.3498588549284944
11486,1028,34.1717,-118.64971,2.079015236597166
11487,1028,33.94869,-118.25547,-0.25530177519125
11488,1028,33.482,-116.911,1.956436496775331
11489,1028,33.787,-116.959,0.4965724326455753
11490,1028,33.729,-116.979,0.5380154995501786
11491,1028,33.84,-117.957,-0.1883637281444118
11492,1028,33.786,-117.809,-1.0368120354319588
11493,1028,33.863,-117.742,0.3739999390942076
11494,1028,33.917,-117.443,1.729639334467406
11495,1028,33.968,-117.252,0.1048103025811072
11496,1028,33.565,-117.264,1.587440101629198
11497,1028,33.751,-117.015,1.1972499555461913
11498,1028,33.577,-117.131,-0.1475714107123094
11499,1028,33.818,-117.312,-0.3259234143963654
11500,1028,33.699,-117.267,1.691555985075861
11501,1028,33.604,-117.279,-0.0083344885838293
11502,1028,33.884,-117.514,1.220974994562665
11503,1028,33.876,-117.593,1.1179416234920694
11504,1028,33.951,-117.446,2.0404682067124664
11505,1028,33.496,-117.149,0.3484695766147854
11506,1028,33.662,-117.997,0.2561281421441557
11507,1028,33.678,-117.753,-0.3323238475254592
11508,1028,33.8556,-117.54,1.4218494463593896
11509,1028,33.933,-117.896,1.3465506386977917
11510,1028,33.604,-117.906,-0.5772894992712545
11511,1028,33.889,-117.886,0.1353073354929715
11512,1028,33.932,-117.955,-0.0328683625318505
11513,1028,33.927,-117.803,-0.3223793821472436
11514,1028,33.791,-117.968,0.6699235400772142
11515,1028,33.676,-117.963,0.023123453912812
11516,1028,33.819,-117.85,-0.7869934593904708
11517,1028,33.748,-117.844,-1.087334452180726
11518,1028,33.742,-117.894,-0.5817183222010487
11519,1028,33.716,-117.904,-0.7599703862171819
11520,1028,33.7,-117.88,0.6793635806018302
11521,1028,33.895,-117.32,1.7695221710358144
11522,1028,33.975,-117.486,1.7354152305424622
11523,1028,33.669,-117.332,0.787030619989006
11524,1028,33.748,-117.127,2.0792492861927827
11525,1028,33.787,-117.23,3.133554590921606
11526,1028,33.649,-117.205,2.205452490276714
11527,1028,33.723,-118.026,1.220603365156916
11528,1028,33.962,-118.065,0.1681702067675718
11529,1028,33.924,-118.167,0.5689730977759192
11530,1028,33.883,-118.117,0.3585484141753195
11531,1028,33.946,-118.0,0.8234254914965878
11532,1028,33.818,-118.108,1.0539840094273731
11533,1028,34.065,-117.893,0.6797036571283933
11534,1028,34.057,-117.698,0.5716228345256493
11535,1028,34.033,-117.312,1.324699161536191
11536,1028,34.112,-117.681,0.4083153223483701
11537,1028,34.014,-117.511,0.6210660774583434
11538,1028,34.123,-117.54,1.6792963864823318
11539,1028,34.056,-117.748,1.880905517695775
11540,1028,34.096,-117.287,0.5396934137305515
11541,1028,34.063,-117.784,0.8529102950695767
11542,1028,34.069,-117.398,1.222849825020562
11543,1028,34.1,-117.434,0.503762471176801
11544,1028,34.021,-117.866,0.8872718655805557
11545,1028,34.121,-117.738,1.6104265604478605
11546,1028,34.002,-118.077,0.6762883814598918
11547,1028,34.193,-117.427,0.9699930019218708
11548,1028,34.00469,-117.22393,-0.4861095423478004
11549,1028,34.051,-117.25,0.3894201172103805
11550,1028,33.59967,-117.866,-0.3424254321506438
11551,1028,33.82177,-116.96836,0.1292523623269653
11552,1028,34.103,-117.349,-0.8889295371158875
11554,1028,34.14,-117.294,-0.4269693385919624
11555,1028,34.058,-117.305,1.4838239175666106
11556,1028,34.205,-117.365,0.5825143412838674
11558,1028,34.233,-117.482,0.2520609028950286
11559,1028,34.0869,-117.3114,0.3171391991346378
11560,1028,33.852,-117.451,4.160521990548881
11584,1030,37.95397,-121.86554,-1.900160491657208
11585,1030,37.87622,-122.23558,-1.2703177823684395
11586,1030,37.91881,-122.15176,-1.0849821676305966
11587,1030,37.16346,-121.62645,-1.616395502192965
11588,1030,37.74766,-121.70843,-0.6528519005853262
11589,1030,37.7294,-121.83346,0.0266608360547738
11590,1030,38.03455,-120.38651,-0.8020330679589064
11591,1030,37.34305,-122.33976,1.2668444814540027
11592,1030,37.17217,-122.01121,0.791776550831248
11593,1030,37.21427,-122.17168,0.4926026195877059
11594,1030,37.20631,-121.97726,-0.3054838308307141
11595,1030,37.15432,-121.73467,0.3277468190320172
11596,1030,37.19855,-122.34671,0.5845675213700658
11597,1030,37.40373,-122.23868,-1.4341520497896396
11598,1030,37.58225,-122.42006,0.089592239609673
11599,1030,37.40372,-122.17596,-0.1096617757932561
11600,1030,37.28397,-122.05017,-0.3058063920601627
11601,1030,37.6444,-118.89683,3.6878684668146735
11602,1030,37.34164,-121.64257,-1.4385880046009685
11603,1030,37.65909,-118.97907,3.683846485338754
11605,1030,36.76403,-121.44722,0.5830235046130383
11606,1030,37.62211,-121.75697,-1.0532350120596528
11607,1030,36.851,-121.402,1.439213894263308
11608,1030,36.891,-121.404,0.95503697534629
19470,1030,37.87352,-122.26099,-2.2264924369976606
19471,1030,37.69782,-123.0011,-1.8261445511828656
19472,1030,38.99349,-123.07234,-1.5394098787123334
19475,1030,37.28744,-121.86422,-0.5136087393370754
19476,1030,37.81647,-122.06302,-0.2606561844645045
19477,1030,37.9889,-122.2156,0.3306668762183016
19478,1030,37.72416,-122.11929,0.3152204204461359
19479,1030,37.12043,-122.1552,0.6253531179398533
19480,1030,37.51704,-122.37731,-0.1046622876497911
19481,1030,37.67433,-122.39855,-0.4310557447225067
19482,1030,37.16067,-121.89899,0.9263388990553602
19483,1030,37.92144,-122.71806,0.5631046472815735
19484,1030,38.04962,-122.52331,0.6832043025692589
19485,1030,38.12282,-122.14921,-0.0760524328979521
19486,1030,37.77737,-122.39689,0.0444499066863328
19487,1030,37.76386,-122.4736,1.062388542477657
19488,1030,37.762,-122.505,0.8785285887932501
19489,1030,37.40701,-122.0946,-0.2895590129483839
19490,1030,37.54187,-122.30471,0.5252891528605554
19491,1030,37.30249,-121.97978,-0.1455575929648864
19492,1030,37.26748,-121.86656,-0.7761637076789288
19493,1030,37.26352,-121.91617,-0.9877151286921038
19494,1030,37.30143,-121.9039,-0.6790229261055583
19495,1030,37.31816,-121.94354,0.9927396592610942
19496,1030,37.3066,-121.84915,-1.1503695408685852
19497,1030,37.66,-121.873,-0.0669858102674215
19498,1030,37.68,-121.739,-0.3202711914453833
19499,1030,37.59094,-122.36741,0.8331432979452796
19500,1030,37.40718,-122.00001,-0.3363233006270779
19501,1030,37.74664,-122.38679,1.0969985923209524
19502,1030,37.39415,-122.06041,-0.3693601693297077
19503,1030,37.45098,-122.4287,0.2913018017603381
19504,1030,37.59268,-122.07449,-0.0678734184843068
19505,1030,37.71737,-121.72701,-0.656871970899425
19506,1030,37.67928,-122.48405,1.2137436915012596
19507,1030,38.03445,-122.27016,-1.3166395000842863
19508,1030,37.85727,-122.42266,1.1793501875542285
19509,1030,37.85884,-121.99264,0.112657907868746
19510,1030,37.31861,-122.15314,-1.0776032698592344
19511,1030,37.51604,-122.45815,0.0042822153893719
19512,1030,37.63719,-122.47482,-1.0435565503604736
19513,1030,37.58644,-122.50217,-0.2997374480487277
19514,1030,38.04248,-122.79684,1.098221628401382
19515,1030,37.9231,-122.5983,-0.1578251170521694
19516,1030,38.38921,-122.66297,0.0575978679178302
11609,1031,37.27117,-121.98617,-1.1244517399338263
11610,1031,37.16346,-121.62645,-1.3354035069171488
11611,1031,37.45035,-121.80037,-0.0994241260793569
11612,1031,37.34305,-122.33976,0.6471683242505407
11613,1031,37.21427,-122.17168,-0.0725301562175353
11614,1031,37.20631,-121.97726,-0.1657512688645364
11615,1031,37.15432,-121.73467,1.5016219102733266
11616,1031,37.2708,-122.21276,0.0248732060602933
11617,1031,37.40372,-122.17596,0.0408348915302947
11618,1031,37.008,-121.287,-1.2252797640078146
11619,1031,36.851,-121.402,-0.2472138676584436
11620,1031,37.141,-121.663,0.9518320977066304
11621,1031,36.891,-121.404,-0.5964213817154023
19676,1031,37.91881,-122.15176,-0.2711157744948419
19677,1031,37.87352,-122.26099,-1.918153840321248
19678,1031,38.03455,-120.38651,-1.3301187436141264
19679,1031,37.69782,-123.0011,-2.0811944906743336
19680,1031,38.99349,-123.07234,-0.9619796806878944
19682,1031,37.34164,-121.64257,-1.382092808800809
19683,1031,38.87874,-122.44277,-1.4629111514609057
19685,1031,35.945,-120.542,-0.7264028147669989
19686,1031,37.28744,-121.86422,-0.03572125607757
19687,1031,37.81647,-122.06302,0.8028014646909222
19688,1031,37.25898,-121.67311,-0.8012668870882202
19689,1031,37.9889,-122.2156,0.9785420509025824
19690,1031,37.94906,-122.40851,-0.0903906201665071
19691,1031,37.72416,-122.11929,0.2946328301849814
19692,1031,37.80787,-122.3618,1.040117457513748
19693,1031,37.12043,-122.1552,0.1154160309679342
19694,1031,37.51704,-122.37731,-0.2944834159365941
19695,1031,37.16067,-121.89899,0.6535497917928272
19696,1031,37.92144,-122.71806,0.5938829579022346
19697,1031,38.04962,-122.52331,1.1256774933508409
19698,1031,38.233,-122.636,1.0493066648429308
19699,1031,37.76021,-122.41524,0.7574163965746391
19700,1031,37.77737,-122.39689,-0.0298664154702143
19701,1031,37.75094,-122.49072,1.2068556871056833
19702,1031,37.76386,-122.4736,1.1898971907907738
19703,1031,37.762,-122.505,1.4881098711494585
19704,1031,37.40701,-122.0946,-0.2765802743909992
19705,1031,37.4748,-122.2392,-0.6628767403773486
19706,1031,37.54187,-122.30471,0.3078368695738837
19707,1031,37.26352,-121.91617,-1.2935041041599191
19708,1031,37.30143,-121.9039,-0.6284701077956714
19709,1031,37.31816,-121.94354,0.6791430543774578
19710,1031,37.3066,-121.84915,-1.275231256706855
19711,1031,37.66,-121.873,0.1508089627117231
19712,1031,37.68,-121.739,0.2769823544521285
19713,1031,37.41702,-121.9154,-0.1004881321895646
19714,1031,37.59094,-122.36741,0.4895698045429139
19715,1031,37.74766,-122.42528,0.8908617696942371
19716,1031,37.85727,-122.42266,1.504581567336006
19717,1031,37.74766,-121.70843,0.110089065053499
19718,1031,37.7294,-121.83346,0.5843274491279428
19719,1031,37.85884,-121.99264,0.6187136234471968
19720,1031,37.91233,-121.90716,-1.0020132654575298
19721,1031,38.02691,-122.01599,-0.5491000015814878
19722,1031,37.31861,-122.15314,-1.7257685660360509
19723,1031,37.17217,-122.01121,0.7174116129291944
19724,1031,37.04922,-121.80722,-1.1277161253220656
19725,1031,37.36045,-122.18986,-0.9102977811040724
19726,1031,37.51604,-122.45815,-0.0144879759492114
19727,1031,37.63719,-122.47482,-1.1349024938535748
19728,1031,37.19855,-122.34671,0.0877390998597937
19729,1031,37.58225,-122.42006,0.1568037537345114
19730,1031,37.28397,-122.05017,-0.8932478989025652
19731,1031,37.58644,-122.50217,-0.5781775832382015
19733,1031,37.6444,-118.89683,2.690391965832618
19734,1031,37.65909,-118.97907,2.724186985733792
19735,1031,38.26021,-122.55179,0.022996843766633
19736,1031,38.30988,-122.943,-0.5375294033612744
19737,1031,38.33656,-122.81082,1.2961512275998983
19738,1031,38.46769,-122.89651,-0.0134989494654845
19739,1031,38.28043,-122.21582,-1.2276799338426343
19740,1031,38.15486,-121.80438,-0.3553797986021162
19741,1031,38.16488,-122.71296,0.1916134668314116
19742,1031,38.07601,-122.2585,0.0899053871145162
19743,1031,38.04248,-122.79684,1.2981951970691357
19744,1031,37.99642,-123.01949,-0.8987306058770944
19745,1031,38.34878,-122.57795,1.8660323834694403
19746,1031,38.14361,-122.44969,-0.3264769731944373
19747,1031,38.38921,-122.66297,0.3095408847706279
11622,1032,37.27117,-121.98617,-1.7390742607067438
11623,1032,36.61809,-121.31468,3.2417244455690017
11624,1032,37.16346,-121.62645,-1.480810248606744
11625,1032,37.45035,-121.80037,-1.160562520408572
11626,1032,37.73786,-122.06486,0.3283373508894899
11627,1032,36.68011,-119.02282,2.7763384604120027
11628,1032,37.17217,-122.01121,0.3277987032807573
11629,1032,36.92745,-121.82764,-1.675350929211277
11630,1032,37.21427,-122.17168,-0.3081111576554602
11631,1032,37.20631,-121.97726,-0.7259877756674119
11632,1032,37.15432,-121.73467,1.2218185037036764
11633,1032,37.2708,-122.21276,-0.5906318067580488
11634,1032,37.40373,-122.23868,-2.295963769034328
11636,1032,37.34164,-121.64257,-2.5693521243060644
11637,1032,37.65909,-118.97907,4.286587794584992
11638,1032,37.008,-121.287,0.8862497187467844
11640,1032,36.2159,-120.80126,1.6008439274188029
11641,1032,36.0688,-120.59618,1.8680557678006784
11642,1032,35.63597,-120.86984,2.627065321150796
11643,1032,37.28744,-121.86422,-0.3978033024798095
11644,1032,37.62211,-121.75697,-1.801750451106174
11645,1032,36.851,-121.402,2.401603671291048
11646,1032,36.891,-121.404,1.7375569695216242
11647,1032,36.86,-121.54,1.1954973926838015
11648,1032,36.671,-121.642,2.613608023743639
11649,1032,36.807,-121.778,0.1770459476080008
11650,1032,36.862,-121.578,1.5152313603839624
11651,1032,36.987,-121.536,-0.2107343642076841
11652,1032,36.848,-121.397,3.06082476586556
21288,1032,37.91881,-122.15176,-1.4631980590252889
21289,1032,37.87352,-122.26099,-2.4024249564910134
21290,1032,38.03455,-120.38651,-0.8486607196348159
21291,1032,37.69782,-123.0011,-2.040807569578083
21293,1032,36.3887,-121.5514,3.5337022441340182
21294,1032,38.99349,-123.07234,-1.3716163906207557
21296,1032,38.14478,-122.88018,-1.1806144353898191
21297,1032,38.87874,-122.44277,-2.1314411309371595
21298,1032,39.55451,-121.50036,-0.6635862481884559
21300,1032,39.2291,-121.7861,0.3206089904568658
21301,1032,37.25898,-121.67311,-1.8982785653844367
21302,1032,37.72416,-122.11929,-0.4532984627636205
21303,1032,37.12043,-122.1552,0.0973922429292737
21304,1032,37.16067,-121.89899,0.577261453459373
21305,1032,37.40701,-122.0946,-0.8340857372990668
21307,1032,37.85727,-122.42266,0.786028067071897
21308,1032,37.74766,-121.70843,-0.2024623132321108
21309,1032,37.7294,-121.83346,-0.258350324264416
21310,1032,37.37289,-121.76887,-1.5384092341031548
21311,1032,37.81041,-121.80272,-0.8498273525950517
21312,1032,37.9889,-122.2156,0.3266862441267802
21313,1032,37.85884,-121.99264,-0.0747990545562349
21314,1032,37.91233,-121.90716,-1.5886464207042736
21315,1032,38.02691,-122.01599,-1.170874742987395
21316,1032,37.0254,-121.4845,-0.8004830246714794
21317,1032,37.34305,-122.33976,0.5937091995928424
21318,1032,37.31861,-122.15314,-2.211671810199688
21319,1032,37.04922,-121.80722,-3.6731753135467695
21320,1032,37.36045,-122.18986,-1.2971533428034412
21321,1032,37.51604,-122.45815,-0.2395761686379859
21322,1032,37.63719,-122.47482,-1.2752767327842067
21323,1032,37.79499,-122.4746,-0.0479229893481174
21324,1032,37.19855,-122.34671,-0.0458483494819215
21325,1032,37.58225,-122.42006,-0.4799487181287354
21326,1032,37.40372,-122.17596,-0.8108737316716511
21327,1032,37.58644,-122.50217,-0.8541552570556634
21328,1032,37.6444,-118.89683,4.157876762011759
21329,1032,38.26021,-122.55179,-0.5939680669924667
21330,1032,38.00198,-122.47466,0.2717901176391307
21331,1032,38.15486,-121.80438,-0.9972762923178518
21332,1032,38.07601,-122.2585,-0.7108206164155353
21333,1032,37.92371,-122.59649,-0.2186390176025881
21334,1032,35.73065,-120.24986,0.4661776869932077
21335,1032,35.40773,-120.54556,3.0079326883095168
21336,1032,35.86661,-120.4796,2.1289568684238205
21337,1032,35.82404,-121.05393,-3.190674232210871
11653,1033,37.40718,-122.00001,-0.2510395136182772
11654,1033,37.376,-121.84367,-1.872071029257976
11655,1033,37.27117,-121.98617,-1.6680622303729078
11656,1033,37.87622,-122.23558,-0.8762543516192444
11657,1033,37.87352,-122.26099,-1.3659455550455517
11658,1033,37.16346,-121.62645,-1.869081266304273
11659,1033,37.85727,-122.42266,2.258268286066152
11660,1033,37.45035,-121.80037,-0.997777581389277
11661,1033,37.74766,-121.70843,0.034680969681573
11662,1033,37.25898,-121.67311,-1.3609762467951294
11663,1033,37.37289,-121.76887,-1.6926276757975256
11664,1033,37.73786,-122.06486,0.0818114219572431
11665,1033,37.81041,-121.80272,-0.6924587856734427
11666,1033,37.94906,-122.40851,0.7386752844711509
11667,1033,37.91233,-121.90716,-1.2974988311598696
11668,1033,36.3887,-121.5514,0.4716746735036829
11669,1033,37.0254,-121.4845,-0.6324467397041096
11670,1033,37.34305,-122.33976,1.8852828322050088
11671,1033,37.17217,-122.01121,0.2360812489966688
11672,1033,37.04922,-121.80722,-2.5246809544567133
11673,1033,36.92745,-121.82764,-1.743146805107303
11674,1033,37.36045,-122.18986,0.3454536702279152
11675,1033,37.51604,-122.45815,1.842354799334467
11676,1033,37.21427,-122.17168,0.1748247336764135
11677,1033,37.20631,-121.97726,-0.3708693093562608
11678,1033,37.15432,-121.73467,-1.5779641566858713
11679,1033,37.63719,-122.47482,0.6825928567173741
11680,1033,37.79499,-122.4746,0.8539924449145933
11681,1033,37.19855,-122.34671,0.3088928089840096
11682,1033,37.58225,-122.42006,0.9796591160892734
11683,1033,37.67433,-122.39855,0.8982434713427196
11684,1033,37.58644,-122.50217,1.7973938135876324
11685,1033,37.34164,-121.64257,0.2046648342846978
11686,1033,38.00198,-122.47466,1.2154219172965546
11687,1033,38.33656,-122.81082,2.052595616694488
11688,1033,38.04962,-122.52331,2.5213104659079435
11689,1033,37.92371,-122.59649,1.1651321648010924
11690,1033,37.008,-121.287,-0.116327965462246
11691,1033,37.28744,-121.86422,-0.3532976379845763
11692,1033,37.62211,-121.75697,-1.9590822043947729
11693,1033,37.39631,-121.75803,-0.5586183793538172
11694,1033,37.468,-122.308,1.806834788634692
11696,1033,37.79202,-122.26382,1.6195726132551669
11697,1033,37.118,-121.55,0.5053999110724288
11698,1033,37.224,-121.74,1.1534384641367856
11699,1033,37.29,-121.764,-0.6943479727223844
11700,1033,37.001,-121.522,0.4594408223701594
11701,1033,37.124,-121.551,-0.998286945528078
11702,1033,37.21,-121.803,0.0794393529170703
11703,1033,37.329,-121.937,-0.4957097818943951
11704,1033,37.484,-122.313,1.6157956947051142
11705,1034,33.3527,-115.733,-0.3674513986595628
11707,1034,35.2693,-116.0703,0.4192259730736304
11708,1034,34.68224,-118.57398,1.4198825918072249
11709,1034,33.4019,-118.41502,0.3344478231686561
11711,1034,34.0602,-117.809,-0.4176901028542675
11712,1034,33.876,-117.561,-0.3061722230590461
11713,1034,34.63745,-115.38115,-0.0783038320420262
11714,1034,33.93597,-116.57794,-0.2232985425996296
11715,1034,33.65,-117.009,0.0067105216911937
11716,1034,32.805,-115.447,0.0819367443805114
11717,1034,34.88303,-117.99106,0.4815114862698844
11718,1034,34.1,-117.439,-0.8906930008339917
11719,1034,35.082,-117.58267,0.8120088637521367
11720,1034,33.8717,-117.92251,-0.0616539573478458
11721,1034,36.46719,-116.86322,0.4662391500634301
11722,1034,33.051,-114.827,-0.5163490286157557
11724,1034,35.30177,-116.80574,-0.7662170024010988
11725,1034,34.8294,-116.335,-0.5340144992389186
11726,1034,33.0859,-116.5959,0.0079497074624453
11727,1034,34.15037,-118.10156,-0.2357087501214781
11728,1034,34.61462,-118.29104,0.9502366200621843
11729,1034,34.61594,-117.82493,1.780398297734687
11730,1034,34.5214,-117.991,1.2362053091756473
11731,1034,34.3656,-117.36683,-0.9172925782953928
11732,1034,34.005,-117.562,0.5653726993758349
11734,1034,34.22362,-118.05832,0.303318250233837
11735,1034,34.8249,-114.59941,0.6141660749192605
11736,1034,34.6145,-118.7235,-0.845549616756854
11737,1034,34.1484,-118.1711,-1.059007456251586
11739,1034,33.354,-116.863,-0.6490899644506526
11740,1034,33.7953,-117.60906,-0.7519702602991647
11741,1034,33.74346,-118.40412,0.2001517791641013
11743,1034,34.05073,-118.08085,1.2814743087113027
11744,1034,33.99351,-117.37545,-0.0764071124012291
11745,1034,33.70432,-117.88578,-0.0685513034104068
11746,1034,34.44076,-119.71492,0.3037935020263622
11747,1034,34.232,-117.235,-1.241587576915548
11748,1034,32.9799,-118.54697,-0.2288819092312214
11749,1034,35.8996,-116.27515,1.571682931009085
11750,1034,34.01438,-118.45617,0.2507896953479231
11751,1034,34.27091,-118.74407,-0.370231243881868
11752,1034,32.841,-117.248,0.5284624478743914
11753,1034,34.416,-118.449,0.337254711959891
11754,1034,34.106,-117.098,1.5580336798431431
11755,1034,32.94508,-115.79988,-0.2607539482942886
11756,1034,34.38203,-117.67822,-0.1740218743689157
11757,1034,34.15607,-118.82039,-1.8154588076448568
11758,1034,34.01919,-118.28631,-0.2386717742865807
11759,1034,34.48364,-118.11783,-1.5064286005089913
11760,1034,34.56065,-117.3296,0.7081535226769624
11761,1035,34.312,-118.496,-0.6641921330814361
11762,1035,34.313,-118.498,-1.5109061936359582
11763,1035,34.258,-118.301,-0.5873736006430788
11764,1035,34.207,-118.233,0.7311294293854309
11765,1035,34.127,-118.346,0.0937241212693241
11766,1035,34.148,-118.371,0.3310559319713128
11767,1035,34.196,-118.341,-0.4343801208983632
11768,1035,34.174,-118.2,0.5581983307287878
11769,1035,34.387,-118.533,-0.1882527366127324
11770,1035,34.143,-118.304,0.3760640230513756
11771,1035,34.327,-118.444,0.1947420942291066
11772,1035,34.219,-118.429,0.3653828187428232
11773,1035,34.172,-118.42,0.2889747819763059
11774,1035,34.084,-118.307,1.0312591763803802
11775,1035,34.199,-118.396,-0.9608254139292408
11776,1035,34.07,-118.346,0.6450628951886094
11777,1035,34.271,-118.735,0.1214443727470196
11778,1035,34.262,-118.669,1.0513270647075157
11779,1035,34.139,-118.364,0.2410169892073862
11780,1035,34.18,-118.336,-0.2375110183435623
11781,1035,34.044,-118.443,0.4468918992272269
11782,1035,34.029,-118.409,0.3864026695055149
11783,1035,34.056,-118.274,0.4691929550785384
11784,1035,34.6172,-118.285,0.5513802755672356
11785,1035,34.19658,-118.02307,1.0918537298091209
11786,1035,34.073,-118.117,0.0890568769048557
11787,1035,34.09671,-118.47946,0.6437784499339037
11788,1035,34.14647,-118.76699,-0.1011097111720046
11789,1035,34.68708,-118.29946,-1.716944838038698
11790,1035,32.68005,-116.67215,0.7502681527943109
11791,1035,34.1949,-118.354,0.0629104198545467
11792,1035,34.2623,-116.92075,1.0707284479921522
11793,1035,33.57508,-117.26119,0.4936865234069906
11794,1035,34.069,-116.39,0.2462732334245019
11795,1035,33.268,-116.417,1.1739854471456406
11796,1035,34.68224,-118.57398,-0.0882325407175784
11797,1035,33.38822,-117.19495,0.1518625462758334
11799,1035,33.999,-117.68,-0.7616800435897659
11800,1035,33.4019,-118.41502,0.1175912740178271
11801,1035,34.093,-117.317,0.9062961776804264
11802,1035,33.655,-115.99,1.12217960596055
11803,1035,33.93597,-116.57794,-0.1102877518379262
11804,1035,33.65,-117.009,0.6866088431932986
11805,1035,34.10618,-118.45505,-0.2175815887931484
11806,1035,34.88303,-117.99106,-0.3530915510278379
11807,1035,35.082,-117.58267,1.3877806624434326
11808,1035,33.1537,-117.22921,-0.6486241116183922
11810,1035,34.1192,-117.809,-0.0500621638026644
11811,1035,34.13677,-118.1283,-0.9870395593660868
11812,1035,35.30177,-116.80574,0.9475541186935104
11813,1035,34.8294,-116.335,1.4991559115806716
11814,1035,34.17643,-118.35967,-0.3610624948827501
11815,1035,35.66278,-118.47403,-1.8418443750974545
11816,1035,33.0859,-116.5959,-0.0646206243471072
11817,1035,35.9823,-117.8076,1.4395857468152695
11818,1035,34.15037,-118.10156,-0.9388353692351432
11819,1035,33.7141,-116.7119,-0.555507276980172
11820,1035,34.00033,-118.37794,0.1799973400998935
11821,1035,34.61462,-118.29104,0.3743248544018251
11822,1035,34.30529,-118.48805,0.4798965696933572
11823,1035,34.10819,-119.06587,0.5423237240185477
11824,1035,34.61594,-117.82493,-0.1312187421221713
11825,1035,34.5214,-117.991,-0.0244008011353072
11826,1035,34.3656,-117.36683,0.2225930008857597
11827,1035,33.3516,-116.5615,-0.0759702278410925
11828,1035,33.818,-116.369,0.8299260168581971
11829,1035,34.005,-117.562,-0.0809990719690426
11830,1035,34.28085,-118.9049,0.3708945811225663
11831,1035,33.808,-116.968,1.0767127828742111
11832,1035,34.22869,-118.55829,0.1595065228406049
11833,1035,33.94539,-117.92372,-1.2932224716772034
11834,1035,34.6145,-118.7235,-0.9670173230278818
11835,1035,34.1484,-118.1711,-3.096289970670412
11836,1035,34.44199,-118.58215,-0.0826918768438202
11837,1035,34.1207,-117.63808,-0.4349503045104622
11839,1035,35.40773,-120.54556,-0.0515618745788361
11840,1035,33.82436,-116.51195,2.1814146117703164
11841,1035,33.354,-116.863,-0.7575066944519336
11842,1035,33.7953,-117.60906,0.5379639577455326
11843,1035,36.30523,-119.24384,0.7525896354771819
11844,1035,34.10473,-117.97956,-1.6093648555240907
11845,1035,33.74346,-118.40412,-0.5257763630929542
11846,1035,34.05073,-118.08085,-1.6358791580398242
11847,1035,33.99351,-117.37545,0.225357803454079
11848,1035,34.44076,-119.71492,0.1204573834089958
11849,1035,34.232,-117.235,-0.1971479777855397
11850,1035,33.99543,-119.6351,0.9668451679140578
11851,1035,33.553,-117.662,-0.8261931202967647
11852,1035,34.293,-119.1646,-1.2203124299026102
11853,1035,35.89095,-117.28332,1.9948253380153969
11854,1035,34.01438,-118.45617,-0.3970541445614158
11855,1035,33.24787,-119.52437,-0.3563597580467867
11856,1035,34.416,-118.449,-1.3038000163622534
11857,1035,36.1355,-118.81099,-0.6995057725626822
11858,1035,33.829,-117.789,-0.7796934983379378
11859,1035,34.30302,-119.18676,1.7707013440608168
11860,1035,34.106,-117.098,0.8386374563633475
11861,1035,34.38203,-117.67822,-0.5396043575894377
11862,1035,34.08377,-118.599,-0.2609550375282614
11863,1035,34.15607,-118.82039,-1.5468019098591452
11864,1035,34.01919,-118.28631,-2.3308615971348368
11865,1035,34.48364,-118.11783,-0.3168509360746199
11866,1035,35.84089,-119.08469,-0.4367783832451623
11867,1035,34.56065,-117.3296,1.2214295517288087
11868,1035,33.94869,-118.25547,-0.6686243252039606
11885,1038,34.084,-118.6,-0.2339251994587798
11886,1038,34.3968,-119.299,0.1399842094947798
11887,1038,34.155,-118.641,-0.7427128473617539
11888,1038,34.55046,-117.43391,1.4737738045433753
11889,1038,34.14647,-118.76699,-0.1429037617140811
11890,1038,34.68708,-118.29946,-0.1522143721843104
11891,1038,35.1269,-118.83009,-1.8034914981225727
11892,1038,35.34444,-119.10445,-0.941970031289343
11894,1038,34.2623,-116.92075,0.583464553938495
11896,1038,34.23883,-117.65853,0.1599296230047891
11897,1038,34.069,-116.39,-0.0442778758772674
11899,1038,34.68224,-118.57398,0.3597328678285321
11900,1038,35.52495,-117.36453,0.2628009655674312
11901,1038,36.5504,-117.80295,0.5384470959616144
11903,1038,33.999,-117.68,0.6109450475180431
11904,1038,33.4019,-118.41502,-0.0349250844750419
11908,1038,34.25353,-118.33383,0.1555618845383946
11909,1038,33.65,-117.009,-0.222429247316404
11910,1038,34.10618,-118.45505,-0.6451305457612475
11911,1038,33.567,-116.631,1.4697606503532723
11913,1038,34.88303,-117.99106,-0.0420985606955014
11917,1038,34.72832,-119.98803,-2.4759274032677165
11918,1038,33.71264,-118.29381,0.4828342447161118
11920,1038,35.30177,-116.80574,0.0620055530214126
11921,1038,34.8294,-116.335,1.723605951048528
11923,1038,35.66278,-118.47403,-1.2733575049695618
11924,1038,33.0859,-116.5959,0.9583668845106128
11925,1038,35.98249,-117.80885,0.475547275103176
11926,1038,33.86889,-118.33143,1.5636793266175275
11927,1038,34.00033,-118.37794,0.6439164384222668
11928,1038,34.73551,-120.27996,-0.3271186954790629
11930,1038,34.9906,-118.34156,0.0848252732684236
11931,1038,34.30529,-118.48805,0.5393623224930674
11932,1038,34.10819,-119.06587,-1.2671694840484464
11933,1038,34.80762,-118.86775,-0.4397742697762193
11934,1038,34.61594,-117.82493,2.11210644312426
11935,1038,33.684,-117.943,0.3802652764734571
11936,1038,34.93439,-117.69629,-0.1910272323682862
11937,1038,35.47954,-117.68212,-0.8206640350803873
11938,1038,34.3656,-117.36683,0.2549626977106348
11942,1038,34.005,-117.562,0.278520282933398
11943,1038,34.28085,-118.9049,-0.0730920425924292
11944,1038,34.81258,-119.1453,-1.4935105018791683
11945,1038,36.05799,-117.48901,-0.9180714233495628
11947,1038,34.22362,-118.05832,1.050830252505419
11948,1038,34.53412,-120.17737,0.186473897216655
11949,1038,33.94539,-117.92372,0.9442404923870872
11950,1038,34.6145,-118.7235,-1.5635239345119452
11951,1038,34.1484,-118.1711,-1.17273394545815
11952,1038,34.44199,-118.58215,0.6872657704661769
11954,1038,35.40773,-120.54556,-0.6963886904473519
11955,1038,35.945,-120.542,-1.842775601614108
11956,1038,33.354,-116.863,-0.4340140124951863
11957,1038,33.7953,-117.60906,0.1175667725341099
11958,1038,33.63,-116.8478,0.4925927859700298
11959,1038,34.281,-118.478,1.609487324694027
11960,1038,33.74346,-118.40412,0.5562149342335351
11961,1038,34.87533,-116.99684,0.4413778471522355
11962,1038,34.05073,-118.08085,0.0868278780685865
11963,1038,33.99351,-117.37545,-0.705992677886907
11966,1038,34.44076,-119.71492,-2.484996992327354
11968,1038,33.99543,-119.6351,-0.4284782033825939
11969,1038,33.553,-117.662,0.1201080886548322
11970,1038,34.56547,-120.50137,0.0323892825025717
11972,1038,34.43692,-119.1375,-0.607572185859953
11973,1038,34.293,-119.1646,0.5363492859544773
11974,1038,35.89095,-117.28332,0.8466472160307741
11975,1038,33.834,-116.797,0.6099768071023551
11976,1038,34.90218,-120.44709,-1.4237358353977472
11977,1038,35.3142,-119.99581,-0.7957046586082837
11978,1038,34.01438,-118.45617,-0.1213002950184223
11979,1038,33.24787,-119.52437,-0.6879007249062814
11980,1038,34.05933,-118.64614,0.043085823221029
11981,1038,36.1355,-118.81099,-0.0235150817541873
11982,1038,33.829,-117.789,-0.2762396015842502
11983,1038,34.30302,-119.18676,1.7425599344737108
11984,1038,33.664,-117.769,-0.6094610164817472
11985,1038,34.106,-117.098,0.677725872875856
11986,1038,34.52775,-119.97834,-1.27738907184323
11987,1038,34.38203,-117.67822,1.2281476548626191
11989,1038,35.14592,-119.41946,-0.8450545889797493
11991,1038,34.15607,-118.82039,-0.6374012685838547
11993,1038,34.413,-119.8427,0.3897566780284522
11994,1038,34.48364,-118.11783,0.3435281451275885
11995,1038,35.84089,-119.08469,-0.4869207010686234
11996,1038,35.53664,-118.14035,0.9049411809071736
11997,1038,34.51085,-119.27407,0.4448543579584527
11998,1038,34.00948,-117.95077,0.817378866852021
11999,1038,34.1717,-118.64971,1.1950492772655836
12065,1042,34.55046,-117.43391,1.0577957281176302
12066,1042,34.68708,-118.29946,1.2937315429033007
12067,1042,34.2623,-116.92075,0.9784694837722168
12068,1042,33.921,-116.981,0.7222033752761976
12069,1042,34.069,-116.39,0.9725253182217036
12070,1042,34.68224,-118.57398,1.9816792938030048
12071,1042,33.38822,-117.19495,-0.3815505485773594
12072,1042,33.999,-117.68,0.1291492202341031
12074,1042,34.25353,-118.33383,-1.0601166656198182
12075,1042,33.65,-117.009,0.2772182879923441
12076,1042,34.10618,-118.45505,-1.6307735164603172
12077,1042,34.88303,-117.99106,0.2745944145632005
12078,1042,34.397,-118.918,-0.1142826921647547
12079,1042,33.71264,-118.29381,-1.3598161380448512
12080,1042,34.8294,-116.335,1.0209489307398685
12081,1042,34.17643,-118.35967,-0.6722854670640405
12082,1042,35.9823,-117.8076,1.1753737348753377
12083,1042,33.7141,-116.7119,-0.7784181901566563
12084,1042,33.86889,-118.33143,0.0906603963418333
12085,1042,34.00033,-118.37794,-0.9264702758383828
12086,1042,33.9753,-118.14918,-0.9583124891105884
12087,1042,34.10819,-119.06587,0.3077612665298733
12088,1042,33.684,-117.943,-0.9162990577319886
12089,1042,33.881,-118.176,0.1273604710295267
12090,1042,34.28085,-118.9049,-0.2819307652088157
12091,1042,36.05799,-117.48901,-1.85173736912052
12092,1042,33.808,-116.968,1.4902480454737803
12094,1042,34.22362,-118.05832,0.4526892496765419
12095,1042,34.44199,-118.58215,-1.933090025874804
12097,1042,35.40773,-120.54556,0.9734554302365126
12098,1042,33.7953,-117.60906,-0.060565077725205
12099,1042,33.74346,-118.40412,0.678476100766932
12100,1042,34.05073,-118.08085,-0.5806086943256002
12101,1042,34.44076,-119.71492,-1.1611965050701358
12102,1042,33.553,-117.662,-0.6419531705842978
12103,1042,35.3142,-119.99581,-0.7379780571656408
12104,1042,34.01438,-118.45617,-0.6183898823404147
12105,1042,34.05933,-118.64614,-0.9071884340693348
12106,1042,33.664,-117.769,-1.1938769543704746
12107,1042,34.106,-117.098,0.7955298481018702
12108,1042,34.01919,-118.28631,-1.7063365007130815
12109,1042,35.84089,-119.08469,0.6211334725343288
12110,1042,34.56065,-117.3296,1.2441748383153317
12111,1043,38.441,-122.701,0.715521115948801
12112,1043,37.75094,-122.49072,1.2007187035396802
12113,1043,37.762,-122.505,1.2949208345478822
12114,1043,37.54187,-122.30471,0.3636163400787239
12115,1043,37.68,-121.739,-1.2645729682260518
12116,1043,37.59094,-122.36741,1.3068391640354329
12117,1043,37.27117,-121.98617,0.2085267046298763
12118,1043,37.71737,-121.72701,-1.0633500274792724
12119,1043,37.67928,-122.48405,1.0779557724204896
12120,1043,37.91056,-122.53778,1.9922437546555272
12121,1043,38.03445,-122.27016,-1.6201051583771944
12122,1043,37.74484,-122.40134,0.3898855192267398
12123,1043,37.71633,-122.43117,1.6587495768365954
12124,1043,38.29027,-122.46125,-1.5662354730114227
12125,1043,37.85727,-122.42266,1.6671506783221617
12126,1043,37.45035,-121.80037,-1.1242581697093186
12127,1043,37.7294,-121.83346,0.4073297559590938
12128,1043,37.85884,-121.99264,-0.2971088497924416
12129,1043,37.91233,-121.90716,-0.7507778571494901
12130,1043,38.02691,-122.01599,0.5027071692296488
12131,1043,37.34305,-122.33976,0.1970542281924777
12132,1043,37.31861,-122.15314,0.0014561340636813
12133,1043,37.51604,-122.45815,-0.2045670805992542
12134,1043,37.21427,-122.17168,0.5019510495899449
12135,1043,37.20631,-121.97726,0.6526337724070607
12136,1043,37.15432,-121.73467,0.8144442668573936
12137,1043,37.63719,-122.47482,-0.2265657702691636
12138,1043,37.2708,-122.21276,0.9545941263671516
12139,1043,37.19855,-122.34671,-0.5659891331041065
12140,1043,37.58225,-122.42006,0.7822536956180637
12141,1043,37.40372,-122.17596,0.0719952341948518
12142,1043,37.58644,-122.50217,0.5107754063451463
12143,1043,39.68631,-123.58242,-2.563427123300838
12146,1043,38.43951,-122.25272,-0.9734645137657152
12147,1043,38.26021,-122.55179,-0.7602805165971367
12148,1043,38.33656,-122.81082,-0.0072107295055747
12149,1043,38.46769,-122.89651,-1.2616777056661492
12150,1043,38.28043,-122.21582,-1.7683548442293031
12151,1043,38.16488,-122.71296,-1.305874817581373
12152,1043,38.07601,-122.2585,-0.1557085069077077
12153,1043,38.04248,-122.79684,0.972843797296502
12154,1043,37.99642,-123.01949,-0.576554411050015
12155,1043,38.34878,-122.57795,-0.1587749604615475
12156,1043,38.38921,-122.66297,-0.0628948525853552
20356,1043,37.81647,-122.06302,-0.4840872648204642
20357,1043,37.9889,-122.2156,-0.0371844671631333
20358,1043,37.94906,-122.40851,0.2603674701630682
20359,1043,37.72416,-122.11929,0.2096896581322651
20360,1043,37.12043,-122.1552,-0.7039077931077675
20361,1043,37.51704,-122.37731,0.157667376047555
20362,1043,37.67433,-122.39855,0.7071109217820172
20363,1043,37.16067,-121.89899,1.9498126870372128
20364,1043,37.92144,-122.71806,1.0003768603732193
20365,1043,38.04962,-122.52331,0.2400807574831477
20366,1043,38.12282,-122.14921,-0.2613593687594449
20367,1043,38.20025,-122.4644,-0.3105376744720108
20368,1043,38.233,-122.636,-1.063725341494463
20369,1043,37.76021,-122.41524,0.7132217777771189
20370,1043,37.77737,-122.39689,0.5959434928683272
20371,1043,37.76386,-122.4736,1.2050084532764491
20372,1043,37.4748,-122.2392,0.6778963627994418
20373,1043,37.30249,-121.97978,-0.1015922135124241
20374,1043,37.26352,-121.91617,-0.457447768267552
20375,1043,37.30143,-121.9039,-0.5418062263362267
20376,1043,37.74766,-122.42528,0.9314839528777944
20377,1043,37.16346,-121.62645,-0.8083030059326706
20378,1043,37.74766,-121.70843,-0.1138310485609017
20379,1043,37.17217,-122.01121,1.3516914926638313
20380,1043,37.28397,-122.05017,0.1806788700061314
20381,1043,40.4756,-124.3375,-1.896734405049536
20382,1043,40.4175,-124.1206,-2.610778360194165
20383,1043,38.15486,-121.80438,-0.761660043284361
20384,1043,37.9231,-122.5983,0.9276051313825816
12157,1044,37.91056,-122.53778,1.0939393919757847
12158,1044,38.03445,-122.27016,-0.6313774933553583
12159,1044,37.95397,-121.86554,-0.4059464968449369
12160,1044,37.87622,-122.23558,-1.293370450638946
12161,1044,37.91881,-122.15176,-1.866657344218807
12162,1044,37.87352,-122.26099,-1.520506082350506
12163,1044,37.85727,-122.42266,0.2478739511364506
12164,1044,37.85884,-121.99264,-0.4471422009362109
12165,1044,37.91233,-121.90716,0.6188859875752728
12166,1044,38.02691,-122.01599,1.6383794385779675
12167,1044,38.34526,-122.4584,-0.9091462822650912
12168,1044,37.69782,-123.0011,-1.0844759534045891
12169,1044,37.34305,-122.33976,1.1845306748212532
12170,1044,37.51604,-122.45815,0.9265335893316442
12171,1044,37.20631,-121.97726,0.9640129082965354
12172,1044,37.2708,-122.21276,0.8204368420696859
12173,1044,37.40373,-122.23868,-1.4204337745841968
12174,1044,37.58225,-122.42006,1.5050855414851771
12175,1044,37.58644,-122.50217,1.4803029271906254
12176,1044,38.87874,-122.44277,-2.43662300035584
12177,1044,38.43951,-122.25272,-0.7102832667853136
12178,1044,38.26021,-122.55179,-1.966353672808588
12179,1044,38.30988,-122.943,1.1757544611952635
12180,1044,38.33656,-122.81082,0.6915127964842618
12181,1044,38.28043,-122.21582,-0.8029592475201998
12182,1044,38.15486,-121.80438,0.4709535027572955
12183,1044,38.16488,-122.71296,0.3092710571415392
12184,1044,38.07601,-122.2585,-0.1187504008394369
12185,1044,38.04248,-122.79684,1.6768672774822904
12186,1044,37.99642,-123.01949,0.6276912564401458
12187,1044,38.14361,-122.44969,-1.6979415255979056
12188,1044,38.38921,-122.66297,-0.8674175304178415
19748,1044,38.03455,-120.38651,-1.3511308878024997
19750,1044,38.99349,-123.07234,-4.243293987365387
19752,1044,37.34164,-121.64257,-2.0326617289306195
19753,1044,39.55451,-121.50036,-2.1945243441930984
19754,1044,37.008,-121.287,-0.614330150093809
19757,1044,36.76403,-121.44722,-2.470997707312025
19758,1044,37.9889,-122.2156,-0.1879256699622351
19759,1044,37.94906,-122.40851,-1.232606680066705
19760,1044,37.72416,-122.11929,-0.1087118554643615
19761,1044,37.80787,-122.3618,0.6567553602194778
19762,1044,37.67433,-122.39855,0.7718541743502864
19763,1044,37.16067,-121.89899,1.740530927492396
19764,1044,37.92144,-122.71806,0.8702466858836981
19765,1044,38.04962,-122.52331,1.0676092441019631
19766,1044,38.12282,-122.14921,0.0577651700095563
19767,1044,38.20025,-122.4644,-0.0271535484264854
19768,1044,37.762,-122.505,0.8504548799841716
19769,1044,37.54187,-122.30471,1.1096824649648342
19770,1044,37.45098,-122.4287,0.693668828622414
19771,1044,37.71737,-121.72701,-1.1760219668958822
19772,1044,37.67928,-122.48405,1.274031771908837
19773,1044,38.29027,-122.46125,-1.4649931197385253
19774,1044,38.4421,-122.6068,1.8558932924415603
19775,1044,37.72688,-122.15092,-0.7766062430437863
19776,1044,37.8852,-122.03217,-0.0358175104640014
19777,1044,37.94215,-121.93047,0.6320994690197128
19778,1044,38.01299,-122.13416,0.6230067703762446
19779,1044,38.36743,-122.52403,0.714492879882019
19780,1044,37.74766,-121.70843,-0.6011326699220563
19781,1044,37.7294,-121.83346,-0.0608695789741242
19782,1044,37.73786,-122.06486,-0.1173083850586696
19783,1044,37.17217,-122.01121,1.4667894339652052
19784,1044,37.36045,-122.18986,-0.0280803653070413
19785,1044,37.21427,-122.17168,0.3299674780603267
19786,1044,37.15432,-121.73467,0.3805198782455327
19787,1044,37.63719,-122.47482,0.1949594870854566
19788,1044,37.6444,-118.89683,2.8238860745013
19789,1044,37.65909,-118.97907,2.9301500409546093
19790,1044,38.46769,-122.89651,-0.4870931515010184
19791,1044,38.34878,-122.57795,0.101992758220644
19792,1044,38.24039,-122.79842,-0.9165023762083098
19793,1044,36.2159,-120.80126,-0.942764986727546
12189,1045,37.76021,-122.41524,0.4469848823357153
12190,1045,37.77737,-122.39689,1.2270229574189444
12191,1045,37.76386,-122.4736,0.8586319686900011
12192,1045,37.54187,-122.30471,-0.230107608219419
12193,1045,37.74664,-122.38679,0.3649028769271456
12194,1045,37.45098,-122.4287,-0.4119523257106008
12195,1045,37.67928,-122.48405,0.7916978428256402
12196,1045,37.88767,-122.29916,1.7043688907131658
12197,1045,38.03445,-122.27016,1.894672809675246
12198,1045,37.71633,-122.43117,1.3062254876897488
12199,1045,37.81076,-122.29252,0.0427161109894031
12200,1045,37.8251,-122.27606,0.3211519918669133
12201,1045,37.72416,-122.44841,-0.311826418045723
12202,1045,37.86059,-122.29327,1.185507463474759
12203,1045,37.85835,-122.25252,3.520083640318852
12204,1045,37.72688,-122.15092,-2.4516530576837106
12205,1045,37.8852,-122.03217,0.6311541327790571
12206,1045,38.01299,-122.13416,1.454467319809552
12207,1045,37.87352,-122.26099,2.8666570596366427
12208,1045,37.85727,-122.42266,1.256727146447154
12209,1045,37.74766,-121.70843,-0.6456499175407905
12210,1045,37.7294,-121.83346,-1.7130508644786382
12211,1045,37.73786,-122.06486,-0.9101599857133752
12212,1045,37.81041,-121.80272,-0.4724814124711005
12213,1045,37.9889,-122.2156,1.1898592592809107
12214,1045,37.85884,-121.99264,-1.2197806905275406
12215,1045,37.91233,-121.90716,-0.3077153914498328
12216,1045,37.34305,-122.33976,0.765555795594752
12217,1045,37.17217,-122.01121,1.185243379881945
12218,1045,37.36045,-122.18986,-0.8656480059508583
12219,1045,37.51604,-122.45815,0.7380107706837403
12220,1045,37.63719,-122.47482,0.1644568999118746
12221,1045,37.2708,-122.21276,-0.1566133830014124
12222,1045,37.79499,-122.4746,-0.3903393178061842
12223,1045,37.19855,-122.34671,0.0793787495907784
12224,1045,37.58225,-122.42006,0.5947051659885675
12225,1045,37.40372,-122.17596,-1.7688279122550523
12226,1045,37.58644,-122.50217,0.4416310596723629
12227,1045,38.43951,-122.25272,0.3023380705780032
12228,1045,38.00198,-122.47466,1.7822533052391771
12229,1045,38.30988,-122.943,3.8994430935718665
12230,1045,38.33656,-122.81082,3.155048705701145
12231,1045,38.28043,-122.21582,-0.7094710617440187
12232,1045,38.16488,-122.71296,2.1572474946722884
12233,1045,38.12282,-122.14921,0.7457614690145121
12234,1045,38.07601,-122.2585,1.408419904995856
12235,1045,38.04248,-122.79684,2.567904358868065
12236,1045,37.99642,-123.01949,1.2772735317351742
12237,1045,38.20025,-122.4644,0.6017624335403681
12238,1045,37.92371,-122.59649,1.3563511154363714
12239,1045,38.14361,-122.44969,-0.3275418212672732
12240,1045,38.24039,-122.79842,1.5796899841677716
12241,1045,38.38921,-122.66297,0.9312596055176562
12243,1045,37.8965,-122.322,1.5999865261975594
12244,1045,37.75896,-122.19756,-0.2744106637633475
12245,1045,37.80285,-122.23033,0.4204796023468702
12247,1045,37.7934,-122.41636,0.8669768416820137
12248,1045,37.927,-122.078,0.431674603709042
12250,1045,37.804,-122.443,0.1316995169667333
12251,1045,37.95,-122.417,3.1208536282239634
12252,1045,37.763,-122.244,-2.916897221122229
12253,1045,38.108,-122.248,1.9215054404652656
12254,1045,38.33,-122.318,0.953235330281405
12255,1045,37.91056,-122.53778,2.011912311229091
12256,1045,37.7986,-122.2684,0.799386660497817
12257,1045,37.7897,-122.277,1.3398321527639874
12258,1045,37.879,-122.183,1.9201050351783624
12259,1045,37.848,-122.16,2.72408838445271
12260,1045,37.848,-122.228,4.0312611367408975
12261,1045,37.697,-122.08,0.255897835716351
12262,1045,37.876,-122.249,2.9954518469807363
12263,1045,37.935,-122.342,1.606706592682262
12264,1045,37.978,-122.329,1.3383751545044815
12265,1045,37.973,-122.036,1.9255937208621687
12266,1045,37.821,-122.234,2.3904896478587765
12267,1045,37.822,-122.319,0.1831467440659924
12268,1045,38.1217,-122.275,1.3698854429451508
12269,1045,37.87622,-122.23558,1.389818988696219
20026,1045,37.91881,-122.15176,-0.5076946600530544
20027,1045,38.03455,-120.38651,-2.1685192066272214
20028,1045,37.69782,-123.0011,0.1250635394413395
20029,1045,39.65471,-122.71595,-3.4986742175671446
20030,1045,36.3887,-121.5514,-0.8923353965927261
20032,1045,38.99349,-123.07234,-1.5890998448837694
20034,1045,38.14478,-122.88018,1.7200335251522132
20035,1045,37.34164,-121.64257,-2.1642288262882
20036,1045,38.87874,-122.44277,-1.4241532577566598
20037,1045,39.55451,-121.50036,-1.923275307985577
20038,1045,37.008,-121.287,-0.5710186619187644
20039,1045,35.945,-120.542,-1.7732586401357928
20040,1045,35.63597,-120.86984,-0.0093392572888949
20041,1045,37.91608,-122.33607,1.416872479049339
20042,1045,36.76403,-121.44722,-2.611351037648308
20043,1045,37.28744,-121.86422,-1.079248744349618
20044,1045,39.2291,-121.7861,-0.742083960264046
20045,1045,37.81647,-122.06302,-2.315511575589294
20046,1045,37.94906,-122.40851,1.297123371316726
20047,1045,37.80787,-122.3618,2.449649539531968
20048,1045,37.12043,-122.1552,-0.3700802843767088
20049,1045,37.51704,-122.37731,0.2777738969113087
20050,1045,37.16067,-121.89899,0.8996415446248078
20051,1045,37.92144,-122.71806,1.4899653498631362
20052,1045,38.04962,-122.52331,1.839928376976096
20053,1045,38.441,-122.701,1.5970803256813098
20054,1045,38.233,-122.636,2.875747357364704
20055,1045,37.762,-122.505,-0.1906524129121642
20056,1045,37.40701,-122.0946,-2.1457505412164606
20057,1045,37.30249,-121.97978,-2.1469712467254785
20058,1045,37.26748,-121.86656,-1.7564789219706851
20059,1045,37.26352,-121.91617,-2.391535028549268
20060,1045,37.30143,-121.9039,-2.238503678372129
20061,1045,37.31816,-121.94354,-1.495885822618635
20062,1045,37.68,-121.739,-2.390105000739453
20063,1045,37.41702,-121.9154,-2.0604955352164835
20064,1045,37.59094,-122.36741,-0.2691201080258896
20065,1045,37.74766,-122.42528,-0.5296762103407839
20066,1045,37.40718,-122.00001,-2.153978494748965
20067,1045,37.39415,-122.06041,-1.835573985514208
20068,1045,37.376,-121.84367,-2.2047866368026816
20069,1045,37.59268,-122.07449,-2.151007874790185
20070,1045,37.71737,-121.72701,-2.2986664055213315
20071,1045,37.74484,-122.40134,-0.315074834994217
20072,1045,37.77934,-122.486,-0.2696898599018527
20073,1045,37.41395,-121.87085,-1.9240061245617164
20074,1045,37.6806,-121.92098,-2.5579821913253986
20075,1045,38.29027,-122.46125,0.0064596212726186
20076,1045,37.37418,-122.0781,-2.816105608279916
20077,1045,38.4421,-122.6068,1.2668289013313818
20078,1045,37.69169,-122.16982,-1.1858241079116147
20079,1045,37.23294,-121.77186,-1.145770901000045
20080,1045,37.38332,-121.91088,-1.3153592376000305
20081,1045,37.28537,-121.93602,-2.235094703476093
20082,1045,37.35834,-121.97775,-1.944560841197968
20083,1045,37.68873,-121.78351,-1.875806245636862
20084,1045,37.94215,-121.93047,-0.0235537885829787
20085,1045,38.36743,-122.52403,0.401041554959047
20086,1045,37.66666,-121.85715,-2.6624985014920743
20087,1045,36.88311,-121.3908,-1.080078194314641
20088,1045,37.16346,-121.62645,-1.1562934971652017
20089,1045,37.45035,-121.80037,-2.188783341237144
20090,1045,37.37289,-121.76887,-2.637613129126279
20091,1045,38.02691,-122.01599,-0.1955796653658449
20092,1045,38.76927,-123.01486,-0.6737357086904929
20093,1045,38.80797,-122.7953,0.4428099644932813
20094,1045,37.0254,-121.4845,-0.5743504894262207
20095,1045,37.31861,-122.15314,-1.8890213296348013
20096,1045,37.04922,-121.80722,-1.2303529107474769
20097,1045,36.92745,-121.82764,-0.3242867043042685
20098,1045,37.21427,-122.17168,-0.1547795606314125
20099,1045,37.20631,-121.97726,-0.3204310328908433
20100,1045,37.15432,-121.73467,-0.2770063160949623
20101,1045,37.28397,-122.05017,-2.547278604749903
20102,1045,39.68631,-123.58242,-1.970087965902164
20110,1045,37.6444,-118.89683,1.2688753453299455
20111,1045,37.65909,-118.97907,1.4074863834091649
20112,1045,38.26021,-122.55179,-0.2941351974624837
20113,1045,38.46769,-122.89651,1.7332296850895967
20114,1045,38.15486,-121.80438,-1.3962148565087376
20115,1045,38.65651,-122.61441,0.8676076408218757
20116,1045,38.34878,-122.57795,1.1126740978885816
20117,1045,35.73065,-120.24986,-1.8366607733581743
12270,1046,37.54187,-122.30471,-1.202684366902416
12271,1046,37.27117,-121.98617,1.0284381707552848
12272,1046,37.45098,-122.4287,-0.6472907504916665
12273,1046,37.71633,-122.43117,-0.3371671232148939
12274,1046,37.41395,-121.87085,-0.365280310996932
12275,1046,37.6806,-121.92098,-1.196431549067536
12276,1046,37.95397,-121.86554,-0.7597830530609596
12277,1046,37.87622,-122.23558,-0.2373471642645346
12278,1046,37.91881,-122.15176,1.8215888383032752
12279,1046,37.16346,-121.62645,-0.0996009077005758
12280,1046,37.85727,-122.42266,-0.1260009362420923
12281,1046,37.45035,-121.80037,-2.431229821388875
12282,1046,37.74766,-121.70843,-0.03078101195766
12283,1046,37.73786,-122.06486,1.143324159158435
12284,1046,37.81041,-121.80272,0.3626589140163856
12285,1046,37.85884,-121.99264,2.1756980001760886
12286,1046,37.91233,-121.90716,-0.2336091761897785
12287,1046,38.02691,-122.01599,-0.5886557195821158
12288,1046,38.34526,-122.4584,-1.678056719092789
12289,1046,37.69782,-123.0011,-0.4715043525150101
12290,1046,36.3887,-121.5514,-0.1177048164888749
12291,1046,37.34305,-122.33976,0.8838231323020579
12292,1046,37.31861,-122.15314,-0.312943201841397
12293,1046,37.17217,-122.01121,2.019400526926333
12294,1046,37.04922,-121.80722,0.740047551293648
12295,1046,37.36045,-122.18986,-0.7240284495785746
12296,1046,37.51604,-122.45815,0.1171069542307684
12297,1046,37.21427,-122.17168,1.2038173097392844
12298,1046,37.20631,-121.97726,0.8152448344719997
12299,1046,37.15432,-121.73467,1.85835818656712
12300,1046,37.63719,-122.47482,-0.4846574356182292
12301,1046,37.2708,-122.21276,1.553129296589122
12302,1046,37.79499,-122.4746,0.0212615073203727
12303,1046,37.40373,-122.23868,-1.594160465654666
12304,1046,37.58225,-122.42006,-0.396912607237692
12305,1046,37.40372,-122.17596,-1.037329826147727
12306,1046,37.58644,-122.50217,0.0047708181404829
12307,1046,37.34164,-121.64257,-1.6112032096506217
12308,1046,38.43951,-122.25272,-1.0835551242716532
12309,1046,38.26021,-122.55179,-2.26706258990423
12310,1046,38.00198,-122.47466,-1.0819122667106866
12311,1046,38.30988,-122.943,1.036557395190427
12312,1046,38.33656,-122.81082,0.7173524526571824
12313,1046,38.28043,-122.21582,-1.2094230749253072
12314,1046,38.15486,-121.80438,-1.783341706714912
12315,1046,38.16488,-122.71296,-0.6420135152238308
12316,1046,38.07601,-122.2585,-0.4559884755729875
12317,1046,38.04248,-122.79684,0.8626731859722335
12318,1046,37.92371,-122.59649,-0.1716847005200263
12319,1046,38.14361,-122.44969,-1.640756181009229
12320,1046,38.24039,-122.79842,-1.4721666485627387
12321,1046,38.38921,-122.66297,-1.2876115229184903
12322,1046,37.91608,-122.33607,0.9738049188944288
12323,1046,37.28744,-121.86422,2.034457716068643
12324,1046,37.62211,-121.75697,-2.842135372657584
12325,1046,37.709,-121.932,-0.7979747795694108
12327,1046,37.934,-122.3,0.7378618475169557
12328,1046,37.672,-122.081,0.3518486348603892
12329,1046,38.108,-122.248,-0.0710457119469337
12331,1046,38.33,-122.318,0.1497976546773415
12332,1046,37.77737,-122.39689,0.0160115272499035
12333,1046,37.76386,-122.4736,-0.059176933715614
12334,1046,37.762,-122.505,-0.1172365214746318
12335,1046,37.26748,-121.86656,1.5078906347699292
12336,1046,37.59268,-122.07449,0.0360565792864872
12337,1046,37.91056,-122.53778,0.3489931038830796
12338,1046,37.88767,-122.29916,0.5107993693219941
12339,1046,38.03445,-122.27016,-0.6024097686092663
12340,1046,37.81076,-122.29252,-0.2960364409818813
12341,1046,37.7986,-122.2684,-0.0699676363179288
12342,1046,37.99448,-122.11472,2.570214151774452
12343,1046,37.86059,-122.29327,0.5217674342214649
12344,1046,37.85835,-122.25252,1.7871086137642869
12345,1046,37.36408,-122.01817,1.347355075631558
12346,1046,37.69169,-122.16982,0.0892421774008864
12347,1046,37.38332,-121.91088,1.4313708344188492
12348,1046,37.35834,-121.97775,0.6432760050978881
12349,1046,37.72688,-122.15092,-1.029651003351575
12350,1046,37.8852,-122.03217,2.0751931173273355
12351,1046,37.94215,-121.93047,0.776141396271856
12352,1046,38.01299,-122.13416,1.931603640661708
12353,1046,37.75896,-122.19756,-0.980860212499142
12354,1046,37.7696,-122.1734,-0.98399961835536
12355,1046,37.80285,-122.23033,-1.131744520722005
12356,1046,37.72983,-122.20137,-0.2833540324400726
12357,1046,37.74485,-122.17054,0.0310328153431693
12358,1046,37.81,-121.992,-1.0023523313218452
12359,1046,37.804,-122.443,0.2768574804690928
12360,1046,37.763,-122.244,-1.859678536833976
12361,1046,37.78446,-122.30297,-1.11974120336962
12362,1046,37.8965,-122.322,0.4150598247664904
12363,1046,37.78566,-122.19729,-1.6824080276095803
12364,1046,37.972,-121.829,0.1106762732707055
12365,1046,37.879,-122.183,1.274523693206414
12366,1046,37.848,-122.16,1.1884373435714215
12368,1046,37.876,-122.249,0.2607266325471767
12369,1046,37.935,-122.342,-0.3767551920909399
12370,1046,37.973,-122.036,2.6509144284835524
12371,1046,37.821,-122.234,0.6879205286502732
12372,1046,37.822,-122.319,-0.6647408518386474
12373,1046,37.7294,-121.83346,-0.4086507120381015
12381,1048,34.68708,-118.29946,-0.4179427792787562
12382,1048,35.1269,-118.83009,-0.8574882829899991
12383,1048,35.34444,-119.10445,0.5469632239373338
12384,1048,34.2623,-116.92075,0.8994415725510168
12385,1048,34.23883,-117.65853,-0.0353579607877501
12386,1048,34.68224,-118.57398,1.0054202412816278
12388,1048,35.52495,-117.36453,-0.3750043675626939
12389,1048,36.5504,-117.80295,-1.1968656840285024
12392,1048,38.03455,-120.38651,2.0530084662268364
12393,1048,36.43988,-118.08016,1.6133762694434115
12394,1048,34.25353,-118.33383,0.3504488106292985
12395,1048,33.65,-117.009,-0.052839367834333
12396,1048,34.10618,-118.45505,-0.6640656005738006
12399,1048,34.72832,-119.98803,-1.0335289712340732
12400,1048,36.46719,-116.86322,-1.0571181924002644
12401,1048,36.99608,-117.36621,-1.254081299583295
12402,1048,35.30177,-116.80574,-0.8498028069614199
12403,1048,34.8294,-116.335,0.0643758091235299
12404,1048,35.66278,-118.47403,-0.1511138805693034
12405,1048,35.98249,-117.80885,0.5022401990687284
12406,1048,34.36622,-116.61266,0.1455533971006414
12407,1048,34.9906,-118.34156,0.7546531575561016
12408,1048,34.80762,-118.86775,-0.1290116773976562
12409,1048,34.93439,-117.69629,-0.6623595560271789
12410,1048,35.47954,-117.68212,1.042418168793637
12411,1048,37.63019,-118.83605,1.3028340237719416
12412,1048,36.05799,-117.48901,-1.8376068108904813
12413,1048,34.88848,-119.81362,-0.0164958367542912
12414,1048,34.22362,-118.05832,0.8973663254103043
12415,1048,34.53412,-120.17737,0.0909113739321935
12416,1048,34.6145,-118.7235,-0.9281179417928463
12417,1048,35.40773,-120.54556,1.986420815560832
12419,1048,34.87533,-116.99684,-0.6574845693787895
12420,1048,34.44076,-119.71492,-0.1471828245800665
12421,1048,34.43692,-119.1375,-0.8480865183253267
12422,1048,35.89095,-117.28332,-1.316935107380367
12423,1048,35.3142,-119.99581,-0.4715482286557403
12424,1048,34.05933,-118.64614,-0.4709439778205883
12425,1048,34.106,-117.098,1.9002417552243973
12426,1048,34.52775,-119.97834,0.4779990922089939
12427,1048,34.38203,-117.67822,1.1057186676718782
12429,1048,35.14592,-119.41946,-0.1281878406229598
12430,1048,37.05422,-118.23009,-1.0888936775842084
12431,1048,34.48364,-118.11783,0.3748319065462671
12432,1048,35.53664,-118.14035,1.4210387508414564
12433,1048,34.51085,-119.27407,-1.2937871063653064
12434,1049,37.66,-121.873,-0.941630450432
12435,1049,37.67928,-122.48405,1.2876808292972195
12436,1049,37.91056,-122.53778,3.1019299512241094
12437,1049,37.95397,-121.86554,-2.28214784608074
12438,1049,37.87622,-122.23558,-1.0593303591159386
12439,1049,37.91881,-122.15176,-0.4978472399025247
12440,1049,37.87352,-122.26099,-0.1122856221181052
12441,1049,37.16346,-121.62645,-1.4760993884962506
12442,1049,37.85727,-122.42266,1.0460003838992231
12443,1049,37.45035,-121.80037,-0.8443611808137457
12444,1049,37.74766,-121.70843,0.6727459694382545
12445,1049,38.03455,-120.38651,-0.9996789134643562
12446,1049,37.85884,-121.99264,0.4779518941652552
12447,1049,37.91233,-121.90716,0.3482528278164025
12448,1049,38.34526,-122.4584,0.0791780393783471
12449,1049,37.69782,-123.0011,0.750845046308023
12450,1049,37.34305,-122.33976,0.5227439740798593
12451,1049,37.17217,-122.01121,1.213442166008955
12452,1049,37.51604,-122.45815,0.6038986638336664
12453,1049,37.21427,-122.17168,-0.2151478007579907
12454,1049,37.20631,-121.97726,1.525928660540406
12455,1049,37.63719,-122.47482,-0.3970745127649256
12456,1049,37.19855,-122.34671,0.2282282627429214
12457,1049,37.58225,-122.42006,-0.0007738517074108
12458,1049,37.40372,-122.17596,-2.395706036518623
12459,1049,37.58644,-122.50217,0.1269310169194123
12460,1049,37.34164,-121.64257,-2.4179719281467675
12461,1049,37.65909,-118.97907,2.1021513532530425
12462,1049,38.33656,-122.81082,2.743849366435739
12463,1049,38.28043,-122.21582,0.5845533999701048
12464,1049,38.16488,-122.71296,1.8613410804630723
12465,1049,38.07601,-122.2585,0.1021170154765506
12466,1049,37.99642,-123.01949,0.7033902212467935
12467,1049,38.34878,-122.57795,1.70628820425672
12468,1049,38.38921,-122.66297,0.7886287894928696
12469,1049,38.2026,-121.9354,1.1238586714674486
12470,1049,36.76403,-121.44722,-3.4273200052689186
12471,1049,37.62211,-121.75697,-2.0268656480282248
12472,1049,37.844,-122.295,-0.0839562888632627
12473,1049,37.515,-121.83,0.4158312590445765
12474,1049,37.597,-121.88,0.5983202062571673
12475,1049,37.709,-121.932,-1.2451878248313628
12476,1049,37.81,-121.992,0.4932891115937609
12477,1049,37.927,-122.078,1.1896759565394992
12478,1049,37.95,-122.417,1.596554428865014
12479,1049,37.672,-122.081,0.2255928140440502
12480,1049,37.68,-121.739,-2.468722526443867
12481,1049,37.59268,-122.07449,-1.2610540421373275
12482,1049,37.71737,-121.72701,-2.527146278851522
20338,1049,38.99349,-123.07234,-3.800975139032464
20339,1049,35.945,-120.542,-2.5221523344299377
20340,1049,37.91608,-122.33607,0.638409559314965
20341,1049,37.28744,-121.86422,-1.3734045943216098
20342,1049,37.81647,-122.06302,-0.7491363867550249
20343,1049,37.25898,-121.67311,-2.812179315585824
20344,1049,37.9889,-122.2156,0.818304775734199
20345,1049,37.94906,-122.40851,0.0455755725299316
20346,1049,37.72416,-122.11929,0.540834001999745
20347,1049,37.80787,-122.3618,-0.2108653438202498
20348,1049,37.12043,-122.1552,0.1557727407138263
20349,1049,37.51704,-122.37731,-1.7009106085150687
20350,1049,37.67433,-122.39855,-0.0694922754566877
20351,1049,37.16067,-121.89899,1.179383188736704
20352,1049,37.92144,-122.71806,3.300435366734628
20353,1049,38.04962,-122.52331,2.548023809459217
20354,1049,38.12282,-122.14921,-0.1433143238459985
20355,1049,38.20025,-122.4644,0.932428729773613
12483,1050,37.376,-121.84367,-2.1824685646041675
12484,1050,37.27117,-121.98617,-0.5866828728979006
12485,1050,37.85727,-122.42266,1.0656751966823743
12486,1050,37.45035,-121.80037,-1.7269694875688613
12487,1050,37.74766,-121.70843,-0.1631678231341912
12488,1050,37.37289,-121.76887,-0.631020039901675
12489,1050,37.73786,-122.06486,-0.410321069499187
12490,1050,37.34305,-122.33976,2.5892276412707345
12491,1050,37.17217,-122.01121,3.2622281136823816
12492,1050,37.36045,-122.18986,0.7472779140371142
12493,1050,37.51604,-122.45815,1.2758433640801734
12494,1050,37.21427,-122.17168,2.0478966327590804
12495,1050,37.20631,-121.97726,0.4787944412240115
12496,1050,37.15432,-121.73467,0.3643430851232624
12497,1050,37.2708,-122.21276,1.3590859665846815
12498,1050,37.19855,-122.34671,2.386602473197448
12499,1050,37.58225,-122.42006,0.7511255753547348
12500,1050,37.40372,-122.17596,-0.208090439267198
12501,1050,37.28397,-122.05017,-0.1103828301282094
12502,1050,37.58644,-122.50217,0.9085381699676218
20685,1050,37.91881,-122.15176,-2.1145982984909084
20686,1050,37.87352,-122.26099,-2.4982115064949912
20687,1050,38.03455,-120.38651,0.7391284038461117
20688,1050,37.69782,-123.0011,-1.4440889246222963
20689,1050,38.99349,-123.07234,-2.4968088512452216
20690,1050,38.87874,-122.44277,-2.123874190563846
20691,1050,39.55451,-121.50036,-0.4951332525159875
20692,1050,37.008,-121.287,2.3214155835145243
20693,1050,35.945,-120.542,-0.7678483503720741
20694,1050,35.63597,-120.86984,1.298216387109122
20695,1050,36.76403,-121.44722,0.1079876275662804
20696,1050,37.25898,-121.67311,-0.082963013229381
20697,1050,37.9889,-122.2156,-0.2793382259306594
20698,1050,37.94906,-122.40851,-0.3242905118354274
20699,1050,37.72416,-122.11929,-0.8052696045296376
20700,1050,37.80787,-122.3618,1.794940077415447
20701,1050,37.12043,-122.1552,2.1196892974679047
20702,1050,37.51704,-122.37731,-0.0788853346775984
20703,1050,37.16067,-121.89899,2.2786458023770613
20704,1050,37.92144,-122.71806,0.2859793765701349
20705,1050,38.04962,-122.52331,1.3445545412593811
20706,1050,38.20025,-122.4644,-0.282556782597696
20707,1050,37.76021,-122.41524,0.2904200612078499
20708,1050,37.75094,-122.49072,0.8706521651002521
20709,1050,37.76386,-122.4736,0.6061522712511993
20710,1050,37.762,-122.505,0.7527162258175989
20711,1050,37.40701,-122.0946,-0.9114848842060768
20712,1050,37.4748,-122.2392,-0.2446238213636468
20713,1050,37.54187,-122.30471,-0.2249348069726893
20714,1050,37.30249,-121.97978,-0.7304328497307503
20715,1050,37.26748,-121.86656,-0.9138318154550892
20716,1050,37.26352,-121.91617,-1.4778246694757953
20717,1050,37.30143,-121.9039,-0.6200954418714282
20718,1050,37.31816,-121.94354,-0.4446833068410715
20719,1050,37.3066,-121.84915,-0.298136404950429
20720,1050,37.68,-121.739,-0.9100103641466556
20721,1050,37.41702,-121.9154,-1.4416372424473292
20722,1050,37.59094,-122.36741,0.9681818940479512
20723,1050,37.40718,-122.00001,0.2367359986001304
20724,1050,37.74664,-122.38679,0.5006798611168217
20725,1050,37.39415,-122.06041,-0.0067547781566915
20726,1050,37.45098,-122.4287,1.8728028085119908
20727,1050,37.59268,-122.07449,-1.114324556939489
20728,1050,37.71737,-121.72701,-1.4826933084551284
20729,1050,37.67928,-122.48405,1.0369978989685769
20730,1050,37.91056,-122.53778,1.601797800904876
20731,1050,38.03445,-122.27016,-1.1974438085532089
20732,1050,37.74484,-122.40134,0.5199875759052486
20733,1050,37.71633,-122.43117,0.8242826613883809
20734,1050,37.72416,-122.44841,0.4744781348142848
20735,1050,37.41395,-121.87085,-1.4229890283057116
20736,1050,37.6806,-121.92098,-1.1849954956607742
20737,1050,37.86059,-122.29327,-1.0706840082888307
20738,1050,37.69169,-122.16982,-0.8886260124118905
20739,1050,37.23294,-121.77186,-0.0584420676219867
20740,1050,37.38332,-121.91088,-0.896432513201981
20741,1050,37.28537,-121.93602,-1.0885256547441065
20742,1050,37.35834,-121.97775,-1.118824918005184
20743,1050,37.68873,-121.78351,-1.402541202154188
20744,1050,37.72688,-122.15092,-1.4186491346921626
20745,1050,37.8852,-122.03217,-0.7970249703986825
20746,1050,37.94215,-121.93047,-1.4218958793202312
20747,1050,38.01299,-122.13416,0.3571443125917781
20748,1050,37.16346,-121.62645,-0.2630185446898155
20749,1050,37.7294,-121.83346,0.3967245514618454
20750,1050,37.85884,-121.99264,-0.483238322553598
20751,1050,37.91233,-121.90716,-1.03284526105743
20752,1050,38.02691,-122.01599,-1.4241205927842275
20753,1050,37.31861,-122.15314,-0.5707402740332548
20754,1050,37.04922,-121.80722,-0.2388288721842837
20755,1050,37.63719,-122.47482,-0.4763436733265502
20758,1050,37.6444,-118.89683,3.567635726867635
20759,1050,37.65909,-118.97907,3.745727265139831
20760,1050,38.26021,-122.55179,-1.2987932579636812
20761,1050,38.30988,-122.943,0.12001944878595
20762,1050,38.33656,-122.81082,1.0086305451075497
20763,1050,38.28043,-122.21582,-1.1803775132662384
20764,1050,38.15486,-121.80438,1.0989429892814366
20765,1050,38.16488,-122.71296,-0.501373378095199
20766,1050,38.07601,-122.2585,0.1713045953206056
20767,1050,38.04248,-122.79684,1.021081501633737
20768,1050,37.99642,-123.01949,-0.7046844938739195
20769,1050,38.34878,-122.57795,0.6667268619455302
20770,1050,37.9231,-122.5983,0.0806215785563358
20771,1050,38.14361,-122.44969,-1.1874074986802252
20772,1050,38.24039,-122.79842,-1.1263184340387742
20773,1050,38.38921,-122.66297,-0.0914125516662247
20774,1050,35.86661,-120.4796,0.2259742166085207
20775,1050,36.2159,-120.80126,0.1017310020119792
12503,1051,38.94596,-120.96897,-1.4683268675387466
12504,1051,37.95397,-121.86554,-2.2257203370255594
12505,1051,37.87622,-122.23558,-1.2983368207205286
12506,1051,37.91881,-122.15176,-0.3987776420499768
12507,1051,37.87352,-122.26099,-0.4493995759870072
12508,1051,37.16346,-121.62645,-0.442214455034683
12509,1051,37.85727,-122.42266,0.1888236349070741
12510,1051,37.45035,-121.80037,-1.063805912637765
12511,1051,37.74766,-121.70843,1.0151643635498036
12512,1051,37.25898,-121.67311,-1.4204115724121162
12513,1051,37.7294,-121.83346,1.713029884091315
12514,1051,37.37289,-121.76887,-1.4360497254164089
12515,1051,37.81041,-121.80272,2.16365482358562
12516,1051,37.9889,-122.2156,0.0405286277188251
12517,1051,37.94906,-122.40851,-1.039670458770528
12518,1051,37.85884,-121.99264,1.48713061642029
12519,1051,37.91233,-121.90716,1.045084809583952
12520,1051,38.02691,-122.01599,-0.3733010274958072
12521,1051,38.34526,-122.4584,-1.6672476217709604
12522,1051,37.80787,-122.3618,0.9262454685251602
12523,1051,37.69782,-123.0011,1.0003032176379445
12524,1051,36.3887,-121.5514,-0.2500166860589553
12525,1051,37.34305,-122.33976,1.1727223559288142
12526,1051,37.31861,-122.15314,0.596056376863195
12527,1051,37.12043,-122.1552,1.4463118055081357
12528,1051,37.17217,-122.01121,2.57511467818078
12529,1051,36.92745,-121.82764,0.8538686788086599
12530,1051,37.36045,-122.18986,-0.4819198706965839
12531,1051,37.51604,-122.45815,1.5473985869404607
12532,1051,37.21427,-122.17168,0.4214980562666183
12533,1051,37.20631,-121.97726,1.0007832144214566
12534,1051,37.15432,-121.73467,1.7317113225052392
12535,1051,37.63719,-122.47482,1.5709679541367496
12536,1051,37.2708,-122.21276,0.496999697127858
12537,1051,37.40373,-122.23868,-1.802404091007508
12538,1051,37.58225,-122.42006,2.5440793576649585
12539,1051,37.40372,-122.17596,-1.413158233775364
12540,1051,37.28397,-122.05017,-1.7892697652678118
12541,1051,37.58644,-122.50217,2.3430173352842125
12542,1051,37.16067,-121.89899,1.25945153711706
12543,1051,38.14478,-122.88018,-0.4566683500401445
12544,1051,37.34164,-121.64257,-1.4053161486039596
12545,1051,37.65909,-118.97907,2.5211765346319948
12546,1051,38.87874,-122.44277,-3.1933779273395912
12547,1051,37.92144,-122.71806,1.1324566588887846
12548,1051,38.26021,-122.55179,-2.367583101473832
12549,1051,38.00198,-122.47466,-0.4871671344571865
12550,1051,38.30988,-122.943,0.8162199096808884
12551,1051,38.33656,-122.81082,1.0993476835129763
12552,1051,38.46769,-122.89651,-0.8280176724728612
12553,1051,38.28043,-122.21582,-2.020689938284784
12554,1051,37.008,-121.287,-0.51869505401648
12555,1051,37.91608,-122.33607,0.9105548554998028
12556,1051,37.28744,-121.86422,0.8049409822150047
12557,1051,37.62211,-121.75697,-1.56516325122789
12559,1051,37.709,-121.932,1.087312544483117
12560,1051,37.81,-121.992,2.175446181504993
12561,1051,37.927,-122.078,1.6804341232118647
12562,1051,37.934,-122.3,0.300180610603551
12563,1051,37.804,-122.443,0.9152490417477408
12564,1051,37.553,-122.091,0.813389155794113
12565,1051,37.763,-122.244,0.668819419992158
12566,1051,38.33,-122.318,-1.3347651092060873
12567,1051,37.59268,-122.07449,-0.4635387144171309
12568,1051,37.99448,-122.11472,0.0958921127217453
12569,1051,37.75896,-122.19756,0.2385997807661809
12570,1051,37.80285,-122.23033,-0.0654236980640866
12571,1051,37.79202,-122.26382,0.8074174364536526
12572,1051,37.753,-121.773,-0.0480335880603068
12573,1051,37.7897,-122.277,1.03258464647127
12574,1051,37.879,-122.183,1.6852802560051932
12575,1051,37.848,-122.16,2.1238891272770943
12576,1051,37.657,-122.061,2.30747385520451
12577,1051,37.705,-122.467,2.6466753542798216
12578,1051,37.848,-122.228,0.7215758722426067
12579,1051,37.763,-122.455,1.927868746610928
12580,1051,37.697,-122.08,1.3123608716925983
12582,1051,37.68,-122.126,-0.0956548823963769
12583,1051,37.675,-122.108,0.1337913990477888
12584,1051,37.695,-122.113,1.2876638839005785
12585,1051,37.9,-122.17,2.44128506132264
12586,1051,37.981,-122.271,0.9067668834463286
12587,1051,37.915,-122.017,2.0793387886221586
12588,1051,37.821,-122.234,0.442985459573194
12589,1051,37.822,-122.319,0.8132750305071078
21399,1051,38.03455,-120.38651,-0.9911714474669094
21400,1051,39.65471,-122.71595,-4.190464107741504
21401,1051,36.68011,-119.02282,1.550471315337257
21402,1051,38.99349,-123.07234,-4.654336049148891
21403,1051,39.55451,-121.50036,-1.9724631339428096
21404,1051,35.945,-120.542,-1.5439286556962897
21405,1051,35.63597,-120.86984,-0.1041000742567581
21406,1051,36.76403,-121.44722,-2.7552034028513748
21407,1051,39.2291,-121.7861,-1.2245749426051575
21408,1051,37.81647,-122.06302,2.9290470691147084
21409,1051,37.72416,-122.11929,2.007807021038095
21410,1051,37.51704,-122.37731,-0.4845536861746546
21411,1051,37.67433,-122.39855,1.1152543698393171
21412,1051,38.441,-122.701,0.1250414846385472
21413,1051,38.233,-122.636,0.1085626682844159
21414,1051,37.76021,-122.41524,1.067051349046587
21415,1051,37.77737,-122.39689,1.0560240527969045
21416,1051,37.75094,-122.49072,0.2702818914583321
21417,1051,37.76386,-122.4736,0.9034010880588428
21418,1051,37.762,-122.505,0.7368879881754863
21419,1051,37.40701,-122.0946,-1.1351970149356965
21420,1051,37.4748,-122.2392,-0.2473007161780942
21422,1051,36.57849,-121.03956,-1.1541542784291905
21423,1051,36.61809,-121.31468,-0.0226612814114447
21424,1051,38.76927,-123.01486,-3.072623699631604
21425,1051,38.80797,-122.7953,-1.9657492364212343
21426,1051,37.0254,-121.4845,-0.9692759087586308
21428,1051,36.82681,-121.64349,-1.3003899522405742
21429,1051,37.19855,-122.34671,0.8551977771117771
21430,1051,39.68631,-123.58242,-3.635033842510592
21431,1051,40.2022,-123.7086,-3.0795193931149853
21432,1051,40.5119,-121.5816,-1.475766884274951
21433,1051,37.6444,-118.89683,1.901638886093924
21434,1051,38.43951,-122.25272,-1.779741234068986
21435,1051,38.15486,-121.80438,-1.907072887060786
21436,1051,38.65651,-122.61441,-1.4141341193328274
21437,1051,38.16488,-122.71296,0.1504269082661452
21438,1051,38.12282,-122.14921,-0.971376875246302
21439,1051,38.07601,-122.2585,-1.3159422227205384
21440,1051,38.04248,-122.79684,0.7875315191433528
21441,1051,37.99642,-123.01949,0.4664291023384673
21442,1051,38.34878,-122.57795,-0.6693366093292061
21443,1051,38.20025,-122.4644,-1.2361489449331289
21444,1051,37.92371,-122.59649,0.6874194652076052
21445,1051,38.14361,-122.44969,-1.9189865621033952
21446,1051,38.24039,-122.79842,-1.034101451092684
21447,1051,38.38921,-122.66297,-1.083900997712174
21448,1051,35.73065,-120.24986,-1.8731823984965408
21450,1051,36.0688,-120.59618,-0.5207394446506204
12590,1052,32.68005,-116.67215,0.2567246960410733
12591,1052,33.921,-116.981,-2.527780057135194
12593,1052,34.23883,-117.65853,-0.5876970785949919
12594,1052,34.069,-116.39,0.6295589247072659
12595,1052,33.268,-116.417,1.4090477040892484
12597,1052,33.999,-117.68,-1.3375324565602744
12598,1052,34.093,-117.317,0.0921775520688589
12599,1052,32.8889,-117.1051,1.0749128425235623
12600,1052,33.876,-117.561,-0.2253093041933068
12601,1052,33.655,-115.99,-1.2269484805599875
12602,1052,34.63745,-115.38115,0.0081082676115191
12603,1052,33.93597,-116.57794,1.1538687392596172
12604,1052,33.65,-117.009,0.7727452033531188
12605,1052,33.567,-116.631,0.5128975720160008
12606,1052,32.999,-116.942,0.6130208371230903
12609,1052,33.1537,-117.22921,-0.1586793722370482
12610,1052,33.0262,-116.9596,-6.596077908092569
12611,1052,33.081,-116.598,0.3140346820980235
12612,1052,35.13066,-115.18416,0.4012789918396939
12613,1052,34.9906,-118.34156,-0.5398047110308604
12614,1052,33.684,-117.943,-1.3327821815268412
12615,1052,34.93439,-117.69629,-1.0048986670627624
12616,1052,35.47954,-117.68212,-0.0477843308755771
12617,1052,34.3656,-117.36683,-2.430346556882077
12619,1052,33.818,-116.369,1.336694289404923
12620,1052,33.808,-116.968,-0.6588582972239099
12621,1052,33.6,-117.195,-0.0993749415878792
12622,1052,34.22362,-118.05832,-0.1088282239538535
12623,1052,33.556,-115.946,-1.2145301071957468
12624,1052,33.788,-117.844,-1.4525568231030352
12625,1052,33.94539,-117.92372,-0.6351956582285314
12626,1052,32.608,-116.93,0.4985077926049119
12627,1052,34.1207,-117.63808,-1.289422632456478
12628,1052,33.862,-117.205,-0.5226294928574534
12630,1052,33.354,-116.863,-0.3571314444170048
12632,1052,33.824,-116.55,0.6185216704913864
12633,1052,33.63,-116.8478,1.617771469980246
12634,1052,34.87533,-116.99684,-2.05269096812802
12635,1052,33.973,-117.327,1.0724000324159764
12636,1052,33.97327,-117.32674,-0.0998299715540385
12637,1052,33.99351,-117.37545,-0.1579022035746886
12640,1052,33.834,-116.797,1.3138540383380004
12641,1052,33.829,-117.789,-2.054504157277844
12642,1052,33.664,-117.769,-2.2805551222002483
12643,1052,34.106,-117.098,-0.8172406894707656
12644,1052,32.94508,-115.79988,-0.9856952312167768
12645,1052,34.38203,-117.67822,0.2779541429002712
12648,1052,34.48364,-118.11783,-0.339028511092423
12649,1052,34.56065,-117.3296,0.3230580213770048
12650,1052,32.813,-116.975,3.496422036637148
12651,1052,33.482,-116.911,0.0960168587476453
12652,1052,33.815,-116.461,1.5438355837982976
12653,1052,33.747,-116.715,2.012045055609473
12654,1052,33.605,-116.938,2.863360862977228
12655,1052,33.76,-116.96,2.4440611430297263
12656,1052,33.729,-116.979,2.549607495248183
12657,1052,33.744,-116.931,0.0961797971055041
12658,1052,33.748,-117.127,2.329472452997992
12659,1052,33.6022,-116.756,1.1220872517144038
12662,1052,33.91677,-116.38979,1.6288297077467455
12663,1053,34.55046,-117.43391,0.8979370065509161
12664,1053,34.68708,-118.29946,-2.0805038144161863
12665,1053,35.1269,-118.83009,-1.8910895526779827
12666,1053,35.34444,-119.10445,0.3276632816023812
12667,1053,34.2623,-116.92075,0.5376287745954045
12668,1053,34.23883,-117.65853,-0.8323207451951422
12669,1053,34.069,-116.39,-0.0453511837890885
12670,1053,35.30819,-119.84583,1.5816226321107314
12671,1053,35.52495,-117.36453,-0.4534564897449039
12672,1053,36.5504,-117.80295,0.0079469175226781
12676,1053,33.655,-115.99,1.0456773669207715
12677,1053,36.43988,-118.08016,1.2283505966258834
12678,1053,34.63745,-115.38115,1.1636665754316418
12679,1053,34.25353,-118.33383,-0.5232213444184038
12680,1053,33.93597,-116.57794,0.7276656716104393
12681,1053,33.65,-117.009,-0.7196710323659185
12682,1053,34.10618,-118.45505,-1.5231705700834528
12683,1053,33.567,-116.631,1.2773906485440985
12686,1053,36.46719,-116.86322,0.0799985176912388
12688,1053,36.99608,-117.36621,-0.4511950940956602
12689,1053,35.30177,-116.80574,-0.994100945049766
12690,1053,34.8294,-116.335,0.6458918282919053
12691,1053,35.66278,-118.47403,0.0220470223959766
12692,1053,35.98249,-117.80885,0.6724275577087848
12693,1053,34.36622,-116.61266,0.4219582261804275
12694,1053,35.13066,-115.18416,-0.0473734858401828
12695,1053,34.9906,-118.34156,-0.6855485806452286
12696,1053,34.93439,-117.69629,-1.513131052808196
12697,1053,35.47954,-117.68212,-0.1374894264393107
12699,1053,33.818,-116.369,1.1182780857432866
12700,1053,37.63019,-118.83605,1.8718993925084428
12701,1053,36.05799,-117.48901,-1.399952317943912
12702,1053,34.88848,-119.81362,-0.0563222653080718
12703,1053,34.22362,-118.05832,-0.3049710549674194
12705,1053,34.53412,-120.17737,-0.0180678367526059
12706,1053,34.17141,-118.18523,-2.1753158187796795
12707,1053,34.1207,-117.63808,-0.4395810012528872
12708,1053,34.09181,-117.80709,-0.544526000105157
12709,1053,34.87533,-116.99684,-0.2197410099477742
12711,1053,33.553,-117.662,0.8043379010657323
12712,1053,35.8996,-116.27515,1.8354729932835
12713,1053,35.89095,-117.28332,-0.3127749254309537
12714,1053,35.3142,-119.99581,-0.3827089428357519
12716,1053,34.106,-117.098,1.2955727312335177
12717,1053,34.38203,-117.67822,0.5733418181183466
12719,1053,35.14592,-119.41946,-0.5341063371842634
12720,1053,37.05422,-118.23009,0.0841951595981375
12722,1053,35.84089,-119.08469,0.7036103483756412
12723,1053,35.53664,-118.14035,0.918428491392296
12724,1053,34.51085,-119.27407,-1.649861741033932
12725,1054,34.55046,-117.43391,-2.176204423967558
12726,1054,33.63838,-116.4011,-2.2950889441974334
12727,1054,34.68708,-118.29946,-1.0995292608498095
12728,1054,32.68005,-116.67215,0.50780012987984
12729,1054,33.921,-116.981,-1.184505019779361
12730,1054,33.57508,-117.26119,1.7892531774632086
12732,1054,34.23883,-117.65853,-0.8997521933712979
12733,1054,34.069,-116.39,-0.8408388024729143
12734,1054,33.38822,-117.19495,1.2914564453153583
12735,1054,35.52495,-117.36453,0.2231013447190139
12736,1054,34.10521,-117.28264,0.8135812690507283
12738,1054,33.999,-117.68,0.3203135595179494
12740,1054,33.655,-115.99,-1.0989492887483248
12741,1054,34.63745,-115.38115,0.4561580782796353
12742,1054,34.25353,-118.33383,0.0458523542948886
12743,1054,33.93597,-116.57794,-0.8119604169449038
12744,1054,33.65,-117.009,0.9763645769206396
12745,1054,34.10618,-118.45505,-1.17766450972897
12746,1054,33.567,-116.631,0.4598416155362099
12747,1054,32.999,-116.942,0.6512935738251465
12751,1054,33.11675,-115.82267,0.8707050682817227
12752,1054,33.71264,-118.29381,-1.5040173582358525
12753,1054,33.051,-114.827,-0.4987702723891075
12754,1054,33.1537,-117.22921,0.7401192673341606
12755,1054,35.30177,-116.80574,-0.4147167821869552
12756,1054,34.8294,-116.335,-1.6955823496070352
12758,1054,33.0859,-116.5959,0.0067222462059647
12759,1054,34.36622,-116.61266,0.2236498963736196
12760,1054,35.13066,-115.18416,0.3864888701324552
12761,1054,34.9906,-118.34156,0.6683450025917077
12762,1054,33.684,-117.943,0.7768809004249868
12763,1054,34.93439,-117.69629,-3.425327078228295
12764,1054,35.47954,-117.68212,0.5574457109866056
12765,1054,34.3656,-117.36683,-1.507847731498977
12767,1054,33.818,-116.369,-0.4582032710947619
12768,1054,34.005,-117.562,0.0863970560327238
12769,1054,33.808,-116.968,0.2449571860614617
12770,1054,34.22362,-118.05832,1.2584423022601172
12771,1054,33.94539,-117.92372,0.2675824853764483
12772,1054,32.608,-116.93,0.7655509208950492
12773,1054,34.1484,-118.1711,-1.56125550340932
12775,1054,34.1207,-117.63808,-0.6254900141443192
12776,1054,33.862,-117.205,0.4846379012721736
12778,1054,33.354,-116.863,0.1686942724306118
12779,1054,33.7953,-117.60906,-0.3218088189998287
12780,1054,33.63,-116.8478,0.7598562522956238
12781,1054,33.74346,-118.40412,0.582550236659622
12782,1054,34.87533,-116.99684,-0.6994790901693853
12783,1054,33.97327,-117.32674,0.6269517412816686
12784,1054,34.05073,-118.08085,1.115496481937463
12785,1054,33.99351,-117.37545,0.239907989507295
12786,1054,33.2801,-115.98585,1.6200548065319826
12787,1054,34.232,-117.235,-0.6880644281114344
12788,1054,32.784,-117.13805,-0.0354891133796967
12790,1054,35.89095,-117.28332,1.648037068390493
12791,1054,33.834,-116.797,1.2620215280692482
12792,1054,34.05933,-118.64614,-0.6129320496051884
12793,1054,33.829,-117.789,0.3284253852124177
12794,1054,33.664,-117.769,0.2469634502300449
12795,1054,34.106,-117.098,0.2140962135237199
12796,1054,34.38203,-117.67822,-0.401704733319713
12797,1054,33.63495,-116.16402,-0.2787037282446675
12798,1054,34.48364,-118.11783,-0.0517998298074467
12799,1054,34.56065,-117.3296,1.364230689048594
12800,1054,34.1717,-118.64971,1.8476383656474065
12801,1054,33.607,-116.453,1.0593920381755466
12802,1054,34.04856,-116.57816,-0.2648609417969725
12803,1054,33.99,-116.656,0.0242430457528708
12804,1054,33.92474,-116.54794,-0.5770007455832946
12805,1054,33.91677,-116.38979,0.284427428604776
12936,1059,37.27117,-121.98617,0.1083999320234717
12937,1059,37.91056,-122.53778,2.0244743157648504
12938,1059,38.03445,-122.27016,-0.154547147119734
12939,1059,37.71633,-122.43117,1.3609711213521851
12940,1059,38.29027,-122.46125,-0.566718993214789
12941,1059,37.95397,-121.86554,-1.894258895401276
12942,1059,37.87622,-122.23558,-0.662996368618163
12943,1059,37.85727,-122.42266,1.9717339798193865
12944,1059,37.7294,-121.83346,-0.1265994702831764
12945,1059,37.85884,-121.99264,0.4667569905374653
12946,1059,38.02691,-122.01599,0.9379119513044072
12947,1059,38.34526,-122.4584,-1.1026650982381736
12948,1059,38.99349,-123.07234,-2.355637003738713
12949,1059,37.51604,-122.45815,0.6202180719088541
12950,1059,37.21427,-122.17168,1.032050618140551
12951,1059,37.63719,-122.47482,0.611858800641691
12952,1059,37.2708,-122.21276,2.2457436688764822
12953,1059,37.40372,-122.17596,0.4133583184030979
12954,1059,37.28397,-122.05017,0.6118874745408892
12955,1059,37.58644,-122.50217,0.5809684827812117
12956,1059,39.68631,-123.58242,-0.624872014334476
12957,1059,38.87874,-122.44277,-2.83627721743393
12958,1059,38.43951,-122.25272,-0.8336743678712739
12959,1059,38.26021,-122.55179,-0.6050697126702148
12960,1059,38.33656,-122.81082,0.3336974539590064
12961,1059,38.46769,-122.89651,-0.8094348980044307
12962,1059,38.28043,-122.21582,-0.5567989779823552
12963,1059,38.16488,-122.71296,0.3273829870278174
12964,1059,38.6694,-122.6332,-1.4074441837837155
12965,1059,38.07601,-122.2585,0.9244747221215877
12966,1059,38.04248,-122.79684,1.8841536252679787
12967,1059,37.99642,-123.01949,-0.4846543003628745
12968,1059,38.34878,-122.57795,0.5903870106221746
12969,1059,37.9231,-122.5983,0.2628208069330937
12970,1059,38.38921,-122.66297,0.0457996778173157
12971,1059,37.62211,-121.75697,-1.4839164683791062
12972,1059,38.71606,-122.9965,-0.2195694834126036
12973,1059,38.61618,-122.87231,0.0436628625640657
12974,1059,38.71385,-123.00887,-0.2818757247171221
12975,1059,38.72258,-123.00804,-0.4496881920767204
12976,1059,38.71616,-123.00227,0.9098241646653682
19517,1059,37.91881,-122.15176,-1.4297430166944198
19518,1059,37.87352,-122.26099,-0.9311473886333888
19519,1059,38.03455,-120.38651,-2.245412908203477
19520,1059,37.69782,-123.0011,-0.7288459904338048
19521,1059,40.81745,-124.02955,-3.248033304617501
19522,1059,37.34164,-121.64257,-0.744205677471361
19523,1059,39.55451,-121.50036,-4.009263533733586
19525,1059,37.9889,-122.2156,1.3395688750410226
19526,1059,37.94906,-122.40851,1.3449313644262924
19527,1059,37.51704,-122.37731,-0.0854242507837434
19528,1059,37.67433,-122.39855,0.9434879531315298
19529,1059,37.16067,-121.89899,1.719066524817328
19530,1059,37.92144,-122.71806,1.3254805243706471
19531,1059,38.441,-122.701,0.1406704351103488
19532,1059,38.233,-122.636,0.6400787992579716
19533,1059,37.76021,-122.41524,0.904696933840062
19534,1059,37.77737,-122.39689,0.8735242022391974
19535,1059,37.75094,-122.49072,1.5281432828133814
19536,1059,37.76386,-122.4736,1.2756991106140334
19537,1059,37.762,-122.505,1.1684435105204196
19538,1059,37.4748,-122.2392,0.7628715575475502
19539,1059,37.54187,-122.30471,0.8229160558702383
19540,1059,37.30249,-121.97978,0.2046586316200755
19541,1059,37.26352,-121.91617,-0.6185722792858541
19542,1059,37.31816,-121.94354,1.1990613050180945
19543,1059,37.3066,-121.84915,-0.3077203631039796
19544,1059,37.68,-121.739,-1.493980674628439
19545,1059,37.41702,-121.9154,0.4550547109806851
19546,1059,37.59094,-122.36741,0.6576732910695254
19547,1059,37.74766,-122.42528,1.2470518218545823
19548,1059,37.74664,-122.38679,1.056906203721245
19549,1059,37.39415,-122.06041,1.120267519242122
19550,1059,37.376,-121.84367,-0.2551814346502679
19551,1059,37.45098,-122.4287,0.4080791157339145
19552,1059,37.59268,-122.07449,-0.7795489044542447
19553,1059,37.71737,-121.72701,-1.1741571695662802
19554,1059,37.67928,-122.48405,1.1934648499335407
19555,1059,37.88767,-122.29916,0.2530072566893012
19556,1059,37.74484,-122.40134,0.7268684002802589
19557,1059,37.77934,-122.486,1.5008948922741032
19558,1059,37.81076,-122.29252,-0.5830379137245535
19559,1059,37.8251,-122.27606,0.3273029742679519
19560,1059,37.7986,-122.2684,0.468256281191068
19561,1059,37.41395,-121.87085,1.109633875374512
19562,1059,37.86059,-122.29327,-0.1097744442216709
19563,1059,37.85835,-122.25252,0.2235117722006076
19564,1059,37.37418,-122.0781,-0.066638721198187
19565,1059,37.45035,-121.80037,-1.3785902192030344
19566,1059,37.74766,-121.70843,-0.1772797003012552
19567,1059,37.91233,-121.90716,-1.1143167572751818
19568,1059,37.34305,-122.33976,0.7841055535779391
19569,1059,37.31861,-122.15314,-0.2983513520793667
19570,1059,37.17217,-122.01121,2.502451660237435
19571,1059,37.36045,-122.18986,0.5116467646743741
19572,1059,37.20631,-121.97726,1.1157452198722522
19573,1059,37.15432,-121.73467,0.9891725060003989
19574,1059,37.58225,-122.42006,0.4063383582191378
19575,1059,40.4756,-124.3375,-2.048159419182241
19576,1059,40.8748,-123.7325,-2.8099859484018697
19577,1059,40.4175,-124.1206,-1.8440495592190496
19578,1059,40.2022,-123.7086,-1.5963082731983642
19580,1059,41.1577,-124.0233,-2.7299098611150785
19581,1059,38.15486,-121.80438,-1.2445965519211637
12977,1060,37.76021,-122.41524,0.6523388393576393
12978,1060,37.77737,-122.39689,1.4936454959315122
12979,1060,37.76386,-122.4736,1.0725503808896737
12980,1060,37.762,-122.505,1.5592622166647436
12981,1060,37.54187,-122.30471,-0.6032853213824799
12982,1060,37.74766,-122.42528,0.0073831878360957
12983,1060,37.34655,-121.80774,0.5045935508965418
12984,1060,37.40718,-122.00001,-0.1635180419631292
12985,1060,37.39415,-122.06041,0.6922064413691418
12986,1060,37.376,-121.84367,-0.0688532872710495
12987,1060,37.27117,-121.98617,0.8385597800429004
12988,1060,37.67928,-122.48405,1.7718473208402876
12989,1060,37.91056,-122.53778,0.5669651404772161
12990,1060,37.88767,-122.29916,0.8822284081424517
12991,1060,38.03445,-122.27016,-1.2661821040382142
12992,1060,37.71633,-122.43117,0.6536334126357303
12993,1060,37.81076,-122.29252,0.5216162637748972
12994,1060,37.8251,-122.27606,1.1777093672409922
12995,1060,37.7986,-122.2684,1.3650583532876426
12996,1060,37.41395,-121.87085,0.4605873009743846
12997,1060,37.86059,-122.29327,-0.4438055399833039
12998,1060,37.85835,-122.25252,0.5514381268971317
12999,1060,37.36408,-122.01817,0.8285474181964787
13000,1060,37.42549,-122.07772,-0.6729022052581467
13001,1060,37.85727,-122.42266,-0.7139249805581371
13002,1060,37.45035,-121.80037,-1.1631695320011637
13003,1060,37.74766,-121.70843,-0.7532746212964687
13004,1060,37.7294,-121.83346,-0.935874445686415
13005,1060,38.03455,-120.38651,-0.9714129524590298
13006,1060,37.85884,-121.99264,0.2067963458058757
13007,1060,37.91233,-121.90716,-0.0951898531475429
13008,1060,38.02691,-122.01599,-0.0121073275739225
13009,1060,38.99349,-123.07234,-3.54422049385774
13010,1060,37.34305,-122.33976,1.6068528844372152
13011,1060,37.31861,-122.15314,0.4398572689385365
13012,1060,37.17217,-122.01121,3.2814225031333635
13013,1060,37.36045,-122.18986,1.4465879185722568
13014,1060,37.51604,-122.45815,1.24197354683974
13015,1060,37.21427,-122.17168,1.4843133005095803
13016,1060,37.20631,-121.97726,1.7805540747184758
13017,1060,37.15432,-121.73467,1.60082197907975
13018,1060,37.63719,-122.47482,1.5757033288123357
13019,1060,37.2708,-122.21276,1.418122158534342
13020,1060,37.19855,-122.34671,1.2062845830168971
13021,1060,37.40373,-122.23868,-0.6322959751614243
13022,1060,37.58225,-122.42006,1.080393138052138
13023,1060,37.40372,-122.17596,-0.5067630712938305
13024,1060,37.28397,-122.05017,0.3345552828834179
13025,1060,37.58644,-122.50217,0.9608105237851268
13026,1060,37.34164,-121.64257,-0.2574874753312273
13027,1060,37.65909,-118.97907,2.026575164637208
13028,1060,38.43951,-122.25272,-1.83238419485046
13029,1060,38.26021,-122.55179,-1.4519964333832274
13030,1060,38.30988,-122.943,2.472843757691102
13031,1060,38.33656,-122.81082,2.167263771523332
13032,1060,38.46769,-122.89651,0.2085624651431936
13033,1060,38.16488,-122.71296,0.952871658688512
13034,1060,38.07601,-122.2585,-0.4117603065807289
13035,1060,38.04248,-122.79684,1.2993551435746198
13036,1060,37.99642,-123.01949,-0.2856973283149369
13037,1060,38.34878,-122.57795,-0.1340765566472455
13038,1060,37.9231,-122.5983,-0.14910682478765
13039,1060,38.38921,-122.66297,-0.5557555664842414
13040,1060,35.945,-120.542,-0.8188197596646439
13041,1060,37.62211,-121.75697,-2.5336130750199035
13042,1060,37.95397,-121.86554,-1.752863323247831
13043,1060,37.87622,-122.23558,-1.626960160656394
13044,1060,37.91881,-122.15176,0.4920707687372254
13045,1060,37.87352,-122.26099,-0.757497910119179
13046,1060,38.34526,-122.4584,-1.6100592633482231
13047,1060,38.87874,-122.44277,-3.9189558491174847
13048,1060,38.2026,-121.9354,-1.5533481159647768
13049,1060,36.76403,-121.44722,-1.641796495629453
19582,1060,37.69782,-123.0011,-0.1771190477891265
19583,1060,39.55451,-121.50036,-1.8199914080349169
19584,1060,37.28744,-121.86422,1.3302292559286883
19585,1060,37.81647,-122.06302,-1.161054051415659
19586,1060,37.25898,-121.67311,0.4776634056866794
19587,1060,37.9889,-122.2156,-0.8300192374981081
19588,1060,37.94906,-122.40851,0.1252210742742755
19589,1060,37.72416,-122.11929,0.2357389761640065
19590,1060,37.12043,-122.1552,1.3709332816488455
19591,1060,38.441,-122.701,-0.0313726252912517
19592,1060,38.233,-122.636,1.0887513804886362
19593,1060,37.75094,-122.49072,-0.1386990168557268
19594,1060,37.40701,-122.0946,-0.5825585856121409
19595,1060,37.4748,-122.2392,0.6516700208390783
19596,1060,37.30249,-121.97978,0.4625579004149885
19597,1060,37.26748,-121.86656,0.1537385104793746
19598,1060,37.26352,-121.91617,-0.0231086731373275
19599,1060,37.30143,-121.9039,-0.5507650190724299
19600,1060,37.31816,-121.94354,0.9844911340724376
19601,1060,37.3066,-121.84915,0.4088688495663404
19602,1060,37.66,-121.873,-0.2218173383526097
19603,1060,37.68,-121.739,-2.3529405403051467
19604,1060,37.41702,-121.9154,-0.6386475946006622
19605,1060,37.59094,-122.36741,-0.0013062251399351
19606,1060,37.74664,-122.38679,0.5717292244223338
19607,1060,37.45098,-122.4287,0.5232584597910014
19608,1060,37.59268,-122.07449,-0.3090191202368214
19609,1060,37.71737,-121.72701,-2.121097416547157
19610,1060,37.74484,-122.40134,-0.5854807604359246
19611,1060,38.29027,-122.46125,-2.04481772078378
19612,1060,37.37418,-122.0781,-0.6519070768071408
19613,1060,37.16346,-121.62645,0.7305382102124088
19614,1060,37.04922,-121.80722,0.5148098307484266
19615,1060,39.68631,-123.58242,-2.0078965351348947
19617,1060,40.2022,-123.7086,-2.377266075209712
19618,1060,37.6444,-118.89683,1.4164604383137571
19619,1060,38.28043,-122.21582,-2.1267350698581127
19620,1060,38.15486,-121.80438,-1.2257642235840325
19621,1060,38.6694,-122.6332,-1.1454772745595234
13050,1061,34.1949,-118.354,0.8557826931788648
13052,1061,35.2693,-116.0703,1.007262034588996
13053,1061,34.68224,-118.57398,-0.1463491130841759
13054,1061,34.155,-118.641,-0.299879853319925
13055,1061,33.44577,-118.483,-0.2729762165659242
13058,1061,34.0602,-117.809,-1.525784417492101
13059,1061,33.876,-117.561,0.4130574050727558
13060,1061,33.93597,-116.57794,-0.1517946666124984
13061,1061,33.65,-117.009,1.401109319657787
13062,1061,34.88303,-117.99106,1.350872351124094
13063,1061,34.1,-117.439,0.0150444378039801
13064,1061,35.082,-117.58267,0.2715514502856539
13065,1061,33.8717,-117.92251,-1.0945859910450253
13066,1061,36.46719,-116.86322,0.9445287026808192
13067,1061,33.051,-114.827,0.1079550707000535
13069,1061,34.8294,-116.335,1.194066035915787
13070,1061,35.9823,-117.8076,0.3900335425271086
13071,1061,34.15037,-118.10156,-0.2975377401630573
13072,1061,34.61462,-118.29104,-0.450494269209697
13073,1061,34.61594,-117.82493,2.217578111386161
13074,1061,35.47954,-117.68212,1.5471592538188683
13075,1061,34.3656,-117.36683,0.1405382553050786
13077,1061,36.05799,-117.48901,-0.7030453086133962
13079,1061,34.22362,-118.05832,0.9210094026946964
13080,1061,33.788,-117.844,-0.8394250080062298
13081,1061,34.6145,-118.7235,-1.2342042598753389
13082,1061,34.1484,-118.1711,-1.6489987254704273
13083,1061,33.354,-116.863,0.8539617965774895
13084,1061,33.7953,-117.60906,-0.0779785048269068
13085,1061,33.74346,-118.40412,0.0642256902363654
13087,1061,34.05073,-118.08085,-0.6459464820158962
13088,1061,33.99351,-117.37545,0.7432326504673935
13089,1061,34.44076,-119.71492,-0.2660883319022196
13090,1061,34.232,-117.235,-1.414083136845798
13091,1061,35.8996,-116.27515,1.8294253996162448
13092,1061,34.01438,-118.45617,0.2567826901801928
13093,1061,33.24787,-119.52437,-0.3486366057695271
13094,1061,34.416,-118.449,0.0414768368322206
13095,1061,32.94508,-115.79988,0.4275446450960142
13097,1061,34.15607,-118.82039,-1.6110072016312085
13098,1061,34.01919,-118.28631,-1.6092281994190676
13099,1061,34.48364,-118.11783,-2.028833731237463
13100,1061,34.56065,-117.3296,1.829081955365072
13101,1062,33.3527,-115.733,-0.1862563575295283
13102,1062,34.55046,-117.43391,1.3419575180630463
13103,1062,34.68708,-118.29946,-0.2539967376086917
13104,1062,32.68005,-116.67215,-0.0410985710345832
13105,1062,34.2623,-116.92075,1.0472882012019038
13106,1062,33.921,-116.981,-0.0403556985734254
13109,1062,34.069,-116.39,-0.2870547628139884
13111,1062,33.268,-116.417,-0.3659889462720967
13112,1062,33.01213,-115.21987,-1.944160826771899
13113,1062,34.68224,-118.57398,1.318773993752024
13114,1062,33.38822,-117.19495,-0.5370238929318867
13116,1062,33.999,-117.68,0.9425359137140952
13117,1062,33.655,-115.99,0.0109288127529787
13118,1062,34.63745,-115.38115,-1.451711722770909
13119,1062,34.25353,-118.33383,0.5369588325285545
13120,1062,33.65,-117.009,-0.3510015801875196
13121,1062,33.567,-116.631,0.0961961582793472
13122,1062,32.999,-116.942,0.3728798977002491
13123,1062,32.805,-115.447,0.9691560289303228
13124,1062,32.65915,-116.10061,-1.5784063458018067
13127,1062,33.11675,-115.82267,0.7831433730134614
13128,1062,33.051,-114.827,-3.120840338061648
13129,1062,33.1537,-117.22921,-0.246610322646527
13130,1062,35.30177,-116.80574,-0.5271264687138119
13132,1062,33.0859,-116.5959,-0.3863168404969934
13133,1062,34.36622,-116.61266,0.3992725324558869
13134,1062,34.9906,-118.34156,0.7923710901198083
13135,1062,33.684,-117.943,-0.8068388175740498
13136,1062,34.93439,-117.69629,1.436199500249605
13137,1062,35.47954,-117.68212,0.8532542665710621
13138,1062,34.3656,-117.36683,-0.4818885412791842
13140,1062,33.818,-116.369,0.8807058648866879
13141,1062,34.005,-117.562,1.950451497939292
13143,1062,33.808,-116.968,1.047634833326552
13144,1062,34.22362,-118.05832,0.5542097634921292
13145,1062,33.556,-115.946,-1.017271481841497
13146,1062,33.94539,-117.92372,0.3335958417133957
13147,1062,32.608,-116.93,1.076213234153081
13148,1062,34.6145,-118.7235,-1.3718293180330603
13149,1062,34.1484,-118.1711,-1.3926405191693343
13150,1062,34.1207,-117.63808,0.6896129847701107
13151,1062,33.862,-117.205,1.0184052423774872
13153,1062,33.354,-116.863,-1.5961185914746605
13154,1062,33.63,-116.8478,0.5313720102725282
13155,1062,34.87533,-116.99684,-0.7365045592684447
13156,1062,33.97327,-117.32674,1.2201402685076594
13157,1062,33.99351,-117.37545,0.2549489223421627
13158,1062,33.183,-115.623,-2.1087073513325736
13159,1062,33.2801,-115.98585,0.0426892274060885
13161,1062,33.553,-117.662,-2.025208795079904
13163,1062,33.834,-116.797,1.4456688247401683
13164,1062,34.05933,-118.64614,-0.9968893857386084
13165,1062,33.829,-117.789,-0.825555143791368
13166,1062,33.664,-117.769,-1.447833085496977
13167,1062,34.106,-117.098,1.7774861730262386
13168,1062,32.94508,-115.79988,0.8656623832494346
13169,1062,34.38203,-117.67822,0.4005744516340244
13171,1062,33.63495,-116.16402,-2.4739454476819107
13172,1062,34.48364,-118.11783,1.1178252332794012
13173,1062,34.56065,-117.3296,2.2022676915847352
13174,1062,32.75904,-115.73161,1.2041133516695184
13175,1062,34.00948,-117.95077,0.5071698193469972
13201,1064,34.55046,-117.43391,-0.7058702890538654
13202,1064,33.63838,-116.4011,0.9484864990004128
13203,1064,34.68708,-118.29946,-0.3916348311658533
13204,1064,35.1269,-118.83009,-0.8424154681559584
13205,1064,32.68005,-116.67215,1.3343756456146962
13207,1064,33.57508,-117.26119,-0.1650755120627589
13209,1064,34.23883,-117.65853,-0.0460818231976105
13210,1064,34.069,-116.39,-0.836004451450608
13211,1064,33.268,-116.417,0.4123429346069812
13212,1064,33.80776,-117.98116,-0.4961596787133754
13213,1064,34.68224,-118.57398,0.826325624226711
13214,1064,33.38822,-117.19495,-0.0089780669768784
13215,1064,35.52495,-117.36453,1.1992203893860809
13216,1064,36.5504,-117.80295,1.3414728674161014
13218,1064,33.999,-117.68,-2.005038912355454
13219,1064,33.4019,-118.41502,-0.0790456839936135
13221,1064,34.093,-117.317,0.1607313646991521
13222,1064,33.655,-115.99,0.327444539203406
13223,1064,34.63745,-115.38115,1.7431080025913352
13224,1064,34.25353,-118.33383,-0.1821086761328901
13225,1064,33.93597,-116.57794,-0.5047451059488606
13226,1064,33.65,-117.009,-0.2896042335170316
13227,1064,34.10618,-118.45505,-1.2642968430272197
13228,1064,33.567,-116.631,0.7875718577511166
13229,1064,32.999,-116.942,0.6005684069397322
13231,1064,32.65915,-116.10061,-0.530518334437011
13234,1064,33.11675,-115.82267,1.063975868633205
13235,1064,33.71264,-118.29381,-2.000657197967694
13236,1064,33.051,-114.827,-0.1405950851522897
13237,1064,33.1537,-117.22921,-0.2958261782043304
13238,1064,36.99608,-117.36621,0.9872474575918386
13239,1064,35.30177,-116.80574,0.5909254957223848
13240,1064,34.8294,-116.335,1.4717567266212723
13241,1064,34.121,-117.219,-1.4271765971552377
13243,1064,35.66278,-118.47403,-0.5201661400138915
13244,1064,33.0859,-116.5959,1.0175024181901908
13245,1064,35.98249,-117.80885,1.7330458544896297
13246,1064,34.36622,-116.61266,-0.3111655603126063
13247,1064,35.13066,-115.18416,1.190093187461723
13248,1064,34.9906,-118.34156,1.175742400380812
13249,1064,34.30529,-118.48805,0.0289532377074408
13250,1064,33.9753,-118.14918,-0.8977074516586832
13251,1064,34.10819,-119.06587,-0.89617087427921
13252,1064,34.80762,-118.86775,0.2567442361977374
13253,1064,34.61594,-117.82493,0.8264139333709494
13254,1064,34.93439,-117.69629,0.4832120564004861
13255,1064,35.47954,-117.68212,1.1716253570413468
13256,1064,34.3656,-117.36683,-1.3774211931539169
13258,1064,33.818,-116.369,-0.1798442844228908
13260,1064,34.005,-117.562,-1.535495329576224
13261,1064,36.05799,-117.48901,0.5022029176625298
13262,1064,33.808,-116.968,-0.9178433839195944
13264,1064,34.22362,-118.05832,0.3144202269800117
13265,1064,34.78035,-116.55798,1.2820326953304646
13267,1064,33.556,-115.946,-0.9994544590841268
13268,1064,33.94539,-117.92372,-0.5801572956838373
13269,1064,32.608,-116.93,0.7242394747178009
13270,1064,34.6145,-118.7235,-1.328612181275944
13271,1064,34.1484,-118.1711,-1.9502490197828872
13272,1064,34.1207,-117.63808,-1.6332742936654063
13273,1064,33.862,-117.205,-0.0159592638679471
13275,1064,33.82436,-116.51195,-0.2859403901192139
13276,1064,33.354,-116.863,0.2851571749634827
13277,1064,33.7953,-117.60906,-1.7908979162149614
13278,1064,33.63,-116.8478,1.1001614104912611
13279,1064,34.87533,-116.99684,0.1118341522033856
13280,1064,33.97327,-117.32674,-0.3295315338474148
13281,1064,34.05073,-118.08085,0.5388239286364038
13282,1064,33.99351,-117.37545,-1.2851139977487882
13283,1064,33.2801,-115.98585,1.2346507544204832
13284,1064,34.232,-117.235,-0.8571352453408394
13285,1064,33.99543,-119.6351,0.0398636231631307
13286,1064,33.553,-117.662,-1.6027495639751992
13287,1064,32.784,-117.13805,-0.1367165810556485
13289,1064,34.43692,-119.1375,-1.6196588748969558
13290,1064,35.8996,-116.27515,2.2471347946545848
13291,1064,35.89095,-117.28332,2.2862517406944383
13292,1064,33.834,-116.797,1.1319171449458822
13294,1064,34.01438,-118.45617,0.0426825987571265
13295,1064,34.05933,-118.64614,-1.2575989363229283
13296,1064,36.1355,-118.81099,-0.8722974596847578
13297,1064,33.829,-117.789,-1.2371954346292209
13298,1064,34.30302,-119.18676,0.0786654477882996
13299,1064,33.664,-117.769,-1.2816976295278952
13300,1064,34.106,-117.098,1.0148374959899362
13301,1064,32.94508,-115.79988,0.5594001960325755
13302,1064,34.52775,-119.97834,-0.5311912539508592
13303,1064,34.38203,-117.67822,0.0448827793104558
13305,1064,33.63495,-116.16402,0.6085301463938715
13307,1064,34.48364,-118.11783,-0.6132085953674768
13308,1064,34.56065,-117.3296,1.9957611266259057
13309,1064,35.53664,-118.14035,1.0944612567091556
13310,1064,32.75904,-115.73161,0.6520205471707351
13311,1064,34.51085,-119.27407,-1.155960316629843
13312,1064,34.00948,-117.95077,0.6675296136594561
13313,1065,34.68708,-118.29946,0.0246690430631782
13314,1065,32.68005,-116.67215,0.7687226664387844
13315,1065,34.23883,-117.65853,0.2498828146498529
13316,1065,34.68224,-118.57398,0.3842936018002477
13317,1065,33.38822,-117.19495,1.526545585251636
13319,1065,33.876,-117.561,0.4212544694626483
13320,1065,34.10618,-118.45505,-1.3877016230317925
13321,1065,32.999,-116.942,1.3659496135659472
13323,1065,33.71264,-118.29381,-0.332853005344762
13324,1065,33.1537,-117.22921,0.3578609984130145
13325,1065,35.66278,-118.47403,-0.5958326220200859
13326,1065,34.9906,-118.34156,1.0559198020609502
13327,1065,33.9753,-118.14918,0.1937832809575137
13328,1065,34.80762,-118.86775,-0.2849937462104976
13329,1065,34.005,-117.562,0.2327674965119267
13330,1065,33.6,-117.195,1.031749392414657
13331,1065,34.22362,-118.05832,0.4783865189539563
13332,1065,33.94539,-117.92372,-1.1217488324811196
13333,1065,34.6145,-118.7235,-1.219061614336952
13334,1065,34.17141,-118.18523,-4.200709776005373
13335,1065,34.1207,-117.63808,-1.678227262106539
13336,1065,33.354,-116.863,-0.525785283572953
13337,1065,34.09181,-117.80709,-1.458372087459505
13338,1065,33.63,-116.8478,0.6039842242071606
13339,1065,34.281,-118.478,1.067066916619159
13340,1065,34.87533,-116.99684,-0.6499656441516042
13341,1065,34.05073,-118.08085,-0.2836094563317256
13342,1065,33.99351,-117.37545,-0.3227233810902781
13344,1065,34.232,-117.235,-1.967885947034432
13345,1065,34.05933,-118.64614,-1.0797257525247177
13346,1065,34.106,-117.098,-0.7135674387748248
13347,1065,34.38203,-117.67822,-0.925235920019434
13350,1065,34.48364,-118.11783,-1.093704393365731
13351,1065,34.56065,-117.3296,0.7916083654981928
13352,1065,34.00948,-117.95077,1.318890370241434
13353,1065,34.1717,-118.64971,2.376891331667747
13354,1065,33.939,-118.098,1.816341062903528
13355,1065,34.425,-117.544,-0.1926081598859139
13356,1065,34.439,-117.647,1.5825435651251631
13357,1065,34.144,-118.262,1.8275490568362505
13358,1065,34.393,-117.805,-0.1789682729334997
13360,1065,33.852,-117.451,1.7489252216078297
13361,1066,34.55046,-117.43391,0.7743663519759296
13362,1066,33.63838,-116.4011,-0.6433651354164494
13363,1066,34.14647,-118.76699,-0.4251999910334466
13364,1066,34.68708,-118.29946,-0.8281813289499552
13365,1066,32.68005,-116.67215,0.5433547610276207
13366,1066,34.2623,-116.92075,0.7213166342831435
13367,1066,33.921,-116.981,0.4600433684216028
13369,1066,33.57508,-117.26119,0.3062579325452743
13371,1066,34.23883,-117.65853,-0.2373971166125381
13372,1066,34.069,-116.39,-0.5772683227585749
13373,1066,33.268,-116.417,-0.6515552543045073
13374,1066,33.80776,-117.98116,-0.3848504133378151
13375,1066,33.4915,-116.667,-3.72679856433086
13376,1066,33.38822,-117.19495,0.2897111684816909
13377,1066,35.52495,-117.36453,0.1369152594317949
13378,1066,36.5504,-117.80295,0.3227421216022786
13380,1066,33.4019,-118.41502,0.4271753172878172
13382,1066,34.093,-117.317,1.513636999226713
13383,1066,33.655,-115.99,1.020751680454005
13385,1066,34.25353,-118.33383,-0.227499017533388
13386,1066,33.93597,-116.57794,0.2806584125633645
13387,1066,34.10618,-118.45505,-0.2319633418710073
13388,1066,33.567,-116.631,1.0463687850078929
13389,1066,32.999,-116.942,0.5513747331920709
13390,1066,34.88303,-117.99106,-0.0124866703847209
13392,1066,34.72832,-119.98803,-1.1833474938011477
13393,1066,33.71264,-118.29381,-1.5752118173633836
13394,1066,33.1537,-117.22921,-0.5348442286727452
13396,1066,35.30177,-116.80574,-0.4659918831145236
13397,1066,34.8294,-116.335,0.68595356793248
13398,1066,34.17643,-118.35967,0.9640478089166724
13400,1066,34.31076,-118.49675,0.5008032406972006
13401,1066,33.0859,-116.5959,0.0267096387124566
13402,1066,35.9823,-117.8076,1.2372736552774408
13403,1066,34.36622,-116.61266,0.1886155298870668
13404,1066,34.15037,-118.10156,0.0290482925555267
13405,1066,33.86889,-118.33143,0.074601917477323
13406,1066,34.00033,-118.37794,-0.622266269610443
13407,1066,34.73551,-120.27996,0.2886915572850036
13408,1066,34.9906,-118.34156,0.8677535203540884
13409,1066,33.9753,-118.14918,-0.7806309224816863
13410,1066,34.10819,-119.06587,1.00032849545433
13411,1066,34.80762,-118.86775,-0.178345664174177
13412,1066,34.61594,-117.82493,0.5188389454350391
13413,1066,33.684,-117.943,-0.2305675402019548
13414,1066,34.93439,-117.69629,0.1508256148314626
13415,1066,33.881,-118.176,-0.1646884306777527
13416,1066,34.3656,-117.36683,0.2270090179377726
13419,1066,34.005,-117.562,-0.1177206971034776
13420,1066,34.28085,-118.9049,-0.7369836050572124
13421,1066,34.81258,-119.1453,-0.4800409356800016
13422,1066,36.05799,-117.48901,-2.052923160186592
13423,1066,34.88848,-119.81362,-0.7225168947674911
13424,1066,33.808,-116.968,1.155720310779847
13426,1066,34.22362,-118.05832,0.5021583251931266
13427,1066,34.53412,-120.17737,1.0646848124126476
13428,1066,33.94539,-117.92372,-0.0541567240667997
13429,1066,34.6145,-118.7235,-2.423917926933325
13430,1066,34.1484,-118.1711,-1.4825564493163983
13431,1066,34.44199,-118.58215,0.8484919426926816
13432,1066,33.96273,-118.43702,-0.8880118063118528
13433,1066,34.1207,-117.63808,-0.6076185610396159
13434,1066,33.862,-117.205,1.0534842716495572
13435,1066,35.40773,-120.54556,0.2009323843617122
13436,1066,35.945,-120.542,-1.2816813302074157
13437,1066,33.354,-116.863,-0.1990746261968693
13438,1066,33.7953,-117.60906,0.2560552360855525
13439,1066,34.281,-118.478,0.6655910739937855
13440,1066,34.10473,-117.97956,-1.1444384970508303
13441,1066,33.74346,-118.40412,0.2175899684866184
13442,1066,34.87533,-116.99684,0.0513281105949211
13443,1066,34.05073,-118.08085,-0.4502281853913742
13444,1066,33.99351,-117.37545,-0.2032602027080771
13445,1066,33.2801,-115.98585,0.7346771584521784
13446,1066,34.44076,-119.71492,1.4154066840461628
13448,1066,34.232,-117.235,-0.0369550296770828
13449,1066,33.553,-117.662,-0.4627072569716935
13450,1066,34.56547,-120.50137,1.0667359285889138
13451,1066,34.43692,-119.1375,-1.3643400617017625
13452,1066,35.89095,-117.28332,0.0016983442762659
13453,1066,33.834,-116.797,0.7581950474896453
13454,1066,35.3142,-119.99581,-0.8080724368852343
13455,1066,34.01438,-118.45617,0.0543269351175301
13456,1066,34.27091,-118.74407,-0.8908756393027594
13457,1066,33.24787,-119.52437,-0.6996435269420102
13458,1066,34.05933,-118.64614,-0.0597772490899602
13459,1066,33.829,-117.789,-0.4621606588066055
13460,1066,34.30302,-119.18676,0.4198400143553389
13461,1066,33.664,-117.769,-0.3557705050451569
13462,1066,33.79033,-118.19878,0.4822894256660799
13463,1066,34.106,-117.098,1.6428663656484248
13464,1066,34.52775,-119.97834,1.2492859604099602
13465,1066,34.38203,-117.67822,0.1069293117557331
13467,1066,35.14592,-119.41946,-0.613669723778166
13468,1066,33.63495,-116.16402,0.7594152151645638
13469,1066,37.05422,-118.23009,2.135926654698485
13470,1066,34.15607,-118.82039,-0.4454670951511079
13472,1066,34.01919,-118.28631,-1.3777810868679212
13473,1066,34.48364,-118.11783,-0.0622246995712231
13474,1066,35.84089,-119.08469,-0.6002720528815745
13475,1066,34.56065,-117.3296,1.0514454179534731
13476,1066,35.53664,-118.14035,0.7831262434038244
13478,1066,34.51085,-119.27407,-1.470220028626808
13479,1066,34.00948,-117.95077,0.3100117768922207
13480,1066,34.1717,-118.64971,0.9220477549599738
13481,1066,33.94869,-118.25547,-0.5046905760792858
13502,1068,35.1269,-118.83009,-0.7673968889199612
13503,1068,34.2623,-116.92075,0.0513956249252972
13504,1068,34.23883,-117.65853,-0.509097675399392
13505,1068,34.069,-116.39,0.0986291618680221
13506,1068,33.268,-116.417,0.1708961310696276
13507,1068,33.01213,-115.21987,-1.2138959899997324
13508,1068,34.68224,-118.57398,0.2320352127254255
13509,1068,33.4915,-116.667,-5.160277444567852
13510,1068,33.38822,-117.19495,1.771602967643045
13513,1068,33.4019,-118.41502,-0.1338065353572376
13515,1068,33.655,-115.99,-0.4155652940008866
13516,1068,34.25353,-118.33383,-0.4095121133474629
13517,1068,33.93597,-116.57794,0.2256327439791371
13518,1068,33.65,-117.009,0.080275256965265
13519,1068,34.10618,-118.45505,-1.4142997928824277
13520,1068,33.567,-116.631,0.8584821608857797
13521,1068,32.999,-116.942,0.6002538661252899
13522,1068,32.65915,-116.10061,0.5926297210554613
13524,1068,33.11675,-115.82267,-0.1261150241036955
13525,1068,33.71264,-118.29381,-1.1921457249257357
13526,1068,33.051,-114.827,-0.6036326072029217
13528,1068,33.1537,-117.22921,-0.0940631716208009
13529,1068,35.30177,-116.80574,0.1643867218342676
13530,1068,34.8294,-116.335,-0.1401503543587522
13532,1068,33.0859,-116.5959,-0.1595786957020352
13533,1068,34.36622,-116.61266,1.0520361588397145
13535,1068,34.9906,-118.34156,-0.1620239050514308
13536,1068,34.3656,-117.36683,-0.312849135483304
13538,1068,33.818,-116.369,1.1754467874302506
13540,1068,33.808,-116.968,1.3613062413955783
13541,1068,33.6,-117.195,0.7449573401091804
13542,1068,32.608,-116.93,-0.1424905409122475
13543,1068,34.6145,-118.7235,-1.6301746459071398
13544,1068,34.17141,-118.18523,-1.136167213097632
13545,1068,34.1207,-117.63808,0.1138355367735307
13547,1068,33.354,-116.863,-0.4004914450656988
13548,1068,33.7953,-117.60906,-0.6707856470179627
13550,1068,34.09181,-117.80709,-0.9059271381508373
13551,1068,33.63,-116.8478,2.1072402656972904
13552,1068,34.87533,-116.99684,0.2331422357937857
13553,1068,33.99351,-117.37545,1.1532743590130303
13554,1068,33.2801,-115.98585,0.2887826689573892
13556,1068,34.232,-117.235,-0.302951365717667
13557,1068,33.99543,-119.6351,0.6825700268608459
13558,1068,33.553,-117.662,0.4625274739478858
13560,1068,32.944,-115.718,0.1174251213706248
13561,1068,33.834,-116.797,0.4740754253537879
13562,1068,34.05933,-118.64614,-0.4881555067593275
13563,1068,33.829,-117.789,-0.7775117693281594
13564,1068,34.106,-117.098,1.4409625360663665
13565,1068,32.94508,-115.79988,0.1738114597908363
13566,1068,34.38203,-117.67822,0.6063579067407903
13570,1068,32.75904,-115.73161,0.698727264372861
13571,1069,37.75094,-122.49072,0.6465157689973708
13572,1069,37.54187,-122.30471,0.4012163232433309
13573,1069,37.26352,-121.91617,-1.2189558900562394
13574,1069,37.66,-121.873,-0.5499200118236136
13575,1069,37.68,-121.739,-1.4061261854964449
13576,1069,37.59094,-122.36741,1.989904080748312
13577,1069,37.39415,-122.06041,-1.5862743575424894
13578,1069,37.27117,-121.98617,-1.0206892154060123
13579,1069,37.59268,-122.07449,-0.8230232476672419
13580,1069,37.71737,-121.72701,-2.0898119422651606
13581,1069,37.67928,-122.48405,2.120092762374473
13582,1069,37.91056,-122.53778,3.4356011159063446
13583,1069,38.03445,-122.27016,-0.415392037281571
13584,1069,37.95397,-121.86554,-2.920057995679583
13585,1069,37.87622,-122.23558,-1.856315818953668
13586,1069,37.91881,-122.15176,-1.1769983590555737
13587,1069,37.87352,-122.26099,-1.0889625302379975
13588,1069,37.16346,-121.62645,-0.931600864234537
13589,1069,37.85727,-122.42266,0.5667237233220576
13590,1069,37.45035,-121.80037,-1.9425148848096223
13591,1069,37.74766,-121.70843,0.6145226310188897
13592,1069,37.7294,-121.83346,-0.3409192896573576
13593,1069,37.85884,-121.99264,0.1440127341578423
13594,1069,37.91233,-121.90716,-0.2197518841194574
13595,1069,38.02691,-122.01599,-0.612852435275292
13596,1069,38.34526,-122.4584,-0.6789036494384625
13597,1069,38.99349,-123.07234,-3.3711063091573013
13598,1069,37.34305,-122.33976,0.6861729406726568
13599,1069,37.31861,-122.15314,-1.0462790471248211
13600,1069,37.17217,-122.01121,1.694946920929605
13601,1069,37.51604,-122.45815,2.232013135087662
13602,1069,37.21427,-122.17168,0.0645642470383452
13603,1069,37.20631,-121.97726,2.081077153750201
13604,1069,37.15432,-121.73467,0.3692097552575518
13605,1069,37.63719,-122.47482,1.1550363230667626
13606,1069,37.2708,-122.21276,-0.729244788490847
13607,1069,37.19855,-122.34671,0.5208688234093211
13608,1069,37.40373,-122.23868,-2.5311279414899306
13609,1069,37.58225,-122.42006,2.257147732054875
13610,1069,37.40372,-122.17596,-1.727426823092532
13611,1069,37.28397,-122.05017,-1.547440520607822
13612,1069,37.58644,-122.50217,1.8035088904747407
13613,1069,37.6444,-118.89683,2.3848350504266485
13614,1069,37.34164,-121.64257,-2.0170091689463217
13615,1069,37.65909,-118.97907,2.963116988257684
13616,1069,38.33656,-122.81082,1.966627424829014
13617,1069,38.28043,-122.21582,-1.2911181112783163
13618,1069,38.16488,-122.71296,1.3098778394726027
13619,1069,38.6694,-122.6332,-0.2912871911527161
13620,1069,38.07601,-122.2585,-0.2041266303377908
13621,1069,38.04248,-122.79684,1.77958248989599
13622,1069,37.99642,-123.01949,1.8645474905293145
13623,1069,38.34878,-122.57795,1.135050645534812
13624,1069,37.9231,-122.5983,1.4413785487570532
13625,1069,38.38921,-122.66297,0.806269402131297
13626,1069,39.55451,-121.50036,-0.9247844565289808
13627,1069,35.945,-120.542,-1.545642595863127
13628,1069,38.2026,-121.9354,-0.928764784669111
13629,1069,36.76403,-121.44722,-2.6546454953223515
13630,1069,37.62211,-121.75697,-2.2453522490456903
19409,1069,38.03455,-120.38651,-0.6209202922362974
19410,1069,37.81647,-122.06302,-0.985132755503808
19411,1069,37.9889,-122.2156,1.425413913168066
19412,1069,37.94906,-122.40851,-0.3159065614450768
19413,1069,37.72416,-122.11929,1.123332053304634
19414,1069,37.80787,-122.3618,-0.585171048931641
19415,1069,37.12043,-122.1552,0.1803017048741821
19416,1069,37.51704,-122.37731,-0.2144899333463
19417,1069,37.67433,-122.39855,1.1392290294604936
19418,1069,37.16067,-121.89899,2.0767058806108536
19419,1069,37.92144,-122.71806,1.6249408523861155
19420,1069,38.04962,-122.52331,1.6475457904882644
19421,1069,38.12282,-122.14921,0.1585772826520612
19422,1069,38.20025,-122.4644,-0.4169400609534213
19423,1069,38.233,-122.636,1.48604803060276
19424,1069,37.76021,-122.41524,-0.013187861849409
19425,1069,37.77737,-122.39689,-0.1440378771313711
19426,1069,37.76386,-122.4736,0.3974788102288562
19427,1069,37.762,-122.505,0.441741783358037
19428,1069,37.40701,-122.0946,-1.806064740489852
19429,1069,37.4748,-122.2392,-1.014638707241399
19430,1069,37.30249,-121.97978,-0.4750095591154201
19431,1069,37.30143,-121.9039,-1.3770213379641196
19432,1069,37.31816,-121.94354,-0.1457981910608841
19433,1069,37.41702,-121.9154,-1.1578440123384244
19434,1069,37.74766,-122.42528,0.7142909162836804
19435,1069,38.46769,-122.89651,-0.1489705598054961
13631,1070,37.27117,-121.98617,-0.7273569551467186
13632,1070,37.91056,-122.53778,1.1176889266820849
13633,1070,38.03445,-122.27016,-1.1600171950146536
13634,1070,37.72416,-122.44841,0.6314586280886346
13635,1070,37.86059,-122.29327,-1.232958092972353
13636,1070,38.29027,-122.46125,-0.091815892722565
13637,1070,37.94215,-121.93047,-0.1211860826209968
13638,1070,38.36743,-122.52403,0.5252578971842485
13639,1070,37.95397,-121.86554,-0.4025716487152097
13640,1070,37.87622,-122.23558,-1.8435425178105376
13641,1070,37.91881,-122.15176,-2.2188026680151807
13642,1070,37.87352,-122.26099,-1.9273459762173488
13643,1070,37.85727,-122.42266,0.1305034733952327
13644,1070,37.74766,-121.70843,-0.8772598979805565
13645,1070,37.7294,-121.83346,-0.957835557625953
13646,1070,37.73786,-122.06486,-0.5760000947304855
13647,1070,37.9889,-122.2156,-0.6188242708561353
13648,1070,37.94906,-122.40851,-0.5514822904630222
13649,1070,37.91233,-121.90716,0.0457434898218435
13650,1070,38.02691,-122.01599,1.0873642362126057
13651,1070,37.62359,-121.83641,-1.32162651561106
13652,1070,38.34526,-122.4584,0.5600568866660516
13653,1070,37.69782,-123.0011,0.2258053320559281
13654,1070,38.71073,-122.75733,1.549640621956708
13655,1070,38.80797,-122.7953,2.340733827024203
13656,1070,37.34305,-122.33976,1.3072313625672467
13657,1070,37.36045,-122.18986,0.0244316474094099
13658,1070,37.51604,-122.45815,0.9359762193989416
13659,1070,37.21427,-122.17168,0.3404180423422338
13660,1070,37.20631,-121.97726,0.1614706968194446
13661,1070,37.15432,-121.73467,0.7435607699166473
13662,1070,37.63719,-122.47482,0.7173851212353461
13663,1070,37.2708,-122.21276,0.7818622828830265
13664,1070,37.79499,-122.4746,0.0514822174895353
13665,1070,37.40373,-122.23868,-1.3748893810976686
13666,1070,37.58225,-122.42006,1.1969196964834603
13667,1070,37.40372,-122.17596,-0.5710795126142038
13668,1070,37.58644,-122.50217,1.4354445808775531
13669,1070,37.16067,-121.89899,0.3753564332565529
13670,1070,38.14478,-122.88018,1.0399262129650106
13671,1070,38.87874,-122.44277,-0.994216057995148
13672,1070,38.43951,-122.25272,-0.0393144433479537
13673,1070,37.92144,-122.71806,1.146156133084901
13674,1070,38.26021,-122.55179,0.6963163113849716
13675,1070,38.00198,-122.47466,-0.0615056576282358
13676,1070,38.30988,-122.943,2.4017196855946863
13677,1070,38.33656,-122.81082,2.472112816909268
13678,1070,38.46769,-122.89651,0.7153883106398775
13679,1070,38.04962,-122.52331,1.329242044259516
13680,1070,38.15486,-121.80438,0.1548733023232635
13681,1070,38.16488,-122.71296,1.0171014128835436
13682,1070,38.12282,-122.14921,0.7650522667290542
13683,1070,38.07601,-122.2585,1.6581069162814877
13684,1070,38.34878,-122.57795,-0.0257383753501731
13685,1070,38.20025,-122.4644,0.8548512213339688
13686,1070,37.92371,-122.59649,1.869221766719853
13687,1070,38.14361,-122.44969,-1.2669122225725908
13688,1070,38.24039,-122.79842,0.5511467521275272
13689,1070,38.38921,-122.66297,-0.2486081586177941
13690,1070,37.91608,-122.33607,-0.8171017436016451
13691,1070,37.62211,-121.75697,-2.2805710117815567
21339,1070,38.03455,-120.38651,-1.461683007628074
21340,1070,39.65471,-122.71595,-3.233840404570408
21341,1070,36.3887,-121.5514,-0.6742322505258194
21343,1070,38.99349,-123.07234,-3.146343184406343
21345,1070,37.34164,-121.64257,-1.6962743912381917
21346,1070,39.55451,-121.50036,-1.599168873435971
21347,1070,35.945,-120.542,-1.57101477869573
21348,1070,37.72416,-122.11929,-0.8496208418349219
21349,1070,37.51704,-122.37731,-0.0046274090756633
21350,1070,37.75094,-122.49072,0.7834457864668809
21351,1070,37.762,-122.505,0.3342801611800871
21352,1070,37.67928,-122.48405,1.2917213239953391
21353,1070,37.74484,-122.40134,-0.6942168806526975
21354,1070,37.71633,-122.43117,0.6473788956209499
21355,1070,37.8251,-122.27606,-1.1628051066578005
21356,1070,37.41395,-121.87085,-0.3029830562095851
21357,1070,37.6806,-121.92098,-1.630072305779405
21358,1070,37.85835,-122.25252,-1.1744786901028983
21359,1070,37.81041,-121.80272,-0.7846105163573618
21360,1070,37.85884,-121.99264,-1.3403827486478976
21361,1070,37.80787,-122.3618,-1.038007131502121
21362,1070,38.76927,-123.01486,-0.7805771933823061
21363,1070,37.19855,-122.34671,0.0787380237483987
21364,1070,38.28043,-122.21582,1.1718253017334714
21365,1070,38.65651,-122.61441,0.9951575427282382
21366,1070,38.04248,-122.79684,2.4971057695088352
21367,1070,37.99642,-123.01949,1.4497411250911638
13809,1075,34.55046,-117.43391,-0.8111774141151933
13810,1075,34.68708,-118.29946,-0.6984295093110787
13811,1075,35.1269,-118.83009,-0.6327117715423108
13812,1075,32.68005,-116.67215,1.432221983641147
13813,1075,34.2623,-116.92075,-0.0318081537525643
13814,1075,33.921,-116.981,-0.1085124920882717
13817,1075,34.23883,-117.65853,-1.0432279565949714
13818,1075,34.069,-116.39,-1.4799147308942144
13820,1075,33.268,-116.417,0.2774508999312463
13821,1075,33.80776,-117.98116,0.0284684102653432
13822,1075,34.68224,-118.57398,0.3713863007558067
13823,1075,33.38822,-117.19495,0.4633439181472959
13824,1075,35.52495,-117.36453,0.7725213937679536
13825,1075,36.5504,-117.80295,1.0632194579041048
13827,1075,33.999,-117.68,-1.1303803558739178
13828,1075,33.4019,-118.41502,0.609711590460047
13830,1075,34.093,-117.317,1.4138547585848504
13831,1075,34.63745,-115.38115,0.7599677751414249
13832,1075,34.25353,-118.33383,0.3405471613257466
13833,1075,33.93597,-116.57794,-0.1240151447408096
13834,1075,33.65,-117.009,0.2074458206017231
13835,1075,34.10618,-118.45505,-1.6700007346428851
13836,1075,33.567,-116.631,0.5071356844077872
13837,1075,32.999,-116.942,0.7301738978930313
13841,1075,33.71264,-118.29381,-1.3051831843925914
13842,1075,33.051,-114.827,-0.6540199551806867
13843,1075,33.1537,-117.22921,0.235304869099469
13845,1075,35.30177,-116.80574,-0.1707874937024357
13846,1075,34.8294,-116.335,-0.6290811142196584
13848,1075,35.66278,-118.47403,-0.47819278854737
13849,1075,33.0859,-116.5959,0.7901960419564057
13850,1075,35.98249,-117.80885,0.8310998043151742
13851,1075,34.36622,-116.61266,0.9115254756122488
13852,1075,35.13066,-115.18416,0.2023384312127347
13853,1075,34.9906,-118.34156,1.1405341707270198
13854,1075,34.80762,-118.86775,-0.0659237242049071
13855,1075,33.684,-117.943,0.2844324005459475
13856,1075,35.47954,-117.68212,0.5061042930491128
13857,1075,34.3656,-117.36683,-1.318491142649245
13859,1075,33.818,-116.369,-0.0539015850088741
13860,1075,34.005,-117.562,-0.0317300236831137
13861,1075,36.05799,-117.48901,-0.0054909017256047
13862,1075,33.808,-116.968,-0.6273215944410573
13864,1075,33.6,-117.195,0.4437152848362722
13865,1075,34.22362,-118.05832,-0.3854570044623644
13867,1075,33.94539,-117.92372,-0.2445441155758312
13868,1075,34.6145,-118.7235,-1.3521634590057774
13869,1075,34.1484,-118.1711,-1.717615435029676
13870,1075,33.96273,-118.43702,-0.3375006811198028
13871,1075,34.1207,-117.63808,-1.5498576524974503
13872,1075,33.862,-117.205,0.4623167425800066
13874,1075,33.354,-116.863,-0.4889752099655684
13875,1075,33.7953,-117.60906,-0.8332055891540178
13877,1075,33.824,-116.55,-0.6650055773443431
13878,1075,34.09181,-117.80709,-1.440909173219971
13879,1075,33.63,-116.8478,0.7011989107268964
13880,1075,33.74346,-118.40412,0.4366954358199316
13881,1075,34.87533,-116.99684,-0.4873638011160554
13882,1075,33.97327,-117.32674,0.9975467017046036
13883,1075,34.05073,-118.08085,0.7892790367237725
13884,1075,33.99351,-117.37545,-0.2929985445985022
13885,1075,33.2801,-115.98585,1.630880206729037
13887,1075,34.232,-117.235,-0.5755672822108897
13888,1075,33.553,-117.662,-0.560017278022825
13889,1075,32.784,-117.13805,-0.2577011857747927
13891,1075,34.43692,-119.1375,-1.921165399143111
13892,1075,35.8996,-116.27515,0.5327853895700791
13893,1075,35.89095,-117.28332,2.030637032078837
13894,1075,33.834,-116.797,0.4293034576660064
13895,1075,34.01438,-118.45617,0.2098028293994317
13896,1075,34.05933,-118.64614,-1.3021573710809864
13897,1075,36.1355,-118.81099,-1.5177203242425277
13898,1075,33.829,-117.789,-0.5312283645778022
13899,1075,34.30302,-119.18676,0.2130924435373867
13900,1075,33.664,-117.769,-0.6998302184710692
13901,1075,34.106,-117.098,2.658121762227121
13902,1075,32.94508,-115.79988,1.0780569601378596
13903,1075,34.38203,-117.67822,0.5878440070682807
13905,1075,33.63495,-116.16402,0.5757645259893042
13907,1075,34.48364,-118.11783,-0.5718194364007788
13908,1075,34.56065,-117.3296,0.7138799432546068
13909,1075,35.53664,-118.14035,1.4611950254687247
13910,1075,32.75904,-115.73161,0.6495396880942291
13911,1075,34.51085,-119.27407,-1.99628377648838
13912,1075,34.00948,-117.95077,0.9030915461394676
13913,1075,34.1717,-118.64971,2.019208325783328
13914,1076,34.55046,-117.43391,0.6600016220604632
13915,1076,33.63838,-116.4011,1.2106530259158867
13916,1076,34.68708,-118.29946,-0.9997624581856168
13917,1076,32.68005,-116.67215,1.7585221374229862
13918,1076,34.2623,-116.92075,0.6909089230096638
13920,1076,34.069,-116.39,-0.035529844739525
13921,1076,33.268,-116.417,1.066561593152648
13922,1076,34.68224,-118.57398,-0.060136162380892
13923,1076,33.38822,-117.19495,3.2041408559087765
13924,1076,35.52495,-117.36453,0.8561874599406494
13926,1076,33.999,-117.68,-1.1269383544336595
13928,1076,34.093,-117.317,1.0492244827747816
13929,1076,33.876,-117.561,0.5914466166291579
13930,1076,33.655,-115.99,0.2651942016327215
13931,1076,34.63745,-115.38115,0.9520151787180964
13932,1076,34.25353,-118.33383,-0.8404689677138296
13933,1076,34.10618,-118.45505,-1.593283009123235
13934,1076,32.999,-116.942,1.9310875207169391
13936,1076,33.71264,-118.29381,-1.632967558257641
13937,1076,33.051,-114.827,-0.3434702213976643
13938,1076,33.1537,-117.22921,1.591987830676566
13939,1076,35.30177,-116.80574,1.0792060024105008
13940,1076,34.8294,-116.335,0.6590732612926192
13941,1076,34.121,-117.219,-1.482854625149196
13942,1076,35.66278,-118.47403,-0.6564739408403248
13943,1076,33.0859,-116.5959,0.3665915409892277
13944,1076,35.9823,-117.8076,0.9151860334964416
13945,1076,34.36622,-116.61266,1.234401074278627
13946,1076,35.13066,-115.18416,1.1954070085517317
13947,1076,34.61594,-117.82493,0.8253325367546397
13948,1076,33.684,-117.943,-1.3613827540878485
13949,1076,35.47954,-117.68212,1.754251522887071
13950,1076,34.3656,-117.36683,-0.7761467785039387
13952,1076,33.818,-116.369,-0.1797185373760974
13954,1076,34.005,-117.562,0.5798586830975797
13955,1076,36.05799,-117.48901,-0.481537768969608
13957,1076,34.22362,-118.05832,-0.1646309323048749
13958,1076,34.22869,-118.55829,-0.2371518690053801
13959,1076,33.94539,-117.92372,-1.1132149764742154
13960,1076,32.608,-116.93,1.529752278523996
13961,1076,34.6145,-118.7235,-1.6405819803740362
13962,1076,34.1484,-118.1711,-2.5674703623774184
13963,1076,34.1207,-117.63808,-0.8720207246531352
13964,1076,33.354,-116.863,0.2931249533248725
13965,1076,33.7953,-117.60906,-1.0143836862461946
13967,1076,33.74346,-118.40412,0.0645859115428802
13968,1076,34.87533,-116.99684,0.2864456418786771
13969,1076,34.05073,-118.08085,-0.8287526690163649
13970,1076,33.99351,-117.37545,-0.3520004271123075
13971,1076,33.2801,-115.98585,0.3323194055584912
13972,1076,34.44076,-119.71492,-1.0139506345128326
13973,1076,34.232,-117.235,-0.3794819787555712
13975,1076,35.8996,-116.27515,1.8615723275638287
13976,1076,35.89095,-117.28332,1.2887505672006798
13977,1076,35.3142,-119.99581,-1.361950922933585
13978,1076,34.05933,-118.64614,-1.5503551884077296
13979,1076,33.829,-117.789,-1.457592018591544
13980,1076,34.30302,-119.18676,0.9954602848009312
13981,1076,33.664,-117.769,-1.91794082584188
13982,1076,34.106,-117.098,0.0753319512066081
13983,1076,32.94508,-115.79988,-0.3374128751390761
13984,1076,34.52775,-119.97834,-0.5922231665314223
13985,1076,34.38203,-117.67822,-1.307115556728575
13987,1076,34.48364,-118.11783,-0.6840874478415436
13988,1076,34.56065,-117.3296,1.2797528118495611
14023,1079,37.77737,-122.39689,-1.3843598383792914
14024,1079,37.762,-122.505,-0.4209546126210844
14025,1079,37.54187,-122.30471,1.096917295759184
14026,1079,37.376,-121.84367,-1.837431203241648
14027,1079,37.27117,-121.98617,-1.0395670228803005
14028,1079,37.67928,-122.48405,2.6240739679936644
14029,1079,38.03445,-122.27016,-0.567153887031856
14030,1079,37.71633,-122.43117,2.4955559386965445
14031,1079,37.81076,-122.29252,-1.7863295318189734
14032,1079,37.8251,-122.27606,-1.6091171330642695
14033,1079,37.72416,-122.44841,0.1884699508677437
14034,1079,37.86059,-122.29327,-1.4960163003679656
14035,1079,37.85835,-122.25252,-0.1629734646383571
14036,1079,37.36408,-122.01817,-1.4585382735774466
14037,1079,37.69169,-122.16982,1.794547467252247
14038,1079,37.68873,-121.78351,-0.4250360332973383
14039,1079,37.72688,-122.15092,1.8106467865343656
14040,1079,37.8852,-122.03217,0.9684948937222948
14041,1079,37.94215,-121.93047,-0.0004714128781187
14042,1079,37.95397,-121.86554,-1.5795076463044688
14043,1079,37.87622,-122.23558,-2.1320452281532964
14044,1079,37.91881,-122.15176,-0.8820931804087888
14045,1079,37.87352,-122.26099,-2.1252778222054083
14046,1079,37.16346,-121.62645,-0.3909881807572279
14047,1079,37.85727,-122.42266,-0.2344899836642718
14048,1079,37.45035,-121.80037,-1.5166750284654462
14049,1079,37.74766,-121.70843,0.0976318718969288
14050,1079,37.7294,-121.83346,0.9654394124092304
14051,1079,37.37289,-121.76887,-1.6838966235395865
14052,1079,37.73786,-122.06486,2.7017448995506435
14053,1079,37.81041,-121.80272,0.9029450609185908
14054,1079,37.85884,-121.99264,1.2045743887810407
14055,1079,37.91233,-121.90716,0.902110577520592
14056,1079,38.02691,-122.01599,-0.9798282845950482
14057,1079,38.34526,-122.4584,-0.909749282159422
14058,1079,37.69782,-123.0011,0.2337613538389675
14059,1079,36.3887,-121.5514,-0.5364557120746205
14060,1079,37.34305,-122.33976,2.562831546199872
14061,1079,37.31861,-122.15314,-0.6942718545634339
14062,1079,37.17217,-122.01121,1.8370035266718552
14063,1079,37.36045,-122.18986,-0.5133955670737557
14064,1079,37.51604,-122.45815,3.1266581403333675
14065,1079,37.21427,-122.17168,0.841051402790364
14066,1079,37.20631,-121.97726,0.4524140153876242
14067,1079,37.15432,-121.73467,0.713953281426639
14068,1079,37.63719,-122.47482,1.1254339374591131
14069,1079,37.2708,-122.21276,0.5398904539298168
14070,1079,37.19855,-122.34671,1.857579181298873
14071,1079,37.40373,-122.23868,-1.96107151113138
14072,1079,37.58225,-122.42006,1.641172889039576
14073,1079,37.40372,-122.17596,-1.284506568462739
14074,1079,37.58644,-122.50217,1.4530668917901677
14075,1079,38.14478,-122.88018,-0.3605683319523227
14076,1079,37.34164,-121.64257,-1.5327716203044344
14077,1079,38.87874,-122.44277,-2.795654084155855
14078,1079,38.43951,-122.25272,-0.9391900529290984
14079,1079,38.26021,-122.55179,-1.6363733475053144
14080,1079,38.33656,-122.81082,2.311714861317089
14081,1079,38.46769,-122.89651,0.3532271485277149
14082,1079,38.28043,-122.21582,-1.449443092863503
14083,1079,38.15486,-121.80438,-1.5481414691211834
14084,1079,38.16488,-122.71296,0.969880239105772
14085,1079,38.07601,-122.2585,0.263594201171657
14086,1079,38.04248,-122.79684,1.4633799918349608
14087,1079,37.99642,-123.01949,-0.3296049050009906
14088,1079,37.92371,-122.59649,0.7698040052059512
14089,1079,38.14361,-122.44969,-0.9122921491335656
14090,1079,38.24039,-122.79842,-0.0435280220407744
14091,1079,38.38921,-122.66297,-0.5044394493134998
20870,1079,38.03455,-120.38651,-1.5550837810508131
20871,1079,36.68011,-119.02282,0.7198758568629696
20872,1079,38.99349,-123.07234,-3.351083353135322
20873,1079,39.55451,-121.50036,-1.076798720240014
20874,1079,37.81647,-122.06302,-0.0097763376603564
20875,1079,37.25898,-121.67311,-0.6165031331676495
20876,1079,37.9889,-122.2156,0.5172048693389951
20877,1079,37.94906,-122.40851,-0.549156211836045
20878,1079,37.72416,-122.11929,1.6619958732371405
20879,1079,37.80787,-122.3618,1.0278335144001287
20880,1079,37.12043,-122.1552,0.5422333147172833
20881,1079,37.51704,-122.37731,0.839649017251892
20882,1079,37.67433,-122.39855,1.021800124471005
20883,1079,37.16067,-121.89899,1.536834603886175
20884,1079,37.92144,-122.71806,0.8240821042609633
20885,1079,38.04962,-122.52331,0.6767618026333297
20886,1079,38.12282,-122.14921,-1.005711787359185
20887,1079,38.20025,-122.4644,-0.6013406278065111
20888,1079,37.76021,-122.41524,-0.5411251510981625
20889,1079,37.75094,-122.49072,-0.5183504626992806
20890,1079,37.76386,-122.4736,0.1564092328324261
20891,1079,37.40701,-122.0946,-1.43588660972186
20892,1079,37.4748,-122.2392,-0.2970094877998378
20893,1079,37.68,-121.739,-1.6937195930041855
20894,1079,37.41702,-121.9154,-1.5215659724805188
20895,1079,37.59094,-122.36741,0.7076557431890943
20896,1079,37.04922,-121.80722,-0.5893862624696773
20897,1079,37.28397,-122.05017,-1.354991457403664
20898,1079,37.6444,-118.89683,1.492378861082662
20899,1079,37.65909,-118.97907,1.6326741461791123
20900,1079,38.30988,-122.943,1.974504698934659
14117,1081,37.0254,-121.4845,-1.6528685414274955
14118,1081,36.68011,-119.02282,1.8565783707901324
14119,1081,37.21427,-122.17168,-0.1278509765469395
14120,1081,37.2708,-122.21276,0.320797606074475
14122,1081,37.6444,-118.89683,3.484747930833528
14123,1081,37.34164,-121.64257,-1.92836152399944
14124,1081,37.65909,-118.97907,3.7886654639937714
14125,1081,35.73065,-120.24986,0.2083646082306322
14126,1081,35.40773,-120.54556,3.0986624434851646
14127,1081,35.945,-120.542,1.62220341946141
14128,1081,36.2159,-120.80126,0.0529685968887991
14129,1081,36.0688,-120.59618,1.091115768077603
14130,1081,37.28744,-121.86422,-0.4173420848927494
14131,1081,36.88311,-121.3908,-0.5817554762299797
14132,1081,36.61809,-121.31468,2.5810424836939694
14133,1081,36.3887,-121.5514,2.020721502539235
14134,1081,36.82681,-121.64349,-1.8326544482343048
14135,1081,37.15432,-121.73467,0.2010118381129493
14136,1081,37.40373,-122.23868,-1.8135832004944867
14137,1081,37.008,-121.287,-0.8258164695142567
14138,1081,35.82404,-121.05393,2.43366314927546
14139,1081,35.63597,-120.86984,2.2377663494530564
14140,1081,36.76403,-121.44722,-5.300961826898567
14141,1081,37.62211,-121.75697,-2.145877996484048
20227,1081,37.91881,-122.15176,-2.071899703617256
20228,1081,37.87352,-122.26099,-3.148885076303165
20229,1081,38.03455,-120.38651,-1.0289705138112484
20230,1081,37.69782,-123.0011,-2.7805698837596085
20231,1081,38.99349,-123.07234,-2.041752950465688
20232,1081,38.14478,-122.88018,-1.2460166137778304
20233,1081,38.87874,-122.44277,-2.502794754783696
20235,1081,39.2291,-121.7861,0.5747342306689226
20236,1081,37.26748,-121.86656,-1.2865616417031405
20237,1081,37.68,-121.739,-1.3393859806221171
20238,1081,37.74664,-122.38679,1.8740177289672952
20239,1081,37.376,-121.84367,-1.428535895176722
20240,1081,37.27117,-121.98617,-1.1270074379286594
20241,1081,37.91056,-122.53778,3.02687790338382
20242,1081,38.94596,-120.96897,-1.1011330180731174
20243,1081,35.53383,-120.90667,1.6303790848821027
20244,1081,37.16346,-121.62645,-2.358497956425848
20245,1081,37.37289,-121.76887,-1.9793662258846376
20246,1081,37.73786,-122.06486,-0.0402778868761833
20247,1081,37.62359,-121.83641,-0.7966535819229225
20248,1081,35.233,-120.78167,3.0350425626169524
20249,1081,35.66278,-118.47403,1.4697170368827346
20250,1081,37.34305,-122.33976,0.4491781463796156
20251,1081,37.12043,-122.1552,1.9661544133237143
20252,1081,37.17217,-122.01121,0.3638087223023836
20253,1081,36.92745,-121.82764,-1.2467887141747511
20254,1081,37.36045,-122.18986,-1.3941509529569869
20255,1081,37.20631,-121.97726,-0.6038529081881139
20256,1081,37.16067,-121.89899,-0.8055827867597946
20257,1081,35.86661,-120.4796,2.375440623310624
20258,1081,37.05422,-118.23009,1.7023885532560783
14209,1085,33.3527,-115.733,0.4456700722292395
14210,1085,33.63838,-116.4011,0.1099009232885446
14211,1085,32.68005,-116.67215,0.8562492183596203
14212,1085,34.2623,-116.92075,-1.1792651790957258
14213,1085,33.921,-116.981,-1.618889087771333
14215,1085,33.57508,-117.26119,2.0802816348163407
14217,1085,34.23883,-117.65853,-0.3494384492272372
14218,1085,34.069,-116.39,-1.4809468448081122
14219,1085,33.268,-116.417,2.005126866352425
14220,1085,33.01213,-115.21987,-2.153095005067728
14221,1085,33.38822,-117.19495,2.687338940773058
14224,1085,33.4019,-118.41502,-0.5938098636007662
14225,1085,33.655,-115.99,-0.4006437481118182
14226,1085,34.25353,-118.33383,-1.0572011811220492
14227,1085,33.93597,-116.57794,-0.1079678532252088
14228,1085,33.65,-117.009,1.0803350649903447
14229,1085,33.567,-116.631,0.6767864408353257
14230,1085,32.999,-116.942,3.515860660574323
14231,1085,32.805,-115.447,-1.0787978758664225
14233,1085,32.65915,-116.10061,0.593414842071545
14235,1085,33.051,-114.827,-2.513556645496968
14236,1085,33.1537,-117.22921,2.78549863412374
14237,1085,34.8294,-116.335,-2.132571939885429
14239,1085,33.0859,-116.5959,1.8408758199614603
14240,1085,34.36622,-116.61266,-0.3206599067384664
14242,1085,33.684,-117.943,-0.0740096599336372
14243,1085,34.93439,-117.69629,-1.1684770629499277
14245,1085,33.818,-116.369,0.5194297121872913
14246,1085,33.808,-116.968,0.4005104180460665
14247,1085,34.22362,-118.05832,-0.4062963115984545
14248,1085,33.94539,-117.92372,0.2257253057019003
14249,1085,32.608,-116.93,3.163559119263931
14250,1085,34.1484,-118.1711,-2.0160883552800697
14251,1085,34.1207,-117.63808,-0.9260982483052096
14252,1085,33.862,-117.205,0.1668759882631113
14254,1085,33.354,-116.863,1.361798274522723
14255,1085,33.7953,-117.60906,-0.0279967012155941
14256,1085,33.63,-116.8478,1.2011657983054145
14257,1085,33.74346,-118.40412,-0.9121284570440108
14258,1085,33.99351,-117.37545,0.5948497880558966
14259,1085,33.183,-115.623,-1.7927314734533415
14260,1085,33.2801,-115.98585,-0.3386972545342054
14262,1085,33.553,-117.662,-1.0283412719560958
14263,1085,32.784,-117.13805,0.2813677765504076
14265,1085,33.834,-116.797,-0.0158686636002269
14266,1085,34.05933,-118.64614,-2.028718975929029
14267,1085,33.829,-117.789,-0.6020961042187181
14268,1085,33.664,-117.769,0.0486965086502026
14269,1085,32.94508,-115.79988,-0.3389525063325403
14270,1085,34.38203,-117.67822,-0.1815733583653722
14272,1085,33.63495,-116.16402,-0.5790652896144316
14273,1085,34.48364,-118.11783,-0.2302416209132615
14274,1085,34.56065,-117.3296,0.6751234673380246
14275,1085,32.75904,-115.73161,-0.5372259305194959
14276,1086,33.1774,-115.616,-3.066987389859953
14277,1086,33.63461,-116.09534,-2.1397180404179625
14278,1086,34.68708,-118.29946,0.4741182829232704
14279,1086,35.1269,-118.83009,-0.0456189953839942
14280,1086,32.68005,-116.67215,-0.2255804271833087
14281,1086,34.2623,-116.92075,1.0237812714438228
14282,1086,33.921,-116.981,-0.8650592222075139
14285,1086,34.23883,-117.65853,-0.0380255353848755
14286,1086,34.069,-116.39,-0.7183166910772258
14288,1086,33.268,-116.417,1.3330585421780912
14289,1086,33.01213,-115.21987,-0.7213549048579575
14290,1086,34.68224,-118.57398,1.2439438510599008
14291,1086,33.4915,-116.667,-5.805852585204498
14292,1086,35.52495,-117.36453,0.5538302586907726
14295,1086,33.999,-117.68,0.3572492399846322
14296,1086,33.655,-115.99,0.1049941229442116
14297,1086,34.63745,-115.38115,-0.3099739889498697
14298,1086,34.25353,-118.33383,0.92706932324797
14299,1086,33.93597,-116.57794,-0.4301372187770266
14300,1086,33.65,-117.009,-0.2541030856303797
14301,1086,34.10618,-118.45505,-1.3380464182303704
14302,1086,33.567,-116.631,0.4756712569685191
14303,1086,32.999,-116.942,0.9725080665682432
14304,1086,32.805,-115.447,0.6657900950922448
14306,1086,33.11675,-115.82267,1.0543225124479385
14307,1086,33.051,-114.827,-1.2214575939162573
14308,1086,33.1537,-117.22921,0.7214960682293575
14309,1086,35.30177,-116.80574,-1.1159453324548363
14313,1086,34.36622,-116.61266,0.5572036130112762
14314,1086,35.13066,-115.18416,-0.7123054514725393
14315,1086,34.9906,-118.34156,0.4062563206972856
14316,1086,33.684,-117.943,-0.6627169719959818
14317,1086,34.3656,-117.36683,-0.7263793457175313
14320,1086,33.818,-116.369,0.1214699454924549
14321,1086,34.005,-117.562,1.21685752793456
14323,1086,33.808,-116.968,0.531234156251019
14324,1086,33.6,-117.195,-0.2513947076550749
14325,1086,34.22362,-118.05832,1.0602096516854245
14326,1086,34.76759,-114.61881,1.2894137444183231
14327,1086,33.94539,-117.92372,0.3470503806348235
14328,1086,32.608,-116.93,1.3473387158007173
14329,1086,34.6145,-118.7235,-0.99419488193808
14330,1086,34.1207,-117.63808,-0.6301008879453595
14331,1086,33.862,-117.205,0.2743860158328769
14333,1086,33.354,-116.863,0.5939258350386281
14334,1086,33.7953,-117.60906,-0.9773432030838272
14336,1086,33.824,-116.55,0.6465176336985367
14337,1086,34.09181,-117.80709,-0.5589157123742172
14338,1086,33.63,-116.8478,1.110490247386836
14339,1086,34.87533,-116.99684,-0.1613024883418669
14340,1086,33.97327,-117.32674,0.8456101194971696
14341,1086,33.99351,-117.37545,0.5008110325174177
14342,1086,33.183,-115.623,-0.5323532647729435
14343,1086,33.2801,-115.98585,1.3666113072600123
14345,1086,34.232,-117.235,-0.2400352200312535
14346,1086,33.553,-117.662,-1.773486391115029
14347,1086,32.784,-117.13805,0.5283663765110175
14349,1086,32.9333,-115.7039,-0.0492649427482243
14350,1086,32.944,-115.718,-0.149126440815543
14351,1086,33.834,-116.797,1.840935876910889
14352,1086,34.05933,-118.64614,-1.1228839943677895
14353,1086,33.829,-117.789,-0.8938535062698902
14354,1086,33.664,-117.769,-1.6968844775087222
14355,1086,34.106,-117.098,1.1460354521904792
14356,1086,32.94508,-115.79988,0.9646363172697237
14357,1086,34.38203,-117.67822,0.152458940206462
14360,1086,34.48364,-118.11783,1.0822579046004923
14361,1086,32.75904,-115.73161,2.191107864349926
14362,1087,37.16346,-121.62645,-1.4679320455359484
14363,1087,37.85727,-122.42266,1.5103188463717008
14364,1087,37.45035,-121.80037,-0.7730328114387962
14365,1087,37.7294,-121.83346,0.9555333422462752
14366,1087,37.85884,-121.99264,0.5192254855205514
14367,1087,37.34305,-122.33976,0.8260860043147759
14368,1087,37.21427,-122.17168,0.1499528098211766
14369,1087,37.20631,-121.97726,-0.3193564564545105
14370,1087,37.2708,-122.21276,0.1085623376300806
14371,1087,37.19855,-122.34671,0.01136030897546
14372,1087,37.40372,-122.17596,0.1088747527034576
14373,1087,37.28397,-122.05017,-0.8720052396791257
14374,1087,37.34164,-121.64257,-1.3558028585595052
14375,1087,36.76403,-121.44722,-2.1394372712332825
14376,1087,37.62211,-121.75697,-1.0336249943836584
20313,1087,37.91881,-122.15176,-0.2709245517743654
20314,1087,37.87352,-122.26099,-1.812571398140832
20315,1087,38.03455,-120.38651,-1.730509881586812
20316,1087,37.69782,-123.0011,-1.970039317675102
20317,1087,35.945,-120.542,0.0376909465070485
20318,1087,37.28744,-121.86422,0.3571862642657821
20319,1087,37.81647,-122.06302,0.328392915799934
20320,1087,37.25898,-121.67311,-0.595026912822293
20321,1087,37.9889,-122.2156,1.102480968481224
20322,1087,37.12043,-122.1552,0.3568191625141953
20323,1087,37.51704,-122.37731,0.0649894686067743
20324,1087,37.4046,-122.1741,-0.3034274444808957
20325,1087,37.74766,-121.70843,0.1659963898121577
20326,1087,37.91233,-121.90716,-0.7021389608504219
20327,1087,37.31861,-122.15314,-1.6079612248152155
20328,1087,37.17217,-122.01121,0.6366540478555544
20329,1087,37.51604,-122.45815,0.1254767748186801
20330,1087,37.63719,-122.47482,-0.8115270356162778
20331,1087,37.58225,-122.42006,0.2109976149241992
20332,1087,37.58644,-122.50217,-0.2269310040583382
20333,1087,37.6444,-118.89683,2.603630116893929
20334,1087,37.65909,-118.97907,2.628536832910338
20335,1087,38.33656,-122.81082,1.31931113639829
20336,1087,38.07601,-122.2585,0.2210052352879885
20337,1087,38.34878,-122.57795,1.504853663254724
14425,1089,32.68005,-116.67215,-1.1947834804112496
14426,1089,34.2623,-116.92075,-0.2040182724830849
14428,1089,34.23883,-117.65853,-0.0775084966453912
14430,1089,33.268,-116.417,1.3207533574407766
14431,1089,33.01213,-115.21987,-0.6336439972609749
14433,1089,33.4915,-116.667,-5.543691261888525
14434,1089,33.38822,-117.19495,0.7119516370702342
14436,1089,33.4019,-118.41502,4.077207767007975
14437,1089,33.655,-115.99,-1.830508124438714
14438,1089,34.25353,-118.33383,0.1488710862143144
14439,1089,33.65,-117.009,0.6583780323717515
14440,1089,32.999,-116.942,1.0271884184864224
14441,1089,32.805,-115.447,0.3985190785422386
14442,1089,32.65915,-116.10061,-0.9189476717259694
14445,1089,33.11675,-115.82267,-1.4060513688362108
14446,1089,33.051,-114.827,-0.5865611022155053
14447,1089,33.1537,-117.22921,0.188456529966093
14448,1089,33.0859,-116.5959,0.33974770053851
14449,1089,34.36622,-116.61266,-0.4822621348017384
14451,1089,35.13066,-115.18416,-2.7885662790831054
14452,1089,34.93439,-117.69629,6.481011333766364
14453,1089,34.3656,-117.36683,-0.2148962280888819
14455,1089,33.818,-116.369,0.1250254834833861
14456,1089,33.808,-116.968,1.5491172444808838
14457,1089,33.6,-117.195,1.136129646530316
14458,1089,34.22362,-118.05832,-0.0263476217610122
14459,1089,33.556,-115.946,-1.0887268171955011
14460,1089,33.94539,-117.92372,0.8117184083236311
14461,1089,32.608,-116.93,0.8380374097859327
14462,1089,34.1484,-118.1711,-1.3364799191819248
14463,1089,34.1207,-117.63808,1.046391909681265
14464,1089,33.862,-117.205,0.0101013991712273
14466,1089,33.354,-116.863,-0.2376330751789222
14468,1089,33.824,-116.55,-0.3693278335420434
14469,1089,34.09181,-117.80709,-0.8605685383732071
14470,1089,33.63,-116.8478,1.3123939332834886
14471,1089,33.97327,-117.32674,1.0424835198670497
14472,1089,33.99351,-117.37545,0.0328551703581434
14473,1089,33.183,-115.623,-1.3930359499840637
14474,1089,33.2801,-115.98585,-0.5034563040912229
14475,1089,33.553,-117.662,0.0364758010161997
14476,1089,32.784,-117.13805,-0.7099262799883044
14478,1089,33.834,-116.797,1.0317478071297626
14480,1089,34.05933,-118.64614,-0.9054136644458528
14481,1089,33.829,-117.789,-0.4857870278271291
14482,1089,33.664,-117.769,0.5502171080990897
14483,1089,34.106,-117.098,1.748865752556678
14484,1089,32.94508,-115.79988,-0.8947548202197411
14485,1089,34.38203,-117.67822,0.7239857095596224
14487,1089,32.75904,-115.73161,-1.6631719432348833
14522,1091,34.55046,-117.43391,-0.3118650190485195
14523,1091,33.63838,-116.4011,2.115973297930072
14524,1091,32.68005,-116.67215,1.0130543151409963
14525,1091,34.2623,-116.92075,-1.2636924576182322
14526,1091,33.921,-116.981,-0.0089843517840912
14527,1091,33.57508,-117.26119,1.1952604182119324
14529,1091,34.069,-116.39,-0.0038436158183664
14530,1091,33.268,-116.417,1.0959909863549555
14531,1091,33.4915,-116.667,-4.076938149506545
14532,1091,33.38822,-117.19495,2.113009492736478
14534,1091,33.655,-115.99,-0.53936376330097
14535,1091,34.25353,-118.33383,-0.6149624499733061
14536,1091,33.93597,-116.57794,-0.1819692833623649
14537,1091,33.65,-117.009,2.277742123349788
14538,1091,32.999,-116.942,1.6036432052068894
14540,1091,33.11675,-115.82267,0.1975735560474297
14541,1091,33.051,-114.827,-1.121530450373894
14542,1091,33.1537,-117.22921,1.7385988624906905
14543,1091,35.30177,-116.80574,-2.30731452004006
14544,1091,34.8294,-116.335,-2.086628492371484
14545,1091,33.0859,-116.5959,0.7606178467275017
14546,1091,34.36622,-116.61266,0.6267164591358229
14547,1091,33.7141,-116.7119,2.8296910767698145
14548,1091,34.3656,-117.36683,-2.2838667832920683
14550,1091,33.818,-116.369,0.3170467451343469
14551,1091,33.808,-116.968,0.8216665224944905
14552,1091,34.22362,-118.05832,0.3598036648349837
14553,1091,33.94539,-117.92372,-0.2501038218053265
14554,1091,32.608,-116.93,1.2598082206475834
14555,1091,34.6145,-118.7235,-2.0850013796370583
14556,1091,34.1484,-118.1711,-1.901572554461737
14559,1091,33.82436,-116.51195,1.6692575379951995
14560,1091,33.354,-116.863,1.097994231859242
14561,1091,33.7953,-117.60906,0.308635892311031
14562,1091,34.87533,-116.99684,-2.424399498121125
14563,1091,33.2801,-115.98585,0.1712223639190351
14564,1091,34.232,-117.235,-1.2413142361199012
14566,1091,34.106,-117.098,0.0089317103501437
14567,1091,32.94508,-115.79988,-0.2435420328044586
14568,1091,34.38203,-117.67822,-0.6916932153450835
14570,1091,33.63495,-116.16402,0.8446823584024208
14571,1091,34.48364,-118.11783,-0.5233590583860557
14572,1091,34.56065,-117.3296,0.1630598092342861
14616,1094,34.55046,-117.43391,1.461102868483114
14617,1094,34.68708,-118.29946,-1.6369004090613315
14618,1094,35.1269,-118.83009,-0.4942859496712206
14619,1094,35.34444,-119.10445,0.1214135747285159
14620,1094,34.2623,-116.92075,1.6129101150866898
14621,1094,34.23883,-117.65853,-0.4372314728943022
14622,1094,34.069,-116.39,0.8960887595402757
14623,1094,34.68224,-118.57398,-0.5815083056200004
14624,1094,35.30819,-119.84583,-1.0147492389904451
14625,1094,35.52495,-117.36453,-1.3832982408007273
14626,1094,36.5504,-117.80295,0.4010132074703321
14629,1094,36.43988,-118.08016,2.2219264977214723
14630,1094,34.25353,-118.33383,-0.7239975476023239
14631,1094,33.93597,-116.57794,1.0554265948204506
14632,1094,33.65,-117.009,0.5608980193108946
14633,1094,33.567,-116.631,1.1300719622458306
14636,1094,34.72832,-119.98803,-1.562927791440624
14638,1094,36.99608,-117.36621,-0.4996552436136835
14639,1094,35.30177,-116.80574,-0.6661754990386123
14640,1094,34.8294,-116.335,0.958770244630888
14641,1094,35.66278,-118.47403,-0.7464973185089988
14642,1094,35.98249,-117.80885,1.586798268866212
14643,1094,34.36622,-116.61266,1.5005021618366714
14644,1094,34.73551,-120.27996,0.3960811374280824
14646,1094,34.9906,-118.34156,1.61097514987817
14647,1094,34.10819,-119.06587,0.4403326824620965
14648,1094,34.80762,-118.86775,-1.2379632324290089
14649,1094,34.93439,-117.69629,0.713497327133338
14650,1094,35.47954,-117.68212,0.384400464681571
14651,1094,34.3656,-117.36683,-0.0011332262465093
14652,1094,35.36165,-118.92282,-1.3333753668444162
14654,1094,37.63019,-118.83605,2.3224901286767508
14655,1094,34.28085,-118.9049,0.3778284636514036
14656,1094,34.81258,-119.1453,-0.9071297912538172
14657,1094,36.05799,-117.48901,-1.2589283151718589
14658,1094,34.88848,-119.81362,0.3841133125886875
14659,1094,33.6,-117.195,1.744223961102248
14660,1094,34.22362,-118.05832,0.0974274063763469
14661,1094,34.53412,-120.17737,-0.8433203415019677
14662,1094,34.6145,-118.7235,-2.533220837359812
14663,1094,34.44199,-118.58215,-1.6714826082153722
14664,1094,34.1207,-117.63808,-0.9711399030464004
14665,1094,35.40773,-120.54556,0.1646492416028823
14666,1094,35.945,-120.542,-1.7698054772696756
14667,1094,33.354,-116.863,0.1981740382051933
14668,1094,33.7953,-117.60906,-0.346208180536706
14670,1094,34.09181,-117.80709,-0.7709966863679016
14671,1094,36.30523,-119.24384,1.4713210225410829
14672,1094,33.74346,-118.40412,0.151056121820878
14673,1094,34.87533,-116.99684,0.3855373558104838
14675,1094,34.43692,-119.1375,-0.906098614289519
14676,1094,35.8996,-116.27515,0.0668555627381038
14677,1094,35.89095,-117.28332,-0.5977896927049229
14678,1094,33.834,-116.797,1.4147800401767712
14679,1094,35.3142,-119.99581,-2.058570815545604
14680,1094,34.05933,-118.64614,-1.672968317692417
14682,1094,34.30302,-119.18676,0.8706467848709493
14683,1094,34.52775,-119.97834,-0.2150152971204579
14684,1094,34.38203,-117.67822,0.3614504171101875
14686,1094,35.14592,-119.41946,-1.0929005587794436
14687,1094,37.05422,-118.23009,1.627015536757294
14689,1094,34.48364,-118.11783,-0.2854673595611984
14690,1094,35.84089,-119.08469,1.23525818152112
14691,1094,35.53664,-118.14035,0.8584143317314024
14692,1094,34.51085,-119.27407,-1.2815907751192397
14693,1094,34.1717,-118.64971,-0.7364023991508473
14694,1095,34.55046,-117.43391,-1.2221088101076265
14695,1095,33.63838,-116.4011,0.7785494058430823
14696,1095,34.68708,-118.29946,-2.122930021129817
14697,1095,32.68005,-116.67215,3.3845935707493355
14698,1095,34.2623,-116.92075,0.7866312325270871
14700,1095,34.069,-116.39,-0.1633169709118052
14701,1095,33.268,-116.417,1.012731842284157
14702,1095,34.68224,-118.57398,-0.3921236080924642
14703,1095,33.38822,-117.19495,3.1902383110844945
14705,1095,33.999,-117.68,0.0753611887033961
14706,1095,33.4019,-118.41502,1.43976640097484
14708,1095,34.093,-117.317,1.0924740111071456
14709,1095,34.0602,-117.809,0.2960322548641155
14710,1095,33.876,-117.561,0.3724187292138447
14711,1095,33.655,-115.99,0.6196677303146507
14712,1095,34.63745,-115.38115,1.3293375325370211
14713,1095,34.25353,-118.33383,-0.0196591624808684
14714,1095,33.93597,-116.57794,-0.7898179545903895
14715,1095,33.65,-117.009,1.1615588350352497
14716,1095,34.10618,-118.45505,-1.928538932531444
14717,1095,32.999,-116.942,1.9758962228041936
14718,1095,34.88303,-117.99106,-0.3167339195021093
14720,1095,33.11675,-115.82267,0.2971590605809321
14721,1095,33.71264,-118.29381,-1.5026904853304408
14722,1095,34.1,-117.439,-0.8209012324210522
14723,1095,35.082,-117.58267,-1.1319621912901003
14724,1095,33.051,-114.827,-0.3916133693023462
14725,1095,33.1537,-117.22921,1.4902307873442135
14727,1095,35.30177,-116.80574,-0.3365190012849683
14728,1095,34.8294,-116.335,0.5090636845829707
14729,1095,33.0859,-116.5959,0.9536015422370888
14730,1095,34.36622,-116.61266,1.3820120184488565
14731,1095,34.00033,-118.37794,-1.2391940136673325
14732,1095,35.13066,-115.18416,0.8547158090058524
14733,1095,33.9753,-118.14918,-1.381514244212615
14734,1095,34.10819,-119.06587,-0.6817594442338455
14735,1095,34.61594,-117.82493,0.5164697235624015
14736,1095,33.684,-117.943,0.152911567831714
14737,1095,35.47954,-117.68212,-0.4966139425447552
14738,1095,34.3656,-117.36683,-0.7578252363606612
14741,1095,34.005,-117.562,0.3149897443914692
14742,1095,36.05799,-117.48901,-2.211053424735579
14743,1095,33.808,-116.968,0.9226008644249324
14744,1095,34.22362,-118.05832,0.0988760099141596
14745,1095,34.6145,-118.7235,-2.597760549527293
14746,1095,34.1484,-118.1711,-2.414603281648939
14748,1095,34.44199,-118.58215,-1.597071086168835
14749,1095,34.1207,-117.63808,-1.1160810231771667
14751,1095,33.82436,-116.51195,0.4467766003486719
14752,1095,33.354,-116.863,0.564626902718584
14753,1095,33.7953,-117.60906,-0.6003018425681457
14754,1095,33.63,-116.8478,1.5345211256844355
14755,1095,34.10473,-117.97956,-1.2356643440731143
14756,1095,34.87533,-116.99684,0.0794944148627991
14757,1095,33.99351,-117.37545,0.3873484266761856
14758,1095,33.2801,-115.98585,0.8856487321279821
14759,1095,33.553,-117.662,-0.1268054182561087
14760,1095,35.8996,-116.27515,1.582094849866919
14761,1095,35.89095,-117.28332,0.1413226516285858
14762,1095,34.05933,-118.64614,-1.867985126046477
14763,1095,33.829,-117.789,0.6381825480823085
14764,1095,34.30302,-119.18676,0.4280353126033596
14765,1095,33.664,-117.769,-0.1709443473105652
14766,1095,34.106,-117.098,0.0673491426535066
14767,1095,32.94508,-115.79988,-0.0699939013828161
14768,1095,34.38203,-117.67822,-0.6652707609050806
14769,1095,33.63495,-116.16402,1.1802696456025286
14770,1095,34.01919,-118.28631,-1.598319808672355
14771,1095,34.48364,-118.11783,-0.9930883190243188
14772,1095,34.00948,-117.95077,0.3311481525810506
14773,1095,34.1717,-118.64971,1.269127017893522
14774,1096,37.34655,-121.80774,-1.7272348464028264
14775,1096,37.40718,-122.00001,-0.663668528856865
14776,1096,37.39415,-122.06041,-0.6465338919866978
14777,1096,37.27117,-121.98617,-1.068439913750071
14778,1096,37.91056,-122.53778,3.1222895964483666
14779,1096,38.03445,-122.27016,-0.9533822059846992
14780,1096,37.71633,-122.43117,2.704688753588665
14781,1096,37.36408,-122.01817,-0.8034395595810174
14782,1096,37.42549,-122.07772,-1.1024797474441117
14783,1096,37.87622,-122.23558,-1.938532853375488
14784,1096,37.91881,-122.15176,-1.4887178978273008
14785,1096,37.85727,-122.42266,2.541082866381428
14786,1096,37.45035,-121.80037,-2.4319705475540467
14787,1096,37.74766,-121.70843,-0.8452414062855957
14788,1096,37.7294,-121.83346,-1.0826937939467196
14789,1096,38.03455,-120.38651,-2.255801353687289
14790,1096,37.85884,-121.99264,-0.6070864010120812
14791,1096,37.91233,-121.90716,-1.7892573544258716
14792,1096,38.02691,-122.01599,-1.4813093768177152
14793,1096,37.34305,-122.33976,1.0569146344247389
14794,1096,37.31861,-122.15314,-1.000225730178957
14795,1096,37.17217,-122.01121,0.7062464542671039
14796,1096,37.04922,-121.80722,0.3091373952656506
14797,1096,37.36045,-122.18986,0.2815901832328024
14798,1096,37.51604,-122.45815,1.3333246972402255
14799,1096,37.21427,-122.17168,0.5139610338342279
14800,1096,37.20631,-121.97726,0.1981229067090914
14801,1096,37.15432,-121.73467,0.6832158567114297
14802,1096,37.63719,-122.47482,0.4005599808369144
14803,1096,37.2708,-122.21276,0.5608910465542221
14804,1096,37.19855,-122.34671,0.6278183679236573
14805,1096,37.40373,-122.23868,-0.926448536848285
14806,1096,37.58225,-122.42006,1.147760146802827
14807,1096,37.40372,-122.17596,-0.3023191931822593
14808,1096,37.28397,-122.05017,-0.680428488467185
14809,1096,37.58644,-122.50217,0.9663615720718344
14810,1096,37.34164,-121.64257,-1.9070403661313515
14811,1096,38.15486,-121.80438,-1.3947834308484652
14812,1096,38.16488,-122.71296,1.0030880505204942
14813,1096,38.07601,-122.2585,-0.1106594640378575
14814,1096,37.008,-121.287,-1.2662962220966052
14815,1096,36.76403,-121.44722,-3.909352273167652
14816,1096,37.62211,-121.75697,-2.9123977221732327
19622,1096,37.87352,-122.26099,-1.7520132723659454
19623,1096,37.69782,-123.0011,-1.2399521714585906
19624,1096,39.55451,-121.50036,-1.9317166806538817
19625,1096,35.945,-120.542,-3.286774968948717
19626,1096,37.25898,-121.67311,0.537751557292193
19627,1096,37.9889,-122.2156,0.9169692430135898
19628,1096,37.94906,-122.40851,1.0128948703042788
19629,1096,37.80787,-122.3618,2.6968366405690687
19630,1096,37.12043,-122.1552,-0.0487773932510307
19631,1096,37.51704,-122.37731,0.2769648104881775
19632,1096,37.67433,-122.39855,1.4051190674904983
19633,1096,37.16067,-121.89899,1.3862310968526672
19634,1096,37.92144,-122.71806,1.598368382077864
19635,1096,38.04962,-122.52331,2.0558157375785098
19636,1096,38.233,-122.636,2.0502133729960312
19637,1096,37.76021,-122.41524,1.505028846535876
19638,1096,37.75094,-122.49072,1.910514665798099
19639,1096,37.76386,-122.4736,1.8922999243775769
19640,1096,37.762,-122.505,1.9431611562004336
19641,1096,37.40701,-122.0946,-0.5010968223340678
19642,1096,37.4748,-122.2392,0.3806719675531279
19643,1096,37.54187,-122.30471,0.4222616288891665
19644,1096,37.30249,-121.97978,-0.8008937672980192
19645,1096,37.26352,-121.91617,-2.2130267594835
19646,1096,37.30143,-121.9039,-1.6045278702193904
19647,1096,37.31816,-121.94354,0.1014962081469973
19648,1096,37.3066,-121.84915,-1.7978037489458378
19649,1096,37.68,-121.739,-1.3976118025065762
19650,1096,37.41702,-121.9154,-0.4311432223738684
19651,1096,37.59094,-122.36741,1.6347057293631624
19652,1096,37.74766,-122.42528,1.968491144073558
19653,1096,37.74664,-122.38679,0.9245975139319158
19654,1096,37.376,-121.84367,-1.9468180738827827
19655,1096,37.45098,-122.4287,0.3714627340349926
19656,1096,37.59268,-122.07449,0.2125089092556072
19657,1096,37.71737,-121.72701,-1.6911355767755103
19658,1096,37.67928,-122.48405,2.616646862056364
19659,1096,37.88767,-122.29916,0.5681575066269275
19660,1096,37.74484,-122.40134,0.6512885940816352
19661,1096,37.81076,-122.29252,0.5745336592212031
19662,1096,37.8251,-122.27606,0.3049063764332075
19663,1096,37.7986,-122.2684,0.3307757579301182
19664,1096,37.72416,-122.44841,1.8939402708430968
19665,1096,37.41395,-121.87085,-1.063125863083101
19666,1096,37.6806,-121.92098,-0.972928721416406
19667,1096,37.86059,-122.29327,0.0463525982765381
19668,1096,37.85835,-122.25252,0.8858384565706399
19669,1096,37.37418,-122.0781,-1.1290717836967
19670,1096,38.4421,-122.6068,3.4561670206464465
19671,1096,37.16346,-121.62645,-0.3272058375340888
19673,1096,38.33656,-122.81082,2.3217656016319124
19674,1096,38.04248,-122.79684,1.8424689077316043
19675,1096,38.38921,-122.66297,0.4110687445719556
14817,1097,37.26352,-121.91617,-1.1232449964729243
14818,1097,37.30143,-121.9039,-0.2733687213080561
14819,1097,37.68,-121.739,-0.1347363659001994
14820,1097,37.27117,-121.98617,-0.5533822758129934
14821,1097,37.95397,-121.86554,-1.9867836899211608
14822,1097,37.87622,-122.23558,-1.7730888708666095
14823,1097,37.91881,-122.15176,-1.1464061628196829
14824,1097,37.45035,-121.80037,-0.7616473544812256
14825,1097,37.37289,-121.76887,-0.7293625557577005
14826,1097,38.03455,-120.38651,-1.1487390084668572
14827,1097,37.34305,-122.33976,1.168304037994641
14828,1097,37.17217,-122.01121,0.9775362656191876
14829,1097,37.04922,-121.80722,-0.2674505334200332
14830,1097,37.36045,-122.18986,-0.5726090931586505
14831,1097,37.51604,-122.45815,0.6724847855331222
14832,1097,37.21427,-122.17168,0.7629089176912791
14833,1097,37.20631,-121.97726,-0.3026590998168961
14834,1097,37.15432,-121.73467,2.113710974510238
14835,1097,37.2708,-122.21276,0.424876182871404
14836,1097,37.19855,-122.34671,0.9385580861205152
14837,1097,37.40373,-122.23868,-1.49799517888895
14838,1097,37.40372,-122.17596,0.3499147541556018
14839,1097,37.28397,-122.05017,-1.199593363992246
14841,1097,37.6444,-118.89683,3.458574451765768
14842,1097,37.34164,-121.64257,-1.8461955287816672
14843,1097,37.65909,-118.97907,3.58470195861922
14844,1097,37.008,-121.287,0.1102199639434796
14846,1097,36.2159,-120.80126,0.8174408277371559
14847,1097,36.76403,-121.44722,-0.5286600977367595
14848,1097,37.62211,-121.75697,-1.7665773576882366
20500,1097,37.87352,-122.26099,-2.2567735552547004
20501,1097,37.69782,-123.0011,-2.387969071052801
20502,1097,38.99349,-123.07234,-1.829794907554369
20503,1097,38.87874,-122.44277,-1.9715915826869348
20506,1097,37.25898,-121.67311,-1.0816983106996538
20507,1097,37.16067,-121.89899,1.3699245180824118
20508,1097,37.76386,-122.4736,1.4156840981186405
20509,1097,37.762,-122.505,0.8976936996039474
20510,1097,37.54187,-122.30471,0.0682731225808255
20511,1097,37.30249,-121.97978,-0.4863646008017327
20512,1097,37.31816,-121.94354,0.8876514652778152
20513,1097,37.3066,-121.84915,-0.194128548350039
20514,1097,37.41702,-121.9154,-0.0510682869746551
20515,1097,37.39415,-122.06041,-0.2900797119326684
20516,1097,37.91056,-122.53778,1.7861165898102749
20517,1097,37.23294,-121.77186,0.315794409069052
20518,1097,37.28537,-121.93602,-0.8120129897496837
20519,1097,37.85727,-122.42266,1.497669587782703
20520,1097,37.74766,-121.70843,-0.3376158846844362
20521,1097,37.7294,-121.83346,-0.1585315377483758
20522,1097,37.85884,-121.99264,-0.1971992073508246
20523,1097,37.31861,-122.15314,-1.3679278082746422
20524,1097,37.63719,-122.47482,-1.0837193102717075
20525,1097,37.58225,-122.42006,0.0947396299907871
20526,1097,35.86661,-120.4796,2.215044476539942
14849,1098,37.27117,-121.98617,-0.4177094288064381
14850,1098,37.95397,-121.86554,-2.878715084663577
14851,1098,37.87622,-122.23558,-1.9262684826170835
14852,1098,37.91881,-122.15176,-1.3439089622665283
14853,1098,37.87352,-122.26099,-1.711460873567269
14854,1098,37.16346,-121.62645,-0.852088293157629
14855,1098,37.85727,-122.42266,2.892219430327279
14856,1098,37.74766,-121.70843,0.1877038368883157
14857,1098,37.37289,-121.76887,-0.8349309563948267
14858,1098,37.73786,-122.06486,1.808638958364988
14859,1098,37.85884,-121.99264,0.126543463055991
14860,1098,38.34526,-122.4584,-1.4032879485095433
14861,1098,37.69782,-123.0011,-1.7173566532892692
14862,1098,37.34305,-122.33976,1.5547392161486413
14863,1098,37.17217,-122.01121,0.8943071864922546
14864,1098,37.04922,-121.80722,-0.4270061284266049
14865,1098,37.36045,-122.18986,-0.1124021474752169
14866,1098,37.51604,-122.45815,0.7193898786446503
14867,1098,37.21427,-122.17168,0.6224579601368885
14868,1098,37.20631,-121.97726,0.1429506049661718
14869,1098,37.15432,-121.73467,1.0859052176155823
14870,1098,37.63719,-122.47482,-0.0672966586573637
14871,1098,37.2708,-122.21276,0.6230133951974889
14872,1098,37.19855,-122.34671,0.5964022908750984
14873,1098,37.40373,-122.23868,-0.9410028401756736
14874,1098,37.40372,-122.17596,0.3993853086946985
14875,1098,37.28397,-122.05017,-0.2811690842389502
14876,1098,37.58644,-122.50217,0.3876182455728355
14878,1098,37.6444,-118.89683,1.530319853655366
14879,1098,37.34164,-121.64257,-2.370239980768358
20527,1098,38.03455,-120.38651,-1.941209314690532
20528,1098,38.99349,-123.07234,-3.44492174084315
20529,1098,37.81647,-122.06302,-0.3438192388979003
20530,1098,37.25898,-121.67311,-1.9580535403636552
20531,1098,37.9889,-122.2156,0.4927597721107624
20532,1098,37.94906,-122.40851,0.607329767313041
20533,1098,37.72416,-122.11929,0.2856876920320662
20534,1098,37.80787,-122.3618,2.5791072615945465
20535,1098,37.12043,-122.1552,0.5382624314344437
20536,1098,37.51704,-122.37731,0.1121309127368491
20537,1098,37.16067,-121.89899,1.4017133210973125
20538,1098,37.76021,-122.41524,1.291767908378862
20539,1098,37.75094,-122.49072,1.333348991608688
20540,1098,37.76386,-122.4736,2.024890602216628
20541,1098,37.762,-122.505,1.8644726725398728
20542,1098,37.40701,-122.0946,0.3084484607736775
20543,1098,37.54187,-122.30471,0.335228866398897
20544,1098,37.30249,-121.97978,0.3649192294753903
20545,1098,37.26352,-121.91617,-1.4237718940256183
20546,1098,37.30143,-121.9039,-0.6562426196314411
20547,1098,37.31816,-121.94354,1.324291732780253
20548,1098,37.3066,-121.84915,-0.822087092312226
20549,1098,37.68,-121.739,-0.5772526002865017
20550,1098,37.41702,-121.9154,-0.2797645801154516
20551,1098,37.59094,-122.36741,0.3959225411783793
20552,1098,37.74766,-122.42528,1.6979489884529446
20553,1098,37.40718,-122.00001,-0.1584723975204463
20554,1098,37.39415,-122.06041,0.1045193155504649
20555,1098,37.376,-121.84367,-1.9745077256675856
20556,1098,37.45098,-122.4287,0.2920460767494911
20557,1098,37.59268,-122.07449,0.533184977717695
20558,1098,37.71737,-121.72701,-0.9771038996958072
20559,1098,37.67928,-122.48405,2.245930925429436
20560,1098,37.91056,-122.53778,3.180313537319796
20561,1098,38.03445,-122.27016,-1.15909532313612
20562,1098,37.74484,-122.40134,0.4058833635932408
20563,1098,37.71633,-122.43117,2.538582438033953
20564,1098,37.72416,-122.44841,2.1313593233116763
20565,1098,37.41395,-121.87085,-0.4474975719527629
20566,1098,37.6806,-121.92098,-0.3532969658673474
20567,1098,37.86059,-122.29327,-0.1394152018068783
20568,1098,37.85835,-122.25252,0.6134111208028117
20569,1098,37.37418,-122.0781,-0.9380639084366452
20570,1098,37.23294,-121.77186,-0.8212079857265376
20571,1098,37.38332,-121.91088,-1.1265958008196897
20572,1098,37.28537,-121.93602,-0.7950451929576258
20573,1098,37.35834,-121.97775,0.4634066342660841
20574,1098,37.68873,-121.78351,-1.5374210959869483
20575,1098,37.72688,-122.15092,0.191525579139905
20576,1098,37.8852,-122.03217,-0.5645785164704438
20577,1098,37.94215,-121.93047,-1.2694181776582378
20578,1098,38.01299,-122.13416,0.4513433648773496
20579,1098,37.7294,-121.83346,0.2257139530991236
20580,1098,37.91233,-121.90716,-1.078715656748204
20581,1098,38.02691,-122.01599,-1.2231637448207275
20582,1098,37.31861,-122.15314,-1.2097016297643106
20583,1098,37.58225,-122.42006,0.7536205813005679
20584,1098,37.65909,-118.97907,1.6932178514118077
14880,1099,37.87622,-122.23558,-0.9133429873238093
14881,1099,37.91881,-122.15176,-1.427890837705056
14882,1099,37.85727,-122.42266,2.353482028565323
14883,1099,37.73786,-122.06486,1.2742341317770025
14884,1099,38.34526,-122.4584,-1.4419720038174615
14885,1099,37.69782,-123.0011,0.4322701618211623
14886,1099,39.65471,-122.71595,-2.955375798118433
14887,1099,38.80797,-122.7953,-0.7599057523555037
14888,1099,38.99349,-123.07234,-2.4812216713131643
14889,1099,37.40373,-122.23868,-0.1402732200156199
14890,1099,37.58644,-122.50217,1.0454873807422445
14891,1099,38.14478,-122.88018,-0.8424064330735894
14892,1099,38.87874,-122.44277,-4.35531879349217
14893,1099,38.00198,-122.47466,2.1737100387415103
14894,1099,38.33656,-122.81082,1.3187130116467405
14895,1099,38.46769,-122.89651,-0.2711849302242446
14896,1099,38.16488,-122.71296,2.270194067036277
14897,1099,38.07601,-122.2585,0.7261442989368609
14898,1099,37.99642,-123.01949,1.145734897959002
21008,1099,37.87352,-122.26099,-0.7117856633044344
21009,1099,38.03455,-120.38651,-1.4183553543169685
21010,1099,36.3887,-121.5514,0.4283255202876138
21011,1099,40.81745,-124.02955,-3.244660224925647
21012,1099,37.34164,-121.64257,-0.726505199488403
21013,1099,37.80787,-122.3618,1.9952749973128687
21014,1099,37.67433,-122.39855,1.97690855258479
21015,1099,37.92144,-122.71806,0.6492700355324037
21016,1099,38.04962,-122.52331,2.445243554164758
21017,1099,38.20025,-122.4644,0.7612674719090817
21018,1099,37.67928,-122.48405,1.4350775574363124
21019,1099,37.91056,-122.53778,2.5086229225449106
21020,1099,38.03445,-122.27016,-0.7129860988704823
21021,1099,37.71633,-122.43117,2.3066484083433543
21022,1099,37.74766,-121.70843,3.9631148913341607
21023,1099,38.76927,-123.01486,-1.469231115744484
21024,1099,37.34305,-122.33976,0.6393522718928055
21025,1099,37.17217,-122.01121,2.393442251243476
21026,1099,37.36045,-122.18986,0.6596739237976308
21027,1099,37.40372,-122.17596,0.6544213866827255
21028,1099,40.4756,-124.3375,-2.0583308077874567
21029,1099,40.6599,-123.21966,-3.2860262889785075
21030,1099,40.2022,-123.7086,-2.4782048923805724
21031,1099,41.1577,-124.0233,-2.652863435512473
21033,1099,38.43951,-122.25272,-0.7561922649349355
21034,1099,38.26021,-122.55179,-0.3589911352434974
21035,1099,38.30988,-122.943,0.0400170525689687
21036,1099,38.65651,-122.61441,-1.366196829574761
21037,1099,38.04248,-122.79684,2.8693878043389547
14899,1100,37.95397,-121.86554,-1.1634463279552
14900,1100,37.87622,-122.23558,-0.3630096857775282
14901,1100,37.91881,-122.15176,-0.2210387533937448
14902,1100,37.85727,-122.42266,1.426386908252152
14903,1100,37.73786,-122.06486,1.4644525109186963
14904,1100,38.03455,-120.38651,-1.1021069132966357
14905,1100,36.3887,-121.5514,-0.4943418318430727
14906,1100,37.17217,-122.01121,0.963796728462999
14907,1100,36.92745,-121.82764,-0.6663322867413063
14908,1100,37.20631,-121.97726,0.3682432880717597
14909,1100,37.15432,-121.73467,0.0627632542499117
14910,1100,37.2708,-122.21276,0.7753408439766926
14911,1100,37.40373,-122.23868,-0.8883160144598429
14912,1100,37.40372,-122.17596,0.5808276757422237
14913,1100,37.6444,-118.89683,3.310366903173795
14914,1100,37.34164,-121.64257,-1.4418853358540824
14915,1100,37.65909,-118.97907,3.073052141990736
14916,1100,37.008,-121.287,-1.3365662136265404
14917,1100,35.945,-120.542,-0.9215586708241704
14918,1100,36.2159,-120.80126,-1.2470285268364465
14919,1100,35.63597,-120.86984,0.7565506530900478
14920,1100,36.76403,-121.44722,-2.0592338416070946
14921,1100,37.62211,-121.75697,-0.8080817635332292
14922,1100,36.851,-121.402,1.442946406560616
14923,1100,36.891,-121.404,1.2241994825110178
14924,1100,36.86,-121.54,1.1338881285975546
14925,1100,36.848,-121.397,2.2740886349927663
19935,1100,37.87352,-122.26099,-1.4572077823597982
19936,1100,37.69782,-123.0011,-1.152438213280674
19938,1100,36.68011,-119.02282,-0.1648160079540713
19939,1100,38.99349,-123.07234,-0.3742965767657212
19940,1100,38.87874,-122.44277,-0.9581938490631752
19942,1100,39.2291,-121.7861,0.0594644914793236
19943,1100,37.25898,-121.67311,-0.7840698747908676
19944,1100,37.16346,-121.62645,-1.861020875312968
19945,1100,37.7294,-121.83346,0.8225330517659144
19946,1100,37.37289,-121.76887,-1.477252638277068
19947,1100,37.91233,-121.90716,-0.561448886784906
19948,1100,38.02691,-122.01599,-0.2232142774782261
19949,1100,37.34305,-122.33976,1.1282814541233803
19950,1100,37.31861,-122.15314,-1.1040154269502638
19951,1100,37.36045,-122.18986,-0.6855849633190634
19952,1100,37.21427,-122.17168,0.1441833188152484
19953,1100,37.19855,-122.34671,0.4068572658764213
19954,1100,37.58225,-122.42006,0.4828560937233248
19955,1100,38.33656,-122.81082,1.8245689739868525
19956,1100,35.73065,-120.24986,-1.239466858298892
14926,1101,38.441,-122.701,0.4961728718021928
14927,1101,37.762,-122.505,1.976395268302759
14928,1101,38.29027,-122.46125,-0.9158917697620252
14929,1101,38.4421,-122.6068,-0.6361446005838624
14930,1101,38.36743,-122.52403,0.7555076138289147
14931,1101,37.87622,-122.23558,-1.4313330652068277
14932,1101,37.91881,-122.15176,-1.832650697515868
14933,1101,37.87352,-122.26099,-1.3613125734566665
14934,1101,37.85727,-122.42266,1.33408467517198
14935,1101,37.73786,-122.06486,0.567499271234585
14936,1101,38.02691,-122.01599,-0.4661706791230753
14937,1101,38.34526,-122.4584,-0.6392588237518864
14938,1101,37.69782,-123.0011,-0.294210571725004
14939,1101,38.76927,-123.01486,-1.59039421785383
14940,1101,38.80797,-122.7953,-0.4899651746098466
14941,1101,37.63719,-122.47482,0.8144553157486617
14942,1101,37.2708,-122.21276,1.6024855100740376
14943,1101,37.79499,-122.4746,1.9654531956327423
14944,1101,37.40373,-122.23868,0.7129524835088514
14945,1101,37.58225,-122.42006,1.2155900144196303
14946,1101,38.14478,-122.88018,-1.2676888795634202
14947,1101,38.87874,-122.44277,-2.5804255269420446
14948,1101,38.26021,-122.55179,-0.2753446082351979
14949,1101,38.00198,-122.47466,1.104498444812647
14950,1101,38.30988,-122.943,1.3748460929161788
14951,1101,38.33656,-122.81082,1.2764974499012098
14952,1101,38.46769,-122.89651,0.1288340770076703
14953,1101,38.28043,-122.21582,-0.8389727047491315
14954,1101,38.16488,-122.71296,-0.1991934829553332
14955,1101,38.07601,-122.2585,-0.2148651253962424
14956,1101,38.04248,-122.79684,0.9161731412883718
14957,1101,37.99642,-123.01949,0.4605295685726561
14958,1101,38.34878,-122.57795,-0.8580488429483122
14959,1101,37.92371,-122.59649,2.098709307151756
14960,1101,38.14361,-122.44969,-0.8895135271073776
14961,1101,38.24039,-122.79842,0.1167554227663951
14962,1101,38.38921,-122.66297,-0.8526451657640459
14963,1101,37.91608,-122.33607,0.4606121677803491
14964,1101,39.2291,-121.7861,-0.7422045873863086
21038,1101,38.03455,-120.38651,-1.156494906055462
21039,1101,39.65471,-122.71595,-5.421247168280335
21040,1101,36.3887,-121.5514,-0.3218670194581033
21042,1101,38.99349,-123.07234,-4.4618584083247805
21043,1101,37.34164,-121.64257,-1.3503889460597682
21044,1101,39.55451,-121.50036,-2.575596640779761
21045,1101,37.008,-121.287,-0.2187565815679762
21047,1101,36.76403,-121.44722,-2.115778598576688
21048,1101,37.28744,-121.86422,0.5942522694359939
21049,1101,37.81647,-122.06302,-0.992364950251095
21050,1101,37.9889,-122.2156,-0.6178588328380431
21051,1101,37.94906,-122.40851,0.3059432660969589
21052,1101,37.72416,-122.11929,0.2121445237190843
21053,1101,37.80787,-122.3618,1.992841497413195
21054,1101,37.51704,-122.37731,0.5373837305927587
21055,1101,37.67433,-122.39855,2.022625539748113
21056,1101,37.16067,-121.89899,1.8201798279940369
21057,1101,37.92144,-122.71806,1.4977617746250178
21058,1101,38.04962,-122.52331,0.7581046259038531
21059,1101,38.12282,-122.14921,-1.130470015665258
21060,1101,38.20025,-122.4644,0.4629083537105912
21061,1101,38.233,-122.636,-0.6907553412346954
21062,1101,37.76021,-122.41524,1.3900878063521476
21063,1101,37.76386,-122.4736,1.3460328029849158
21064,1101,37.40701,-122.0946,-0.0966474368081569
21065,1101,37.4748,-122.2392,1.0472350868785298
21066,1101,37.31816,-121.94354,0.6873604699804965
21067,1101,37.68,-121.739,-1.967837057314605
21068,1101,37.59094,-122.36741,1.4493272703809683
21069,1101,37.74766,-122.42528,1.1200108760390055
21070,1101,37.74664,-122.38679,0.9292183900719466
21071,1101,37.39415,-122.06041,1.3049830117660697
21072,1101,37.376,-121.84367,-0.1795184666406367
21073,1101,37.27117,-121.98617,-0.0088005536632139
21074,1101,37.45098,-122.4287,0.939138065140812
21075,1101,37.71737,-121.72701,-1.6527662508192744
21076,1101,37.67928,-122.48405,1.9147989221453048
21077,1101,37.91056,-122.53778,2.556932250059435
21078,1101,37.88767,-122.29916,0.3478177029158463
21079,1101,38.03445,-122.27016,-1.9256412233437967
21080,1101,37.74484,-122.40134,0.6350310727912087
21081,1101,37.77934,-122.486,0.6154265362875732
21082,1101,37.71633,-122.43117,2.5207277111930164
21083,1101,37.81076,-122.29252,-0.8246837976916064
21084,1101,37.8251,-122.27606,0.2787439813661155
21085,1101,37.7986,-122.2684,0.4355751580399483
21086,1101,37.72416,-122.44841,1.9294549699083847
21087,1101,37.41395,-121.87085,0.7771006429333546
21088,1101,37.6806,-121.92098,-0.7253607839067542
21089,1101,37.86059,-122.29327,-0.144163427544825
21090,1101,37.85835,-122.25252,0.0966355878236147
21091,1101,37.37418,-122.0781,-0.0126521630725703
21092,1101,37.72688,-122.15092,0.0185404103534197
21093,1101,37.8852,-122.03217,-0.7256334546921828
21094,1101,38.01299,-122.13416,0.1531679669763645
21096,1101,37.16346,-121.62645,-0.6809065482776069
21097,1101,37.45035,-121.80037,-1.3469932939304008
21098,1101,37.74766,-121.70843,-0.0013704335676513
21099,1101,37.7294,-121.83346,-0.0966125094476837
21100,1101,37.37289,-121.76887,-0.8386400383038746
21101,1101,37.81041,-121.80272,-0.3693038466869836
21102,1101,37.85884,-121.99264,-0.2832670251921764
21103,1101,37.91233,-121.90716,-1.6772650287630346
21104,1101,37.34305,-122.33976,0.5226399075583683
21105,1101,37.31861,-122.15314,0.0159147834788207
21106,1101,37.17217,-122.01121,1.9710764269844967
21107,1101,37.04922,-121.80722,-0.673771990720846
21108,1101,36.92745,-121.82764,-0.2759718072374705
21109,1101,37.36045,-122.18986,0.8607781838825684
21110,1101,37.51604,-122.45815,0.9090903916540364
21111,1101,37.21427,-122.17168,0.7347906317668136
21112,1101,37.20631,-121.97726,0.9926560964838266
21113,1101,37.15432,-121.73467,0.8097941264712721
21114,1101,37.19855,-122.34671,-0.2171866521417195
21115,1101,37.40372,-122.17596,0.0071042833395049
21116,1101,37.58644,-122.50217,2.140683992076021
21119,1101,38.43951,-122.25272,-1.5390567815375154
21120,1101,38.15486,-121.80438,-0.935909652387483
21121,1101,38.65651,-122.61441,-1.878605447637777
21123,1101,36.2159,-120.80126,-1.493069495571295
14979,1103,32.68005,-116.67215,2.1871315064073564
14980,1103,34.2623,-116.92075,-0.5120784200431426
14981,1103,33.921,-116.981,0.1481796440778074
14983,1103,34.23883,-117.65853,0.1935425426222435
14984,1103,34.069,-116.39,-0.1432030496096865
14985,1103,33.268,-116.417,1.7388206142028455
14986,1103,34.68224,-118.57398,-0.1632262319071191
14987,1103,33.4915,-116.667,-4.21700027527319
14988,1103,33.38822,-117.19495,2.6916253081385046
14989,1103,33.999,-117.68,0.5058007773493686
14990,1103,34.093,-117.317,0.6117397759706985
14991,1103,33.876,-117.561,0.8228252182642536
14992,1103,34.25353,-118.33383,-0.7611968200029374
14993,1103,33.65,-117.009,1.552477907320831
14994,1103,33.1537,-117.22921,1.1117952121047086
14995,1103,35.30177,-116.80574,-0.6960334214607616
14996,1103,34.8294,-116.335,-0.5701095959667902
14997,1103,34.121,-117.219,-1.0507532641829749
14998,1103,33.0859,-116.5959,1.3655523408843502
14999,1103,34.9906,-118.34156,-0.3256881760241839
15000,1103,34.3656,-117.36683,-2.6697760832108592
15001,1103,34.005,-117.562,0.7194706256153718
15002,1103,33.94539,-117.92372,-0.066644113432645
15003,1103,34.1484,-118.1711,-2.103223605265775
15005,1103,34.1207,-117.63808,-1.0729236420852362
15006,1103,33.354,-116.863,0.2340787339006581
15007,1103,34.87533,-116.99684,-0.966799776602113
15008,1103,33.973,-117.327,1.7365168536637854
15009,1103,33.97327,-117.32674,1.1458715303313485
15010,1103,33.99351,-117.37545,1.416159110948202
15011,1103,33.834,-116.797,1.2554727868493698
15012,1103,34.106,-117.098,-0.1442764487491797
15013,1103,34.38203,-117.67822,-0.6838102397866296
15014,1103,34.48364,-118.11783,0.7048926717726579
15015,1103,34.00948,-117.95077,0.6403846195317899
15016,1103,34.55046,-117.43391,-0.7061216696957067
15017,1103,33.63838,-116.4011,1.2034653465898375
15018,1103,35.52495,-117.36453,-1.3000328134472774
15019,1103,34.10521,-117.28264,-0.4379894682850051
15020,1103,33.4019,-118.41502,0.7790711536769895
15022,1103,34.0602,-117.809,-0.4297515900239582
15023,1103,33.93597,-116.57794,-0.3943581248451092
15024,1103,34.10618,-118.45505,-1.6240842364634918
15025,1103,32.999,-116.942,1.7717019604078892
15027,1103,33.11675,-115.82267,1.0609276193299322
15028,1103,33.71264,-118.29381,-0.5875915791696262
15029,1103,34.36622,-116.61266,0.6479120708024225
15030,1103,34.10819,-119.06587,-0.5656578762453451
15031,1103,34.61594,-117.82493,1.599869616550564
15032,1103,33.684,-117.943,-1.485527837023532
15033,1103,35.47954,-117.68212,0.1444519222297285
15034,1103,33.818,-116.369,0.1591277241287953
15035,1103,34.81258,-119.1453,-0.7193730160292504
15036,1103,36.05799,-117.48901,-2.5519198115619126
15037,1103,33.808,-116.968,0.5778888477348215
15039,1103,34.22362,-118.05832,1.3582727546172313
15040,1103,34.6145,-118.7235,-2.207633703399484
15042,1103,34.10473,-117.97956,-0.8041380250766412
15043,1103,33.74346,-118.40412,0.10948201021848
15044,1103,34.05073,-118.08085,-0.5656713703834744
15045,1103,33.2801,-115.98585,0.3771709365075368
15046,1103,33.553,-117.662,-1.3567533912417098
15048,1103,34.01438,-118.45617,0.2536807240845661
15049,1103,34.05933,-118.64614,-1.2042811900218156
15050,1103,34.30302,-119.18676,0.4149983643696006
15051,1103,33.664,-117.769,-1.6378425439134698
15053,1103,33.63495,-116.16402,1.2381831517327655
15055,1103,35.53664,-118.14035,1.0824698604408292
15056,1103,34.1717,-118.64971,1.336946832700549
15093,1107,35.1269,-118.83009,-0.8645042336600576
15094,1107,32.68005,-116.67215,1.6256094502597704
15095,1107,34.2623,-116.92075,-1.331106210593794
15097,1107,34.68224,-118.57398,0.3354714544630122
15098,1107,33.38822,-117.19495,1.904296207687456
15100,1107,33.999,-117.68,-0.8172158184317466
15101,1107,33.4019,-118.41502,1.5877086999280283
15102,1107,33.655,-115.99,0.7093776896116852
15103,1107,33.65,-117.009,1.6294889196755056
15104,1107,33.567,-116.631,1.023034437030314
15106,1107,33.71264,-118.29381,-0.0431852102859494
15107,1107,35.30177,-116.80574,-0.4716061064739681
15108,1107,34.36622,-116.61266,0.102365621843373
15109,1107,33.7141,-116.7119,0.667532598113562
15110,1107,34.80762,-118.86775,0.3979677549536542
15111,1107,34.61594,-117.82493,0.6054802441723396
15112,1107,34.93439,-117.69629,0.0019321097193284
15113,1107,34.3656,-117.36683,-2.20911088613467
15114,1107,34.005,-117.562,0.013629093787769
15115,1107,34.81258,-119.1453,-0.7988996402050543
15116,1107,34.22362,-118.05832,0.5282012955264634
15117,1107,33.94539,-117.92372,0.953467649169281
15118,1107,34.6145,-118.7235,-1.30788464011775
15119,1107,34.1484,-118.1711,-3.013655679433928
15120,1107,34.1207,-117.63808,-2.4181089878064217
15122,1107,33.354,-116.863,0.0301748102437201
15123,1107,33.7953,-117.60906,-1.291161620494271
15124,1107,33.63,-116.8478,2.2004528497123084
15125,1107,33.74346,-118.40412,0.7334718730676206
15126,1107,34.87533,-116.99684,-0.7292839174154419
15127,1107,33.973,-117.327,1.2246872402369775
15128,1107,33.97327,-117.32674,0.4477647299836941
15129,1107,33.99351,-117.37545,0.6225603065364529
15130,1107,34.232,-117.235,-1.7321352839460225
15131,1107,33.834,-116.797,0.9312262605588086
15132,1107,34.05933,-118.64614,-1.2378104461903978
15133,1107,33.829,-117.789,0.3195804892015071
15134,1107,34.106,-117.098,0.1074135217238341
15135,1107,34.38203,-117.67822,-0.6296257586663042
15137,1107,34.23883,-117.65853,-0.2001422404421096
15138,1107,34.069,-116.39,-0.0119476381679223
15139,1107,33.4915,-116.667,1.9524356282335449
15140,1107,34.9906,-118.34156,-0.0334760307386068
15141,1107,33.862,-117.205,0.3220455490684498
15142,1108,34.04905,-116.94032,-2.53291768786773
15143,1108,34.55046,-117.43391,-0.3590893019354675
15144,1108,32.68005,-116.67215,0.6816757358742078
15145,1108,34.2623,-116.92075,1.1488276558369566
15146,1108,33.921,-116.981,-0.6549251666074595
15148,1108,34.23883,-117.65853,0.0748604146800955
15149,1108,34.069,-116.39,0.3509626935346921
15150,1108,33.268,-116.417,1.0143201818568552
15151,1108,33.4915,-116.667,-4.821249376540281
15152,1108,33.38822,-117.19495,1.7036754231180384
15154,1108,33.999,-117.68,-0.6591206371507644
15155,1108,33.876,-117.561,0.8678911967591434
15156,1108,34.25353,-118.33383,-1.0797261581272737
15157,1108,33.93597,-116.57794,-0.2724275213970413
15158,1108,33.65,-117.009,0.5299546305976267
15159,1108,33.567,-116.631,0.7277116449129261
15160,1108,32.999,-116.942,1.0010260977845318
15162,1108,33.1537,-117.22921,0.4617379496671221
15163,1108,35.30177,-116.80574,-0.595066286427142
15164,1108,34.8294,-116.335,0.4691012167284794
15166,1108,33.0859,-116.5959,-0.2408406664736553
15167,1108,34.36622,-116.61266,1.757830733001047
15168,1108,34.9906,-118.34156,0.2905949473424421
15169,1108,33.684,-117.943,0.0304864505393784
15170,1108,34.93439,-117.69629,5.729667693453707
15171,1108,35.47954,-117.68212,0.4448918171684696
15172,1108,34.3656,-117.36683,-1.6388593655092856
15174,1108,33.818,-116.369,0.5785645884122477
15175,1108,33.808,-116.968,2.475599653447903
15176,1108,33.6,-117.195,0.8255047184734383
15177,1108,34.22362,-118.05832,0.899680080376807
15178,1108,33.94539,-117.92372,-0.617151875103389
15179,1108,34.1207,-117.63808,-1.294313662414269
15180,1108,33.862,-117.205,0.3424404525066974
15182,1108,33.354,-116.863,-0.4849420790750512
15184,1108,33.824,-116.55,1.3516496496050088
15185,1108,33.63,-116.8478,1.2853523072927913
15186,1108,34.87533,-116.99684,-0.6553411393760135
15187,1108,33.973,-117.327,1.745021096355596
15188,1108,33.97327,-117.32674,1.5565530747575185
15189,1108,33.99351,-117.37545,1.245634401683298
15190,1108,34.232,-117.235,-0.7660111548917844
15191,1108,33.553,-117.662,-0.583294384845785
15193,1108,33.834,-116.797,0.9667055533846886
15194,1108,34.05933,-118.64614,-1.2001682065696448
15195,1108,33.829,-117.789,-1.2608171963933257
15196,1108,33.664,-117.769,-1.143435025473517
15197,1108,34.106,-117.098,0.1465905811155316
15200,1108,34.48364,-118.11783,0.8898483086053571
15201,1108,34.00948,-117.95077,-0.7709279383254595
15202,1108,34.68708,-118.29946,-0.5348228542476742
15203,1108,35.1269,-118.83009,-1.0117670905793723
15204,1108,33.80776,-117.98116,-0.7978825829666676
15205,1108,35.52495,-117.36453,-0.1307228443442954
15206,1108,33.4019,-118.41502,1.225870161426464
15208,1108,34.093,-117.317,-0.2450703274850108
15209,1108,33.655,-115.99,1.2281111567589946
15211,1108,33.11675,-115.82267,0.4824306094683867
15212,1108,33.71264,-118.29381,-2.1934398545337483
15213,1108,33.051,-114.827,-0.1868563716952651
15214,1108,35.98249,-117.80885,0.2120357883828386
15215,1108,35.13066,-115.18416,1.329718273806639
15216,1108,33.9753,-118.14918,-0.5664271840574964
15217,1108,34.80762,-118.86775,-0.6441161545246399
15218,1108,34.005,-117.562,-0.6594418377001193
15219,1108,36.05799,-117.48901,-1.4695936540384744
15220,1108,34.88848,-119.81362,-0.7534734543159674
15222,1108,34.53412,-120.17737,-0.2855370788642813
15223,1108,33.556,-115.946,0.3933652682654691
15224,1108,34.1484,-118.1711,-3.080801844126821
15225,1108,34.44199,-118.58215,-1.2288926971673046
15226,1108,34.09181,-117.80709,-1.893459871267232
15227,1108,34.281,-118.478,0.7106728222352814
15228,1108,34.10473,-117.97956,-1.431233203411376
15229,1108,33.74346,-118.40412,-0.4282054268817821
15230,1108,34.05073,-118.08085,-0.716766645391176
15231,1108,33.2801,-115.98585,0.1464360759349153
15232,1108,32.915,-118.4879,0.1863441410023675
15233,1108,34.43692,-119.1375,1.0833620602672267
15234,1108,35.8996,-116.27515,1.9369942613041644
15235,1108,35.89095,-117.28332,0.4249038316824481
15236,1108,34.30302,-119.18676,-0.0087043762014427
15237,1108,32.94508,-115.79988,-0.3947857496879964
15238,1108,34.38203,-117.67822,-0.8215703945115025
15239,1108,35.53664,-118.14035,0.4247329423994677
15245,1110,34.55046,-117.43391,-1.173246221421446
15246,1110,34.68708,-118.29946,-1.3216263044068937
15247,1110,32.68005,-116.67215,0.6134366796657433
15248,1110,34.2623,-116.92075,-0.9846772046014924
15249,1110,33.921,-116.981,0.7808011733826202
15251,1110,34.23883,-117.65853,0.3936371642788543
15252,1110,33.268,-116.417,0.6292354987937652
15253,1110,33.80776,-117.98116,-0.1128437417872714
15254,1110,34.68224,-118.57398,0.3422175315221187
15255,1110,35.52495,-117.36453,-0.933056480127028
15257,1110,33.999,-117.68,-0.5792994050868536
15258,1110,33.4019,-118.41502,0.7335298793895199
15260,1110,34.093,-117.317,0.5879307083777755
15261,1110,33.876,-117.561,1.3731272739400462
15262,1110,33.655,-115.99,0.7673204123555692
15263,1110,34.25353,-118.33383,-0.8426600316271008
15264,1110,33.93597,-116.57794,-0.4536371872757984
15265,1110,33.65,-117.009,0.7681051508584105
15266,1110,34.10618,-118.45505,-1.9082593235455951
15267,1110,33.567,-116.631,0.7407910659235046
15268,1110,32.999,-116.942,0.3375398516105476
15270,1110,33.71264,-118.29381,-1.2461234001714243
15272,1110,35.30177,-116.80574,-0.1205438839412639
15273,1110,34.8294,-116.335,0.2648411402293241
15274,1110,33.0859,-116.5959,0.1268723333745814
15275,1110,34.36622,-116.61266,-0.1872413058722552
15276,1110,35.13066,-115.18416,0.6194005514004063
15277,1110,34.9906,-118.34156,0.12177767458517
15278,1110,33.9753,-118.14918,-0.3632671437131048
15279,1110,34.80762,-118.86775,0.1536265979437535
15280,1110,33.684,-117.943,0.3066903228434662
15281,1110,34.93439,-117.69629,-0.301737546960931
15282,1110,35.47954,-117.68212,-0.6366162870481512
15283,1110,34.3656,-117.36683,-0.6770509333144591
15284,1110,33.818,-116.369,0.0948833663707733
15285,1110,34.005,-117.562,0.8545572004137114
15286,1110,33.6,-117.195,1.084763707973175
15287,1110,34.22362,-118.05832,1.273416206621649
15288,1110,33.94539,-117.92372,0.1253097800662975
15289,1110,34.6145,-118.7235,-1.3563379267996434
15290,1110,34.1207,-117.63808,-0.1250126568653943
15292,1110,33.354,-116.863,-0.9683405316485306
15293,1110,33.7953,-117.60906,-0.0775524926509157
15295,1110,34.09181,-117.80709,-0.7317936236110658
15296,1110,33.74346,-118.40412,1.0830580098774811
15297,1110,34.87533,-116.99684,0.2797169249466362
15298,1110,33.97327,-117.32674,-0.148281606001449
15299,1110,34.05073,-118.08085,0.1906375416623888
15300,1110,33.99351,-117.37545,1.3612488806829397
15302,1110,34.232,-117.235,-0.1219001097707895
15303,1110,33.553,-117.662,-1.316987646773311
15304,1110,35.89095,-117.28332,0.3705445195249304
15305,1110,33.834,-116.797,0.8902202118144514
15306,1110,34.05933,-118.64614,-1.540481353474034
15307,1110,33.829,-117.789,-0.5004131673775419
15308,1110,33.664,-117.769,-0.9641568514259566
15309,1110,34.106,-117.098,0.1763025556128966
15310,1110,34.38203,-117.67822,0.3354675135076883
15312,1110,34.48364,-118.11783,0.0268124217132262
15313,1110,34.56065,-117.3296,0.7673082027657316
15314,1110,35.53664,-118.14035,0.1483138834602085
15380,1113,34.55046,-117.43391,-0.62131348919266
15381,1113,32.68005,-116.67215,1.3869876542754094
15382,1113,33.921,-116.981,-1.4695521327301262
15385,1113,34.23883,-117.65853,-1.1849031390257376
15386,1113,34.069,-116.39,-0.666227783326848
15387,1113,33.268,-116.417,0.7699727163551827
15388,1113,35.52495,-117.36453,-0.2916333012829563
15390,1113,33.4019,-118.41502,0.2151327841818852
15392,1113,34.093,-117.317,-0.0190256085339857
15393,1113,33.655,-115.99,0.1229610399366389
15394,1113,34.25353,-118.33383,-0.3870470665307544
15395,1113,33.65,-117.009,0.9354416911996992
15396,1113,34.10618,-118.45505,-2.0475665420107645
15397,1113,33.567,-116.631,1.0244173078938366
15398,1113,32.999,-116.942,0.7778136349105573
15401,1113,33.71264,-118.29381,-1.9930779990657896
15402,1113,33.051,-114.827,-0.8219318130055495
15404,1113,33.1537,-117.22921,-0.0367930593361145
15405,1113,35.30177,-116.80574,-1.5730012553029418
15406,1113,34.8294,-116.335,-1.881687900951068
15408,1113,35.66278,-118.47403,-2.0478287581717582
15409,1113,33.081,-116.598,0.1792606931279881
15410,1113,35.98249,-117.80885,-0.023408983861895
15411,1113,34.36622,-116.61266,0.1250317845130415
15412,1113,35.13066,-115.18416,-0.7293753125170856
15413,1113,34.9906,-118.34156,-0.4421534785169753
15414,1113,34.80762,-118.86775,-0.5455616491836335
15415,1113,34.93439,-117.69629,-0.1895274518937316
15416,1113,35.47954,-117.68212,0.2108579614458529
15417,1113,34.3656,-117.36683,0.0548773458016667
15418,1113,33.818,-116.369,-0.1171921994057183
15419,1113,34.005,-117.562,-0.4058648739600616
15420,1113,36.05799,-117.48901,-1.6895463989022184
15421,1113,33.808,-116.968,-0.0647887360911159
15422,1113,33.6,-117.195,1.8362000229066395
15423,1113,34.22362,-118.05832,0.6349256986925188
15424,1113,34.76759,-114.61881,0.7872938389400824
15425,1113,33.94539,-117.92372,-0.5515957056958797
15426,1113,32.608,-116.93,0.7014039762784006
15427,1113,34.1207,-117.63808,-0.4244973189095004
15428,1113,33.862,-117.205,0.1447633132077759
15430,1113,33.354,-116.863,-0.6539663125929246
15431,1113,33.7953,-117.60906,-1.4717934804994317
15433,1113,33.824,-116.55,0.4078341339838151
15434,1113,33.63,-116.8478,1.0209343376037974
15435,1113,33.74346,-118.40412,0.3174165701014185
15436,1113,34.87533,-116.99684,-1.9217069900686776
15437,1113,33.97327,-117.32674,0.025125184967411
15438,1113,33.99351,-117.37545,0.8191026742446814
15439,1113,34.232,-117.235,-1.5430616229721574
15440,1113,33.553,-117.662,-2.490501531875009
15441,1113,35.89095,-117.28332,0.4529556049348723
15442,1113,33.834,-116.797,0.6261640207520887
15443,1113,34.05933,-118.64614,-1.4113397622727506
15444,1113,33.829,-117.789,-0.8009405890131059
15445,1113,33.664,-117.769,-1.5214017766288688
15446,1113,34.106,-117.098,-0.2395206863857602
15447,1113,34.38203,-117.67822,-0.5942503119563217
15450,1113,34.48364,-118.11783,-0.4231988681310514
15451,1113,35.53664,-118.14035,0.2745277428664202
15452,1113,34.1717,-118.64971,1.3610217779589713
15453,1113,33.917,-117.443,1.3447468504256377
15454,1113,33.968,-117.252,1.6832674750992047
15455,1113,33.751,-117.015,1.250712930187488
15456,1113,33.699,-117.267,2.3401017931093784
15457,1113,33.951,-117.446,3.3668900318447825
15458,1113,33.951,-117.388,1.4991851895697934
15459,1113,33.979,-117.344,-0.4113238515373218
15460,1113,33.975,-117.486,1.8053961043751847
15461,1113,33.902,-117.234,0.2300207961470703
15462,1113,33.921,-117.173,0.5343025830809813
15463,1113,34.014,-117.511,1.1104831813029838
15464,1113,34.074,-117.183,-0.5463608055510107
15465,1113,34.096,-117.287,-0.06353494027724
15466,1113,34.133,-117.253,-0.1316444476467982
15467,1113,34.069,-117.398,1.787205555372947
15468,1113,34.004,-117.058,0.1029943740150178
15469,1113,34.00469,-117.22393,-0.6703185724101319
15471,1113,34.136,-117.213,-1.1365542427191144
15473,1113,33.92024,-117.32066,2.22870323263926
15476,1113,34.14,-117.294,-0.8284813316924104
15478,1113,34.205,-117.365,0.2442962858762039
15479,1113,34.12288,-117.28792,-0.2161293875606317
15480,1113,34.0869,-117.3114,-0.0906920255586544
15481,1113,33.852,-117.451,2.08064461560036
15550,1118,32.68005,-116.67215,-0.5818912868984213
15551,1118,34.2623,-116.92075,-0.9664406371591052
15552,1118,33.921,-116.981,-0.8301644381647824
15555,1118,34.23883,-117.65853,0.1342781117885848
15557,1118,33.268,-116.417,0.8385018596500288
15558,1118,33.01213,-115.21987,-0.975969426842378
15559,1118,33.38822,-117.19495,0.7505622536363984
15562,1118,33.655,-115.99,-0.5013591568948006
15563,1118,34.63745,-115.38115,-1.7775032905273889
15564,1118,34.25353,-118.33383,0.7432909027333958
15565,1118,33.65,-117.009,-0.2793540215249748
15566,1118,34.10618,-118.45505,-0.920864522741288
15567,1118,33.567,-116.631,-0.8425128934569189
15568,1118,32.999,-116.942,1.770664675437236
15569,1118,32.805,-115.447,-0.5923441780144431
15572,1118,33.11675,-115.82267,0.9382025990583354
15573,1118,33.71264,-118.29381,-0.0435818149466073
15574,1118,33.051,-114.827,-1.5468002454572871
15576,1118,35.30177,-116.80574,-1.4799382208486949
15578,1118,33.0859,-116.5959,-0.1946372263345318
15580,1118,33.684,-117.943,1.2523780952472348
15581,1118,33.818,-116.369,-0.4890267942085247
15583,1118,33.808,-116.968,0.5577047700406293
15584,1118,33.6,-117.195,0.9142704878991992
15585,1118,34.76759,-114.61881,-0.5661079259173118
15586,1118,33.94539,-117.92372,1.068380594845924
15587,1118,32.608,-116.93,0.9177387345243252
15589,1118,34.1207,-117.63808,0.4487155066847245
15591,1118,33.354,-116.863,0.1063155696148266
15593,1118,33.63,-116.8478,0.2301289948544368
15594,1118,33.74346,-118.40412,0.8668879322851538
15595,1118,33.99351,-117.37545,-0.6940104644241198
15596,1118,33.183,-115.623,-0.8872299419213635
15597,1118,33.2801,-115.98585,0.4178327654625033
15598,1118,33.553,-117.662,0.1123000654382674
15600,1118,33.834,-116.797,-0.0489128970945642
15601,1118,34.05933,-118.64614,-0.1200188785983331
15602,1118,33.829,-117.789,-0.0167942147121543
15603,1118,33.664,-117.769,0.8770765876138565
15604,1118,34.106,-117.098,0.4286380759042808
15605,1118,32.94508,-115.79988,-0.0761486051218282
15606,1118,34.38203,-117.67822,0.1269892016124221
15607,1118,34.48364,-118.11783,1.431750358147728
15608,1118,32.75904,-115.73161,-0.3447291410977331
15753,1123,37.76021,-122.41524,0.0749648297498296
15754,1123,37.75094,-122.49072,0.1556467272764576
15755,1123,37.762,-122.505,0.1304900606649412
15756,1123,37.54187,-122.30471,-1.0400343252890982
15757,1123,37.59094,-122.36741,-0.8062490860059635
15758,1123,37.40718,-122.00001,0.3049857923642881
15759,1123,37.39415,-122.06041,-0.3904420765148912
15760,1123,37.45098,-122.4287,-0.2147684615066838
15761,1123,37.59268,-122.07449,-1.2861537597781705
15762,1123,37.67928,-122.48405,1.25243795716475
15763,1123,37.91056,-122.53778,1.4741723830645843
15764,1123,38.03445,-122.27016,1.1740928725391528
15765,1123,37.95397,-121.86554,-1.6396765457898856
15766,1123,37.87622,-122.23558,-2.3927979840484586
15767,1123,37.91881,-122.15176,0.2615308423735418
15768,1123,37.87352,-122.26099,-1.882935541579556
15769,1123,37.16346,-121.62645,0.3553825583518776
15770,1123,37.85727,-122.42266,0.4714095462267325
15771,1123,37.74766,-121.70843,1.999205167027064
15772,1123,37.7294,-121.83346,0.5715121195900348
15773,1123,37.85884,-121.99264,-0.1602734500677304
15774,1123,37.91233,-121.90716,0.3521402928884207
15775,1123,38.02691,-122.01599,1.0105953114417452
15776,1123,38.34526,-122.4584,-0.4654327674781315
15777,1123,37.34305,-122.33976,-1.3395297346926929
15778,1123,37.31861,-122.15314,-1.1881273580316765
15779,1123,37.51604,-122.45815,1.533021497685438
15780,1123,37.21427,-122.17168,-0.8816166844311827
15781,1123,37.20631,-121.97726,0.6736591293136037
15782,1123,37.15432,-121.73467,0.6053566640780471
15783,1123,37.63719,-122.47482,0.2217120056895475
15784,1123,37.19855,-122.34671,-0.5309191968868168
15785,1123,37.58225,-122.42006,-0.6638226071999619
15786,1123,37.40372,-122.17596,-1.4667352099254742
15787,1123,37.28397,-122.05017,-1.0101319568408742
15788,1123,37.58644,-122.50217,1.950486426607655
15789,1123,38.33656,-122.81082,2.450622643545045
15790,1123,38.28043,-122.21582,-0.8018705321049245
15791,1123,38.16488,-122.71296,1.6739496065260784
15792,1123,38.07601,-122.2585,2.139014033571674
15793,1123,37.99642,-123.01949,0.0259739960334582
15794,1123,38.34878,-122.57795,0.7270538401323945
15795,1123,37.9231,-122.5983,0.2176426254700039
15796,1123,38.38921,-122.66297,0.158036466972558
15797,1123,37.62211,-121.75697,-1.8859032055715328
19436,1123,38.03455,-120.38651,-0.641490905665549
19437,1123,37.69782,-123.0011,-0.5491650499491435
19438,1123,37.34164,-121.64257,-0.289038976731102
19439,1123,37.91608,-122.33607,0.5715447344829342
19440,1123,37.81647,-122.06302,-1.7597796062131188
19441,1123,37.9889,-122.2156,-0.0522892238798456
19442,1123,37.94906,-122.40851,-0.0748666231112438
19443,1123,37.72416,-122.11929,-0.4533461975838431
19444,1123,37.80787,-122.3618,-0.7134796489131381
19445,1123,37.12043,-122.1552,-0.0485225795979644
19446,1123,37.51704,-122.37731,-0.35534420696232
19447,1123,37.67433,-122.39855,0.6511989102379118
19448,1123,37.4046,-122.1741,-1.9964530820523547
19449,1123,37.16067,-121.89899,1.7811663776774889
19450,1123,37.92144,-122.71806,-0.3060754458622332
19451,1123,38.04962,-122.52331,2.1020669708070736
19452,1123,38.12282,-122.14921,0.8184925669988719
19453,1123,38.20025,-122.4644,-0.1127907158973511
19454,1123,38.233,-122.636,1.5868506491761052
19455,1123,37.77737,-122.39689,-0.1531288264556723
19456,1123,37.76386,-122.4736,-0.427716371365426
19457,1123,37.40701,-122.0946,-1.365612256170034
19458,1123,37.4748,-122.2392,0.0151460801971699
19459,1123,37.30249,-121.97978,-0.9499643413656984
19460,1123,37.26352,-121.91617,-1.4459414575939191
19461,1123,37.30143,-121.9039,-1.0892269859425845
19462,1123,37.31816,-121.94354,-0.1314183026990207
19463,1123,37.3066,-121.84915,0.3530860037357858
19464,1123,37.41702,-121.9154,-0.1481201434469224
19465,1123,37.74766,-122.42528,0.5944528576703647
19466,1123,37.17217,-122.01121,0.5357233084305567
19469,1123,38.46769,-122.89651,0.5348315404372915
15798,1124,37.26352,-121.91617,-0.5943464028777371
15799,1124,37.27117,-121.98617,-0.1933034307223379
15800,1124,37.91056,-122.53778,1.0287238633885871
15801,1124,37.87622,-122.23558,-1.1435107754343752
15802,1124,37.91881,-122.15176,-1.317442271482718
15803,1124,37.16346,-121.62645,0.3019868932711023
15804,1124,37.85727,-122.42266,1.046020874808083
15805,1124,37.37289,-121.76887,-0.9274123857301184
15806,1124,37.91233,-121.90716,-0.2346699217068333
15807,1124,37.34305,-122.33976,0.2891546940363367
15808,1124,37.31861,-122.15314,-0.3796088895051786
15809,1124,37.17217,-122.01121,1.4456958162325906
15810,1124,37.36045,-122.18986,-1.0152873137339016
15811,1124,37.51604,-122.45815,-0.1896572609979398
15812,1124,37.21427,-122.17168,2.2574682533554107
15813,1124,37.20631,-121.97726,1.6222038790852855
15814,1124,37.15432,-121.73467,0.7825371634381776
15815,1124,37.63719,-122.47482,-0.9719202378359186
15816,1124,37.2708,-122.21276,0.293502957168672
15817,1124,37.19855,-122.34671,0.6214003839225997
15818,1124,37.40373,-122.23868,-1.7294926159677468
15819,1124,37.40372,-122.17596,-0.770594608526243
15820,1124,37.28397,-122.05017,1.0397365338576503
20585,1124,37.87352,-122.26099,-1.019680565020845
20586,1124,37.69782,-123.0011,-1.5850202637459685
20587,1124,38.99349,-123.07234,-3.3376261647724847
20588,1124,37.34164,-121.64257,-1.0296331863313075
20589,1124,37.25898,-121.67311,-1.071258449199976
20590,1124,37.9889,-122.2156,0.4391169757181826
20591,1124,37.80787,-122.3618,1.6703362476047776
20592,1124,37.12043,-122.1552,2.4446489637114377
20593,1124,37.51704,-122.37731,-1.589052204250603
20594,1124,37.16067,-121.89899,2.967334137326319
20595,1124,37.31816,-121.94354,-0.0677617007946188
20596,1124,37.40718,-122.00001,-0.2225774600353149
20597,1124,37.39415,-122.06041,-1.7995222678760598
20598,1124,37.45098,-122.4287,-0.6471497767993114
20599,1124,37.71633,-122.43117,0.8335790561213139
20600,1124,37.72416,-122.44841,0.4052260460453464
20601,1124,37.23294,-121.77186,-0.0274935631593469
20602,1124,37.28537,-121.93602,-1.144251328892936
20603,1124,37.74766,-121.70843,0.7312235724203012
20604,1124,37.7294,-121.83346,1.61623612047362
20605,1124,37.73786,-122.06486,0.6081337080727667
20606,1124,37.85884,-121.99264,-1.0082535950960552
20607,1124,37.04922,-121.80722,1.7476784593025831
20608,1124,37.58225,-122.42006,-0.819149110000791
20609,1124,37.58644,-122.50217,-0.9829323891233762
15821,1125,37.54187,-122.30471,-0.4006523526580601
15822,1125,37.26748,-121.86656,-1.1158192219981575
15823,1125,37.30143,-121.9039,-0.1557718005193101
15824,1125,37.41702,-121.9154,-0.8830208269489442
15825,1125,37.59094,-122.36741,0.768592651558786
15826,1125,37.34655,-121.80774,-1.1614229773937046
15827,1125,37.40718,-122.00001,1.3104536128701454
15828,1125,37.39415,-122.06041,0.6727066125550792
15829,1125,37.376,-121.84367,-2.2678016778255707
15830,1125,37.27117,-121.98617,-1.331454030397092
15831,1125,37.71737,-121.72701,0.3995500226608257
15832,1125,37.91056,-122.53778,2.875474835845601
15833,1125,38.03445,-122.27016,-0.9415276924789412
15834,1125,37.41395,-121.87085,-0.2409975579888912
15835,1125,37.36408,-122.01817,-0.9643161287254812
15836,1125,37.42549,-122.07772,-0.6112260322173922
15837,1125,37.38332,-121.91088,-0.9766519873927738
15838,1125,37.28537,-121.93602,-0.9299270024422698
15839,1125,37.68873,-121.78351,-0.8046317724440646
15840,1125,37.66666,-121.85715,-0.4477336603454346
15841,1125,37.87622,-122.23558,-1.556825267055846
15842,1125,37.85727,-122.42266,2.4653356590178475
15843,1125,37.45035,-121.80037,-0.9824630348953964
15844,1125,37.74766,-121.70843,1.1110600738759464
15845,1125,37.7294,-121.83346,0.9934355847958792
15846,1125,37.73786,-122.06486,0.1094943093102096
15847,1125,38.03455,-120.38651,-0.8338300645328317
15848,1125,37.85884,-121.99264,0.413990187250561
15849,1125,37.91233,-121.90716,-0.7822085970599553
15850,1125,38.02691,-122.01599,-0.4816559721359942
15851,1125,37.34305,-122.33976,2.010978029891236
15852,1125,37.31861,-122.15314,-0.9539622746367252
15853,1125,37.17217,-122.01121,1.274864987005492
15854,1125,37.36045,-122.18986,0.3588157242008194
15855,1125,37.51604,-122.45815,2.0751281084249062
15856,1125,37.20631,-121.97726,-0.41416418894286
15857,1125,37.15432,-121.73467,-1.9726821217390835
15858,1125,37.2708,-122.21276,0.1881764606581328
15859,1125,37.19855,-122.34671,0.5639432958973635
15860,1125,37.58225,-122.42006,0.8455751872631145
15861,1125,37.28397,-122.05017,-1.2438526702044586
15862,1125,37.58644,-122.50217,1.4042686497209864
15863,1125,37.34164,-121.64257,-1.0195822736110836
15864,1125,38.33656,-122.81082,2.013888941997952
15865,1125,38.15486,-121.80438,0.3505406623193098
15866,1125,38.07601,-122.2585,0.478077995290176
15867,1125,37.008,-121.287,-0.3622530506423972
15868,1125,35.63597,-120.86984,-0.6416990714454754
15869,1125,39.2291,-121.7861,0.30189248649848
15870,1125,37.62211,-121.75697,-0.4033797438024133
19794,1125,37.91881,-122.15176,-1.5568586646696023
19795,1125,36.68011,-119.02282,0.7462298136577762
19796,1125,38.87874,-122.44277,-2.979992280395779
19797,1125,39.55451,-121.50036,-0.3302665608208502
19798,1125,35.945,-120.542,-2.8067677906959387
19799,1125,36.76403,-121.44722,-3.871363925523144
19800,1125,37.9889,-122.2156,0.6673544851289306
19801,1125,37.94906,-122.40851,0.7187669270039537
19802,1125,37.12043,-122.1552,-0.7026571833688664
19803,1125,37.51704,-122.37731,0.8039942470167715
19804,1125,37.16067,-121.89899,0.04785479941193
19805,1125,37.92144,-122.71806,0.7741108131825312
19806,1125,38.04962,-122.52331,2.188531399752977
19807,1125,38.12282,-122.14921,-0.1620305463208292
19808,1125,38.233,-122.636,1.3738864058278255
19809,1125,37.76021,-122.41524,1.0618620189812251
19810,1125,37.77737,-122.39689,0.3968013964550534
19811,1125,37.75094,-122.49072,1.4218369955957737
19812,1125,37.76386,-122.4736,1.2520929676674937
19813,1125,37.762,-122.505,1.270768823671932
19814,1125,37.40701,-122.0946,-0.8620332979479465
19815,1125,37.4748,-122.2392,0.1152485468339381
19816,1125,37.30249,-121.97978,-1.032352431901363
19817,1125,37.26352,-121.91617,-2.5799847284055515
19818,1125,37.31816,-121.94354,-0.0071173769980644
19819,1125,37.3066,-121.84915,-0.1449158305020635
19820,1125,37.68,-121.739,1.280093526376877
19821,1125,37.74766,-122.42528,1.3962455118300787
19822,1125,37.74664,-122.38679,1.081328434573859
19823,1125,37.45098,-122.4287,0.7448852401082839
19824,1125,37.59268,-122.07449,-0.9722898596266596
19825,1125,37.67928,-122.48405,1.8911557996816228
19826,1125,37.88767,-122.29916,0.2479837105369735
19827,1125,37.74484,-122.40134,0.6361292731015328
19828,1125,37.77934,-122.486,0.813115836470568
19829,1125,37.71633,-122.43117,1.885660890333412
19830,1125,37.8251,-122.27606,0.1465556451339334
19831,1125,37.7986,-122.2684,0.6079893814816014
19832,1125,37.72416,-122.44841,1.3563654816208874
19833,1125,37.6806,-121.92098,-0.81721674904966
19834,1125,37.86059,-122.29327,-0.0843504689805802
19835,1125,37.85835,-122.25252,0.3837400728266942
19836,1125,37.37418,-122.0781,-1.2032948778385624
19837,1125,37.69169,-122.16982,-0.8077364335198779
19838,1125,37.23294,-121.77186,-1.3417347009530447
19839,1125,37.35834,-121.97775,-0.3002831853004248
19840,1125,37.72688,-122.15092,-1.055610442156667
19841,1125,37.8852,-122.03217,-0.2478661206293743
19842,1125,37.94215,-121.93047,-0.9761007433647416
19843,1125,38.01299,-122.13416,0.4004782111875931
19844,1125,37.16346,-121.62645,-1.3148603780711023
19845,1125,37.37289,-121.76887,-0.982601619739013
19846,1125,37.81041,-121.80272,0.3116078706023556
19847,1125,37.04922,-121.80722,-2.91236447080637
19848,1125,37.21427,-122.17168,0.9115994549023044
19849,1125,37.63719,-122.47482,0.0062695085353763
19850,1125,37.40372,-122.17596,-0.5002015340181054
19851,1125,37.6444,-118.89683,1.996177699028038
19852,1125,37.65909,-118.97907,2.432111969321727
19853,1125,38.30988,-122.943,1.154717588137982
19854,1125,38.16488,-122.71296,0.537990162276674
19855,1125,38.04248,-122.79684,1.4254859850231916
19856,1125,37.92371,-122.59649,1.0488528530389072
19857,1125,38.14361,-122.44969,-0.586581399111118
19858,1125,38.24039,-122.79842,-0.4878200336600296
19859,1125,38.38921,-122.66297,-0.1641425411797279
19860,1125,36.2159,-120.80126,-2.069937232127383
15922,1128,34.55046,-117.43391,0.0375907892668496
15923,1128,33.63838,-116.4011,0.4700687605866864
15924,1128,34.68708,-118.29946,0.5101380838187464
15925,1128,32.68005,-116.67215,1.324667795138832
15926,1128,34.2623,-116.92075,-1.0664901391639818
15927,1128,33.921,-116.981,-1.2387007125248388
15928,1128,33.57508,-117.26119,-0.3178897738143496
15929,1128,33.80776,-117.98116,-0.6708519668333397
15930,1128,34.68224,-118.57398,1.9397738052758184
15931,1128,33.38822,-117.19495,0.4985829988717864
15933,1128,33.999,-117.68,-0.3873739364378049
15934,1128,33.4019,-118.41502,1.066801119750804
15936,1128,34.093,-117.317,-0.431071056047531
15937,1128,34.0602,-117.809,0.018642318224453
15938,1128,33.655,-115.99,1.0174889259183646
15939,1128,34.25353,-118.33383,0.0063417417897131
15940,1128,33.93597,-116.57794,-1.1560060773985077
15941,1128,33.65,-117.009,0.0626449592486157
15942,1128,34.10618,-118.45505,-1.226947058860702
15943,1128,32.999,-116.942,0.6647857629296612
15944,1128,34.88303,-117.99106,0.7577559294557282
15945,1128,34.72832,-119.98803,0.1898244475419393
15946,1128,33.71264,-118.29381,-2.3550194181383706
15947,1128,33.8717,-117.92251,0.8408175384121914
15948,1128,33.1537,-117.22921,-0.0215594366362474
15949,1128,35.30177,-116.80574,-0.1764556600503386
15950,1128,34.8294,-116.335,-0.4593280070553409
15951,1128,33.7141,-116.7119,-0.6858792678178434
15952,1128,33.86889,-118.33143,-0.2611952478905794
15953,1128,34.00033,-118.37794,-0.4009776362509885
15954,1128,35.13066,-115.18416,0.9343962044501786
15955,1128,34.30529,-118.48805,1.3472654792422714
15956,1128,33.9753,-118.14918,0.9115359957087976
15957,1128,34.10819,-119.06587,1.0284449313435418
15958,1128,34.61594,-117.82493,1.7086034159322412
15959,1128,33.684,-117.943,-0.1022684620263334
15960,1128,35.47954,-117.68212,1.469190354352517
15961,1128,33.881,-118.176,0.5476939083167555
15962,1128,34.3656,-117.36683,-1.7445979047961682
15963,1128,33.3516,-116.5615,-0.6060520136448767
15964,1128,34.005,-117.562,-0.4267608637609429
15965,1128,33.808,-116.968,-0.3074167412409794
15966,1128,34.22362,-118.05832,0.8023564638002899
15967,1128,33.788,-117.844,0.2543365883196494
15968,1128,33.94539,-117.92372,0.8057636115988763
15969,1128,32.608,-116.93,0.8186790624328202
15970,1128,34.1484,-118.1711,-2.3027522238434366
15972,1128,33.96273,-118.43702,-0.120241537034183
15973,1128,34.1207,-117.63808,-0.9847079594707564
15975,1128,33.354,-116.863,-0.8104028834786167
15976,1128,33.7953,-117.60906,-1.254834389186663
15977,1128,33.63,-116.8478,0.6634786691209591
15979,1128,34.10473,-117.97956,-0.4664009963778334
15980,1128,33.74346,-118.40412,0.2160080348619801
15981,1128,34.87533,-116.99684,0.4084052751202234
15982,1128,33.97327,-117.32674,-0.1033403617923543
15983,1128,34.05073,-118.08085,-0.22403155306298
15984,1128,33.99351,-117.37545,-1.2609086170442367
15985,1128,33.70432,-117.88578,-0.7852508314525992
15986,1128,34.232,-117.235,-1.0584001643783951
15987,1128,33.553,-117.662,-1.9777122068636728
15988,1128,35.89095,-117.28332,1.5002930682999571
15989,1128,34.01438,-118.45617,0.2444986020969728
15990,1128,34.05933,-118.64614,-0.2516851826305823
15991,1128,33.829,-117.789,-0.7633284862086126
15992,1128,34.30302,-119.18676,2.305305371463221
15993,1128,33.664,-117.769,-1.4508592210491924
15994,1128,34.38203,-117.67822,-0.0991739578826544
15995,1128,34.08377,-118.599,-0.0520798702586997
15996,1128,33.63495,-116.16402,0.1463349177863736
15997,1128,34.01919,-118.28631,-0.4439439621429216
15998,1128,34.48364,-118.11783,1.050178531418272
15999,1128,34.00948,-117.95077,-1.2663193703540256
16001,1128,34.1717,-118.64971,3.053670138929201
16033,1130,37.40701,-122.0946,-0.2051872701334692
16034,1130,37.54187,-122.30471,0.9033112564668884
16035,1130,37.66,-121.873,-1.0199093573522893
16036,1130,37.68,-121.739,-1.256428790057644
16037,1130,37.40718,-122.00001,-1.473270027872263
16038,1130,37.27117,-121.98617,-0.8664488376966741
16039,1130,37.59268,-122.07449,0.5623949166536717
16040,1130,37.71737,-121.72701,-0.8903352062379196
16041,1130,37.67928,-122.48405,2.004652421199609
16042,1130,37.91056,-122.53778,2.2711598363784207
16043,1130,38.03445,-122.27016,-1.8556644817826715
16044,1130,37.71633,-122.43117,2.08197704489287
16045,1130,37.72416,-122.44841,1.2452306093046277
16046,1130,37.95397,-121.86554,-2.3450034423470902
16047,1130,37.87622,-122.23558,-2.173998604923644
16048,1130,37.91881,-122.15176,-1.1230813987756665
16049,1130,37.87352,-122.26099,-1.3882417621337944
16050,1130,37.16346,-121.62645,-0.8960253188803193
16051,1130,37.85727,-122.42266,0.5681280828113495
16052,1130,37.45035,-121.80037,-1.7546150311610575
16053,1130,37.74766,-121.70843,3.898265853786614
16054,1130,37.7294,-121.83346,0.91024342813363
16055,1130,38.03455,-120.38651,-0.821201180089223
16056,1130,37.85884,-121.99264,0.316640605667892
16057,1130,37.91233,-121.90716,-0.6135986615396507
16058,1130,38.02691,-122.01599,-0.6422235566839793
16059,1130,37.34305,-122.33976,1.3484109773062996
16060,1130,37.31861,-122.15314,0.5552118087475441
16061,1130,37.17217,-122.01121,2.2998309047191463
16062,1130,37.04922,-121.80722,-0.2825152526943876
16063,1130,37.36045,-122.18986,0.3771927376798577
16064,1130,37.51604,-122.45815,2.892272454516581
16065,1130,37.21427,-122.17168,1.607088893826917
16066,1130,37.20631,-121.97726,0.7802145060630818
16067,1130,37.63719,-122.47482,1.7736199465499665
16068,1130,37.2708,-122.21276,1.0321459014532508
16069,1130,37.19855,-122.34671,0.882397474723025
16070,1130,37.40373,-122.23868,-0.1824038485186569
16071,1130,37.58225,-122.42006,0.828345773303756
16072,1130,37.40372,-122.17596,-0.6097741001986559
16073,1130,37.28397,-122.05017,-0.2893790375503655
16074,1130,37.58644,-122.50217,1.1470798006719825
16075,1130,37.34164,-121.64257,-1.3996020999292476
16076,1130,38.28043,-122.21582,-1.1529343817687714
16077,1130,38.16488,-122.71296,0.4846196145528026
16078,1130,38.07601,-122.2585,-0.4412736880080968
16079,1130,37.99642,-123.01949,-0.475037861428934
16080,1130,38.2026,-121.9354,-1.812750400213114
16081,1130,37.62211,-121.75697,-1.2196430535544935
20456,1130,37.69782,-123.0011,-0.8978436301745004
20457,1130,38.87874,-122.44277,-3.5976633088774945
20458,1130,39.55451,-121.50036,-1.897247152531552
20459,1130,37.008,-121.287,-1.076722706701684
20460,1130,35.945,-120.542,4.010167234684464
20461,1130,36.76403,-121.44722,-0.7786274701427492
20462,1130,37.28744,-121.86422,-0.8497770944686748
20463,1130,37.81647,-122.06302,-0.2481286466003167
20464,1130,37.25898,-121.67311,-2.048559468361109
20465,1130,37.9889,-122.2156,0.4183198480287745
20466,1130,37.94906,-122.40851,-0.685703774947964
20467,1130,37.72416,-122.11929,0.2913749897973355
20468,1130,37.80787,-122.3618,1.433023138506745
20469,1130,37.12043,-122.1552,1.71560126960882
20470,1130,37.51704,-122.37731,0.2317127789031005
20471,1130,37.67433,-122.39855,1.1244691997293337
20472,1130,37.16067,-121.89899,1.6649138052994066
20473,1130,37.92144,-122.71806,1.3218336927901535
20474,1130,38.04962,-122.52331,1.452963654356503
20475,1130,38.12282,-122.14921,-1.4583809544806012
20476,1130,37.75094,-122.49072,0.6704117378295046
20477,1130,37.76386,-122.4736,0.3391330346937673
20478,1130,37.762,-122.505,-0.2034589178099992
20479,1130,37.4748,-122.2392,-0.0664108482443724
20480,1130,37.30249,-121.97978,-0.4605663286262774
20481,1130,37.26352,-121.91617,-1.668448901652479
20482,1130,37.30143,-121.9039,-1.1886178186596168
20483,1130,37.31816,-121.94354,0.6863709462420631
20484,1130,37.3066,-121.84915,-0.4736102384941464
20485,1130,37.41702,-121.9154,-1.3681134481803436
20486,1130,37.59094,-122.36741,0.2506938889200497
20487,1130,37.39415,-122.06041,-1.009498523407486
20488,1130,37.376,-121.84367,-2.7617280760349043
20489,1130,37.45098,-122.4287,0.2786419712759495
20490,1130,37.7986,-122.2684,-0.9149544778062568
20491,1130,37.41395,-121.87085,-1.2047089351539126
20492,1130,37.6806,-121.92098,-0.1352828606270967
20493,1130,37.85835,-122.25252,0.2348431531161249
20494,1130,37.37418,-122.0781,-1.5005408980767574
20495,1130,37.6444,-118.89683,1.341770006442735
20496,1130,38.30988,-122.943,1.0494497707382398
20497,1130,38.33656,-122.81082,1.126772896597276
20498,1130,38.04248,-122.79684,0.8899051421474448
20499,1130,38.38921,-122.66297,-1.2644188943771832
16082,1131,33.63838,-116.4011,1.742685287714718
16083,1131,32.68005,-116.67215,0.9306161758069982
16084,1131,34.2623,-116.92075,-1.3393852203492744
16085,1131,33.921,-116.981,-0.985117111417541
16086,1131,33.57508,-117.26119,1.0788496306853037
16088,1131,34.23883,-117.65853,-0.6174947624463916
16089,1131,34.069,-116.39,0.1263142358589159
16090,1131,33.268,-116.417,1.5449936327015663
16091,1131,33.38822,-117.19495,2.1898612941535163
16094,1131,33.876,-117.561,1.303343687738488
16095,1131,33.655,-115.99,-0.366613843458931
16096,1131,33.93597,-116.57794,0.2970399043139889
16097,1131,33.65,-117.009,1.389624676208639
16098,1131,33.567,-116.631,0.629366939582811
16099,1131,32.999,-116.942,0.4666121176601213
16100,1131,33.1537,-117.22921,0.8890595842462349
16101,1131,34.8294,-116.335,-0.8915787973990117
16102,1131,33.0859,-116.5959,0.2526972181418158
16103,1131,34.36622,-116.61266,0.8165605700896841
16104,1131,33.597,-117.879,-2.477724259157339
16105,1131,34.93439,-117.69629,-0.950590909145251
16106,1131,34.3656,-117.36683,-2.5774337213077985
16108,1131,33.818,-116.369,0.8419903533909203
16109,1131,34.005,-117.562,0.4386455792987855
16110,1131,33.808,-116.968,0.1064144640953368
16111,1131,34.22362,-118.05832,0.4308460520082307
16112,1131,34.78035,-116.55798,-0.1076687340919519
16113,1131,32.608,-116.93,0.6025405597004673
16114,1131,34.6145,-118.7235,-2.389128739850781
16115,1131,34.1207,-117.63808,-1.6072213974456413
16116,1131,33.862,-117.205,0.0782446140024278
16117,1131,33.82436,-116.51195,0.3374677892553903
16118,1131,33.354,-116.863,1.3103505204598946
16119,1131,33.74346,-118.40412,-0.2407472299181175
16120,1131,34.87533,-116.99684,-0.6667821424207001
16121,1131,33.973,-117.327,0.9441161139327924
16122,1131,33.97327,-117.32674,0.6033027654855582
16123,1131,34.05073,-118.08085,0.025969368312528
16124,1131,33.99351,-117.37545,0.2081882519652672
16125,1131,33.2801,-115.98585,-0.1954651226425059
16126,1131,34.232,-117.235,-1.0863387788673229
16127,1131,33.553,-117.662,-1.982726172130092
16128,1131,32.784,-117.13805,0.3790378469331443
16130,1131,33.834,-116.797,1.7188697268081548
16131,1131,34.05933,-118.64614,-1.6449813439343408
16132,1131,33.664,-117.769,-1.5727118199439774
16133,1131,34.106,-117.098,0.0923346831097418
16134,1131,34.38203,-117.67822,-0.9816455712424632
16135,1131,34.48364,-118.11783,0.0903129464492893
16136,1131,34.56065,-117.3296,1.2876843255855532
16137,1132,33.787,-118.356,-0.5761254245270933
16138,1132,34.084,-118.6,-1.2297334409345309
16139,1132,33.943,-118.411,0.495423067946194
16140,1132,34.155,-118.641,-1.2575952277842626
16141,1132,34.14647,-118.76699,-0.3211073013875753
16142,1132,34.68708,-118.29946,-0.8475504698065631
16143,1132,35.1269,-118.83009,-0.8482660604840011
16144,1132,34.2623,-116.92075,0.4702681256742438
16145,1132,33.80776,-117.98116,-0.1920075162335109
16146,1132,33.38822,-117.19495,1.1327983123955618
16148,1132,33.4019,-118.41502,1.4498348262405547
16149,1132,34.25353,-118.33383,-0.9102087391599988
16150,1132,33.65,-117.009,0.4789309894714624
16151,1132,34.10618,-118.45505,-0.0521674137113698
16153,1132,33.71264,-118.29381,-1.553628727325378
16154,1132,33.1537,-117.22921,0.1947036381022617
16155,1132,34.13677,-118.1283,-0.653692631280954
16156,1132,33.86889,-118.33143,-0.933115742889666
16157,1132,34.00033,-118.37794,0.1150629647288631
16158,1132,34.9906,-118.34156,0.0571489738761943
16159,1132,34.30529,-118.48805,-0.2827084689194554
16160,1132,33.9753,-118.14918,-0.8640562527354947
16161,1132,34.10819,-119.06587,-0.5584036143027374
16162,1132,34.80762,-118.86775,0.2299093080479442
16163,1132,33.684,-117.943,1.1747949567779252
16164,1132,34.93439,-117.69629,-0.1195004466496377
16165,1132,34.3656,-117.36683,0.0294889136613829
16166,1132,34.22362,-118.05832,0.664880016967964
16167,1132,34.53412,-120.17737,-0.5923409799775106
16168,1132,34.22869,-118.55829,-0.0623016016332994
16169,1132,33.94539,-117.92372,0.1226569794697599
16170,1132,34.6145,-118.7235,-2.676704401021796
16171,1132,34.1484,-118.1711,-2.46389303572928
16172,1132,34.44199,-118.58215,-0.2895860214214266
16173,1132,33.96273,-118.43702,1.3996533043390866
16174,1132,34.1207,-117.63808,-0.2374329556848315
16175,1132,34.281,-118.478,1.620441935584827
16176,1132,33.74346,-118.40412,-0.0622880109755014
16177,1132,34.87533,-116.99684,0.5553606019069695
16178,1132,33.97327,-117.32674,1.5466603095046645
16179,1132,34.05073,-118.08085,1.2484243039720728
16180,1132,33.99351,-117.37545,0.5008611189954252
16183,1132,32.915,-118.4879,2.3138083544279686
16184,1132,33.99543,-119.6351,1.7642213918763203
16185,1132,33.553,-117.662,0.8221186440580435
16187,1132,34.43692,-119.1375,-2.482668483295511
16188,1132,34.01438,-118.45617,0.818727014923167
16189,1132,34.27091,-118.74407,-2.1267932013209148
16190,1132,33.24787,-119.52437,0.0962717601064732
16191,1132,34.05933,-118.64614,-0.9308870185514714
16192,1132,33.829,-117.789,-0.1050871405872027
16193,1132,34.30302,-119.18676,-0.1373162890757452
16194,1132,33.664,-117.769,0.2484952338899818
16195,1132,33.79033,-118.19878,0.0969044086305122
16196,1132,34.106,-117.098,1.158534785818814
16197,1132,34.38203,-117.67822,0.7004726400097412
16198,1132,34.15607,-118.82039,-0.9120160575757132
16199,1132,34.01919,-118.28631,-0.6985723867122556
16200,1132,34.48364,-118.11783,0.5778043864310234
16201,1132,34.56065,-117.3296,1.4983972237025227
16202,1132,34.51085,-119.27407,-0.3808574136410979
16203,1132,34.00948,-117.95077,-0.5178888396518134
16204,1132,34.1717,-118.64971,0.4743131959106119
16238,1134,33.1774,-115.616,-3.846528811903602
16239,1134,34.04905,-116.94032,-2.7823693294594865
16240,1134,32.68005,-116.67215,0.1563552923484228
16241,1134,34.2623,-116.92075,0.1077387407076416
16242,1134,33.921,-116.981,-0.2117483961018921
16245,1134,34.069,-116.39,-0.4715844861179513
16246,1134,33.268,-116.417,1.9872959415991789
16248,1134,33.999,-117.68,-0.9338027646042456
16249,1134,33.655,-115.99,-0.0691524888388796
16250,1134,34.63745,-115.38115,-0.427119424454954
16251,1134,34.25353,-118.33383,-0.3863021767710337
16252,1134,33.93597,-116.57794,-0.3081099516682216
16253,1134,33.65,-117.009,0.817567547834489
16254,1134,33.567,-116.631,0.0494216440933645
16255,1134,32.999,-116.942,2.9010087582961344
16256,1134,32.65915,-116.10061,0.7707941657152498
16259,1134,33.11675,-115.82267,0.1497938526987067
16260,1134,33.71264,-118.29381,-1.843141487269618
16261,1134,33.051,-114.827,-1.66623676874815
16263,1134,33.1537,-117.22921,1.2456987836218445
16264,1134,34.8294,-116.335,-1.845756630032813
16266,1134,34.36622,-116.61266,0.6120021236976049
16267,1134,34.9906,-118.34156,0.2654321222096468
16268,1134,33.684,-117.943,0.9624491047485968
16269,1134,34.3656,-117.36683,-1.1703635120401592
16271,1134,33.808,-116.968,1.263024964736659
16272,1134,33.6,-117.195,1.7537877618103592
16273,1134,34.22362,-118.05832,0.2292048512886494
16274,1134,34.76759,-114.61881,1.609520118173475
16275,1134,33.556,-115.946,0.7092194583994259
16276,1134,33.94539,-117.92372,0.5710707047716456
16277,1134,32.608,-116.93,1.2991832942769028
16278,1134,34.1207,-117.63808,0.1662862544086262
16279,1134,33.862,-117.205,0.004734319287947
16281,1134,33.354,-116.863,0.0986858390756202
16282,1134,33.7953,-117.60906,-0.5577477186758932
16284,1134,33.824,-116.55,0.3057007354840209
16285,1134,34.09181,-117.80709,-1.5917712524664205
16286,1134,33.63,-116.8478,1.6751383265923967
16287,1134,33.74346,-118.40412,0.2617024850121065
16288,1134,33.97327,-117.32674,0.6228447724356965
16289,1134,33.99351,-117.37545,0.0184996688888831
16290,1134,33.183,-115.623,-2.100332841956568
16291,1134,33.2801,-115.98585,0.3465513807297385
16293,1134,34.232,-117.235,-0.0150159185145999
16294,1134,33.553,-117.662,-0.3211389359274032
16295,1134,32.784,-117.13805,0.4536129359274359
16297,1134,32.9333,-115.7039,-1.1858920290376782
16298,1134,32.944,-115.718,-1.219009327942945
16299,1134,33.834,-116.797,0.7196962333180137
16300,1134,34.05933,-118.64614,-1.463621734019719
16301,1134,33.829,-117.789,-0.3451785252252464
16302,1134,33.664,-117.769,0.4205012143556795
16303,1134,34.106,-117.098,0.3921759046223477
16304,1134,32.94508,-115.79988,-0.4503437234451136
16305,1134,34.38203,-117.67822,0.2752666959821571
16307,1134,34.48364,-118.11783,0.6056502837252119
16308,1134,34.56065,-117.3296,1.518348013578417
16309,1134,32.75904,-115.73161,0.5035478551479293
16310,1134,34.00948,-117.95077,-0.0404070747077573
16311,1135,34.3968,-119.299,-0.6341152654637301
16312,1135,34.68708,-118.29946,0.0019970190443576
16313,1135,35.1269,-118.83009,-1.8826267106596863
16314,1135,34.2623,-116.92075,0.35661576607389
16315,1135,34.23883,-117.65853,-0.0717904437342408
16316,1135,34.68224,-118.57398,1.6991461032254582
16317,1135,33.38822,-117.19495,1.2496247032154473
16318,1135,35.30819,-119.84583,-0.7678563020895534
16319,1135,36.5504,-117.80295,0.916495498168516
16321,1135,33.4019,-118.41502,-0.4431551786116164
16322,1135,36.43988,-118.08016,2.6284547576540054
16323,1135,34.25353,-118.33383,-0.6179086017939789
16324,1135,33.65,-117.009,0.1710921851977757
16325,1135,34.10618,-118.45505,-0.5858418798820837
16326,1135,33.567,-116.631,1.1423335566175956
16328,1135,34.72832,-119.98803,-2.4807142903548627
16329,1135,33.71264,-118.29381,-1.1732188116291573
16330,1135,33.1537,-117.22921,0.3001246216999771
16331,1135,35.66278,-118.47403,0.5135642958953488
16332,1135,33.86889,-118.33143,1.2836371669800053
16333,1135,34.73551,-120.27996,0.1561574242170398
16334,1135,34.9906,-118.34156,0.4540150195174062
16335,1135,34.30529,-118.48805,0.4663050962158201
16336,1135,34.10819,-119.06587,-0.9160736758854208
16337,1135,34.80762,-118.86775,-0.0888824144114481
16338,1135,34.93439,-117.69629,-0.3358815966429407
16339,1135,34.3656,-117.36683,-0.7430383486865418
16340,1135,34.005,-117.562,1.5752987411294068
16341,1135,34.28085,-118.9049,-0.9346587694396272
16342,1135,34.81258,-119.1453,0.1621850353947073
16343,1135,34.88848,-119.81362,-0.3329570255183785
16344,1135,33.6,-117.195,3.0510919286460885
16345,1135,34.53412,-120.17737,-0.5197929039568882
16346,1135,33.94539,-117.92372,0.4424623584392262
16347,1135,34.6145,-118.7235,0.3486943785047085
16348,1135,34.44199,-118.58215,-0.8994150337928434
16349,1135,34.1207,-117.63808,0.1613493835117462
16350,1135,35.40773,-120.54556,1.3233499511186702
16351,1135,35.945,-120.542,-1.461237218169376
16352,1135,34.09181,-117.80709,0.249565901823994
16353,1135,34.39558,-118.49837,-0.6623629246723591
16354,1135,36.30523,-119.24384,0.9248239489010108
16355,1135,34.281,-118.478,0.6545186280920493
16356,1135,34.10473,-117.97956,0.2900054731739944
16357,1135,33.74346,-118.40412,1.700128622383835
16358,1135,34.05073,-118.08085,0.2376154686003506
16359,1135,33.99351,-117.37545,-0.0543589839019511
16361,1135,34.44076,-119.71492,-1.1414897035275702
16362,1135,33.99543,-119.6351,-0.0083535098889304
16363,1135,34.43692,-119.1375,-1.193897376176573
16364,1135,34.293,-119.1646,-1.6206163351193597
16365,1135,35.3142,-119.99581,-0.8479435527931994
16366,1135,34.05933,-118.64614,-0.3715453755776121
16368,1135,33.829,-117.789,-0.0484267698732102
16369,1135,34.30302,-119.18676,-0.1280407558472229
16370,1135,34.106,-117.098,0.8837055661601253
16371,1135,34.52775,-119.97834,-1.5951607601823354
16372,1135,34.38203,-117.67822,0.0492770572909355
16374,1135,35.14592,-119.41946,-0.9963556494750954
16375,1135,34.48364,-118.11783,0.187647707715739
16376,1135,35.84089,-119.08469,-0.709358101795297
16377,1135,35.53664,-118.14035,-0.7069707384071673
16378,1135,34.51085,-119.27407,-1.2047308717090623
16379,1135,34.00948,-117.95077,0.5141605171558644
16380,1135,34.1717,-118.64971,0.2411248270871739
16397,1137,37.27117,-121.98617,-1.200350302193916
16398,1137,37.67928,-122.48405,1.1067682516300883
16399,1137,38.03445,-122.27016,-0.9259239264195877
16400,1137,37.86059,-122.29327,0.2208648500868405
16401,1137,37.85835,-122.25252,0.8935499468634567
16402,1137,37.87622,-122.23558,-0.6860827273547512
16403,1137,37.91881,-122.15176,3.2230971742364245
16404,1137,37.87352,-122.26099,-0.2181854321642844
16405,1137,37.16346,-121.62645,0.0419436717006835
16406,1137,37.85727,-122.42266,1.1513036674927664
16407,1137,37.45035,-121.80037,-1.7619432178292946
16408,1137,37.74766,-121.70843,0.767800109422864
16409,1137,37.7294,-121.83346,0.7104100660532509
16410,1137,37.85884,-121.99264,-0.1717455244893827
16411,1137,37.91233,-121.90716,0.8105718608078407
16412,1137,38.02691,-122.01599,-0.9733017555309604
16413,1137,37.17217,-122.01121,1.9875662183256224
16414,1137,37.51604,-122.45815,0.9476423378715404
16415,1137,37.21427,-122.17168,-0.0362552670821942
16416,1137,37.20631,-121.97726,0.3726152131884436
16417,1137,37.63719,-122.47482,-0.3131765581784821
16418,1137,37.2708,-122.21276,0.0036802037810347
16419,1137,37.19855,-122.34671,0.9741013779098084
16420,1137,37.40372,-122.17596,-1.5878622645547804
16421,1137,37.58644,-122.50217,0.913180857229543
16422,1137,38.30988,-122.943,1.8255070858646807
16423,1137,38.33656,-122.81082,0.9966003300906124
16424,1137,38.28043,-122.21582,-1.1125163250494907
16425,1137,38.16488,-122.71296,0.1214899430715686
16426,1137,38.6694,-122.6332,-0.3671982631825002
16427,1137,38.07601,-122.2585,-0.0506560391288039
20400,1137,38.03455,-120.38651,-1.5993719651443852
20401,1137,37.69782,-123.0011,0.605925927193008
20402,1137,38.99349,-123.07234,-3.77961050397454
20403,1137,37.34164,-121.64257,-1.4336912058770142
20404,1137,38.87874,-122.44277,-1.707539689813526
20405,1137,37.008,-121.287,-0.2186837357648831
20406,1137,37.91608,-122.33607,-0.9449709588753332
20407,1137,36.76403,-121.44722,-2.381807898514092
20408,1137,37.81647,-122.06302,-0.8953667669897872
20409,1137,37.94906,-122.40851,0.61704863032427
20410,1137,37.72416,-122.11929,0.1853532783353977
20411,1137,37.80787,-122.3618,3.112942243376653
20412,1137,37.12043,-122.1552,-0.2128508066363842
20413,1137,37.51704,-122.37731,-0.6749475906282618
20414,1137,37.67433,-122.39855,-0.06928148821331
20415,1137,37.16067,-121.89899,2.03758050717682
20416,1137,38.12282,-122.14921,0.2133188147187945
20417,1137,37.76021,-122.41524,0.7884018970497811
20418,1137,37.77737,-122.39689,0.5387712669784842
20419,1137,37.75094,-122.49072,-0.3983946547314943
20420,1137,37.76386,-122.4736,0.299946491132003
20421,1137,37.762,-122.505,0.161759683386748
20422,1137,37.54187,-122.30471,-0.9061507339023702
20423,1137,37.74664,-122.38679,-0.1346974361275743
20424,1137,37.376,-121.84367,-1.5396441150106464
20425,1137,37.45098,-122.4287,0.0933120210070093
20426,1137,37.59268,-122.07449,0.5355921976928544
20427,1137,37.71737,-121.72701,-1.4740851852347037
20428,1137,37.91056,-122.53778,1.0506943097537755
20429,1137,37.88767,-122.29916,0.2736407743204254
20430,1137,37.74484,-122.40134,-0.5731929263309687
20431,1137,37.77934,-122.486,-0.3328357516545519
20432,1137,37.81076,-122.29252,-0.8487675848562728
20433,1137,37.8251,-122.27606,-0.2874581007077524
20434,1137,37.7986,-122.2684,-0.7736257148085114
20435,1137,37.41395,-121.87085,-0.9006152961195799
20436,1137,37.6806,-121.92098,-0.6251638480217582
20437,1137,37.34305,-122.33976,0.9270081154543588
20438,1137,37.15432,-121.73467,0.8199606190780315
20439,1137,37.58225,-122.42006,0.0153472838981623
20440,1137,37.28397,-122.05017,-1.2324698032966417
20441,1137,37.65909,-118.97907,2.102959790769116
20442,1137,38.43951,-122.25272,-0.5645650533696973
20443,1137,38.46769,-122.89651,-0.3652032844796581
20444,1137,38.15486,-121.80438,-0.1389157634526666
20445,1137,38.04248,-122.79684,1.400994669228566
16428,1138,37.75094,-122.49072,-0.4431442520729484
16429,1138,37.54187,-122.30471,-0.4952346246694739
16430,1138,37.30143,-121.9039,-1.3111554592009138
16431,1138,37.68,-121.739,-1.2330037717244446
16432,1138,37.34655,-121.80774,-1.0212984200384176
16433,1138,37.27117,-121.98617,-0.8550324193914807
16434,1138,37.67928,-122.48405,1.0589238611473992
16435,1138,37.91056,-122.53778,1.651679629560299
16436,1138,38.03445,-122.27016,0.1788690455056453
16437,1138,37.71633,-122.43117,0.5550909970860692
16438,1138,37.7986,-122.2684,1.10650571979847
16439,1138,37.6806,-121.92098,-0.1997597447497815
16440,1138,37.86059,-122.29327,-0.847239935035646
16441,1138,37.85835,-122.25252,0.1782799718333225
16442,1138,37.68873,-121.78351,0.4119955259660856
16443,1138,37.72688,-122.15092,-0.6493763341481653
16444,1138,37.8852,-122.03217,0.6691659290176843
16445,1138,37.94215,-121.93047,0.57826971164397
16446,1138,38.01299,-122.13416,1.8709039385918849
16447,1138,37.66666,-121.85715,-0.3589017688852404
16448,1138,37.95397,-121.86554,-0.96135548437541
16449,1138,37.91881,-122.15176,-0.1574080647933428
16450,1138,37.87352,-122.26099,-0.8336191166098729
16451,1138,37.16346,-121.62645,0.4213870664157056
16452,1138,37.85727,-122.42266,0.9982162223343256
16453,1138,37.45035,-121.80037,-1.465297045382929
16454,1138,37.74766,-121.70843,1.3480534788178775
16455,1138,37.7294,-121.83346,0.7929442439211322
16456,1138,37.73786,-122.06486,0.7285028617358602
16457,1138,37.81041,-121.80272,0.5830759329926809
16458,1138,37.9889,-122.2156,2.23641749947425
16459,1138,37.94906,-122.40851,0.1879490359808649
16460,1138,37.85884,-121.99264,1.936008179331792
16461,1138,37.91233,-121.90716,0.911348334613156
16462,1138,38.02691,-122.01599,-0.4709496766675084
16463,1138,37.62359,-121.83641,0.4750773612641437
16464,1138,38.34526,-122.4584,-0.4114568303444123
16465,1138,37.80787,-122.3618,-0.3821222291016001
16466,1138,37.69782,-123.0011,0.4130423725299401
16467,1138,36.3887,-121.5514,-0.3607364667980473
16468,1138,37.34305,-122.33976,1.1935326704177347
16469,1138,37.31861,-122.15314,-1.6577014823796803
16470,1138,37.17217,-122.01121,2.131645770247124
16471,1138,37.36045,-122.18986,-1.1251790376444688
16472,1138,37.51604,-122.45815,1.6203139736245251
16473,1138,37.21427,-122.17168,0.6272007128466259
16474,1138,37.20631,-121.97726,0.1988776440980444
16475,1138,37.15432,-121.73467,1.4323364923096251
16476,1138,37.63719,-122.47482,0.6830817556754323
16477,1138,37.2708,-122.21276,-0.4545268952464315
16478,1138,37.79499,-122.4746,-0.4635803375948794
16479,1138,37.19855,-122.34671,0.5785025093759254
16480,1138,37.58225,-122.42006,2.7162157345839466
16481,1138,37.40372,-122.17596,-1.5368328386226355
16482,1138,37.58644,-122.50217,0.6255081538064392
16483,1138,37.16067,-121.89899,0.7939424952195594
16484,1138,38.14478,-122.88018,-0.3224502393767377
16485,1138,37.34164,-121.64257,-1.5304632026642846
16486,1138,38.87874,-122.44277,-1.968308263367132
16487,1138,38.43951,-122.25272,-0.0560921923000573
16488,1138,37.92144,-122.71806,0.4808724841315353
16489,1138,38.26021,-122.55179,-1.100571758247146
16490,1138,38.00198,-122.47466,-0.3297209399205152
16491,1138,38.30988,-122.943,1.8496154149973
16492,1138,38.33656,-122.81082,2.0559166018648507
16493,1138,38.46769,-122.89651,0.170547060306662
16494,1138,38.28043,-122.21582,-0.088499696330481
16495,1138,38.04962,-122.52331,0.5790021662451205
16496,1138,38.16488,-122.71296,0.3693972956790513
16497,1138,38.12282,-122.14921,0.4671016561735365
16498,1138,38.07601,-122.2585,0.7845748407928298
16499,1138,38.04248,-122.79684,1.4888960353511578
16500,1138,37.99642,-123.01949,0.7500274667401337
16501,1138,37.92371,-122.59649,0.4314153889983863
16502,1138,38.14361,-122.44969,-0.8635270155517881
16503,1138,38.24039,-122.79842,0.0573697052741411
16504,1138,38.38921,-122.66297,-0.1275880449503308
16505,1138,37.91608,-122.33607,0.3973702039807174
16506,1138,37.28744,-121.86422,-0.0391301097171943
16507,1138,37.62211,-121.75697,-1.0394101468204369
21368,1138,38.03455,-120.38651,-1.625702746499225
21369,1138,36.68011,-119.02282,0.6890423565797288
21370,1138,38.99349,-123.07234,-3.77609080921426
21371,1138,39.55451,-121.50036,-0.2695400140493759
21372,1138,37.008,-121.287,-0.1629369269278366
21373,1138,35.945,-120.542,-1.8637276148687345
21374,1138,37.81647,-122.06302,0.6077174345659712
21375,1138,37.72416,-122.11929,0.1296426222359188
21376,1138,37.51704,-122.37731,-1.381076052882994
21377,1138,37.67433,-122.39855,0.3341225868963824
21378,1138,38.233,-122.636,1.3056388072455487
21379,1138,37.76021,-122.41524,0.3840186028670804
21380,1138,37.76386,-122.4736,0.7773879962094437
21381,1138,37.762,-122.505,-0.0058632481641633
21382,1138,37.4748,-122.2392,0.0263470795657353
21383,1138,37.26352,-121.91617,-1.576412971751609
21384,1138,37.31816,-121.94354,-0.8427143453744883
21385,1138,37.59094,-122.36741,0.1732105670616809
21386,1138,37.74664,-122.38679,-0.6065867308421581
21387,1138,37.376,-121.84367,-1.846784464729179
21388,1138,37.59268,-122.07449,-1.109921819838719
21389,1138,37.71737,-121.72701,-1.0311244727400009
21390,1138,37.74484,-122.40134,-0.8076966363984343
21391,1138,37.81076,-122.29252,-0.4544638688520506
21392,1138,37.8251,-122.27606,-1.0808417297368162
21393,1138,37.41395,-121.87085,-1.2934959952820348
21394,1138,38.29027,-122.46125,-0.6683240471462248
21395,1138,37.37289,-121.76887,-1.7513499758004245
21396,1138,37.12043,-122.1552,0.9117177626303504
21397,1138,38.15486,-121.80438,-1.5601425564313922
21398,1138,38.20025,-122.4644,-0.2759424989271216
16508,1139,34.68708,-118.29946,-1.9595619489672715
16509,1139,35.1269,-118.83009,-2.080011462440096
16510,1139,33.921,-116.981,-1.26066390885213
16512,1139,33.268,-116.417,0.9722780709366676
16513,1139,34.68224,-118.57398,-0.272890936729226
16514,1139,33.38822,-117.19495,2.95805807627177
16515,1139,35.52495,-117.36453,0.8440026614459789
16517,1139,33.999,-117.68,-0.5382359546858183
16518,1139,33.4019,-118.41502,0.9990542234902228
16519,1139,34.093,-117.317,0.723609221301347
16520,1139,33.876,-117.561,1.76129870285816
16521,1139,33.655,-115.99,-0.7310015955504661
16522,1139,34.25353,-118.33383,-0.1205635380368492
16523,1139,33.65,-117.009,2.4751213586697696
16524,1139,34.10618,-118.45505,-1.9584911319074951
16525,1139,33.567,-116.631,0.1437469742185886
16526,1139,32.999,-116.942,1.7790095899099525
16529,1139,33.71264,-118.29381,-2.4481614618883647
16530,1139,34.1,-117.439,1.3481890248374038
16531,1139,33.1537,-117.22921,0.9280574487425512
16532,1139,35.30177,-116.80574,-0.4652360612518189
16533,1139,34.8294,-116.335,-0.1917237435925686
16534,1139,33.0859,-116.5959,0.3549939558579229
16535,1139,34.36622,-116.61266,0.0926984588733591
16536,1139,34.9906,-118.34156,-0.7396508279406699
16537,1139,34.80762,-118.86775,-0.6947827093941791
16538,1139,33.684,-117.943,-0.6642264488612243
16539,1139,35.47954,-117.68212,0.535222940338725
16540,1139,34.3656,-117.36683,-1.4902714178065095
16541,1139,34.005,-117.562,0.7769284109014555
16542,1139,33.6,-117.195,1.916573569126573
16543,1139,34.22362,-118.05832,1.220125664603844
16544,1139,33.94539,-117.92372,0.6016213916288691
16545,1139,34.1484,-118.1711,-2.2464714540324984
16546,1139,34.1207,-117.63808,-0.6025366853262205
16547,1139,33.862,-117.205,0.4618599643955725
16549,1139,33.354,-116.863,-0.1286493440136876
16550,1139,33.7953,-117.60906,-0.7897071031819177
16551,1139,34.09181,-117.80709,-1.7576542158899775
16552,1139,33.63,-116.8478,2.0293204054761955
16553,1139,33.74346,-118.40412,-0.1638933248310934
16554,1139,34.87533,-116.99684,-0.5078316663479252
16555,1139,33.973,-117.327,1.861884349146796
16556,1139,33.97327,-117.32674,1.0102080603911332
16557,1139,33.99351,-117.37545,1.6081237164190312
16559,1139,33.553,-117.662,-1.6325130768157845
16561,1139,35.89095,-117.28332,0.2203263624322473
16562,1139,33.834,-116.797,0.4254076170384852
16563,1139,33.829,-117.789,-1.2491260435078968
16564,1139,33.664,-117.769,-0.3502569841228063
16565,1139,34.38203,-117.67822,-0.3834188111221989
16567,1139,34.48364,-118.11783,-0.3728262043298371
16568,1140,34.224,-117.331,-1.093035401954231
16569,1140,34.037,-118.178,0.8048573115422252
16570,1140,34.04905,-116.94032,-3.950741369946535
16571,1140,34.55046,-117.43391,-0.1362702617102297
16572,1140,34.68708,-118.29946,0.4238078514434946
16573,1140,35.1269,-118.83009,-0.2609260134286965
16574,1140,32.68005,-116.67215,3.2118495997117305
16575,1140,34.2623,-116.92075,-1.361656893291562
16576,1140,33.921,-116.981,-1.430712798868444
16578,1140,34.23883,-117.65853,0.0045905052194253
16579,1140,34.069,-116.39,-0.6577086179487358
16580,1140,33.268,-116.417,0.538973237125512
16581,1140,33.80776,-117.98116,0.0963742499332313
16582,1140,34.68224,-118.57398,1.639780630810629
16583,1140,33.38822,-117.19495,3.0569593690580983
16584,1140,35.52495,-117.36453,-0.546332253314894
16586,1140,33.999,-117.68,0.2526998709543958
16587,1140,33.4019,-118.41502,0.801738985726664
16589,1140,34.093,-117.317,0.2969957051429673
16590,1140,33.876,-117.561,1.797489007734138
16591,1140,34.25353,-118.33383,0.0635560992792583
16592,1140,33.93597,-116.57794,-0.456991167253878
16593,1140,33.65,-117.009,1.858771975331443
16594,1140,34.10618,-118.45505,-1.8388746778757683
16595,1140,33.567,-116.631,0.2471505127645559
16596,1140,32.999,-116.942,2.6562966728587387
16597,1140,32.65915,-116.10061,0.3903919282967722
16600,1140,33.71264,-118.29381,-2.572081346684111
16601,1140,34.1,-117.439,0.2882198566101119
16602,1140,33.8717,-117.92251,-0.1440700974030895
16603,1140,33.1537,-117.22921,1.3823287461312128
16604,1140,35.66278,-118.47403,-0.3909957513314673
16605,1140,33.0859,-116.5959,0.3093411455603449
16606,1140,34.36622,-116.61266,0.5560891511931284
16607,1140,33.7141,-116.7119,0.7587410543584845
16608,1140,33.798,-118.08837,0.2844332075102759
16609,1140,35.13066,-115.18416,-0.4071445502848382
16610,1140,33.9753,-118.14918,-0.4405117269952224
16611,1140,34.80762,-118.86775,-0.3793253162115488
16612,1140,33.684,-117.943,-0.2031496362666055
16613,1140,34.93439,-117.69629,-3.688735741784357
16614,1140,35.47954,-117.68212,0.2451917889493911
16615,1140,34.3656,-117.36683,-1.353878431287758
16616,1140,33.3516,-116.5615,-1.319702187960516
16618,1140,33.818,-116.369,0.5082361146304505
16619,1140,34.005,-117.562,-0.4109511992167204
16620,1140,33.808,-116.968,1.4640580907253224
16621,1140,33.6,-117.195,1.2192470590541369
16622,1140,34.22362,-118.05832,0.8796073504310064
16623,1140,33.94539,-117.92372,0.2081112132634621
16624,1140,32.608,-116.93,1.8003492369963354
16625,1140,34.1484,-118.1711,-2.2230793641099265
16626,1140,34.1207,-117.63808,-0.0846112310341569
16627,1140,33.862,-117.205,1.2305874106032042
16629,1140,33.354,-116.863,-0.4951128661909975
16630,1140,33.7953,-117.60906,-0.537178727086766
16632,1140,33.824,-116.55,0.1411047179009104
16633,1140,34.09181,-117.80709,-0.7289886807224046
16634,1140,33.63,-116.8478,1.9035064314271577
16635,1140,34.281,-118.478,2.179815808130213
16636,1140,33.74346,-118.40412,-0.3158716904709577
16637,1140,34.87533,-116.99684,-0.1818824615089722
16638,1140,34.05073,-118.08085,-0.0132691257831057
16639,1140,33.99351,-117.37545,1.3380596344662274
16641,1140,34.232,-117.235,-0.4754659332700846
16642,1140,32.915,-118.4879,0.3229679838997223
16643,1140,33.553,-117.662,-2.179592359705829
16645,1140,33.834,-116.797,0.0813913226228821
16646,1140,34.01438,-118.45617,0.1633053388120685
16647,1140,32.841,-117.248,-1.112106139900676
16648,1140,34.05933,-118.64614,-1.1452051169426432
16650,1140,33.829,-117.789,-0.3870497307330358
16651,1140,34.30302,-119.18676,0.4484711187249787
16652,1140,33.664,-117.769,-1.7492147932280442
16653,1140,34.106,-117.098,-0.1855137726759642
16654,1140,34.38203,-117.67822,-0.1194292990495466
16656,1140,34.15607,-118.82039,-0.8888335064870266
16658,1140,34.48364,-118.11783,0.8206224503142294
16659,1140,35.53664,-118.14035,0.7234955768604165
16660,1140,34.00948,-117.95077,-0.8012402507836918
16806,1145,34.55046,-117.43391,-0.3361122067574115
16807,1145,33.63838,-116.4011,0.9272870188913244
16808,1145,32.68005,-116.67215,0.7950337156148919
16809,1145,34.2623,-116.92075,-1.1867715057142227
16810,1145,33.921,-116.981,-0.3226967253398546
16812,1145,34.23883,-117.65853,-1.0040980774278536
16813,1145,34.069,-116.39,0.8194911560679029
16814,1145,33.268,-116.417,1.056329143563897
16815,1145,33.38822,-117.19495,1.9721381904513948
16817,1145,33.655,-115.99,0.4500409537889063
16818,1145,33.93597,-116.57794,0.622242362170127
16819,1145,33.65,-117.009,0.9777525618586548
16820,1145,33.567,-116.631,0.6597384088481436
16822,1145,33.1537,-117.22921,1.4934822128903629
16823,1145,35.30177,-116.80574,-1.0139201239398223
16824,1145,34.8294,-116.335,-0.4364573265643099
16826,1145,34.9906,-118.34156,0.9087004072675814
16827,1145,34.93439,-117.69629,-0.0508211478536234
16828,1145,35.47954,-117.68212,0.2824831039726416
16829,1145,34.3656,-117.36683,-1.224181740033575
16831,1145,34.22362,-118.05832,-0.1874655496838038
16832,1145,34.78035,-116.55798,1.3999362809863385
16833,1145,33.94539,-117.92372,-0.6377236190817058
16834,1145,34.6145,-118.7235,-1.745098049911331
16835,1145,34.1484,-118.1711,-1.9470324553345448
16836,1145,34.1207,-117.63808,-1.9899078452816088
16837,1145,33.862,-117.205,0.7980897947430131
16839,1145,33.354,-116.863,0.6088550668052024
16840,1145,33.7953,-117.60906,-0.9724503502213128
16841,1145,33.63,-116.8478,0.8940553785520277
16842,1145,34.87533,-116.99684,-1.5973240561950215
16843,1145,33.97327,-117.32674,0.8323836805241113
16844,1145,33.99351,-117.37545,-0.2501590015607635
16845,1145,33.2801,-115.98585,1.4227357742180795
16846,1145,34.232,-117.235,-0.9132577022814976
16847,1145,33.553,-117.662,-1.29989043917334
16849,1145,35.89095,-117.28332,0.272402913700358
16850,1145,33.834,-116.797,1.540431657560048
16851,1145,33.829,-117.789,-0.9532252765221394
16852,1145,32.94508,-115.79988,1.1797503708657098
16853,1145,34.38203,-117.67822,-0.4189203216462679
16856,1145,35.53664,-118.14035,0.5678751582473769
16857,1146,34.04905,-116.94032,-4.553178512935455
16858,1146,34.55046,-117.43391,-0.3105167558035144
16859,1146,34.68708,-118.29946,-1.1094682096371895
16860,1146,35.1269,-118.83009,-0.7627389500695345
16861,1146,32.68005,-116.67215,2.799950541693811
16862,1146,34.2623,-116.92075,-0.0857441699149806
16864,1146,34.069,-116.39,-0.3727566268192879
16865,1146,34.68224,-118.57398,0.5538751835910426
16866,1146,33.38822,-117.19495,1.7925395287843473
16868,1146,33.999,-117.68,-1.942507611163956
16869,1146,33.4019,-118.41502,1.3437047862686586
16871,1146,34.25353,-118.33383,-0.9884767273738084
16872,1146,33.65,-117.009,2.160408342296176
16873,1146,34.10618,-118.45505,-1.6895034620639264
16874,1146,33.567,-116.631,1.3840331477078034
16877,1146,33.71264,-118.29381,-0.8066596331196118
16878,1146,33.1537,-117.22921,0.861638612597824
16879,1146,35.30177,-116.80574,-0.8464305224245015
16880,1146,34.8294,-116.335,0.447172196957693
16882,1146,35.66278,-118.47403,-1.5949769721862723
16883,1146,34.36622,-116.61266,0.6509274096833109
16884,1146,35.13066,-115.18416,0.351712963865653
16885,1146,34.9906,-118.34156,0.9794079867696224
16886,1146,34.80762,-118.86775,-0.1171513617994024
16887,1146,34.93439,-117.69629,-2.951954232703124
16888,1146,35.47954,-117.68212,0.5247312865194913
16889,1146,34.3656,-117.36683,-0.1229296529850265
16891,1146,34.005,-117.562,0.2625771116557648
16892,1146,33.808,-116.968,0.4913296368504283
16893,1146,33.6,-117.195,2.0184264176579574
16894,1146,34.22362,-118.05832,1.122685785739218
16895,1146,34.78035,-116.55798,1.299276973399099
16896,1146,33.94539,-117.92372,0.9843231146220964
16897,1146,34.6145,-118.7235,-1.7236441812737715
16898,1146,34.1207,-117.63808,-1.1390671238094894
16899,1146,33.862,-117.205,0.161900279125447
16901,1146,33.354,-116.863,0.4918565225791728
16902,1146,33.7953,-117.60906,-1.65234827995355
16904,1146,34.09181,-117.80709,-1.0696465379072622
16905,1146,33.63,-116.8478,2.0857194629140947
16906,1146,33.74346,-118.40412,1.2233055538721989
16907,1146,34.87533,-116.99684,-0.3961223091115718
16908,1146,33.97327,-117.32674,0.19486461769469
16909,1146,34.05073,-118.08085,-0.5205503139287487
16910,1146,33.99351,-117.37545,0.5418235759400628
16912,1146,34.232,-117.235,-0.6948039914118169
16914,1146,35.89095,-117.28332,0.2914279305101119
16915,1146,33.834,-116.797,0.4604202093710187
16916,1146,34.05933,-118.64614,-1.7005342269349852
16917,1146,33.829,-117.789,-0.2059370082264014
16918,1146,34.30302,-119.18676,0.5584703351173049
16919,1146,33.664,-117.769,-1.8111399416484584
16920,1146,34.106,-117.098,0.3287222485757062
16921,1146,34.38203,-117.67822,0.902340745456494
16924,1146,34.48364,-118.11783,0.7664282966762178
16925,1146,34.56065,-117.3296,0.3797706856970764
16926,1146,35.53664,-118.14035,0.0475462105752225
16927,1146,34.00948,-117.95077,1.409272933394553
17064,1151,33.63838,-116.4011,0.2904233062816542
17065,1151,32.68005,-116.67215,1.01128570868811
17066,1151,34.2623,-116.92075,-1.2936754906885586
17067,1151,33.921,-116.981,0.1633044699976717
17070,1151,34.069,-116.39,-0.5149164850007142
17072,1151,35.52495,-117.36453,1.7981648536850097
17074,1151,33.655,-115.99,-0.358302597572192
17075,1151,34.63745,-115.38115,-0.1469594113588361
17076,1151,33.93597,-116.57794,-0.7957679634495267
17077,1151,33.65,-117.009,-0.1472316805005243
17078,1151,34.10618,-118.45505,-0.5501291627385804
17079,1151,33.567,-116.631,-0.1167019912184871
17080,1151,33.051,-114.827,0.8694757886406013
17081,1151,33.1537,-117.22921,0.5636232572702841
17082,1151,35.30177,-116.80574,-0.4630899408632941
17083,1151,34.8294,-116.335,-0.8000940900310585
17085,1151,33.0859,-116.5959,-0.0546202356989214
17086,1151,34.36622,-116.61266,0.6080549043458631
17087,1151,35.13066,-115.18416,-0.6096843751608494
17088,1151,34.9906,-118.34156,1.1705845968284971
17089,1151,34.93439,-117.69629,-0.1768042460308632
17090,1151,34.3656,-117.36683,0.1852619408667444
17092,1151,33.818,-116.369,-0.5955248102679385
17093,1151,36.05799,-117.48901,-0.4260641764065572
17095,1151,34.78035,-116.55798,0.1933926094365347
17096,1151,33.94539,-117.92372,0.3937131287515651
17097,1151,34.6145,-118.7235,-1.0565556686881448
17098,1151,34.1484,-118.1711,-1.245872975920789
17099,1151,33.82436,-116.51195,-0.2979470160962005
17100,1151,34.87533,-116.99684,-0.6452394239795984
17101,1151,33.99351,-117.37545,-0.0964618435253328
17102,1151,33.553,-117.662,-0.934308404921605
17104,1151,35.89095,-117.28332,2.941150072831561
17105,1151,33.834,-116.797,0.2864685242222256
17106,1151,34.05933,-118.64614,-0.5740508658201335
17107,1151,33.664,-117.769,-0.5989647291666637
17108,1151,34.106,-117.098,0.6830835537405484
17109,1151,34.38203,-117.67822,0.6478348411709364
17111,1151,33.63495,-116.16402,-0.4189460436288653
17113,1151,34.48364,-118.11783,-0.2199900778834376
17114,1151,34.56065,-117.3296,0.6816967791432545
17115,1151,34.00948,-117.95077,3.6547730770632567
17116,1152,34.55046,-117.43391,0.5009268195960039
17117,1152,34.68708,-118.29946,0.2261409283081694
17118,1152,34.2623,-116.92075,-0.6937274919324271
17120,1152,34.23883,-117.65853,1.172288692692806
17121,1152,34.069,-116.39,-0.1023511923192239
17122,1152,33.80776,-117.98116,-0.3278068837424814
17123,1152,34.68224,-118.57398,1.3768151459757767
17125,1152,33.38822,-117.19495,2.5125628669359643
17126,1152,35.52495,-117.36453,-0.5560256677036134
17128,1152,33.999,-117.68,-1.0575726544856892
17129,1152,33.4019,-118.41502,1.24542249958967
17130,1152,33.876,-117.561,0.3437949219332776
17131,1152,33.655,-115.99,0.459095514302591
17132,1152,33.93597,-116.57794,-0.2277060575226419
17133,1152,33.65,-117.009,1.4799068687315964
17134,1152,34.10618,-118.45505,-1.8514315604002105
17135,1152,33.84822,-118.09624,0.0854577727821446
17136,1152,33.567,-116.631,1.4562949738741366
17137,1152,32.999,-116.942,1.251077155174397
17138,1152,34.88303,-117.99106,0.6018941895738924
17140,1152,33.71264,-118.29381,-3.324833872316308
17141,1152,34.1,-117.439,0.5173903466431929
17142,1152,33.8717,-117.92251,-2.0960863317639395
17143,1152,33.1537,-117.22921,1.1199212843522244
17144,1152,34.13677,-118.1283,1.0795391829617444
17145,1152,35.30177,-116.80574,-0.5707056268313648
17146,1152,34.8294,-116.335,0.150925400073158
17147,1152,34.31076,-118.49675,0.0707874269302599
17148,1152,33.0859,-116.5959,0.6484877267415535
17149,1152,34.36622,-116.61266,1.149650089644396
17150,1152,34.15037,-118.10156,-0.0892559245011588
17151,1152,33.597,-117.879,-2.6852285145654085
17152,1152,33.86889,-118.33143,-0.9143979108279878
17153,1152,34.9906,-118.34156,0.6102845789320924
17154,1152,34.30529,-118.48805,-0.2361785547466505
17155,1152,33.9753,-118.14918,-1.3258079248627472
17156,1152,34.80762,-118.86775,-0.1074670604781311
17157,1152,33.684,-117.943,-0.7240795930473749
17158,1152,34.93439,-117.69629,0.7646708148828723
17159,1152,35.47954,-117.68212,0.904660871767521
17160,1152,33.881,-118.176,-0.1204403700092175
17161,1152,34.3656,-117.36683,-1.438790213507807
17162,1152,33.3516,-116.5615,-0.7340957832290143
17164,1152,34.28085,-118.9049,-0.4515532025090301
17165,1152,34.88848,-119.81362,-1.083026654343119
17166,1152,33.808,-116.968,1.1847289522072435
17167,1152,34.22362,-118.05832,1.5621634317496975
17168,1152,33.94539,-117.92372,-0.0241845290643492
17169,1152,32.608,-116.93,2.284228056401754
17170,1152,34.6145,-118.7235,-1.3389493239383474
17171,1152,34.1484,-118.1711,-1.633057781735587
17172,1152,34.44199,-118.58215,-1.2989169983775228
17173,1152,33.96273,-118.43702,-1.3534439494710468
17174,1152,34.1207,-117.63808,0.1473741592764411
17175,1152,33.862,-117.205,0.5474907461519051
17176,1152,33.7953,-117.60906,-0.8022428049821706
17177,1152,34.281,-118.478,1.721702528910146
17178,1152,34.10473,-117.97956,0.3092172387543495
17179,1152,33.74346,-118.40412,-1.053674634858458
17180,1152,34.87533,-116.99684,0.3442759973698002
17181,1152,33.973,-117.327,1.3121844581508315
17182,1152,33.97327,-117.32674,0.335487201059517
17183,1152,34.05073,-118.08085,0.6504726745912874
17184,1152,33.99351,-117.37545,1.4626841219814213
17185,1152,33.2801,-115.98585,0.1545475459245215
17186,1152,34.232,-117.235,-0.9318924865940592
17187,1152,32.915,-118.4879,-0.2145243013241894
17188,1152,33.553,-117.662,-1.0214917026584274
17189,1152,32.784,-117.13805,0.8827292106163274
17191,1152,33.834,-116.797,0.4991650329519042
17192,1152,34.01438,-118.45617,-1.0728550534771666
17193,1152,34.05933,-118.64614,-1.6893195979047968
17194,1152,33.829,-117.789,-1.412772961988115
17195,1152,33.664,-117.769,-1.3553585811309976
17196,1152,34.106,-117.098,0.2209173780324804
17197,1152,34.38203,-117.67822,0.1126846914852066
17199,1152,33.63495,-116.16402,0.2443624182246201
17200,1152,34.01919,-118.28631,-2.104159839135092
17201,1152,34.48364,-118.11783,1.3794161063407675
17202,1152,34.56065,-117.3296,0.4375537215967564
17203,1152,35.53664,-118.14035,1.0801623279508286
17204,1152,34.00948,-117.95077,-0.1568467252002933
17205,1152,34.1717,-118.64971,1.309513038148311
17206,1152,33.94869,-118.25547,0.1217443302265923
17231,1154,34.224,-117.331,-1.1230937762176338
17232,1154,34.04905,-116.94032,-3.942475945287316
17233,1154,34.55046,-117.43391,-0.2475109572513821
17234,1154,32.68005,-116.67215,0.3812505953460342
17235,1154,34.2623,-116.92075,-0.7481359811938109
17236,1154,33.921,-116.981,-0.0284376099610257
17238,1154,34.069,-116.39,-1.0568896759891262
17239,1154,33.268,-116.417,0.4370066311673684
17240,1154,33.38822,-117.19495,0.7658716921266328
17243,1154,34.093,-117.317,1.1817694973054516
17244,1154,33.655,-115.99,0.0511529759967181
17245,1154,34.63745,-115.38115,0.8411763725877699
17246,1154,34.25353,-118.33383,-0.4892224970400962
17247,1154,33.93597,-116.57794,0.580873063066151
17248,1154,33.65,-117.009,0.4480544455493094
17249,1154,33.567,-116.631,-0.1717599183490945
17250,1154,32.999,-116.942,0.4189423217746149
17254,1154,33.11675,-115.82267,1.3464072137072944
17255,1154,33.1537,-117.22921,0.5507804991330116
17256,1154,34.8294,-116.335,-0.6800560928299988
17258,1154,33.0859,-116.5959,0.1999016403208494
17259,1154,35.98249,-117.80885,0.5531791736388592
17260,1154,34.36622,-116.61266,1.3223820510155
17261,1154,33.7141,-116.7119,0.4266103142712129
17262,1154,35.13066,-115.18416,1.364449298638122
17263,1154,34.9906,-118.34156,1.477626501823896
17264,1154,33.684,-117.943,0.359231242425153
17265,1154,34.93439,-117.69629,-3.527027319065545
17266,1154,34.3656,-117.36683,-1.9631526871906035
17267,1154,33.3516,-116.5615,-2.3198579710271194
17269,1154,33.818,-116.369,-0.1896534350042167
17270,1154,33.808,-116.968,-0.5210924981310833
17272,1154,33.6,-117.195,1.2373436745620685
17273,1154,34.22362,-118.05832,0.4653268290219688
17275,1154,32.608,-116.93,0.3193271902768878
17276,1154,34.6145,-118.7235,-1.8958773443845864
17277,1154,34.1207,-117.63808,-1.5316512805108429
17278,1154,33.862,-117.205,0.5761762795756488
17280,1154,33.354,-116.863,-0.4908792197946924
17281,1154,33.7953,-117.60906,-0.4888730140747898
17283,1154,33.824,-116.55,-0.1281841534694107
17284,1154,34.09181,-117.80709,-1.4702860899770296
17285,1154,33.63,-116.8478,0.4737181321749467
17286,1154,34.87533,-116.99684,-0.991029731328532
17287,1154,33.973,-117.327,1.474901353387524
17288,1154,33.97327,-117.32674,1.1971376609126778
17289,1154,33.99351,-117.37545,-0.0623162060645676
17290,1154,33.2801,-115.98585,1.94023786981168
17292,1154,34.232,-117.235,-0.6414183922805574
17293,1154,33.553,-117.662,-0.8764253900162267
17294,1154,33.834,-116.797,0.3867505492805879
17295,1154,34.01438,-118.45617,-0.2673772317932987
17296,1154,33.829,-117.789,-0.7020031364225491
17297,1154,33.664,-117.769,-0.442620257284258
17298,1154,34.106,-117.098,1.8128218521118769
17299,1154,34.38203,-117.67822,0.4342761862944113
17301,1154,34.56065,-117.3296,1.8752595738808744
17302,1154,32.75904,-115.73161,1.316830744239449
17303,1154,34.00948,-117.95077,0.2081805220795158
17304,1154,34.1717,-118.64971,2.259299523821313
17307,1156,34.04905,-116.94032,-3.3824750458461814
17308,1156,32.68005,-116.67215,-0.8688452596172351
17309,1156,34.2623,-116.92075,-0.1622879799508326
17310,1156,33.921,-116.981,-1.611070378883457
17313,1156,34.23883,-117.65853,1.1937297021199336
17314,1156,34.069,-116.39,-0.8911742190962102
17315,1156,33.268,-116.417,1.3541890847930511
17316,1156,33.38822,-117.19495,-0.0025045140531365
17318,1156,33.655,-115.99,-1.1410495940199916
17319,1156,34.25353,-118.33383,-0.1841509915838676
17320,1156,33.93597,-116.57794,-0.4194036805978458
17321,1156,33.65,-117.009,1.2004871139952942
17322,1156,33.567,-116.631,-0.3718026040115876
17323,1156,32.999,-116.942,0.7456646803875037
17325,1156,33.11675,-115.82267,0.1877007174404747
17326,1156,33.1537,-117.22921,0.1527710411219067
17328,1156,33.0859,-116.5959,-0.575431710454218
17329,1156,34.36622,-116.61266,0.1995978365170566
17331,1156,33.818,-116.369,1.1499217426071664
17332,1156,33.6,-117.195,0.6495441248526129
17333,1156,34.22362,-118.05832,0.9894095794203328
17334,1156,34.76759,-114.61881,0.9167074392584684
17335,1156,33.556,-115.946,-0.7048082026180541
17336,1156,33.94539,-117.92372,0.2837060630570708
17337,1156,32.608,-116.93,0.9128014838649005
17338,1156,34.1207,-117.63808,0.3376842849918545
17339,1156,33.862,-117.205,0.85598159226978
17341,1156,33.354,-116.863,-0.1004965936713688
17342,1156,33.7953,-117.60906,-1.0993573119359907
17344,1156,33.824,-116.55,0.2019244618881293
17345,1156,34.09181,-117.80709,0.2543109181232584
17346,1156,33.63,-116.8478,2.1720185117534285
17347,1156,33.97327,-117.32674,1.5849084256343058
17348,1156,33.99351,-117.37545,1.802387525807141
17349,1156,33.183,-115.623,-2.288590596810264
17350,1156,33.2801,-115.98585,-0.7067549551986866
17351,1156,33.553,-117.662,-1.399596990171694
17353,1156,33.834,-116.797,1.628748286637368
17354,1156,33.664,-117.769,-1.664014775093367
17355,1156,34.106,-117.098,0.4718638045929299
17356,1156,32.94508,-115.79988,0.1175918270603493
17357,1156,34.38203,-117.67822,0.1244694294265593
17442,1160,37.16346,-121.62645,-1.5453032391247907
17443,1160,37.34305,-122.33976,1.34158858722459
17444,1160,37.04922,-121.80722,0.4879076089333414
17445,1160,36.92745,-121.82764,1.653593094227143
17446,1160,37.36045,-122.18986,-0.1161521210830982
17447,1160,37.20631,-121.97726,0.2097020378230692
17448,1160,37.15432,-121.73467,1.7562901035833185
17449,1160,37.28744,-121.86422,-0.9189607056639852
21125,1160,37.91881,-122.15176,-1.936443241992403
21126,1160,37.87352,-122.26099,-2.212761680240349
21127,1160,38.03455,-120.38651,-0.9119603726213736
21128,1160,36.3887,-121.5514,1.267847294367309
21129,1160,36.68011,-119.02282,2.1662174873734776
21130,1160,38.14478,-122.88018,-1.051985974854786
21131,1160,37.34164,-121.64257,-3.0911081229286017
21132,1160,37.008,-121.287,2.640927375518461
21133,1160,35.945,-120.542,-1.0120178302684208
21134,1160,35.63597,-120.86984,0.0976624809065512
21135,1160,36.76403,-121.44722,-0.1796753009389513
21136,1160,37.25898,-121.67311,-1.3958155411459578
21137,1160,37.80787,-122.3618,2.204418524560141
21138,1160,37.12043,-122.1552,0.624912854056142
21139,1160,37.16067,-121.89899,1.560090606728232
21140,1160,37.40701,-122.0946,-0.5734693948989075
21141,1160,37.30249,-121.97978,-0.8250663381251487
21142,1160,37.26748,-121.86656,-1.6994806826309403
21143,1160,37.26352,-121.91617,-1.557671812615016
21144,1160,37.30143,-121.9039,-1.6534827595348995
21145,1160,37.31816,-121.94354,-0.1789681732288618
21146,1160,37.41702,-121.9154,-1.3557348961475897
21147,1160,37.59094,-122.36741,0.562849093663583
21148,1160,37.40718,-122.00001,-0.7286071291038314
21149,1160,37.39415,-122.06041,-0.575372048536651
21150,1160,37.376,-121.84367,-2.5741071549379275
21151,1160,37.27117,-121.98617,-1.3314966342521375
21152,1160,37.67928,-122.48405,2.0864983295850883
21153,1160,37.71633,-122.43117,2.180746254875184
21154,1160,37.37418,-122.0781,-1.083954080323197
21155,1160,37.23294,-121.77186,-1.4512062889854842
21156,1160,37.28537,-121.93602,-1.6133497189834791
21160,1160,37.85727,-122.42266,1.7115024827220109
21161,1160,37.45035,-121.80037,-2.7039956523632083
21162,1160,37.7294,-121.83346,-1.0553166494368658
21163,1160,37.37289,-121.76887,-2.002954970852162
21164,1160,37.73786,-122.06486,0.5934995001141994
21165,1160,37.81041,-121.80272,-1.274761329829362
21166,1160,37.85884,-121.99264,-0.7402695403368934
21167,1160,37.91233,-121.90716,-1.7570489405580882
21170,1160,37.31861,-122.15314,-0.9815130220841612
21171,1160,37.17217,-122.01121,0.5946368207990363
21172,1160,37.51604,-122.45815,1.0548697499004591
21173,1160,37.21427,-122.17168,0.5370256808001272
21174,1160,37.63719,-122.47482,-0.0222493724382646
21175,1160,37.2708,-122.21276,0.4934895572639592
21176,1160,37.79499,-122.4746,0.4946130743515169
21177,1160,37.19855,-122.34671,1.1014516757459585
21178,1160,37.58225,-122.42006,0.2612606250046964
21179,1160,37.40372,-122.17596,-0.4081252887968333
21180,1160,37.58644,-122.50217,0.3952712886968295
21181,1160,37.6444,-118.89683,2.6055505223325297
21182,1160,37.65909,-118.97907,2.331195683282429
21183,1160,38.00198,-122.47466,0.9173401456200596
21184,1160,38.30988,-122.943,1.4577137682033576
21185,1160,38.33656,-122.81082,1.418827558655417
21186,1160,38.16488,-122.71296,0.8885060578248871
21187,1160,37.92371,-122.59649,1.1527850235347277
21189,1160,35.40773,-120.54556,4.432788883293263
21191,1160,36.2159,-120.80126,-1.5621362232991558
17450,1161,36.61809,-121.31468,4.548558581279386
17451,1161,36.82681,-121.64349,-0.2512898376616139
17452,1161,37.15432,-121.73467,1.6062408213859014
17453,1161,37.2708,-122.21276,0.2312998674436541
17454,1161,37.19855,-122.34671,1.1491335318872768
17455,1161,37.008,-121.287,-0.094402240463874
17456,1161,35.63597,-120.86984,-1.4536468680615524
17457,1161,36.76403,-121.44722,0.4980921003644594
17458,1161,37.28744,-121.86422,0.3635828941516803
20157,1161,37.91881,-122.15176,-2.6414405734577446
20158,1161,37.87352,-122.26099,-3.0694218294991664
20159,1161,38.03455,-120.38651,-1.9468983250285457
20160,1161,37.34164,-121.64257,-2.299018008720929
20161,1161,35.945,-120.542,-2.364501048235831
20162,1161,37.12043,-122.1552,1.956157491123264
20163,1161,37.31816,-121.94354,1.0558449499554483
20164,1161,37.39415,-122.06041,-0.0763638775333609
20165,1161,37.27117,-121.98617,-0.1206588138177864
20166,1161,37.45098,-122.4287,0.0525936342021478
20167,1161,37.91056,-122.53778,1.921980227195306
20168,1161,37.71633,-122.43117,2.996881102307961
20169,1161,37.41395,-121.87085,-0.5349026931180094
20170,1161,37.23294,-121.77186,0.2861550854796992
20171,1161,37.28537,-121.93602,-0.4126335702818243
20172,1161,36.88311,-121.3908,1.339208177788232
20173,1161,37.16346,-121.62645,-0.7978358503787383
20174,1161,37.85727,-122.42266,1.2858918207942651
20175,1161,37.45035,-121.80037,-1.5322422902252493
20176,1161,37.7294,-121.83346,-1.0255564629607778
20177,1161,37.37289,-121.76887,-1.3120129647304708
20178,1161,37.73786,-122.06486,0.509266892688475
20179,1161,37.0254,-121.4845,0.5276436150419787
20180,1161,37.34305,-122.33976,1.6129413851250711
20181,1161,37.17217,-122.01121,1.848188442176984
20182,1161,37.04922,-121.80722,-0.4446686569438429
20183,1161,36.92745,-121.82764,0.2637846436330552
20184,1161,37.36045,-122.18986,-0.0989377353759228
20185,1161,37.51604,-122.45815,0.1602780971569471
20186,1161,37.21427,-122.17168,0.6354150794037027
20187,1161,37.20631,-121.97726,0.6848324948554811
20188,1161,37.40372,-122.17596,-0.2722442351006503
20189,1161,37.16067,-121.89899,0.760666622830431
20190,1161,37.6444,-118.89683,1.089414372563806
20191,1161,37.65909,-118.97907,1.2356265536999342
20192,1161,35.73065,-120.24986,-2.346080993504062
20193,1161,35.82404,-121.05393,0.2286972247380382
20194,1161,36.2159,-120.80126,-3.795343886132055
20195,1161,36.0688,-120.59618,-2.256894729730639
17475,1163,34.55046,-117.43391,0.4402615744091511
17476,1163,32.68005,-116.67215,0.710000858340243
17477,1163,34.2623,-116.92075,-0.6602458777783592
17478,1163,33.921,-116.981,-1.0399089645688615
17480,1163,34.069,-116.39,-0.518291525212227
17482,1163,33.268,-116.417,1.6408667835908342
17483,1163,33.38822,-117.19495,1.238287030359042
17484,1163,35.52495,-117.36453,0.2252692814903801
17487,1163,33.655,-115.99,-1.4920604400189892
17488,1163,34.25353,-118.33383,-0.3810944806925668
17489,1163,33.93597,-116.57794,-0.5137750422676699
17490,1163,33.65,-117.009,1.6785037643977183
17491,1163,32.999,-116.942,1.2092456320577234
17494,1163,33.11675,-115.82267,0.1350932927771092
17495,1163,33.051,-114.827,-1.6572013195726392
17497,1163,33.1537,-117.22921,0.7540590884808852
17498,1163,35.30177,-116.80574,-0.8993828441794941
17499,1163,34.8294,-116.335,-1.9026097367165204
17500,1163,33.0859,-116.5959,0.1217769464542301
17501,1163,34.36622,-116.61266,0.2872234679618712
17502,1163,35.13066,-115.18416,0.608062415908895
17503,1163,34.9906,-118.34156,0.3565665588685496
17504,1163,34.93439,-117.69629,-5.447406495528483
17505,1163,35.47954,-117.68212,0.2725602485381024
17506,1163,33.3516,-116.5615,-2.615666006731653
17508,1163,33.818,-116.369,-0.9087905403566092
17509,1163,33.808,-116.968,0.0246479295836401
17510,1163,33.6,-117.195,1.579033441071837
17511,1163,34.22362,-118.05832,0.7943191154057833
17512,1163,33.556,-115.946,-1.556833063856006
17513,1163,33.94539,-117.92372,-0.1326086799157075
17515,1163,33.354,-116.863,0.1531723140662046
17516,1163,33.7953,-117.60906,-0.2710387616496404
17518,1163,33.824,-116.55,1.276206219728612
17519,1163,33.63,-116.8478,0.8030855899857957
17520,1163,34.87533,-116.99684,-0.6074443704045536
17521,1163,33.973,-117.327,1.4223105966986738
17522,1163,33.97327,-117.32674,0.8715814026974497
17523,1163,33.99351,-117.37545,1.0025442263522883
17524,1163,33.2801,-115.98585,1.2073218699939892
17525,1163,34.232,-117.235,0.1096054249634187
17526,1163,33.553,-117.662,-0.0642813948019389
17528,1163,35.89095,-117.28332,1.4600927559273875
17529,1163,33.834,-116.797,1.4026513633820017
17530,1163,33.829,-117.789,-0.0299305378874792
17531,1163,33.664,-117.769,-0.4977086785423268
17532,1163,34.106,-117.098,0.1203804052521166
17533,1163,34.38203,-117.67822,-0.438024582650926
17535,1163,34.56065,-117.3296,1.017169052464971
17553,1166,34.14647,-118.76699,-0.4620947660557666
17554,1166,34.68708,-118.29946,-0.8557313165593367
17555,1166,34.23883,-117.65853,-0.4332389471758615
17556,1166,34.68224,-118.57398,-0.0574958130615762
17559,1166,33.4019,-118.41502,1.880311831239317
17560,1166,34.25353,-118.33383,0.5893090549617701
17561,1166,34.10618,-118.45505,-0.2490367068758894
17562,1166,33.567,-116.631,1.4564015970589133
17564,1166,34.72832,-119.98803,-0.5911186976179816
17565,1166,33.71264,-118.29381,-0.6763925121050625
17566,1166,33.86889,-118.33143,1.1388567524084792
17567,1166,34.00033,-118.37794,-0.3160540136719952
17568,1166,34.9906,-118.34156,-0.3049377316697939
17569,1166,34.30529,-118.48805,-1.1592436451018466
17570,1166,34.80762,-118.86775,-1.7678338437061274
17571,1166,34.93439,-117.69629,0.4190451137014012
17572,1166,34.28085,-118.9049,0.8346455114125599
17573,1166,34.81258,-119.1453,-1.7695661787381811
17574,1166,34.22362,-118.05832,1.285959617437494
17575,1166,34.22869,-118.55829,-0.2110316292713602
17576,1166,33.94539,-117.92372,0.3236180319410949
17577,1166,34.6145,-118.7235,-3.433688200599157
17578,1166,34.1484,-118.1711,-2.192702840666468
17579,1166,34.44199,-118.58215,-0.1754691480450999
17580,1166,33.96273,-118.43702,0.2134839955770279
17581,1166,33.7953,-117.60906,0.5112707833797385
17582,1166,33.63,-116.8478,1.3981539888312131
17583,1166,34.281,-118.478,0.756546373253014
17584,1166,33.74346,-118.40412,1.8077477610766783
17585,1166,33.99351,-117.37545,0.833483692593858
17586,1166,33.99543,-119.6351,-0.4932611439811419
17587,1166,34.01438,-118.45617,-0.3557616003346235
17588,1166,34.05933,-118.64614,-0.4794461763642819
17589,1166,33.829,-117.789,0.4550769904331613
17590,1166,34.30302,-119.18676,0.2662085802504594
17591,1166,34.106,-117.098,1.1209180481648326
17592,1166,34.38203,-117.67822,-0.0032983185331845
17593,1166,34.08377,-118.599,-0.1270086785474067
17595,1166,34.15607,-118.82039,1.7791572328166048
17596,1166,34.01919,-118.28631,-0.5289510200727672
17597,1166,34.48364,-118.11783,-0.0761612349815088
17598,1166,34.51085,-119.27407,-1.2769077584395758
17599,1166,34.1717,-118.64971,1.3378777069897003
17702,1170,37.76021,-122.41524,2.3312808696955494
17703,1170,37.762,-122.505,1.4453187328349038
17704,1170,37.67928,-122.48405,2.174513783507933
17705,1170,37.91056,-122.53778,1.2689050593400502
17706,1170,37.88767,-122.29916,0.8970316909575178
17707,1170,38.03445,-122.27016,0.2157308989113041
17708,1170,37.74484,-122.40134,0.420346333434399
17709,1170,37.7986,-122.2684,0.4639713567599608
17710,1170,37.86059,-122.29327,1.407205004440513
17711,1170,37.85835,-122.25252,1.2630075229878148
17712,1170,38.01299,-122.13416,0.9694669757184377
17713,1170,37.87622,-122.23558,-2.461745609613802
17715,1170,37.87352,-122.26099,-0.370446695934615
17716,1170,37.85727,-122.42266,1.0224679831655674
17717,1170,37.73786,-122.06486,0.0165741132907034
17718,1170,37.81041,-121.80272,-0.4107899739453725
17719,1170,37.85884,-121.99264,-0.2675137032004191
17720,1170,37.91233,-121.90716,-1.1502627074745462
17721,1170,38.02691,-122.01599,-0.2356460194861967
17722,1170,38.34526,-122.4584,-1.3884024947542284
17723,1170,37.34305,-122.33976,0.8155070836600674
17724,1170,37.36045,-122.18986,0.3588923778777016
17725,1170,37.21427,-122.17168,0.8985538568981816
17726,1170,37.20631,-121.97726,0.9570043915623092
17727,1170,37.63719,-122.47482,1.509658545747939
17728,1170,37.79499,-122.4746,1.339019495318542
17729,1170,37.58225,-122.42006,1.5602542735614924
17730,1170,37.40372,-122.17596,-1.1253741733104543
17731,1170,38.00198,-122.47466,0.5342565786095036
17732,1170,38.16488,-122.71296,0.9717869902259958
17733,1170,38.07601,-122.2585,0.6019042756478281
17734,1170,38.04248,-122.79684,1.154578040131039
17735,1170,37.92371,-122.59649,1.157233409939585
17736,1170,38.24039,-122.79842,0.4380829932541602
17737,1170,37.91608,-122.33607,1.0640514542880026
19957,1170,38.03455,-120.38651,-1.6186305081544905
19958,1170,37.69782,-123.0011,0.3685441156127225
19959,1170,36.3887,-121.5514,-0.264790969552636
19960,1170,38.14478,-122.88018,-0.4024230406724771
19961,1170,37.34164,-121.64257,-1.3192151359539943
19962,1170,38.87874,-122.44277,-3.906173878551856
19963,1170,37.28744,-121.86422,-0.1054776830059886
19964,1170,37.81647,-122.06302,-1.6944988442572984
19965,1170,37.9889,-122.2156,-0.0249098441463843
19966,1170,37.94906,-122.40851,0.6058834490278757
19967,1170,37.72416,-122.11929,-1.2044300628133728
19968,1170,37.80787,-122.3618,3.5707091981892263
19969,1170,37.12043,-122.1552,0.3261772177535873
19970,1170,37.67433,-122.39855,1.323880084251625
19971,1170,37.16067,-121.89899,2.121662537155044
19972,1170,37.92144,-122.71806,0.2397603952035407
19973,1170,38.04962,-122.52331,0.574202964241759
19974,1170,38.20025,-122.4644,-1.2039906384906087
19975,1170,38.233,-122.636,1.4588058538936408
19976,1170,37.77737,-122.39689,1.142494294281508
19977,1170,37.76386,-122.4736,0.6736520686692462
19978,1170,37.40701,-122.0946,-1.243226137451947
19979,1170,37.68,-121.739,-2.91779247243497
19980,1170,37.59094,-122.36741,-1.4757423877608271
19981,1170,37.74766,-122.42528,0.7023247501050841
19982,1170,37.40718,-122.00001,-0.3399676046781313
19983,1170,37.74664,-122.38679,0.4006198118577985
19984,1170,37.39415,-122.06041,-0.4882439069512608
19985,1170,37.376,-121.84367,-1.152419982334524
19986,1170,37.27117,-121.98617,-0.6698867220901861
19987,1170,37.45098,-122.4287,-0.338267530099017
19988,1170,37.59268,-122.07449,-1.0425487896026648
19989,1170,37.71737,-121.72701,-3.280667835839448
19990,1170,37.77934,-122.486,0.129329678710654
19991,1170,37.71633,-122.43117,0.9180732156780754
19992,1170,37.81076,-122.29252,-0.2126250541900444
19993,1170,37.8251,-122.27606,-0.3170342968243818
19994,1170,37.72416,-122.44841,0.3387787138584183
19995,1170,38.29027,-122.46125,-1.3770610306927995
19996,1170,37.37418,-122.0781,-1.377790641789294
19997,1170,37.69169,-122.16982,-0.5043312672989528
19998,1170,37.68873,-121.78351,-2.334604233999472
19999,1170,37.72688,-122.15092,-0.2145771652199862
20000,1170,37.8852,-122.03217,-0.6251751273358808
20001,1170,37.94215,-121.93047,-0.1040466611779481
20002,1170,37.16346,-121.62645,-0.1514804880109277
20003,1170,37.45035,-121.80037,-2.022897623351463
20004,1170,37.74766,-121.70843,-1.2028545250940847
20005,1170,37.7294,-121.83346,-1.8341307453468336
20006,1170,37.37289,-121.76887,-1.6028433303773797
20007,1170,37.31861,-122.15314,0.0673776359596819
20008,1170,37.17217,-122.01121,1.9217064956790104
20009,1170,37.04922,-121.80722,-0.7513146663513308
20010,1170,36.92745,-121.82764,0.0213916510798617
20011,1170,37.51604,-122.45815,1.2536172144016833
20012,1170,37.15432,-121.73467,0.577824700809253
20013,1170,37.2708,-122.21276,0.8229968882715335
20014,1170,37.19855,-122.34671,0.8665195731074509
20015,1170,37.58644,-122.50217,0.8584730867778613
20016,1170,38.43951,-122.25272,-1.4214131487849238
20017,1170,38.26021,-122.55179,-1.008268221159511
20018,1170,38.30988,-122.943,3.182431377271652
20019,1170,38.33656,-122.81082,2.242419907809129
20020,1170,38.46769,-122.89651,0.2529774666757505
20021,1170,38.28043,-122.21582,-1.3344002722669055
20022,1170,38.15486,-121.80438,-2.0116657421917457
20023,1170,37.99642,-123.01949,0.3490471240244211
20024,1170,38.14361,-122.44969,-2.2404264080117406
20025,1170,38.38921,-122.66297,-0.5364909505762322
17890,1178,34.68708,-118.29946,-0.6488381154009458
17891,1178,35.1269,-118.83009,-1.9696706333233889
17892,1178,34.2623,-116.92075,0.9965956047260404
17893,1178,34.94009,-119.41313,0.1733293118706029
17896,1178,34.23883,-117.65853,-0.6502968617256407
17897,1178,34.069,-116.39,0.2945193759659993
17899,1178,34.68224,-118.57398,0.0691993800679466
17900,1178,35.30819,-119.84583,0.7268056111651808
17901,1178,35.52495,-117.36453,0.7883085436100427
17902,1178,36.5504,-117.80295,-1.413312327915981
17905,1178,38.03455,-120.38651,1.1766643870805416
17906,1178,36.43988,-118.08016,-0.0769236068306977
17907,1178,34.25353,-118.33383,0.1407850216219888
17909,1178,34.10618,-118.45505,-1.286833866927827
17912,1178,34.72832,-119.98803,-0.6256244396745567
17917,1178,35.30177,-116.80574,-0.7482755476417811
17918,1178,34.8294,-116.335,0.4800071869236652
17919,1178,35.66278,-118.47403,-1.5632814904020966
17921,1178,35.98249,-117.80885,1.3149835360321769
17922,1178,34.36622,-116.61266,0.8203333982143833
17923,1178,35.13066,-115.18416,-0.0081674099296938
17924,1178,34.9906,-118.34156,0.3086005578733564
17925,1178,34.80762,-118.86775,-1.283889357646446
17926,1178,35.47954,-117.68212,0.6000889900610035
17928,1178,37.63227,-119.07935,0.4156032538733549
17930,1178,37.63019,-118.83605,-0.1862985095492413
17932,1178,34.28085,-118.9049,-0.0246617808899944
17933,1178,36.05799,-117.48901,-0.6100276346216287
17934,1178,34.88848,-119.81362,-0.1280965518028075
17935,1178,34.039,-116.648,2.7973059309604102
17938,1178,34.22362,-118.05832,0.7472453374799778
17939,1178,34.78035,-116.55798,0.1018532011409115
17940,1178,34.53412,-120.17737,-0.1349378789755969
17941,1178,33.94539,-117.92372,0.9584744680678078
17943,1178,34.6145,-118.7235,-2.250410208650678
17944,1178,36.38562,-117.85973,-1.982309037829716
17945,1178,35.40773,-120.54556,1.1444279183790815
17947,1178,33.7953,-117.60906,0.837293801687669
17949,1178,34.09181,-117.80709,-0.3895652899303966
17951,1178,34.87533,-116.99684,0.098868936048311
17952,1178,33.99351,-117.37545,-1.2556641181579384
17955,1178,34.44076,-119.71492,0.1514697149556411
17957,1178,34.43692,-119.1375,-1.6920453493144252
17958,1178,35.8996,-116.27515,0.5775531011218656
17959,1178,35.89095,-117.28332,-0.2488749569418994
17961,1178,35.3142,-119.99581,-0.5590576860621138
17963,1178,35.01108,-120.40997,-0.3028764847538603
17964,1178,34.035,-116.808,0.6226771865986894
17965,1178,34.05933,-118.64614,-0.8984276902547658
17967,1178,33.829,-117.789,1.0288123758318135
17968,1178,34.30302,-119.18676,0.434426142340986
17970,1178,34.106,-117.098,2.0072182211540675
17971,1178,34.52775,-119.97834,0.8217251514293594
17972,1178,34.38203,-117.67822,1.3794030235715125
17973,1178,35.14592,-119.41946,0.2908222265839328
17974,1178,37.05422,-118.23009,-0.3570893907907483
17977,1178,34.48364,-118.11783,0.7543415250249892
17978,1178,35.84089,-119.08469,-0.4258418691564528
17979,1178,35.53664,-118.14035,1.3228204596290691
17980,1178,34.51085,-119.27407,-1.988681584145355
17982,1178,36.601,-118.06,0.8601875522926091
17983,1178,36.279,-118.007,0.0947098571044556
18051,1186,35.263,-119.815,3.085753567556524
18052,1186,34.55046,-117.43391,-0.3540854228776102
18053,1186,34.68708,-118.29946,-1.516266562890756
18054,1186,35.1269,-118.83009,-0.2892057834695239
18055,1186,35.34444,-119.10445,0.839491962920421
18056,1186,34.2623,-116.92075,0.4333193916483173
18057,1186,33.921,-116.981,-0.1145632737524046
18059,1186,34.94009,-119.41313,0.4210152443153194
18061,1186,34.23883,-117.65853,-1.4706750455763438
18062,1186,34.069,-116.39,-0.303077900899896
18064,1186,34.68224,-118.57398,0.1459337276545179
18066,1186,35.30819,-119.84583,0.7524626884319898
18067,1186,35.52495,-117.36453,0.0086711412186185
18068,1186,36.5504,-117.80295,-0.1902925744460264
18069,1186,33.999,-117.68,-0.1713358468726226
18072,1186,38.03455,-120.38651,1.34451614436461
18074,1186,36.43988,-118.08016,1.1743685221162004
18075,1186,34.63745,-115.38115,0.6015399050280132
18076,1186,34.25353,-118.33383,-0.2161810499947936
18077,1186,33.93597,-116.57794,0.3723105959851252
18078,1186,34.10618,-118.45505,-1.3498380951800133
18082,1186,34.094,-116.936,0.3010558912745917
18083,1186,34.72832,-119.98803,-0.1169243332924563
18084,1186,36.46719,-116.86322,-0.1945376626987692
18088,1186,36.99608,-117.36621,0.3842365807548858
18089,1186,35.30177,-116.80574,-1.3233471239033794
18090,1186,34.8294,-116.335,-0.2624456607906094
18091,1186,35.66278,-118.47403,-1.7598441668114213
18092,1186,35.98249,-117.80885,0.0820657897853843
18093,1186,34.36622,-116.61266,0.0532101621763803
18094,1186,34.73551,-120.27996,1.7030565863951372
18095,1186,35.13066,-115.18416,0.446268499712183
18096,1186,34.9906,-118.34156,0.1223529905942599
18097,1186,34.30529,-118.48805,0.1070869060520091
18098,1186,34.10819,-119.06587,-0.5687235237989186
18099,1186,34.80762,-118.86775,0.1192132498399322
18100,1186,34.93439,-117.69629,-1.7116155375504931
18101,1186,35.47954,-117.68212,-0.6776279794682505
18103,1186,37.63227,-119.07935,0.4969785373374979
18105,1186,37.63019,-118.83605,-0.0221867217426543
18106,1186,34.005,-117.562,-0.516386705420643
18107,1186,34.28085,-118.9049,0.5318010837612296
18108,1186,34.81258,-119.1453,-1.3783876741307344
18109,1186,36.05799,-117.48901,-1.531379652524413
18110,1186,34.88848,-119.81362,0.4398355455960893
18111,1186,34.039,-116.648,2.001605103533062
18112,1186,33.808,-116.968,0.6074833978605287
18115,1186,34.22362,-118.05832,0.1561015998837356
18116,1186,34.78035,-116.55798,-0.8044465578389679
18117,1186,34.53412,-120.17737,0.8509597328655435
18118,1186,34.6145,-118.7235,-0.6891541321885221
18119,1186,34.44199,-118.58215,-0.256914527690904
18121,1186,34.1207,-117.63808,-1.2121294779904388
18123,1186,35.40773,-120.54556,1.0459043101294083
18127,1186,34.09181,-117.80709,-0.7803619878419874
18128,1186,36.30523,-119.24384,-0.4765693693243121
18130,1186,34.10473,-117.97956,-0.3522897673657104
18131,1186,33.74346,-118.40412,-0.3528321488731638
18132,1186,34.87533,-116.99684,-0.0584549917371275
18133,1186,33.99351,-117.37545,-2.1549811952210627
18136,1186,34.44076,-119.71492,0.9639677039836128
18137,1186,34.232,-117.235,-0.779545621860996
18139,1186,34.43692,-119.1375,-0.9922603499319408
18140,1186,35.8996,-116.27515,0.4152770918977295
18141,1186,35.89095,-117.28332,-0.2275255680353572
18142,1186,35.3142,-119.99581,-0.0103560745661573
18143,1186,34.035,-116.808,-0.2122853630280761
18144,1186,34.05933,-118.64614,-0.8375279405610245
18146,1186,33.829,-117.789,-0.2381061225643402
18147,1186,34.30302,-119.18676,0.3512146758547922
18149,1186,34.106,-117.098,0.8092368730528936
18150,1186,34.52775,-119.97834,1.5904744438456777
18151,1186,34.38203,-117.67822,0.0114111145608346
18153,1186,35.14592,-119.41946,1.015476986292884
18154,1186,37.05422,-118.23009,-0.7655235053943394
18156,1186,34.48364,-118.11783,-0.0428191779437428
18157,1186,35.84089,-119.08469,0.0652190378075084
18158,1186,35.53664,-118.14035,0.986037774960201
18159,1186,34.51085,-119.27407,-1.418720762685738
18160,1186,34.00948,-117.95077,0.426422954738304
18162,1186,36.80179,-118.20398,-0.602628837046516
18164,1186,36.601,-118.06,0.7086591055764614
18165,1186,36.279,-118.007,1.0963794501016348
18239,1190,35.1269,-118.83009,-0.939200531179378
18240,1190,35.34444,-119.10445,1.81887578899096
18241,1190,34.2623,-116.92075,0.1411605299111731
18242,1190,34.94009,-119.41313,1.3669471592142206
18243,1190,34.68224,-118.57398,-0.0463303986326524
18244,1190,35.30819,-119.84583,1.8369981675854776
18245,1190,35.52495,-117.36453,-0.33366616293126
18246,1190,36.5504,-117.80295,-1.6915619247220255
18248,1190,38.03455,-120.38651,1.9460802507557604
18249,1190,34.25353,-118.33383,-0.8413927533789769
18253,1190,36.46719,-116.86322,-1.4390494106616882
18256,1190,36.99608,-117.36621,-1.821137470079876
18257,1190,35.30177,-116.80574,-1.219067142563525
18258,1190,34.8294,-116.335,0.1943334875287942
18259,1190,35.66278,-118.47403,-1.0859285802265786
18260,1190,35.98249,-117.80885,0.2980113107088951
18261,1190,34.36622,-116.61266,0.2364299844466021
18262,1190,34.73551,-120.27996,1.6245674413131517
18263,1190,35.13066,-115.18416,-1.1290535285881274
18264,1190,34.9906,-118.34156,-0.7731671437948161
18265,1190,34.80762,-118.86775,-0.653358738305634
18266,1190,37.63227,-119.07935,0.800870747706931
18267,1190,37.63019,-118.83605,0.9640735465924604
18268,1190,36.05799,-117.48901,-1.1396855028815007
18269,1190,34.88848,-119.81362,0.8777229939749636
18270,1190,34.039,-116.648,2.1849213807623373
18271,1190,34.78035,-116.55798,-0.6472640121575876
18272,1190,34.53412,-120.17737,0.646566500824839
18274,1190,34.6145,-118.7235,-1.763393020024468
18275,1190,35.40773,-120.54556,2.2697098092433348
18276,1190,33.7953,-117.60906,0.2421053782697009
18277,1190,34.09181,-117.80709,-1.149521816421113
18278,1190,36.30523,-119.24384,0.7120392737143126
18279,1190,34.87533,-116.99684,-0.7920636234976149
18281,1190,34.44076,-119.71492,0.5584527618252996
18282,1190,35.8996,-116.27515,-1.0128241255055253
18283,1190,35.89095,-117.28332,-0.9164404566914144
18284,1190,35.3142,-119.99581,0.1861331260999905
18285,1190,34.035,-116.808,0.1572428762439396
18288,1190,34.52775,-119.97834,1.4454052634749674
18290,1190,35.14592,-119.41946,1.0388795377434634
18291,1190,37.05422,-118.23009,0.1002088128429575
18293,1190,34.48364,-118.11783,-0.1034608767817915
18294,1190,35.84089,-119.08469,0.6435278904170492
18295,1190,35.53664,-118.14035,0.6607336843410698
18296,1190,34.51085,-119.27407,-1.0050324523033842
18298,1190,36.80179,-118.20398,0.3259075875420473
18299,1190,36.601,-118.06,-0.4298974714647545
18300,1190,36.279,-118.007,-0.1145138381594696
18565,1215,37.68,-121.739,0.0677354510057937
18566,1215,37.41702,-121.9154,-0.816915670153691
18567,1215,37.59094,-122.36741,0.3568630698259585
18568,1215,37.34655,-121.80774,-1.5107083840545368
18569,1215,37.40718,-122.00001,0.6663873697672703
18570,1215,37.39415,-122.06041,0.214284702774417
18571,1215,37.376,-121.84367,-1.988850755591638
18572,1215,37.71737,-121.72701,-1.1188792562534329
18573,1215,37.67928,-122.48405,2.6198340102711333
18574,1215,37.41395,-121.87085,-0.841636848002743
18575,1215,37.85835,-122.25252,0.2793965616539869
18576,1215,37.36408,-122.01817,-0.7825663520530162
18577,1215,37.28537,-121.93602,-0.3031167543032433
18578,1215,37.35834,-121.97775,-0.3463232097946701
18579,1215,37.91881,-122.15176,-2.233993699858253
18580,1215,37.16346,-121.62645,-0.7130213710337152
18581,1215,37.85727,-122.42266,2.4169276248017737
18582,1215,37.45035,-121.80037,1.2344778830511425
18583,1215,37.7294,-121.83346,-1.62260549923924
18584,1215,37.73786,-122.06486,-0.1920656199450284
18585,1215,38.03455,-120.38651,-1.3899962729286703
18586,1215,37.81041,-121.80272,-0.9643438798466192
18587,1215,37.69782,-123.0011,-0.8941608642636423
18588,1215,36.3887,-121.5514,-0.3320583384928607
18589,1215,37.34305,-122.33976,1.4932328673036617
18590,1215,37.17217,-122.01121,0.5329451538548916
18591,1215,37.36045,-122.18986,0.4311281410363101
18592,1215,37.20631,-121.97726,0.5427502989789978
18593,1215,37.15432,-121.73467,0.1086386200346734
18594,1215,37.63719,-122.47482,1.1226859476160411
18595,1215,37.79499,-122.4746,0.6251597960065487
18596,1215,37.19855,-122.34671,1.2974339637906576
18597,1215,37.58225,-122.42006,1.4107776186172591
18598,1215,37.40372,-122.17596,0.1052951269325952
18599,1215,37.58644,-122.50217,1.8951722497616248
18600,1215,37.34164,-121.64257,-0.6553077118779825
18601,1215,38.00198,-122.47466,1.8241995950476595
18602,1215,38.07601,-122.2585,0.2722299044987396
18603,1215,37.008,-121.287,-0.7756786128274559
18604,1215,37.28744,-121.86422,-0.1558793762811935
18605,1215,37.62211,-121.75697,-1.7192946290728526
18606,1216,37.68,-121.739,-1.9252615936030584
18607,1216,37.41702,-121.9154,0.012059756619573
18608,1216,37.34655,-121.80774,-2.290484950241672
18609,1216,37.40718,-122.00001,0.1263992285540109
18610,1216,37.39415,-122.06041,0.675717943212105
18611,1216,37.27117,-121.98617,-1.4359293172186842
18612,1216,37.67928,-122.48405,2.390750976354008
18613,1216,37.71633,-122.43117,2.369870624420873
18614,1216,37.41395,-121.87085,-0.0242102582425861
18615,1216,37.36408,-122.01817,-0.9657592057267014
18616,1216,37.42549,-122.07772,0.0670914641162496
18617,1216,37.38332,-121.91088,0.433782934940729
18618,1216,37.28537,-121.93602,0.3241949577361149
18619,1216,37.74766,-121.70843,-0.0387106227867763
18620,1216,37.37289,-121.76887,-0.4309353547341982
18621,1216,37.73786,-122.06486,-0.3055574841485302
18622,1216,38.03455,-120.38651,-1.556689146481557
18623,1216,37.9889,-122.2156,-0.7711060770408539
18624,1216,37.94906,-122.40851,0.8825518060442091
18625,1216,37.91233,-121.90716,-1.5855633639725748
18626,1216,38.34526,-122.4584,-1.8484596108637728
18627,1216,37.0254,-121.4845,-0.5948726865435422
18628,1216,37.34305,-122.33976,0.853116069728613
18629,1216,37.31861,-122.15314,-0.4823885773507024
18630,1216,37.36045,-122.18986,0.3428445510743208
18631,1216,37.51604,-122.45815,2.780037211211033
18632,1216,37.21427,-122.17168,0.0890583655341414
18633,1216,37.20631,-121.97726,-0.706308666851339
18634,1216,37.15432,-121.73467,0.2156667090822104
18635,1216,37.40373,-122.23868,-2.0644461753159336
18636,1216,37.58225,-122.42006,0.5437942292023
18637,1216,37.40372,-122.17596,-0.5246762393476108
18638,1216,37.58644,-122.50217,1.421128662618825
18639,1216,37.16067,-121.89899,-0.4501250011529499
18640,1216,37.34164,-121.64257,-0.6487444006735239
18641,1216,37.92144,-122.71806,1.2628160438635831
18642,1216,38.00198,-122.47466,1.4240926218165433
18643,1216,38.33656,-122.81082,2.1279440911702627
18644,1216,38.16488,-122.71296,1.6392074985036205
18645,1216,37.92371,-122.59649,2.3277725141487333
18646,1216,37.008,-121.287,0.1947503269552127
18647,1216,37.28744,-121.86422,-1.0714976165261083
18648,1216,37.62211,-121.75697,-2.129032873690111
18748,1221,37.54187,-122.30471,-0.5504211253023709
18749,1221,37.30249,-121.97978,-0.910947449488854
18750,1221,37.26748,-121.86656,1.0835228705412914
18751,1221,37.26352,-121.91617,-0.4218533225333706
18752,1221,37.31816,-121.94354,-0.4356958538626764
18753,1221,37.3066,-121.84915,0.7443089262978912
18754,1221,37.68,-121.739,-1.2554725180002264
18755,1221,37.41702,-121.9154,-0.1190057873789943
18756,1221,37.59094,-122.36741,0.7148175417960595
18757,1221,37.34655,-121.80774,-0.6870366862157115
18758,1221,37.40718,-122.00001,-0.294951955467374
18759,1221,37.39415,-122.06041,1.899462689603752
18760,1221,37.376,-121.84367,-0.9403267197724436
18761,1221,37.27117,-121.98617,-2.0370800018269857
18762,1221,37.71737,-121.72701,-1.7690691824366456
18763,1221,37.67928,-122.48405,1.8783663937330808
18764,1221,37.91056,-122.53778,2.7934704694675143
18765,1221,38.03445,-122.27016,-0.5421040815528072
18766,1221,37.71633,-122.43117,1.5784104386318485
18767,1221,37.72416,-122.44841,0.9168964483725244
18768,1221,37.41395,-121.87085,0.4822046052038422
18769,1221,37.6806,-121.92098,0.0072717832846913
18770,1221,37.37418,-122.0781,1.0111903342368027
18771,1221,37.38332,-121.91088,0.2327467053209632
18772,1221,37.28537,-121.93602,-0.1136348905675289
18773,1221,37.35834,-121.97775,0.4880177338694068
18774,1221,37.68873,-121.78351,-1.728470269319578
18775,1221,37.66666,-121.85715,-2.1184385724635653
18776,1221,36.88311,-121.3908,0.0512263927448389
18777,1221,38.94596,-120.96897,-1.281108274982727
18778,1221,36.57849,-121.03956,-0.1671441785199872
18779,1221,37.95397,-121.86554,-2.224463083582304
18780,1221,36.61809,-121.31468,1.5641354477105245
18781,1221,37.87622,-122.23558,-2.6382261773851896
18782,1221,37.91881,-122.15176,-2.0984689759434265
18783,1221,37.87352,-122.26099,-2.67559571196305
18784,1221,37.5215,-121.93376,1.3990978495406123
18785,1221,37.55845,-122.03451,-0.2509433458010596
18786,1221,37.84406,-122.21795,-1.1740343452539634
18787,1221,37.81075,-122.23608,-0.8119371945860028
18788,1221,37.59178,-122.05824,-0.0570921858116899
18789,1221,37.89557,-122.2628,-0.5698028540493781
18790,1221,37.89565,-122.29359,-0.7892506040386768
18791,1221,37.944,-122.00993,-1.2620388512123584
18792,1221,37.92636,-122.31248,0.4104512424162446
18793,1221,37.68269,-122.06,-1.003876120143087
18794,1221,37.55944,-121.99373,-1.0132205190632628
18795,1221,37.39635,-121.86703,-0.2984247742817523
18796,1221,37.50649,-121.9262,0.0255588470442779
18797,1221,37.80085,-122.20752,-1.6855927652709652
18798,1221,37.695,-122.06376,-1.5557513336336828
18799,1221,37.53614,-121.97495,0.2644952316571902
18800,1221,37.51044,-121.954,-1.1228265189725777
18801,1221,37.64372,-121.90046,0.1102511312494044
18802,1221,37.87052,-122.05135,-0.4454740390435382
18803,1221,37.85095,-122.24588,-0.4968916639342113
18804,1221,37.78882,-121.97125,-1.0648668667398016
18805,1221,37.15491,-121.60989,0.334243413737415
18806,1221,38.08251,-122.15759,-0.3261554092328346
18807,1221,37.16346,-121.62645,-1.2778621322734227
18808,1221,37.85727,-122.42266,2.2487519669734515
18809,1221,37.45035,-121.80037,0.2931511345140288
18810,1221,37.74766,-121.70843,0.5619810321616655
18811,1221,37.81647,-122.06302,-2.3502461635495338
18812,1221,37.25898,-121.67311,-1.1135579636950488
18813,1221,37.7294,-121.83346,-0.3511909101564421
18814,1221,37.37289,-121.76887,-0.1460321611355236
18815,1221,37.73786,-122.06486,-0.3236365621993475
18816,1221,38.03455,-120.38651,-0.9170248548185032
18817,1221,37.81041,-121.80272,-1.0900729063450203
18818,1221,37.9889,-122.2156,-0.1835948767816093
18819,1221,37.94906,-122.40851,1.371238208806361
18820,1221,37.85884,-121.99264,-0.5031437665084073
18821,1221,37.91233,-121.90716,-0.6128497784975537
18822,1221,37.72416,-122.11929,-0.8051098613289502
18823,1221,38.02691,-122.01599,-0.5308516746818471
18824,1221,38.34526,-122.4584,-0.3283121004018316
18825,1221,37.80787,-122.3618,0.3367725033219801
18826,1221,37.69782,-123.0011,-0.5264908301880276
18827,1221,36.3887,-121.5514,1.2601211600046145
18828,1221,37.0254,-121.4845,0.0433821857613473
18829,1221,36.68011,-119.02282,0.2201814749786264
18830,1221,36.82681,-121.64349,-0.7698533114761712
18831,1221,37.36775,-122.15358,0.9768710115202336
18832,1221,37.31746,-122.03644,0.4328391061011583
18833,1221,37.29606,-121.96046,-1.077333688881434
18834,1221,37.49236,-122.24467,0.3641805706005356
18835,1221,37.51974,-122.51173,1.5120336631760636
18836,1221,37.45796,-122.43623,1.668742539383304
18837,1221,37.40599,-122.10693,-1.4150510742299915
18838,1221,37.33187,-121.87612,-0.952253105115488
18839,1221,37.45744,-122.25167,0.1541108949513948
18840,1221,37.31959,-122.07355,0.5210958837194966
18841,1221,37.43433,-122.19835,0.7507345948522155
18842,1221,37.76603,-122.44114,1.5833709506631868
18843,1221,37.35655,-122.23656,1.256536017126307
18844,1221,37.39475,-122.07255,0.7914650411407218
18845,1221,37.3476,-122.08417,-0.1882772917991797
18846,1221,37.5813,-122.48242,1.914784902621969
18847,1221,37.45286,-122.19582,-1.1993621994190586
18848,1221,37.37023,-122.11345,0.5448099900632742
18849,1221,37.34305,-122.33976,1.8504981433351264
18850,1221,37.31861,-122.15314,0.0631545208955408
18851,1221,37.12043,-122.1552,1.9911940582006329
18852,1221,37.17217,-122.01121,0.6997668945094215
18853,1221,37.51704,-122.37731,0.7663299374827328
18854,1221,36.92745,-121.82764,0.6979680168094454
18855,1221,37.36045,-122.18986,1.1307885296630802
18856,1221,37.51604,-122.45815,2.608119803129883
18857,1221,37.21427,-122.17168,0.7822330983373894
18858,1221,37.20631,-121.97726,-0.2330713732974945
18859,1221,37.15432,-121.73467,0.1254106179499405
18860,1221,37.63719,-122.47482,0.2174371476193746
18861,1221,37.2708,-122.21276,-0.2461894496557509
18862,1221,37.79499,-122.4746,0.5834117285001988
18863,1221,37.19855,-122.34671,1.0245458361583135
18864,1221,37.40373,-122.23868,-1.3982565081734968
18865,1221,37.58225,-122.42006,0.2767743095223112
18866,1221,37.67433,-122.39855,0.8278291390897908
18867,1221,37.40372,-122.17596,0.913890687045861
18868,1221,37.28397,-122.05017,-1.7610552890653983
18869,1221,37.58644,-122.50217,1.3162839734276337
18870,1221,37.16067,-121.89899,1.4823375215852022
18872,1221,37.6444,-118.89683,1.860104380309092
18873,1221,38.14478,-122.88018,-0.5093131917689757
18874,1221,37.34164,-121.64257,-0.6752667414765262
18875,1221,37.65909,-118.97907,2.378845396239228
18876,1221,38.87874,-122.44277,-2.7219401626018547
18877,1221,37.92144,-122.71806,1.1373534723879457
18878,1221,38.26021,-122.55179,-0.7809819149316678
18879,1221,38.00198,-122.47466,1.310924579339407
18880,1221,38.30988,-122.943,1.589601993989475
18881,1221,38.33656,-122.81082,2.2865827061311914
18882,1221,38.46769,-122.89651,0.1361729284315725
18883,1221,38.04962,-122.52331,2.2637868384412028
18884,1221,38.15486,-121.80438,-0.5529274363979002
18885,1221,38.16488,-122.71296,1.3564859413594037
18886,1221,38.12282,-122.14921,-0.4770218427137683
18887,1221,38.07601,-122.2585,-0.1424053668946494
18888,1221,37.99642,-123.01949,-0.0775721153445545
18889,1221,38.20025,-122.4644,0.1352265621911999
18890,1221,37.92371,-122.59649,1.5242060785291252
18891,1221,38.14361,-122.44969,-0.2560734648587748
18892,1221,38.24039,-122.79842,0.2123773116560831
18893,1221,38.38921,-122.66297,0.060742567047475
18894,1221,39.55451,-121.50036,-1.6840803855478663
18895,1221,37.008,-121.287,0.6850596072415948
18896,1221,35.945,-120.542,-1.379302144162844
18897,1221,36.2159,-120.80126,-1.4676087127752668
18898,1221,35.63597,-120.86984,0.6017894416518225
18899,1221,37.91608,-122.33607,-0.2069667226788847
18900,1221,36.76403,-121.44722,-0.6904895082438864
18901,1221,37.28744,-121.86422,1.1448359272758004
18902,1221,37.62211,-121.75697,-1.970502812290267
19352,1264,34.224,-117.331,-2.690363609440453
19353,1264,34.55046,-117.43391,-0.3593669503792311
19354,1264,34.68708,-118.29946,0.1416121912959816
19355,1264,35.1269,-118.83009,0.7506443989937769
19356,1264,32.68005,-116.67215,1.3290507315737348
19357,1264,34.2623,-116.92075,-1.9568512146500427
19358,1264,33.921,-116.981,-1.0743905221368373
19359,1264,34.23883,-117.65853,0.0635667070326424
19360,1264,34.069,-116.39,-0.1921924341067559
19361,1264,33.268,-116.417,1.2353067832173996
19363,1264,33.999,-117.68,-0.9205417646150038
19364,1264,33.4019,-118.41502,2.393272107751705
19365,1264,34.093,-117.317,0.0924167174986207
19366,1264,34.25353,-118.33383,0.7978866898209794
19367,1264,33.65,-117.009,1.5013366625986817
19368,1264,33.567,-116.631,0.7276067699954797
19369,1264,32.999,-116.942,-5.355106092127554
19371,1264,33.71264,-118.29381,-0.3571954914441753
19372,1264,34.1,-117.439,0.6868998719035954
19373,1264,33.1537,-117.22921,0.2075150397360052
19374,1264,35.30177,-116.80574,0.4589504865230635
19375,1264,34.36622,-116.61266,-0.4939591000152574
19376,1264,33.7141,-116.7119,0.3018775870546253
19377,1264,33.86889,-118.33143,1.377801826549948
19378,1264,34.9906,-118.34156,1.2946914743780056
19379,1264,34.80762,-118.86775,1.0241007622742075
19380,1264,34.93439,-117.69629,0.6202075535715865
19381,1264,34.3656,-117.36683,-0.6469567224840737
19383,1264,33.6,-117.195,0.3047828491544939
19384,1264,33.94539,-117.92372,0.7842476116802166
19385,1264,34.6145,-118.7235,-0.1353496205185128
19386,1264,34.1207,-117.63808,-2.078011023085455
19388,1264,33.354,-116.863,-0.3669688813100602
19389,1264,33.7953,-117.60906,-1.170154390224411
19391,1264,34.09181,-117.80709,-1.637164190911819
19392,1264,33.63,-116.8478,1.6044908334503876
19393,1264,34.10473,-117.97956,-1.2643278838162386
19394,1264,33.74346,-118.40412,1.8914090808074275
19395,1264,34.87533,-116.99684,0.9285563739171768
19396,1264,33.973,-117.327,0.5912382003607273
19397,1264,33.97327,-117.32674,-0.3751312960949185
19398,1264,34.05073,-118.08085,-0.1067999098980061
19399,1264,33.99351,-117.37545,0.8120549996170977
19401,1264,33.829,-117.789,0.5977340785777352
19402,1264,33.664,-117.769,-1.1013788745355793
19403,1264,34.106,-117.098,-0.2131895742284991
19404,1264,34.38203,-117.67822,0.451255693586769
19406,1264,34.48364,-118.11783,0.8001480793464476
19407,1264,34.56065,-117.3296,0.4485089437830876
19408,1264,34.00948,-117.95077,2.335914784236196
