recid,eqid,station_latitude,station_longitude,scaled_deltaW
50,30,33.801,-118.387,-1.828499005260707
51,30,33.5556,-116.674,1.965145073010459
52,30,35.37,-119.021,-3.283466639858589
53,30,33.26,-116.37,0.4262986808769941
54,30,35.16,-119.35,-1.605896551248819
55,30,33.9121,-117.838,0.689929328571578
56,30,34.564,-118.642,1.178959781085086
57,30,34.31,-117.3,-0.1251178682214321
59,30,35.733,-120.29,-1.0681435028830844
60,30,35.671,-120.359,-0.903708735441126
61,30,34.059,-117.312,0.3575632484917831
62,30,34.704,-118.426,-0.5431842822224956
63,30,34.87,-118.9,-0.7207193451592883
64,30,34.808,-118.72,0.1169958549445911
65,30,33.729,-116.979,1.974376246921988
66,30,35.644,-118.474,-1.300718423007322
67,30,34.09,-118.339,1.6711534518218638
68,30,33.77,-118.23,-2.189201888985304
69,30,34.674,-118.43,-0.804900013902118
70,30,34.571,-118.56,1.3295153145195813
71,30,34.65,-118.478,0.6795226257255998
72,30,34.608,-118.558,0.7030009575370436
73,30,35.997,-119.486,-0.1757695825243484
74,30,35.04,-119.429,-1.641906033221978
75,30,35.078,-119.401,-1.669895560779585
77,30,34.57806,-118.11401,0.9129703773280098
78,30,34.139,-118.121,-0.5537706621059432
80,30,34.5083,-117.922,1.5704389442190183
81,30,34.145,-119.206,-1.744643817417426
82,30,34.091,-117.808,0.3457353733038917
83,30,32.719,-117.163,-0.7087857680434638
84,30,33.4894,-117.671,0.9524614337546778
85,30,33.37,-117.56,-0.5179277677298384
86,30,34.185,-118.018,1.7277547497464056
87,30,34.46,-118.753,2.080950334418489
88,30,34.9417,-118.827,1.0174490057299934
89,30,34.41,-119.85,-0.9548605383887864
90,30,34.155,-117.675,1.0163075898620555
91,30,35.027,-118.791,0.2170605201214332
92,30,34.02,-118.053,0.9400283386828312
93,30,34.36,-117.63,0.3174232750662267
321,76,36.503,-120.32,1.2383028531172016
322,76,35.639,-120.404,-0.282566833129478
323,76,35.743,-120.277,0.0871581372105089
324,76,35.751,-120.259,-1.0997025646703225
326,76,35.77,-120.247,-0.8668149560416185
327,76,35.724,-120.294,0.0111616558739229
328,76,35.707,-120.316,-0.2017562487436803
329,76,35.718,-120.304,1.030572603808456
330,76,35.697,-120.328,1.1423537220665854
331,76,35.684,-120.342,0.7645587837507594
332,76,35.671,-120.359,0.4778641003467205
334,76,35.872,-120.422,-0.5354378364645143
335,76,35.896,-120.398,-0.7101512090288933
336,76,35.899,-120.433,-0.7768906964194445
337,76,35.908,-120.458,1.09502220178772
338,76,35.921,-120.481,0.6959961946113986
339,76,35.927,-120.456,0.5376562146271356
340,76,35.787,-120.334,0.237510846320915
341,76,35.803,-120.334,0.7239341271831468
342,76,35.836,-120.395,-0.7810107617310332
343,76,35.859,-120.42,-1.6438448731223758
344,76,35.871,-120.404,-0.4363936922898964
345,76,35.878,-120.381,0.0369580134401126
346,76,35.879,-120.445,-1.7857491435927355
347,76,35.818,-120.378,-0.6427233715399968
348,76,35.843,-120.348,-0.6584414728736435
349,76,35.812,-120.391,-0.6283056352432828
350,76,35.87,-120.334,-0.4187282274970568
351,76,35.796,-120.411,0.8558137723874192
352,76,35.785,-120.444,0.1779373263306064
353,76,35.77,-120.477,0.3154781103914931
354,76,35.738,-120.507,0.0682571945006359
355,76,35.81,-120.282,-0.3253688087299887
356,76,35.833,-120.27,1.2771146118182797
357,76,35.855,-120.281,-0.9261311409783356
358,76,35.957,-120.481,0.2411903526080744
359,76,35.934,-120.497,-0.8783915456855852
361,76,35.927,-120.509,-0.737150483630975
362,76,35.922,-120.534,-0.1549973997078395
363,76,35.905,-120.55,-1.339491417272631
365,76,35.861,-120.6,0.4236654160765005
368,76,36.034,-120.59,0.2160083781232755
588,113,34.07,-118.15,0.6764845856399443
589,113,34.177,-118.096,0.306417603825584
590,113,33.817,-117.951,-1.4964305900908903
591,113,34.13,-118.036,0.1229306996434145
592,113,34.236,-118.439,-0.0630321446978792
593,113,34.1,-117.974,-0.4776928036344235
594,113,33.965,-118.158,0.2704425841741771
595,113,34.127,-118.405,0.0471667187372219
596,113,34.132,-118.439,-0.5927818970447271
597,113,34.286,-118.225,0.8928004300039295
598,113,33.916,-117.896,-0.1193357836883682
599,113,33.89,-117.927,0.45492015682905
600,113,33.8904,-117.9258,-0.1328777204678568
601,113,34.168,-118.331,0.4869467008955535
602,113,34.15,-118.696,-0.4556409991120097
603,113,34.212,-118.606,0.9552616240981272
604,113,34.419,-118.426,0.4464422862680127
605,113,33.9121,-117.838,0.9125130093938172
606,113,33.812,-118.27,-0.4761939902569977
608,113,34.459,-118.65,-0.537190195052742
609,113,34.564,-118.642,0.3870838267609383
610,113,33.899,-118.196,1.2952429170027873
611,113,34.078,-117.871,-1.6002300158585
612,113,34.087,-117.915,-2.0198117394209323
613,113,33.92,-118.137,0.9474070507253634
614,113,33.924,-118.167,-0.2234458099200701
615,113,34.093,-118.019,0.1289832996789038
616,113,33.869,-117.709,-0.4357544979354563
617,113,33.719,-117.937,-0.8060041660541885
618,113,34.049,-118.112,1.218595070385303
619,113,34.2,-118.231,0.6817329221033548
620,113,34.137,-117.883,-0.3254569595709073
621,113,33.99,-117.943,0.6155172266336596
622,113,33.729,-116.979,2.054162896128883
623,113,33.662,-117.997,-0.2781023039956328
624,113,33.905,-118.279,1.8710289767717223
625,113,33.929,-118.26,1.822419775681145
626,113,34.009,-118.361,0.2312912801786917
627,113,34.001,-118.431,-0.427828964049757
628,113,34.063,-118.418,0.1508140791207578
629,113,34.062,-118.416,-1.167039383051732
630,113,34.086,-118.481,-2.0702719840875963
631,113,34.088,-118.222,-0.5507276349609221
632,113,34.004,-118.23,-0.4259569405712538
633,113,34.115,-118.244,0.125306042124445
634,113,34.09,-118.339,1.2799629425736676
635,113,34.089,-118.435,-1.3934871117577143
636,113,34.111,-118.189,-0.6833776954792448
637,113,34.082,-118.298,0.3821826950616723
638,113,34.037,-118.178,1.0267647913861884
639,113,34.005,-118.279,0.7932074475597677
640,113,34.046,-118.355,0.0265458319562056
641,113,33.976,-118.289,-0.1769620072861759
643,113,33.754,-118.2,-1.1742846088211036
644,113,33.881,-118.176,0.2907918319836617
645,113,33.84,-118.194,0.1665078382599503
646,113,33.778,-118.133,-1.0220053560061024
647,113,34.238,-118.254,0.8039511881601866
648,113,33.921,-117.973,-0.6460423113296073
649,113,34.026,-117.918,-0.7134170828627003
650,113,34.674,-118.43,-0.1404410717848818
651,113,33.846,-118.099,1.2803505873511134
652,113,34.688,-118.156,0.9703407037274696
653,113,33.897,-118.346,-0.8829477662297717
654,113,34.6,-118.241,-0.5256274842058656
655,113,34.604,-118.244,0.5114914640650459
656,113,34.045,-118.638,0.02151561609949
657,113,34.013,-118.8,-0.2231878748646935
658,113,34.024,-118.788,-0.3682492325240258
660,113,34.39,-118.08,0.2727177557523772
661,113,34.288,-118.881,-0.1625663990363525
662,113,34.224,-118.057,-0.0284191309764089
663,113,34.194,-118.412,0.7900897399364303
664,113,34.387,-118.533,-0.588553571005978
665,113,34.391,-118.622,-0.1180517360462614
666,113,34.209,-118.517,1.3430105844804034
667,113,33.915,-118.07,-0.4736641206989813
668,113,33.9354,-117.884,0.6934069469340716
669,113,34.042,-118.554,-1.346138304884419
670,113,34.296,-118.375,0.9750489696735454
671,113,34.25,-118.42,1.316261901489468
672,113,34.222,-118.442,0.0985396795629151
674,113,34.139,-118.121,-0.8267599655596145
682,113,34.168,-118.078,0.8070775277453196
683,113,33.96,-118.432,-2.1169570408335154
684,113,34.056,-117.748,-0.6817043172896003
685,113,34.104,-117.574,0.1049447585915464
686,113,33.74,-118.335,-1.8074674410798983
687,113,33.951,-117.446,0.0923464476215198
688,113,34.827,-118.265,0.6530616092410945
689,113,34.091,-118.093,0.2249549682590471
690,113,34.115,-118.13,-0.2339441019474027
691,113,33.944,-118.087,1.3030080826050443
692,113,34.005,-118.485,-1.4889942275690364
693,113,34.146,-118.412,0.8536249571207661
694,113,34.221,-118.421,1.3299636072716725
695,113,34.235,-118.366,-0.1776547129466998
696,113,34.269,-118.303,-1.1447783226168322
697,113,34.326,-118.444,-0.3908912247701189
698,113,34.306,-118.437,-1.171233947253586
699,113,34.16,-118.534,3.2603884098977103
700,113,33.736,-118.269,-1.857056972357385
701,113,33.822,-118.356,-1.0961568209000083
703,113,33.821,-117.818,0.1424355747675174
704,113,34.064,-117.952,-0.904207509487143
705,113,34.02,-118.053,0.9231668514700708
706,114,34.07,-118.15,0.3006868872265544
707,114,34.177,-118.096,0.859919502960924
708,114,33.924,-118.167,-0.7845893169764877
709,114,33.905,-118.279,0.7973783779324136
710,114,33.929,-118.26,0.6427919286414069
711,114,34.009,-118.361,0.4898209348744866
712,114,34.09,-118.339,0.26605484034708
713,114,34.037,-118.178,0.9649425201452342
714,114,34.224,-118.057,0.8708091970399806
715,114,34.115,-118.13,-0.1940008669071791
716,114,34.16,-118.534,2.105768438731709
3683,114,33.817,-117.951,-1.3678390675202117
3684,114,34.13,-118.036,0.5219372858989905
3685,114,34.1,-117.974,-1.3592603271830823
3686,114,33.965,-118.158,-0.416899659531369
3687,114,34.127,-118.405,0.1301158404568224
3688,114,34.286,-118.225,2.437827114746351
3689,114,33.916,-117.896,-0.5640425426060732
3690,114,33.847,-118.018,0.9869739017918506
3691,114,34.168,-118.331,0.4103246817204821
3692,114,34.15,-118.696,-0.90273105380682
3693,114,34.212,-118.606,-0.0609206403997961
3694,114,34.419,-118.426,-0.3893641631634614
3695,114,33.812,-118.27,-1.534575295758277
3697,114,33.899,-118.196,0.4581437042546977
3698,114,34.078,-117.871,-1.993457253844479
3699,114,34.087,-117.915,-1.2525501444181448
3700,114,33.92,-118.137,0.8363264481497233
3701,114,34.093,-118.019,0.1192711167858967
3702,114,33.719,-117.937,-0.3918875056296064
3703,114,34.2,-118.231,1.4786414321400232
3704,114,33.79,-118.012,-0.1182193014720027
3705,114,34.137,-117.883,-1.2954029856018352
3706,114,33.99,-117.943,0.024765670840292
3707,114,34.001,-118.431,-0.7479292697028277
3708,114,34.088,-118.222,-0.0671342136891633
3709,114,34.004,-118.23,-0.4659022856177136
3710,114,34.115,-118.244,0.306405330180836
3711,114,34.089,-118.435,-0.7762676297354191
3712,114,34.111,-118.189,-0.892157754181018
3713,114,34.082,-118.298,-0.2409142756319157
3714,114,34.005,-118.279,0.7224755016192617
3715,114,34.046,-118.355,0.6328040298316299
3716,114,33.976,-118.289,-0.2016956491327859
3718,114,34.238,-118.254,1.504337502112482
3719,114,33.921,-117.973,0.268856212161117
3720,114,34.026,-117.918,-0.0304098106647741
3721,114,33.846,-118.099,1.3080896305672458
3722,114,33.897,-118.346,-1.3869995003696003
3723,114,33.881,-118.176,0.4908951087511654
3724,114,34.024,-118.788,-0.7841661895091996
3725,114,33.886,-118.389,-1.0025075930922631
3726,114,34.39,-118.08,0.3575462640768112
3727,114,34.194,-118.412,-0.3347745467991861
3728,114,34.209,-118.517,0.3542861656306455
3729,114,34.042,-118.554,-1.6912723745169822
3730,114,34.25,-118.42,0.6177379975666536
3731,114,34.222,-118.442,-0.6571137358674993
3732,114,34.168,-118.078,2.142535679668222
3733,114,34.091,-118.093,-0.6891225737658614
3734,114,33.944,-118.087,1.943275206573106
3735,114,34.146,-118.412,0.699473966694277
3736,114,34.221,-118.421,0.964639671568654
3737,114,34.235,-118.366,0.1181612576096293
3738,114,34.269,-118.303,-0.6043947360804248
3739,114,34.306,-118.437,-1.5182024266406773
3740,114,33.822,-118.356,-1.6464916205671147
3741,114,33.821,-117.818,0.250008634985848
3742,114,34.064,-117.952,-0.9879407436172892
730,118,37.465,-122.342,-1.281882109870604
732,118,37.657,-122.082,0.8021303934398616
733,118,37.657,-122.061,-0.1161491319177818
734,118,37.484,-122.313,-0.4881220727405878
735,118,37.47,-122.32,-0.600869446335666
736,118,37.397,-121.952,-0.5569618111935184
737,118,37.785,-122.303,1.7011667060266753
740,118,37.047,-121.984,0.3921028699075563
741,118,36.573,-121.184,0.1891434085903741
742,118,36.532,-121.143,0.8759055796962797
743,118,36.658,-121.249,0.0050194178841885
744,118,36.569,-121.043,0.2145682236023106
745,118,36.673,-121.195,-1.129150214790668
746,118,36.483,-121.18,0.0722271270342806
747,118,37.512,-122.308,-0.6336233922388999
748,118,37.87,-122.24,-0.9416340152785052
749,118,37.876,-122.249,0.3820370184950303
750,118,37.452,-121.807,-0.907088249193272
751,118,36.973,-121.953,1.1087073520522774
752,118,37.05,-121.803,-0.9222256494234414
753,118,37.124,-121.551,-0.8554778017282697
754,118,37.118,-121.55,0.2747268434939446
755,118,37.709,-121.932,-1.2335926098061392
756,118,37.492,-122.136,-1.3401100973195157
757,118,37.844,-122.295,1.84670218986436
760,118,37.535,-121.929,0.2035906685364006
761,118,37.53,-121.919,0.050931379349469
762,118,36.973,-121.568,0.2765909941564003
763,118,37.009,-121.569,-1.225862520926415
765,118,36.982,-121.556,-0.1083259746772953
766,118,36.987,-121.536,1.1391885622839275
767,118,37.001,-121.522,-0.5181905761382998
768,118,37.026,-121.484,-0.6146346367787414
769,118,37.033,-121.434,0.4264438786179719
770,118,37.808,-122.476,1.3972729398006711
771,118,37.338,-121.714,-1.285124938400096
772,118,37.67,-122.086,1.5890017641040504
773,118,37.679,-122.082,0.116051273052675
774,118,36.765,-121.446,-2.032633386526705
775,118,36.848,-121.397,0.3452063124441261
776,118,36.85,-121.4,-0.6732828855630196
777,118,36.888,-121.413,-0.1016863624728374
778,118,37.172,-122.01,-0.0195293098173648
780,118,37.529,-122.361,-0.3971139563966449
781,118,36.597,-121.897,-0.4551359530606858
782,118,37.813,-122.314,1.9051483086786063
783,118,37.806,-122.267,1.5270884474596649
784,118,38.043,-122.797,1.9024436570010228
785,118,37.453,-122.112,-0.3642961847446705
786,118,37.42,-122.21,0.3373627113263241
789,118,37.935,-122.342,1.0101298140589403
790,118,36.753,-121.395,-1.6945767835402974
791,118,37.728,-122.385,0.4780404495417066
792,118,37.778,-122.513,0.3120903871333229
793,118,37.74,-122.432,0.8590714132247402
795,118,37.792,-122.457,1.3599688760077506
797,118,37.803,-122.408,-0.5027983940110771
798,118,37.622,-122.398,1.5682348615010515
799,118,36.671,-121.642,-1.226561496214642
800,118,37.21,-121.803,0.8536622040346032
801,118,37.255,-122.031,-0.191536489164321
802,118,37.262,-122.009,-1.1547426277546329
805,118,37.402,-122.025,-0.2123054329393223
806,118,37.597,-121.88,-0.4716500781031588
808,118,37.001,-122.062,1.10756548640198
809,118,37.001,-122.06,1.131251925544185
810,118,36.972,-121.995,2.0006949840889225
811,118,37.429,-122.258,-1.9005683271397265
812,118,37.807,-122.361,-0.3095761199752599
831,125,34.56,-115.743,1.3325657046041637
832,125,33.817,-117.951,-0.0343751387889949
833,125,34.127,-118.059,-1.0824043519051088
834,125,34.13,-118.036,0.2648578693207581
835,125,35.271,-116.066,1.03191801171902
836,125,34.1,-117.974,-0.7671171204616873
837,125,34.887,-117.047,-1.1652950151522454
838,125,33.965,-118.158,0.2311527489852464
839,125,34.286,-118.225,0.433244960467544
840,125,35.002,-117.65,0.4285800384908401
841,125,33.916,-117.896,-0.1044105308629003
842,125,33.847,-118.018,0.0517564657330468
843,125,34.168,-118.331,0.9555415746341894
844,125,34.15,-118.696,-0.5176409232874125
845,125,34.358,-118.571,0.0204845503321148
846,125,33.899,-118.196,1.2387859003901769
847,125,34.851,-116.858,0.1890580330813
848,125,34.087,-117.915,-0.0780319937603251
849,125,33.962,-116.509,-0.8775435682863472
850,125,33.924,-118.167,0.1990975486006336
851,125,34.15,-117.939,-1.04215363606944
852,125,34.093,-118.019,-0.5237129681203054
853,125,33.869,-117.709,0.0445168641208264
854,125,35.268,-116.684,0.4601544826085982
855,125,33.719,-117.937,0.6211098182673576
856,125,34.2,-118.231,0.527813916142243
857,125,34.137,-117.883,0.3709986037287912
858,125,33.99,-117.943,0.2453108341474153
859,125,33.729,-116.979,0.8863156244428468
860,125,33.727,-118.044,0.7218173388927366
861,125,33.717,-116.155,-0.4646236860757634
862,125,33.905,-118.279,0.1699068109907797
863,125,34.13,-116.314,-1.7028979711301078
864,125,33.929,-118.26,0.6718032124122145
865,125,34.004,-118.23,0.0050171964314235
866,125,34.115,-118.244,-0.0527427078019234
867,125,34.111,-118.189,-0.3520684624303085
868,125,34.082,-118.298,0.0181257615517729
869,125,34.037,-118.178,0.9303891903761456
870,125,34.005,-118.279,0.0144248807066956
871,125,34.045,-118.298,0.107612352086804
872,125,33.976,-118.289,0.6125044455911602
873,125,33.881,-118.176,0.8997174550246743
874,125,34.238,-118.254,-0.4050207179870119
875,125,33.921,-117.973,-0.0963775646362426
876,125,34.026,-117.918,-0.4088145943723043
877,125,33.846,-118.099,0.6814679555455495
879,125,33.905,-116.419,-0.6507524038225421
880,125,34.04856,-116.57816,-1.7683098088097593
881,125,33.924,-116.543,-0.3147073035011857
882,125,34.209,-118.517,0.1118097606719684
883,125,33.829,-116.512,-0.3394859082591745
884,125,34.056,-117.748,0.2368954140567351
885,125,33.324,-116.683,0.6100479888830808
886,125,33.951,-117.446,0.3859011210839529
887,125,34.065,-117.292,0.3021328318673647
888,125,34.091,-118.093,-0.0311254276910726
889,125,33.944,-118.087,0.937918320582359
890,125,33.851,-116.852,-0.3956017379608909
891,125,34.221,-118.421,-0.1510824950309187
892,125,34.235,-118.366,-0.9497506553026654
893,125,34.269,-118.303,-0.4514659956440054
894,125,34.16,-118.534,0.8369187774837347
895,125,33.7278,-117.824,-0.0594801792224123
896,125,34.021,-116.009,-0.6473223682814789
897,125,33.821,-117.818,-0.1974546506768755
898,125,34.064,-117.952,-0.0756894781553369
899,125,34.904,-116.823,-0.3810515095296469
3751,125,34.088,-116.919,0.2051473546451646
3752,125,33.925,-116.389,-0.4738329400102433
3753,125,33.74624,-116.2163,0.3678287808868743
3755,125,35.043,-116.572,-0.1185532657929165
3756,125,33.92474,-116.54794,-0.4683039719955331
3757,125,33.81663,-116.3945,-0.7665427923514679
3758,125,33.99,-116.656,-0.2875037026445615
3759,125,34.238,-116.935,0.7002499234908359
900,126,34.238,-116.935,-0.1608531532132632
901,126,33.962,-116.509,0.2282350879809382
902,126,33.426,-116.078,1.5956275160851272
903,126,34.662,-118.387,-0.3547303953677955
904,126,33.869,-117.709,-1.111531045376075
905,126,33.729,-116.979,1.4876560892726711
906,126,34.405,-117.313,-1.4380600421260292
907,126,33.717,-116.155,0.2144273635307672
908,126,33.715,-116.221,0.8641038187624723
909,126,34.13,-116.314,-1.751216758298209
910,126,34.04,-118.445,-0.4233745137240629
911,126,34.053,-118.171,0.6156520012702016
912,126,34.059,-118.246,-0.060085838728502
913,126,34.062,-118.198,0.2442357460541391
914,126,33.628,-116.28,-0.159275843704283
915,126,33.564,-115.987,0.5812360103350626
916,126,34.233,-117.661,-0.5629631433452816
917,126,33.634,-117.902,0.0352601268172886
918,126,33.421,-115.831,1.3532688265021051
919,126,33.504,-115.913,1.4347317299907476
920,126,33.829,-116.512,1.147134330984702
921,126,34.458,-117.909,-0.5545535328456607
922,126,34.467,-117.52,0.1785147840789541
923,126,33.324,-116.683,1.6038226393505923
924,126,34.169,-117.579,-1.3324478742768335
925,126,34.104,-117.574,-1.2187095869849085
926,126,33.951,-117.446,-0.8770208564869362
927,126,33.58,-116.931,2.216981990140572
928,126,33.28,-115.984,1.823844307029752
929,126,34.103,-117.288,-1.2473001072616776
930,126,34.065,-117.292,-1.6793199692057668
931,126,33.76,-116.96,-1.4325296898843545
932,126,33.757,-118.084,0.2215413863965065
933,126,33.851,-116.852,-0.7261641523923222
934,126,33.888,-116.684,1.0546006540309418
935,126,34.16,-118.534,0.5310858303130161
936,126,33.496,-117.149,-1.0404374129060625
937,126,33.64,-117.094,1.3429085369291358
938,126,34.314,-117.545,0.2554823976691899
939,126,34.369,-117.658,0.8588748437089664
940,126,34.904,-116.823,-0.3882175725499107
6056,126,34.136,-117.213,-0.3330400289573381
6057,126,33.925,-116.389,0.7734832611305062
6058,126,34.04856,-116.57816,-1.0462794458513924
6059,126,33.92474,-116.54794,0.7702630905253599
941,127,34.07,-118.15,-0.4206588189607831
942,127,34.016,-119.362,-0.3978158482016948
943,127,33.817,-117.951,-0.8060092219961577
944,127,34.58,-118.199,-2.26467465681668
945,127,34.758,-118.361,-0.7221964766079055
946,127,34.127,-118.059,-0.9488476009633654
947,127,34.13,-118.036,-0.2373209657279976
948,127,34.236,-118.439,-0.7019605225247092
949,127,34.1,-117.974,0.5255457907647012
950,127,33.965,-118.158,-0.4002140576619213
951,127,34.127,-118.405,1.3990406627983087
952,127,34.132,-118.439,0.8331356342887056
953,127,34.286,-118.225,0.252974544116595
954,127,33.916,-117.896,0.2032135692344893
955,127,33.847,-118.018,0.3076937072131392
956,127,34.204,-118.302,-1.570133540133018
957,127,34.208,-119.079,-0.4618138761881289
958,127,34.212,-118.606,-0.2347069755175275
959,127,34.419,-118.426,0.6786382580619185
960,127,33.812,-118.27,-0.1488093622037371
962,127,34.564,-118.642,0.8856622987261503
963,127,33.899,-118.196,0.1215689931898424
964,127,34.078,-117.871,-0.6348398801009706
965,127,34.087,-117.915,-0.5080367460509352
966,127,33.92,-118.137,0.130951091234666
967,127,33.924,-118.167,1.2023821434571205
968,127,34.15,-117.939,-0.9706186741875746
969,127,34.093,-118.019,0.3176568699862332
970,127,34.662,-118.387,-0.4673546283267156
971,127,33.869,-117.709,0.7938940895546356
972,127,33.79,-118.012,0.386088705828463
973,127,34.2,-118.231,1.671043257888588
974,127,34.137,-117.883,-0.7514636891726202
975,127,33.99,-117.943,-0.4917157073024091
976,127,33.731,-117.023,1.15459959716104
977,127,34.088,-118.365,-0.2524947412530351
978,127,33.727,-118.044,0.0151861474179846
979,127,33.662,-117.997,0.0697021735656197
980,127,33.905,-118.279,0.6537638490926075
981,127,34.312,-118.496,-1.3215417144354664
982,127,34.313,-118.498,-0.3347862683240366
983,127,33.929,-118.26,0.7370748320478071
984,127,34.009,-118.361,0.9882512303492382
985,127,34.063,-118.463,-0.8682074933237711
986,127,34.001,-118.431,1.7647523915987555
987,127,34.063,-118.418,0.058811938804103
988,127,34.086,-118.481,-0.4718583014061779
989,127,34.053,-118.171,1.7543286183780005
990,127,34.088,-118.222,0.3323533138556366
991,127,34.004,-118.23,-0.4818360388874695
992,127,34.115,-118.244,0.0118322212465645
994,127,34.09,-118.339,1.1843381889979323
995,127,34.089,-118.435,-0.0937641768275049
996,127,34.111,-118.189,-0.3365736938488006
997,127,34.082,-118.298,0.8428356159520337
998,127,34.037,-118.178,2.4799819040315625
999,127,34.043,-118.271,-0.2635853783538366
1000,127,34.005,-118.279,1.011504158287603
1001,127,34.021,-118.287,-0.5345867427987838
1002,127,34.046,-118.355,1.9946554231654805
1003,127,34.24892,-118.4789,0.4183104106820053
1004,127,34.059,-118.246,0.2436327897862503
1005,127,34.068,-118.439,1.9953854193139604
1006,127,34.062,-118.198,1.2456808381480151
1007,127,34.045,-118.298,-0.5283935413970887
1011,127,34.106,-118.454,0.3537583712941194
1012,127,34.294,-118.483,-1.1152468333141985
1013,127,33.768,-118.196,-1.2268072652919884
1014,127,33.84,-118.194,-0.981883450204788
1015,127,34.238,-118.254,-0.2312633140168436
1016,127,33.921,-117.973,0.4361359085977358
1017,127,34.026,-117.918,-0.066597894678848
1018,127,34.674,-118.43,-1.6380081938827806
1019,127,34.571,-118.56,0.305353566485702
1020,127,34.65,-118.478,-0.907763625215113
1021,127,34.65,-118.477,-1.9290087097711408
1022,127,34.608,-118.558,0.0037344500911527
1023,127,33.846,-118.099,0.8336185429694515
1024,127,34.739,-118.214,-0.9389829916173776
1025,127,33.897,-118.346,1.1988870619555898
1026,127,34.594,-118.242,-0.418527476070602
1027,127,34.595,-118.243,-1.0049188772569635
1028,127,34.596,-118.243,-0.6557723530665363
1029,127,34.598,-118.242,-1.603767135053353
1030,127,34.6,-118.241,-0.7187453354869398
1031,127,34.604,-118.244,0.2992183185567219
1032,127,34.486,-117.98,-0.983919309358276
1033,127,34.013,-118.8,-1.270553159748434
1034,127,33.886,-118.389,0.2810702880881113
1035,127,35.07,-118.175,-0.8909538140108008
1036,127,35.042,-118.377,-0.4844216650957285
1037,127,33.99,-118.114,0.5189903712858864
1038,127,34.288,-118.881,-0.219011198362914
1039,127,34.233,-117.661,0.6933588517158568
1040,127,34.224,-118.057,0.6063895775732022
1041,127,34.194,-118.412,-0.6882239684133948
1042,127,34.848,-118.536,-1.7004385396038644
1043,127,34.387,-118.533,0.3716185854456057
1044,127,34.391,-118.622,-2.184647340446954
1045,127,33.634,-117.902,-0.6423213569639504
1046,127,33.623,-117.931,0.4014480413091102
1047,127,34.209,-118.517,0.0194062460685899
1048,127,34.042,-118.554,0.676640620177149
1051,127,34.296,-118.375,-1.3780926888175415
1052,127,34.581,-118.135,0.1249857763049422
1053,127,34.435,-118.582,-0.7151728564992987
1054,127,34.168,-118.078,0.7143384337820148
1055,127,34.467,-117.52,0.2423768055961816
1056,127,33.96,-118.432,-0.9046052509933457
1057,127,34.109,-119.065,0.4297223177476084
1058,127,34.145,-119.206,-0.6451739038437767
1059,127,34.169,-117.579,0.4370923839094156
1060,127,33.746,-118.396,-0.8853034219681115
1061,127,33.74,-118.335,0.4444775450400339
1062,127,34.281,-118.478,0.6036394985667988
1063,127,33.951,-117.446,0.4654157034104806
1064,127,33.787,-118.356,-0.4501075789185103
1065,127,34.87,-118.206,-0.6947660298488822
1066,127,34.183,-117.321,0.2019428644998308
1068,127,34.065,-117.292,1.0610221155152464
1069,127,34.091,-118.093,1.211256880140441
1070,127,33.787,-116.958,1.880988668976636
1071,127,34.115,-118.13,-0.2377162262943412
1072,127,33.722,-118.309,-0.0783898078341074
1073,127,34.743,-118.724,-1.382764213707026
1074,127,34.422,-119.851,0.5435692026965785
1075,127,33.944,-118.087,0.9450982145785836
1076,127,34.011,-118.49,2.9156945862136063
1077,127,34.232,-118.71,-0.4741036425587784
1078,127,33.757,-118.084,0.3285533440060268
1079,127,34.264,-118.666,-0.0226026806207182
1081,127,34.221,-118.421,-0.4766881075682786
1082,127,34.269,-118.303,-1.944379538718929
1083,127,34.311,-118.49,0.4772979482433864
1084,127,34.312,-118.481,-0.2649691901159398
1085,127,34.326,-118.444,0.1353042543748455
1086,127,34.16,-118.534,4.587673061126303
1087,127,33.736,-118.269,0.5608179912481623
1088,127,34.084,-118.6,-0.152297301518035
1089,127,33.7278,-117.824,0.4554026615997272
1091,127,34.276,-119.293,-1.138748004399263
1092,127,33.821,-117.818,-0.4782952116173486
1093,127,34.064,-117.952,-1.102581259826739
1094,127,34.015,-118.029,-1.22285161778504
1095,127,34.381,-117.737,-0.871821977141903
1096,127,34.314,-117.545,-0.1321773208697382
1097,127,34.369,-117.658,0.7578276541840687
1179,137,23.7192,120.4125,-0.5150446769096526
1180,137,23.6013,120.1715,0.1395295400842904
1181,137,23.5815,120.552,0.5585501310126684
1182,137,23.4853,120.2692,0.5465278607822108
1183,137,23.4653,120.544,0.6176043060152164
1184,137,23.3328,120.1523,-0.5976301695818506
1185,137,23.2963,120.5828,1.589467691213278
1186,137,23.355,120.4052,0.9474043800137416
1187,137,23.2212,120.1532,0.7754009592751345
1188,137,23.2147,120.268,-0.3122494308127996
1189,137,23.1795,120.4778,0.0366466435615288
1190,137,23.0457,120.4615,-0.0979569187781808
1191,137,22.9655,120.28,-0.0876618109752735
1192,137,23.757,120.6062,-0.2475038713010783
1193,137,23.7795,120.5137,0.5221381024989953
1194,137,23.7987,120.4113,-1.2877433705964842
1195,137,23.752,120.2468,-0.9600370429139458
1196,137,23.632,120.6052,1.2799895808834565
1197,137,23.6135,120.5282,-0.0080102215614361
1198,137,23.5799,120.291,-0.3548907512708976
1199,137,23.5407,120.2153,-0.5419304485444563
1200,137,23.5212,120.5443,0.5150030499128817
1201,137,23.52,120.584,0.4197971313852019
1202,137,23.6073,120.4788,2.0216449675648525
1203,137,23.5207,120.344,-0.2884963032849126
1204,137,23.4388,120.5957,2.00035610375904
1205,137,23.3583,120.5833,-0.7375604132192007
1206,137,23.3832,120.1635,-0.5374371354595907
1207,137,23.4765,120.4632,0.6863466876235388
1209,137,23.2803,120.4083,-0.1183818377287447
1210,137,23.2878,120.501,0.0694368926955256
1212,137,23.2698,120.2705,0.9171600184300172
1213,137,23.1495,120.4098,-0.3713794139918996
1214,137,23.1725,120.3192,-0.5670442164340376
1215,137,23.184,120.1025,0.0165880459483255
1216,137,23.1243,120.2392,-0.8495200073594807
1217,137,23.0768,120.5107,-1.0521442725543837
1218,137,23.1213,120.45,-0.5404687579397409
1219,137,23.027,120.3402,-0.2772192151099465
1220,137,22.906,120.345,1.068608619832243
1221,137,22.9205,120.2078,-0.4170078226666764
1222,137,22.999,120.1837,0.3892017491902609
1223,137,22.9737,120.1815,-0.5438352207776045
1224,137,22.971,120.2286,-0.7786663745690269
1225,137,23.0648,120.1645,0.0259669913097614
1226,137,23.5103,120.8052,-0.3519526888932986
1229,137,23.1848,120.528,-0.8973064556815662
1230,137,23.5972,120.6777,1.707568452610744
1231,137,23.267,120.488,-1.277309659453956
1232,137,23.7237,120.2975,-0.1733335302379989
1233,137,23.351,120.5932,0.2268586984671333
1234,137,23.3845,120.519,0.3435005121670664
1235,137,23.3462,120.4293,1.419391061360131
1236,137,23.2673,120.2163,0.3070262891019294
1237,137,23.7913,120.4783,-1.0093152642796577
1238,137,23.6538,120.1472,-0.1707312477321735
1239,137,23.7935,120.3205,-1.1236105524151103
1240,137,22.983,120.2327,-0.5926582009340075
1241,137,23.1373,120.2802,-0.7306440236362448
1242,137,23.2272,120.3418,-0.1490785213039008
1243,137,23.6862,120.5622,2.7936006055785905
1245,137,23.6695,120.4648,-0.2572591062637335
1249,137,23.0775,120.1082,0.2397217908981766
1257,137,23.6608,121.414,1.009525779255272
1258,137,23.6732,121.4173,0.4463460415303814
1259,137,23.9877,121.6173,-0.1921798276847274
1260,137,23.9925,121.6165,0.3015463228265438
1261,137,23.9962,121.5858,0.2841685825232705
1262,137,23.993,121.6233,-0.0053562348546189
1263,137,23.978,121.591,0.91652329087959
1264,137,23.9732,121.5993,0.2692097157694793
1265,137,23.9757,121.553,0.2782389917636613
1266,137,23.9648,121.56,0.2389439644324837
1267,137,23.9497,121.5392,0.3007358449680487
1268,137,23.977,121.605,0.8395960179677208
1269,137,23.8137,121.4328,-0.0539770618092352
1270,137,24.2675,121.7325,0.7994122839542587
1271,137,24.08,121.5955,-1.0146891324741218
1272,137,23.3522,121.297,-2.260785482927642
1273,137,24.163,121.6447,-0.1385448882525388
1274,137,24.1185,121.6165,-0.4627212889898215
1275,137,24.055,121.591,0.6539092563434591
1276,137,24.0172,121.6013,0.544373288206033
1277,137,23.9373,121.5702,0.2710062444366124
1278,137,23.7852,121.4488,-0.2824148780144875
1279,137,23.7653,121.4922,0.894309775821952
1280,137,23.7108,121.412,3.060029982097501
1281,137,23.6867,121.4747,1.4201966698825854
1282,137,23.5905,121.3772,1.2384065124171555
1283,137,23.732,121.4362,0.9142858295360214
1284,137,23.4995,121.367,-0.6959134483763882
1285,137,23.4542,121.384,0.4806141772873092
1286,137,23.4615,121.3445,-1.01897118174897
1287,137,23.3845,121.3523,-0.44018821082254
1288,137,23.2675,121.2942,-0.3027737509283721
1289,137,23.7092,121.54,0.1946538052188372
1290,137,23.6538,121.5268,-0.0808834567345396
1291,137,24.3095,121.7405,1.7792771185277585
1292,137,24.1492,121.6213,0.5543276252012382
1293,137,24.0113,121.5715,0.8420886475976901
1294,137,23.9952,121.5577,0.1349769468285754
1295,137,23.9897,121.584,0.5475970576643723
1296,137,23.8703,121.548,1.6145610486148971
1298,137,23.4317,121.3398,-1.82345141215868
1299,137,23.3232,121.3323,-0.3145735816232032
1300,137,24.1795,121.5077,0.9112085232370783
1301,137,24.16,121.61,1.4174713706001565
1302,137,23.9672,121.484,1.361568629491276
1303,137,23.8713,121.5005,1.3425474170575709
1304,137,23.8703,121.59,-1.1639250265140575
1307,137,24.845,121.7973,0.3482831340687586
1308,137,24.7982,121.7813,0.3325904452027832
1310,137,24.6978,121.8052,0.5663914954446208
1311,137,24.6412,121.825,0.5641485589874563
1312,137,24.5943,121.8462,0.9298685488873571
1313,137,24.7088,121.7628,0.4497565835698329
1314,137,24.619,121.7812,0.2208357701075859
1315,137,24.7807,121.7335,0.3826416080164716
1316,137,24.732,121.7294,1.821312161423668
1317,137,24.6945,121.7202,0.2440937208630239
1319,137,24.749,121.684,0.3623682743070482
1320,137,24.7135,121.644,0.3835722556519998
1321,137,24.6448,121.588,-0.5982726373700384
1322,137,24.6893,121.7603,1.0571430067814114
1323,137,24.7278,121.755,1.2166942105193908
1324,137,24.5995,121.8337,1.3582085424135393
1325,137,24.6242,121.8272,-0.2617874798408602
1326,137,24.8241,121.7603,0.0037755776173236
1327,137,24.7883,121.7513,-0.0908569646609631
1328,137,24.7455,121.7142,0.3738792941883032
1329,137,24.765,121.7212,-0.4005015745024273
1330,137,24.7233,121.7917,0.8032506298416339
1331,137,24.6903,121.792,0.5691560700544094
1332,137,24.629,121.7347,0.5780680038569095
1334,137,24.666,121.7338,0.5385475545666238
1335,137,24.7663,121.7612,0.6001867599643398
1336,137,24.7655,121.748,0.136685601070605
1337,137,24.428,121.7407,1.307530565517331
1338,137,24.7212,121.667,0.1788464115045428
1339,137,24.6092,121.8488,-0.2438342442988661
1340,137,24.9732,121.9183,-0.5394860200572049
1341,137,24.7387,121.8083,0.6968151747567838
1342,137,24.7622,121.8088,0.1728171409606407
1343,137,24.6667,121.8205,0.7817622171394317
1344,137,24.5233,121.825,-0.10403188787294
1345,137,24.4677,121.7933,0.961159401070112
1347,137,24.477,121.7787,0.5791273942831686
1348,137,24.4473,121.7707,1.0913993774524846
1349,137,24.44,121.3728,2.926357102678058
1350,137,23.1618,120.6355,-1.856284813817232
1352,137,22.591,120.3173,-1.4295886916516891
1353,137,22.6462,120.3585,-1.298644803604564
1354,137,22.6295,120.3672,-1.0428051419341116
1355,137,22.7873,120.279,-1.2499456956256263
1357,137,22.8797,120.3707,0.4434492610357314
1358,137,22.656,120.3317,-1.0029551906754617
1359,137,22.891,120.4738,-1.216145909425053
1360,137,22.902,120.5352,-0.1622476497565853
1361,137,22.6707,120.491,-1.262888984967484
1362,137,22.6108,120.5588,-0.7983437518206573
1363,137,22.5462,120.4528,-0.7057949954802061
1364,137,22.4643,120.4535,-1.350610999904519
1366,137,22.2617,120.6432,-0.7642777081574109
1367,137,22.1922,120.6853,-1.750270142832153
1368,137,22.0982,120.7418,-1.7020136352427204
1369,137,22.1905,120.8703,-2.2506430788824483
1371,137,21.9137,120.8403,-0.3665345864499199
1372,137,22.4397,120.5028,-0.5053561050346856
1373,137,22.0055,120.738,-0.4663628778727621
1374,137,23.0817,120.5827,-1.2034254812614564
1375,137,22.7252,120.4908,-0.8555090945714329
1376,137,23.1625,120.7573,0.3805577020015479
1378,137,21.9433,120.8053,-1.2439219885164012
1379,137,23.2777,120.7128,-0.523474112605262
1380,137,22.6342,120.2633,-1.1347327995866925
1381,137,22.6495,120.3203,-1.3074050881314006
1382,137,22.6237,120.2843,-0.6793773969778426
1383,137,22.9053,120.1732,-0.7554267788466462
1384,137,22.7852,120.2385,-0.5525072223145385
1385,137,22.7303,120.3412,-0.7392815984221957
1386,137,22.8873,120.6567,-0.4032987329332122
1387,137,22.5348,120.5362,-1.1722332233137769
1388,137,22.574,120.5663,-1.2288112509686775
1389,137,22.4903,120.499,-0.7796717178890222
1390,137,22.747,120.7233,-0.8757465997004481
1391,137,22.7112,120.6412,-0.0919809490005793
1392,137,22.0095,120.7367,-0.2953095778416635
1393,137,21.9428,120.7238,0.10324341320636
1394,137,22.5673,120.4475,-1.5028899228643755
1395,137,22.8858,120.3222,-0.3681354551433725
1396,137,22.795,120.295,-0.7493694422553431
1397,137,22.6128,120.3113,-0.8138887833678767
1398,137,22.6461,120.306,-1.132309360543855
1401,137,24.6312,121.0005,3.9422097900977646
1403,137,23.5672,119.5552,0.6892906447501852
1405,137,22.746,120.632,-0.8728415694528109
1408,137,25.0392,121.507,-0.2167562710509829
1409,137,25.0863,121.45,1.6683003254766071
1411,137,25.0947,121.5093,0.9722740966646972
1412,137,25.0758,121.5083,1.3644682601818872
1413,137,25.0758,121.5273,0.4603359786616409
1414,137,25.063,121.4813,1.3133092185634965
1415,137,25.0563,121.5078,0.9793853976944438
1416,137,25.0572,121.5253,0.8268652244564362
1417,137,25.0578,121.5442,1.1938390411606017
1418,137,25.0528,121.448,1.5429193788148194
1419,137,25.0388,121.5263,0.3359297583554104
1421,137,25.0203,121.4652,0.3674686013378975
1422,137,25.017,121.5027,0.627944265347032
1423,137,25.0045,121.5073,-0.1356000041294504
1424,137,25.0007,121.4748,1.5362645151577343
1425,137,24.955,121.5303,1.0388923772536995
1426,137,24.9239,121.535,0.7768163686258144
1427,137,24.9043,121.5447,0.1228774999116406
1428,137,25.183,121.4167,1.3375467304987685
1429,137,25.1255,121.4532,1.4574488584520615
1430,137,24.9913,121.41,0.8115201891711318
1432,137,24.9538,121.3375,0.001762492597321
1433,137,25.148,121.4365,1.6663524591716088
1434,137,25.1008,121.4403,1.4857055616414525
1435,137,25.0817,121.3828,2.10628398820994
1436,137,24.959,121.5143,1.2112594269047228
1437,137,25.1565,121.6855,-0.1469537744448698
1438,137,25.1572,121.7237,0.2214857530329367
1440,137,25.1865,121.5202,0.9010654397881958
1442,137,25.0082,121.9882,-0.052477598995879
1443,137,24.9913,121.65,0.3709543699512144
1446,137,25.056,121.872,0.8773339801108807
1447,137,25.0237,121.906,-0.450083921259216
1448,137,25.0182,121.9808,-0.261442935272876
1449,137,25.2595,121.4938,0.6586352644765486
1450,137,25.2252,121.6295,-0.329770766953289
1452,137,25.1008,121.4177,0.9149051275211976
1453,137,25.0573,121.5945,1.7141993886237008
1454,137,25.141,121.4758,1.1457210883615088
1455,137,25.1353,121.4913,2.230026847227107
1456,137,25.0207,121.5299,0.5893584064659705
1457,137,25.103,121.5395,0.8655624771129149
1458,137,25.0351,121.519,0.7743266552975304
1459,137,25.071,121.781,2.3448696814080146
1462,137,25.0473,121.1357,0.6303822937797452
1463,137,24.9118,121.1405,0.7314974101874948
1464,137,25.0015,121.3097,0.4868728222530274
1465,137,25.0092,121.2062,0.5030356731582541
1466,137,24.9655,121.22,0.3092116291682593
1467,137,25.0003,121.1533,0.8737076973593002
1468,137,24.8855,121.2783,0.2252630749274936
1469,137,25.0463,121.3075,0.9439919657447732
1470,137,24.7572,120.9345,1.248589616436212
1471,137,24.7808,121.0068,0.6675175012871185
1472,137,24.88,121.0535,0.0553245409478482
1473,137,24.7065,121.176,-0.0650967902180064
1474,137,24.7757,121.075,1.1585287571015563
1475,137,24.5588,120.7492,0.9345461519191454
1476,137,24.5615,120.701,-0.0478719537510241
1477,137,24.6855,120.8623,1.5246741518319271
1478,137,24.639,120.8568,1.385313018672068
1479,137,24.4488,120.6963,-0.5449808916771298
1480,137,24.4912,120.663,-0.0362709220671775
1481,137,24.4917,120.7837,0.7831070354226505
1482,137,24.4497,120.6455,-0.4342095022231218
1483,137,24.5542,120.8077,0.8554780562033679
1484,137,24.5412,120.9137,2.559092167842576
1485,137,24.4683,120.8543,-0.6381241210233279
1486,137,24.6188,120.9387,3.185441647225615
1487,137,24.18,120.594,0.237499915284861
1488,137,24.179,120.6902,0.0430615095791261
1489,137,24.1815,120.6338,-1.1414850031698496
1490,137,24.1603,120.6518,0.0058457339068689
1491,137,24.198,120.7393,-0.8846613907940042
1492,137,24.1935,120.6688,-0.4447455200032532
1493,137,24.1612,120.675,-1.0362283882527912
1494,137,24.1392,120.6643,-0.1166447620631155
1495,137,24.1588,120.6238,-0.8602197391113054
1496,137,24.1732,120.6107,-1.767830344526558
1497,137,24.2687,120.5637,-0.6379324350281925
1498,137,24.2247,120.644,-0.9965086601303388
1499,137,24.1355,120.549,-0.7197670425385911
1500,137,24.1083,120.6158,-0.7664831109323618
1501,137,24.3457,120.61,-1.235150082053629
1502,137,24.0588,120.6912,1.9212862699669249
1503,137,24.0912,120.72,0.0608418971337662
1504,137,24.2772,120.7658,0.2892340433627574
1505,137,24.196,120.5403,-0.0536818620919023
1506,137,23.9855,120.7883,0.4360061609670058
1507,137,24.0407,120.8488,-0.0607784814229977
1508,137,23.9622,120.9618,0.0473509888369995
1509,137,23.9827,120.6778,-0.01130882617118
1510,137,23.9077,120.6757,0.3740482795064271
1511,137,23.812,120.8455,0.3462370605585841
1512,137,23.8395,120.8942,0.908034270134068
1513,137,24.8022,120.9695,-0.0576625630369497
1514,137,24.1475,120.676,-1.096330244824282
1515,137,24.97,121.1867,0.9559851604876036
1516,137,23.883,120.8998,0.4918998179813829
1518,137,24.3482,120.7733,-2.131218353859502
1519,137,24.2533,121.1758,4.241229367240607
1520,137,23.9037,120.8565,-0.7634362015353363
1521,137,25.0117,121.2792,0.6486953295506124
1522,137,24.7695,121.0488,0.3311690514530552
1523,137,24.6917,121.0135,4.821109818689237
1524,137,24.7957,120.9558,0.3181879096527285
1525,137,24.7433,120.899,0.8684494595873014
1526,137,24.1858,120.6153,-1.099691744789046
1527,137,24.242,120.7092,-0.2864464172369441
1528,137,24.2493,120.7208,-1.2689847241135634
1529,137,24.3098,120.7072,-1.5207790696839427
1530,137,24.2455,120.6018,-1.7194467229208592
1531,137,24.239,120.559,-1.0301561776785737
1532,137,24.0833,120.5518,-0.3654633981098787
1533,137,24.0727,120.5402,-1.0516412962432296
1534,137,24.0848,120.5713,-0.7436729126737515
1535,137,23.9622,120.5695,-0.3739704992875752
1536,137,24.1137,120.4872,-0.8923990050634273
1537,137,24.0557,120.424,-0.6128901676494608
1538,137,23.8928,120.3865,-1.0117703053736598
1539,137,23.9595,120.4693,-1.0658050640779455
1540,137,23.8568,120.5803,-0.4456377184425122
1541,137,24.1335,120.4598,-0.2890705876189858
1542,137,24.0027,120.4235,-0.411133778240652
1543,137,23.9242,120.3122,-0.6553595324757127
1544,137,23.9803,120.613,-0.2922019284609994
1545,137,23.8128,120.6097,0.3528583947287879
1546,137,24.0187,120.5437,-1.0524927736331875
1547,137,24.4162,120.7607,-0.7153695674875666
1548,137,23.8783,120.6843,1.9291470194109035
1549,137,24.2603,120.6518,-1.24083350144696
1550,137,23.9223,120.5955,-0.0996324010959157
1551,137,23.9578,120.3593,-0.7334206425306945
1552,137,23.8338,120.464,-0.7610703282353968
1553,137,23.98,120.3368,-0.4842026806307336
1554,137,24.8592,121.2475,1.2254081593878186
1556,137,23.3178,121.4425,-0.2073404740007055
1557,137,22.9738,121.2968,-1.520167300468637
1558,137,22.6178,120.9975,-1.4857333679343496
1559,137,22.9102,121.1287,-0.7419521357863778
1560,137,22.7568,121.1403,-1.7304596852783924
1561,137,22.7717,121.1378,-2.0364750078766654
1562,137,22.7647,121.1427,-2.2151831978107577
1563,137,22.7602,121.1517,-1.97619583362878
1564,137,22.7488,121.1442,-1.4718474685845386
1565,137,22.74,121.1135,-1.675052419593519
1566,137,22.7662,121.133,-2.019093821910897
1567,137,22.7678,121.1277,-2.9076295684389506
1568,137,23.0992,121.3653,-0.6210000414576456
1569,137,22.754,121.1465,-1.4602424963922678
1571,137,22.8207,121.0717,-1.4741242500404337
1572,137,23.1268,121.2057,-2.122773070778442
1573,137,23.0973,121.2105,-0.4684184707557041
1574,137,23.053,121.1557,-0.6008567178110416
1575,137,22.9725,121.1083,-1.451021274075125
1576,137,22.9045,121.072,-0.513654878849364
1577,137,22.863,121.083,-1.5054312053801568
1578,137,22.8078,121.086,-1.1010120850299787
1579,137,22.779,121.0543,-1.9274782389425067
1580,137,23.3563,121.4603,0.2386215512938735
1581,137,23.2462,121.4055,-0.1200830569123149
1582,137,23.193,121.3878,-1.217987266890767
1583,137,22.7988,121.1855,-1.4926808448647677
1584,137,23.1512,121.198,-1.5275252200359395
1585,137,23.1342,121.1177,0.0979899154024858
1587,137,23.0068,121.1655,-0.8878465849037939
1588,137,22.9757,121.1478,-1.494396130656893
1589,137,22.9658,121.232,0.8060645555733112
1590,137,22.8402,121.131,-1.6794783223437322
1591,137,22.773,121.0827,-1.7417577693239483
1592,137,22.674,121.0293,-1.1710087236652282
1593,137,23.1887,121.0168,-1.2339390194542037
1597,137,23.8635,120.2812,-0.2771490139402177
1690,151,34.016,-119.362,0.2335861040428985
1691,151,34.58,-118.199,-1.0487064377405075
1692,151,34.236,-118.439,-1.0380248453870942
1693,151,34.127,-118.405,0.6560693028710869
1694,151,34.286,-118.225,1.125974271003941
1695,151,34.204,-118.302,-0.7309448502098955
1696,151,34.168,-118.331,0.9213193212690238
1697,151,34.15,-118.696,0.3763438321666767
1698,151,34.564,-118.642,-0.5616111689510187
1699,151,34.662,-118.387,-1.1284618670452544
1700,151,34.088,-118.365,-0.2685076086474089
1701,151,33.905,-118.279,-0.6532412938928339
1702,151,34.312,-118.496,-0.2063931724503953
1703,151,34.313,-118.498,0.3343679011052394
1704,151,33.929,-118.26,-0.2987227305818851
1705,151,34.009,-118.361,0.0894267573257037
1706,151,34.063,-118.418,0.5754371503067864
1707,151,34.053,-118.171,0.4054878187335909
1709,151,34.09,-118.339,1.4436381560378324
1710,151,34.089,-118.435,-1.0228527316063205
1711,151,34.059,-118.246,-0.9942359139315012
1712,151,34.062,-118.198,-0.232155437756065
1713,151,33.976,-118.289,-0.6415956652331235
1715,151,34.238,-118.254,-0.0322853001786923
1716,151,34.571,-118.56,-0.6295583846195143
1717,151,34.486,-117.98,-0.3509696735753935
1718,151,34.013,-118.8,-0.7088668201572756
1719,151,34.39,-118.08,1.071525792702738
1720,151,34.387,-118.533,-1.329080521999288
1721,151,34.209,-118.517,-0.6923893055555914
1722,151,34.296,-118.375,0.1254071486975685
1723,151,34.581,-118.135,-0.0808142373058081
1724,151,34.222,-118.442,-1.157993297098914
1725,151,34.1367,-118.129,-0.1174236679182644
1726,151,34.169,-117.579,0.4049235988300131
1727,151,34.281,-118.478,1.860573758537969
1728,151,34.115,-118.13,-0.185867829244527
1729,151,34.011,-118.49,0.968641588834614
1730,151,33.757,-118.084,-0.9346881390791884
1731,151,34.264,-118.666,0.2204352444862543
1732,151,34.221,-118.421,-0.5158865270777772
1733,151,34.235,-118.366,0.7476148877419145
1734,151,34.269,-118.303,-0.4987608266204331
1735,151,34.311,-118.49,-0.1289041235737263
1736,151,34.312,-118.481,0.3376188761928374
1737,151,34.306,-118.437,0.4011714718123229
1738,151,34.16,-118.534,1.1182204693404696
3765,151,34.425,-117.964,0.1532661894329768
3766,151,34.326,-118.444,-0.1015589769397248
3767,151,34.16,-118.532,0.7328885084019804
3768,151,34.068,-118.439,0.3487888468393537
3769,151,34.04,-118.445,0.3365162393832441
3770,151,34.24892,-118.4789,-0.1643066976276543
3773,151,34.086,-118.481,-0.6848315947778242
3774,151,34.212,-118.606,0.711746146474102
3775,151,34.146,-118.412,1.5816114487212822
3776,151,34.194,-118.412,-0.7997910627510939
3777,151,34.358,-118.571,1.236688584762404
3778,151,34.2,-118.231,1.5102953461808466
1758,158,33.915,-118.066,-0.5023657707387167
1759,158,34.0842,-118.152,-0.3428575039683992
1760,158,34.177,-118.096,0.1202411902371091
1761,158,34.56,-115.743,1.2593077217971258
1762,158,33.607,-116.453,-0.1190280002567168
1763,158,33.6022,-116.756,0.4749447989233725
1764,158,34.236,-118.439,-0.0566987627689842
1765,158,35.271,-116.066,0.336240225991853
1766,158,33.869,-116.824,-1.6776216879293226
1767,158,34.887,-117.047,-0.6940075270477971
1768,158,34.07618,-118.3959,-0.4741235219607889
1769,158,34.241,-116.872,0.4717183122008256
1770,158,33.3527,-115.733,-0.2882036313928083
1771,158,34.1949,-118.354,0.8680848814056618
1772,158,33.91761,-116.78329,-0.6527400927229624
1773,158,34.155,-118.641,-0.860583602935698
1774,158,34.564,-118.642,1.5055764022173062
1775,158,33.962,-116.509,-0.7575178712308854
1776,158,34.235,-117.407,0.0667679650661011
1778,158,32.7806,-115.5681,-1.725610969868446
1779,158,33.869,-117.709,-0.0223790658612762
1780,158,34.397,-118.918,1.2648696536199673
1781,158,34.088,-116.919,-0.2567237983652387
1782,158,35.268,-116.684,0.6056450771209253
1783,158,33.398,-115.657,0.5264269868018084
1784,158,33.925,-116.389,-0.1229276790481212
1785,158,34.161,-116.799,0.2047930091254936
1786,158,34.8294,-116.335,-0.8102824228974319
1787,158,33.729,-116.979,0.782385513614363
1788,158,34.405,-117.313,-0.432924665797508
1789,158,33.662,-117.997,0.238101245119074
1790,158,33.717,-116.155,-0.1725264701265741
1791,158,33.715,-116.221,-0.0963126201621616
1792,158,34.313,-118.498,1.2358632956299165
1793,158,34.13,-116.314,-1.2194218519370836
1794,158,33.925,-116.172,-0.3814726325160898
1796,158,34.053,-118.171,0.9240178219734672
1798,158,34.037,-118.178,0.9557340646677092
1799,158,34.043,-118.271,-0.9145352936089034
1800,158,34.059,-118.246,0.3277265000879116
1801,158,33.943,-118.411,-0.7382702146887085
1802,158,33.768,-118.196,-0.7270752397796506
1803,158,34.2096,-118.186,0.3657130628640955
1804,158,34.674,-118.43,1.3742642383984924
1805,158,34.6172,-118.285,1.537797778645309
1806,158,34.5214,-117.991,1.1339004997255315
1807,158,34.073,-118.117,0.8940203352574821
1808,158,34.233,-117.482,0.4187107590589615
1809,158,33.564,-115.987,0.3072102946709056
1810,158,34.067,-117.117,-1.0957709993760116
1811,158,34.079,-117.045,-0.3182419862936321
1812,158,34.04856,-116.57816,-1.0969750156329865
1813,158,34.387,-118.533,-0.3948196192907891
1815,158,33.92474,-116.54794,-0.3910308056102485
1816,158,33.421,-115.831,0.1927305295846418
1817,158,34.296,-118.375,0.8003941421695319
1818,158,34.57806,-118.11401,0.7404376247311388
1819,158,34.149,-118.15,0.7642095182081289
1820,158,34.056,-117.748,0.0870870795868873
1821,158,33.951,-117.446,-0.0924547074905807
1822,158,33.28,-115.984,0.285319154983898
1823,158,34.1663,-117.251,-0.7980510607739176
1824,158,34.065,-117.292,0.0294622075092647
1825,158,34.091,-117.289,-0.2955895542567877
1826,158,34.14,-117.294,-0.3899718918319438
1827,158,34.103,-117.349,-0.4985443198629824
1828,158,34.047,-117.277,0.9046422282917936
1829,158,34.205,-117.365,-0.0690636967653228
1830,158,33.797,-116.88,-0.1033390945923039
1831,158,34.1105,-117.099,0.6049215392537614
1832,158,33.888,-116.684,-1.7630674646011677
1833,158,34.327,-118.444,0.5631539613500248
1834,158,33.496,-117.149,0.3138025576407059
1835,158,34.021,-116.009,-0.6056817396755693
1836,158,34.4435,-117.853,1.3899987496757336
1837,158,33.99,-116.656,-0.5737660083284084
1839,158,34.02,-118.053,1.07234652913289
1840,158,34.314,-117.545,1.1773621544798032
1841,158,34.36,-117.629,1.005069357458403
3779,158,34.07,-118.15,0.1992474805102573
3780,158,33.853,-117.857,-0.2085869329239054
3781,158,33.854,-117.817,0.7469794167332213
3782,158,33.93,-116.972,-0.4573043865876578
3783,158,34.208,-119.079,0.5521611105144626
3784,158,34.224,-118.994,0.5477914951566984
3785,158,34.459,-118.65,0.5151532596508136
3786,158,33.8556,-117.54,-0.636821228032601
3787,158,34.096,-118.23,-0.2073152912016495
3788,158,33.939,-118.098,0.6183232355416993
3789,158,33.889,-117.886,0.1588536803362941
3790,158,33.766,-117.918,-0.290927933116984
3791,158,34.103,-118.316,0.6187329622240756
3792,158,34.097,-118.352,-0.7436343145178261
3793,158,34.19897,-118.1737,-0.2264722924536548
3794,158,34.058,-118.252,-0.1879497072291565
3795,158,34.07,-118.346,-0.2302620115804118
3796,158,34.077,-118.286,0.5918930418186952
3797,158,34.14,-118.21,-0.1079815745969886
3799,158,34.037,-118.263,-0.6406362739007739
3800,158,34.059,-118.479,-1.477950822653272
3801,158,34.049,-118.29,-0.5503678071507988
3802,158,34.06,-118.448,-0.7244178195497786
3803,158,34.041,-118.348,-0.6656179250483962
3804,158,34.036,-117.95,0.3037388963123992
3805,158,34.013,-118.8,-0.6214448325245604
3806,158,34.273,-118.464,0.1125426793243826
3807,158,34.288,-118.881,0.0056126286827049
3808,158,33.604,-117.906,-0.330443238055329
3809,158,33.605,-117.89,0.2767688045362966
3810,158,34.199,-118.396,0.2052510468864936
3811,158,33.777,-117.834,0.1438309020677964
3812,158,34.002,-118.077,-0.8236126226910724
3813,158,34.063,-117.784,-0.2397657300184546
3814,158,33.919,-117.488,0.6241205978800467
3815,158,33.979,-117.344,-0.190688728497481
3816,158,33.895,-117.32,0.5374418097243239
3817,158,33.975,-117.486,-0.9119197142997096
3818,158,32.754,-117.164,0.2425509412626583
3819,158,34.115,-118.13,-0.5881074568464494
3820,158,33.722,-118.309,-1.3146132262296455
3821,158,34.084,-118.6,-1.659162180993728
3822,158,34.139,-118.364,0.8208606650785927
3823,158,34.184,-118.447,0.2597378414393111
3824,158,34.219,-118.627,1.007062504637993
3825,158,34.185,-118.623,0.6141325778314572
1867,161,34.074,-117.35,-1.9746957360485788
1868,161,34.058,-117.305,-0.4353807509511135
1869,161,34.235,-117.407,0.1723365944451262
1870,161,34.088,-116.919,-0.0812807209872965
1871,161,34.744,-117.334,1.404934600947796
1872,161,33.729,-116.979,2.1209393062015054
1873,161,34.405,-117.313,-1.3018128757860548
1874,161,34.136,-117.213,-0.7982749108294502
1875,161,33.748,-117.127,0.6695576642571107
1876,161,33.74624,-116.2163,0.6099526830783996
1877,161,33.706,-116.235,1.1389533353671275
1878,161,34.282,-116.453,0.5700364899715837
1879,161,34.05,-117.264,-0.6351175682208196
1880,161,34.233,-117.482,-0.0700023602960289
1881,161,34.067,-117.117,-0.9049916052230316
1882,161,34.079,-117.045,0.1525208299461964
1883,161,33.921,-117.173,0.6776086095832199
1884,161,33.902,-117.234,-0.3451297822439821
1885,161,34.04856,-116.57816,0.8679026141381427
1886,161,33.92474,-116.54794,0.2952437892966479
1887,161,34.439,-117.647,1.631319356911226
1888,161,34.00469,-117.22393,-0.2566670137751848
1889,161,33.979,-117.344,0.0656322767987011
1890,161,34.1663,-117.251,-1.659665979145407
1891,161,34.065,-117.292,-0.5318858232350321
1892,161,34.091,-117.289,-0.5413082384708453
1893,161,34.069,-117.275,-0.4470835620035502
1894,161,34.14,-117.294,-0.8473488269023272
1895,161,34.165,-117.288,-0.4802702475681256
1896,161,34.103,-117.349,-0.9832541637254624
1897,161,34.12288,-117.28792,-0.8245638813438774
1898,161,34.135,-117.322,-0.2254195272742288
1899,161,34.047,-117.277,0.1353229467538153
1900,161,34.096,-117.287,-0.053047030567803
1901,161,34.14492,-117.21876,-0.462834747380854
1904,161,33.715,-117.191,0.4096602596635392
1905,161,34.4435,-117.853,1.613866049632741
1906,161,33.99,-116.656,0.7228978282975861
1907,161,34.36,-117.629,1.4543869691168545
1908,161,34.904,-116.823,1.819345368567752
1909,161,34.004,-117.058,-0.3937438345593336
1916,163,32.838,-116.775,0.4808215281037611
1917,163,33.607,-116.453,1.0517861568947255
1918,163,33.6022,-116.756,1.7807955032572207
1919,163,33.5558,-116.674,-1.6499284093783455
1920,163,33.93,-116.972,-0.8491022346134711
1921,163,34.241,-116.872,-0.1350932378350111
1922,163,33.19373,-116.3289,-0.752666957233154
1923,163,33.91761,-116.78329,-0.1969843758358824
1924,163,32.6695,-115.493,0.3892050501493168
1925,163,33.699,-117.267,2.720917981581068
1926,163,33.678,-116.178,0.932441868226656
1927,163,33.876,-117.593,1.2600509468371694
1928,163,33.884,-117.514,0.4133940867455307
1929,163,32.8,-115.473,0.2720081657329942
1930,163,32.7806,-115.5681,0.274537175467202
1931,163,32.75172,-115.59516,0.4066369236852533
1932,163,32.829,-115.504,-0.1653727212261238
1933,163,33.925,-116.389,0.5467785782157748
1934,163,33.744,-116.931,1.0482448514733411
1935,163,33.751,-117.015,1.954885243300649
1936,163,33.729,-116.979,1.618549313139736
1937,163,34.136,-117.213,-0.2759146014385076
1938,163,33.708,-115.628,-0.0454651909221547
1939,163,33.748,-117.127,2.293578907663708
1940,163,33.6758,-116.68,-0.0215214018216292
1941,163,33.747,-116.715,0.823601074687237
1943,163,33.6159,-116.621,2.0818288343748934
1944,163,33.723,-116.338,-0.3293854197993718
1945,163,33.74624,-116.2163,0.5648139522681361
1946,163,34.13,-116.314,-0.976024699979158
1947,163,33.671,-116.3,1.81314682894844
1948,163,33.669,-117.332,2.191199056147256
1949,163,33.572,-116.076,-0.7685993223178449
1950,163,33.649,-117.205,1.3535111486911686
1951,163,34.079,-117.045,-0.4452687417074586
1952,163,34.014,-117.511,1.450369080424247
1953,163,33.921,-117.173,1.7001854361553193
1954,163,33.902,-117.234,0.4432597324040545
1955,163,33.968,-117.252,0.2734243368152484
1956,163,34.04856,-116.57816,0.0563981331105754
1957,163,33.57783,-116.58987,0.0004489605414748
1958,163,33.239,-115.512,-0.7300810493407217
1959,163,33.92474,-116.54794,-0.1537765725543014
1960,163,33.818,-117.312,2.700604309206045
1961,163,33.15569,-116.1679,-0.4139181740858004
1962,163,33.758,-116.374,0.4727970461537924
1963,163,33.787,-117.23,1.2797469343058108
1964,163,32.954,-117.04,2.4724119975986665
1965,163,33.482,-116.911,1.3210452181233778
1966,163,33.787,-116.41,-0.220558713453637
1967,163,34.00469,-117.22393,0.2296626537655138
1968,163,33.919,-117.488,1.0754134615476365
1969,163,33.917,-117.443,0.9647511233420224
1970,163,33.975,-117.486,0.8596919796451085
1971,163,33.895,-117.32,1.2464874764084053
1972,163,33.951,-117.446,1.4719015976231646
1973,163,33.58,-116.931,0.4889038780573316
1974,163,34.1663,-117.251,0.2799214784870433
1975,163,34.091,-117.289,-0.3632071406267161
1976,163,34.069,-117.275,-0.7460106700006741
1977,163,34.14,-117.294,0.1220326961200786
1978,163,34.165,-117.288,0.3979215449144579
1979,163,34.12288,-117.28792,-0.5954065561752124
1980,163,34.047,-117.277,-0.1315660719002456
1981,163,34.14492,-117.21876,-0.1885262050920048
1982,163,33.82177,-116.96836,-0.6083779028184363
1983,163,33.787,-116.959,1.0278015480550686
1984,163,34.1105,-117.099,1.3161084988902891
1985,163,33.715,-117.191,1.9510929266053445
1986,163,33.496,-117.149,0.8456691310034427
1987,163,34.149,-116.084,0.8491940866008546
1988,163,33.99,-116.656,0.4856867070217351
8169,163,34.55046,-117.43391,0.1194888592866433
8170,163,33.63838,-116.4011,0.403196542420026
8171,163,34.68708,-118.29946,-1.1366027987465772
8173,163,32.68005,-116.67215,0.9497235366562014
8174,163,33.3527,-115.733,0.6061792311331159
8175,163,34.2623,-116.92075,-0.2829525800502979
8176,163,33.921,-116.981,-1.3642683380677874
8177,163,33.57508,-117.26119,0.527804036126833
8179,163,34.23883,-117.65853,-0.6345312030241489
8180,163,35.2693,-116.0703,-0.3202289764228427
8181,163,34.069,-116.39,-0.7013691411783128
8182,163,33.268,-116.417,1.1691054137596644
8183,163,33.80776,-117.98116,-1.3575346574243272
8184,163,33.01213,-115.21987,-1.222057542118344
8185,163,34.68224,-118.57398,-0.0370386507572752
8186,163,33.38822,-117.19495,0.3083549993136865
8187,163,35.52495,-117.36453,-0.1705607121295353
8189,163,33.999,-117.68,0.0629017829295337
8190,163,33.4019,-118.41502,-1.359630411866784
8192,163,34.093,-117.317,-0.3713392422163122
8193,163,34.0602,-117.809,0.3221089767677949
8194,163,33.876,-117.561,0.7344378493828556
8195,163,33.655,-115.99,-0.570071242521341
8197,163,34.63745,-115.38115,1.2711559616267358
8198,163,34.25353,-118.33383,-0.7094911834566267
8199,163,33.93597,-116.57794,-0.048391448888731
8200,163,33.65,-117.009,-0.0572739023451119
8201,163,34.10618,-118.45505,-2.324899346736274
8202,163,33.84822,-118.09624,-0.6534394248789073
8203,163,33.567,-116.631,0.6980063473549404
8204,163,32.999,-116.942,1.2906830964469955
8205,163,32.805,-115.447,-0.4270783939808146
8206,163,32.65915,-116.10061,-0.0792963960554506
8207,163,34.88303,-117.99106,-0.4449971400952158
8209,163,33.11675,-115.82267,0.6492914905368528
8211,163,33.71264,-118.29381,-3.006142821524571
8212,163,34.1,-117.439,-1.1058349778600474
8213,163,33.8717,-117.92251,-0.1099291439105067
8215,163,33.051,-114.827,-1.759335881632508
8216,163,33.1537,-117.22921,0.394958900492154
8217,163,35.30177,-116.80574,-1.1433562598627816
8218,163,34.8294,-116.335,-1.3906291472066392
8219,163,34.17643,-118.35967,-1.3161422842563075
8220,163,34.121,-117.219,-1.496611617157033
8221,163,33.0859,-116.5959,0.5518561609848162
8222,163,35.9823,-117.8076,0.4272505136584063
8223,163,34.36622,-116.61266,0.0846560305690636
8224,163,33.7141,-116.7119,0.4737415809868941
8225,163,33.86889,-118.33143,-0.5070548640534173
8226,163,34.00033,-118.37794,-1.401619271958873
8227,163,35.13066,-115.18416,-0.2345904647646406
8228,163,34.30529,-118.48805,-0.4800843950268418
8229,163,33.9753,-118.14918,-0.650300428593698
8230,163,34.10819,-119.06587,-1.5138038513413123
8231,163,34.61594,-117.82493,0.7505648389649726
8232,163,33.684,-117.943,-0.7947555414949536
8233,163,35.47954,-117.68212,0.3982402941729743
8234,163,33.881,-118.176,-0.5449977574175484
8235,163,34.3656,-117.36683,-1.4755485940738715
8236,163,33.3516,-116.5615,-0.4460478752051741
8239,163,33.818,-116.369,0.769433727700159
8240,163,34.13688,-118.12601,-0.3769697575171674
8242,163,34.005,-117.562,0.9041193911594804
8243,163,34.28085,-118.9049,-0.6301289804280956
8244,163,33.808,-116.968,1.056968131372429
8246,163,34.22362,-118.05832,0.4269509982819023
8247,163,34.8249,-114.59941,0.9542697276500542
8248,163,33.556,-115.946,-0.0098164414708259
8249,163,33.788,-117.844,-1.0259286236478262
8250,163,33.94539,-117.92372,0.044167849654827
8251,163,32.608,-116.93,1.4814090462952318
8252,163,34.1484,-118.1711,-1.9599579907982445
8253,163,34.44199,-118.58215,-0.9662265402012564
8254,163,34.1207,-117.63808,-0.7961890020904161
8256,163,33.82436,-116.51195,1.1407128489647254
8257,163,33.354,-116.863,0.0153722617581625
8258,163,33.7953,-117.60906,-0.5808107152605937
8260,163,33.63,-116.8478,1.276661449093783
8261,163,34.281,-118.478,0.5405973102771461
8262,163,34.10473,-117.97956,-1.2810919091974369
8263,163,33.74346,-118.40412,-0.8598127813255435
8264,163,34.87533,-116.99684,-0.0261727079536044
8265,163,34.05073,-118.08085,-0.2797066772921387
8266,163,33.99351,-117.37545,-0.1456892200723355
8267,163,33.70432,-117.88578,-1.4553959468716695
8269,163,34.232,-117.235,-0.5043253968208345
8270,163,32.9799,-118.54697,-0.2221547129260797
8272,163,34.43692,-119.1375,-1.257561506687959
8273,163,35.8996,-116.27515,-0.0670399160348149
8274,163,33.48725,-117.68114,-1.047421088175332
8276,163,34.01438,-118.45617,-0.9803019689936008
8277,163,34.27091,-118.74407,-1.29755553724462
8278,163,33.24787,-119.52437,-1.8339284772051507
8279,163,32.841,-117.248,0.7868073928835777
8280,163,34.416,-118.449,-0.4702120858991716
8281,163,34.05933,-118.64614,-1.6434868744738582
8283,163,33.829,-117.789,-0.8788539008428591
8284,163,33.1774,-115.616,-1.058999496434926
8285,163,34.30302,-119.18676,-0.1605488659014637
8286,163,33.664,-117.769,-1.712921970699524
8287,163,33.79033,-118.19878,-1.071356989212615
8288,163,34.106,-117.098,0.5964215787137856
8289,163,32.94508,-115.79988,-0.0337197363151212
8291,163,34.38203,-117.67822,-0.7593061208745221
8292,163,34.08377,-118.599,-1.218766749256851
8294,163,33.63495,-116.16402,-0.5701349254365173
8296,163,34.15607,-118.82039,-1.3452410735448312
8297,163,34.01919,-118.28631,-1.720040389714726
8298,163,34.48364,-118.11783,-0.3336220253870301
8300,163,34.56065,-117.3296,1.3916871726549982
8301,163,32.75904,-115.73161,0.6855554513197396
8302,163,34.00948,-117.95077,-0.5088303780336794
8303,163,34.1717,-118.64971,0.8944885201659749
8304,163,33.94869,-118.25547,-0.507128570165897
2046,167,33.84,-117.957,-0.6251786013337228
2047,167,33.863,-117.742,-0.0623807461541331
2048,167,33.854,-117.817,0.5520765471389997
2049,167,33.933,-117.896,1.809432328630185
2050,167,34.018,-118.147,-0.5850555072592153
2051,167,33.876,-117.593,-0.7526888113415503
2052,167,33.875,-117.636,-0.0015532931344129
2053,167,33.889,-117.886,0.1185985331234099
2054,167,33.91,-117.93,-0.7467126486982469
2055,167,33.866,-117.958,-0.4590421132658468
2056,167,33.932,-117.955,-0.3493240305471678
2057,167,33.917,-117.443,0.2284333557216471
6065,167,34.136,-117.213,0.7363006964059888
6068,167,34.069,-117.275,0.3724459610628838
6069,167,34.103,-117.349,-0.4142311721794386
6070,167,34.14492,-117.21876,1.177913935501454
6071,167,34.14,-117.294,0.5195738738580596
6072,167,34.091,-117.289,0.8624480173030622
6073,167,34.073,-118.117,1.129645006925754
6074,167,34.2096,-118.186,0.0756931810916192
6075,167,34.233,-117.482,2.1156151602052407
6076,167,33.927,-117.803,-0.2314085919300322
6084,167,33.919,-117.488,0.5292315271961465
6085,167,33.904,-117.561,-0.1968251315846446
6086,167,33.975,-117.486,-0.6254409533613021
6087,167,33.889,-118.047,-1.3805839072051118
6088,167,33.962,-118.065,0.4234376069057051
6089,167,33.991,-118.121,0.6373632368708265
6090,167,33.898,-118.209,-0.0628076047238099
6091,167,33.999,-118.178,0.2301523310909286
6092,167,33.837,-118.072,-0.8661837942816882
6093,167,33.92,-118.24,0.6409773519348664
6094,167,33.944,-118.246,1.1096215952188313
6095,167,33.939,-118.098,0.6904881013304985
6096,167,33.846,-118.107,-1.010304201279277
6097,167,33.946,-118.0,1.0179163145760048
6098,167,33.969,-118.149,0.2901598922620893
6099,167,33.818,-118.108,0.4107641400800069
6100,167,33.798,-118.137,0.5424833089282405
6101,167,34.125,-117.777,-0.7822173939349523
6102,167,34.065,-117.893,0.3835250196233422
6103,167,34.422,-117.572,1.829032879852543
6104,167,34.112,-117.681,1.889323928062513
6105,167,34.014,-117.511,-0.0037985873316366
6106,167,34.125,-117.454,0.5129809760173114
6107,167,34.056,-117.748,0.5906209415631456
6108,167,34.073,-117.938,-1.6862680348643933
6109,167,34.096,-117.287,1.2238647443228352
6110,167,34.063,-117.784,-0.3383701294945321
6111,167,34.036,-117.95,-0.63927759540158
6112,167,34.076,-117.671,0.3399851049212832
6113,167,34.077,-117.621,0.6173788387836127
6114,167,34.133,-117.253,1.707045943909557
6115,167,34.135,-117.322,0.7706636558623587
6116,167,34.069,-117.398,0.1410020312576616
6117,167,34.1,-117.434,0.3609512319300535
6118,167,34.121,-117.738,0.5291055641871611
6119,167,34.096,-117.745,0.5994487989744448
6120,167,34.031,-118.208,0.1372814911605007
6121,167,34.005,-118.231,0.783286453118936
6122,167,34.037,-118.178,1.4582499898947092
6123,167,34.103,-118.316,-0.1881958003166091
6124,167,34.058,-118.252,-0.8686276917695006
6125,167,34.002,-118.077,1.1467696742097273
6126,167,34.041,-118.248,0.2862943408699206
8312,167,34.14647,-118.76699,-0.6678289868664131
8313,167,35.34444,-119.10445,-1.0034368473937103
8314,167,32.68005,-116.67215,0.9242735039034516
8315,167,34.2623,-116.92075,0.2662245119138955
8317,167,34.07618,-118.3959,-0.8489120706214661
8318,167,34.10521,-117.28264,0.1470643471510555
8319,167,33.876,-117.561,-0.9028112539304142
8320,167,36.43988,-118.08016,0.6032654326995179
8321,167,32.999,-116.942,0.843815265594012
8322,167,34.72832,-119.98803,-1.4554192327843751
8323,167,33.71264,-118.29381,-3.630625163071273
8324,167,33.8717,-117.92251,-1.366175985878158
8325,167,34.13677,-118.1283,-0.5237204282520463
8326,167,35.30177,-116.80574,1.629053828309597
8327,167,34.8294,-116.335,1.342952720160791
8328,167,34.121,-117.219,-0.0680593878622412
8329,167,35.66278,-118.47403,-1.4675384497340376
8330,167,34.15037,-118.10156,-1.5577646036990327
8331,167,33.7141,-116.7119,0.6337032866670393
8332,167,33.798,-118.08837,0.2382124787698753
8333,167,34.61462,-118.29104,0.0964567458711356
8334,167,33.3516,-116.5615,-0.1735864604960542
8335,167,35.36165,-118.92282,-1.7515054376876027
8336,167,33.74,-118.335,-4.161342079804947
8337,167,34.88848,-119.81362,-0.5702532847093308
8338,167,34.53412,-120.17737,-0.3594070300645949
8339,167,34.22869,-118.55829,-0.239007948757655
8340,167,33.788,-117.844,-0.6047080959741824
8341,167,33.94539,-117.92372,0.0356315197483344
8342,167,34.1484,-118.1711,-1.8193943597954785
8345,167,33.354,-116.863,-0.5070466651784795
8346,167,33.7953,-117.60906,-1.575236440897328
8347,167,33.63,-116.8478,1.7950887943196558
8348,167,33.973,-117.327,0.5713495115144581
8349,167,33.99351,-117.37545,-0.2327721461926399
8350,167,34.44076,-119.71492,-0.3609396299360777
8351,167,33.553,-117.662,-2.110156502130897
8352,167,35.3142,-119.99581,-0.8216250414075038
8353,167,34.27091,-118.74407,-1.8562707457951333
8354,167,34.52775,-119.97834,-0.5479284761668513
8356,167,35.84089,-119.08469,-0.9568956268465798
8358,167,34.193,-117.427,1.5234949588929292
8359,167,34.00469,-117.22393,0.3667087973490578
8360,167,34.235,-117.407,1.8671155478729016
8361,167,34.36,-117.63,1.213119033233645
8362,167,34.1367,-118.129,-0.3219497584140927
8363,167,34.165,-117.288,0.8521221909170394
8364,167,34.1663,-117.251,1.3330043139529668
8365,167,34.058,-117.305,0.0214744883544692
8366,167,34.205,-117.365,1.6975041913035798
8367,167,34.12288,-117.28792,0.2277040013502393
8368,167,33.91175,-117.82041,-1.4657019339135529
8369,167,34.049,-118.112,-0.1339888444082487
2118,170,33.6022,-116.756,0.8657877594391432
2119,170,33.91761,-116.78329,-1.5517232229033284
2120,170,34.058,-117.305,-0.1459270772953499
2121,170,34.235,-117.407,0.1931163318565414
2122,170,34.088,-116.919,-0.1424436016057566
2123,170,34.136,-117.213,-0.0930764418429491
2124,170,33.74624,-116.2163,-0.1529002324805713
2125,170,34.6172,-118.285,2.110637968798324
2126,170,34.05,-117.264,-0.5494278319935443
2127,170,34.073,-118.117,1.3738269487387271
2128,170,34.067,-117.117,-0.8577781357268972
2129,170,34.079,-117.045,-0.3300003840800705
2130,170,34.04856,-116.57816,-0.557511627847338
2131,170,33.92474,-116.54794,-0.8173168496604603
2132,170,34.57806,-118.11401,0.8779429306055314
2133,170,34.393,-117.805,0.5496555256430017
2134,170,34.1367,-118.129,0.90172081703735
2136,170,34.106,-117.287,-0.6261407227583711
2137,170,34.1663,-117.251,-1.1094130602153136
2138,170,34.091,-117.289,-0.1801977942663263
2139,170,34.069,-117.275,-0.0874524969707177
2140,170,34.14,-117.294,-0.7916249992661177
2141,170,34.165,-117.288,0.0729297029484381
2142,170,34.103,-117.349,-0.7301462040424498
2143,170,34.12288,-117.28792,-0.5490947281775831
2144,170,34.047,-117.277,0.0939996360959621
2145,170,34.205,-117.365,-0.2509725971257751
2146,170,34.14492,-117.21876,-0.3565677538922973
2147,170,34.193,-117.427,-0.8759116278620676
2150,170,33.91677,-116.38979,-0.3775076990969326
2151,170,34.3088,-118.448,0.6926347550041363
2152,170,34.4435,-117.853,2.6956087225701464
2153,170,33.99,-116.656,-0.5021774865211939
2154,170,34.36,-117.629,1.90486282781195
8370,170,34.14647,-118.76699,-0.3830148523182488
8371,170,35.34444,-119.10445,0.0948865281782847
8372,170,32.68005,-116.67215,0.319356020424258
8373,170,34.1949,-118.354,1.5744482635087194
8374,170,33.3527,-115.733,0.0819297709168507
8375,170,34.2623,-116.92075,-0.167042846570205
8377,170,34.07618,-118.3959,0.7009460516283779
8378,170,34.10521,-117.28264,-0.4864437909935993
8380,170,33.876,-117.561,-0.1766040811900865
8382,170,36.43988,-118.08016,-0.2705670896852351
8383,170,32.999,-116.942,1.0361485196951437
8384,170,32.805,-115.447,-1.424257915528806
8385,170,34.88303,-117.99106,1.1340885160252705
8386,170,34.72832,-119.98803,-0.3561544834597632
8387,170,34.397,-118.918,1.4420745625297728
8388,170,33.71264,-118.29381,-1.8438367172544243
8389,170,34.1,-117.439,-1.407873901167528
8390,170,33.8717,-117.92251,-0.3271184013168556
8391,170,34.13677,-118.1283,1.2013895675451292
8392,170,35.30177,-116.80574,-0.138043748504816
8393,170,34.8294,-116.335,-0.6105456532224472
8394,170,34.121,-117.219,-0.6778605912165353
8396,170,35.66278,-118.47403,-0.7939608700532569
8397,170,34.31076,-118.49675,1.1221570656985511
8398,170,34.15037,-118.10156,0.4823437995168688
8399,170,33.943,-118.411,0.0530071634896131
8400,170,33.798,-118.08837,0.3498860307919737
8402,170,34.61462,-118.29104,1.4815297184248128
8403,170,34.5214,-117.991,1.8065242226923504
8404,170,35.36165,-118.92282,-0.5195631612593965
8406,170,34.13688,-118.12601,1.47050949890186
8407,170,33.74,-118.335,-3.7491852166924833
8409,170,34.81258,-119.1453,0.2096372389667142
8410,170,34.88848,-119.81362,0.2569379280474199
8412,170,34.22869,-118.55829,0.4025521894201894
8413,170,33.788,-117.844,-0.3040946771316182
8414,170,34.3968,-119.299,-0.4410840596496113
8416,170,34.1484,-118.1711,-0.7266053694170383
8418,170,33.354,-116.863,-0.4708649151489829
8419,170,34.39558,-118.49837,-0.9844600931570492
8421,170,34.281,-118.478,1.4522383327375088
8422,170,33.973,-117.327,0.8481501299478997
8423,170,33.99351,-117.37545,0.0273030911565603
8424,170,33.70432,-117.88578,-0.6288026604239858
8426,170,34.44076,-119.71492,-0.2330565488759051
8427,170,34.293,-119.1646,-0.4148079476685083
8429,170,34.27091,-118.74407,0.0241206170085665
8430,170,34.52775,-119.97834,0.6873624614166179
8431,170,34.08377,-118.599,-0.4939354050155585
8432,170,35.14592,-119.41946,0.2197548375049524
8434,170,35.84089,-119.08469,0.5325679724530634
2155,171,23.2147,120.268,0.045191571146889
2156,171,23.1795,120.4778,0.9621001142091852
2157,171,23.0457,120.4615,0.561318438239894
2158,171,23.757,120.6062,-0.6464044230365211
2159,171,23.7795,120.5137,0.3765590085026075
2160,171,23.7987,120.4113,-0.5618332789790536
2161,171,23.752,120.2468,0.2514769274624027
2162,171,23.632,120.6052,0.6395325994290119
2163,171,23.6135,120.5282,1.0374322767064872
2164,171,23.5799,120.291,0.3873474574997024
2165,171,23.5407,120.2153,1.0782394756165457
2166,171,23.5212,120.5443,0.2489862940113638
2167,171,23.52,120.584,-0.2894234439875857
2168,171,23.6073,120.4788,1.5539845984963814
2169,171,23.5207,120.344,-0.0249495878972094
2170,171,23.4388,120.5957,1.1598058670030886
2171,171,23.3583,120.5833,-0.7492438883053609
2172,171,23.3832,120.1635,0.5900264466114647
2173,171,23.4765,120.4632,0.8880545641591974
2175,171,23.2803,120.4083,0.6612178102637308
2176,171,23.2878,120.501,0.3241708306802014
2178,171,23.2698,120.2705,1.621282986348347
2179,171,23.2627,120.1315,1.3085507427307377
2180,171,23.1495,120.4098,-0.0214834756278048
2181,171,23.1725,120.3192,0.4192930334983479
2182,171,23.1243,120.2392,0.2390005819886702
2183,171,23.0768,120.5107,-0.0053511136337098
2184,171,23.1213,120.45,-0.1378386515543497
2185,171,23.027,120.3402,-0.3480138458588186
2186,171,22.906,120.345,0.0589185939364399
2187,171,22.999,120.1837,0.7739007226046327
2188,171,23.0648,120.1645,0.1666789627599439
2189,171,23.5103,120.8052,-0.4628161733596556
2190,171,23.5672,119.5552,1.92813005037718
2193,171,23.1848,120.528,-0.3698823762063324
2194,171,23.5972,120.6777,-0.0554124473069706
2195,171,23.267,120.488,-1.6681584265925773
2196,171,23.7237,120.2975,0.8203644825927605
2197,171,23.351,120.5932,-0.1785860922406659
2198,171,23.3462,120.4293,1.4826274387066265
2199,171,23.2673,120.2163,1.736071725718536
2200,171,23.7913,120.4783,-0.868359106587055
2201,171,23.6538,120.1472,1.2873887630526744
2202,171,23.7935,120.3205,-0.2769014868572613
2203,171,23.1373,120.2802,-0.1190256084118141
2204,171,23.2272,120.3418,0.3449752548783132
2205,171,23.6862,120.5622,0.7341262681526352
2207,171,23.6695,120.4648,0.694454399687492
2209,171,23.7912,120.2273,1.4796562862902956
2210,171,23.7035,120.183,1.2207088826958483
2211,171,23.0372,120.1187,0.1903741474381755
2212,171,23.149,120.079,0.940527329905655
2213,171,23.0775,120.1082,0.9047864118974932
2215,171,23.6608,121.414,0.7485406076818079
2216,171,23.6732,121.4173,-0.7686733835765452
2217,171,23.9877,121.6173,-0.7107936293202978
2218,171,23.9925,121.6165,-0.1916739764997637
2219,171,23.9962,121.5858,0.416045841820249
2220,171,23.993,121.6233,-0.7834633753153848
2221,171,23.978,121.591,0.2098915261344019
2222,171,23.9732,121.5993,-0.648859008443588
2223,171,23.9757,121.553,-0.4666787239173088
2224,171,23.9648,121.56,-1.011203892391299
2225,171,23.9497,121.5392,-0.9214961962110638
2226,171,23.977,121.605,-0.2241036968083655
2227,171,23.8137,121.4328,-0.6923956216185925
2228,171,24.2675,121.7325,0.921517125049203
2229,171,24.08,121.5955,-0.9866927316877856
2230,171,23.3522,121.297,-2.08350369558456
2231,171,24.163,121.6447,-0.7598621451338997
2232,171,24.1185,121.6165,-0.5139238493576389
2233,171,24.055,121.591,-0.0448117412459837
2234,171,24.0172,121.6013,-0.0648636409635429
2235,171,23.9373,121.5702,-1.3045618559829355
2236,171,23.7852,121.4488,-0.7559344530166141
2237,171,23.7653,121.4922,0.0848738132232113
2238,171,23.7108,121.412,1.8334067126136544
2239,171,23.6867,121.4747,-0.2542679674657933
2240,171,23.5905,121.3772,-0.1566754762307045
2241,171,23.732,121.4362,0.3663370226172802
2242,171,23.4995,121.367,-1.743072403088287
2243,171,23.4542,121.384,-0.7547145870828915
2244,171,23.4615,121.3445,-1.5563054787168735
2245,171,23.3845,121.3523,-0.945856362495378
2246,171,23.2675,121.2942,-0.4980680784346878
2247,171,23.7092,121.54,-0.767143080147378
2248,171,23.6538,121.5268,-1.8316065095314216
2249,171,24.3095,121.7405,0.8966900243505425
2250,171,24.1492,121.6213,-0.0839523571603775
2251,171,24.0113,121.5715,-0.3250935864569636
2252,171,23.9952,121.5577,0.3504009379184087
2253,171,23.9897,121.584,-0.1133759830636739
2254,171,23.8703,121.548,0.518171428014171
2255,171,23.3232,121.3323,-1.387613616444835
2256,171,24.1795,121.5077,0.3650056053257033
2257,171,24.16,121.61,0.7654332564167832
2258,171,23.9672,121.484,-0.062227840563458
2259,171,23.8713,121.5005,-0.1549634346270355
2260,171,23.8703,121.59,-2.0061057635940704
2263,171,24.845,121.7973,-0.2413682627125627
2264,171,24.7982,121.7813,0.3617315329062118
2266,171,24.6978,121.8052,0.1114089905635545
2267,171,24.6412,121.825,0.4310340329866086
2268,171,24.5943,121.8462,0.958311529450727
2269,171,24.7088,121.7628,0.3415039152876001
2270,171,24.619,121.7812,0.5960846280165669
2271,171,24.7807,121.7335,0.3554603867820109
2272,171,24.732,121.7294,1.080776718270028
2273,171,24.6945,121.7202,-0.2513091979166515
2275,171,24.749,121.684,0.1214232025082746
2276,171,24.7135,121.644,0.0194650851453912
2277,171,24.6448,121.588,-0.8153592701188587
2278,171,24.7278,121.755,0.6768001072765237
2279,171,24.5995,121.8337,0.7728891932033166
2280,171,24.7455,121.7142,0.3691920589294918
2281,171,24.7233,121.7917,0.1901123254726399
2282,171,24.6903,121.792,-0.0634121872518014
2284,171,24.666,121.7338,-0.1809676107215233
2285,171,24.7663,121.7612,0.6264858789846504
2286,171,24.7655,121.748,-0.0467499122762641
2287,171,24.428,121.7407,0.9427625685677749
2289,171,24.6092,121.8488,-0.3741132171772503
2290,171,24.7387,121.8083,0.605388261964325
2291,171,24.7622,121.8088,-0.1896823707360053
2292,171,24.6667,121.8205,0.0914113215084111
2293,171,24.5233,121.825,-0.004072334595133
2294,171,24.4677,121.7933,0.346607242466438
2296,171,24.477,121.7787,0.0134437197893424
2297,171,24.4473,121.7707,0.5450756939061735
2298,171,24.44,121.3728,1.9131949250444409
2299,171,23.1618,120.6355,-1.6962785135516727
2300,171,22.7873,120.279,-1.7486571944226652
2301,171,22.902,120.5352,-0.0130642356121483
2302,171,23.1625,120.7573,-0.3838759483728183
2303,171,23.2777,120.7128,-0.9411403697504118
2304,171,22.8873,120.6567,-0.3052053456051103
2305,171,22.7112,120.6412,-0.0123994396846329
2306,171,22.8858,120.3222,-0.390467124563869
2307,171,25.0863,121.45,0.5338609792681626
2309,171,25.0758,121.5083,-0.147063942588744
2310,171,25.0758,121.5273,-0.0921347683025451
2311,171,25.063,121.4813,0.3075582478092109
2312,171,25.0572,121.5253,0.1501412373764783
2313,171,25.0578,121.5442,0.1990489000996905
2314,171,25.0528,121.448,0.5934966356881474
2315,171,25.0388,121.5263,0.1669877896382177
2317,171,25.0203,121.4652,-0.1364382021535547
2318,171,25.017,121.5027,0.3469498957789801
2319,171,25.0045,121.5073,-0.230303349215408
2320,171,25.0007,121.4748,1.037708034114077
2321,171,24.9803,121.5293,0.8704936054368537
2322,171,24.955,121.5303,0.495953122008874
2323,171,24.9239,121.535,1.5318094670203752
2324,171,25.183,121.4167,0.0310170602128765
2325,171,25.1255,121.4532,0.6560414341616599
2326,171,24.9913,121.41,0.163570847447858
2328,171,25.148,121.4365,0.838654102570555
2329,171,25.1008,121.4403,0.1045646212482359
2330,171,25.0817,121.3828,0.4836438137027399
2331,171,24.959,121.5143,0.9211767129173982
2332,171,25.1865,121.5202,-0.3670920533467209
2336,171,25.056,121.872,0.9221098297359168
2337,171,25.0237,121.906,-0.2252201308372808
2339,171,25.1008,121.4177,-0.1466362515990389
2340,171,25.0385,121.5762,1.2563443733301154
2341,171,25.027,121.5595,0.644526910603583
2342,171,25.0573,121.5945,0.9306782089960044
2343,171,25.141,121.4758,0.4134435217689552
2344,171,25.1353,121.4913,0.9070854823458744
2345,171,25.103,121.5395,0.7873231621547605
2346,171,25.0351,121.519,0.247379824810865
2347,171,25.071,121.781,1.337141169253704
2348,171,25.158,121.7202,-0.4309648200267261
2349,171,25.0473,121.1357,0.0803575911531506
2350,171,24.9118,121.1405,1.0380875839859278
2351,171,25.0015,121.3097,-0.0006000208553782
2352,171,25.0092,121.2062,0.372957998806592
2353,171,25.0003,121.1533,0.2282536976938471
2354,171,25.0463,121.3075,-0.1092607335697797
2355,171,24.7757,121.075,0.1162059541166869
2356,171,24.5588,120.7492,0.0031536682617875
2357,171,24.5615,120.701,-0.1061345051435685
2358,171,24.6855,120.8623,0.2603672181259952
2359,171,24.639,120.8568,-0.2347083615407267
2360,171,24.6157,120.7877,-0.1499959718782347
2361,171,24.4488,120.6963,-0.2060708848176389
2362,171,24.4912,120.663,0.5961790086788608
2363,171,24.4917,120.7837,0.7932864687676097
2364,171,24.4497,120.6455,0.7278934225936085
2365,171,24.5542,120.8077,1.0319241568117092
2366,171,24.5412,120.9137,-0.3128476561616669
2367,171,24.4683,120.8543,-0.7989130459912723
2368,171,24.18,120.594,0.9522531657582266
2369,171,24.1815,120.6338,-0.2307054722451035
2370,171,24.1603,120.6518,-0.1298758121607291
2371,171,24.198,120.7393,0.1760301437825855
2372,171,24.1935,120.6688,-0.8792099358746817
2373,171,24.1612,120.675,-0.9246868209513514
2374,171,24.1392,120.6643,0.3323664931429313
2375,171,24.1588,120.6238,-0.7230480071666657
2376,171,24.1732,120.6107,-1.0803732620325197
2377,171,24.2687,120.5637,0.733796759280053
2378,171,24.2247,120.644,-1.085100974840936
2379,171,24.1355,120.549,0.0774837849768132
2380,171,24.1083,120.6158,0.2331650828662872
2381,171,24.0588,120.6912,1.1929318611849384
2382,171,24.0912,120.72,0.971340640986175
2383,171,24.2772,120.7658,-1.3895407696598874
2384,171,23.9855,120.7883,0.0454693489568946
2385,171,24.014,120.9492,-0.3895739127682208
2386,171,23.9622,120.9618,-0.8980045311839738
2387,171,23.9827,120.6778,-0.4245147725624402
2388,171,23.9077,120.6757,-0.2644923393998694
2389,171,23.812,120.8455,-1.626054496324321
2390,171,23.8395,120.8942,0.712814248010291
2391,171,24.8022,120.9695,-0.4558940774982
2392,171,24.1475,120.676,-0.4114341621684316
2393,171,24.97,121.1867,0.212668428176173
2394,171,23.883,120.8998,-2.364789875073212
2396,171,24.3482,120.7733,-1.334098127478234
2397,171,24.2533,121.1758,0.9239744066045972
2398,171,23.9037,120.8565,-2.2582050127599365
2399,171,25.0117,121.2792,0.023925371347754
2400,171,24.7695,121.0488,-0.3761834007416617
2401,171,24.7433,120.899,0.6040210736600292
2402,171,24.1858,120.6153,-0.9888226140030064
2403,171,24.3098,120.7072,-1.1388323489759231
2404,171,24.2455,120.6018,-0.5510169578984904
2405,171,24.239,120.559,0.0817110547772295
2406,171,24.0833,120.5518,0.2712436000254271
2407,171,24.0727,120.5402,-0.0656046910605976
2408,171,24.0848,120.5713,0.3199296283456442
2409,171,23.9622,120.5695,-0.2348071679153696
2410,171,24.1137,120.4872,-0.7374622192630191
2411,171,24.0557,120.424,0.4068198322644249
2412,171,23.8928,120.3865,-0.2385989941190617
2413,171,23.9595,120.4693,0.1086540747654465
2414,171,23.8568,120.5803,0.2331537812419626
2415,171,24.1335,120.4598,0.5027936154153435
2416,171,24.0027,120.4235,-0.7183675165017434
2417,171,23.9242,120.3122,-0.0186514994680204
2418,171,23.9803,120.613,-0.1846614972358803
2419,171,23.8128,120.6097,0.1707131695315411
2420,171,24.0187,120.5437,-0.5370259813310616
2421,171,24.4162,120.7607,-0.0626914159585658
2422,171,23.8783,120.6843,1.303825921519448
2423,171,24.5673,120.8165,-0.524640003441293
2424,171,24.2603,120.6518,-0.9107746489128044
2425,171,24.185,120.922,-1.1596044974152138
2426,171,23.9223,120.5955,0.385541291099026
2427,171,23.9578,120.3593,0.3678717354947007
2428,171,23.8338,120.464,-0.1547894042489587
2429,171,23.98,120.3368,0.5654422174081468
2430,171,24.8592,121.2475,0.4550921739169356
2431,171,23.3178,121.4425,-1.5182505236730304
2432,171,22.9102,121.1287,-0.6679272904379606
2433,171,23.0992,121.3653,-0.7654402505880176
2434,171,23.1268,121.2057,-2.191549099454761
2435,171,23.0973,121.2105,-1.0758890086418709
2436,171,23.053,121.1557,-0.3071114638180862
2437,171,22.9725,121.1083,-0.8642910948331151
2438,171,22.9045,121.072,-0.5140585645673379
2439,171,22.863,121.083,-1.2272869598733736
2440,171,22.8078,121.086,-0.8426060000641833
2441,171,23.3563,121.4603,-1.0607846340009504
2442,171,23.2462,121.4055,-1.1897159224721636
2443,171,23.193,121.3878,-1.9372339602523447
2444,171,23.1512,121.198,-1.2326332760930865
2445,171,23.1342,121.1177,0.3425295003532361
2447,171,23.0068,121.1655,-1.3086245491590045
2448,171,22.9757,121.1478,-1.6802803661755337
2449,171,22.9658,121.232,-1.0624811357727777
2450,171,23.1887,121.0168,-0.5322976520119994
3835,171,23.6013,120.1715,1.665347939288225
3836,171,23.4853,120.2692,0.8561278673545324
3837,171,23.4653,120.544,0.1976836701344329
3838,171,23.3328,120.1523,0.7247302736215484
3839,171,23.2963,120.5828,-0.1666425050074997
3840,171,23.355,120.4052,0.9358728701267784
3841,171,23.2212,120.1532,0.4588058490806012
2451,172,23.355,120.4052,0.762019295747349
2452,172,23.2212,120.1532,1.3209570402066135
2453,172,23.2147,120.268,0.6077270821112192
2454,172,23.1795,120.4778,0.6431765944858735
2455,172,23.0457,120.4615,0.3742352308651056
2456,172,23.757,120.6062,0.4173600287212117
2457,172,23.7795,120.5137,1.419844242622922
2458,172,23.7987,120.4113,-0.7552390580038135
2459,172,23.752,120.2468,0.1964944391309522
2460,172,23.632,120.6052,1.1010584705213493
2461,172,23.6135,120.5282,0.8609736646450252
2462,172,23.5799,120.291,0.0865988357072996
2463,172,23.5407,120.2153,1.1135669558554862
2464,172,23.5212,120.5443,0.5982295970917035
2465,172,23.52,120.584,1.7185941172636594
2466,172,23.6073,120.4788,1.0511400940816018
2467,172,23.5207,120.344,-0.0867366248495774
2468,172,23.4388,120.5957,1.862698061299333
2469,172,23.3583,120.5833,0.5115568722736288
2470,172,23.3832,120.1635,-0.223815518580611
2471,172,23.4765,120.4632,0.7431644893398031
2473,172,23.2803,120.4083,0.3858273680556522
2474,172,23.2878,120.501,0.9498500424522692
2476,172,23.2698,120.2705,2.0082026852256702
2477,172,23.2627,120.1315,0.7825551783395476
2478,172,23.1495,120.4098,0.3993749706507401
2479,172,23.1725,120.3192,0.5089896134065274
2480,172,23.1243,120.2392,0.0226186129017394
2481,172,23.0768,120.5107,-0.2118543198017143
2482,172,23.1213,120.45,0.5536001974600557
2483,172,23.027,120.3402,0.4131779822536915
2484,172,22.906,120.345,0.801516379394636
2485,172,22.9205,120.2078,0.3304898620968606
2486,172,22.999,120.1837,0.8657648385236102
2487,172,22.9737,120.1815,0.0687939801762568
2488,172,22.971,120.2286,-0.066927641284766
2489,172,23.5103,120.8052,0.2036704840710078
2490,172,23.5672,119.5552,1.3523465692094674
2493,172,23.1848,120.528,-0.196473086649297
2494,172,23.5972,120.6777,2.3700647485150284
2495,172,23.267,120.488,-0.2148399907753941
2496,172,23.7237,120.2975,0.2093036201443492
2497,172,23.351,120.5932,1.5850221704602283
2498,172,23.3845,120.519,0.5649594394996367
2499,172,23.3462,120.4293,1.5943991218699325
2500,172,23.2673,120.2163,1.8039282734230544
2501,172,23.6538,120.1472,0.3454252774856887
2502,172,23.7935,120.3205,-0.9966149829843493
2503,172,22.983,120.2327,0.039527041196046
2504,172,23.1373,120.2802,-0.0424883029557901
2505,172,23.2272,120.3418,0.4400873332126153
2506,172,23.6862,120.5622,1.7435674244850727
2508,172,23.6695,120.4648,0.4658367107637033
2510,172,23.0372,120.1187,0.9535717109982302
2511,172,23.149,120.079,0.9411241756472116
2512,172,23.0775,120.1082,0.8556105414759718
2514,172,23.6608,121.414,-0.107304411328399
2515,172,23.6732,121.4173,-0.2996846387399043
2516,172,23.9925,121.6165,-1.2843721212971235
2517,172,23.9962,121.5858,-0.6176087322454147
2518,172,23.993,121.6233,-1.7973019404547177
2519,172,23.978,121.591,-0.4049504673533778
2520,172,23.9732,121.5993,-1.8506549010243472
2521,172,23.9757,121.553,-1.6717533627015144
2522,172,23.9648,121.56,-2.269995645474552
2523,172,23.9497,121.5392,-1.5989412610948228
2524,172,23.977,121.605,-1.2076486757346092
2525,172,23.8137,121.4328,-1.898359569618714
2526,172,24.2675,121.7325,-0.2472638912982803
2527,172,23.3522,121.297,-1.5077153712226548
2528,172,24.163,121.6447,-1.9403653866744188
2529,172,24.055,121.591,-1.9810786895360049
2530,172,24.0172,121.6013,-1.0459151942408789
2531,172,23.9373,121.5702,-2.0055500000943773
2532,172,23.7852,121.4488,-2.308540242635242
2533,172,23.7653,121.4922,-1.4304982394298291
2534,172,23.7108,121.412,-0.1173122188832849
2535,172,23.6867,121.4747,-0.7672354188566923
2536,172,23.5905,121.3772,-1.2018502070124488
2537,172,23.732,121.4362,-0.3136549067440063
2538,172,23.4995,121.367,-1.6690446315003886
2539,172,23.4542,121.384,-0.5219406160194662
2540,172,23.4615,121.3445,-1.3496177779531109
2541,172,23.3845,121.3523,-0.4931676852788791
2542,172,23.2675,121.2942,0.7404893787844024
2543,172,23.7092,121.54,-2.0042380875625474
2544,172,23.6538,121.5268,-2.016215334324781
2545,172,24.3095,121.7405,-0.2977548560140274
2546,172,24.1492,121.6213,-0.4957431200418007
2547,172,24.0113,121.5715,-0.7594456899901508
2548,172,23.9952,121.5577,-1.2642700417692834
2549,172,23.9897,121.584,-1.83966015140901
2550,172,23.8703,121.548,-0.5882263103543551
2551,172,24.1795,121.5077,-0.7518323622953759
2552,172,24.16,121.61,-0.2775720912208148
2553,172,23.9672,121.484,-1.5301876324053092
2554,172,23.8713,121.5005,-1.4006955019247127
2556,172,24.6412,121.825,-0.5384702861185564
2557,172,24.5943,121.8462,0.0307015704447345
2558,172,24.732,121.7294,0.2517592920401458
2559,172,24.7455,121.7142,-0.8571361018308559
2561,172,24.7663,121.7612,-0.3622784569953844
2562,172,24.4677,121.7933,0.1261170197527066
2563,172,24.477,121.7787,-0.6494574308015475
2564,172,24.4473,121.7707,0.4649274873180971
2565,172,24.44,121.3728,1.5294525411264133
2566,172,23.1618,120.6355,-0.9362998840758964
2567,172,22.7873,120.279,0.0410564752967983
2568,172,22.8797,120.3707,0.7289342355501688
2569,172,22.891,120.4738,-0.5214763566828804
2570,172,22.902,120.5352,0.7344007425016456
2571,172,22.6707,120.491,-0.0284499525456726
2572,172,23.1625,120.7573,0.1175384865379172
2573,172,23.2777,120.7128,0.1395425336586205
2574,172,22.9053,120.1732,0.2318176691429303
2575,172,22.7852,120.2385,-0.172772741485784
2576,172,22.7303,120.3412,-0.0418364411127634
2577,172,22.8873,120.6567,-0.153206338850319
2578,172,22.574,120.5663,-0.074640688550743
2579,172,22.747,120.7233,-0.1960027290744556
2580,172,22.7112,120.6412,0.196809178947055
2581,172,22.8858,120.3222,0.3104458888677919
2582,172,22.6461,120.306,-0.2612364601859216
2583,172,24.955,121.5303,0.265662128094924
2584,172,24.959,121.5143,0.5766737055894615
2585,172,24.9118,121.1405,-0.3422444231736637
2586,172,24.7572,120.9345,0.4425839766802106
2587,172,24.7808,121.0068,-0.6727725729856074
2588,172,24.7757,121.075,-0.4584773293262962
2589,172,24.5588,120.7492,0.8999409132271962
2590,172,24.5615,120.701,0.0778256380172512
2591,172,24.523,120.8148,-0.3020687784068643
2592,172,24.6855,120.8623,1.95123714268728
2593,172,24.639,120.8568,0.5799586513320153
2594,172,24.6157,120.7877,-0.0124799989333513
2595,172,24.4488,120.6963,-0.2619320593124601
2596,172,24.4912,120.663,0.1354170195897981
2597,172,24.4917,120.7837,0.5130060380498386
2598,172,24.4497,120.6455,0.0562272380359084
2599,172,24.5542,120.8077,0.5761741792293582
2600,172,24.5412,120.9137,-0.8106755315109325
2601,172,24.4683,120.8543,-0.9453493909135908
2602,172,24.6188,120.9387,0.4957266685905624
2603,172,24.18,120.594,1.0465004077861848
2604,172,24.179,120.6902,-0.2289551180608946
2605,172,24.1815,120.6338,-0.445775368243549
2606,172,24.1603,120.6518,0.2013430453781044
2607,172,24.198,120.7393,-0.361078115644292
2608,172,24.1935,120.6688,-0.0774578183827293
2609,172,24.1612,120.675,-0.3171925738390306
2610,172,24.1588,120.6238,-0.0172981297182739
2611,172,24.1732,120.6107,-0.552170532975456
2612,172,24.2687,120.5637,0.5870520160408553
2613,172,24.2247,120.644,-0.996925373592832
2614,172,24.1355,120.549,0.5840019374648241
2615,172,24.1083,120.6158,0.7007706390574496
2616,172,24.3457,120.61,-0.9366317133445106
2617,172,24.0588,120.6912,3.2843845784244365
2618,172,24.0912,120.72,3.286322167672063
2619,172,24.2772,120.7658,-0.7773806926980648
2620,172,24.196,120.5403,0.4398304271895004
2621,172,23.9855,120.7883,3.09852585122631
2622,172,24.0407,120.8488,1.680073861859696
2623,172,24.014,120.9492,-1.4106451685797896
2624,172,23.9622,120.9618,-0.9223856495317988
2625,172,23.9827,120.6778,1.1029324121628994
2626,172,23.9077,120.6757,1.7923597596251288
2627,172,23.812,120.8455,2.2282039261376383
2628,172,23.8395,120.8942,1.1891526644876276
2629,172,24.8022,120.9695,-0.7600003485815087
2630,172,24.1475,120.676,0.0063078836963326
2631,172,23.883,120.8998,-1.1978671368096672
2633,172,24.3482,120.7733,-0.7677674096265542
2634,172,23.9037,120.8565,-0.689463145859139
2635,172,24.7695,121.0488,-0.5347717281138555
2636,172,24.6917,121.0135,0.6615303415270481
2637,172,24.7433,120.899,0.6223281181492064
2638,172,24.1858,120.6153,-0.2269187097788489
2639,172,24.2493,120.7208,-0.8261835776605279
2640,172,24.3098,120.7072,-1.0137677908484684
2641,172,24.2455,120.6018,-0.8528340006717944
2642,172,24.239,120.559,-0.3399201989843226
2643,172,24.0833,120.5518,0.2590555081173618
2644,172,24.0727,120.5402,0.4844117048733024
2645,172,24.0848,120.5713,1.127610833996424
2646,172,24.0557,120.424,-0.1647128567898478
2647,172,23.8928,120.3865,-0.8907315452686173
2648,172,23.9595,120.4693,-0.601929330743878
2649,172,23.8568,120.5803,1.106175198621742
2650,172,24.1335,120.4598,0.0331720293837256
2651,172,24.0027,120.4235,0.0956402560047727
2652,172,23.9242,120.3122,-0.776196124847154
2653,172,23.9803,120.613,1.234769213438877
2654,172,23.8128,120.6097,1.9976833931225384
2655,172,24.0187,120.5437,-0.2579362845822117
2656,172,24.4162,120.7607,-0.7262693094089067
2657,172,23.8783,120.6843,3.175593059347622
2658,172,24.5673,120.8165,-0.3665711593341916
2659,172,24.2603,120.6518,-0.922719022735954
2660,172,23.9223,120.5955,1.337409219958859
2661,172,23.9578,120.3593,-0.1891614947797543
2662,172,23.8338,120.464,0.242199691762531
2663,172,23.98,120.3368,0.2564761819230419
2664,172,24.8592,121.2475,-0.0489438143982783
2665,172,23.3178,121.4425,-1.0466803772622684
2666,172,22.6178,120.9975,0.0823654603509918
2667,172,22.9102,121.1287,-0.5990066706425964
2668,172,22.7488,121.1442,-1.3345686478886656
2669,172,22.74,121.1135,-1.119925976644897
2670,172,22.7662,121.133,-1.592668215689816
2671,172,23.0992,121.3653,-0.2360949975366869
2672,172,22.8207,121.0717,-1.2060825632276253
2673,172,23.1268,121.2057,-1.9823096275830228
2674,172,23.0973,121.2105,-0.9713084600359152
2675,172,22.9725,121.1083,-0.7460478065730172
2676,172,22.9045,121.072,-0.190914378718083
2677,172,22.863,121.083,-0.7826863681424936
2678,172,22.8078,121.086,-0.3933829893647544
2679,172,22.779,121.0543,-1.2923309658190558
2680,172,23.3563,121.4603,-0.6165904317166067
2681,172,23.2462,121.4055,-0.9467633219995344
2682,172,23.193,121.3878,-1.38964339287082
2683,172,22.7988,121.1855,-1.199644691844126
2684,172,23.1512,121.198,-1.3457460150135203
2685,172,23.1342,121.1177,0.6134827014360587
2687,172,23.0068,121.1655,-1.0650916904871166
2688,172,22.9757,121.1478,-1.5875082984737343
2689,172,22.9658,121.232,-0.1231685745156284
2690,172,22.773,121.0827,-1.0276574844247894
2691,172,22.674,121.0293,0.3290943212009866
2692,172,23.1887,121.0168,-0.6316386466024204
3842,172,23.7192,120.4125,0.3249512043123093
3843,172,23.6013,120.1715,1.6236041910404737
3844,172,23.5815,120.552,1.3879855263464056
3845,172,23.4853,120.2692,0.7631407972184422
3846,172,23.4653,120.544,0.9712723585708208
3847,172,23.3328,120.1523,0.7244583890990528
3848,172,23.2963,120.5828,1.3822540867944155
2693,173,23.355,120.4052,1.7019103910789264
2694,173,23.2212,120.1532,1.119654946885253
2695,173,23.2147,120.268,0.5918664148118629
2696,173,23.1795,120.4778,1.1108475070801087
2697,173,23.0457,120.4615,0.3961580918647689
2698,173,23.757,120.6062,-0.8284949377313248
2699,173,23.7795,120.5137,-0.081322307692111
2700,173,23.7987,120.4113,-0.9129768287478244
2701,173,23.752,120.2468,0.0720614774750594
2702,173,23.632,120.6052,1.330338694284279
2703,173,23.6135,120.5282,-0.1640178352737986
2704,173,23.6443,120.4758,0.5724740722378269
2705,173,23.5799,120.291,-0.0056523093444305
2706,173,23.5407,120.2153,0.1567274492775808
2707,173,23.5212,120.5443,0.6013229547740299
2708,173,23.52,120.584,0.901647901832578
2709,173,23.6073,120.4788,1.1725708313180834
2710,173,23.5207,120.344,0.1591587053568425
2711,173,23.3583,120.5833,1.130909324351058
2712,173,23.3832,120.1635,0.5554789324474655
2713,173,23.4765,120.4632,1.7195525929711355
2715,173,23.2803,120.4083,0.4999540826733553
2716,173,23.2878,120.501,0.534534366779969
2718,173,23.2698,120.2705,1.1735710367318994
2719,173,23.2627,120.1315,1.4755687226866625
2720,173,23.1495,120.4098,0.4050493221675786
2721,173,23.1725,120.3192,1.0284489414496998
2722,173,23.184,120.1025,1.124961808917619
2723,173,23.1243,120.2392,0.3005003000380403
2724,173,23.0768,120.5107,-0.1317388499949106
2725,173,23.1213,120.45,0.4855469539543499
2726,173,23.027,120.3402,-0.1674861323927101
2727,173,22.906,120.345,0.5129869983484898
2728,173,22.9205,120.2078,-0.3733829564450948
2729,173,22.999,120.1837,1.3267502226548131
2730,173,22.9737,120.1815,0.9347923748600993
2731,173,22.971,120.2286,-0.1350175577780643
2732,173,23.0648,120.1645,0.930417481557508
2733,173,23.5103,120.8052,0.847264737508014
2734,173,23.5672,119.5552,1.6228645361316072
2737,173,23.1848,120.528,-0.0653444417107806
2738,173,23.5972,120.6777,0.0329847312888706
2739,173,23.267,120.488,-0.8294202164795338
2740,173,23.7237,120.2975,0.2996805981288618
2741,173,23.351,120.5932,1.0455089461343448
2742,173,23.3845,120.519,1.589080067724484
2743,173,23.3462,120.4293,1.523808560492033
2744,173,23.2673,120.2163,1.4025458287539985
2745,173,23.7913,120.4783,-0.0856134564396362
2746,173,23.6538,120.1472,-0.6396659208866093
2747,173,23.7935,120.3205,0.0823464240460951
2748,173,22.983,120.2327,-0.0960794205457846
2749,173,23.1373,120.2802,0.431545212148625
2750,173,23.2272,120.3418,0.9204435076734524
2751,173,23.6862,120.5622,1.738262482657453
2753,173,23.6695,120.4648,-0.9854316857554234
2755,173,23.0372,120.1187,1.0528988915346813
2756,173,23.149,120.079,1.674672248431654
2757,173,23.0775,120.1082,0.982364745059998
2759,173,23.6608,121.414,0.5612996844796286
2760,173,23.6732,121.4173,-0.1786666847088102
2761,173,23.9877,121.6173,-1.9154740817402045
2762,173,23.9925,121.6165,-1.2053408230393343
2763,173,23.9962,121.5858,-0.3808709233069459
2764,173,23.978,121.591,-0.6693165186331611
2765,173,23.9732,121.5993,-1.0846372522614782
2766,173,23.9757,121.553,-1.0819067802135949
2767,173,23.9648,121.56,-1.5657739837258955
2768,173,23.9497,121.5392,-1.2046626351834653
2769,173,23.977,121.605,-0.0430753819892253
2770,173,23.8137,121.4328,-0.6906998964065926
2771,173,23.3522,121.297,-1.3545116431322852
2772,173,24.163,121.6447,-1.2028356977652352
2773,173,24.1185,121.6165,-1.2959957431676332
2774,173,24.055,121.591,-1.364271795753965
2775,173,24.0172,121.6013,-0.4492715069200305
2776,173,23.9373,121.5702,-0.8277375909310818
2777,173,23.7852,121.4488,-0.8778397059507503
2778,173,23.7653,121.4922,0.5949892082288011
2779,173,23.7108,121.412,1.4534209573229966
2780,173,23.6867,121.4747,0.2780238594767166
2781,173,23.5905,121.3772,0.2132010264290706
2782,173,23.732,121.4362,0.4587878814863804
2783,173,23.4995,121.367,-0.5752885924808843
2784,173,23.4542,121.384,-0.032701898527381
2785,173,23.4615,121.3445,-1.2782468152358777
2786,173,23.3845,121.3523,-0.4717816943309172
2787,173,23.2675,121.2942,0.6715546454660889
2788,173,23.7092,121.54,-0.8169848076684734
2789,173,23.6538,121.5268,-1.0808143754946142
2790,173,24.3095,121.7405,-0.1090622561237628
2791,173,24.1492,121.6213,-0.3336437280003839
2792,173,24.0113,121.5715,-0.1786555733077949
2793,173,23.9952,121.5577,-0.6643451918460143
2794,173,23.9897,121.584,-1.382135984871668
2795,173,23.8703,121.548,0.253517695800204
2796,173,23.3232,121.3323,-0.9667440279339916
2797,173,24.1795,121.5077,-0.6139007467513387
2798,173,24.16,121.61,0.0386615462566808
2799,173,23.9672,121.484,-0.5405836534799628
2800,173,23.8713,121.5005,-0.418658646429545
2802,173,24.44,121.3728,0.9345352831060666
2803,173,23.1618,120.6355,-0.2195726447452351
2805,173,22.591,120.3173,-0.9826252738175054
2806,173,22.6462,120.3585,-0.6870380638564483
2807,173,22.6295,120.3672,-0.3005961426914989
2808,173,22.8797,120.3707,0.3166576505850472
2809,173,22.656,120.3317,-0.3829266708480781
2810,173,22.509,120.3862,-0.1195036962473234
2811,173,22.891,120.4738,-1.2351702629845034
2812,173,22.902,120.5352,0.046343550972759
2813,173,22.6707,120.491,-0.7615706445098289
2814,173,22.5462,120.4528,-0.0401087914162791
2815,173,22.2617,120.6432,-0.4664102096351631
2816,173,22.1922,120.6853,-0.4518056686780159
2818,173,22.7252,120.4908,-0.913367831553124
2819,173,23.1625,120.7573,2.543456377892772
2820,173,23.2777,120.7128,2.138504243703082
2821,173,22.5747,120.3353,-0.2854048217603203
2822,173,22.6495,120.3203,-0.7133461672987318
2823,173,22.6237,120.2843,0.1686747140827345
2824,173,22.9053,120.1732,0.0037964198506336
2825,173,22.7852,120.2385,0.6920949595864401
2826,173,22.7303,120.3412,0.0255502927794076
2827,173,22.8873,120.6567,0.5045205389964135
2828,173,22.5348,120.5362,-0.5633392990012989
2829,173,22.574,120.5663,-0.3595436298035362
2830,173,22.4903,120.499,0.2036102275411912
2831,173,22.747,120.7233,0.5789001289682325
2832,173,22.7112,120.6412,0.2119388779165844
2833,173,22.0095,120.7367,0.272418095659665
2834,173,22.5673,120.4475,-0.4554625570333073
2835,173,22.8858,120.3222,0.0041042949136022
2836,173,22.6128,120.3113,-0.358419345222556
2837,173,22.6461,120.306,-0.315086118029905
2838,173,22.4805,120.403,-0.8861109860537941
2839,173,25.017,121.5027,-0.1077943314348655
2840,173,25.0385,121.5762,1.1223395234765932
2841,173,24.7808,121.0068,0.0820235835982794
2842,173,24.7757,121.075,0.3794553030984429
2843,173,24.5588,120.7492,1.6249981373703533
2844,173,24.5615,120.701,0.3142977042863867
2845,173,24.6855,120.8623,1.516008387035601
2846,173,24.6157,120.7877,0.4129671132512479
2847,173,24.4488,120.6963,0.0494519250634676
2848,173,24.4912,120.663,0.2015572267522167
2849,173,24.4917,120.7837,1.0432419258057597
2850,173,24.4497,120.6455,0.4493027390014672
2851,173,24.5542,120.8077,1.4430078784961922
2852,173,24.4683,120.8543,-1.0525123689149232
2853,173,24.18,120.594,0.4781121914419104
2854,173,24.179,120.6902,-0.6285239811263009
2855,173,24.1815,120.6338,-0.3127291697845655
2856,173,24.1603,120.6518,0.0142712645429608
2857,173,24.198,120.7393,-0.9296043868829528
2858,173,24.1935,120.6688,-1.1597330499274925
2859,173,24.1612,120.675,-1.5607953932206344
2860,173,24.1588,120.6238,-0.7261699411406839
2861,173,24.1732,120.6107,-1.142452549705102
2862,173,24.2687,120.5637,-0.0007487774724767
2863,173,24.2247,120.644,-1.026145512242621
2864,173,24.1355,120.549,-0.2831052019057334
2865,173,24.3457,120.61,-0.72651581431417
2866,173,24.0912,120.72,-0.7403716217843826
2867,173,24.2772,120.7658,-1.1192996349151851
2868,173,24.196,120.5403,-0.2148100293644988
2869,173,24.1475,120.676,-1.5246642736730898
2870,173,23.883,120.8998,-0.8886646472307503
2871,173,24.3482,120.7733,-0.847760767035354
2872,173,23.9037,120.8565,-1.626610435290453
2873,173,24.6917,121.0135,1.2340338538328173
2874,173,24.7433,120.899,1.33083883979126
2875,173,24.1858,120.6153,-0.6897115561743525
2876,173,24.2493,120.7208,-0.6104167724572735
2877,173,24.3098,120.7072,-1.0212225051378072
2878,173,24.2455,120.6018,-1.3194186614714691
2879,173,24.239,120.559,-1.6272623433138236
2880,173,24.0833,120.5518,0.4025719630975522
2881,173,24.0727,120.5402,-0.5467184114157023
2882,173,24.0848,120.5713,0.6910429994700181
2883,173,23.9622,120.5695,-0.6084352668597316
2884,173,24.0557,120.424,-0.1248243371238581
2885,173,23.8928,120.3865,-0.5772902118618961
2886,173,23.9595,120.4693,-0.3759905744546383
2887,173,23.8568,120.5803,0.3246373563431642
2888,173,24.1335,120.4598,-0.2067739911531148
2889,173,24.0027,120.4235,-0.0749826361197502
2890,173,23.9242,120.3122,-0.0967777205211494
2891,173,23.9803,120.613,-0.3730387719331771
2892,173,23.8128,120.6097,-0.1585520405834497
2893,173,24.0187,120.5437,-0.7818348782274782
2894,173,24.5673,120.8165,0.4166997243253935
2895,173,24.2603,120.6518,-0.9755544399784342
2896,173,23.9223,120.5955,0.1297320505346583
2897,173,23.9578,120.3593,0.6421570534029519
2898,173,23.8338,120.464,-0.4149840641737908
2899,173,23.98,120.3368,1.070196530245796
2900,173,23.3178,121.4425,-0.0581035229028214
2901,173,22.9738,121.2968,-0.9194860763772252
2902,173,22.6178,120.9975,-0.3742798054255373
2903,173,22.9102,121.1287,0.6631991690643937
2904,173,22.7568,121.1403,-0.9652301576337085
2905,173,22.7717,121.1378,-1.421644835729541
2906,173,22.7647,121.1427,-1.4047208861447922
2907,173,22.7602,121.1517,-0.6898471504847647
2908,173,22.7488,121.1442,-1.1201390090380108
2909,173,22.74,121.1135,-1.322655145473428
2910,173,22.7662,121.133,-1.408034863447002
2911,173,23.0992,121.3653,0.40792386587281
2912,173,22.754,121.1465,-0.7430515497897401
2913,173,22.8207,121.0717,-0.9256587005398608
2914,173,23.1268,121.2057,0.01999891149128
2915,173,23.0973,121.2105,0.5184917063903786
2916,173,23.053,121.1557,1.763099739892994
2917,173,22.9725,121.1083,0.5428732830028026
2918,173,22.9045,121.072,0.3912611130579254
2919,173,22.863,121.083,-0.7545191579677916
2920,173,22.8078,121.086,-0.2938309945697855
2921,173,22.779,121.0543,-0.5052106266769253
2922,173,23.3563,121.4603,-1.0230632155180528
2923,173,23.2462,121.4055,0.3100389829256601
2924,173,23.193,121.3878,-0.851731472119102
2925,173,22.7988,121.1855,-1.1288349235786708
2926,173,23.1512,121.198,0.5696600296334519
2927,173,23.1342,121.1177,2.7007949171402834
2929,173,23.0068,121.1655,0.8305622628095006
2930,173,22.9757,121.1478,-0.5808085923016048
2931,173,22.9658,121.232,0.5598153785927192
2932,173,22.773,121.0827,-0.8746394011200814
2933,173,22.674,121.0293,-0.3861783456365361
2934,173,23.1887,121.0168,1.6640587194222494
3849,173,23.7192,120.4125,0.1622108390595405
3850,173,23.6013,120.1715,0.717831936293359
3851,173,23.5815,120.552,0.759771761149871
3852,173,23.4853,120.2692,0.3252275365745465
3853,173,23.4653,120.544,1.45563835981413
3854,173,23.3328,120.1523,0.5336271581218761
3855,173,23.2963,120.5828,1.2508979502547757
2935,174,23.2963,120.5828,1.0164767471816951
2936,174,23.355,120.4052,1.3734984404657151
2937,174,23.2212,120.1532,0.956218488350146
2938,174,23.2147,120.268,0.3872167049984696
2939,174,23.1795,120.4778,1.0916297555190482
2940,174,23.0457,120.4615,1.1386874181057685
2941,174,23.757,120.6062,2.0332217094011527
2942,174,23.7795,120.5137,2.0029183276916487
2943,174,23.7987,120.4113,1.2952360722748006
2944,174,23.752,120.2468,1.9714344908358656
2945,174,23.6135,120.5282,1.20180900520181
2946,174,23.6443,120.4758,1.6844468477938537
2947,174,23.5799,120.291,0.8974843495996151
2948,174,23.5407,120.2153,1.6167259456537502
2949,174,23.52,120.584,0.9862801892724248
2950,174,23.5207,120.344,0.8122461650914943
2951,174,23.3583,120.5833,-0.072672923550833
2952,174,23.3832,120.1635,1.031047814364893
2953,174,23.4765,120.4632,1.6505288896898624
2955,174,23.2803,120.4083,1.1276750553064885
2956,174,23.2878,120.501,0.8544290449941263
2958,174,23.2698,120.2705,2.214273683020672
2959,174,23.2627,120.1315,0.960662642392862
2960,174,23.1495,120.4098,1.1695938751384074
2961,174,23.1725,120.3192,0.7840958327376815
2962,174,23.184,120.1025,0.7543909211789889
2963,174,23.1243,120.2392,0.1650262676064864
2964,174,23.0768,120.5107,0.1275626551616151
2965,174,23.1213,120.45,0.3956536331334764
2966,174,23.027,120.3402,-0.1295281229050685
2967,174,22.906,120.345,0.5669704061044685
2968,174,22.9205,120.2078,-0.6067995152504856
2969,174,22.999,120.1837,0.6158248634257845
2970,174,22.9737,120.1815,0.0526008941697052
2971,174,22.971,120.2286,-0.5346052358746429
2972,174,23.0648,120.1645,0.1031583638087012
2973,174,23.5672,119.5552,3.146083690361849
2976,174,23.1848,120.528,0.5616339308552702
2977,174,23.267,120.488,-0.8449241474895625
2978,174,23.7237,120.2975,1.922725136426424
2979,174,23.351,120.5932,0.0666369655619939
2980,174,23.3845,120.519,1.5625981536963134
2981,174,23.3462,120.4293,1.4486356838519936
2982,174,23.2673,120.2163,1.3546832014839023
2983,174,23.6538,120.1472,1.6855437560161008
2984,174,23.7935,120.3205,1.4380938766568288
2985,174,22.983,120.2327,-0.5965822633150862
2986,174,23.1373,120.2802,0.1165409976038142
2987,174,23.2272,120.3418,0.8801700767916998
2990,174,23.7912,120.2273,2.4088865310311487
2991,174,23.0372,120.1187,0.2006907328538928
2992,174,23.149,120.079,1.5656395307886606
2993,174,23.0775,120.1082,0.8988093019438179
2996,174,23.6608,121.414,-0.95000813759886
2997,174,23.9877,121.6173,-2.0417573934514683
2998,174,23.9925,121.6165,-0.939130487419289
2999,174,23.9962,121.5858,0.0269767888228039
3000,174,23.993,121.6233,-1.4741900082765194
3001,174,23.978,121.591,0.0701963853057782
3002,174,23.9732,121.5993,-1.101576935957524
3003,174,23.9757,121.553,-1.0284592602287077
3004,174,23.9648,121.56,-1.4404123427515974
3005,174,23.9497,121.5392,-1.3625267890735413
3006,174,23.977,121.605,0.1757740159043393
3007,174,23.8137,121.4328,-1.2505617340737372
3008,174,24.2675,121.7325,-0.4363268229658405
3009,174,24.08,121.5955,-2.1136949825730365
3010,174,23.3522,121.297,-1.373079904052353
3011,174,24.163,121.6447,-1.533727259963052
3012,174,24.1185,121.6165,-0.7258189030446921
3013,174,24.055,121.591,-1.1303665131936569
3014,174,24.0172,121.6013,-0.4464537649887964
3015,174,23.9373,121.5702,-1.2037872813428634
3016,174,23.7852,121.4488,-1.4479715269941913
3017,174,23.7653,121.4922,-0.0562603306836109
3018,174,23.7108,121.412,0.7683813374521765
3019,174,23.6867,121.4747,-0.9569982952121796
3020,174,23.5905,121.3772,-1.1799247780214286
3021,174,23.732,121.4362,-0.8572220044807484
3022,174,23.4995,121.367,-1.3809002846167335
3023,174,23.4542,121.384,-1.166217894050484
3024,174,23.4615,121.3445,-1.4667149675304731
3025,174,23.3845,121.3523,-0.9904468190938004
3026,174,23.2675,121.2942,-0.3041460144496851
3027,174,23.7092,121.54,-0.9681362658057822
3028,174,23.6538,121.5268,-1.6661172912112916
3029,174,24.3095,121.7405,-0.4148178889104796
3030,174,24.1492,121.6213,-0.6710216389160695
3031,174,24.0113,121.5715,-0.0352987545269849
3032,174,23.9952,121.5577,-0.5454369517791041
3033,174,23.9897,121.584,-0.9183028878340536
3034,174,23.8703,121.548,0.6241978725094436
3035,174,24.1795,121.5077,-0.4075340683839357
3036,174,24.16,121.61,0.253859597841291
3037,174,23.9672,121.484,-0.6967197883834048
3038,174,23.8713,121.5005,-0.7627553592000107
3039,174,23.8703,121.59,-2.449037910485823
3042,174,24.845,121.7973,-0.8976993153102842
3044,174,24.6978,121.8052,-0.6737304428907545
3045,174,24.6412,121.825,-0.6436216336467697
3046,174,24.5943,121.8462,0.0403299439059632
3047,174,24.7088,121.7628,-0.5493544761956546
3048,174,24.619,121.7812,-0.2585795267607178
3049,174,24.7807,121.7335,-0.9957747370333914
3050,174,24.732,121.7294,0.4031564028088384
3051,174,24.6945,121.7202,-1.052256780696962
3053,174,24.749,121.684,-0.8908262802219976
3054,174,24.7135,121.644,-0.996415813179792
3055,174,24.6448,121.588,-0.8207563053713837
3056,174,24.7278,121.755,-0.5005972697512563
3057,174,24.5995,121.8337,0.2865941872331665
3058,174,24.7455,121.7142,-1.1408411812565578
3059,174,24.7233,121.7917,-0.6282195113629574
3060,174,24.6903,121.792,-0.7602549703484747
3062,174,24.7663,121.7612,-0.680337867471499
3063,174,24.7655,121.748,-2.0073248733781663
3064,174,24.7212,121.667,-0.987647568300412
3065,174,24.6092,121.8488,-1.1159940486061262
3066,174,24.9732,121.9183,-1.0787861105358314
3067,174,24.7387,121.8083,0.0392749009714698
3068,174,24.7622,121.8088,-1.03414081049837
3069,174,24.6667,121.8205,-0.997775221408286
3070,174,24.5233,121.825,-1.2901398782192115
3071,174,24.4677,121.7933,0.0292285770132568
3072,174,24.477,121.7787,-0.7834438375042605
3073,174,24.4473,121.7707,0.0543590782359226
3074,174,23.1618,120.6355,-0.3070758601765103
3075,174,22.6462,120.3585,-0.6886598671133081
3076,174,22.8797,120.3707,0.4260772755621764
3077,174,22.656,120.3317,-0.831545370072571
3078,174,22.891,120.4738,-0.3013168000269696
3079,174,22.902,120.5352,0.6341737856884921
3080,174,22.6707,120.491,-0.6604324837969096
3081,174,22.6108,120.5588,-0.4287879034839315
3082,174,22.5462,120.4528,-0.6320463315853487
3083,174,22.4643,120.4535,-0.5854114818010807
3084,174,22.5488,120.5327,-0.4865193682850343
3085,174,22.473,120.5427,-0.1093121667562059
3086,174,22.2617,120.6432,-0.4293941645243412
3087,174,22.1922,120.6853,-1.1846598874687695
3088,174,22.0982,120.7418,-0.9134087514569
3089,174,22.1905,120.8703,-1.1416613066049095
3091,174,22.7252,120.4908,-0.4988535752371066
3092,174,23.1625,120.7573,1.5452232712267624
3094,174,23.2777,120.7128,0.369898749806313
3095,174,22.5538,120.3437,-0.8840581505053443
3096,174,22.6342,120.2633,-0.2699695128802828
3097,174,22.6495,120.3203,-0.843589174078932
3098,174,22.6237,120.2843,0.2635876637659616
3099,174,22.9053,120.1732,-0.5757401039716062
3100,174,22.7852,120.2385,-0.5542929976702682
3101,174,22.7303,120.3412,-0.300199208036145
3102,174,22.8873,120.6567,0.5037883420678121
3103,174,22.5348,120.5362,-0.4992789196654497
3104,174,22.574,120.5663,-0.1334131688654123
3105,174,22.4903,120.499,-0.4758521391993804
3106,174,22.747,120.7233,-0.13652548887086
3107,174,22.7112,120.6412,0.5715073323480078
3108,174,22.0095,120.7367,-0.4450120474082528
3109,174,22.5673,120.4475,-1.061607298353936
3110,174,22.8858,120.3222,0.2604228407120847
3111,174,22.6128,120.3113,-0.2557866564837652
3112,174,22.6461,120.306,-0.2755432450536924
3113,174,22.4805,120.403,-0.8423586156912826
3114,174,25.063,121.4813,-0.616763710435435
3115,174,25.0572,121.5253,-0.694782963105307
3117,174,25.017,121.5027,-0.3135040989956026
3118,174,25.0045,121.5073,-1.492765295124652
3119,174,25.0007,121.4748,0.3652064327945216
3120,174,24.9803,121.5293,0.532859547216904
3121,174,24.955,121.5303,0.3836697281754809
3122,174,24.9239,121.535,0.3518444642663146
3123,174,24.9043,121.5447,-0.3664852898401007
3124,174,25.183,121.4167,-0.1921433848203654
3125,174,25.1255,121.4532,0.7748206090671547
3126,174,24.9913,121.41,-0.5526638530710984
3127,174,25.148,121.4365,-0.4466042569553106
3128,174,25.1008,121.4403,-0.0622382183141921
3129,174,25.0817,121.3828,0.4842646307671857
3130,174,24.959,121.5143,0.4589508763722956
3131,174,25.1565,121.6855,-1.3015991013758
3132,174,25.1572,121.7237,-1.5349102840000168
3133,174,25.1865,121.5202,-1.0927405151148075
3135,174,25.0082,121.9882,-1.6795627083712334
3136,174,24.9913,121.65,-0.5313079508968765
3139,174,25.056,121.872,0.5888190644020166
3140,174,25.0237,121.906,-1.535238955456336
3141,174,25.0182,121.9808,-1.924294881911964
3142,174,25.2595,121.4938,-1.7970675354300212
3143,174,25.2252,121.6295,-1.7801456217282314
3145,174,25.1008,121.4177,-1.15625914254508
3146,174,25.0385,121.5762,0.0475853090405417
3147,174,25.0573,121.5945,0.1864174733483233
3148,174,25.0608,121.582,-0.6381171551717428
3149,174,25.141,121.4758,-0.5712769228386108
3150,174,25.1353,121.4913,-0.6467028974598727
3151,174,25.0207,121.5299,-1.0927684019028328
3152,174,25.103,121.5395,0.3266584319508981
3153,174,25.0351,121.519,-0.795191617114087
3154,174,25.071,121.781,-0.0012482644188987
3155,174,25.1053,121.2373,-0.8664589241337055
3156,174,24.9118,121.1405,-0.1496209373550863
3157,174,25.0015,121.3097,-0.3280042785455914
3158,174,25.0092,121.2062,-0.3897933267948777
3159,174,25.0463,121.3075,0.1110846471451873
3160,174,24.88,121.0535,0.0529426929710322
3161,174,24.7757,121.075,0.1753326140487105
3162,174,24.5588,120.7492,1.5552496729282232
3163,174,24.5615,120.701,-0.3217641145439924
3164,174,24.6855,120.8623,1.2213876113097497
3165,174,24.4488,120.6963,0.3595230134092159
3166,174,24.4912,120.663,0.4516187988613958
3167,174,24.4917,120.7837,0.9816153345901144
3168,174,24.4497,120.6455,1.2596155458339804
3169,174,24.5542,120.8077,1.328272617479685
3170,174,24.4032,120.7578,0.0312840904662235
3171,174,24.5412,120.9137,-0.1028706784474195
3172,174,24.4683,120.8543,-1.4024841197743931
3173,174,24.18,120.594,2.566498693382164
3174,174,24.179,120.6902,0.411017475945826
3175,174,24.1815,120.6338,1.6703812033009169
3176,174,24.1603,120.6518,1.32940459450924
3177,174,24.198,120.7393,-0.8033970337931564
3178,174,24.1935,120.6688,0.1347786943215203
3179,174,24.1612,120.675,-0.2833262714884579
3180,174,24.1392,120.6643,1.2295706119928091
3181,174,24.1588,120.6238,1.1602498458395516
3182,174,24.1732,120.6107,0.4538658171007768
3183,174,24.2687,120.5637,0.8266604106347618
3184,174,24.2247,120.644,-0.0447134042354698
3185,174,24.1355,120.549,1.977480892207867
3186,174,24.3457,120.61,0.587557189540679
3187,174,24.0912,120.72,0.4012815024145766
3188,174,24.2772,120.7658,-1.1194851190561137
3189,174,24.196,120.5403,1.1169179288262143
3190,174,24.8022,120.9695,-0.7494291454087729
3191,174,24.1475,120.676,0.6354982137053536
3192,174,24.97,121.1867,0.8669257183657919
3194,174,24.3482,120.7733,-1.038000300120796
3195,174,25.0117,121.2792,-1.139501541964867
3196,174,24.7695,121.0488,-0.1560372521167168
3197,174,24.6917,121.0135,1.8193912132202577
3198,174,24.7957,120.9558,0.8650305992575947
3199,174,24.7433,120.899,1.0754825530531866
3200,174,24.242,120.7092,0.1858117043831279
3201,174,24.2493,120.7208,-0.2733905941709935
3202,174,24.3098,120.7072,-0.1151847184524811
3203,174,24.2455,120.6018,1.3448248745549989
3204,174,24.239,120.559,0.6698998705802288
3205,174,24.0833,120.5518,2.0460215702649056
3206,174,24.0727,120.5402,0.8881555956329901
3207,174,24.0848,120.5713,2.1845651912878585
3208,174,24.0557,120.424,1.8975096938331628
3209,174,23.8928,120.3865,1.7921566441401555
3210,174,23.9595,120.4693,1.241286814231007
3211,174,24.1335,120.4598,1.815450688731624
3212,174,24.0027,120.4235,1.801914189656296
3213,174,23.9242,120.3122,1.84970763919402
3214,174,24.0187,120.5437,0.8528829179283715
3215,174,24.4162,120.7607,0.4458213577367619
3216,174,23.8783,120.6843,2.296913760562993
3217,174,24.5673,120.8165,0.2783798715681392
3218,174,24.2603,120.6518,0.7408799752905751
3219,174,23.9223,120.5955,2.899473581898981
3220,174,23.9578,120.3593,1.857492619807769
3221,174,23.8338,120.464,2.7762669580528705
3222,174,23.98,120.3368,2.302812088859137
3223,174,23.3178,121.4425,-1.139799096679624
3224,174,22.9738,121.2968,-0.7653352086522891
3225,174,22.6178,120.9975,-0.1175418882969679
3226,174,22.9102,121.1287,0.1406401713094563
3227,174,22.7568,121.1403,-1.0282139324894508
3228,174,22.7647,121.1427,-1.9735856065608937
3229,174,22.7602,121.1517,-1.830601651358334
3230,174,22.7488,121.1442,-1.2918993337333902
3231,174,22.74,121.1135,-1.3219988135562488
3232,174,22.7662,121.133,-1.505209923782519
3233,174,22.7678,121.1277,-2.6058277521234263
3234,174,23.0992,121.3653,-0.3809100244984049
3235,174,22.754,121.1465,-1.308020509350509
3236,174,22.8207,121.0717,-0.5259309539668137
3237,174,23.1268,121.2057,-0.8392159041972005
3238,174,23.0973,121.2105,-0.3262368425870798
3239,174,23.053,121.1557,0.8352067430883676
3240,174,22.9045,121.072,0.1527344149487802
3241,174,22.863,121.083,-0.0369705476415223
3242,174,22.8078,121.086,0.0454564741178434
3243,174,22.779,121.0543,-0.5752609185334338
3244,174,23.3563,121.4603,-0.910921559270445
3245,174,23.2462,121.4055,-1.037362446804073
3246,174,23.193,121.3878,-1.4573416265218155
3247,174,22.7988,121.1855,-1.0170807953762022
3248,174,23.1512,121.198,0.073461363213098
3249,174,23.1342,121.1177,1.724625941644482
3251,174,23.0068,121.1655,-0.3105515553796018
3252,174,22.9757,121.1478,-0.8002838073625745
3253,174,22.9658,121.232,-0.4228654340247041
3254,174,22.773,121.0827,-0.8046486965347671
3255,174,22.674,121.0293,0.2431906900463701
3256,174,23.1887,121.0168,0.4461536357694241
3856,174,23.7192,120.4125,2.096517174625406
3857,174,23.6013,120.1715,1.9354308406770293
3858,174,23.5815,120.552,0.9645509067834444
3859,174,23.4853,120.2692,1.7443561225018895
3860,174,23.4653,120.544,1.3257424139462817
3861,174,23.3328,120.1523,0.7369031233654191
3257,175,23.2963,120.5828,1.1482481617368012
3258,175,23.355,120.4052,1.8095385209924848
3259,175,23.2212,120.1532,1.385871601698513
3260,175,23.2147,120.268,0.5803902248884886
3261,175,23.1795,120.4778,1.3063836062476448
3262,175,23.0457,120.4615,0.8194770140423976
3263,175,23.757,120.6062,1.183294143132048
3264,175,23.7795,120.5137,1.4178399071478789
3265,175,23.7987,120.4113,1.8815338660717904
3266,175,23.752,120.2468,1.9208824069842243
3267,175,23.632,120.6052,0.9300300186662172
3268,175,23.6135,120.5282,1.6517563833010316
3269,175,23.6443,120.4758,1.2194738529421807
3270,175,23.5799,120.291,2.108868277193635
3271,175,23.5407,120.2153,1.5575199000609885
3272,175,23.5212,120.5443,0.8923253375264124
3273,175,23.52,120.584,1.4178696428325666
3274,175,23.6073,120.4788,2.280031529861737
3275,175,23.5562,120.4202,2.087589429631844
3276,175,23.5207,120.344,1.2968753511896507
3277,175,23.4388,120.5957,1.9730057882149368
3278,175,23.3583,120.5833,0.5898928939319396
3279,175,23.3832,120.1635,1.282846983933858
3280,175,23.4765,120.4632,1.9320078477872629
3282,175,23.2803,120.4083,0.77310082107434
3283,175,23.2878,120.501,1.4779271717279865
3285,175,23.2698,120.2705,2.1565046778429857
3286,175,23.1495,120.4098,0.6743951784098751
3287,175,23.1725,120.3192,0.6470833720709235
3288,175,23.184,120.1025,1.168846166793074
3289,175,23.1243,120.2392,0.1590479663534771
3290,175,23.0768,120.5107,-0.0166091366219921
3291,175,23.1213,120.45,0.7521271619192952
3292,175,23.027,120.3402,0.1178257130286451
3293,175,22.906,120.345,1.137309316064583
3294,175,22.9205,120.2078,-0.1419988556256302
3295,175,22.999,120.1837,0.6937081005598859
3296,175,22.9737,120.1815,0.0671006593190451
3297,175,22.971,120.2286,-0.0119811843273782
3298,175,23.0648,120.1645,0.3381871327050431
3299,175,23.5103,120.8052,0.4714909999968636
3300,175,23.5672,119.5552,2.808404900190866
3303,175,23.1848,120.528,0.5377435155673352
3304,175,23.267,120.488,-0.4689966904868177
3305,175,23.7237,120.2975,2.8651611627300344
3306,175,23.351,120.5932,1.3433233064286134
3307,175,23.3845,120.519,1.4889337563069434
3308,175,23.3462,120.4293,3.0533998399822
3309,175,23.2673,120.2163,1.877812163009417
3310,175,23.7913,120.4783,0.2580420645542834
3311,175,23.6538,120.1472,2.497340259088675
3312,175,23.7935,120.3205,1.2820659492312203
3313,175,22.983,120.2327,-0.1596946319519772
3314,175,23.1373,120.2802,0.8000319346930521
3315,175,23.2272,120.3418,1.084234943719686
3316,175,23.6862,120.5622,1.2655914614699746
3319,175,23.7912,120.2273,2.50341882914198
3320,175,23.0372,120.1187,0.5504596296900294
3321,175,23.149,120.079,1.296870665203255
3322,175,23.0775,120.1082,1.508161610254567
3325,175,23.9877,121.6173,-1.6287826130655465
3326,175,23.9925,121.6165,-0.8095398227312615
3327,175,23.9962,121.5858,-0.4448850519368208
3328,175,23.993,121.6233,-1.3279613241651276
3329,175,23.9732,121.5993,-0.5341001463571177
3330,175,23.9757,121.553,-0.8961638462306939
3331,175,23.9648,121.56,-0.900724525646533
3332,175,23.977,121.605,-0.113181693563354
3333,175,23.8137,121.4328,-1.3597377276454503
3334,175,24.2675,121.7325,0.0982985899271458
3335,175,24.08,121.5955,-2.166781943897645
3336,175,23.3522,121.297,-1.4066109953690582
3337,175,24.163,121.6447,-0.5228460477436022
3338,175,24.1185,121.6165,-0.6014174232280854
3339,175,24.055,121.591,-0.6252433444468384
3340,175,24.0172,121.6013,-0.3935489182226472
3341,175,23.9373,121.5702,-0.7735041480377348
3342,175,23.7852,121.4488,-1.5025670533902888
3343,175,23.7653,121.4922,-0.4722667254095953
3344,175,23.6867,121.4747,-0.0313678599546585
3345,175,23.5905,121.3772,-0.486377550847646
3346,175,23.732,121.4362,-0.9843490731277496
3347,175,23.4995,121.367,-1.4853478173821992
3348,175,23.4542,121.384,-0.8001847519718404
3349,175,23.4615,121.3445,-1.5512074815246486
3350,175,23.2675,121.2942,-0.037910303611827
3351,175,23.7092,121.54,-1.1797842120993458
3352,175,23.6538,121.5268,-1.9822622808711527
3353,175,24.3095,121.7405,0.2721103087250411
3354,175,24.1492,121.6213,-0.3545086282447584
3355,175,23.9897,121.584,-0.7599861491441883
3356,175,23.8703,121.548,0.08494120080649
3357,175,23.3232,121.3323,-0.7441025847736634
3358,175,24.1795,121.5077,0.6736597159191084
3359,175,24.16,121.61,0.4262057495857434
3360,175,23.9672,121.484,-0.925851885816042
3361,175,23.8713,121.5005,-0.7357507078947707
3362,175,23.8703,121.59,-2.0554669346188006
3364,175,24.845,121.7973,-1.6196131314607758
3365,175,24.7982,121.7813,-0.5720729568809412
3366,175,24.6412,121.825,-0.4168336374824863
3367,175,24.5943,121.8462,0.1324982348153348
3368,175,24.7088,121.7628,-0.8229558711838693
3369,175,24.619,121.7812,-0.9438212208893696
3370,175,24.7807,121.7335,-0.8752316713139804
3371,175,24.732,121.7294,-0.1331376466454406
3372,175,24.6945,121.7202,-1.168176966173049
3374,175,24.749,121.684,-0.9432570262430018
3375,175,24.6437,121.6912,-0.7619515010507464
3376,175,24.7135,121.644,-0.9258661503362972
3377,175,24.6448,121.588,-1.9317352611174543
3378,175,24.7555,121.747,0.1983997601277971
3379,175,24.7278,121.755,-0.8686419153513817
3380,175,24.7233,121.7917,-1.1580084697564963
3381,175,24.7663,121.7612,-0.4462934049086821
3382,175,24.7212,121.667,-1.0081786031776354
3383,175,24.6092,121.8488,-1.8190645937748915
3384,175,24.7387,121.8083,-0.6139181477290417
3385,175,24.7622,121.8088,-0.9752814694985356
3386,175,24.6667,121.8205,-0.9409690343915258
3387,175,24.5233,121.825,-1.2098801489591746
3388,175,24.4677,121.7933,-0.3735194409828857
3390,175,24.477,121.7787,-0.5198885664663109
3391,175,24.4473,121.7707,0.3094145606143495
3392,175,23.1618,120.6355,-0.8726532676978022
3393,175,22.591,120.3173,-0.3834553549913836
3394,175,22.6462,120.3585,-0.5522855111553227
3395,175,22.6295,120.3672,0.327188660333998
3396,175,22.8797,120.3707,0.5194980056561596
3397,175,22.891,120.4738,-0.8744003133131666
3398,175,22.902,120.5352,0.4237633146331452
3399,175,22.6707,120.491,-0.2773015957579051
3400,175,22.6108,120.5588,-0.1983714184520897
3401,175,22.473,120.5427,0.1387789707308852
3403,175,23.2777,120.7128,0.0720103150865723
3404,175,22.6342,120.2633,-0.4903006243340069
3405,175,22.6495,120.3203,-0.4526145634602338
3406,175,22.9053,120.1732,-0.308323320258319
3407,175,22.7852,120.2385,-0.0339639095715078
3408,175,22.7303,120.3412,0.2646098859587069
3409,175,22.8873,120.6567,0.0245169343403111
3410,175,22.5348,120.5362,-0.234144055637312
3411,175,22.574,120.5663,-0.4622558447859961
3412,175,22.4903,120.499,-0.0032794116681277
3413,175,22.747,120.7233,-0.3364708644356469
3414,175,22.7112,120.6412,-0.0648800063576511
3415,175,22.8858,120.3222,0.4452657409618555
3416,175,22.6461,120.306,-0.4294982041042129
3417,175,25.063,121.4813,-0.3577196293100078
3418,175,25.0572,121.5253,-0.7306376693263158
3420,175,25.017,121.5027,-0.7097618264172592
3421,175,25.0045,121.5073,-1.1855076899359835
3422,175,24.9239,121.535,0.0137589168340195
3423,175,25.1758,121.434,-0.3132450552125098
3424,175,25.1255,121.4532,-0.1265097626974725
3425,175,24.9538,121.3375,-1.641421627065089
3426,175,25.1523,121.3955,0.5654263774969591
3427,175,25.0817,121.3828,0.228522242583576
3430,175,25.0385,121.5762,-0.159697953927762
3431,175,25.0573,121.5945,0.2075940863881083
3432,175,25.141,121.4758,-0.3175682060315741
3433,175,25.1353,121.4913,0.0643973322337934
3434,175,25.0207,121.5299,-0.6344968006271541
3435,175,25.103,121.5395,-0.1119540040513084
3436,175,25.0351,121.519,-0.6008505648654539
3437,175,25.071,121.781,0.5660553106208224
3438,175,25.0473,121.1357,-0.8169752064766599
3439,175,24.9118,121.1405,-0.0478563988216736
3440,175,25.0015,121.3097,-0.6218192442681559
3441,175,25.0092,121.2062,-0.4234173172651663
3442,175,25.0003,121.1533,-0.7759020028112956
3443,175,25.0463,121.3075,-0.2857917407805516
3444,175,24.5588,120.7492,0.6964410151427727
3445,175,24.5615,120.701,-0.3174868564463478
3446,175,24.523,120.8148,-0.2666775830443313
3447,175,24.4488,120.6963,-0.5994143597813311
3448,175,24.4912,120.663,0.2566964956243061
3449,175,24.4917,120.7837,-0.1533105142203341
3450,175,24.4497,120.6455,0.7007477373865854
3451,175,24.5542,120.8077,0.8637556176967972
3452,175,24.4032,120.7578,-0.783275997994355
3453,175,24.4683,120.8543,-1.7177960345309466
3454,175,24.18,120.594,0.6225958786862615
3455,175,24.179,120.6902,-1.3926105256635095
3456,175,24.1815,120.6338,-0.8522275706053729
3457,175,24.1603,120.6518,-0.5884756965600211
3458,175,24.198,120.7393,-1.1935580377649584
3459,175,24.1935,120.6688,-1.7522352659237943
3460,175,24.1588,120.6238,-0.7421026543428487
3461,175,24.1732,120.6107,-1.222764446871854
3462,175,24.2687,120.5637,0.2453793029696351
3463,175,24.2247,120.644,-1.771829317955464
3464,175,24.1355,120.549,0.0962128544884183
3465,175,24.3457,120.61,-0.9858011100595104
3466,175,24.0588,120.6912,-0.3618716451999672
3467,175,24.0912,120.72,-1.732797472191332
3468,175,24.2772,120.7658,-1.601577784219968
3469,175,24.0407,120.8488,-1.7715910226370206
3470,175,23.9827,120.6778,0.3512712094585516
3471,175,23.9077,120.6757,1.2065290940200326
3472,175,23.812,120.8455,1.1881968444598243
3473,175,23.8395,120.8942,2.670252637371101
3474,175,23.9,120.93,2.183740500734211
3475,175,24.8022,120.9695,-0.546488659588988
3476,175,24.1475,120.676,-1.9235641673023736
3477,175,24.97,121.1867,-0.34088204468971
3479,175,23.8635,120.2812,2.014468598372716
3480,175,24.3482,120.7733,-2.001492366465233
3481,175,24.9823,121.2625,-0.0405656261234691
3482,175,25.0117,121.2792,-0.7039492673260089
3483,175,24.7695,121.0488,-0.3444418351460569
3484,175,24.6917,121.0135,0.4452787968694922
3485,175,24.7957,120.9558,-0.1637281160882559
3486,175,24.7433,120.899,0.528560658875944
3487,175,24.1858,120.6153,-1.3000878597353165
3488,175,24.2493,120.7208,-1.031040998958351
3489,175,24.3098,120.7072,-1.1193469717606437
3490,175,24.2455,120.6018,-1.1066515680855773
3491,175,24.239,120.559,-0.3695239392899021
3492,175,24.0727,120.5402,0.6438476120699861
3493,175,24.0865,120.5235,0.8331439107507923
3494,175,24.0848,120.5713,0.6047416790799441
3495,175,23.9622,120.5695,-0.9130363476809356
3496,175,24.0557,120.424,0.443742088336811
3497,175,23.8928,120.3865,1.3481247958074851
3498,175,23.9595,120.4693,-0.1171916151473633
3499,175,24.0027,120.4235,1.1724237782845937
3500,175,23.9242,120.3122,0.506622066775624
3501,175,23.9803,120.613,-0.0190148938059835
3502,175,23.8128,120.6097,0.9289283609310396
3503,175,24.0187,120.5437,0.0871756824182725
3504,175,23.9552,120.6822,-0.1893126018988012
3505,175,24.4162,120.7607,-0.6727213805039984
3506,175,23.8783,120.6843,2.3182755591289004
3507,175,24.2603,120.6518,-1.2813428927477628
3508,175,23.9223,120.5955,0.7390024179194277
3509,175,23.9217,120.5403,-0.7111107088522465
3510,175,23.9578,120.3593,1.7029628664877177
3511,175,23.8338,120.464,3.380613160649621
3512,175,23.98,120.3368,1.3206975880569285
3513,175,24.8592,121.2475,-0.1349627714250827
3514,175,23.3178,121.4425,-0.9269623072273024
3515,175,22.9738,121.2968,-0.7671229543078136
3516,175,22.6178,120.9975,-0.8051484003469275
3517,175,22.9102,121.1287,0.1602651158568974
3518,175,22.7568,121.1403,-1.1707094018381516
3519,175,22.7717,121.1378,-1.7144976016790905
3520,175,22.7647,121.1427,-1.2650442984902763
3521,175,22.7602,121.1517,-1.4764463871818096
3522,175,22.7488,121.1442,-0.7055089111888867
3523,175,22.7662,121.133,-1.5835604115960646
3524,175,23.0992,121.3653,-0.5481170406200222
3525,175,22.754,121.1465,-0.7928413099163081
3526,175,22.8207,121.0717,-0.8674527636559449
3527,175,23.1268,121.2057,-1.416151763314348
3528,175,23.0973,121.2105,-0.4966117148816488
3529,175,23.053,121.1557,0.4772883869364812
3530,175,22.9725,121.1083,-0.6857342913493994
3531,175,22.9045,121.072,0.0022305202427445
3532,175,22.863,121.083,-0.5259080019559315
3533,175,22.8078,121.086,-0.5963942091520037
3534,175,22.779,121.0543,-1.1318149620625513
3535,175,23.3563,121.4603,-0.5027784961718754
3536,175,23.2462,121.4055,-0.7799410414497404
3537,175,23.193,121.3878,-1.3647131988338006
3538,175,22.7988,121.1855,-1.094886908032903
3539,175,23.1512,121.198,-0.870785231146195
3540,175,23.1342,121.1177,1.0760211036526417
3542,175,23.0068,121.1655,-0.6382942182837693
3543,175,22.9757,121.1478,-1.0482414071513415
3544,175,22.9658,121.232,-0.3126186431500292
3545,175,22.773,121.0827,-0.9264173942172343
3546,175,22.674,121.0293,-0.3448712214190546
3862,175,23.7192,120.4125,2.469512264627058
3863,175,23.6013,120.1715,2.1846319415862325
3864,175,23.5815,120.552,1.0106868439700891
3865,175,23.4853,120.2692,2.25991864702668
3866,175,23.4653,120.544,1.3166166723137984
3867,175,23.3328,120.1523,0.9743745248502174
3868,175,24.5673,120.8165,-0.70785589529794
3869,176,35.0305,132.9044,1.9951646666535268
3870,176,34.8919,133.2781,0.5982390541990804
3871,176,34.8111,132.8444,0.3838766195644783
3872,176,34.723,132.2797,2.198715273120171
3873,176,34.7738,133.2833,0.7345850450349437
3874,176,34.6627,132.4102,1.3234651516306557
3875,176,34.7,133.0972,-0.5179627248797999
3876,176,34.6075,132.7219,0.6899433613935134
3877,176,34.5855,133.0527,-0.9299591820367042
3878,176,34.5644,133.2388,-0.7957388622335029
3879,176,34.4244,132.7447,0.3525610713309325
3880,176,34.4816,133.3641,0.1365137673805135
3881,176,34.4166,133.1997,-1.0858677574703863
3882,176,34.4008,133.0858,-0.4473928526680604
3883,176,34.9497,133.1197,0.8506504655518765
3884,176,34.3704,133.0259,2.541565691542562
3885,176,34.545,132.9506,0.7325318882653936
3886,176,34.515,133.1401,1.836568095225925
3887,176,34.3753,133.3519,-1.1249993417415067
3888,176,34.5534,133.4205,0.023695536967444
3889,176,34.9105,132.9149,-0.0186424605596549
3890,176,34.6983,132.955,-0.4549366264064616
3891,176,35.6163,134.4527,-0.9489064547524212
3893,176,35.3294,134.668,-0.1491605270852598
3895,176,34.9816,134.3255,0.0065658462245804
3896,176,34.9927,134.5547,-0.0539643032136863
3897,176,34.7519,134.3927,-0.2716608221448834
3898,176,35.0639,134.4261,-1.2839808726215032
3899,176,35.2161,134.5264,1.1439641100465954
3900,176,34.8963,134.3311,0.1758346625182698
3901,176,34.7903,134.4819,0.6008523183838059
3902,176,35.0278,134.6736,0.7085431138643319
3903,176,34.9281,134.545,1.3645893917744822
3904,176,35.1755,134.0527,-0.7969634594666064
3905,176,35.1705,134.3413,0.4676406940744156
3906,176,34.9547,133.5044,-0.3145137358335941
3907,176,35.0066,133.7344,-0.4901285404676918
3908,176,35.0652,134.0077,-0.3995272000606701
3909,176,34.7775,133.6147,-1.0637121276855674
3910,176,34.8669,133.9063,-0.1501360407201654
3911,176,34.9144,134.095,0.2804026414932426
3912,176,34.7422,134.1911,0.7390001357645074
3913,176,34.6508,133.9094,0.2462491407071795
3914,176,34.5861,133.7572,-1.1082606883188717
3915,176,34.5063,133.5125,0.5948699976157451
3916,176,34.443,133.7902,0.1152651318962574
3917,176,35.2761,133.9283,-1.2577934426731656
3918,176,34.5036,133.8931,0.6441818085545439
3920,176,34.775,133.7917,-0.1890669403926255
3921,176,34.6397,133.6886,-2.2366296614537835
3922,176,34.8652,133.8554,0.1241324298870022
3923,176,34.6724,133.5309,-0.4195852252981679
3925,176,34.9071,133.4081,-0.3453691742482577
3926,176,35.1777,133.6792,-0.9500094565241548
3927,176,35.2794,133.929,-0.3919199456528538
3928,176,35.07,134.1189,0.7284410597488105
3929,176,35.0967,134.3217,0.9642989393205136
3930,176,34.7251,134.2771,-0.5220880201057103
3931,176,34.9331,133.6232,0.0378920056484923
3932,176,35.5341,133.1638,-2.382737325385217
3934,176,35.1763,133.0955,0.5220883113229406
3935,176,35.285,132.903,-0.5269140131258196
3936,176,35.358,132.7475,-1.1821206340025578
3937,176,35.1911,132.5003,-0.7092567355566649
3938,176,35.0775,132.5939,1.2982974212028855
3939,176,34.8491,132.5333,1.1405949382284584
3940,176,35.008,132.2252,0.9803930039727962
3941,176,34.8838,132.0808,-0.8537676496852764
3942,176,35.3613,133.173,-3.0336569477395314
3943,176,35.1925,132.8172,-0.2217883685950607
3944,176,36.0902,132.9866,-1.7379103465912245
3945,176,36.1894,133.2358,-0.3993078801353519
3946,176,35.2931,133.263,-1.7949430516191782
3947,176,35.2203,133.0882,-0.3831515825892825
3948,176,35.2212,132.7249,-0.7729142849707021
3949,176,35.0886,132.5333,-0.4201736077858428
3950,176,34.8665,132.6422,1.0827578996549685
3951,176,34.8807,132.2051,0.6702157929028448
3952,176,34.8769,132.4233,0.5695072288660973
3954,176,35.4228,132.8033,-1.547968972070386
3955,176,35.1603,132.8583,0.4585927319053139
3956,176,35.0056,132.3094,0.4167774205727593
3957,176,35.3383,134.4002,-1.8012620442063687
3958,176,35.4822,134.2225,-1.277544846353259
3959,176,35.34,134.2102,-0.1094529823610257
3960,176,35.46,134.0711,-1.224632716176045
3962,176,35.5075,133.633,0.6317796112538823
3963,176,35.2794,133.4902,-0.7090130911366543
3965,176,35.1676,133.3139,-1.1223953696257107
3966,176,35.2572,134.22,-1.081300841989088
3967,176,35.2281,133.3937,-2.8428170750746604
3968,176,35.4636,133.6333,-0.0517448785691524
6137,176,33.981,133.549,-0.8880050943379744
6138,176,33.9216,133.3074,-1.854342696361552
6139,176,33.9266,133.0843,-0.4465861259475946
6140,176,34.0624,132.9982,0.0509206147640894
6141,176,33.7974,132.9141,-1.537555199493812
6142,176,33.641,133.0082,-0.4071345155636137
6143,176,33.9621,132.7722,-0.0936673219693192
6144,176,33.8198,132.7282,-0.061065451528389
6145,176,33.6324,132.7963,-0.273380806779572
6146,176,33.4512,132.6882,-0.1936584014887725
6147,176,33.4496,132.4336,-0.0137090627885402
6148,176,33.2217,132.5727,0.6499271762437273
6149,176,33.3924,132.1141,-0.710497020757744
6150,176,32.9453,132.5047,0.158311333786517
6151,176,33.6094,132.4768,-0.4747877601732986
6152,176,33.7658,132.7088,-0.3696035706686094
6153,176,33.9121,133.6523,0.2240374050263458
6154,176,33.899,133.0684,-0.763375263556408
6155,176,33.7079,132.8057,-0.6639025931854062
6156,176,33.3314,132.8005,-0.166711335706538
6157,176,33.4988,132.7505,-1.0698544934836565
6158,176,33.5354,133.0042,-0.2614369536482185
6159,176,36.2161,136.1571,-0.1645962304448892
6160,176,36.0386,136.0137,0.1353463539650159
6162,176,35.9789,136.4865,0.3427970014072344
6163,176,35.9067,136.1743,0.3315062837319337
6164,176,35.7731,136.1998,0.5082112879790263
6165,176,35.6447,136.0575,0.2752333085685735
6166,176,35.5479,135.9084,-0.5336353346163157
6168,176,35.4904,135.551,0.4326655977930997
6169,176,36.0924,136.3646,0.3837951023723902
6170,176,35.9452,136.0584,1.0681528382503724
6172,176,35.5556,135.8722,-0.1787182951591331
6173,176,35.6358,136.0331,-0.0216298837302223
6174,176,35.4875,135.4869,1.263701977998429
6175,176,35.4542,135.7294,0.6869268774668035
6177,176,33.8324,130.9014,0.6622166152127299
6178,176,33.7388,131.0095,0.9454547561280644
6181,176,33.5716,130.8539,0.7736182898058711
6185,176,33.8817,130.9822,1.1266617765411715
6193,176,35.6365,136.4882,1.7998629648194882
6194,176,35.4829,136.5714,0.9267111868719384
6196,176,35.2834,136.4715,0.2357011527168217
6198,176,35.6294,136.6164,1.2659967031110535
6201,176,35.4147,136.4376,0.8020672626326146
6203,176,35.2736,136.7031,0.8493167282137631
6204,176,34.4926,132.2794,1.3558968525729236
6206,176,34.2869,132.2766,1.3112291982635853
6208,176,34.2485,132.5647,0.318671961958724
6209,176,34.3027,133.1693,0.3050746672921263
6210,176,34.285,132.6436,1.475308211962241
6212,176,35.6411,134.6284,0.1928271172162742
6213,176,35.4615,134.8758,-0.419920355734694
6214,176,35.3407,134.8619,0.5133119661590818
6215,176,35.1482,134.788,0.9286767900889132
6216,176,35.169,135.1041,0.4975904808011614
6217,176,35.0593,135.1777,1.10662459506955
6218,176,34.989,134.7634,0.911216679901226
6219,176,35.0023,134.9999,0.0814715880481952
6220,176,34.9515,135.2713,1.06382520357941
6221,176,34.8143,134.687,0.1017011542294228
6222,176,34.832,134.8236,0.8273139147865118
6223,176,34.7976,134.9899,-0.3235148074556433
6224,176,34.6898,135.1583,0.5275473733149175
6225,176,34.7463,135.3499,-0.4371124850076019
6226,176,34.6444,134.9999,-0.1369292147224447
6227,176,34.533,134.9904,-0.0327581484325939
6228,176,34.3405,134.9014,-0.8194429335435219
6229,176,34.4149,134.7925,1.2575848223243549
6231,176,34.2904,134.7968,-1.008259598780617
6232,176,35.0676,135.2839,2.4927744394212583
6233,176,34.905,135.0872,0.6174918910013217
6234,176,34.8132,134.8106,0.3298553084931304
6235,176,35.2893,134.9099,0.5484930526937392
6238,176,34.5466,134.2814,0.348510026077737
6239,176,34.4727,134.3139,0.9345521530242086
6240,176,34.2652,133.7896,0.2616806700928612
6241,176,34.3473,134.0374,-0.1580695568538812
6242,176,34.1138,133.6354,-0.0382483607084108
6243,176,34.2496,134.1856,0.3331675028429301
6244,176,34.2271,134.4009,0.0421730537786737
6245,176,34.1644,133.9243,-0.3041607428081945
6246,176,34.2153,133.952,1.085526746569948
6248,176,33.2903,134.1681,0.2376660929919519
6249,176,33.5014,133.9068,0.5539719781436548
6250,176,33.6975,133.8771,0.0527511781485057
6251,176,33.5934,133.6921,0.3117981493582372
6252,176,33.4945,133.4165,-0.1866699031541673
6253,176,33.5611,133.5271,0.1207922819663513
6255,176,33.5742,133.1718,0.6945887187282377
6256,176,33.3925,133.2896,-0.2277850247054499
6257,176,33.3982,132.8962,-1.0012971594634608
6258,176,33.1967,132.9758,-0.4593954850098866
6259,176,33.0797,133.1015,0.7907342417639821
6260,176,32.9895,132.9377,-0.0289205715576229
6262,176,32.7672,132.9711,-0.3266110350918962
6263,176,33.7691,133.6565,-1.053200274935351
6264,176,33.5387,134.1224,-1.2911952385542165
6265,176,33.7046,133.3667,-0.8448936901547989
6268,176,33.0719,132.955,0.3183052763073413
6269,176,35.7406,135.1022,-1.049212876787831
6271,176,35.6767,135.2919,0.1895263195396657
6274,176,35.2759,135.1827,0.3196542228907025
6276,176,35.2612,135.3966,0.4368215858221887
6277,176,35.1637,135.5016,1.526934820921748
6278,176,35.2098,135.7738,0.8343069825430821
6279,176,35.017,135.5638,0.2475059017308601
6280,176,34.9962,135.8188,0.6036660695218532
6281,176,34.8784,135.8047,-0.6099504241854005
6282,176,34.7732,135.9921,-0.3073747340499806
6283,176,35.5211,135.1271,-0.0410317367839315
6284,176,35.707,135.2524,0.4054203614170047
6285,176,35.3098,135.1362,1.0925413314191674
6287,176,35.1718,136.4943,1.1835788183674143
6288,176,35.0279,136.5073,0.9575394693619768
6289,176,34.9704,136.6357,0.2247804670982141
6290,176,34.8569,136.4493,1.32268930090767
6291,176,34.7677,136.1151,0.3435273328978572
6292,176,34.7178,136.5039,0.1410592114567385
6293,176,34.6435,136.3365,2.330781757718349
6294,176,34.6285,136.1073,0.0946679506671701
6295,176,34.5752,136.5296,-0.8686735571693306
6296,176,34.2777,136.4996,-0.9444027442391232
6297,176,33.8783,136.0822,-0.1977843165528964
6298,176,33.8764,135.9188,0.1155531066666734
6299,176,34.9817,136.4592,0.8974573669804587
6300,176,34.7629,136.2864,-0.4033751931017847
6301,176,34.3499,136.5895,-1.164512157047026
6302,176,34.0604,136.1718,0.249644437644896
6306,176,33.7611,135.9998,-0.3108388102901392
6307,176,34.8192,136.4274,0.64468270434571
6308,176,34.7154,135.7272,-0.3522858614268086
6309,176,34.6683,135.8352,-0.247651216362827
6310,176,34.5169,135.7191,-0.6352708576014907
6311,176,34.3408,135.6883,-0.5537525407059692
6312,176,34.3383,135.9541,-0.0630135235787582
6313,176,33.938,135.7552,-0.8471694070167283
6314,176,33.9633,135.6518,0.0389023430253036
6315,176,34.2892,136.005,-1.183465619844182
6316,176,34.3028,135.8397,-1.755132949773657
6317,176,34.4204,136.0323,-0.0297578932777647
6318,176,34.6381,136.054,0.1870495913500604
6319,176,33.6783,131.5936,0.7642500948617346
6320,176,33.5685,131.2678,0.4975069254841176
6321,176,33.5583,131.4489,0.6358943587993307
6322,176,33.5666,131.7378,0.6371610629064414
6323,176,33.4549,131.1142,0.6494301730564754
6324,176,33.4152,131.6148,0.0682361435937262
6325,176,33.2569,131.3439,0.41024573543278
6327,176,33.2461,131.8811,-0.2239135870577163
6328,176,33.0664,131.3734,-0.177973408841245
6329,176,33.0656,131.8589,-0.2700835249348885
6333,176,33.4547,131.4453,0.2530758734838766
6334,176,33.1272,131.3497,-0.0531624992742526
6337,176,32.9836,131.5905,1.289140361114608
6339,176,34.9707,135.39,1.092865245607952
6340,176,34.8573,135.5958,0.6610880199195138
6341,176,34.7668,135.4683,-0.2384532665508226
6342,176,34.7405,135.6394,0.0039651251587916
6343,176,34.7255,135.5099,-0.861917996206126
6344,176,34.5894,135.471,-1.2449009595688998
6345,176,34.5577,135.6058,-1.2137644768151672
6346,176,34.4402,135.3917,-0.5263711926516446
6347,176,34.4366,135.5816,-0.7188393831849097
6348,176,34.3755,135.2549,-0.2547921440792953
6349,176,34.3944,135.2864,-0.4611622525672008
6350,176,34.6595,135.3924,-0.9433008263645746
6351,176,34.5215,135.6636,-1.4324794136759886
6352,176,34.7597,135.7081,-0.6179461171671508
6353,176,35.5398,136.2065,-0.0446969677535406
6354,176,35.4215,136.0243,0.1424888640556085
6355,176,35.377,136.264,0.0754296331253825
6356,176,35.3476,135.9184,1.0342601229893946
6357,176,35.2493,136.2421,0.3780247689983931
6358,176,35.2001,135.921,-0.2751187501715203
6359,176,35.1339,136.0957,0.4725753183621587
6360,176,35.0701,136.2946,1.236696494321981
6361,176,35.0051,136.0854,1.4321631390893026
6362,176,34.9718,135.8965,0.2320403711960918
6363,176,34.8779,136.0587,0.6618162951085333
6364,176,34.9043,136.2307,0.8713713098139194
6365,176,35.2351,136.3628,0.8338993828343052
6366,176,35.245,135.87,0.8185648043966837
6367,176,34.8497,136.0344,0.1435592712889379
6368,176,34.9606,136.2639,1.0185055596079584
6369,176,34.5718,132.0141,-0.3963559689153371
6370,176,34.3529,131.9352,-0.1237007599472658
6372,176,34.4668,131.7752,0.8923927886202587
6373,176,36.2932,133.3561,-0.523104366234318
6374,176,34.6908,132.0427,0.467124924674882
6375,176,34.5693,132.0147,0.2334715365601348
6376,176,34.3872,131.895,0.5167524346972754
6378,176,34.0438,134.582,-0.2200046067316727
6379,176,33.7749,134.5914,-0.2034445681705453
6380,176,33.8788,134.3889,-0.7993025489272261
6381,176,33.6692,134.4192,-0.0741370374494508
6382,176,34.0905,134.285,-0.5648441354812628
6383,176,33.9344,134.212,0.4766842562828871
6384,176,33.7719,134.1995,-0.5639586892640406
6385,176,34.038,134.0614,-0.7933189300996826
6386,176,33.8746,133.9218,-1.8035482140058567
6387,176,34.0319,133.809,-0.5614813883450628
6388,176,34.0079,134.0945,1.161205858877517
6389,176,33.8745,134.1321,0.4579879253620599
6390,176,34.2288,135.1694,-1.44641174040829
6391,176,34.2755,135.4305,-0.8523137044843938
6393,176,34.0841,135.4309,-1.619490769942226
6394,176,33.8938,135.4883,-0.8948254571469031
6395,176,33.8908,135.1524,-0.7063857104124996
6396,176,33.7289,135.3772,0.3580083342115575
6397,176,33.5503,135.4972,-0.1672512194659732
6399,176,33.472,135.7835,-0.4586217788298316
6400,176,33.7053,135.6397,-0.4799093802741343
6401,176,33.9771,135.215,-0.8940935957728487
6402,176,34.134,135.5397,-1.4409139889487683
6403,176,33.5525,135.5482,-0.5385901982299067
6404,176,33.6915,135.5981,-0.0308619965978439
6405,176,33.6861,135.4424,0.0175195972431539
6406,176,34.3194,135.4511,-0.1830315080349986
6407,176,34.2835,135.0742,-1.5636400935039363
6408,176,33.8214,135.22,-0.4450314582365291
6410,176,34.4073,131.3987,0.2863161162134244
6411,176,34.3829,131.6002,-0.7656659621573099
6412,176,34.3709,131.182,-0.228831122175447
6413,176,34.2904,130.9484,0.2855279207004529
6414,176,34.149,130.9298,0.659136138980044
6415,176,34.1657,131.2064,0.3679547716770459
6416,176,34.0121,131.4042,0.2792424406573831
6417,176,34.2319,131.8169,0.6057748226673471
6418,176,34.2304,131.9822,1.3633245407334056
6419,176,34.0643,131.0214,0.8180974885760561
6421,176,34.031,131.5348,1.1333442106477591
6422,176,34.0544,131.8077,0.2012421519335009
6423,176,34.0966,132.0758,0.7879912820855716
6424,176,34.1699,132.1766,1.472461142372058
6426,176,33.9091,132.3561,0.2656562433582955
6429,176,34.1078,131.1458,0.686166337366485
6430,176,34.1858,132.1285,-0.0009465188842564
6431,176,34.0237,132.0651,0.0688976654327781
6432,176,34.1941,131.9968,0.8551873055943012
6434,176,34.1117,131.053,0.4119183440718834
6435,176,34.1316,130.9347,0.5405500255327729
6436,176,34.6225,131.6706,1.4783775129523316
6437,176,34.4805,131.6353,0.925843016075859
6438,176,34.2058,131.6883,0.987527223346927
6440,176,34.3376,131.1794,0.90529347695357
3969,177,35.355,-119.054,-1.6527788036990725
3970,177,34.07618,-118.3959,-0.3805775006807963
3972,177,34.1949,-118.354,0.1964355551224916
3973,177,35.403,-119.449,0.4172993807396166
3975,177,34.208,-119.079,0.860308429846554
3976,177,34.222,-119.04,0.5141387464755746
3977,177,34.224,-118.994,0.7561913305703339
3978,177,35.593,-121.124,-1.2922265137606337
3979,177,34.564,-118.642,1.2570731588997188
3980,177,36.137,-120.363,-1.6454212010462743
3981,177,34.397,-118.918,1.4827392357925202
3982,177,37.56,-122.249,-0.7963230406218995
3983,177,34.812,-118.945,-0.2292170986197395
3984,177,36.774,-119.728,-0.7523347410180141
3985,177,34.2772,-118.56,0.5693379455755807
3986,177,36.321,-121.243,-1.2724361010903702
3987,177,36.891,-121.404,-1.4813286316369811
3988,177,36.851,-121.402,-0.5618524981674425
3989,177,36.848,-121.397,-1.020737451711769
3990,177,34.674,-118.43,0.6398145932869372
3991,177,34.5214,-117.991,-0.1043845480961087
3992,177,34.519,-120.328,-0.1906447758494386
3993,177,35.208,-120.457,1.7427218747717486
3994,177,34.07,-118.346,0.3456060075682071
3995,177,33.943,-118.411,0.3858907626804292
3996,177,34.084,-118.6,-1.963972241248356
3997,177,36.755,-120.382,-2.166434739551422
3998,177,37.141,-121.663,-1.837621585991715
3999,177,36.807,-121.778,-1.1170919344809696
4000,177,34.229,-118.527,1.0056650028660357
4001,177,34.448,-119.23,0.7410175321295627
4002,177,34.24,-119.179,0.4206815486628645
4003,177,34.217,-119.153,0.3661424518705407
4004,177,34.186,-119.178,-0.0858223289654718
4005,177,34.175,-119.226,0.2922529197693811
4006,177,34.57806,-118.11401,0.8216320879443153
4007,177,34.413,-118.796,0.8118815580386611
4008,177,35.274,-120.885,-0.1487155546121008
4009,177,34.193,-118.51,1.211484801398986
4010,177,36.671,-121.642,-1.0536846404528115
4011,177,36.697,-121.634,-0.969891174642459
4012,177,35.799,-120.884,-0.5647482549453241
4013,177,37.804,-122.443,0.1339251126121005
4014,177,36.86,-121.54,-1.8974628104906388
4015,177,35.285,-120.661,1.0097870469245165
4016,177,34.423,-119.7,-0.2620968988825238
4017,177,34.439,-119.756,0.1911647234843459
4018,177,34.43,-119.724,-0.6464946880643412
4019,177,34.45,-119.734,-0.068982472891456
4020,177,34.422,-119.851,0.5781737537931961
4021,177,34.354,-119.06,0.2012747087291657
4022,177,34.2694,-118.783,0.7560325280601373
4023,177,34.289,-118.746,0.5473681677289105
4024,177,37.402,-122.025,-1.2237639516992145
4025,177,34.3088,-118.448,0.72506886514175
4026,177,34.312,-118.496,0.8481302520741065
4027,177,34.31076,-118.49675,0.8922357437851388
4028,177,34.16,-118.534,0.0571381860288061
4029,177,34.1729,-118.549,0.23599603937266
4030,177,35.556,-120.719,1.10626710750587
4031,177,34.1851,-118.447,0.8948747515473361
4032,177,34.276,-119.293,1.4045089785279383
4033,177,34.3968,-119.299,0.0677271075221742
4034,177,34.27,-119.181,0.7573646038772813
4035,177,37.468,-122.308,-0.3025837800260214
4060,179,36.774,-119.728,-2.0303929116657686
4061,179,36.775,-119.78,-1.5254918363906282
4062,179,36.891,-121.404,-0.4835606878006377
4063,179,35.939,-120.425,1.113146077843702
4064,179,35.894,-120.421,1.2209455950124344
4065,179,35.911,-120.486,2.5199501264166297
4066,179,35.833,-120.346,-0.7807196327767824
4067,179,35.815,-120.374,-0.4827298260006266
4068,179,35.713,-120.203,0.214371781937606
4069,179,35.94,-120.432,2.198547971745854
4070,179,35.958,-120.496,-1.2928278192642717
4071,179,35.624,-120.254,-1.9462421502173952
4072,179,35.973,-120.579,0.7302043084234833
4073,179,35.923,-120.534,-0.1084377665792042
4074,179,35.815,-120.511,1.4082930452702462
4075,179,35.285,-120.661,-0.9032837574368252
4076,179,36.851,-121.402,-0.2377065888227442
4077,179,36.137,-120.363,-1.0165507773143414
4078,179,35.403,-119.449,-1.994435849095988
4079,179,35.208,-120.457,0.3674551776544431
4080,179,35.697,-120.328,0.7709028083065796
4081,179,35.274,-120.885,0.1402308237040194
4083,179,35.898,-120.431,-1.321147313041401
4084,179,35.655,-120.377,0.5517877781367873
4085,179,35.556,-120.72,0.2341363997514271
4086,179,35.593,-121.124,-1.3411352678248625
4087,179,36.973,-121.953,1.2026833580930447
4088,179,36.239,-121.774,0.3123797870877906
4089,179,36.671,-121.642,0.056703584477268
4090,179,36.807,-121.778,0.7439095298215299
4091,179,36.207,-121.131,1.7079272025246557
4092,179,36.321,-121.243,1.474698076091104
4093,179,36.848,-121.397,-0.2491225378887785
4094,179,36.697,-121.634,0.1329404755180653
4095,179,35.945,-120.542,-0.4125358621477768
4096,179,36.034,-120.59,-1.113570581794284
4097,179,35.743,-120.277,-0.3131507542148292
4098,179,35.751,-120.259,0.6642267610891724
4100,179,35.77,-120.247,2.552938968845283
4101,179,35.724,-120.294,1.5254804679167422
4102,179,35.718,-120.304,0.2622657140299229
4103,179,35.707,-120.316,0.8086575093054386
4104,179,35.684,-120.342,0.8766747388844425
4105,179,35.639,-120.404,-0.0505575535851502
4107,179,35.803,-120.334,2.1179205268791788
4108,179,35.836,-120.395,-3.217788023032818
4109,179,35.859,-120.42,0.7046928587367671
4110,179,35.871,-120.404,0.3910194780887758
4111,179,35.878,-120.381,1.7554278762496034
4112,179,35.879,-120.445,-2.101137396293602
4113,179,35.896,-120.398,2.410765794880763
4114,179,35.899,-120.433,-1.205882481031105
4115,179,35.908,-120.458,4.253749532004515
4116,179,35.921,-120.481,-1.2228638095330997
4117,179,35.818,-120.378,-1.5957511323113949
4118,179,35.843,-120.348,-0.2033904491967363
4119,179,35.812,-120.391,1.2491765268588817
4120,179,35.87,-120.334,-0.3720929240919858
4121,179,35.796,-120.411,1.959402866628203
4122,179,35.785,-120.444,2.489691978432065
4123,179,35.77,-120.477,1.0934434108038027
4124,179,35.738,-120.507,0.2560482317801764
4125,179,35.788,-120.294,2.576262887052952
4126,179,35.81,-120.282,0.4465058166529421
4127,179,35.833,-120.27,0.6444801495708484
4128,179,35.705,-120.169,-0.5260958818779821
4129,179,35.957,-120.481,-0.028648799874655
4130,179,35.934,-120.497,-1.4643912978515234
4131,179,35.973,-120.467,-0.3324368650907811
4132,179,35.927,-120.509,0.5099077731817742
4133,179,35.922,-120.534,1.59520504552981
4134,179,35.905,-120.55,-0.9269219005117492
4135,179,35.885,-120.565,0.4559935271070162
4136,179,35.861,-120.6,0.7171110282340855
4137,179,35.821,-120.507,0.223290562055279
4138,179,35.822,-120.506,0.9727506073540836
4139,179,35.821,-120.505,0.1069583702770079
4143,179,35.825,-120.501,-0.0980913954760297
4144,179,35.826,-120.501,-0.0488070012937523
4145,179,35.828,-120.5,0.5148551577514182
4146,179,35.826,-120.502,0.9844388155410256
4149,179,36.191,-120.708,-2.5104167340608727
8438,179,37.68,-121.739,-0.925538571148032
8439,179,37.41702,-121.9154,-0.4669724385844866
8440,179,37.34655,-121.80774,-0.7964951904182187
8441,179,37.40718,-122.00001,-1.1823642098821048
8442,179,37.376,-121.84367,-0.6599288178819462
8443,179,37.27117,-121.98617,-0.8876983302190428
8444,179,37.45098,-122.4287,-0.1120023406782441
8445,179,37.67928,-122.48405,0.5898081087665403
8446,179,37.91056,-122.53778,-0.5896522222869438
8447,179,38.03445,-122.27016,-0.9786818863551364
8448,179,37.68873,-121.78351,-0.5343513122322311
8449,179,37.16346,-121.62645,-2.180673588913005
8450,179,37.85727,-122.42266,-0.4919311964961108
8451,179,37.45035,-121.80037,-2.5952317788965886
8452,179,37.7294,-121.83346,-0.2370932231331011
8453,179,37.37289,-121.76887,-1.902522648647728
8454,179,37.73786,-122.06486,-0.0414922725971029
8455,179,37.85884,-121.99264,0.2313388479910511
8456,179,37.91233,-121.90716,-1.9459528193494893
8457,179,38.02691,-122.01599,-0.4228319566802203
8459,179,37.34305,-122.33976,0.8805053415643925
8460,179,37.31861,-122.15314,-1.543860506017568
8461,179,37.17217,-122.01121,0.4734479020682522
8462,179,37.04922,-121.80722,-1.4401531028338186
8463,179,37.36045,-122.18986,-1.5275258569395869
8464,179,37.51604,-122.45815,-0.8932775285690208
8465,179,37.21427,-122.17168,0.199229871620453
8466,179,37.20631,-121.97726,-0.8466896861344301
8467,179,37.15432,-121.73467,-0.929684792139284
8468,179,37.63719,-122.47482,-2.188763595769073
8469,179,37.2708,-122.21276,0.3770114717338319
8470,179,37.19855,-122.34671,0.253770399478524
8471,179,37.58225,-122.42006,-0.97954739643108
8472,179,37.40372,-122.17596,-0.2185111379568985
8473,179,37.28397,-122.05017,-1.1873505108460771
8474,179,37.58644,-122.50217,-1.457076532570325
8475,179,37.6444,-118.89683,1.519614662976705
8476,179,37.65909,-118.97907,1.057472950923168
8479,179,38.15486,-121.80438,-0.3369626861071224
8481,179,38.04248,-122.79684,-0.2184850978699053
8485,179,35.86661,-120.4796,0.0549241356273896
8486,179,36.2159,-120.80126,-2.8528499978995248
8487,179,38.2026,-121.9354,-0.1272082828895927
4151,180,37.6535,139.8633,1.0637068212664134
4152,180,37.6002,139.6467,0.8663606639701442
4153,180,37.4774,139.9294,-0.6907006862994133
4154,180,37.3957,140.1325,1.0152368620343886
4155,180,37.3077,139.9,1.353239790384864
4156,180,37.266,139.5386,1.007477717235054
4157,180,37.07,139.6808,0.8429356985056318
4158,180,37.3491,139.3144,-0.7241335211826524
4159,180,37.0159,139.3801,2.917504897484538
4160,180,37.453,139.5133,1.4101432973770542
4161,180,37.7535,139.7183,1.4661136803550832
4162,180,37.6048,139.7566,0.2117624674197989
4163,180,37.4478,139.8159,1.0561604639225637
4164,180,37.2513,139.8758,0.6410563996545343
4165,180,37.1692,139.5231,1.2166175174570626
4167,180,37.1585,140.0963,0.6877681842065726
4168,180,37.3392,139.3179,1.446492704118672
4169,180,36.7819,138.9695,2.057179670334248
4170,180,36.6578,139.0784,2.6113952529795217
4171,180,36.6172,138.5918,-0.978264793479674
4172,180,36.5133,138.5177,-2.1029321622167823
4173,180,36.5103,138.7523,-0.7193820330606887
4174,180,36.4619,139.0101,0.609082715322019
4175,180,36.3478,139.1368,-1.073643229949411
4176,180,36.4106,139.3251,2.5420501377406053
4177,180,36.3181,139.0176,0.4094592134298806
4178,180,36.35,138.7179,-0.2208351226482179
4179,180,36.6967,139.2136,1.0921938501061004
4180,180,36.4886,138.5275,-1.720631876105686
4181,180,36.6181,138.91,-1.3088789585914589
4182,180,36.8514,138.366,-0.692412302405596
4183,180,36.8069,138.2069,0.1858651421876442
4184,180,36.7403,138.4129,1.0164934268808012
4185,180,36.6486,138.1938,-0.6140736297029482
4186,180,36.6981,137.8544,-2.0508960902715363
4187,180,36.5339,138.1191,-1.007143294687326
4188,180,36.7403,138.3792,-0.6320153913566593
4189,180,36.4632,138.1505,0.1779428388925178
4190,180,36.5739,138.051,-1.016494903595955
4191,180,36.7044,138.0995,-1.245775750722882
4192,180,36.9072,138.4439,0.3538300405223227
4193,180,36.6953,137.8513,-1.684819922040394
4194,180,38.0745,138.4398,-0.7649116491685193
4195,180,37.9976,138.3226,1.3188799507251412
4196,180,37.9204,138.4981,-1.0502172150801992
4197,180,38.053,139.4055,0.2535874167631036
4201,180,37.6863,139.4772,1.6638118858866655
4204,180,37.6935,139.1886,-1.1707681039118016
4205,180,37.6421,138.7676,-0.6345054971699242
4206,180,37.4416,138.8431,-1.204767092267921
4207,180,37.3724,138.5579,-1.397485327969897
4208,180,37.3057,138.7898,0.0279160369206808
4209,180,37.2332,138.962,-0.7675530477522421
4210,180,37.1281,138.7468,1.2285496481936269
4211,180,37.0364,138.8462,-0.2556423672894616
4212,180,37.0147,138.6529,0.586328797093414
4213,180,37.1268,138.444,0.1796605192562743
4215,180,37.0228,138.2507,-0.8473161679874955
4216,180,37.0235,137.8624,0.5482079338775154
4217,180,37.4261,138.8862,0.1330400679986608
4218,180,37.4242,138.8908,0.1683515992328731
4219,180,38.1297,139.4322,0.3827684596753984
4220,180,38.1283,139.5461,1.8851251155659328
4221,180,37.9731,139.2819,0.1258454911560017
4222,180,37.6497,139.0708,0.3881732546080818
4223,180,37.6628,139.2642,-0.3685288453790672
4224,180,37.6678,139.4681,0.915327066587976
4225,180,37.5356,139.1311,0.7114835553148794
4226,180,37.5408,139.3681,0.3541328408038731
4227,180,37.1697,138.7472,-0.1710957547350656
4228,180,37.2208,138.9853,0.0457022232246999
4229,180,37.0514,138.3997,-0.4881364146053724
4230,180,37.0503,138.9983,0.1761699356359452
4231,180,36.9347,137.8511,0.2479990195004596
4232,180,36.8539,138.0997,-0.8692433224017656
4233,180,36.9394,138.2625,-0.8236361006531909
4234,180,36.8083,138.7881,-0.4063856772724669
4235,180,36.99,139.8033,-0.1964674755465527
4236,180,36.8144,139.7153,-0.1929659828269043
4237,180,36.8061,139.4204,-0.324314204678863
4238,180,36.8061,139.9264,1.397124621869451
4239,180,36.7258,139.7155,0.9048100527855956
4240,180,36.6347,139.4376,0.2989984399845834
4241,180,36.8786,139.4567,1.9129454209731
4242,180,36.8797,139.6492,1.0716135198768786
4243,180,36.8594,139.8397,0.5269524017949525
4244,180,36.8547,140.0258,0.1479638354215471
4245,180,36.7042,139.7733,0.6815361251724232
4248,180,36.976,137.6257,-0.932669493160418
4249,180,37.9207,139.8697,1.2595656248624858
6441,180,35.2979,136.9153,-0.1691680345962656
6443,180,35.1979,137.2056,-0.2685724516412146
6444,180,35.0812,137.1464,0.5367787355018825
6445,180,34.976,137.4236,0.1711230372083955
6446,180,35.2161,137.4069,-0.6159314504245962
6447,180,34.9157,137.3023,-1.3264919845438137
6448,180,34.9969,137.6273,0.7807760624489538
6449,180,35.181,137.0504,0.7313702294435079
6450,180,35.1359,137.3389,0.3545054213863584
6451,180,35.1511,137.538,0.312001311978336
6452,180,35.1808,137.7298,1.1921890000327626
6453,180,34.9603,137.2406,0.6476367195514418
6454,180,34.9479,137.4144,-0.6397274572631216
6455,180,34.8943,137.4906,0.4532013563342978
6456,180,39.6069,140.3213,0.8471938518397388
6459,180,39.2022,139.9085,0.1998776410694841
6460,180,39.2194,140.1317,0.4687998009723203
6461,180,39.1711,140.7164,1.4185949651160508
6463,180,38.9772,140.4986,1.1400158848022228
6464,180,39.6857,140.411,2.1272296452473047
6465,180,39.5422,140.3515,2.1210603439984994
6466,180,39.3519,140.3903,0.4549203280212209
6467,180,39.1883,140.4744,1.8841162796631696
6468,180,35.9595,139.8733,1.587130121206097
6469,180,35.7943,140.0564,1.5818686597749836
6470,180,35.9007,140.4905,1.1151268068813711
6471,180,35.7358,140.83,0.2970987017189394
6472,180,35.7801,140.3067,1.4222592666582194
6473,180,35.7234,140.2267,2.284028287724686
6475,180,35.5727,140.3333,1.020267860735344
6476,180,35.4327,140.2905,0.9988266025188324
6480,180,35.2988,140.0755,0.6253373034831317
6481,180,35.1577,140.3222,0.2221832416837625
6484,180,35.3083,139.8598,1.159397146493094
6485,180,35.6335,140.0784,0.4181884952499407
6486,180,34.9707,139.9459,-0.4290082253068741
6487,180,35.766,139.9665,1.33090667584199
6488,180,35.7934,140.0238,1.286943625863589
6489,180,35.5425,140.245,0.9246888353188312
6490,180,35.2834,140.1562,-0.4565667309372206
6491,180,35.3412,139.8586,-0.3049948649499127
6492,180,35.8275,140.3013,1.3824210070317018
6493,180,35.7309,140.8263,0.06081676482803
6494,180,35.1351,139.9681,0.3409714163850547
6495,180,35.1681,140.3431,1.266715549443681
6496,180,36.2161,136.1571,-0.3227688163043269
6497,180,36.0924,136.3646,-1.6737177724397332
6499,180,37.7949,140.9196,0.2115059191576628
6500,180,37.8449,140.6013,-1.1357590732292804
6501,180,37.7613,140.4799,-1.172469836439071
6502,180,37.6799,140.7346,-0.3816531833176831
6503,180,37.6385,140.9849,0.9226048071889889
6504,180,37.5031,140.7588,1.5831630479602945
6505,180,37.4061,140.9632,0.533311263980362
6506,180,37.4363,140.5668,0.5976692092792144
6507,180,37.2778,140.6349,0.4871668742285664
6508,180,37.2342,141.0016,0.6554232331199097
6509,180,37.0911,140.9035,-0.7270782390382586
6510,180,36.9069,140.7929,0.0328994982429222
6511,180,37.09,140.5563,-0.1868574929578982
6512,180,36.8683,140.43,0.6951178051500201
6513,180,37.0217,140.3775,-0.8345928711881639
6514,180,37.1228,140.1914,-0.859682070419508
6515,180,37.2842,140.3689,-0.5493969188363969
6516,180,37.3961,140.3622,-0.4243053305288557
6517,180,37.603,140.4368,0.3636237201728359
6518,180,37.3364,140.8132,0.164110845160367
6519,180,37.2792,140.2178,0.209343833280368
6520,180,37.35,140.4297,0.4614023903821138
6521,180,37.1976,140.342,-0.5338233060039069
6522,180,37.2139,140.5736,0.501192692796537
6523,180,36.9919,140.5886,1.7000735965752227
6524,180,37.0233,140.9736,-0.3327845667207267
6526,180,37.7613,140.38,-2.2589391856973373
6527,180,37.6606,140.6008,-0.6661672717852969
6528,180,37.4864,140.5414,0.6463873330192009
6529,180,37.4672,140.7261,0.5901851842877996
6530,180,37.4881,140.9906,0.8683542088344591
6531,180,36.2742,136.8978,-0.6619702613094213
6532,180,36.2734,137.0253,-0.9200193611101176
6533,180,36.3322,137.3014,-1.8833093845150728
6534,180,36.2492,137.5174,-1.9356183871546269
6535,180,36.1536,137.2514,-2.325127493080922
6536,180,36.0333,136.9528,-2.467536368768072
6537,180,36.0378,137.4861,0.5162442956733041
6538,180,35.9515,137.26,-1.9484901303707265
6539,180,35.8029,137.245,-0.91397588777981
6540,180,35.6576,137.4258,-0.9730421273315842
6541,180,35.4887,137.5,-0.1393465720119691
6542,180,35.4495,137.4039,-0.2753902768550271
6543,180,35.4426,137.0,-0.6425864884583468
6544,180,35.3882,137.2158,0.3539701592346382
6545,180,35.3009,137.387,0.0675315654595486
6546,180,36.2417,137.2013,-2.2879655177608886
6547,180,35.8291,136.9651,-2.3684603377208555
6548,180,35.2736,136.7031,-0.9031774948016756
6549,180,36.3749,137.3746,-1.755292884802259
6551,180,35.6001,136.4164,-0.5530756936288437
6552,180,36.2712,136.9009,-0.5904278897643113
6553,180,36.2462,137.5204,-1.6955199279315525
6554,180,36.1306,137.2238,-0.926005223616426
6556,180,35.9483,136.8762,-1.198766110836195
6557,180,35.896,137.1525,-1.8063782213014643
6558,180,36.0184,137.3936,-2.296760670465202
6562,180,35.7203,136.7876,-2.238797700111118
6564,180,35.5183,136.6156,-1.919522114575916
6565,180,35.4089,136.8794,-0.4316027630439129
6566,180,35.4495,137.007,-1.383837545171195
6567,180,35.4539,137.4737,-0.2102517535826615
6568,180,35.2921,136.4761,-1.1095085666083837
6569,180,36.2343,139.5331,1.7870847947492876
6570,180,36.2914,139.3609,1.5869684732841096
6571,180,36.3147,139.1924,-0.2255008507705812
6572,180,36.2287,138.7579,0.4953628459203752
6573,180,36.1162,138.9251,0.5419806798664196
6574,180,36.3111,139.1879,-0.0226311593229635
6575,180,36.2409,139.5476,1.281771681456776
6576,180,36.2325,138.7322,0.0038975520962008
6577,180,36.2831,138.9242,-0.2251331265619291
6578,180,36.1409,138.9161,-0.0077679170591911
6579,180,36.7761,140.3569,-0.0349741913477724
6580,180,36.7061,140.7068,0.239550450302074
6581,180,36.5915,140.6453,1.737306294783029
6582,180,36.5516,140.4102,2.1663889252140844
6583,180,36.3851,140.2372,0.6385544275452841
6584,180,36.369,140.4528,1.614241248170304
6585,180,36.3523,140.5955,0.6911697056106766
6586,180,36.3062,139.9828,0.378027176127357
6587,180,36.1848,139.7037,0.4268483337228017
6588,180,36.1843,139.9653,0.3861372110174408
6589,180,36.1251,140.0903,0.8021483147176729
6590,180,36.1901,140.2869,1.2002678087833143
6591,180,36.0729,140.1947,2.5837220616116188
6592,180,36.0693,139.908,1.6297746310795314
6593,180,35.9112,140.0494,2.5748308843513765
6594,180,35.9537,140.3194,2.1123897099286144
6595,180,35.977,140.6322,1.2565019718423729
6596,180,36.8808,140.6544,1.5101195883552383
6598,180,36.1156,140.5655,2.087002249068003
6599,180,36.4358,140.3592,2.146489738217908
6601,180,36.3669,140.1434,0.6412259914470664
6602,180,36.8338,140.3215,1.332604507591136
6603,180,36.7924,140.5784,0.7273723253887852
6605,180,36.5535,140.3046,2.5841397828619463
6606,180,36.6374,140.4009,1.9290101769505896
6607,180,36.0832,140.3173,3.5004431437058536
6608,180,36.3599,140.6231,1.2673619769469209
6609,180,37.4999,137.1764,0.2488080642526645
6611,180,37.3919,136.9083,0.3771974384818548
6614,180,37.1602,136.6897,-0.7572190100265566
6616,180,36.8918,136.7783,-0.2112632245112272
6617,180,36.7318,136.6989,-0.8729357668985643
6618,180,36.5419,136.6431,-1.3999683514415886
6619,180,36.3575,136.6045,-0.3139465663507218
6620,180,36.1805,136.6247,-1.649280971772704
6622,180,37.3614,137.0443,-0.2456684911444304
6623,180,37.1872,136.7206,-0.1189781436006178
6624,180,37.2194,136.9719,1.8912751866217656
6625,180,37.0503,136.8236,-0.6766130225854243
6626,180,36.5119,136.6386,-1.4918638911441993
6627,180,36.735,136.7936,0.2915400485455029
6628,180,36.2636,136.7197,-0.6265371340546549
6630,180,39.3209,141.1378,0.4885716853619091
6631,180,39.318,140.7792,0.2617097233161746
6632,180,38.8625,141.3547,0.2865390849573974
6633,180,39.3406,141.0508,0.072519612383476
6634,180,39.0061,140.8667,-1.0440662989350078
6635,180,38.9661,141.0047,1.8431598987765367
6636,180,39.0278,141.5356,1.032108679171711
6639,180,35.2727,139.6579,-0.1325775482679695
6640,180,35.1441,139.6218,-0.9884175939614326
6641,180,35.3192,139.5462,-1.2036672247793916
6642,180,35.4544,139.5387,-0.6047126201999644
6643,180,35.3385,139.4901,-1.4065955381865367
6644,180,35.5751,139.3265,1.0208890447356107
6646,180,35.3355,139.3504,-0.5850276200101093
6647,180,35.6154,139.1548,-0.8376771298131029
6648,180,35.3794,139.2048,-1.2429955776697916
6650,180,35.3608,139.0826,-0.7316434040132199
6651,180,35.4959,139.5227,0.992181099866482
6652,180,35.4007,139.3571,-0.2027022843564823
6653,180,35.6404,139.1315,1.0478104141029596
6654,180,35.414,139.0468,-1.6464866121248147
6655,180,35.3631,139.1291,-1.0131360886028893
6657,180,38.9015,141.5684,0.9629712938671198
6658,180,38.7262,141.5109,1.8557206275819045
6659,180,38.7348,141.3106,-0.2424867767854044
6660,180,38.7292,141.0217,2.4937523649213444
6661,180,38.7992,140.6507,1.9110295906704524
6662,180,38.5769,141.4514,-0.6359736802302136
6663,180,38.4466,140.8874,-0.0769129974340591
6664,180,38.4282,141.2809,0.7076933093423952
6665,180,38.3175,141.0193,0.7437859994035152
6666,180,38.2663,140.9293,0.068509587360129
6667,180,38.1049,140.8699,1.094894360251052
6668,180,38.0085,140.621,-0.0259380295722466
6670,180,38.237,141.0003,0.8231522962404365
6671,180,38.8558,140.6547,0.3260914500178917
6674,180,38.5764,140.7839,0.6123734340176499
6675,180,38.5878,141.0744,-0.7168406029578719
6676,180,38.1103,140.8475,-0.6634717718360447
6677,180,38.0061,140.6061,0.0323916509452453
6678,180,37.9381,140.8958,0.5859606191298375
6680,180,38.6386,141.4463,-0.9645354076212268
6681,180,36.5086,137.8507,0.1445539028699008
6682,180,36.4022,138.2491,-0.7467402302851699
6683,180,36.3378,137.8694,-1.6430558541532314
6684,180,36.3281,138.4357,-3.0513468843870686
6685,180,36.2564,138.2669,-2.074014395421954
6686,180,36.2564,137.9785,-0.4346747266814099
6688,180,36.0956,138.4844,-0.3225441485178235
6689,180,36.0454,138.1116,-0.8965910491037593
6690,180,35.9151,138.2421,-1.4875623240965117
6691,180,35.9748,137.8255,-0.4235680887611616
6692,180,35.8132,137.5295,-0.5605700880371305
6693,180,35.8562,137.7078,-0.5067281465628118
6694,180,35.8282,137.9532,-1.425481180964112
6695,180,35.7304,137.9341,-1.4570567008717226
6696,180,35.6079,137.6125,-0.3870396077191096
6697,180,35.5787,138.0338,-0.7356644331456621
6698,180,35.5232,137.8374,0.3531633658723785
6699,180,35.2807,137.8567,-0.591032757550072
6700,180,36.251,137.8622,-0.8866873520610364
6702,180,35.96,137.77,-0.7554313436074483
6703,180,35.9125,138.3083,-1.1142196699674536
6704,180,35.9664,138.4828,-0.4500943169820374
6705,180,35.5111,137.8797,0.4556976194006223
6706,180,35.3063,137.6292,1.8807737898751709
6707,180,36.0056,137.9336,-0.9137703773618115
6708,180,35.9433,138.1879,0.0837656090798487
6709,180,36.1393,138.5535,0.379728155891583
6710,180,35.9292,137.598,0.6711392069486346
6711,180,35.9703,138.5877,-0.4916847828129793
6712,180,35.7839,137.7203,-0.7835516755116018
6714,180,35.6024,137.6135,0.8330555408696504
6715,180,35.612,137.8827,-0.8374243504188948
6716,180,35.2953,137.9298,-0.4256234980079942
6717,180,36.0609,137.688,0.8717869856896446
6718,180,36.1153,137.9419,0.2428116981573309
6719,180,36.2546,137.9929,0.2163234581554076
6720,180,36.4567,137.9668,-1.0813263568788445
6721,180,36.5296,137.8231,-1.9647357302072592
6722,180,36.3793,137.8231,0.4743777338251631
6723,180,36.3277,138.4999,-1.7588077097175003
6724,180,38.2584,138.4337,0.402872723858363
6725,180,38.4501,139.4961,0.9727399459305957
6726,180,38.2301,139.4864,0.8547572320633637
6727,180,38.2769,139.5519,0.4519163986656704
6728,180,36.2428,139.1937,-0.3319793895005052
6729,180,36.1476,139.3884,-0.2100760919356258
6731,180,36.1179,139.1045,3.3891989424599465
6732,180,36.0562,139.2626,-0.0055833697863708
6733,180,35.9954,139.0709,1.6234184481891591
6734,180,35.9034,139.4826,0.1308599773824421
6736,180,35.8401,139.3215,0.3555827258889685
6737,180,35.7965,139.4659,-0.7601595900211857
6738,180,35.9954,138.801,0.7611237680267617
6739,180,35.8958,139.3875,-0.9336286185703973
6740,180,35.7996,139.5385,-0.6881944718812462
6741,180,36.1478,139.0536,1.5219306888045503
6742,180,36.11,139.2926,1.9481726643205963
6743,180,35.9086,139.1517,0.7807285352653291
6744,180,36.0243,138.9722,0.3641169356936801
6746,180,35.9933,139.2223,0.7888392911955473
6747,180,35.8605,139.2758,1.3986452314772737
6748,180,34.7549,138.7841,-0.9385390353154268
6749,180,35.096,138.8657,-0.6201581761268055
6750,180,35.1971,138.9127,-1.3340395581265216
6751,180,35.3091,138.9349,-0.7070441369518892
6752,180,35.2128,138.6016,-0.6805050373057943
6753,180,35.1271,138.6213,-1.2118565078119463
6755,180,34.9649,138.3735,-1.33191675386459
6756,180,35.2435,138.3407,-0.947957867475474
6757,180,34.8566,138.3113,-0.4137911720411811
6758,180,34.7402,138.2241,0.2088004355976188
6760,180,35.0916,137.8136,-0.2207126934903537
6761,180,34.8738,137.8164,-0.6670740013793364
6763,180,34.7915,137.9064,-0.4345462638824145
6764,180,35.3038,138.2003,-1.463983103688328
6765,180,35.2201,137.9212,-1.0712016838050038
6766,180,34.9365,138.0798,-2.098191433448433
6767,180,35.0053,137.8439,-1.5792335278757346
6768,180,35.0113,138.3557,-1.7179808940269232
6769,180,35.1271,138.4273,-0.3064403689113152
6771,180,34.9109,138.2038,-1.8077775788038983
6772,180,35.1995,138.569,-0.5990286091477219
6773,180,35.0821,138.981,-1.0977631362017608
6774,180,34.7954,138.7755,-1.0624836846962136
6775,180,34.7798,138.9732,-2.094846314777857
6776,180,34.6715,138.8372,-1.3408773825847058
6778,180,34.9706,138.4955,-1.7456550296921138
6779,180,36.9417,140.0828,0.0185907919173157
6780,180,36.7639,140.1297,-0.2667053326645022
6781,180,36.5692,139.8861,-0.5823579474219055
6782,180,36.56,139.7675,-1.0550483387880358
6783,180,36.3867,139.6145,-0.5393631743781953
6784,180,36.2859,139.8047,0.1778202538634148
6785,180,36.4368,140.0225,0.2651597778063598
6786,180,36.545,140.1742,1.2190926642032098
6787,180,36.4427,139.9541,-0.858491902025975
6788,180,36.6928,139.9875,1.165522824446739
6789,180,36.7311,140.1814,0.3873137672920314
6790,180,36.5564,139.8669,-0.507597115171867
6791,180,36.5449,140.0784,-0.7897565239501758
6792,180,35.8029,139.0956,-0.1545398593665856
6793,180,35.7968,139.2912,0.7071553256463915
6794,180,35.6282,139.4034,0.1489379771683395
6795,180,35.5782,139.4156,0.6781371074960576
6796,180,35.699,139.5029,-0.9921293677813692
6797,180,35.7107,139.6859,0.243772726156789
6798,180,35.6596,139.8343,0.4594733298441696
6799,180,35.689,139.8354,0.4725042023019249
6800,180,35.7313,139.8121,0.9357599966375876
6801,180,35.6485,139.799,-0.0568447249935527
6802,180,35.6474,139.8093,0.6739450668041342
6803,180,35.6551,139.8115,0.4783832351872782
6804,180,35.6657,139.8087,-0.3001717060641716
6805,180,35.6876,139.8193,0.7810222361014205
6806,180,35.6874,139.7962,0.7689454880858457
6807,180,35.7254,139.8249,1.0925027426305405
6808,180,35.7401,139.8624,-0.0641052157602407
6809,180,35.6685,139.7893,0.3931292577598868
6810,180,35.6669,139.2682,0.2479773327008107
6813,180,36.8163,137.4192,-1.2655622937041984
6814,180,36.8624,137.5274,0.3473305319853415
6815,180,36.7824,137.0803,-0.7988725239503489
6816,180,36.6716,136.897,-0.7367455798925294
6817,180,36.6686,137.2114,-1.2585469065011632
6818,180,36.6086,137.2831,-1.178439202888074
6819,180,36.56,136.8872,-1.714513300388164
6820,180,36.5781,137.385,-0.8796141432689544
6821,180,36.4411,137.0353,-1.2587223080758227
6822,180,36.8836,136.9306,-0.2557671136360998
6823,180,36.7263,137.2658,-1.167818095234512
6824,180,36.5706,136.9614,-1.0122501841222316
6825,180,36.5681,137.1625,-1.006591375660798
6826,180,36.4375,137.0422,-1.2263909406450266
6828,180,35.6132,138.947,-0.2592342456689437
6829,180,35.4648,138.813,-0.9495430834622728
6830,180,35.702,138.7266,-0.5641815338561937
6831,180,35.6548,138.5677,-1.4962975296512624
6832,180,35.4684,138.6069,-2.332139509462025
6833,180,35.2791,138.4649,-1.8909320202104525
6834,180,35.432,138.3321,-1.8205742351603444
6835,180,35.4965,138.4627,-0.637677001595222
6836,180,35.7918,138.4096,-0.0341765825798612
6837,180,35.6863,138.7371,-0.6953281033482843
6840,180,35.6215,138.9808,-0.4698591740441353
6841,180,35.5591,138.4521,-1.5507680860146411
6843,180,35.5082,138.9707,-0.509324359641271
6844,180,35.5291,138.6076,-0.9937653301412572
6846,180,38.7679,140.2957,-0.2956528452983096
6847,180,38.7292,139.8013,0.7819575217332924
6848,180,38.607,140.1621,1.3649276883818855
6849,180,38.4306,140.3907,0.265655992739028
6850,180,38.3856,139.9921,0.2271322461704337
6851,180,38.3898,140.2743,-0.1255012261568449
6852,180,38.2604,140.3488,0.0088469783530237
6853,180,38.1502,140.2674,1.0267476447882136
6854,180,38.1074,140.0428,0.755706730479961
6855,180,38.0621,139.7575,0.4648058949658252
6857,180,38.7895,140.0185,0.6427385076472564
6858,180,38.3811,140.3839,0.2601088962457673
6859,180,38.2664,140.2617,1.593079698793355
6861,180,38.0783,140.3011,1.7703861547769144
6862,180,37.9853,139.805,-0.081180511355769
6863,180,37.9603,140.1869,0.1905796253771691
6864,180,37.8931,140.0311,0.7726626618322243
6865,180,38.9672,140.0367,1.3747696829940197
6866,180,38.7469,140.1814,0.1292180592268706
6867,180,38.6328,140.0089,-0.3203595913988016
6868,180,38.4675,139.7639,1.2737510457037884
6869,180,38.3831,139.995,0.4591811055941674
6870,180,38.4228,140.1283,0.5246776034459608
4459,274,42.418,13.079,-2.320510227580282
4460,274,43.075,12.604,-0.5282580117174264
4461,274,42.027,13.426,-0.7339673206687213
4462,274,43.707,12.188,0.066491805383318
4463,274,41.484,14.472,1.309688431126762
4464,274,41.563,14.652,-1.1023050290511274
4465,274,42.101,13.088,-1.3300077149803378
4466,274,41.618,15.105,-0.8342999067630994
4467,274,41.486,13.823,-0.1986687656933591
4468,274,41.787,14.112,-0.6408439324164845
4469,274,41.833,14.712,-0.502795782999713
4470,274,43.955,12.736,0.816461384052818
4471,274,42.085,13.521,1.192680278123165
4472,274,41.26,15.91,1.093217562152481
4473,274,42.37,14.148,-0.0272413089543794
4474,274,42.268,13.117,-1.234499151978535
4475,274,44.199,12.042,0.9694731688061522
4476,274,42.421,13.519,1.0768835551390266
4477,274,42.436,13.554,-2.575092379472048
4478,274,41.611,14.236,-0.2242599908761816
4479,274,42.377,13.344,1.7433812147967411
4480,274,42.373,13.337,0.9031245134708048
4481,274,42.376,13.339,1.1061802581995104
4482,274,42.345,13.401,0.5354450200568451
4484,274,42.558,12.969,-1.4989017016529051
4485,274,41.634,15.911,1.5640241710948626
4486,274,42.249,12.748,-1.8492188602411872
4487,274,41.704,15.958,1.5999693125197831
4488,274,42.524,13.245,-0.4125013201452113
4489,274,40.799,14.18,0.2883172622236357
4490,274,41.954,13.642,0.2280501514153269
4491,274,41.696,14.702,0.362919607244035
4492,274,41.483,14.838,-0.886455653830413
4493,274,41.711,14.984,-0.5223783433411823
4494,274,41.625,14.88,-0.3663622944055766
4495,274,41.709,15.733,0.7433206465711943
4496,274,41.691,15.374,1.0267855641750274
4497,274,43.56734,12.14349,0.3023553758847393
4498,274,41.807,15.165,0.4435743665767629
4499,274,42.734,12.741,-1.007702923820706
4500,274,42.743,12.74,-1.2261117917286124
4501,274,41.91316,13.10552,-1.2570554354100416
4502,274,42.089,13.934,0.6832145063800139
4503,274,41.222,14.53,-0.6400544984496452
4504,274,41.989,14.975,0.7491763281582845
4505,274,41.333,14.132,-1.2560222539878998
4506,274,41.877,16.165,2.035364540958228
4839,278,37.145,138.2394,-1.3172976935302525
4840,278,37.1242,138.4486,0.2541190200157056
4841,278,37.1561,138.4286,0.7776757985982783
4842,278,37.1297,138.6114,-0.2400431930819649
4843,278,37.0847,138.61,-0.986644108845506
4844,278,37.1517,138.515,2.0423940512328773
4845,278,37.0764,138.3861,0.7388491553200036
4846,278,37.2736,138.3944,-0.4691464528766447
4847,278,37.2272,138.3325,-0.0680503101344438
4848,278,37.1842,138.3333,-1.043337929607094
4849,278,37.2203,138.4081,-0.1326365313466765
4850,278,37.0494,138.2972,-0.9419554671357008
4851,278,37.0786,138.3375,0.3716602627481461
4852,278,37.1219,138.3492,0.1848042835366587
4853,278,37.155,138.0944,0.1311417830539664
4854,278,37.6381,138.9589,-1.5967133873809831
4855,278,37.3686,138.5619,-0.7502581036350257
4856,278,37.6633,139.0433,-1.6135754106947684
4857,278,37.1242,138.7586,0.1236005204544912
4858,278,37.5431,138.8886,-2.002392792110516
4859,278,37.585,138.9258,-0.2886857250186208
4860,278,37.545,138.8811,-0.3095381226584291
4861,278,37.3908,138.7917,-1.8564720008542568
4862,278,37.4906,138.7861,-1.1817049342619903
4863,278,37.5378,138.8128,-0.0670622202284085
4864,278,37.5728,138.7756,-0.8277196245419648
4865,278,37.5278,138.7125,-1.4036871727290563
4866,278,37.6417,138.7736,0.461371462431288
4867,278,37.3236,138.8931,0.1121928240576353
4868,278,37.2675,138.8644,0.344008136573556
4869,278,37.2408,138.9272,-0.0320772899850059
4870,278,37.0367,138.8506,-0.2827242649418746
4871,278,37.1711,138.7483,-0.3828574170845852
4872,278,37.2214,138.6419,0.4640479430907934
4873,278,37.3022,138.7122,-0.4055789131777573
4874,278,37.4189,138.6258,-1.419427534953268
4875,278,37.4539,138.67,0.1062975691935059
4876,278,37.7414,139.1858,-1.2077880073305354
4877,278,37.6881,138.8586,-1.3882817671421048
4878,278,37.6233,138.8428,-0.9469940850757448
4879,278,37.6828,138.8828,-1.296297340821558
4880,278,37.4333,138.8417,-0.3993157802821418
4881,278,37.31,138.795,0.0523188042301325
4882,278,37.7583,138.8917,-1.663900998341031
4883,278,37.0617,138.8783,-0.8140740248049683
4884,278,37.3033,137.1533,0.777918963416176
4885,278,37.5317,138.7095,-0.6196209243824186
4886,278,37.103,138.163,0.3897346638480444
4887,278,37.39,136.8983,2.1044414703806256
4888,278,37.105,138.25,-0.0860983779323044
4889,278,36.7514,138.2389,1.40878015112019
4890,278,36.7642,138.255,2.760449501509293
4891,278,36.6992,138.0925,1.0915275652410434
4892,278,36.77,138.3276,1.3148003113320117
4893,278,37.425,138.5967,0.0400596553992213
4894,278,37.4367,138.6017,1.1830311819567614
4895,278,37.4267,138.6083,-0.4689515401454057
4900,278,35.2979,136.9153,0.0610549833727659
4901,278,35.1979,137.2056,0.1928617371465062
4902,278,35.0977,137.5697,0.1767502841624137
4903,278,35.2161,137.4069,-0.2441924216337776
4904,278,35.2144,136.8539,0.2456164777994211
4905,278,35.1359,137.3389,0.736043679562964
4906,278,35.1511,137.538,0.9121737861146272
4907,278,35.1808,137.7298,1.3574472590518278
4908,278,39.883,140.0716,-0.691578950756484
4909,278,39.8879,139.8466,1.0999738507462935
4910,278,39.8128,140.5803,2.464038326539379
4911,278,39.6991,140.7181,1.4536238199422096
4912,278,39.6069,140.3213,0.5590359909235092
4913,278,39.595,140.5554,1.1034074491808017
4916,278,39.2975,140.5629,1.5249342757293696
4917,278,39.1939,140.1902,0.4594532824494823
4918,278,39.0384,140.451,0.4236963857051818
4919,278,39.2022,139.9085,0.1431988089616145
4921,278,39.1462,140.717,-0.084116887106844
4922,278,39.8119,140.5825,1.4371591585308634
4923,278,39.6606,140.5756,1.677713312013014
4924,278,39.2194,140.1317,0.4612457458016073
4926,278,38.9772,140.4986,0.8624049361113012
4927,278,39.9128,140.2256,1.3749316027401004
4928,278,39.6857,140.411,1.9624077269291689
4929,278,39.5422,140.3515,1.7049197865885977
4930,278,39.5547,140.615,1.1619260146776464
4931,278,39.3519,140.3903,0.3769185429963688
4932,278,39.1883,140.4744,1.9448553030137068
4933,278,35.9595,139.8733,0.73892163911592
4934,278,35.7868,139.9031,0.4983532119567675
4935,278,35.7943,140.0564,0.793562813212795
4936,278,35.9007,140.4905,0.7054900991304962
4937,278,35.7358,140.83,0.8122523040941008
4938,278,35.7801,140.3067,0.3387804319046502
4939,278,35.7234,140.2267,0.9278270637012234
4942,278,35.7077,140.568,-0.3234764472022488
4943,278,35.6021,140.5014,-0.4841778112350023
4944,278,35.5727,140.3333,0.3371076583410072
4945,278,35.4327,140.2905,-0.0151938513804748
4949,278,35.2988,140.0755,-0.0915812879344022
4951,278,35.3083,139.8598,-0.4710026393459834
4952,278,35.6335,140.0784,0.1310611846783507
4953,278,35.3872,140.237,-0.5547170588296129
4954,278,35.766,139.9665,0.4453972228135088
4955,278,35.6947,139.9176,0.0577120932809777
4956,278,35.7934,140.0238,0.1080554871334897
4957,278,35.5425,140.245,-0.182391374464571
4958,278,35.2834,140.1562,-0.3280262750731606
4959,278,35.8275,140.3013,0.639985064681111
4960,278,35.7309,140.8263,0.3741581869586908
4961,278,35.1351,139.9681,0.4128678211451164
4962,278,35.5911,140.514,-0.141215870385805
4963,278,36.2161,136.1571,1.129369078866755
4965,278,35.9789,136.4865,-1.3159288437509662
4966,278,35.9053,136.6706,-0.1749473422866558
4967,278,36.0924,136.3646,-0.4661221838854709
4969,278,37.7949,140.9196,0.1344314927734787
4970,278,37.8449,140.6013,-0.5302386064349909
4971,278,37.7613,140.4799,-0.171889480012837
4972,278,37.6799,140.7346,-0.6694625989711768
4973,278,37.6385,140.9849,0.4212809592040559
4974,278,37.5031,140.7588,1.6947931947653312
4975,278,37.4061,140.9632,0.1894613546242863
4976,278,37.4363,140.5668,1.3561958094335036
4977,278,37.2778,140.6349,0.4878234153402244
4978,278,37.2342,141.0016,0.700537680425284
4979,278,37.0911,140.9035,-0.5411392725673085
4980,278,36.9069,140.7929,0.0377724802470077
4981,278,37.09,140.5563,-0.2450006497349582
4982,278,36.8683,140.43,0.2848086830956332
4983,278,37.0217,140.3775,-1.0392527054042584
4984,278,37.1228,140.1914,-0.4493499307410356
4985,278,37.2842,140.3689,-0.8420186291512004
4986,278,37.3961,140.3622,-0.1756122426324637
4987,278,37.603,140.4368,-0.0681583999349362
4989,278,37.6535,139.8633,0.0128244302703097
4990,278,37.6002,139.6467,0.1994730855169004
4991,278,37.4774,139.9294,-0.1211763259689498
4992,278,37.3957,140.1325,0.3512005953039577
4993,278,37.3077,139.9,0.9797819261041808
4994,278,37.266,139.5386,1.2676781234043897
4995,278,37.07,139.6808,0.4247883671833316
4996,278,37.3491,139.3144,-0.6849971537255242
4997,278,37.0159,139.3801,2.6257556033593707
4998,278,37.453,139.5133,0.077543436756986
4999,278,37.3364,140.8132,0.3658067427265606
5000,278,37.7535,139.7183,1.8033949040275283
5001,278,37.7287,139.8855,1.5043013321506225
5002,278,37.4478,139.8159,0.4704823132610421
5003,278,37.2513,139.8758,-0.3119821656715286
5004,278,37.1692,139.5231,1.3572559713197416
5006,278,37.2792,140.2178,0.1316688346427254
5007,278,37.35,140.4297,0.6457097582499518
5008,278,37.1585,140.0963,0.454692829334151
5009,278,37.2139,140.5736,0.7158991982824764
5010,278,36.9919,140.5886,0.8350818318663947
5011,278,37.0233,140.9736,-0.0012787136063711
5013,278,37.6606,140.6008,-0.9702450715640402
5014,278,37.4864,140.5414,0.8625546303560298
5015,278,37.4672,140.7261,0.6476472414195089
5016,278,37.4881,140.9906,0.6717894754499406
5017,278,37.3392,139.3179,1.1397286752281997
5018,278,36.2742,136.8978,-0.0475381509503513
5019,278,36.2734,137.0253,0.0844056463586341
5020,278,36.3322,137.3014,-0.8615341587045611
5021,278,36.2492,137.5174,-0.8450337250019343
5022,278,36.1536,137.2514,-0.8413685329446107
5023,278,36.0333,136.9528,-1.1267201997138645
5024,278,36.0378,137.4861,1.0087883604841044
5025,278,35.9515,137.26,-1.0543938577000058
5026,278,35.9219,136.8311,-1.5674297051555808
5027,278,35.8029,137.245,-0.691985711223859
5028,278,35.7593,136.9808,0.1287953640966265
5029,278,35.6637,137.1617,-1.3788614783763535
5030,278,35.6576,137.4258,-0.1153696642560183
5031,278,35.4887,137.5,0.7576702938103631
5032,278,35.4495,137.4039,0.3036322454167498
5033,278,35.4243,136.7553,-0.136751542244366
5034,278,35.4426,137.0,-0.2426596963402909
5035,278,35.3882,137.2158,0.7389393249163572
5036,278,35.3009,137.387,0.2041949724550325
5037,278,36.2417,137.2013,-1.1790319891140988
5038,278,35.4147,136.4376,-1.6821484262920794
5039,278,35.8291,136.9651,-1.179332542386886
5040,278,35.2736,136.7031,-0.318358227231786
5041,278,36.3749,137.3746,-0.4350915814945646
5043,278,35.6001,136.4164,0.8157465669915889
5044,278,36.2712,136.9009,-0.0024831683180301
5045,278,36.2462,137.5204,-0.7421781794794177
5046,278,36.1306,137.2238,0.6686272297793143
5048,278,35.9483,136.8762,-0.1879356360001036
5049,278,35.896,137.1525,-0.9748998405408706
5050,278,36.0184,137.3936,-1.3379654699563122
5055,278,35.5183,136.6156,-0.9447650322066586
5056,278,35.4089,136.8794,-0.0323819380031238
5057,278,35.4495,137.007,-0.8691741085101059
5058,278,35.4539,137.4737,0.3481570922820588
5059,278,36.7722,139.2248,2.709011965253461
5060,278,36.7819,138.9695,1.1798573932724712
5061,278,36.6578,139.0784,1.638075707584574
5062,278,36.6172,138.5918,-0.2532560670135899
5063,278,36.5133,138.5177,-1.861437884996056
5064,278,36.5103,138.7523,-1.440879990148947
5065,278,36.4619,139.0101,-0.9916999535043444
5066,278,36.3478,139.1368,-1.5836173514322778
5067,278,36.4106,139.3251,0.937200640954453
5068,278,36.2343,139.5331,0.4450632299319282
5069,278,36.2914,139.3609,0.5540788238123492
5070,278,36.3181,139.0176,-0.6278960011061925
5071,278,36.35,138.7179,-1.536743740501162
5072,278,36.2287,138.7579,-1.3554513427837251
5073,278,36.1162,138.9251,-1.457042783517123
5074,278,36.3111,139.1879,-1.3328244051176952
5075,278,36.2409,139.5476,0.3554002513653428
5076,278,36.6967,139.2136,0.7848725091960023
5077,278,36.4886,138.5275,-1.387182366796975
5078,278,36.6181,138.91,-1.1299899823131958
5079,278,36.2325,138.7322,-1.3138249185407156
5080,278,36.2831,138.9242,-1.930181386675753
5081,278,36.1409,138.9161,-1.2947315296568995
5082,278,36.8589,139.0659,1.3332676437489448
5084,278,36.7761,140.3569,0.2180645846975454
5085,278,36.7061,140.7068,0.6721542061901539
5086,278,36.5915,140.6453,1.2746315673128246
5087,278,36.5516,140.4102,1.643067891047504
5088,278,36.3851,140.2372,0.7071332970890138
5089,278,36.369,140.4528,0.8696704534749643
5090,278,36.3523,140.5955,0.1721857602709098
5091,278,36.3062,139.9828,0.0819299899790595
5092,278,36.1848,139.7037,-0.0638400418768072
5093,278,36.1843,139.9653,0.0096476088782706
5094,278,36.1251,140.0903,0.6779559605180814
5095,278,36.1901,140.2869,0.9038557733014704
5096,278,36.1587,140.4892,2.1980184317532907
5097,278,36.0729,140.1947,1.5348224359255194
5098,278,36.0693,139.908,0.6257344654340584
5099,278,35.9112,140.0494,0.9082292026101014
5100,278,35.9537,140.3194,1.562985705529219
5101,278,35.977,140.6322,0.5804446885637397
5103,278,36.1156,140.5655,1.5770054049044726
5104,278,36.4358,140.3592,1.7895252558071526
5106,278,36.3669,140.1434,0.54583399215737
5107,278,36.8338,140.3215,1.56940426427528
5108,278,36.7924,140.5784,0.61317965230365
5110,278,36.5535,140.3046,1.8986938200959904
5111,278,36.6374,140.4009,1.5006942477657002
5112,278,36.0832,140.3173,2.3471425324037702
5113,278,36.3599,140.6231,1.4512886489252548
5114,278,35.8252,140.7356,-0.0477379825254604
5115,278,37.4999,137.1764,0.5854058209991888
5117,278,37.3919,136.9083,0.9250692247732918
5120,278,37.1602,136.6897,-0.3802256257236732
5122,278,36.8918,136.7783,0.8363409718502985
5123,278,36.7318,136.6989,-0.0179530305427946
5124,278,36.5419,136.6431,-0.5840173768911833
5126,278,36.3575,136.6045,1.0700273502937951
5127,278,36.1805,136.6247,-0.4259781992822284
5129,278,37.5236,137.2875,-0.0099734395573719
5130,278,37.3614,137.0443,0.5870992841827919
5131,278,37.3428,137.2467,1.885605079994904
5132,278,37.1872,136.7206,0.2799098021411375
5133,278,37.0503,136.8236,0.3353964958352984
5134,278,36.5119,136.6386,-0.2770720524424306
5135,278,36.735,136.7936,0.9072189686918544
5136,278,36.2636,136.7197,0.7845384760932405
5138,278,39.1454,141.152,-0.8372222341312103
5139,278,39.3209,141.1378,0.6829920259413176
5140,278,39.318,140.7792,0.5214708606071269
5141,278,39.5169,140.8301,0.8003950237132208
5142,278,39.1781,141.3944,-0.3739070862690166
5143,278,38.8625,141.3547,-0.1486550390181902
5144,278,39.4531,141.0036,1.2433116829029045
5145,278,39.195,141.0153,-0.076146297625612
5146,278,39.0061,140.8667,-1.281587619441492
5147,278,38.9661,141.0047,1.1193369543560605
5148,278,39.0278,141.5356,1.0132516809167802
5151,278,35.2727,139.6579,-0.9485725749955676
5152,278,35.1441,139.6218,-0.8513815043149043
5153,278,35.3192,139.5462,-1.018599407298229
5154,278,35.4544,139.5387,-1.223277174749497
5155,278,35.3385,139.4901,-1.1642623090782915
5157,278,35.3355,139.3504,-0.2757634833546731
5158,278,35.6154,139.1548,-1.974157040296196
5159,278,35.3794,139.2048,-1.3937702652411132
5161,278,35.3608,139.0826,-0.9929338158491378
5162,278,35.0966,139.3778,1.2446279897178072
5163,278,35.4959,139.5227,0.0275858734422165
5164,278,35.4007,139.3571,-0.1339244220360518
5165,278,35.414,139.0468,-1.9214104039482511
5166,278,35.3631,139.1291,-1.2378484296106165
5168,278,35.3551,139.0942,-0.5394451821022614
5169,278,38.9015,141.5684,0.7554481582006577
5170,278,38.7992,140.6507,1.6702439672491367
5172,278,38.5769,141.4514,-0.7704124536021522
5173,278,38.4466,140.8874,-0.3702218230133615
5174,278,38.4282,141.2809,0.1493097320438705
5175,278,38.3175,141.0193,0.6783885910702084
5176,278,38.2663,140.9293,-0.3626136802657949
5177,278,38.3177,140.6357,0.8722106147832207
5178,278,38.1049,140.8699,1.0037411963208245
5179,278,38.0085,140.621,0.1383987180102113
5181,278,38.237,141.0003,-0.0523127831310842
5182,278,38.8558,140.6547,0.3177575160538615
5185,278,38.5764,140.7839,0.0317277383691293
5186,278,38.5878,141.0744,-0.8987967599280785
5187,278,38.1103,140.8475,-0.8484320174016611
5188,278,38.0061,140.6061,0.1598864996287878
5189,278,37.9381,140.8958,0.4500078158132101
5191,278,38.6386,141.4463,-1.2355082652167444
5192,278,36.8514,138.366,0.2992179816419649
5193,278,36.8069,138.2069,1.0241080921548351
5194,278,36.7403,138.4129,-0.0402089216315029
5195,278,36.6486,138.1938,-0.1437642314872443
5196,278,36.6981,137.8544,-1.5664267523722857
5197,278,36.5086,137.8507,-0.3083382087765987
5198,278,36.5339,138.1191,-0.6599848081067761
5199,278,36.4022,138.2491,0.4162523408371021
5200,278,36.3378,137.8694,-0.8782018106648982
5201,278,36.3281,138.4357,-1.7131336154566252
5202,278,36.2564,138.2669,-0.1966007074003688
5203,278,36.2564,137.9785,0.6594264850314434
5205,278,36.0956,138.4844,-0.5365603004145161
5206,278,36.0454,138.1116,0.89991483517892
5207,278,35.9151,138.2421,-0.4170653971820821
5208,278,35.9748,137.8255,0.2613990412193394
5209,278,35.8132,137.5295,0.1137343987216079
5210,278,35.8562,137.7078,-0.0270137074126082
5211,278,35.8282,137.9532,-0.0246477038441809
5212,278,35.7304,137.9341,0.0300608468608391
5213,278,35.6079,137.6125,0.0999092747169907
5214,278,35.5787,138.0338,-0.3331455754311713
5215,278,35.5232,137.8374,0.8450736480397918
5216,278,35.2807,137.8567,0.8629368461805575
5217,278,36.7403,138.3792,-0.3543166824489102
5218,278,36.251,137.8622,-0.149906085359692
5219,278,35.96,137.77,0.0666512763880323
5220,278,35.9125,138.3083,-0.3575631240509518
5221,278,35.9664,138.4828,-0.2254654475679395
5222,278,35.5111,137.8797,1.199266924286332
5223,278,35.3063,137.6292,1.8111877608733555
5224,278,36.0056,137.9336,0.0499196863461885
5225,278,35.9433,138.1879,0.7220483202513578
5226,278,36.1393,138.5535,-0.858638797033933
5227,278,35.9292,137.598,0.8656175266714162
5228,278,35.9703,138.5877,-0.9267510813246016
5229,278,35.7839,137.7203,-0.1819790100993199
5230,278,35.8283,137.9267,-0.2288731998308442
5232,278,35.6024,137.6135,0.6806339700375824
5233,278,35.612,137.8827,0.348174291712404
5234,278,35.2953,137.9298,0.2879749509945029
5235,278,36.4632,138.1505,0.759132695479852
5236,278,36.5739,138.051,-0.2807907688146877
5237,278,36.7044,138.0995,-0.9035667693907122
5238,278,36.9072,138.4439,0.2599658202056978
5239,278,36.0609,137.688,1.257008023392847
5240,278,36.1153,137.9419,1.0457898931503755
5241,278,36.2546,137.9929,0.9856076714084866
5242,278,36.4567,137.9668,-0.4897691698990369
5243,278,36.5296,137.8231,-1.7734738916347834
5244,278,36.3793,137.8231,0.980837082050603
5245,278,36.3277,138.4999,-1.6450113081603646
5246,278,38.2584,138.4337,0.1913436089722446
5247,278,38.0745,138.4398,-1.0425713993039192
5248,278,37.9976,138.3226,2.097574461264573
5249,278,37.8205,138.2795,0.1638955436838444
5250,278,37.9204,138.4981,0.281260035837198
5251,278,38.4501,139.4961,1.126022548348899
5252,278,38.2301,139.4864,0.8775637869964442
5253,278,38.053,139.4055,0.4612126226504658
5257,278,37.6863,139.4772,1.3072983561381013
5260,278,37.6935,139.1886,-1.86682321945575
5261,278,37.6421,138.7676,-0.0324734194300483
5262,278,37.4416,138.8431,-1.1762572293815814
5263,278,37.3724,138.5579,0.470591095148183
5264,278,37.3057,138.7898,-0.2066634328859801
5265,278,37.2332,138.962,0.4321270963183073
5266,278,37.1281,138.7468,0.125309370485051
5267,278,37.0364,138.8462,0.0393476569258033
5268,278,37.0147,138.6529,-1.3237874309292594
5269,278,37.1268,138.444,-0.2195170020026922
5271,278,37.0228,138.2507,0.2730036262009037
5272,278,37.0235,137.8624,0.6715367093022753
5273,278,37.4261,138.8862,-1.0729398505573704
5274,278,37.4242,138.8908,-0.9010127550528498
5275,278,38.2769,139.5519,0.3026909507299973
5276,278,38.1297,139.4322,0.3316064590669948
5277,278,38.1283,139.5461,1.999193212623689
5278,278,37.9731,139.2819,-0.2425639350681944
5279,278,37.6497,139.0708,0.3642124462353039
5280,278,37.6628,139.2642,0.1103223975314465
5281,278,37.5356,139.1311,0.7697905156351278
5282,278,37.5408,139.3681,0.6290259856228072
5283,278,37.1697,138.7472,-1.1600249435506471
5284,278,37.2208,138.9853,0.2749277857816243
5285,278,37.0514,138.3997,0.4652430348269323
5286,278,37.0272,138.8553,0.0630686949526363
5287,278,37.0503,138.9983,-0.0651433213263036
5288,278,36.9347,137.8511,1.033620449466404
5289,278,36.8539,138.0997,-2.1693435096200546
5290,278,36.9394,138.2625,-0.5975818595896866
5291,278,36.8083,138.7881,0.6573620678175929
5292,278,36.2428,139.1937,-1.1692529101756088
5293,278,36.1476,139.3884,-1.0981515839850773
5295,278,36.1179,139.1045,1.6033905310196743
5296,278,36.0562,139.2626,-1.6674919325251427
5297,278,35.9954,139.0709,-0.8637662241890486
5298,278,36.054,139.3912,-0.5621384284960572
5300,278,35.9034,139.4826,-1.4692506815388686
5303,278,35.8401,139.3215,-1.266509421635222
5304,278,35.7965,139.4659,-1.741896788813506
5305,278,35.9954,138.801,-1.2684463957071344
5306,278,35.8958,139.3875,-1.1980578981129113
5307,278,35.7996,139.5385,-1.5520587217049306
5308,278,36.1478,139.0536,-0.2122967666099836
5309,278,36.11,139.2926,0.9388538217828106
5310,278,35.9086,139.1517,-1.4424069407449251
5311,278,36.0243,138.9722,-1.5109783791868403
5313,278,35.9933,139.2223,-1.1797232989935382
5314,278,35.8605,139.2758,0.010398336857019
5315,278,35.096,138.8657,-0.1756380919652787
5316,278,35.1971,138.9127,-0.489657853320207
5317,278,35.3091,138.9349,0.0788078208941146
5318,278,35.2128,138.6016,0.3562230438626195
5319,278,35.1271,138.6213,-0.2103585110631228
5321,278,34.9649,138.3735,-0.7626431759648254
5322,278,35.2435,138.3407,-0.915875045776839
5323,278,35.0969,138.1332,-0.5574959426890634
5324,278,35.0916,137.8136,1.291805018975876
5325,278,34.9816,137.8975,0.293590211022206
5326,278,34.9524,139.1378,-0.4490298176797547
5327,278,35.3038,138.2003,-0.8916995603817489
5328,278,35.2201,137.9212,-0.5836878998705537
5329,278,34.9365,138.0798,-0.8799644099203807
5330,278,35.0053,137.8439,-0.0991208092164128
5331,278,35.0113,138.3557,-1.292828534572236
5332,278,35.1271,138.4273,-0.2368928777767872
5334,278,34.9109,138.2038,-0.5207465561916417
5335,278,35.1995,138.569,-0.9475823460390358
5336,278,35.0821,138.981,-1.0690333286240052
5338,278,34.9706,138.4955,-0.794292397715253
5339,278,36.9417,140.0828,-0.0922304208773632
5340,278,36.99,139.8033,-0.1433304799121258
5341,278,36.8144,139.7153,0.4408264244817053
5342,278,36.8061,139.4204,0.2986584523930123
5343,278,36.8061,139.9264,1.142370161389357
5344,278,36.7639,140.1297,0.1626793466075774
5345,278,36.5692,139.8861,-0.7037977282429586
5346,278,36.56,139.7675,-0.7339613456900111
5347,278,36.7258,139.7155,1.9060792921509888
5348,278,36.6347,139.4376,0.1243267042899257
5349,278,36.3867,139.6145,-0.7964990655128543
5350,278,36.2859,139.8047,0.4646610797888122
5351,278,36.4368,140.0225,-0.1159944989256672
5352,278,36.545,140.1742,1.342080503279796
5353,278,36.4427,139.9541,-1.1922183480163149
5354,278,36.8594,139.8397,0.568694152717716
5355,278,36.8547,140.0258,0.3085524684571363
5356,278,36.7042,139.7733,0.9595527090265468
5357,278,36.6928,139.9875,1.11217331923516
5358,278,36.7311,140.1814,0.6779550620566249
5360,278,36.5564,139.8669,-0.2241081668915592
5361,278,36.5449,140.0784,-0.1649237753819588
5363,278,35.8029,139.0956,-2.2978739784216926
5364,278,35.7304,139.1454,-1.574094823225958
5365,278,35.7968,139.2912,-0.6849065941478018
5366,278,35.6282,139.4034,-0.9938158208669704
5367,278,35.5782,139.4156,-0.8573589035733935
5368,278,35.699,139.5029,-1.2767360308858744
5369,278,35.7107,139.6859,-0.9208208981568056
5370,278,35.6596,139.8343,-0.3883859571401108
5371,278,35.689,139.8354,-0.5298548166375953
5372,278,35.7313,139.8121,-0.3565765561701193
5373,278,35.6485,139.799,-0.6100078518446619
5374,278,35.6474,139.8093,-0.3396432993704719
5375,278,35.6551,139.8115,-0.5094627405863743
5376,278,35.6657,139.8087,-0.7856495328063224
5377,278,35.6876,139.8193,-0.2584243548856971
5378,278,35.6874,139.7962,-0.5056418888641522
5379,278,35.7254,139.8249,-0.5620229365413272
5380,278,35.7401,139.8624,-0.804302177081749
5381,278,35.7138,139.8971,-0.3180680399755484
5382,278,35.6704,139.8635,-0.3762539395786004
5383,278,35.6926,139.8912,0.393549121857863
5384,278,35.6685,139.7893,-0.148037777210769
5385,278,35.6081,139.8157,-0.1496705053614073
5386,278,35.6669,139.2682,-1.330181104621384
5388,278,36.976,137.6257,-0.0410001549207965
5390,278,36.8163,137.4192,-1.099989946014721
5391,278,36.8624,137.5274,1.2160569341852947
5392,278,36.7824,137.0803,-0.2718956698723944
5393,278,36.6716,136.897,-0.1567746359130387
5394,278,36.6686,137.2114,-0.6857910626915277
5395,278,36.6086,137.2831,-0.4283851299433711
5396,278,36.5864,137.1406,0.2746008559859616
5397,278,36.56,136.8872,-0.2415144463431886
5398,278,36.5781,137.385,0.276650308443964
5399,278,36.4411,137.0353,-0.7444726405986002
5400,278,36.8836,136.9306,1.0367337986568974
5401,278,36.7883,137.4719,-0.1495560743681718
5402,278,36.5706,136.9614,0.363108948944316
5403,278,36.5681,137.1625,-0.088823368245466
5404,278,36.4375,137.0422,-0.6050578651206933
5406,278,35.6132,138.947,-1.5670886002873046
5407,278,35.4648,138.813,-0.7006362533137228
5408,278,35.702,138.7266,-0.95675663846046
5409,278,35.6548,138.5677,-0.2889069580029788
5410,278,35.4684,138.6069,-1.3383318948081684
5411,278,35.2791,138.4649,-0.7401370397343298
5412,278,35.432,138.3321,-2.0736866793642763
5413,278,35.4965,138.4627,0.4547586419691974
5414,278,35.7918,138.4096,-0.3582633982193418
5415,278,35.6382,138.3835,-2.437336830778763
5416,278,35.6863,138.7371,-1.1670126772713996
5419,278,35.6215,138.9808,-0.982151405603731
5420,278,35.5591,138.4521,-0.4592359672064345
5422,278,35.5082,138.9707,-1.6032167752185242
5423,278,35.5291,138.6076,-0.5977067238631212
5424,278,35.7389,138.5684,0.1580081917060353
5426,278,38.7679,140.2957,-0.3430313558414085
5427,278,38.7292,139.8013,0.9706411358932826
5428,278,38.6276,139.5889,0.3823073035536036
5429,278,38.607,140.1621,0.9378304524490152
5431,278,38.4306,140.3907,0.1537955134293172
5432,278,38.3856,139.9921,0.9273594131122884
5433,278,38.3898,140.2743,-0.2891546878984697
5434,278,38.2604,140.3488,0.2282086716192073
5435,278,38.1502,140.2674,1.230922894918663
5436,278,38.1074,140.0428,1.1225987634193009
5437,278,38.0621,139.7575,1.07936278279525
5438,278,37.9207,139.8697,1.80840376142508
5440,278,38.7895,140.0185,0.7963517608460287
5441,278,38.7909,140.313,-1.0490263606889916
5442,278,38.2664,140.2617,1.6482016486387416
5444,278,38.0783,140.3011,1.5324102069466166
5445,278,37.9853,139.805,0.3047992153576768
5446,278,37.9603,140.1869,0.4012099370654715
5447,278,37.8931,140.0311,0.353036548153834
5448,278,38.9672,140.0367,1.173227995359579
5449,278,38.7469,140.1814,0.4184031766685697
5450,278,38.7103,140.5578,-0.2123121531004553
5451,278,38.6328,140.0089,-0.1845423261263663
5452,278,38.4675,139.7639,1.1408526920570736
5453,278,38.3831,139.995,0.8914567128610613
5454,278,38.4228,140.1283,0.2169731164980639
5455,279,40.3279,140.7428,-0.7697590317190717
5456,279,40.2677,140.5659,-0.7808556262968448
5457,279,40.2782,140.2631,1.0618542840112544
5458,279,40.3888,139.9827,-0.1076775286602857
5459,279,40.2032,140.0288,0.3925220122308786
5460,279,40.2152,140.7873,-0.8369864755260071
5461,279,40.046,140.0813,-0.2066405796326255
5462,279,39.883,140.0716,-1.125919906510913
5463,279,39.8879,139.8466,0.845328453145026
5464,279,39.7225,140.1002,0.6994697692774392
5465,279,39.8128,140.5803,1.6142376699267096
5466,279,39.6991,140.7181,-0.2391432887611702
5467,279,39.6069,140.3213,0.1017492709740099
5468,279,39.595,140.5554,0.2120862009486845
5471,279,39.2975,140.5629,0.8022537325470163
5472,279,39.1939,140.1902,0.6703497808569531
5473,279,39.0384,140.451,0.653012801036476
5474,279,39.2022,139.9085,-1.309531026669436
5475,279,39.995,140.4031,0.5674496777256053
5476,279,39.7739,140.6667,0.9079793823789278
5477,279,39.1462,140.717,0.7291162614077488
5478,279,39.8119,140.5825,-0.3638093097750679
5479,279,39.6606,140.5756,0.7282781178655762
5480,279,39.2194,140.1317,0.3590850806217466
5481,279,39.1711,140.7164,2.212266902545465
5483,279,38.9772,140.4986,-0.0721590962602846
5484,279,40.4536,140.8431,-1.73447436744611
5485,279,40.3161,140.2375,2.6198038061058853
5486,279,40.2728,140.4631,-0.8421862293781786
5487,279,40.2975,140.5847,-1.266238606535376
5488,279,39.9128,140.2256,1.4768354550417406
5489,279,40.0594,140.8119,-0.9609377563909536
5490,279,39.6857,140.411,1.1163306267626492
5491,279,39.5422,140.3515,1.2702704667485496
5492,279,39.5547,140.615,-0.1913610746516166
5493,279,39.3519,140.3903,-9.279120581443528e-05
5494,279,39.1883,140.4744,0.3416719380551721
5495,279,41.5267,140.9244,-1.9937382307095253
5496,279,41.328,140.8132,-0.2465933957094004
5497,279,41.4053,141.1691,-0.951068531193446
5498,279,41.4087,141.4486,-1.749794104555446
5499,279,41.2948,141.1972,-0.6057041744173168
5500,279,41.1976,140.9972,-0.2657524974319793
5501,279,41.2256,141.3958,0.7259480441091782
5502,279,41.084,141.2552,-0.0739999987724061
5503,279,40.9665,141.3733,-1.3625475182514384
5504,279,40.8721,141.1416,0.3286577667990722
5505,279,40.6803,141.3669,0.2827070898885205
5506,279,40.5138,141.4805,0.887788353939014
5507,279,40.4124,141.28,-0.8123544436515283
5508,279,40.4371,140.9406,-0.304361620078671
5509,279,40.4738,140.6306,-0.6257003324573817
5510,279,40.6018,140.499,-0.8648277698955296
5511,279,40.6363,139.9284,0.4948539194219739
5512,279,40.7782,140.1976,-1.291841510455086
5514,279,40.8193,140.7501,-2.0956198574155627
5515,279,40.6152,141.208,-0.7862513761851828
5516,279,40.9924,140.9155,-1.2570033510856715
5517,279,40.9676,140.4326,-1.0849491772517297
5519,279,41.1795,140.4801,-1.4360486181015952
5520,279,41.1281,140.3106,-1.1349440708441112
5521,279,41.1453,140.8219,-1.2463098428374566
5522,279,40.7002,140.919,-1.384894684999124
5523,279,40.5758,140.2965,-0.4537096080893797
5524,279,41.5246,140.9163,-1.383275588149805
5525,279,41.2313,140.9932,-0.6713991386991228
5526,279,40.8497,140.6794,-1.71834317662434
5527,279,40.8537,141.1069,-0.0259233115636595
5528,279,40.9638,141.3774,0.0083095451595985
5529,279,40.7419,140.0272,-1.172133729165986
5530,279,40.7592,140.3156,-1.0271018699842591
5531,279,40.6172,140.3533,-0.3755828239808831
5532,279,40.6064,140.6681,-1.7617102034850916
5533,279,40.5773,140.9986,0.4776667810320802
5534,279,40.5819,141.1582,0.7940293638624061
5536,279,40.5461,140.2761,-0.0162842426657047
5537,279,40.4814,140.56,0.783491889447898
5538,279,40.4597,141.0958,1.3590194254180827
5539,279,40.4465,141.3409,0.8238623926091294
5540,279,40.2934,141.018,2.8459957399577496
5541,279,37.7949,140.9196,1.1425601375100105
5542,279,37.8449,140.6013,1.374710000710313
5543,279,37.7613,140.4799,1.427128873640977
5544,279,37.6799,140.7346,1.7228624305562743
5545,279,37.6385,140.9849,1.987732599135668
5546,279,37.5031,140.7588,1.524393530096608
5547,279,37.4061,140.9632,0.7107232381993276
5548,279,37.4363,140.5668,0.950642458963824
5549,279,37.2778,140.6349,1.3166140208029402
5550,279,37.2342,141.0016,0.887897954176379
5551,279,37.0911,140.9035,0.3099468810216839
5552,279,36.9069,140.7929,0.6083632736971496
5553,279,37.09,140.5563,0.6422502258910449
5554,279,36.8683,140.43,-0.0177572646233921
5555,279,37.0217,140.3775,-0.2023574394576646
5556,279,37.1228,140.1914,0.763282280553459
5557,279,37.2842,140.3689,0.2320595257327431
5558,279,37.3961,140.3622,-0.0718280918493256
5559,279,37.603,140.4368,0.8900237473977634
5561,279,37.6535,139.8633,-1.4873392578003548
5562,279,37.6002,139.6467,-0.1132073001442428
5563,279,37.4774,139.9294,-1.820614980077761
5564,279,37.3957,140.1325,-0.6073004579322564
5565,279,37.3077,139.9,-0.6356983761690941
5566,279,37.266,139.5386,-0.6542791561764796
5567,279,37.3491,139.3144,-1.8964610016423784
5568,279,37.453,139.5133,-1.5475803263755377
5569,279,37.3364,140.8132,0.0472771076825015
5570,279,37.7535,139.7183,0.1328366311528608
5571,279,37.7287,139.8855,-0.8712624107376761
5572,279,37.6048,139.7566,-0.8720798656833172
5573,279,37.4478,139.8159,-0.6619766461173142
5574,279,37.2513,139.8758,-1.1633181617599204
5575,279,37.1692,139.5231,-1.6707420661488492
5576,279,37.2792,140.2178,0.1177879681486214
5577,279,37.35,140.4297,1.4357460759290257
5578,279,37.1585,140.0963,0.5117447314026267
5579,279,37.1976,140.342,0.934562484176302
5580,279,37.2139,140.5736,1.363607775246988
5581,279,37.0233,140.9736,0.4031998911816381
5583,279,37.7613,140.38,-0.2286604418775241
5584,279,37.6606,140.6008,1.1424620825561502
5585,279,37.4864,140.5414,1.4345649177782192
5586,279,37.4672,140.7261,2.014872467012755
5587,279,37.4881,140.9906,0.3734823646706002
5588,279,37.3392,139.3179,-1.8370550596613016
5589,279,36.7722,139.2248,0.1490534170882492
5590,279,36.6967,139.2136,-2.238444465308943
5591,279,36.8589,139.0659,-1.757658242085049
5592,279,41.7162,141.0025,0.0732519869093178
5594,279,41.4862,140.247,-1.419652622308921
5595,279,41.4339,140.1115,-1.6851193015524222
5596,279,36.7761,140.3569,0.7228905329435242
5597,279,36.7061,140.7068,0.8323402409643109
5598,279,36.5915,140.6453,1.3729469976697908
5599,279,36.5516,140.4102,1.1058964407452525
5600,279,36.3851,140.2372,1.7955386331336125
5601,279,36.369,140.4528,1.0096757342178095
5602,279,36.3523,140.5955,0.8832841730749945
5603,279,36.8338,140.3215,0.9220916932193874
5604,279,36.7924,140.5784,0.8915178210861824
5606,279,36.5535,140.3046,1.7683868821244424
5607,279,36.6374,140.4009,1.90524110747326
5608,279,36.3599,140.6231,1.1958611134728316
5609,279,40.4099,141.7191,1.4440900642105818
5610,279,40.1819,141.7641,-0.2445851110583255
5611,279,40.0083,141.8861,0.8105948453546183
5612,279,39.7369,141.9697,0.7896575329794132
5613,279,39.6472,141.9464,0.1083790144201205
5614,279,39.4806,141.9652,1.437065093730743
5615,279,39.2701,141.8561,1.873073858570962
5616,279,39.0187,141.4031,2.269117978906996
5618,279,39.1454,141.152,-1.145345692358403
5619,279,39.3209,141.1378,0.30633120896752
5620,279,39.3367,141.5378,1.5664323327245917
5621,279,39.4844,141.147,-0.4001619621710172
5622,279,39.318,140.7792,-0.2650096310725582
5623,279,39.5997,141.6789,0.8526008189471844
5624,279,39.6336,141.4376,0.3449276780023759
5625,279,39.6953,141.1478,0.6866726106072361
5626,279,39.8491,141.8034,0.4288810048016431
5628,279,39.9203,141.082,1.6622001523625398
5629,279,40.1011,141.0523,0.4358935429487678
5630,279,40.0366,141.4502,1.1520564649264418
5631,279,39.5169,140.8301,0.1334466238586026
5632,279,40.2356,141.3458,1.2047507458168172
5633,279,39.8222,141.3861,1.3997825650397486
5634,279,39.7992,141.6556,2.0354213909121603
5635,279,39.1781,141.3944,0.8688767300643673
5636,279,38.8625,141.3547,1.443319673000219
5637,279,40.2583,141.1744,1.1970316208473242
5638,279,40.2678,141.5744,0.0640832737401827
5639,279,40.2658,141.7867,2.0069433426721046
5641,279,40.1364,140.9564,-0.3969131292798749
5642,279,40.0783,141.195,0.0781555518279888
5643,279,40.1506,141.4281,1.431103275535339
5644,279,39.9369,141.5528,-0.0558255806830289
5646,279,39.6119,141.0964,0.2493014339565236
5647,279,39.6408,140.95,-0.76261356649321
5650,279,39.4531,141.0036,-0.0461812194793554
5651,279,39.3406,141.0508,0.3980412669388791
5652,279,39.4705,141.9372,1.5204798221342628
5653,279,39.3311,141.305,0.9635293431545626
5655,279,39.195,141.0153,-0.2268166178853951
5656,279,39.0061,140.8667,1.337973003512454
5657,279,38.9661,141.0047,1.0178837800181832
5658,279,39.0278,141.5356,1.945465435261032
5659,279,38.9015,141.5684,0.9370141187221672
5660,279,38.7262,141.5109,2.829345213809384
5661,279,38.7348,141.3106,1.5570507599116628
5662,279,38.7292,141.0217,1.994932148818812
5663,279,38.7992,140.6507,1.305880684262058
5666,279,38.5769,141.4514,0.6706427470414353
5667,279,38.4466,140.8874,0.0593726353328828
5668,279,38.4282,141.2809,1.0286469996490364
5670,279,38.3175,141.0193,0.401928245799426
5671,279,38.2663,140.9293,1.1840485573569144
5672,279,38.3177,140.6357,0.4772092133770015
5673,279,38.1049,140.8699,0.7754223695167551
5674,279,38.0085,140.621,0.8973519525838161
5676,279,38.237,141.0003,0.5470145822210307
5677,279,38.8558,140.6547,0.2167723514427605
5680,279,38.5878,141.0744,-1.0500749626534382
5681,279,38.1103,140.8475,-0.46269811743516
5682,279,38.0061,140.6061,-0.0656000620649675
5683,279,37.9381,140.8958,2.4086896898156773
5685,279,38.6386,141.4463,0.7887820098920921
5686,279,38.2584,138.4337,-0.258320571354431
5687,279,38.0745,138.4398,-1.2115061078442788
5688,279,37.9976,138.3226,-0.0357328220247866
5689,279,37.8205,138.2795,-0.2506248549447008
5690,279,37.9204,138.4981,-2.1821421753997483
5691,279,38.4501,139.4961,-0.7882407443098284
5692,279,38.2301,139.4864,-1.795484285933391
5693,279,38.053,139.4055,-1.1318306525230146
5697,279,37.6863,139.4772,-0.3782829043924606
5700,279,37.6935,139.1886,-1.3337443300393506
5701,279,37.6421,138.7676,-2.1846590006818705
5702,279,37.4416,138.8431,-1.431680469213814
5703,279,37.3724,138.5579,-2.2514815781150106
5704,279,37.3057,138.7898,-1.6687874553850048
5705,279,37.2332,138.962,-1.2926170411583553
5706,279,37.1281,138.7468,-1.6319999145408652
5707,279,37.0364,138.8462,-2.1184670768334013
5708,279,37.0147,138.6529,-1.8742149579381824
5709,279,37.1268,138.444,-1.8810936432375347
5710,279,37.4261,138.8862,-1.2007086986612785
5711,279,37.4242,138.8908,-0.9810886863145364
5712,279,38.2769,139.5519,-1.7381588456153998
5713,279,38.1283,139.5461,0.0432277216861086
5714,279,37.9731,139.2819,-1.662715252944898
5715,279,37.6497,139.0708,0.03313642063891
5716,279,37.5356,139.1311,-0.9890494344806464
5717,279,37.5408,139.3681,-0.6970512298522596
5718,279,37.1697,138.7472,-1.6857095925269938
5719,279,37.2208,138.9853,-2.0658978569782684
5720,279,37.0272,138.8553,-1.8307446737435065
5721,279,37.0503,138.9983,-2.691927190832555
5722,279,36.9417,140.0828,0.0110042776845732
5723,279,36.99,139.8033,-1.941491253889297
5724,279,36.8144,139.7153,-1.3450810333678194
5725,279,36.8061,139.4204,-2.134730775523757
5726,279,36.8061,139.9264,-0.3388940873686464
5727,279,36.7639,140.1297,0.8368573324146297
5728,279,36.5692,139.8861,-0.3847186442882939
5729,279,36.56,139.7675,-0.0400029351581306
5730,279,36.7258,139.7155,0.7778422487132544
5731,279,36.6347,139.4376,-1.5013702855268012
5732,279,36.4368,140.0225,0.3668378982259749
5733,279,36.545,140.1742,1.7502859034430702
5734,279,36.4427,139.9541,0.0803363295698207
5735,279,36.8594,139.8397,-0.9515035271840968
5736,279,36.8547,140.0258,0.5068343002875729
5737,279,36.6928,139.9875,0.9548837516749128
5738,279,36.7311,140.1814,1.7625170605290326
5740,279,36.5564,139.8669,0.1377168292319111
5741,279,36.5449,140.0784,0.5757500741255993
5744,279,38.7679,140.2957,0.103342563022813
5745,279,38.7292,139.8013,-1.9357649855632133
5746,279,38.6276,139.5889,-1.234880130700008
5747,279,38.607,140.1621,-0.6412101588058984
5749,279,38.4306,140.3907,-0.8387239272678463
5750,279,38.3856,139.9921,-1.3318037112015977
5751,279,38.3898,140.2743,-1.817895198989276
5752,279,38.2604,140.3488,-0.065097133317178
5753,279,38.1502,140.2674,0.1054012331047251
5754,279,38.1074,140.0428,-1.1626149738628586
5755,279,38.0621,139.7575,-1.0675809893102255
5756,279,37.9207,139.8697,-0.2435538856272389
5758,279,38.7895,140.0185,-1.2575456983721416
5759,279,38.7909,140.313,-0.777144557201444
5760,279,38.2664,140.2617,-0.908743934814816
5762,279,38.0783,140.3011,1.0903992653806645
5763,279,37.9853,139.805,-1.937590609671204
5764,279,37.9603,140.1869,0.14836816502689
5765,279,37.8931,140.0311,-0.1441767522433925
5766,279,38.9672,140.0367,-0.2011252601572322
5767,279,38.7469,140.1814,-0.8823219558432782
5768,279,38.6328,140.0089,-1.8757165740255315
5769,279,38.4675,139.7639,-0.5437390904293203
5770,279,38.3831,139.995,-1.106609436300808
5771,279,38.4228,140.1283,-1.1966333981994546
5772,279,38.4647,140.8833,0.9668981552366998
5773,279,38.5689,140.8589,-0.0778594709751722
5774,279,38.5747,140.7836,1.142483801424018
5775,279,38.6122,140.7619,-0.7717908277665988
5776,279,38.5461,140.8533,-0.7614186107417172
5777,279,38.5117,141.0631,0.3190097476565565
5778,279,38.5175,140.9428,-0.6539627332614717
5779,279,38.6494,140.8803,0.6133576686154821
5780,279,38.5411,141.0603,1.247842201568632
5781,279,38.485,141.1389,-0.3718666986070765
5782,279,38.6533,141.0718,-0.1044719249135459
5783,279,38.6892,141.1914,-0.663602424659315
5784,279,38.6258,141.1928,-0.7422153328463776
5785,279,38.6617,141.1625,-0.4136190423147717
5786,279,38.5067,141.1972,-0.432168564291325
5787,279,38.1681,140.8953,1.8366631981352588
5788,279,38.0947,140.6619,0.9521753787241914
5789,279,38.0461,140.7339,0.4544143334533869
5790,279,38.175,140.6469,2.206605806744941
5791,279,38.3269,140.9844,-0.0460566159146075
5792,279,38.2722,140.8722,-0.9151177145230994
5793,279,38.2411,140.9175,0.7206497968189289
5794,279,38.3342,140.8894,0.1067241788706238
5795,279,39.3108,140.5697,-1.82359288962669
5796,279,39.4506,140.4789,-0.6239589143980424
5797,279,39.4586,140.5097,-0.7802931546167647
5798,279,39.4575,140.5844,0.2113847697154395
5799,279,39.1983,140.5481,-0.6403170836359263
5800,279,39.2603,140.4925,0.084880826633559
5801,279,39.3394,140.4375,0.9836093318646822
5802,279,39.2208,140.5256,-0.91154567839365
5803,279,39.275,140.6242,1.3228298881191285
5804,279,39.3308,140.4778,-0.7635409767795364
5806,279,39.0578,140.4506,1.5862213655710071
5807,279,39.1972,140.4172,-0.6903446137191337
5808,279,39.0731,140.5903,0.1847002739167346
5809,279,38.755,140.5228,-0.0635911836853982
5810,279,37.8764,140.9194,1.854112702558052
5811,279,39.29,141.1133,-0.5777525208372262
5812,279,39.1267,141.1417,-0.4651142317617481
5813,279,38.5717,140.96,0.2303404305406931
5815,279,38.5367,141.1317,-0.4064414797769591
5816,279,38.7067,141.2383,0.7968684029051784
5817,279,38.8233,140.9933,0.1535505233167536
5818,279,38.9518,141.2198,1.685897278531748
5819,279,38.3655,140.664,1.8127422715002623
5820,279,38.135,140.9311,1.0684637715440992
5821,279,38.2583,140.9,-0.0110037153680773
5822,280,32.484,-115.24,0.6646959061119097
5823,280,31.8683,-116.6642,-0.9171247406427498
5824,280,32.4,-115.24,1.7576957049700963
5825,280,31.615,-115.882,1.177254598232269
5826,280,32.464,-115.316,1.973732350059242
5827,280,32.0203,-116.3012,1.606029127990395
5828,280,32.1656,-114.9612,2.5248031444092622
5829,280,32.116,-115.8407,-0.3911138847617509
5830,280,32.4222,-115.1303,-0.4790412778675976
5831,280,32.5495,-115.2357,0.95305611695877
5832,280,31.69,-116.19,1.287667081984089
5833,280,31.398,-115.714,-0.3808213124185717
5834,280,32.739,-114.636,-0.4557563166355528
5836,280,32.78,-115.567,2.798779580321235
5838,280,32.813,-116.975,0.3945146685203355
5839,280,32.84,-116.974,0.2179973444749482
5840,280,32.838,-116.775,-0.5203500026952124
5841,280,32.942,-116.276,-1.636824814257985
5842,280,32.749,-117.242,0.4216719845218257
5843,280,32.71,-117.158,0.2039912407850848
5844,280,32.73,-117.169,0.01587240395618
5845,280,32.702,-117.12,0.618810168250398
5846,280,32.735,-117.08,0.1449399544684945
5847,280,32.795,-117.255,-0.2386225468433619
5848,280,32.822,-117.175,0.5038655658155133
5849,280,32.71,-117.007,1.031155085142553
5850,280,32.754,-117.097,-0.5517806528374727
5851,280,32.915,-117.142,0.1165514699159766
5852,280,32.877,-117.227,1.6444061803189596
5853,280,32.954,-117.042,1.1053836641502692
5854,280,32.754,-117.164,0.3765629645502951
5855,280,33.61,-114.715,-0.5586190406825278
5856,280,33.239,-115.512,-0.0545071074383347
5857,280,33.511,-115.92,-0.1417029555539958
5858,280,33.037,-115.623,1.394687826841226
5859,280,33.421,-115.831,0.2644053501937027
5860,280,33.564,-115.987,-0.8031597011620999
5861,280,33.397,-115.776,-0.3170689024753721
5862,280,33.28,-115.984,1.747438486905737
5863,280,33.398,-115.657,-1.845560589150029
5864,280,33.829,-116.512,0.015553016120023
5865,280,33.678,-116.178,-0.338993822693926
5866,280,33.482,-116.911,0.902361399521572
5867,280,33.787,-116.959,1.053077670518083
5868,280,33.815,-116.461,0.4207747282348764
5869,280,33.747,-116.715,1.0830791145033505
5870,280,33.962,-116.509,0.0267523297815985
5871,280,33.605,-116.938,-1.339922565094796
5872,280,33.76,-116.96,0.457322634881491
5873,280,33.851,-116.852,-1.324799790039221
5874,280,33.748,-116.966,0.8462012177935686
5876,280,33.729,-116.979,1.368560770766523
5877,280,33.715,-116.221,-0.4953548694502079
5878,280,33.787,-116.958,0.9584426039286196
5879,280,33.706,-116.235,0.3051903300442889
5880,280,33.93,-116.972,-0.448752765535438
5881,280,33.744,-116.931,0.5363353392196497
5882,280,33.671,-116.3,1.5588335250248009
5883,280,33.758,-116.374,0.6686524832970027
5884,280,33.787,-116.41,0.1577177809932977
5885,280,33.723,-116.338,0.6403687113776527
5886,280,33.786,-117.809,-0.3860866729093233
5887,280,33.863,-117.742,-0.2135763437083263
5888,280,33.768,-117.85,-0.7708715316172685
5889,280,33.485,-117.669,0.9782737735074788
5890,280,33.917,-117.443,0.4721197394285953
5891,280,33.968,-117.252,1.0307034843327985
5892,280,33.565,-117.264,-0.5520270241954108
5893,280,33.751,-117.015,1.2061911799694949
5894,280,33.818,-117.133,0.7069470585869141
5895,280,33.699,-117.267,0.3756588551250536
5896,280,33.604,-117.279,0.4259173979721084
5897,280,33.884,-117.514,-1.0422529780293714
5898,280,33.876,-117.593,0.4180008600187587
5899,280,33.875,-117.636,-0.5050214379287993
5900,280,33.951,-117.446,-0.7065833845379154
5901,280,33.054,-117.245,-0.4594298572847877
5902,280,33.144,-117.165,-0.3466010256633346
5903,280,33.634,-117.902,0.3293831356410839
5904,280,33.99,-117.718,-0.0109737231764586
5905,280,33.496,-117.149,0.0449481333005425
5906,280,33.662,-117.997,0.6986334725740503
5908,280,33.913,-117.196,0.7621343081002121
5910,280,33.201,-117.331,-0.3561160534858793
5911,280,33.856,-117.541,-0.4353350063489534
5912,280,33.8556,-117.54,-0.5743680362200735
5913,280,33.466,-117.666,0.2531848548434535
5914,280,33.854,-117.817,0.2856538326095053
5915,280,33.777,-117.834,-0.8968129946826223
5916,280,33.604,-117.906,-0.2040903308957086
5917,280,33.605,-117.89,0.5014478430527076
5918,280,33.853,-117.857,-0.6393069884997825
5919,280,33.766,-117.918,0.2074017061208037
5920,280,33.757,-117.956,-0.0599084371333212
5921,280,33.676,-117.963,0.7438015198051771
5922,280,33.819,-117.85,0.0451763903782024
5923,280,33.748,-117.844,-0.3769046221860149
5924,280,33.742,-117.894,0.2605589664109645
5925,280,33.716,-117.904,0.3617727694218256
5926,280,33.7,-117.88,0.3836272349498569
5927,280,33.785,-117.89,-0.5651095859717745
5928,280,33.789,-117.922,-0.1398454241760108
5929,280,33.919,-117.488,-0.4694814177285906
5930,280,33.951,-117.388,-0.467286941581215
5931,280,33.979,-117.344,0.1506641606923605
5932,280,33.975,-117.486,-0.6330498633455299
5933,280,33.669,-117.332,-0.3083162550204146
5934,280,33.748,-117.127,1.0464318932155117
5935,280,33.902,-117.234,-0.229244528270236
5936,280,33.921,-117.173,0.9283631244669605
5937,280,33.787,-117.23,-0.6240134029620757
5938,280,33.649,-117.205,0.2454462550983309
5939,280,33.715,-117.191,0.5452912533337965
5940,280,34.133,-114.372,-0.0724513925850817
5941,280,34.155,-116.504,-1.05576262344636
5942,280,34.13,-116.314,-1.5024686582773468
5943,280,34.241,-116.872,-0.5913366633592898
5944,280,34.122,-116.416,-1.962265609635944
5945,280,34.046,-117.035,-0.5323664204921638
5946,280,34.033,-117.312,1.0196616860303367
5947,280,34.014,-117.511,-0.0824639872389952
5948,280,34.026,-117.155,-0.6168127549365306
5949,280,34.074,-117.183,-0.4811142709697095
5950,280,34.066,-117.214,-0.5507560993951816
5951,280,34.065,-117.289,0.1681311210759182
5952,280,34.065,-117.292,0.5700714911506284
5953,280,34.064,-117.296,1.556249600363302
5954,280,34.163,-117.332,0.4075584076145032
5955,280,34.096,-117.287,-0.0700946476374804
5956,280,34.064,-117.294,0.0493819407939422
5957,280,34.133,-117.253,-0.943133983660094
5958,280,34.135,-117.322,-0.205108355893904
5959,280,34.069,-117.398,0.7711440218617949
5960,280,34.004,-117.058,-0.5483682691799815
5961,280,33.5558,-116.674,-1.636042870532645
5962,280,33.6022,-116.756,0.5068053189425631
5963,280,33.921,-116.981,-0.9615399810926288
5965,280,34.069,-116.39,-2.5670521487469995
5967,280,33.365,-115.73,-0.534042344536574
5968,280,32.69305,-115.33819,1.9211901781545853
5969,280,33.268,-116.417,-0.2108473339897883
5970,280,33.19373,-116.3289,-0.9789947423938968
5971,280,32.991,-115.513,2.4149984632055617
5972,280,33.91761,-116.78329,-0.201999559243858
5973,280,33.51237,-116.80035,0.5351273132208497
5974,280,32.6695,-115.493,0.5450278685346931
5975,280,33.1266,-115.516,-1.0259371128232329
5976,280,33.38215,-116.68976,-0.2410456115368777
5977,280,33.999,-117.68,-0.4531710553364305
5978,280,34.093,-117.317,-0.0843294194972235
5979,280,34.058,-117.305,0.0559692990351767
5980,280,33.876,-117.561,-0.346319384645409
5981,280,33.655,-115.99,-1.5984317438349391
5982,280,34.1663,-117.251,0.2610548101944093
5983,280,33.65,-117.009,-0.8468288439317188
5984,280,32.796,-115.535,3.2543336785375123
5985,280,33.567,-116.631,0.494305022331489
5986,280,32.999,-116.942,0.845584259636141
5987,280,32.805,-115.447,1.4972612600884403
5989,280,32.829,-115.504,0.9658442574141192
5990,280,32.7806,-115.5681,1.1908929737440934
5991,280,32.75172,-115.59516,2.125748293167395
5993,280,34.094,-116.936,-0.0773382487466132
5994,280,34.1,-117.439,-0.0155562101719781
5995,280,34.10521,-117.28264,-0.026211167096116
5996,280,34.14,-117.294,0.1665874108909903
5997,280,34.103,-117.349,-0.8195841743270381
5998,280,34.091,-117.289,-0.0683064371883354
5999,280,34.069,-117.275,0.6291055607194485
6000,280,33.925,-116.389,0.347092089058289
6001,280,33.051,-114.827,-0.3499672935488577
6002,280,33.708,-115.628,-2.550955787315725
6003,280,34.121,-117.219,-1.3554714810383353
6004,280,32.81141,-115.3786,0.6126060721941908
6005,280,33.6159,-116.621,0.8043909172608322
6006,280,33.74624,-116.2163,-0.1171113629406892
6007,280,33.081,-116.598,-0.5847076880316382
6009,280,33.597,-117.879,-1.3226044881778063
6010,280,34.12288,-117.28792,-0.5936904310100077
6011,280,33.684,-117.943,1.313423752608328
6012,280,32.8,-115.473,0.7328853857960532
6013,280,33.572,-116.076,0.0747252968811214
6014,280,33.818,-116.369,0.0679364130563831
6015,280,34.005,-117.562,-0.4679367766134177
6016,280,34.05034,-117.27737,-0.0583922265148775
6017,280,34.04856,-116.57816,0.7649693197822673
6018,280,34.039,-116.648,0.1258908629472301
6019,280,33.808,-116.968,1.0990309001634373
6020,280,33.57783,-116.58987,0.1209220316459281
6021,280,33.6,-117.195,0.5169939810833935
6022,280,33.58282,-117.07169,0.6488569137371785
6023,280,33.92474,-116.54794,0.4548343736340011
6024,280,33.556,-115.946,-1.489135728094915
6025,280,33.1983,-117.3782,-1.4152998978016338
6026,280,33.15569,-116.1679,-0.4122411704839225
6027,280,33.788,-117.844,-0.7986525498329119
6028,280,32.608,-116.93,1.0752376715132006
6029,280,33.862,-117.205,-1.309798142677717
6030,280,33.607,-116.453,-0.3139609344275785
6032,280,33.824,-116.55,-1.2396641752846052
6033,280,34.00469,-117.22393,-0.7540636517585793
6034,280,33.973,-117.327,0.6350197871856883
6035,280,33.183,-115.623,-1.5902594240260102
6036,280,32.87514,-117.22977,2.606183880472692
6037,280,33.82177,-116.96836,-0.9880229103433492
6038,280,34.232,-117.235,-1.108050397832126
6039,280,33.553,-117.662,0.805900773063844
6041,280,34.14492,-117.21876,-0.5170182778834586
6042,280,33.91677,-116.38979,-0.6196849630770602
6043,280,33.485,-115.866,-2.667587141257217
6044,280,33.834,-116.797,0.760437464985338
6045,280,34.035,-116.808,-1.5207242511964054
6046,280,33.829,-117.789,-0.2765244869429796
6047,280,33.664,-117.769,0.5549068576879889
6048,280,34.106,-117.098,-0.2643496918500071
6049,280,33.81663,-116.3945,-0.126352502268603
6051,280,34.0869,-117.3114,-0.1022636335380581
6052,280,34.205,-117.365,-0.1709943456717348
6053,280,33.84447,-116.31079,0.0386608853592238
6054,280,33.941,-116.409,-0.5536708165060602
6055,280,34.079,-117.045,0.6434178999319652
8159,280,32.864,-115.432,1.2412068308329358
8160,280,32.718,-115.637,0.9220365734616286
8161,280,33.6758,-116.68,-3.4397126622416656
8162,280,31.871,-115.816,-1.7285027671272792
8488,280,33.787,-118.356,-0.8169229630101429
8489,280,34.077,-118.286,0.4400921720718279
8491,280,33.1774,-115.616,-0.1818641257706548
8493,280,34.07618,-118.3959,0.1877519565575535
8494,280,34.04905,-116.94032,-4.415778548745458
8495,280,33.63461,-116.09534,-5.6013280728457255
8496,280,34.55046,-117.43391,-0.0359640383962021
8500,280,32.68005,-116.67215,0.736358032808151
8501,280,34.2623,-116.92075,-0.6646931289750345
8504,280,34.23883,-117.65853,-1.7096125142609635
8505,280,33.99053,-118.36171,0.4949705755467909
8506,280,33.80776,-117.98116,-0.1293817216540476
8507,280,33.01213,-115.21987,-0.2026944700547649
8509,280,34.13678,-118.12199,-0.4298422530708679
8513,280,33.4019,-118.41502,-1.2875517679525468
8515,280,34.63745,-115.38115,-2.405825975196573
8516,280,34.25353,-118.33383,-0.2807708768542182
8517,280,34.10618,-118.45505,-1.2762085035488064
8518,280,33.84822,-118.09624,0.5992442952032083
8521,280,33.11675,-115.82267,1.397439596264105
8523,280,33.71264,-118.29381,-1.140688511639787
8524,280,33.8717,-117.92251,0.9241141075830772
8528,280,34.13677,-118.1283,0.1550924798379999
8530,280,34.8294,-116.335,-0.7827446919648285
8531,280,34.17643,-118.35967,0.444510748443064
8534,280,34.36622,-116.61266,-1.259436916193513
8535,280,34.15037,-118.10156,-0.5369956818066907
8536,280,33.86889,-118.33143,-0.1266639975563746
8537,280,33.798,-118.08837,0.4288410066034031
8538,280,34.00033,-118.37794,0.4877324223598737
8540,280,35.13066,-115.18416,-1.0875351354814182
8544,280,33.9753,-118.14918,-0.080001044574628
8547,280,34.31478,-117.54642,-0.7425801320587628
8548,280,33.881,-118.176,0.7091774872647797
8551,280,34.13688,-118.12601,1.9586792979324448
8553,280,33.74,-118.335,-4.010436678952861
8560,280,34.22362,-118.05832,-0.4914453637857234
8561,280,34.78035,-116.55798,-1.279839792216892
8562,280,34.76759,-114.61881,-1.1521314040611983
8565,280,33.94539,-117.92372,0.4325100556382633
8569,280,33.96273,-118.43702,0.4520392996525489
8570,280,34.1207,-117.63808,-0.6551626591742622
8571,280,33.892,-117.1613,1.9654906925789744
8572,280,33.7953,-117.60906,-0.5094546643798108
8574,280,34.09181,-117.80709,-0.8202473618090385
8578,280,34.10473,-117.97956,-0.4881577050042881
8579,280,33.74346,-118.40412,0.0839472884520095
8580,280,34.87533,-116.99684,-1.2013360508321629
8581,280,34.05073,-118.08085,-0.1720404411710208
8582,280,33.99351,-117.37545,-1.2842189077525152
8586,280,32.915,-118.4879,-1.2577801337001135
8592,280,34.01438,-118.45617,0.2565503826277809
8596,280,32.94508,-115.79988,-1.104186299190698
8597,280,34.38203,-117.67822,-0.0407278568049371
8601,280,34.01919,-118.28631,-0.2569239969098069
8602,280,34.48364,-118.11783,-0.5831846445757759
8605,280,32.75904,-115.73161,0.1650336350515672
8607,280,34.00948,-117.95077,0.2758724756020457
8610,280,33.94869,-118.25547,0.2941602618228247
6878,281,-43.9041,171.7474,-1.0588125891573026
6881,281,-42.5257,171.4077,-0.4710632756497813
6885,281,-43.4848,172.5299,-0.0562219308755363
6886,281,-43.531,172.6197,-0.6956133304222866
6887,281,-43.5395,172.6464,-0.9539027123916176
6888,281,-43.5355,172.6261,-1.751026874750118
6889,281,-43.5673,172.6241,0.3714644976593939
6890,281,-43.2282,171.7234,0.3686063821888319
6892,281,-43.4913,172.102,0.9016288253923286
6893,281,-45.8642,170.5138,1.5526475119529406
6894,281,-45.9038,170.4929,3.6315837131465663
6895,281,-43.8984,172.0937,-0.1870519972838673
6896,281,-43.6692,172.1978,-1.1652950111795397
6897,281,-41.7467,171.8045,-0.5692361190001983
6898,281,-45.2327,169.3082,0.1090369251910887
6900,281,-44.1019,170.8285,1.50320459220085
6901,281,-43.4649,170.0197,-0.5197982385380717
6902,281,-43.3908,170.1841,-1.1315898803705495
6904,281,-43.5338,169.8154,-1.1834117757272455
6905,281,-43.588,172.0893,0.0479186053557712
6906,281,-42.4509,171.2102,1.245646621354004
6907,281,-43.1506,170.556,-0.8606853021916022
6908,281,-43.8847,169.0441,0.1775897597873411
6909,281,-42.7186,170.9638,0.5748898388892763
6910,281,-43.5413,171.9598,0.4779967393059293
6911,281,-43.5016,172.7022,-1.6974671633977156
6912,281,-42.5249,172.8304,-0.0297547592543903
6914,281,-43.5798,172.7094,2.5562797046690577
6921,281,-42.8934,171.1355,-0.2757751351659366
6922,281,-43.3781,172.6636,0.9552404771705426
6923,281,-44.3872,170.1843,-1.794437684295205
6926,281,-43.6248,172.4679,1.919444094652165
6927,281,-43.6056,172.7223,1.62423332989587
6928,281,-43.7163,169.423,0.3590168575988424
6929,281,-43.7311,171.7935,-2.972238771676237
6930,281,-42.7834,172.2709,-0.8968332350988891
6932,281,-43.8247,171.4216,-0.3426790886825897
6933,281,-43.7365,170.0972,-0.8142605326702915
6934,281,-44.2321,169.2329,0.6238920684601286
6936,281,-42.0897,173.2573,0.586340291607089
6938,281,-41.1264,173.0094,0.6800713021195698
6942,281,-41.2188,173.3793,-1.1907862889413083
6943,281,-43.9993,168.6605,1.5907218242254797
6944,281,-45.1014,170.969,1.924105299805248
6945,281,-45.0456,170.6445,0.6982864626904232
6946,281,-45.886,170.5977,-0.6047782839159527
6947,281,-43.3259,172.0383,0.0450031379636045
6948,281,-43.9253,171.2366,1.4494314392101286
6951,281,-43.4945,172.6068,-1.2562012518601553
6952,281,-43.527,172.7017,0.3530500012015626
6955,281,-41.2813,174.023,1.581537095269716
6957,281,-42.1214,171.8643,0.7684249764523055
6959,281,-43.5362,172.5644,-0.8568718259997131
6960,281,-43.7531,172.023,-0.7392271946600157
6961,281,-43.5945,172.381,-1.1466454289139048
6962,281,-43.7192,171.0539,-0.4999151788454947
6964,281,-43.8104,172.2523,-0.3880733320555876
6965,281,-43.5053,172.6634,-1.022410961268896
6966,281,-42.3356,172.1808,-0.6726531176866605
6967,281,-45.9002,170.5096,3.2080089081000738
6968,281,-43.4675,172.6139,-0.0683196223780869
6970,281,-43.3396,171.9288,0.1383852099823109
6973,281,-46.0737,170.1952,3.2321888236486807
6974,281,-43.5517,172.4718,-0.1749431285418091
6975,281,-44.4045,171.2444,2.257174112593347
6978,281,-44.2565,170.0982,-1.0514923291037914
6979,281,-42.9648,172.7051,1.293202165317135
6980,281,-41.7574,171.5997,0.7181635535826292
6981,281,-41.8291,174.1383,-0.170274743612027
6983,281,-44.8287,169.0175,-0.3717182546474905
6986,281,-44.6963,169.1429,1.0641399957216235
6987,281,-43.839,171.6109,-1.510744521520825
6988,281,-43.0731,170.737,-0.7000605711934419
6989,281,-41.622,173.3508,-0.4052115463003719
6990,281,-43.0764,170.7361,-2.1787315295353142
6991,281,-42.8712,172.5432,0.5840375472486183
8055,346,-43.9041,171.7474,0.7449311364872159
8056,346,-43.1564,172.7308,-1.5047188786187928
8057,346,-42.9506,171.5676,-0.0040773984117575
8059,346,-43.2761,172.5958,-0.4149580261580038
8061,346,-43.4848,172.5299,0.0690746881877171
8062,346,-43.531,172.6197,0.5935001263311136
8063,346,-43.5395,172.6464,-0.6274412856335464
8064,346,-42.8152,173.2747,-0.6651217395744603
8065,346,-43.5355,172.6261,-0.3045960933491988
8066,346,-43.5673,172.6241,-0.5151218582005028
8067,346,-43.2282,171.7234,1.0451364667607266
8068,346,-43.3139,172.3812,0.2139774174705312
8070,346,-43.4913,172.102,0.0337479210803327
8073,346,-43.8984,172.0937,0.8857909396979488
8074,346,-43.6692,172.1978,-0.0419708771578869
8075,346,-41.7467,171.8045,-0.5667811385402589
8078,346,-44.1019,170.8285,1.976531347427188
8079,346,-43.4649,170.0197,0.5163164354702701
8080,346,-43.3908,170.1841,-0.3943538252766015
8081,346,-43.5338,169.8154,-1.240397063137811
8082,346,-42.5959,172.5109,-0.1415373121711291
8083,346,-42.4509,171.2102,0.9897720392305004
8085,346,-43.1506,170.556,-0.293194836683124
8086,346,-43.8847,169.0441,1.0494531865156291
8087,346,-42.7186,170.9638,0.9470117493875876
8088,346,-43.5413,171.9598,-0.1481082982249131
8089,346,-43.5016,172.7022,-1.8026589561776107
8090,346,-42.5249,172.8304,-0.6307095911213755
8091,346,-42.7284,171.4727,-0.4480437895232712
8092,346,-41.8588,171.9524,0.0212752842023584
8093,346,-41.2511,172.1163,1.0823828670996951
8096,346,-42.8934,171.1355,-0.403518619529237
8097,346,-43.3215,171.8549,1.133889834377842
8098,346,-43.3781,172.6636,0.4876999638760132
8099,346,-44.3872,170.1843,-0.6412069018807043
8101,346,-43.6248,172.4679,-1.0604765303996575
8102,346,-43.7163,169.423,1.2329614461131344
8103,346,-42.8712,172.5432,-0.0390431896568117
8104,346,-42.7834,172.2709,-0.3390026221694703
8105,346,-43.8247,171.4216,0.8797787572956342
8106,346,-41.8016,172.3279,0.9024900382200096
8107,346,-41.3166,174.8183,-1.4722556164186529
8108,346,-42.0897,173.2573,-0.4727786739508084
8109,346,-43.7077,172.6536,0.1956485520933704
8111,346,-41.2188,173.3793,-2.205365215262934
8112,346,-45.1014,170.969,2.491141204982582
8113,346,-45.0456,170.6445,1.5509397453853733
8114,346,-43.3259,172.0383,0.6602879686045114
8115,346,-43.9253,171.2366,1.9869385780689897
8117,346,-43.4945,172.6068,-1.8352297073738169
8118,346,-43.527,172.7017,1.720058547791875
8121,346,-42.1214,171.8643,0.4292747896671169
8123,346,-43.5362,172.5644,-0.8058948028471592
8124,346,-43.7531,172.023,0.1439403235817797
8125,346,-43.5945,172.381,0.3739647418508331
8126,346,-43.8104,172.2523,-0.6886209408760495
8127,346,-42.9403,172.9215,0.6340201849475581
8128,346,-43.3928,172.0256,0.1497892658127594
8129,346,-43.5053,172.6634,-0.4186475980566878
8130,346,-42.3356,172.1808,-1.2318320258196458
8132,346,-43.6751,172.3175,0.1179858313270584
8133,346,-43.4675,172.6139,-0.6053063199326008
8135,346,-43.3711,172.4952,0.9503179446608911
8138,346,-41.294,174.7811,-1.3449477018978864
8141,346,-43.5517,172.4718,-0.8745774387755086
8142,346,-44.4045,171.2444,2.796722731409799
8143,346,-40.8512,172.821,0.4858991120228652
8145,346,-44.2565,170.0982,0.0860192842880989
8146,346,-42.9648,172.7051,1.085166959462242
8147,346,-41.7574,171.5997,0.5460373674835098
8148,346,-41.2858,174.768,0.3897014707953633
8150,346,-42.7029,172.8002,-1.1909403269960144
8155,346,-43.0731,170.737,0.0437856255835917
8156,346,-43.5798,172.7094,1.771843801247171
8157,346,-43.6056,172.7223,1.9950610246995
8158,346,-43.3396,171.9288,0.6524770317901926
8611,1001,38.441,-122.701,-0.0243050658742972
8612,1001,38.233,-122.636,1.215313847995668
8613,1001,37.76021,-122.41524,0.1127234218672554
8614,1001,37.77737,-122.39689,-0.3051273178870115
8615,1001,37.75094,-122.49072,0.7519178782407229
8616,1001,37.76386,-122.4736,0.8673245594504668
8617,1001,37.762,-122.505,0.5704585970343625
8618,1001,37.40701,-122.0946,-0.2002691812396733
8619,1001,37.30249,-121.97978,0.0321389641708571
8620,1001,37.26748,-121.86656,0.7988550956770907
8621,1001,37.26352,-121.91617,-0.281030371148754
8622,1001,37.30143,-121.9039,-0.1665042110916521
8623,1001,37.31816,-121.94354,0.8940892721893235
8624,1001,37.3066,-121.84915,2.326167632332257
8625,1001,37.68,-121.739,-1.7831644704712857
8626,1001,37.41702,-121.9154,0.1257964477744594
8627,1001,37.59094,-122.36741,-0.0246494662118659
8628,1001,37.74766,-122.42528,0.8231361571271297
8629,1001,37.34655,-121.80774,0.2243142085820367
8630,1001,37.40718,-122.00001,0.9687776758963856
8631,1001,37.74664,-122.38679,-0.2519820039342131
8632,1001,37.39415,-122.06041,0.3243772721118882
8633,1001,37.27117,-121.98617,-0.4702120051740074
8634,1001,37.45098,-122.4287,1.119179953916421
8635,1001,37.59268,-122.07449,-1.617295071969159
8636,1001,37.67928,-122.48405,1.934185583170904
8637,1001,37.91056,-122.53778,2.071318395016579
8638,1001,37.88767,-122.29916,-0.2735477554551146
8639,1001,38.03445,-122.27016,-1.351802010730372
8640,1001,37.74484,-122.40134,0.1023806587853817
8641,1001,37.77934,-122.486,0.0646968007126389
8642,1001,37.71633,-122.43117,1.5863139476858277
8643,1001,37.81076,-122.29252,0.10969377272153
8644,1001,37.8251,-122.27606,-0.1593424085836769
8645,1001,37.7986,-122.2684,-0.2512752389438339
8646,1001,37.72416,-122.44841,1.525721930205805
8647,1001,37.41395,-121.87085,-0.2789891380479753
8648,1001,37.6806,-121.92098,-1.086795756483968
8649,1001,37.86059,-122.29327,-0.5659638360201955
8650,1001,37.85835,-122.25252,-0.1652586012881921
8651,1001,38.29027,-122.46125,-1.178278461510283
8652,1001,37.37418,-122.0781,-1.2764036730545394
8653,1001,37.36408,-122.01817,-0.0965622071980452
8654,1001,37.42549,-122.07772,-0.6107378103637434
8655,1001,38.4421,-122.6068,-0.2940292135432294
8656,1001,37.23294,-121.77186,0.8953516569400456
8657,1001,37.38332,-121.91088,1.916078916300579
8658,1001,37.28537,-121.93602,2.090588662546834
8659,1001,37.35834,-121.97775,0.9709250442184562
8660,1001,37.68873,-121.78351,-3.0544595925466425
8661,1001,37.72688,-122.15092,-1.268786823519424
8662,1001,37.8852,-122.03217,-1.1738602865341663
8663,1001,37.94215,-121.93047,-1.4988138693754527
8664,1001,38.01299,-122.13416,-0.002811392658175
8665,1001,38.36743,-122.52403,-0.9418931312699268
8666,1001,37.66666,-121.85715,-2.933635066689317
8667,1001,36.88311,-121.3908,1.2535351968661428
8668,1001,36.61809,-121.31468,1.8318467234042028
8669,1001,37.16346,-121.62645,0.5978656711629151
8670,1001,37.45035,-121.80037,-0.3810491120176673
8671,1001,37.74766,-121.70843,0.0561747207104605
8672,1001,37.7294,-121.83346,-1.5570886104868746
8673,1001,37.37289,-121.76887,0.3524638312279097
8674,1001,37.73786,-122.06486,-0.7525435448274256
8675,1001,37.81041,-121.80272,-1.281403207510447
8676,1001,37.9889,-122.2156,-0.1121517840993184
8677,1001,37.94906,-122.40851,0.4938606596627051
8678,1001,37.85884,-121.99264,-0.9573084119004084
8679,1001,37.91233,-121.90716,-0.9989338360005668
8680,1001,38.02691,-122.01599,-1.193207167522867
8681,1001,38.34526,-122.4584,-1.609901676700172
8682,1001,37.80787,-122.3618,-0.322216247088807
8683,1001,38.71073,-122.75733,-1.964285031342044
8684,1001,38.76927,-123.01486,-1.946852358809994
8685,1001,37.0254,-121.4845,1.3364695356518568
8686,1001,36.82681,-121.64349,0.0221984896322903
8687,1001,37.34305,-122.33976,2.424841454351
8688,1001,37.31861,-122.15314,-0.5827902977418276
8689,1001,37.17217,-122.01121,1.9501520309078453
8690,1001,37.04922,-121.80722,-0.2119492902806438
8691,1001,36.92745,-121.82764,0.9143252478209354
8692,1001,37.36045,-122.18986,1.4342200083604693
8693,1001,37.51604,-122.45815,1.9923783421424288
8694,1001,37.21427,-122.17168,2.1573751404707258
8695,1001,37.20631,-121.97726,1.1132662233323332
8696,1001,37.15432,-121.73467,0.953619313262213
8697,1001,37.63719,-122.47482,0.1589741398204432
8698,1001,37.2708,-122.21276,0.9775115789861678
8699,1001,37.79499,-122.4746,-0.0750239316957515
8700,1001,37.19855,-122.34671,2.1568584163064743
8701,1001,37.40373,-122.23868,-0.7359123868765249
8702,1001,37.58225,-122.42006,0.45702150539239
8703,1001,37.40372,-122.17596,-0.1446414588431375
8704,1001,37.28397,-122.05017,-1.1872212924215364
8705,1001,37.58644,-122.50217,1.1613491681453825
8706,1001,37.16067,-121.89899,1.0490718941363668
8707,1001,37.6444,-118.89683,2.713793676236391
8708,1001,37.34164,-121.64257,0.4115850536014431
8709,1001,37.65909,-118.97907,2.9548924226266897
8710,1001,38.87874,-122.44277,-2.814102772507606
8711,1001,38.43951,-122.25272,-1.3611528362684917
8712,1001,37.92144,-122.71806,0.9062997214198522
8713,1001,38.26021,-122.55179,-1.3464588458476483
8714,1001,38.00198,-122.47466,0.8883242539795901
8715,1001,38.30988,-122.943,2.1790392320551994
8716,1001,38.33656,-122.81082,1.4787076776027226
8717,1001,38.46769,-122.89651,-0.5675610430571068
8718,1001,38.28043,-122.21582,-1.9177334786270408
8719,1001,38.15486,-121.80438,-1.6182069733514437
8720,1001,38.16488,-122.71296,1.793609140463505
8721,1001,38.12282,-122.14921,-1.2038425502625978
8722,1001,38.07601,-122.2585,-0.6338239772425553
8723,1001,38.04248,-122.79684,1.0605147187972623
8724,1001,37.99642,-123.01949,-1.075917561108272
8725,1001,38.34878,-122.57795,-0.2675283642682457
8726,1001,38.20025,-122.4644,-0.5194211371373278
8727,1001,37.92371,-122.59649,1.120802615601896
8728,1001,38.14361,-122.44969,-0.7362794908272098
8729,1001,38.24039,-122.79842,0.1833621778296783
8730,1001,38.38921,-122.66297,-0.8902585571193918
8731,1001,37.008,-121.287,3.575858401309276
8732,1001,35.73065,-120.24986,0.1805764885152326
8733,1001,35.40773,-120.54556,0.4828943364722265
8734,1001,35.86661,-120.4796,1.6612591037954063
8735,1001,35.82404,-121.05393,1.017465433066229
8737,1001,36.2159,-120.80126,0.9325461722875106
8738,1001,36.0688,-120.59618,1.394603296871644
8739,1001,37.91608,-122.33607,-0.2110925689818423
8740,1001,36.76403,-121.44722,-0.241352277595533
8741,1001,37.28744,-121.86422,1.0786633078222918
8743,1001,37.62211,-121.75697,-2.15949415442932
8744,1001,35.45883,-120.88167,1.0197235015307218
8745,1001,37.95397,-121.86554,-2.8831770327117905
8746,1001,37.87622,-122.23558,-2.479116370928649
8747,1001,37.91881,-122.15176,-2.0754152974251423
8748,1001,37.87352,-122.26099,-2.1982891322227647
8749,1001,38.03455,-120.38651,-0.2055084291681975
8750,1001,37.69782,-123.0011,-0.991313886281469
8752,1001,38.14478,-122.88018,-1.0984734344117446
8753,1001,35.63597,-120.86984,1.6980446801453313
20118,1001,39.65471,-122.71595,-3.0224147520181086
20119,1001,38.99349,-123.07234,-2.255511188432343
20121,1001,39.55451,-121.50036,-2.31300298328228
20123,1001,37.81647,-122.06302,-1.4558493773566086
20124,1001,37.25898,-121.67311,0.6286235931305456
20125,1001,37.72416,-122.11929,-1.4441103872466745
20126,1001,37.12043,-122.1552,1.2665544242997382
20127,1001,37.51704,-122.37731,-0.1289376878467549
20128,1001,37.67433,-122.39855,0.6386943905116435
20129,1001,38.04962,-122.52331,1.5404605404833882
20135,1001,38.80797,-122.7953,-2.020558830419044
20139,1001,39.68631,-123.58242,-2.603860000464875
20150,1001,38.65651,-122.61441,-1.2927959447600428
20154,1001,34.9022,-120.6217,0.3550087675779553
8754,1002,34.037,-118.178,1.609237290941304
8755,1002,34.151,-119.198,0.2598541050768453
8756,1002,34.04905,-116.94032,-3.41115163073019
8757,1002,34.55046,-117.43391,0.1564455667823154
8758,1002,34.68708,-118.29946,0.5350281194699826
8759,1002,35.1269,-118.83009,-0.2701814926992392
8760,1002,35.34444,-119.10445,-0.6361583599532811
8761,1002,32.68005,-116.67215,1.0025466494058286
8762,1002,34.2623,-116.92075,-1.2957653878231783
8763,1002,33.921,-116.981,-0.6278942974372838
8767,1002,34.23883,-117.65853,0.0951689515382202
8768,1002,34.069,-116.39,0.2719365780713343
8769,1002,33.268,-116.417,-0.3151772873845836
8770,1002,33.80776,-117.98116,-0.108585098659371
8771,1002,34.68224,-118.57398,1.2322466886082852
8772,1002,33.4915,-116.667,-4.058644400850426
8773,1002,34.13678,-118.12199,-0.8139962034998084
8775,1002,33.999,-117.68,-0.7711317563654083
8776,1002,33.4019,-118.41502,0.7358587400949853
8777,1002,34.093,-117.317,0.0941945819418825
8779,1002,33.655,-115.99,0.6114190623871939
8780,1002,33.35486,-118.44436,0.5169724775290223
8781,1002,34.25353,-118.33383,-0.1782761540380971
8782,1002,33.93597,-116.57794,-0.0492168278091909
8783,1002,33.65,-117.009,1.1766905305072977
8784,1002,34.10618,-118.45505,-1.3418770258648218
8785,1002,33.84822,-118.09624,0.291246492470629
8786,1002,33.567,-116.631,1.655850047542252
8787,1002,32.999,-116.942,0.5923767047614286
8789,1002,32.65915,-116.10061,-0.5036341173820162
8792,1002,33.71264,-118.29381,-2.5877592197572383
8793,1002,34.1,-117.439,0.4486348745461081
8794,1002,33.8717,-117.92251,-1.8397945732452567
8795,1002,33.1537,-117.22921,0.0978827030468838
8796,1002,34.13677,-118.1283,0.6774982331044874
8797,1002,35.30177,-116.80574,0.0463139885016136
8798,1002,34.8294,-116.335,-0.5246146836088297
8799,1002,34.17643,-118.35967,-0.6981527641899459
8800,1002,34.121,-117.219,-0.3317552900771772
8801,1002,33.081,-116.598,0.4064863179051038
8802,1002,34.36622,-116.61266,0.1724623469988657
8803,1002,34.15037,-118.10156,-0.4532098387986506
8804,1002,33.597,-117.879,-2.796758861066685
8805,1002,34.9906,-118.34156,0.8594644251277967
8806,1002,34.61462,-118.29104,0.0735370073296341
8807,1002,34.30529,-118.48805,0.8309438721191789
8808,1002,33.684,-117.943,-0.4077798969505804
8809,1002,35.47954,-117.68212,0.1454393443817808
8810,1002,34.3656,-117.36683,-1.6874530975869868
8812,1002,33.818,-116.369,1.124494474457302
8814,1002,34.005,-117.562,-0.7959937641609928
8815,1002,34.28085,-118.9049,0.6551076502595883
8816,1002,33.808,-116.968,1.886063481461802
8817,1002,33.6,-117.195,1.7343520199397415
8818,1002,34.22362,-118.05832,-0.4855283562849101
8819,1002,34.53412,-120.17737,0.1949072069740248
8820,1002,34.22869,-118.55829,1.572876644497974
8821,1002,33.788,-117.844,0.22201234607071
8822,1002,33.94539,-117.92372,-0.4338605622231206
8823,1002,32.608,-116.93,1.0716678690256014
8824,1002,34.6145,-118.7235,-0.1212382516689532
8825,1002,34.44199,-118.58215,0.0540100648357516
8826,1002,34.1207,-117.63808,-0.7820937087111403
8827,1002,33.862,-117.205,0.6595602902351548
8829,1002,33.354,-116.863,-0.4010124498874743
8830,1002,33.7953,-117.60906,-1.7858080164378165
8832,1002,34.09181,-117.80709,-0.6275872626625528
8833,1002,34.39558,-118.49837,-1.613876905039886
8834,1002,33.63,-116.8478,2.638510794279049
8835,1002,34.281,-118.478,2.382233859247397
8836,1002,34.10473,-117.97956,-1.7063834781978873
8837,1002,33.74346,-118.40412,-0.5602708917611154
8838,1002,33.973,-117.327,0.0473690787583066
8839,1002,33.97327,-117.32674,0.2292680448192897
8840,1002,34.05073,-118.08085,1.5899522919697702
8841,1002,33.99351,-117.37545,1.909552831913542
8842,1002,33.70432,-117.88578,-0.3240995659666119
8845,1002,34.44076,-119.71492,0.5480607269665512
8847,1002,34.232,-117.235,-0.9839782892169496
8848,1002,32.915,-118.4879,-0.5621134896823422
8849,1002,33.99543,-119.6351,0.726165974339257
8850,1002,33.553,-117.662,-0.7332939817861386
8851,1002,32.784,-117.13805,-0.5871876846632702
8853,1002,34.43692,-119.1375,-0.4365746257707107
8854,1002,35.8996,-116.27515,1.3138640466884686
8855,1002,35.89095,-117.28332,-0.2004492279243158
8856,1002,33.834,-116.797,0.3338099378477732
8858,1002,34.01438,-118.45617,0.1278113208435637
8859,1002,34.05933,-118.64614,-0.9615792758603464
8860,1002,33.829,-117.789,-1.312016738945756
8861,1002,34.30302,-119.18676,1.929239606041249
8862,1002,33.664,-117.769,-1.0962745534982146
8863,1002,34.106,-117.098,-0.4170739444840791
8864,1002,32.94508,-115.79988,-0.0756090565537373
8865,1002,34.52775,-119.97834,0.6316260641686671
8866,1002,34.38203,-117.67822,-0.6682246588382292
8870,1002,34.01919,-118.28631,-0.6137726961842271
8871,1002,34.48364,-118.11783,-0.166286771173071
8872,1002,34.56065,-117.3296,-0.3076535365115614
8873,1002,35.53664,-118.14035,0.2926946138831669
8875,1002,34.00948,-117.95077,0.7131385575664844
8878,1002,32.692,-117.037,-0.0084550600156336
8879,1002,33.787,-116.959,1.7052891880145022
8880,1002,33.744,-116.931,2.209000782811932
8881,1002,33.951,-117.446,-0.0247243572316055
8882,1002,33.854,-117.817,-0.5019439652598771
8883,1002,33.933,-117.896,0.3803220753717032
8884,1002,33.932,-117.955,1.2835077896935851
8885,1002,33.927,-117.803,-1.77021842163078
8886,1002,33.748,-117.844,-0.0872156983825069
8887,1002,33.869,-118.368,-0.5333021459876326
8888,1002,33.876,-118.24,-0.0206971879136865
8889,1002,33.84,-118.194,-0.4160533158438776
8890,1002,33.787,-118.356,-1.277203765201799
8891,1002,33.818,-118.108,0.9790982186992424
8892,1002,33.873,-118.175,0.2781954095355392
8893,1002,33.909,-118.315,0.0030237357115633
8894,1002,34.134,-117.598,-0.9941999020623912
8895,1002,34.132,-117.911,0.6875309491457929
8896,1002,34.096,-117.906,0.3008710452609736
8897,1002,34.425,-117.544,0.9304264966224242
8898,1002,34.405,-117.313,-1.1631011880502768
8899,1002,34.1,-117.434,-0.0326394649663189
8900,1002,34.154,-118.463,0.8912438520403252
8901,1002,34.143,-118.304,-0.5522605753834675
8902,1002,34.163,-118.5,0.0440955116788336
8903,1002,34.185,-118.623,1.414927321198168
8904,1002,34.096,-118.23,-1.3867458698022297
8905,1002,34.041,-118.348,-0.7855576766238898
8906,1002,34.062,-118.315,-0.0478979066510883
8907,1002,34.037,-118.263,-1.750651757811596
8908,1002,34.077,-118.286,-0.2085446547192185
8909,1002,34.03,-118.434,0.3130072815163689
8910,1002,34.172,-118.289,-0.2800487868665977
8911,1002,34.1,-118.288,-0.0569494618293557
8912,1002,34.051,-118.384,0.7636924381690647
8913,1002,34.222,-119.04,0.1831120889893803
8914,1002,34.208,-119.079,1.214725779731069
8915,1002,34.217,-119.153,1.0423193544442098
8916,1002,34.57806,-118.11401,-0.2710492027295847
8917,1002,34.6172,-118.285,0.8587738541765069
8918,1002,34.4435,-117.853,0.0406112705847326
8919,1002,34.393,-117.805,-0.7619009525645688
8920,1002,34.193,-117.427,-0.1820392688405357
8921,1002,34.04856,-116.57816,0.1556954293858652
8924,1002,34.079,-117.045,-1.00136941824586
8925,1002,34.052,-118.451,0.1094832876967687
8926,1002,34.136,-117.213,-0.1641711809450812
8928,1002,34.10922,-117.78362,0.2716554210373355
8929,1002,34.051,-117.25,-1.0776852517479365
8931,1002,33.896,-118.377,-0.9124172257428704
8932,1002,33.572,-116.076,0.378452658518762
8933,1002,33.92024,-117.32066,0.5155465308004945
8934,1002,34.36,-117.629,0.990486151370336
8935,1002,33.59967,-117.866,-0.9642213606793552
8936,1002,33.65829,-117.93174,-0.3626101494866421
8937,1002,33.82177,-116.96836,-0.2060757157637324
8939,1002,34.165,-117.288,-0.2339579874512015
8940,1002,34.103,-117.349,-0.4915760854650154
8942,1002,34.14492,-117.21876,0.4188007692585829
8943,1002,34.14,-117.294,-0.2371339722665109
8945,1002,34.205,-117.365,0.1474009593179031
8946,1002,34.12288,-117.28792,-0.4925023870778266
8947,1002,34.233,-117.482,0.766866885329108
8948,1002,33.83066,-118.32888,-0.5861368562876013
8949,1002,34.812,-118.945,0.4409091994761216
8950,1002,34.13065,-118.49205,-0.5599771959319665
8951,1002,34.1851,-118.447,1.1695898056346865
8952,1002,34.3088,-118.448,0.7466824805104765
8953,1002,34.193,-118.51,0.7142708263454605
8954,1002,34.2772,-118.56,1.2178925192987895
8955,1002,34.28963,-118.50124,-0.3069159070135087
8956,1002,34.24734,-118.60349,1.2209113342013618
8957,1002,33.90386,-118.24532,0.091615423889695
8959,1002,34.2186,-118.86804,0.6567830933931686
8962,1002,33.91677,-116.38979,0.785151608555524
8963,1002,32.87514,-117.22977,0.5996521828625636
8964,1002,34.24892,-118.4789,1.2534731644271984
8965,1002,34.063,-118.463,-1.3057636329421174
8966,1002,33.91175,-117.82041,-1.8813310890092527
8967,1002,33.852,-117.451,1.410939369185807
8968,1002,34.049,-118.112,0.4560839330830699
8969,1002,33.58282,-117.07169,1.5857317001859514
8970,1002,34.09671,-118.47946,-0.3690271539568038
8971,1003,34.224,-117.331,-1.5491726485257102
8972,1003,34.037,-118.178,1.4961272423145628
8973,1003,34.077,-118.286,0.7097169438202979
8974,1003,33.3527,-115.733,1.1139173734957692
8975,1003,34.155,-118.641,-0.0444449812510123
8976,1003,34.55046,-117.43391,0.104997534568646
8977,1003,34.14647,-118.76699,-0.1388788727191983
8978,1003,34.68708,-118.29946,-0.2650888948143668
8979,1003,35.1269,-118.83009,-0.1310189901290077
8980,1003,32.68005,-116.67215,0.7473702690201695
8981,1003,34.2623,-116.92075,0.0409679136191829
8982,1003,33.921,-116.981,-0.7386034475290155
8984,1003,33.57508,-117.26119,1.294339302304736
8986,1003,34.23883,-117.65853,-0.2990536142090266
8987,1003,34.069,-116.39,-0.1614499168254558
8989,1003,33.268,-116.417,0.3204858976504398
8990,1003,34.68224,-118.57398,1.1785428789282713
8991,1003,34.13678,-118.12199,-0.0353952965240113
8992,1003,33.38822,-117.19495,0.4005963212738103
8993,1003,35.52495,-117.36453,-0.2634268389449988
8994,1003,34.10521,-117.28264,1.2782395622842957
8997,1003,33.999,-117.68,0.5315412000350987
8998,1003,33.4019,-118.41502,-1.1926411313917216
9000,1003,34.093,-117.317,-0.0100651724189113
9001,1003,33.876,-117.561,0.9413254795457312
9002,1003,33.655,-115.99,1.7279840851505208
9003,1003,34.63745,-115.38115,0.5631077719598666
9004,1003,34.25353,-118.33383,0.3590133491302618
9005,1003,33.65,-117.009,-0.9588680398302588
9006,1003,34.10618,-118.45505,-1.3984249751586482
9007,1003,33.84822,-118.09624,-0.0164631403051001
9008,1003,33.567,-116.631,0.2092828734193795
9009,1003,32.999,-116.942,0.9049127686638732
9010,1003,32.805,-115.447,0.0507002221963333
9011,1003,32.65915,-116.10061,0.1767120310662705
9014,1003,33.11675,-115.82267,0.7217988653081991
9015,1003,33.71264,-118.29381,-1.9250373297066368
9016,1003,34.1,-117.439,-0.2421934799150825
9017,1003,33.8717,-117.92251,0.2623012624476528
9018,1003,33.051,-114.827,-1.194551395834895
9019,1003,33.1537,-117.22921,0.4523351221136899
9020,1003,34.13677,-118.1283,0.5553698617628343
9021,1003,35.30177,-116.80574,-1.421586408133793
9022,1003,34.8294,-116.335,-0.9934817234771628
9023,1003,34.17643,-118.35967,-0.6996652220049162
9024,1003,34.121,-117.219,-1.0986992280543186
9026,1003,35.66278,-118.47403,-0.9915550495154062
9027,1003,34.31076,-118.49675,1.1367241673094757
9028,1003,33.0859,-116.5959,0.1070000424131611
9029,1003,34.31313,-118.49918,0.805819181251585
9030,1003,35.98249,-117.80885,-0.0479617130327626
9031,1003,34.36622,-116.61266,0.3333774320491648
9032,1003,34.15037,-118.10156,-0.6059439704309761
9033,1003,33.597,-117.879,-2.5927728727856443
9034,1003,33.7141,-116.7119,-0.1826806516957567
9035,1003,33.86889,-118.33143,-0.312879375625433
9036,1003,33.798,-118.08837,0.7179710371456836
9037,1003,34.00033,-118.37794,-0.3890423832700262
9038,1003,35.13066,-115.18416,0.3530177227146499
9039,1003,34.9906,-118.34156,0.0701326227112058
9040,1003,33.9753,-118.14918,0.0592314982894218
9041,1003,34.10819,-119.06587,-0.5078746699671945
9042,1003,34.80762,-118.86775,0.7723856429008338
9043,1003,33.684,-117.943,0.1063961452666106
9044,1003,34.93439,-117.69629,0.1705596684773141
9045,1003,33.881,-118.176,-0.0628731249830383
9046,1003,34.3656,-117.36683,-1.486829108029299
9047,1003,33.3516,-116.5615,-0.7224290176627566
9048,1003,35.36165,-118.92282,-0.9469193163060592
9050,1003,33.818,-116.369,1.2722238487696915
9051,1003,34.005,-117.562,1.7777435163724138
9052,1003,34.28085,-118.9049,0.2721318456374824
9053,1003,36.05799,-117.48901,-1.6666915887820442
9055,1003,33.808,-116.968,0.5057456857315781
9056,1003,34.22362,-118.05832,0.8680876539518761
9059,1003,34.22869,-118.55829,0.2822913311715385
9060,1003,33.556,-115.946,0.2543366741244829
9061,1003,33.788,-117.844,-0.1884653832747345
9062,1003,33.94539,-117.92372,0.5653459003333753
9063,1003,32.608,-116.93,1.0283733201537253
9064,1003,34.6145,-118.7235,-0.9258243994724796
9065,1003,34.1484,-118.1711,-1.098478818368782
9066,1003,34.44199,-118.58215,0.0727343084833311
9068,1003,34.1207,-117.63808,-0.2840263258447582
9069,1003,33.862,-117.205,0.3635203742958654
9071,1003,33.354,-116.863,-1.058525612077151
9072,1003,33.7953,-117.60906,-0.3319816661010754
9073,1003,33.824,-116.55,-0.844408893121007
9074,1003,34.39558,-118.49837,-1.1052536694447284
9075,1003,33.63,-116.8478,1.8320932070733709
9076,1003,34.281,-118.478,1.4795968781142868
9077,1003,34.10473,-117.97956,-0.3358004677770797
9078,1003,33.74346,-118.40412,-0.158057307902764
9079,1003,34.87533,-116.99684,-1.1486771748180946
9080,1003,33.973,-117.327,1.2536275413103048
9081,1003,33.97327,-117.32674,0.8645942671583244
9082,1003,34.05073,-118.08085,1.2286937845598296
9083,1003,33.99351,-117.37545,-0.1474113478964939
9084,1003,33.183,-115.623,-1.7313282969591373
9085,1003,33.70432,-117.88578,-0.8062585733134003
9089,1003,34.232,-117.235,-0.8157611345951266
9090,1003,33.99543,-119.6351,0.561177326010119
9091,1003,33.553,-117.662,-1.2786083315811838
9092,1003,32.784,-117.13805,-0.0967842531911943
9095,1003,34.43692,-119.1375,-0.7186184163839868
9096,1003,35.8996,-116.27515,-0.0673945597762445
9097,1003,35.89095,-117.28332,0.6604863773603156
9098,1003,33.834,-116.797,0.2946520872873713
9100,1003,34.01438,-118.45617,-0.1797760573037447
9101,1003,34.27091,-118.74407,-0.4904591433925094
9102,1003,34.05933,-118.64614,-0.3568596533600848
9104,1003,33.829,-117.789,-0.5837200747797903
9105,1003,34.30302,-119.18676,1.064016923364375
9106,1003,34.106,-117.098,0.2126253704785851
9107,1003,32.94508,-115.79988,0.6917109287517447
9109,1003,34.38203,-117.67822,0.0287246425907115
9111,1003,33.63495,-116.16402,1.2395810269244418
9112,1003,34.15607,-118.82039,-1.1730321427718025
9114,1003,34.01919,-118.28631,-0.5569623235659549
9115,1003,34.48364,-118.11783,0.3025386294077016
9117,1003,34.56065,-117.3296,1.0827174619654134
9118,1003,35.53664,-118.14035,0.6685803204256696
9119,1003,32.75904,-115.73161,0.4028289865864419
9120,1003,34.51085,-119.27407,-1.315695778035619
9121,1003,34.00948,-117.95077,0.5796858704986145
9122,1003,34.1717,-118.64971,1.871608555045693
9146,1006,34.397,-118.918,0.384191228732308
9147,1006,34.55046,-117.43391,0.9137840085645323
9148,1006,33.63838,-116.4011,0.622885088097514
9149,1006,34.68708,-118.29946,-1.3322915592319715
9150,1006,35.1269,-118.83009,-1.401896501737065
9151,1006,35.34444,-119.10445,-0.1716332424451499
9153,1006,34.2623,-116.92075,1.2486972227867847
9155,1006,33.57508,-117.26119,0.247584766189743
9158,1006,34.23883,-117.65853,-0.8881548394763594
9160,1006,34.069,-116.39,0.7777866152999574
9162,1006,33.80776,-117.98116,-0.5086701956054169
9163,1006,34.68224,-118.57398,0.1082041713970886
9164,1006,33.38822,-117.19495,0.0549779937077203
9165,1006,35.52495,-117.36453,-0.8880159137791529
9166,1006,36.5504,-117.80295,1.9655757196766224
9168,1006,33.999,-117.68,0.0855226592481614
9169,1006,33.4019,-118.41502,-1.258428922496592
9174,1006,36.43988,-118.08016,3.161449478524195
9176,1006,34.25353,-118.33383,-0.5026212311520221
9177,1006,33.93597,-116.57794,0.9827081383045146
9178,1006,33.65,-117.009,0.0366459739896182
9179,1006,34.10618,-118.45505,-1.3780294655713743
9180,1006,33.84822,-118.09624,0.1290139326429527
9181,1006,33.567,-116.631,1.238089725427538
9189,1006,34.72832,-119.98803,-1.6387023839561674
9190,1006,33.71264,-118.29381,-0.93152483540231
9191,1006,36.46719,-116.86322,0.7102819461593157
9193,1006,33.1537,-117.22921,-0.1747403927695697
9194,1006,36.99608,-117.36621,1.539851318590898
9195,1006,34.13677,-118.1283,-0.1834715085093846
9196,1006,35.30177,-116.80574,-0.3674721363137903
9197,1006,34.8294,-116.335,0.8035041077226649
9198,1006,34.17643,-118.35967,-1.3170188819068462
9201,1006,35.66278,-118.47403,1.4219545217786858
9203,1006,35.98249,-117.80885,2.69294521894196
9205,1006,34.36622,-116.61266,1.3892639437460437
9206,1006,33.86889,-118.33143,-0.8275933657366273
9207,1006,34.00033,-118.37794,-0.4359426876397408
9208,1006,34.73551,-120.27996,0.1105744835828585
9210,1006,34.9906,-118.34156,0.2075668683514479
9211,1006,34.61462,-118.29104,-0.4271634588525372
9212,1006,34.30529,-118.48805,-0.4723478695520762
9213,1006,33.9753,-118.14918,-0.4093979621678204
9214,1006,34.10819,-119.06587,0.1387369789066625
9215,1006,34.80762,-118.86775,-0.4369396094465439
9216,1006,34.61594,-117.82493,0.4600955057645596
9217,1006,33.684,-117.943,-0.484409416320508
9218,1006,34.93439,-117.69629,-0.4590868597002652
9219,1006,35.47954,-117.68212,0.861566599596256
9220,1006,33.881,-118.176,0.0919271525048687
9221,1006,34.3656,-117.36683,0.0700027781524691
9222,1006,35.36165,-118.92282,-1.963414317072069
9224,1006,33.818,-116.369,1.2916080966992904
9226,1006,37.63019,-118.83605,4.46257632797774
9227,1006,34.005,-117.562,0.0043487300814041
9228,1006,34.28085,-118.9049,0.3590170822923218
9229,1006,36.05799,-117.48901,-0.8022755451407195
9230,1006,34.88848,-119.81362,-0.463198882037514
9231,1006,33.808,-116.968,0.3976016224932486
9233,1006,34.22362,-118.05832,0.1133235428114704
9234,1006,34.78035,-116.55798,0.663276573152387
9236,1006,34.53412,-120.17737,-0.8037593850132702
9238,1006,33.94539,-117.92372,-0.9268186275524096
9240,1006,34.6145,-118.7235,-1.5161587924132944
9241,1006,34.1484,-118.1711,-1.580662394575198
9242,1006,34.44199,-118.58215,-1.2067744727095682
9244,1006,33.96273,-118.43702,-0.7262270461724669
9245,1006,34.1207,-117.63808,-1.0495484176922787
9246,1006,33.862,-117.205,-0.4094006904215195
9248,1006,35.40773,-120.54556,0.4284610829481699
9249,1006,35.945,-120.542,-0.9201310282997884
9250,1006,33.82436,-116.51195,0.98505661715502
9251,1006,33.354,-116.863,-0.355636246280497
9252,1006,33.7953,-117.60906,-0.3390869387973772
9254,1006,34.39558,-118.49837,-1.64104916816672
9255,1006,36.30523,-119.24384,2.553053740228989
9256,1006,33.63,-116.8478,0.4526805255809994
9257,1006,34.10473,-117.97956,-0.8967923279908011
9258,1006,33.74346,-118.40412,-0.2052674156759872
9259,1006,34.87533,-116.99684,0.7252865470410729
9260,1006,33.97327,-117.32674,-0.1087028057126668
9261,1006,34.05073,-118.08085,-0.6784579231112119
9262,1006,33.99351,-117.37545,-0.8379580094503692
9265,1006,36.76403,-121.44722,-0.2809024503761409
9266,1006,34.44076,-119.71492,-0.7776570358071974
9268,1006,34.232,-117.235,0.2880525633380914
9269,1006,33.99543,-119.6351,-0.7039472961368085
9270,1006,33.553,-117.662,-0.6439516522357579
9271,1006,34.56547,-120.50137,-0.5289341433926781
9273,1006,34.43692,-119.1375,-1.633306544151841
9274,1006,35.8996,-116.27515,1.2884731002393752
9275,1006,35.89095,-117.28332,-0.2071911768661812
9276,1006,33.834,-116.797,0.7872319986754189
9277,1006,35.3142,-119.99581,-1.5908295839178153
9278,1006,34.01438,-118.45617,-0.856162429868349
9279,1006,34.27091,-118.74407,-0.6719990412970532
9280,1006,33.24787,-119.52437,-1.1593823750144276
9281,1006,34.05933,-118.64614,-1.0691215637835
9282,1006,36.1355,-118.81099,1.509605239912922
9283,1006,33.829,-117.789,-0.9507427132207644
9284,1006,34.30302,-119.18676,-0.2255465920637319
9285,1006,33.664,-117.769,-0.7589281466788442
9286,1006,33.79033,-118.19878,-0.1954689592677831
9287,1006,34.106,-117.098,1.088802934173564
9288,1006,34.52775,-119.97834,0.1138567699376499
9289,1006,34.38203,-117.67822,-0.0269877860532124
9291,1006,35.14592,-119.41946,-1.500843130535979
9292,1006,33.63495,-116.16402,1.4780407347736906
9293,1006,37.05422,-118.23009,3.407182351737533
9294,1006,34.15607,-118.82039,-0.8579657351939673
9296,1006,34.01919,-118.28631,-1.3602399273666
9297,1006,34.48364,-118.11783,-0.3553142087527424
9298,1006,35.84089,-119.08469,1.3096038894607902
9299,1006,34.56065,-117.3296,1.414510553358757
9300,1006,35.53664,-118.14035,0.7245876799541544
9304,1006,34.51085,-119.27407,-1.3286160383928225
9305,1006,34.00948,-117.95077,1.1105729379086584
9306,1006,33.94869,-118.25547,0.7671706836456441
9307,1007,34.224,-117.331,-2.2398843730924147
9308,1007,34.037,-118.178,2.5576226847475776
9309,1007,34.07,-118.346,0.7430067475498993
9310,1007,34.084,-118.6,-0.094474099416375
9311,1007,34.1949,-118.354,1.0901149061404596
9312,1007,34.155,-118.641,-0.30744194434614
9313,1007,34.55046,-117.43391,-0.2142367261017781
9314,1007,34.14647,-118.76699,-0.2860009916227565
9315,1007,34.68708,-118.29946,-0.4656856883527394
9316,1007,35.1269,-118.83009,-1.2079806533316215
9317,1007,32.68005,-116.67215,0.4285714441797157
9318,1007,34.2623,-116.92075,-0.932530718485194
9319,1007,33.921,-116.981,0.1799213587140256
9321,1007,33.57508,-117.26119,0.8665635747576366
9323,1007,34.23883,-117.65853,-0.512920370969109
9324,1007,34.069,-116.39,-1.1192833206871022
9326,1007,33.268,-116.417,-0.0184696232765873
9327,1007,33.80776,-117.98116,0.3450945876524528
9328,1007,34.68224,-118.57398,0.650335704174843
9329,1007,34.13678,-118.12199,-0.1502294025283271
9330,1007,33.38822,-117.19495,0.5645109231706902
9331,1007,34.10521,-117.28264,1.266412424209313
9333,1007,33.999,-117.68,0.1417196584503645
9334,1007,33.4019,-118.41502,0.479491847314948
9335,1007,34.093,-117.317,0.312286321615492
9336,1007,33.876,-117.561,1.0856077775372366
9337,1007,33.655,-115.99,-0.2768261645107919
9338,1007,34.25353,-118.33383,0.4168935213411343
9339,1007,33.65,-117.009,-0.2394839016909017
9340,1007,34.10618,-118.45505,-0.887628604141121
9341,1007,33.84822,-118.09624,1.2607947776497748
9342,1007,33.567,-116.631,0.35704820682395
9343,1007,32.999,-116.942,-0.0752009174884268
9345,1007,32.65915,-116.10061,-0.9116186238891932
9348,1007,33.71264,-118.29381,-2.091044768023861
9349,1007,34.1,-117.439,0.4413761634533342
9350,1007,33.8717,-117.92251,0.0003119300215662
9351,1007,33.1537,-117.22921,0.1449705844794738
9352,1007,34.13677,-118.1283,0.5049307469852182
9353,1007,35.30177,-116.80574,-1.5345261492620212
9354,1007,34.8294,-116.335,-0.7307748759937497
9355,1007,34.17643,-118.35967,-0.103472418483845
9356,1007,34.121,-117.219,-1.1883911301428591
9358,1007,35.66278,-118.47403,-2.0100375062516784
9359,1007,34.31076,-118.49675,0.8078922228462913
9360,1007,33.0859,-116.5959,0.2899309353976687
9361,1007,35.98249,-117.80885,-0.7460366055238591
9362,1007,34.36622,-116.61266,-0.1365888272084042
9363,1007,34.15037,-118.10156,-0.2142995159215672
9364,1007,33.7141,-116.7119,0.5624736864833598
9365,1007,34.9906,-118.34156,0.4271060304511432
9366,1007,34.61462,-118.29104,0.1064243543570021
9367,1007,33.9753,-118.14918,0.5557933542573185
9368,1007,34.10819,-119.06587,-0.6940852574254858
9369,1007,33.684,-117.943,1.3409701938791942
9370,1007,34.93439,-117.69629,-0.1565676446043101
9371,1007,35.47954,-117.68212,-0.015404485064611
9372,1007,33.881,-118.176,2.2854761517318813
9373,1007,34.3656,-117.36683,-2.079247307654449
9374,1007,33.3516,-116.5615,-0.4960789163978996
9376,1007,34.005,-117.562,0.974258301747378
9377,1007,36.05799,-117.48901,-2.2063244964609257
9378,1007,33.808,-116.968,-0.1666454591242581
9379,1007,34.22362,-118.05832,1.0554895943600977
9380,1007,33.788,-117.844,0.921941968691938
9381,1007,33.94539,-117.92372,0.5724069033664475
9382,1007,32.608,-116.93,0.7205760103897505
9383,1007,34.6145,-118.7235,-1.4548968785508605
9384,1007,34.1484,-118.1711,-0.817565353049869
9385,1007,33.96273,-118.43702,0.4950298014449673
9386,1007,34.1207,-117.63808,0.4617894049656362
9387,1007,33.862,-117.205,-0.1275508734395664
9389,1007,33.354,-116.863,-0.4101628661856537
9390,1007,33.7953,-117.60906,0.0527887421578725
9391,1007,34.39558,-118.49837,-1.6697775468413636
9392,1007,33.63,-116.8478,0.8573909394347947
9393,1007,34.281,-118.478,1.6877019999690692
9394,1007,34.10473,-117.97956,-0.2527566456177625
9395,1007,33.74346,-118.40412,0.828961843610979
9396,1007,34.87533,-116.99684,-1.1564160267419157
9397,1007,33.973,-117.327,1.5292896593963237
9398,1007,34.05073,-118.08085,1.9158052368550151
9399,1007,33.99351,-117.37545,0.0754445850681856
9400,1007,33.2801,-115.98585,0.2944653891385145
9401,1007,33.70432,-117.88578,-0.2201938291782253
9403,1007,34.232,-117.235,-0.9937036814766632
9404,1007,33.99543,-119.6351,0.4694995553399592
9405,1007,33.553,-117.662,-1.6089407262493756
9406,1007,32.784,-117.13805,-0.6543101860009819
9408,1007,35.89095,-117.28332,-0.135723871015339
9409,1007,33.834,-116.797,0.4105540904374052
9410,1007,34.01438,-118.45617,0.5676386666615743
9411,1007,32.841,-117.248,-1.205552873376874
9412,1007,34.05933,-118.64614,-0.8074653336240639
9413,1007,33.829,-117.789,0.0245835493944714
9414,1007,34.30302,-119.18676,0.6045032333340589
9415,1007,32.94508,-115.79988,-0.1997861939952279
9416,1007,34.38203,-117.67822,-0.7312166106225365
9418,1007,33.63495,-116.16402,0.1583736184292258
9419,1007,34.15607,-118.82039,-0.8783128157157509
9421,1007,34.01919,-118.28631,0.1822004202336811
9422,1007,34.48364,-118.11783,0.4679442757109481
9423,1007,34.56065,-117.3296,0.2013169837736284
9424,1007,35.53664,-118.14035,-1.0146918789719486
9425,1007,34.00948,-117.95077,1.8970385363144413
9426,1007,34.1717,-118.64971,1.9745355493694632
9427,1007,33.94869,-118.25547,1.928246632776352
9428,1008,37.95397,-121.86554,-0.4100633809933522
9429,1008,37.87622,-122.23558,0.5921811328818236
9430,1008,37.91881,-122.15176,-0.4870356436334501
9431,1008,37.87352,-122.26099,-0.039891253179718
9432,1008,37.73786,-122.06486,0.8029938698352648
9433,1008,38.03455,-120.38651,0.6306455385132024
9434,1008,37.81041,-121.80272,0.9910492827037763
9435,1008,38.02691,-122.01599,0.536122498156362
9436,1008,38.34526,-122.4584,-1.127830770876184
9438,1008,37.6444,-118.89683,0.0679664438530666
9439,1008,37.34164,-121.64257,-0.1803336861712673
9440,1008,38.87874,-122.44277,-1.9152269594414364
9441,1008,39.55451,-121.50036,-0.4903273452885137
9442,1008,40.57988,-122.54113,-1.5399997447220717
9443,1008,39.3281,-120.117,-0.4439497955490762
9444,1008,39.51627,-119.79895,-1.6865683667463636
9445,1008,39.185,-119.79,-2.164846262554681
9446,1008,39.466,-119.773,-0.7545611949022138
9447,1008,39.586,-120.368,1.541755195425394
9448,1008,39.368,-120.115,0.6110312773479321
20777,1008,38.99349,-123.07234,-3.0345588563130463
20779,1008,37.008,-121.287,0.8919296957449149
20783,1008,37.25898,-121.67311,-0.8901421334544065
20784,1008,37.9889,-122.2156,0.7320134640831085
20785,1008,37.94906,-122.40851,-0.5263946261203877
20786,1008,37.72416,-122.11929,0.9762046443465858
20787,1008,37.80787,-122.3618,1.3377825866467443
20788,1008,37.67433,-122.39855,0.8787704872638616
20789,1008,37.16067,-121.89899,1.182107818023851
20790,1008,37.92144,-122.71806,0.3485771076294118
20791,1008,38.04962,-122.52331,0.6072096878802198
20792,1008,38.12282,-122.14921,1.477168021814973
20793,1008,38.20025,-122.4644,0.4640989760223554
20794,1008,38.233,-122.636,-0.0295783830282349
20795,1008,37.76021,-122.41524,0.9697181426622792
20796,1008,37.762,-122.505,1.0943967609476366
20797,1008,37.54187,-122.30471,1.4785130962699058
20798,1008,37.68,-121.739,-0.2989960219768952
20799,1008,37.39415,-122.06041,-0.3991746549711359
20800,1008,37.71737,-121.72701,-0.1966367210594202
20801,1008,37.67928,-122.48405,2.0411034704193405
20802,1008,37.91056,-122.53778,-0.018873734729827
20803,1008,38.03445,-122.27016,-0.2257099064937295
20804,1008,37.8251,-122.27606,0.7920697528351516
20805,1008,37.7986,-122.2684,0.7180358000929273
20806,1008,37.72416,-122.44841,0.0968974645258762
20807,1008,37.41395,-121.87085,-0.602656977365381
20808,1008,37.6806,-121.92098,0.0815143887055255
20809,1008,37.86059,-122.29327,1.1846307110259784
20810,1008,37.85835,-122.25252,0.7743554739469314
20811,1008,38.29027,-122.46125,-0.0862559775872445
20812,1008,37.38332,-121.91088,-0.9398711503233452
20813,1008,37.68873,-121.78351,-0.9950936179941354
20814,1008,37.72688,-122.15092,-0.3285365497894958
20815,1008,37.8852,-122.03217,-0.8385557920356038
20816,1008,37.94215,-121.93047,0.2831810974319354
20817,1008,38.01299,-122.13416,1.735232944786467
20818,1008,37.16346,-121.62645,-1.1121302669426143
20819,1008,37.85727,-122.42266,1.4784100278019157
20820,1008,37.45035,-121.80037,-0.7955343288837013
20821,1008,37.74766,-121.70843,0.6979036827610079
20822,1008,37.7294,-121.83346,0.2766575291976462
20823,1008,37.37289,-121.76887,-0.869889421847951
20824,1008,37.85884,-121.99264,-0.0135374356869814
20825,1008,37.91233,-121.90716,0.3794605503164444
20826,1008,38.76927,-123.01486,-2.512298373027766
20827,1008,37.34305,-122.33976,1.179758066363414
20828,1008,37.31861,-122.15314,-0.260456313040199
20829,1008,37.17217,-122.01121,0.5393180991278603
20830,1008,37.04922,-121.80722,-0.811474048333367
20831,1008,37.36045,-122.18986,0.0443899450824596
20832,1008,37.51604,-122.45815,1.110832736971899
20833,1008,37.21427,-122.17168,0.9655048957717712
20834,1008,37.20631,-121.97726,0.2197657701130191
20835,1008,37.15432,-121.73467,-0.3497814867950326
20836,1008,37.63719,-122.47482,0.0225045159398227
20837,1008,37.2708,-122.21276,1.3157070493679994
20839,1008,37.58225,-122.42006,1.2963744418782055
20840,1008,37.40372,-122.17596,0.4839211110219298
20841,1008,37.28397,-122.05017,-0.2211139460875597
20842,1008,37.58644,-122.50217,1.401127964981996
20853,1008,37.65909,-118.97907,0.0217520617185819
20854,1008,38.43951,-122.25272,-0.7440617444246895
20855,1008,38.26021,-122.55179,-0.2116437974994348
20856,1008,38.30988,-122.943,-0.9092808457892853
20857,1008,38.33656,-122.81082,0.083255400432133
20858,1008,38.46769,-122.89651,-2.0072415276991484
20859,1008,38.28043,-122.21582,-1.1573298010765851
20860,1008,38.15486,-121.80438,1.019557255624604
20861,1008,38.16488,-122.71296,-0.8831575060825926
20862,1008,38.6694,-122.6332,-1.226591918033956
20863,1008,38.07601,-122.2585,0.8178655873831171
20864,1008,38.04248,-122.79684,1.4100220366595402
20865,1008,37.99642,-123.01949,-0.7980755045301077
20866,1008,38.14361,-122.44969,-0.8743279732510422
20867,1008,38.24039,-122.79842,-1.6884968366889044
20868,1008,38.38921,-122.66297,-0.803962419816689
9476,1011,33.787,-118.356,-0.6811800333631707
9477,1011,34.077,-118.286,-1.2807325759584045
9478,1011,33.943,-118.411,-1.1458813659187956
9479,1011,34.07618,-118.3959,-1.5264145900172374
9480,1011,33.4019,-118.41502,-0.7353530728305009
9481,1011,32.8889,-117.1051,2.1685804129115915
9482,1011,33.876,-117.561,0.7274405986006599
9483,1011,34.10618,-118.45505,-1.4154892709516298
9484,1011,33.84822,-118.09624,2.486283159529972
9485,1011,32.999,-116.942,2.9545783806497723
9487,1011,33.71264,-118.29381,-1.964471369493771
9488,1011,33.1537,-117.22921,2.4404984369575144
9489,1011,33.0262,-116.9596,-4.103652037718346
9490,1011,33.081,-116.598,2.775493952591477
9491,1011,33.597,-117.879,-0.1412432860181021
9492,1011,33.86889,-118.33143,0.2993159911423039
9493,1011,34.00033,-118.37794,-2.259054852925826
9494,1011,33.9753,-118.14918,-0.5726163700907112
9495,1011,34.93439,-117.69629,-1.1203894550301814
9496,1011,33.881,-118.176,0.5937922478217165
9497,1011,34.005,-117.562,1.175225216856789
9498,1011,33.6,-117.195,1.972552519559439
9499,1011,33.96273,-118.43702,-1.8814073668705027
9500,1011,33.63,-116.8478,1.5068329992157263
9501,1011,33.74346,-118.40412,-1.1788672950250028
9502,1011,33.99351,-117.37545,1.9006626483851792
9503,1011,33.70432,-117.88578,0.1658969105532958
9504,1011,33.79033,-118.19878,1.3092462571840164
9505,1011,33.94869,-118.25547,-0.9884782945082548
9506,1011,33.482,-116.911,-0.1724729500414316
9507,1011,33.787,-116.959,2.151882125969152
9508,1011,33.744,-116.931,2.4388318608733583
9509,1011,33.84,-117.957,0.0088116839536382
9510,1011,33.768,-117.85,-1.013025731665252
9511,1011,33.485,-117.669,1.200006814247334
9512,1011,33.968,-117.252,1.5637741984541298
9513,1011,33.699,-117.267,2.475605375072543
9514,1011,33.604,-117.279,2.02157506857539
9515,1011,33.884,-117.514,1.192139550434104
9516,1011,33.951,-117.446,1.0801863783478596
9517,1011,33.634,-117.902,1.519967982318445
9518,1011,33.496,-117.149,1.339923728015508
9519,1011,33.989,-117.89,-1.7176849678967512
9520,1011,33.662,-117.997,1.8236322032618004
9521,1011,33.933,-117.896,-0.4768905419494673
9522,1011,33.604,-117.906,1.3278896976959316
9523,1011,33.605,-117.89,1.7695091513217769
9524,1011,33.889,-117.886,-0.8953965826172189
9525,1011,33.866,-117.958,-0.5872263999913944
9526,1011,33.91,-117.93,-1.168847703270311
9527,1011,33.932,-117.955,-0.8412206738648297
9528,1011,33.853,-117.857,-0.949655023915154
9529,1011,33.766,-117.918,0.1742363539443581
9530,1011,33.757,-117.956,-0.0069381432512739
9531,1011,33.791,-117.968,0.5939167005455014
9532,1011,33.676,-117.963,1.933318506639892
9533,1011,33.748,-117.844,-0.6421006604101206
9534,1011,33.742,-117.894,0.1371939872779725
9535,1011,33.7,-117.88,0.445078060208417
9536,1011,33.785,-117.89,-0.7293511860307175
9537,1011,33.789,-117.922,0.2871163871704863
9538,1011,33.951,-117.388,1.5542391383117025
9539,1011,33.979,-117.344,0.9679764475282236
9540,1011,33.895,-117.32,1.899222376900014
9541,1011,33.904,-117.561,0.8481011096181812
9542,1011,33.975,-117.486,1.4081047304429242
9543,1011,33.902,-117.234,1.5118561147671403
9544,1011,33.649,-117.205,1.9948592991471248
9545,1011,33.802,-118.215,2.2054275342829524
9546,1011,33.785,-118.173,1.803025092890824
9547,1011,33.747,-118.26,0.9241276496288487
9548,1011,33.759,-118.131,2.040614082770114
9549,1011,33.727,-118.001,1.0252162750682905
9550,1011,33.723,-118.026,0.3282912736403025
9551,1011,33.99,-118.312,0.7301866902758051
9552,1011,33.889,-118.047,0.651122643288342
9553,1011,33.929,-118.058,-0.827214180933814
9554,1011,33.962,-118.065,-2.3598632906235952
9555,1011,33.993,-118.396,-1.011982053990141
9556,1011,33.797,-118.338,0.87146148953253
9557,1011,33.991,-118.121,-1.3350014569081916
9558,1011,33.976,-118.354,0.4766848865121094
9559,1011,33.834,-118.356,-0.3753219846919959
9560,1011,33.898,-118.209,1.4411562623603384
9561,1011,33.876,-118.24,0.9767367958564396
9562,1011,33.999,-118.178,-0.0478432444578546
9563,1011,33.819,-118.159,2.653712556246541
9564,1011,33.722,-118.309,-1.0253343089249836
9565,1011,33.931,-118.214,-0.4192617019487322
9566,1011,33.948,-118.184,0.7136439394021964
9567,1011,33.888,-118.409,-0.723817209034804
9568,1011,33.924,-118.167,0.9120361385761836
9569,1011,33.837,-118.072,2.2059912557971524
9570,1011,33.929,-118.26,0.4628678356480749
9571,1011,33.746,-118.396,-1.5138781626937607
9572,1011,33.952,-118.335,-1.293806150676315
9573,1011,33.768,-118.196,1.2078240872942394
9574,1011,33.962,-118.378,-1.921088911616204
9575,1011,33.92,-118.24,0.1142745152807399
9576,1011,33.993,-118.342,0.0302472792073353
9577,1011,33.968,-118.29,-1.340667776393764
9578,1011,33.945,-118.38,-1.779475194112857
9579,1011,33.868,-118.289,1.2001693282231831
9580,1011,33.976,-118.208,-0.0937515041574566
9581,1011,33.92,-118.126,-0.0826667044218089
9582,1011,33.883,-118.117,1.5816772220124564
9583,1011,33.846,-118.107,2.001828113919178
9584,1011,33.781,-118.261,1.208060370960925
9585,1011,33.946,-118.0,-0.5871197436782534
9586,1011,33.969,-118.149,0.321726948943643
9587,1011,33.79,-118.296,0.0700281233919026
9588,1011,33.811,-118.276,1.2265439248595962
9589,1011,33.827,-118.216,2.352807676491102
9590,1011,33.806,-118.163,1.6550200972839133
9591,1011,33.818,-118.108,1.7540825245465783
9592,1011,33.798,-118.137,1.1305989108564627
9593,1011,33.763,-118.168,2.308472750798773
9594,1011,33.873,-118.175,1.131464329804713
9595,1011,33.834,-118.161,2.280253891944553
9596,1011,33.991,-118.459,-3.0490552838483485
9597,1011,34.033,-117.312,1.7322139536085177
9598,1011,34.125,-117.454,0.3307633287694101
9599,1011,34.123,-117.54,1.923807911407713
9600,1011,34.065,-117.292,1.911421914964814
9601,1011,34.021,-117.866,-1.119453983328591
9602,1011,34.148,-118.371,-3.946812328315445
9603,1011,34.194,-118.589,-2.2871031280972702
9604,1011,34.045,-118.522,-2.343367011183936
9605,1011,34.025,-118.231,-1.113599456282604
9606,1011,34.004,-118.287,-1.7140911765754991
9607,1011,34.031,-118.208,-1.3604734079037986
9608,1011,34.029,-118.483,-1.472534595013638
9609,1011,34.009,-118.361,-2.1182135292882824
9610,1011,34.055,-118.251,-2.0423720096144784
9611,1011,34.059,-118.246,-2.3528329700126145
9612,1011,34.043,-118.271,-2.954056808370055
9613,1011,34.154,-118.463,-0.6721663063585812
9614,1011,34.219,-118.627,-1.1052602074696
9615,1011,34.222,-118.57,-1.2696450025864696
9616,1011,34.103,-118.316,-2.1505443282699725
9617,1011,34.084,-118.307,-3.026621646453942
9618,1011,34.041,-118.348,-1.8365179422606683
9619,1011,34.06,-118.448,-1.6999939138055609
9620,1011,34.037,-118.263,-3.2051001429531496
9621,1011,34.058,-118.252,-3.315354506601628
9622,1011,34.002,-118.077,-1.5330914976593946
9623,1011,34.032,-118.019,-1.433822057486259
9624,1011,34.07,-118.346,-1.7110408327658748
9625,1011,34.024,-118.284,-2.4714360611657264
9626,1011,34.03,-118.434,-1.7366530245614518
9627,1011,34.018,-118.147,-0.8905656006435476
9628,1011,34.041,-118.248,-1.0193935901004147
9629,1011,34.044,-118.443,-1.0710808677895691
9630,1011,34.021,-118.325,0.8494240301863806
9631,1011,34.013,-118.257,-1.800164461748872
9632,1011,34.193,-117.427,0.7231370858441815
9633,1011,34.00469,-117.22393,1.1632311803307258
9634,1011,33.51237,-116.80035,1.4489753559851226
9635,1011,33.896,-118.377,-0.3721485317622119
9636,1011,34.165,-117.288,0.7918790510517024
9637,1011,34.047,-117.277,0.8815995010224598
9639,1011,34.103,-117.349,-0.2338715495559212
9640,1011,34.14492,-117.21876,0.4182243173862456
9642,1011,34.058,-117.305,0.8012377363124468
9643,1011,34.205,-117.365,0.9679688773540804
9645,1011,33.83066,-118.32888,-0.1192223999302573
9647,1011,34.193,-118.51,-1.5914430571481408
9649,1011,34.24734,-118.60349,-0.7157347516701027
9650,1011,33.90386,-118.24532,0.5954971507037786
9651,1012,34.07,-118.346,-0.3388877733713074
9652,1012,34.155,-118.641,-1.745923965268402
9653,1012,35.06131,-119.02794,0.3787861985357434
9654,1012,34.55046,-117.43391,0.9064220295230836
9655,1012,34.14647,-118.76699,-1.0973709282219803
9656,1012,34.68708,-118.29946,-0.0487523493121262
9657,1012,35.1269,-118.83009,0.1520321656960676
9658,1012,35.34444,-119.10445,-1.826338114175824
9660,1012,34.2623,-116.92075,0.9118211357186884
9661,1012,33.921,-116.981,1.5324038051548103
9665,1012,34.23883,-117.65853,-0.3915086021919865
9667,1012,34.069,-116.39,0.4834680201036422
9670,1012,33.80776,-117.98116,0.3483095962023434
9672,1012,34.68224,-118.57398,1.0082106316843664
9673,1012,33.4915,-116.667,-2.3193737082082904
9674,1012,34.13678,-118.12199,-0.1773110975140912
9675,1012,33.38822,-117.19495,0.4257092867155647
9676,1012,35.52495,-117.36453,-1.016651000740823
9677,1012,36.5504,-117.80295,0.4397644609252946
9679,1012,33.999,-117.68,1.0188217145990444
9680,1012,33.4019,-118.41502,-0.3598395712434749
9682,1012,34.093,-117.317,1.8096623564427765
9686,1012,36.43988,-118.08016,1.539321898499772
9688,1012,34.25353,-118.33383,-1.0525614669366072
9689,1012,33.93597,-116.57794,3.040818875936022
9690,1012,33.65,-117.009,1.4829362419989192
9691,1012,34.10618,-118.45505,-0.7269132966254196
9692,1012,33.84822,-118.09624,0.7109629252822853
9693,1012,33.567,-116.631,2.7212651382649864
9694,1012,32.999,-116.942,-0.1122696587143934
9701,1012,34.72832,-119.98803,-2.552644663734564
9702,1012,33.71264,-118.29381,-0.4133167280656558
9703,1012,36.46719,-116.86322,-0.0008388301961293
9705,1012,33.1537,-117.22921,-0.7359541613334512
9706,1012,36.99608,-117.36621,0.0395319759937358
9707,1012,34.13677,-118.1283,0.4626680191502482
9708,1012,35.30177,-116.80574,-0.0673670644270689
9709,1012,34.8294,-116.335,1.320556892036116
9712,1012,35.66278,-118.47403,-0.5970264879499565
9713,1012,34.31076,-118.49675,-0.5505216283255178
9716,1012,35.98249,-117.80885,0.3261280143560688
9718,1012,34.36622,-116.61266,1.1372806196662564
9719,1012,34.15037,-118.10156,0.2719653115187172
9720,1012,33.86889,-118.33143,0.7046346290860289
9721,1012,34.00033,-118.37794,-0.5772721661288016
9722,1012,34.73551,-120.27996,-0.7435061685733727
9724,1012,34.9906,-118.34156,0.1605179261892609
9725,1012,34.61462,-118.29104,1.4161479597850537
9726,1012,34.30529,-118.48805,-0.2847144079875919
9727,1012,33.9753,-118.14918,0.1674808500308422
9728,1012,34.10819,-119.06587,-0.4755194951142107
9729,1012,34.80762,-118.86775,-0.8939478545540984
9730,1012,33.684,-117.943,0.5083392343822114
9731,1012,35.47954,-117.68212,-0.3297729095458275
9732,1012,33.881,-118.176,1.8043624670550424
9733,1012,34.3656,-117.36683,-0.0817400970787739
9734,1012,33.3516,-116.5615,1.399859155861589
9735,1012,35.36165,-118.92282,-2.505529450275683
9737,1012,33.818,-116.369,1.6506419174680478
9739,1012,34.13688,-118.12601,2.409835949342108
9740,1012,37.63019,-118.83605,2.755604711479045
9741,1012,34.005,-117.562,0.5766636299633389
9742,1012,34.28085,-118.9049,-0.7974022847828345
9743,1012,36.05799,-117.48901,-1.3471453139232812
9744,1012,34.88848,-119.81362,-1.6417171061168192
9745,1012,33.808,-116.968,2.162716600821052
9747,1012,34.22362,-118.05832,0.4101600015057405
9748,1012,34.78035,-116.55798,0.8548074152618337
9749,1012,34.53412,-120.17737,-1.3900609713136378
9750,1012,34.22869,-118.55829,-0.2513360479291275
9751,1012,33.788,-117.844,0.2808705746367747
9752,1012,33.94539,-117.92372,0.0202802020554321
9754,1012,34.6145,-118.7235,-1.2427905385824032
9755,1012,34.1484,-118.1711,-1.229080105844114
9756,1012,34.44199,-118.58215,-0.6973901899507424
9758,1012,33.96273,-118.43702,-0.8656175274636803
9759,1012,34.1207,-117.63808,0.4166411282834463
9760,1012,33.862,-117.205,0.3261367025324425
9762,1012,35.40773,-120.54556,0.1432509769671495
9763,1012,35.945,-120.542,-2.0350916460719013
9764,1012,33.354,-116.863,0.8196882261605737
9765,1012,33.7953,-117.60906,0.7151752383758563
9766,1012,33.824,-116.55,0.1532143822057477
9767,1012,34.39558,-118.49837,-2.048002829032736
9768,1012,36.30523,-119.24384,0.0932662362304001
9769,1012,33.63,-116.8478,1.4007987583918369
9770,1012,34.281,-118.478,-0.3281098388196303
9771,1012,34.10473,-117.97956,0.0621544304687503
9772,1012,33.74346,-118.40412,0.8497232010073303
9773,1012,34.87533,-116.99684,-0.0244430617311396
9774,1012,33.97327,-117.32674,1.4529507672443898
9775,1012,34.05073,-118.08085,0.3021451872862757
9776,1012,33.99351,-117.37545,-0.0005194617404098
9779,1012,36.76403,-121.44722,-1.7842752527765993
9781,1012,34.44076,-119.71492,-1.3705713100461057
9783,1012,34.232,-117.235,0.2824738203397313
9784,1012,32.915,-118.4879,0.083961986700456
9785,1012,33.99543,-119.6351,-0.7826744168606713
9786,1012,33.553,-117.662,0.1859343461278692
9788,1012,34.56547,-120.50137,-1.2389555943110249
9790,1012,34.43692,-119.1375,-1.6354817628679688
9791,1012,35.8996,-116.27515,0.7484438288931936
9792,1012,34.293,-119.1646,-1.5047769899489944
9793,1012,35.89095,-117.28332,-0.3200377195355252
9794,1012,33.834,-116.797,1.112389602641828
9795,1012,35.3142,-119.99581,-1.86989876637624
9796,1012,34.27091,-118.74407,-1.01872281780434
9797,1012,34.05933,-118.64614,-0.1902222509606359
9798,1012,36.1355,-118.81099,0.4217985248131768
9799,1012,33.829,-117.789,0.272536033020555
9800,1012,34.30302,-119.18676,-0.3717225895495597
9801,1012,33.664,-117.769,0.0191738590320143
9802,1012,34.106,-117.098,0.9808220202652852
9804,1012,34.52775,-119.97834,-1.958905865919481
9805,1012,34.38203,-117.67822,0.603613523122799
9807,1012,35.14592,-119.41946,-1.216460954725945
9808,1012,37.05422,-118.23009,1.5144606374486682
9809,1012,34.15607,-118.82039,-1.648799177669088
9811,1012,34.01919,-118.28631,-0.9402879638645764
9812,1012,34.48364,-118.11783,0.4507545950249421
9813,1012,35.84089,-119.08469,-1.2386601010703937
9814,1012,34.56065,-117.3296,0.9083369842736302
9815,1012,35.53664,-118.14035,0.1632262624430562
9819,1012,34.51085,-119.27407,-1.0296734597430686
9820,1012,34.00948,-117.95077,1.32898019271734
9821,1012,34.1717,-118.64971,0.2875542861590184
9822,1013,35.1269,-118.83009,0.7926675925088976
9823,1013,38.03455,-120.38651,2.295695502329725
9824,1013,36.3887,-121.5514,0.3092094097187371
9825,1013,36.68011,-119.02282,2.0576839882833253
9826,1013,35.66278,-118.47403,3.156729199079734
9828,1013,37.6444,-118.89683,0.9949800520113872
9829,1013,37.34164,-121.64257,-1.1416192782105985
9830,1013,37.65909,-118.97907,0.9535157263949868
9831,1013,37.008,-121.287,1.330084054193984
9832,1013,35.40773,-120.54556,1.271115546791691
9833,1013,36.0688,-120.59618,0.8994851879039581
9834,1013,37.05422,-118.23009,-0.0317060131529846
9835,1013,37.67016,-119.80533,2.587563123902376
9836,1013,37.56957,-118.75278,-1.5411448576140634
9837,1013,37.614,-118.831,1.222752306834352
9838,1013,37.662,-118.398,-0.4374132426416699
9839,1013,37.588,-118.703,0.2056507768331926
9840,1013,37.861,-119.103,1.075521879336351
9841,1013,37.783,-119.075,1.122368089384252
21201,1013,37.91881,-122.15176,-1.535736915267273
21209,1013,35.945,-120.542,-0.9734336797026212
21210,1013,35.63597,-120.86984,0.5119370828314153
21211,1013,36.76403,-121.44722,-0.481035028209022
21212,1013,37.28744,-121.86422,-0.3424511644279642
21214,1013,37.81647,-122.06302,-0.0195298825844319
21215,1013,37.25898,-121.67311,-0.9674094164744136
21216,1013,37.72416,-122.11929,-0.147247988950097
21217,1013,37.16067,-121.89899,0.8383597991947502
21218,1013,37.30249,-121.97978,-0.5470368379298254
21219,1013,37.68,-121.739,-0.0256665883726948
21220,1013,37.376,-121.84367,-1.2914936404872197
21221,1013,37.27117,-121.98617,-1.230195171899829
21225,1013,37.37418,-122.0781,-0.9172408488270806
21229,1013,36.61809,-121.31468,0.8391635633380617
21230,1013,37.16346,-121.62645,-1.5190480889642766
21232,1013,37.45035,-121.80037,-1.240855568490287
21233,1013,37.74766,-121.70843,0.6658815325655145
21234,1013,37.7294,-121.83346,-0.1937520515250119
21235,1013,37.37289,-121.76887,-1.367370991703859
21236,1013,37.73786,-122.06486,-0.0275930027849254
21237,1013,37.81041,-121.80272,0.7084732829869528
21238,1013,37.9889,-122.2156,0.1540426563332727
21239,1013,37.85884,-121.99264,-0.3838291245186319
21240,1013,37.91233,-121.90716,-0.746351237138348
21247,1013,37.0254,-121.4845,0.1108449206401328
21250,1013,37.31861,-122.15314,-1.384807711375874
21251,1013,37.17217,-122.01121,0.3921733255063672
21252,1013,37.04922,-121.80722,-0.8695245004520409
21253,1013,36.92745,-121.82764,0.04739592878687
21254,1013,37.36045,-122.18986,-0.1868673309432681
21255,1013,37.21427,-122.17168,-0.2280168324435628
21256,1013,37.20631,-121.97726,-0.0859036295431277
21257,1013,37.15432,-121.73467,0.2617993954324337
21258,1013,37.2708,-122.21276,-0.2254310769325787
21261,1013,37.40372,-122.17596,-0.5917988653345213
21277,1013,38.15486,-121.80438,0.502482297632287
21280,1013,35.73065,-120.24986,-0.9131978497995872
21281,1013,39.7065,-119.3842,-2.860200246742152
21282,1013,35.86661,-120.4796,0.2213928188412784
21284,1013,36.2159,-120.80126,-0.2670953199800198
21287,1013,35.45883,-120.88167,0.3433131768831842
9842,1014,34.224,-117.331,-0.0052069594467839
9843,1014,34.07,-118.346,-0.5770075172114217
9844,1014,34.5214,-117.991,0.918113872335798
9845,1014,34.397,-118.918,-0.7960045207825365
9846,1014,34.07618,-118.3959,-0.805032254752422
9847,1014,34.3968,-119.299,-1.7537781086774795
9848,1014,34.155,-118.641,-2.462284583973041
9849,1014,34.55046,-117.43391,1.3736715765649203
9850,1014,33.63838,-116.4011,0.1974752372796544
9851,1014,34.14647,-118.76699,-1.750012777893299
9852,1014,34.68708,-118.29946,0.1061474689239393
9853,1014,35.1269,-118.83009,-0.1637619293641836
9854,1014,35.34444,-119.10445,-0.755567345155751
9856,1014,34.2623,-116.92075,1.3361985284462683
9857,1014,33.921,-116.981,1.530570244195758
9859,1014,33.57508,-117.26119,0.2225732982914882
9862,1014,34.23883,-117.65853,-0.3646270139295893
9864,1014,34.069,-116.39,0.4548126048742015
9866,1014,33.80776,-117.98116,0.3548065003592351
9868,1014,34.68224,-118.57398,0.923922133962647
9869,1014,34.13678,-118.12199,0.0716140714409551
9870,1014,33.38822,-117.19495,0.2778035275720781
9871,1014,35.52495,-117.36453,0.1981207519638019
9872,1014,36.5504,-117.80295,0.9670293010865574
9874,1014,33.999,-117.68,0.8893265641586952
9875,1014,33.4019,-118.41502,-0.796662225807644
9877,1014,34.093,-117.317,1.825827290785371
9880,1014,36.43988,-118.08016,3.0262627807787243
9882,1014,34.25353,-118.33383,-0.5120694245571197
9883,1014,33.93597,-116.57794,1.0217949886716815
9884,1014,33.65,-117.009,1.1227808732878028
9885,1014,34.10618,-118.45505,-0.8016468790440356
9886,1014,33.84822,-118.09624,0.9404130002935316
9887,1014,33.567,-116.631,2.3212181895911828
9894,1014,34.72832,-119.98803,-3.131935203889053
9895,1014,33.71264,-118.29381,-0.4747602420267798
9896,1014,36.46719,-116.86322,0.5267756765766995
9898,1014,33.1537,-117.22921,-0.2315619708356162
9899,1014,36.99608,-117.36621,0.0398317073870247
9900,1014,34.13677,-118.1283,0.5495934053737135
9901,1014,35.30177,-116.80574,0.7469477304759341
9902,1014,34.8294,-116.335,1.6991928790688036
9903,1014,34.17643,-118.35967,-0.5158319237753844
9906,1014,35.66278,-118.47403,0.6731814939673701
9907,1014,34.31076,-118.49675,0.2167327085331928
9909,1014,34.31313,-118.49918,-0.2976839751021057
9910,1014,35.98249,-117.80885,1.6166275378566246
9912,1014,34.36622,-116.61266,1.462439509740218
9913,1014,34.15037,-118.10156,0.1823104595914423
9914,1014,33.7141,-116.7119,-0.3267064948953014
9915,1014,33.86889,-118.33143,0.6033253784294456
9916,1014,34.00033,-118.37794,-0.5469725660475685
9917,1014,34.73551,-120.27996,-0.8734475108513196
9919,1014,34.9906,-118.34156,0.2322165144523552
9920,1014,34.61462,-118.29104,2.1672156410394123
9921,1014,34.30529,-118.48805,-0.0598146570627915
9922,1014,33.9753,-118.14918,-0.0230164428959986
9923,1014,34.10819,-119.06587,-1.3269263280176802
9924,1014,34.80762,-118.86775,-1.2321682451341611
9925,1014,33.684,-117.943,0.483184186549571
9926,1014,34.93439,-117.69629,-0.1210874820347603
9927,1014,35.47954,-117.68212,0.8036603040498691
9928,1014,33.881,-118.176,0.7143745021927106
9929,1014,34.3656,-117.36683,0.2855426808327869
9931,1014,35.36165,-118.92282,-1.9618275894674964
9933,1014,33.818,-116.369,1.9842794329738416
9934,1014,34.13688,-118.12601,2.166091627577414
9935,1014,37.63019,-118.83605,2.4079031418800136
9936,1014,34.005,-117.562,0.6250370595757405
9937,1014,34.28085,-118.9049,-0.5404556429206451
9938,1014,36.05799,-117.48901,-0.8182952742869981
9939,1014,34.88848,-119.81362,-2.209695090242318
9940,1014,33.808,-116.968,2.237155761839912
9941,1014,34.22362,-118.05832,0.6689352592923635
9942,1014,34.53412,-120.17737,-1.6621502340743792
9943,1014,34.22869,-118.55829,0.7788378348384485
9944,1014,33.94539,-117.92372,0.3073994286180867
9946,1014,34.6145,-118.7235,-1.7156522239608298
9947,1014,34.1484,-118.1711,-0.2916951251841199
9948,1014,34.44199,-118.58215,-1.1182592670340723
9949,1014,33.96273,-118.43702,-0.6666751695116105
9950,1014,34.1207,-117.63808,0.6092932430716408
9951,1014,33.862,-117.205,0.2266372874965315
9953,1014,35.40773,-120.54556,-0.8846491073569407
9954,1014,35.945,-120.542,-2.786985529653668
9955,1014,33.354,-116.863,0.8349515020456427
9956,1014,33.7953,-117.60906,0.8495848240439081
9957,1014,34.39558,-118.49837,-1.707142817148397
9958,1014,36.30523,-119.24384,-0.0170223437978491
9959,1014,33.63,-116.8478,1.460401313470092
9960,1014,34.10473,-117.97956,0.4217927065172527
9961,1014,33.74346,-118.40412,0.940137802917628
9962,1014,34.87533,-116.99684,0.6340589150582491
9963,1014,33.97327,-117.32674,1.3455524069881188
9964,1014,33.99351,-117.37545,-0.1739137961687808
9966,1014,33.70432,-117.88578,0.0496681691392796
9967,1014,36.76403,-121.44722,-2.710347006349999
9969,1014,34.44076,-119.71492,-2.896296252933338
9971,1014,34.232,-117.235,0.7288415882397219
9972,1014,32.915,-118.4879,-0.4887972416389374
9973,1014,33.99543,-119.6351,-1.1201524907363107
9974,1014,33.553,-117.662,0.0470170210231564
9976,1014,34.56547,-120.50137,-1.91041613546638
9978,1014,34.43692,-119.1375,-2.304417202579844
9979,1014,35.8996,-116.27515,1.770638240318769
9980,1014,34.293,-119.1646,-1.78617345070794
9981,1014,35.89095,-117.28332,1.0870816360950766
9982,1014,33.834,-116.797,0.8897134363207723
9983,1014,35.3142,-119.99581,-2.868751853393281
9984,1014,34.01438,-118.45617,0.3120890647592381
9985,1014,34.27091,-118.74407,-0.7258272529951926
9986,1014,33.24787,-119.52437,-1.6296737455518444
9987,1014,32.841,-117.248,0.9649993228089412
9988,1014,34.05933,-118.64614,-0.8332250203730903
9989,1014,36.1355,-118.81099,0.0375822072264223
9990,1014,33.829,-117.789,0.0894208568839583
9991,1014,34.30302,-119.18676,-1.252283852070055
9992,1014,33.664,-117.769,-0.0268064581098789
9993,1014,34.106,-117.098,0.7552047711390917
9995,1014,34.52775,-119.97834,-2.2746684855656314
9996,1014,34.38203,-117.67822,0.6160986327597
9998,1014,35.14592,-119.41946,-1.623664109559854
10000,1014,37.05422,-118.23009,1.7323770238185898
10001,1014,34.15607,-118.82039,-2.4280853231821458
10003,1014,34.01919,-118.28631,-0.6892759825362327
10004,1014,34.48364,-118.11783,0.7561859075118124
10005,1014,35.84089,-119.08469,-0.5739280111490517
10006,1014,34.56065,-117.3296,1.473648707550247
10010,1014,34.51085,-119.27407,-2.0666020472361555
10011,1014,34.00948,-117.95077,1.186461957899619
10012,1014,34.1717,-118.64971,-0.9724782244267158
10013,1014,33.94869,-118.25547,0.4923232972872192
10014,1014,34.674,-118.43,1.301377029564076
10015,1014,34.749,-119.131,-0.7827078732385563
10016,1014,35.225,-118.565,1.623757535651135
10017,1014,35.355,-119.054,-0.7703731123205109
10018,1014,34.6172,-118.285,1.7184890206267027
10019,1014,34.812,-118.945,0.2146328901192566
10020,1014,35.06131,-119.02794,1.6238657945008643
10021,1015,34.55046,-117.43391,0.2818582850980656
10022,1015,33.63838,-116.4011,-0.4249052068272024
10023,1015,34.14647,-118.76699,-0.2768162681870755
10024,1015,34.68708,-118.29946,-0.8931817586602164
10025,1015,35.34444,-119.10445,-0.1867232183317795
10026,1015,32.68005,-116.67215,1.4213143265542327
10027,1015,33.921,-116.981,-0.2670470068680959
10028,1015,33.57508,-117.26119,0.4060303609089274
10030,1015,34.23883,-117.65853,-0.4251573794088764
10031,1015,34.069,-116.39,-0.6649282084419221
10032,1015,33.268,-116.417,-0.5756237351377959
10034,1015,34.68224,-118.57398,0.6175269996726742
10035,1015,34.07618,-118.3959,0.2341048930862238
10036,1015,33.4915,-116.667,-3.973932100374095
10037,1015,33.38822,-117.19495,0.3873850432053284
10038,1015,35.52495,-117.36453,-0.1190690878828083
10040,1015,33.999,-117.68,-0.4188095667422634
10041,1015,33.4019,-118.41502,0.860895021539274
10043,1015,34.093,-117.317,0.8491586255822111
10044,1015,34.0602,-117.809,-0.1809545786060825
10045,1015,33.655,-115.99,0.3683249388089815
10046,1015,36.43988,-118.08016,0.4714406399349538
10048,1015,34.25353,-118.33383,-1.028995063864559
10049,1015,33.65,-117.009,0.2933136175385686
10050,1015,34.10618,-118.45505,-0.1778346371818503
10051,1015,33.84822,-118.09624,-0.0584298054956977
10052,1015,33.567,-116.631,0.9112366881446936
10053,1015,32.999,-116.942,1.2809303289941212
10056,1015,34.88303,-117.99106,-0.3433717264410737
10058,1015,33.11675,-115.82267,1.1495123081448957
10059,1015,34.72832,-119.98803,-1.0436689510177093
10060,1015,34.397,-118.918,1.4340974458236946
10061,1015,33.71264,-118.29381,-1.3516097944141268
10062,1015,33.8717,-117.92251,-0.8993012131966708
10063,1015,36.46719,-116.86322,0.0558632476189854
10065,1015,33.1537,-117.22921,0.0477533839771871
10067,1015,34.13677,-118.1283,0.0539704813282781
10068,1015,35.30177,-116.80574,-0.3383147912699705
10069,1015,34.8294,-116.335,0.5227309615501674
10070,1015,34.17643,-118.35967,-0.1135207489470258
10071,1015,35.66278,-118.47403,-1.4055171398392536
10072,1015,33.0859,-116.5959,0.1735666306452291
10073,1015,35.9823,-117.8076,0.4438097191634024
10074,1015,34.36622,-116.61266,0.0600074107290031
10075,1015,34.15037,-118.10156,-0.371296140923058
10076,1015,33.7141,-116.7119,-0.2153277113552638
10077,1015,33.86889,-118.33143,0.9617586011893828
10078,1015,33.943,-118.411,-0.1807971567903446
10079,1015,34.00033,-118.37794,-0.4722951939003041
10080,1015,34.73551,-120.27996,0.564366511634171
10082,1015,34.9906,-118.34156,0.4168280114925104
10083,1015,34.61462,-118.29104,-0.2636882103203147
10084,1015,34.30529,-118.48805,0.4297176411536227
10085,1015,33.9753,-118.14918,-1.2531209856974568
10086,1015,34.10819,-119.06587,2.0453473793466497
10087,1015,34.61594,-117.82493,0.3074541323779863
10088,1015,33.684,-117.943,-0.2625652193279271
10089,1015,35.47954,-117.68212,-0.1809697620735919
10090,1015,33.881,-118.176,0.0768836742316972
10091,1015,34.3656,-117.36683,-0.1608784278536234
10092,1015,33.3516,-116.5615,0.0135865573010435
10093,1015,35.36165,-118.92282,-0.6481569123710376
10095,1015,33.818,-116.369,0.3726628498397537
10096,1015,34.13688,-118.12601,-0.51749066610179
10098,1015,34.005,-117.562,-0.0642506798102159
10099,1015,34.28085,-118.9049,2.029541400976878
10100,1015,36.05799,-117.48901,-1.906656952944534
10101,1015,33.808,-116.968,0.8106702689401013
10102,1015,34.22362,-118.05832,0.2023180181026688
10103,1015,34.22869,-118.55829,0.2890820791065717
10104,1015,34.3968,-119.299,-0.3664406565617766
10105,1015,33.94539,-117.92372,-0.391147299933426
10106,1015,34.6145,-118.7235,-2.195864111897781
10107,1015,34.1484,-118.1711,-1.364584102595367
10108,1015,34.44199,-118.58215,-0.6328178041245418
10109,1015,33.96273,-118.43702,0.0888774469333874
10110,1015,34.1207,-117.63808,-0.875737860634302
10111,1015,35.40773,-120.54556,0.5938935288725952
10112,1015,33.82436,-116.51195,0.0574981201366228
10113,1015,33.354,-116.863,-0.7174083219245013
10114,1015,33.7953,-117.60906,-0.2876159821455589
10115,1015,34.39558,-118.49837,-0.999601289596693
10116,1015,36.30523,-119.24384,0.0257384914370059
10117,1015,33.63,-116.8478,1.3072259562234736
10118,1015,34.281,-118.478,0.979804783710174
10119,1015,33.74346,-118.40412,0.7088305243016269
10120,1015,34.87533,-116.99684,0.2007391362201286
10121,1015,33.97327,-117.32674,0.3515390497850488
10122,1015,34.05073,-118.08085,-0.2784434877992099
10123,1015,33.99351,-117.37545,-0.4859148708516012
10124,1015,33.2801,-115.98585,0.4930813061757373
10125,1015,33.70432,-117.88578,-1.159992098814849
10126,1015,34.44076,-119.71492,-0.423224443044305
10128,1015,34.43692,-119.1375,-0.9565716466383756
10129,1015,35.8996,-116.27515,1.4864580894135295
10130,1015,34.293,-119.1646,-0.989506800073772
10131,1015,35.89095,-117.28332,0.2765577528467538
10132,1015,35.3142,-119.99581,-0.4371826985732305
10133,1015,34.01438,-118.45617,0.748050464037949
10134,1015,34.27091,-118.74407,1.4791551851636195
10135,1015,33.24787,-119.52437,1.29033872081957
10136,1015,34.05933,-118.64614,-0.2962672602169069
10137,1015,36.1355,-118.81099,-0.5475851270149545
10138,1015,33.829,-117.789,-0.431423927848902
10139,1015,34.30302,-119.18676,1.8713630976294529
10140,1015,33.664,-117.769,-0.7279321267181735
10141,1015,33.79033,-118.19878,0.5593556105698991
10142,1015,34.106,-117.098,1.114131933500814
10144,1015,34.52775,-119.97834,0.1768892824555935
10145,1015,34.38203,-117.67822,0.2136428599544945
10146,1015,34.08377,-118.599,0.4836281832224846
10148,1015,33.63495,-116.16402,0.4048135755369689
10149,1015,34.15607,-118.82039,0.5922967330341925
10150,1015,34.01919,-118.28631,-1.471340615332198
10151,1015,34.48364,-118.11783,-0.3077518836793097
10152,1015,35.84089,-119.08469,-0.4817001584121109
10153,1015,34.56065,-117.3296,0.6504743896682632
10154,1015,35.53664,-118.14035,0.1571749336272236
10155,1015,35.06053,-119.02711,-0.6472192029718261
10157,1015,34.00948,-117.95077,-0.2433408725237381
10159,1015,34.1717,-118.64971,0.5145721581745627
10160,1015,33.94869,-118.25547,-0.0196161263845919
10161,1016,34.55046,-117.43391,0.1108239389296
10162,1016,33.63838,-116.4011,-0.2217548725197499
10163,1016,34.68708,-118.29946,-0.4586101477975554
10164,1016,35.34444,-119.10445,-1.2179663208997948
10166,1016,34.2623,-116.92075,0.0796769812347536
10167,1016,33.921,-116.981,0.231577388578884
10169,1016,33.57508,-117.26119,-0.0739937918386893
10172,1016,34.23883,-117.65853,-0.4098395830928416
10174,1016,34.069,-116.39,-0.4203352784266634
10176,1016,33.80776,-117.98116,-0.2201563615871525
10177,1016,34.68224,-118.57398,1.4824075786615107
10178,1016,33.4915,-116.667,-2.8636841994865536
10179,1016,33.38822,-117.19495,-0.3962575943941722
10180,1016,35.52495,-117.36453,-1.7872814933645815
10181,1016,36.5504,-117.80295,0.3113015501010301
10183,1016,33.4019,-118.41502,0.136972628622374
10185,1016,34.093,-117.317,0.903215991361884
10189,1016,36.43988,-118.08016,2.3426061388866346
10191,1016,34.25353,-118.33383,-0.9608482953419812
10192,1016,33.93597,-116.57794,-0.4017943744122994
10193,1016,33.65,-117.009,0.142956760518388
10194,1016,34.10618,-118.45505,-0.6240765322039669
10195,1016,33.84822,-118.09624,0.9364174623649876
10196,1016,33.567,-116.631,1.177755239186263
10201,1016,34.88303,-117.99106,-0.739405122648582
10204,1016,34.72832,-119.98803,-0.3091556703109781
10205,1016,34.397,-118.918,-0.2289938036742031
10206,1016,33.71264,-118.29381,-0.2802899069808376
10208,1016,33.1537,-117.22921,0.1909482107706507
10209,1016,36.99608,-117.36621,-0.4486902624941472
10210,1016,35.30177,-116.80574,-1.6694183555002846
10211,1016,34.8294,-116.335,0.1270077801931649
10213,1016,35.66278,-118.47403,-1.054069527044301
10214,1016,34.31076,-118.49675,0.1239222128071474
10216,1016,35.98249,-117.80885,0.0511719147225363
10218,1016,34.36622,-116.61266,0.5242543626404947
10219,1016,33.86889,-118.33143,1.0580448712623496
10220,1016,34.00033,-118.37794,-0.4615331244239732
10221,1016,34.73551,-120.27996,1.8030882554363457
10223,1016,34.9906,-118.34156,-1.0943714304634071
10224,1016,34.61462,-118.29104,1.5851546580684777
10225,1016,34.30529,-118.48805,-0.0283930121533979
10226,1016,33.9753,-118.14918,-0.3615596832866131
10227,1016,34.10819,-119.06587,0.0350742230045342
10228,1016,34.80762,-118.86775,-1.0759408331648177
10229,1016,34.61594,-117.82493,1.3998017323331118
10230,1016,33.684,-117.943,-0.0621724229537861
10231,1016,34.93439,-117.69629,-1.0639755884308295
10232,1016,35.47954,-117.68212,-0.9827997651404524
10233,1016,34.5214,-117.991,0.2347846234309497
10234,1016,33.881,-118.176,0.8560502885068433
10235,1016,34.3656,-117.36683,-0.7390366942884938
10236,1016,35.36165,-118.92282,-3.033212498657628
10238,1016,33.818,-116.369,0.7338855485342596
10240,1016,34.13688,-118.12601,1.5255161047144072
10241,1016,37.63019,-118.83605,2.697138695199784
10242,1016,34.005,-117.562,0.3273571304724177
10243,1016,34.28085,-118.9049,0.0656668806506479
10244,1016,36.05799,-117.48901,-2.57909141052537
10245,1016,34.88848,-119.81362,0.8831919753884669
10246,1016,33.808,-116.968,1.016583557484832
10248,1016,34.22362,-118.05832,0.7360818481064755
10249,1016,34.53412,-120.17737,1.173131488590312
10250,1016,34.22869,-118.55829,0.6521216028871697
10251,1016,34.3968,-119.299,0.5091279855830622
10252,1016,33.94539,-117.92372,-0.2701849673046799
10254,1016,34.6145,-118.7235,-1.379465753205397
10255,1016,34.1484,-118.1711,-1.0520188590450703
10256,1016,34.44199,-118.58215,-1.081762729051549
10258,1016,33.96273,-118.43702,0.099828501990754
10259,1016,34.1207,-117.63808,-0.5703018711203686
10260,1016,35.40773,-120.54556,2.0325135772425984
10261,1016,35.945,-120.542,-0.6796163844008191
10262,1016,33.354,-116.863,-0.5723901187443893
10263,1016,33.7953,-117.60906,-0.6212424869957893
10265,1016,36.30523,-119.24384,0.646517613858334
10266,1016,34.281,-118.478,0.1667820575925285
10267,1016,34.10473,-117.97956,-0.6145618242045018
10268,1016,33.74346,-118.40412,1.1571932801888254
10269,1016,34.87533,-116.99684,-0.8490684836813196
10270,1016,34.05073,-118.08085,-0.0852703068200682
10271,1016,33.99351,-117.37545,-0.029865474022093
10273,1016,36.76403,-121.44722,-0.655076402635314
10274,1016,34.44076,-119.71492,0.1137985926904267
10276,1016,34.232,-117.235,-0.0906275672246541
10277,1016,33.99543,-119.6351,1.4042452996608203
10278,1016,33.553,-117.662,-0.6096443725562222
10279,1016,34.56547,-120.50137,1.339113477799743
10281,1016,34.43692,-119.1375,-0.4079112731819925
10282,1016,35.8996,-116.27515,-0.2002704146523697
10283,1016,34.293,-119.1646,-1.045537914916422
10284,1016,35.89095,-117.28332,-1.0729532315697168
10285,1016,33.834,-116.797,-0.1963178475718126
10286,1016,35.3142,-119.99581,0.3949552444815676
10287,1016,34.01438,-118.45617,0.4974013058312851
10288,1016,33.24787,-119.52437,0.1296418656872772
10289,1016,34.05933,-118.64614,-0.4268146979966224
10290,1016,36.1355,-118.81099,0.0524872947958691
10291,1016,34.30302,-119.18676,0.9189754329840634
10292,1016,33.664,-117.769,-0.6259510598999576
10293,1016,33.79033,-118.19878,0.4913930969577195
10294,1016,34.106,-117.098,0.6283416342909979
10296,1016,34.52775,-119.97834,1.0748540758585263
10297,1016,34.38203,-117.67822,-0.3209774349340962
10298,1016,34.08377,-118.599,-0.5453015009695248
10300,1016,35.14592,-119.41946,1.7437176253462945
10302,1016,37.05422,-118.23009,1.8401086864181715
10303,1016,34.15607,-118.82039,-0.6097294989615786
10305,1016,34.01919,-118.28631,-1.1835655074101843
10306,1016,34.48364,-118.11783,0.4104706714144498
10307,1016,35.84089,-119.08469,-0.4189759415118846
10308,1016,34.56065,-117.3296,0.3879467239000501
10309,1016,35.53664,-118.14035,-1.059606098692875
10311,1016,35.06053,-119.02711,-1.719199372530592
10313,1016,34.51085,-119.27407,0.4837843877936842
10314,1016,34.00948,-117.95077,0.5242234655014861
10315,1016,34.1717,-118.64971,0.17893084668267
10316,1016,33.94869,-118.25547,-0.0457989723194528
10386,1018,34.077,-118.286,0.1602163191096944
10387,1018,34.084,-118.6,-0.5043550288809628
10388,1018,34.07618,-118.3959,0.4764929058108074
10389,1018,34.04905,-116.94032,-3.77200210255267
10390,1018,33.63461,-116.09534,-2.301372107739436
10391,1018,34.55046,-117.43391,-0.3794171000688993
10392,1018,34.68708,-118.29946,-0.8730130592652965
10393,1018,35.1269,-118.83009,-1.1782132321411425
10394,1018,32.68005,-116.67215,1.5906921456066117
10395,1018,34.2623,-116.92075,-0.4127536319584141
10396,1018,33.921,-116.981,-0.9579261669394092
10398,1018,34.94009,-119.41313,-0.7079964547737625
10400,1018,34.23883,-117.65853,-0.0293689270086417
10402,1018,33.268,-116.417,1.2425405121227957
10403,1018,33.80776,-117.98116,-0.7892631961288221
10404,1018,34.68224,-118.57398,0.6073774610887481
10405,1018,34.13678,-118.12199,-0.752233852659243
10406,1018,35.30819,-119.84583,-1.223422295758552
10407,1018,35.52495,-117.36453,-0.3247564608349302
10408,1018,36.5504,-117.80295,-0.0194747308632438
10410,1018,33.999,-117.68,-1.9375180736056432
10411,1018,33.4019,-118.41502,0.2836131908165067
10413,1018,34.093,-117.317,0.7226951808104378
10415,1018,32.8889,-117.1051,1.3932431017574043
10416,1018,33.876,-117.561,0.2798173781762723
10417,1018,33.655,-115.99,0.5588779774641317
10418,1018,34.63745,-115.38115,0.0264502945471528
10419,1018,34.25353,-118.33383,0.2608236244331182
10420,1018,33.65,-117.009,0.3338982652489524
10421,1018,34.10618,-118.45505,-0.9194158940585948
10422,1018,33.84822,-118.09624,-0.0507337270040369
10423,1018,33.567,-116.631,1.0728182059183804
10424,1018,32.999,-116.942,1.2372027734004458
10426,1018,32.65915,-116.10061,-0.0840858401157987
10429,1018,33.11675,-115.82267,1.0340539054233673
10430,1018,34.72832,-119.98803,-1.9298298847159705
10431,1018,33.71264,-118.29381,-1.993504777593837
10432,1018,34.1,-117.439,-1.0672859565972967
10433,1018,33.8717,-117.92251,-1.1747099861758967
10434,1018,36.46719,-116.86322,-0.382466995632542
10435,1018,33.051,-114.827,-0.0297334276858015
10437,1018,33.1537,-117.22921,0.2245521251922601
10439,1018,34.13677,-118.1283,-0.2214178148143953
10440,1018,35.30177,-116.80574,-1.3501808996041071
10441,1018,34.8294,-116.335,-1.5184866457529078
10442,1018,34.17643,-118.35967,-0.4532733083985228
10443,1018,34.121,-117.219,-1.0583848283907968
10444,1018,33.0262,-116.9596,-6.119628439901117
10446,1018,35.66278,-118.47403,-2.002400682591958
10447,1018,33.081,-116.598,0.9848831792608136
10448,1018,35.98249,-117.80885,-0.1340215525378817
10449,1018,34.36622,-116.61266,0.3601360161973804
10450,1018,34.15037,-118.10156,-0.3898582199409949
10451,1018,33.597,-117.879,-1.8678514568968976
10452,1018,33.86889,-118.33143,-0.0375610289374361
10453,1018,33.798,-118.08837,0.393683893421185
10454,1018,34.00033,-118.37794,-0.7693728820390717
10455,1018,34.73551,-120.27996,-0.131572953560373
10456,1018,35.13066,-115.18416,-0.0934858933440058
10457,1018,34.9906,-118.34156,-0.28284906445463
10458,1018,34.61462,-118.29104,-0.300011671824241
10459,1018,34.30529,-118.48805,0.4358908567890518
10460,1018,33.9753,-118.14918,-0.5307085432938907
10461,1018,34.10819,-119.06587,-0.6431258763216094
10462,1018,34.80762,-118.86775,0.3641266750571612
10463,1018,33.684,-117.943,0.2316280566762621
10464,1018,34.93439,-117.69629,-0.6721317854830204
10465,1018,35.47954,-117.68212,-0.0940087176588736
10466,1018,33.881,-118.176,0.9364416784881412
10467,1018,34.3656,-117.36683,-0.1972436620486938
10469,1018,33.818,-116.369,0.353198369171293
10470,1018,34.13688,-118.12601,0.027338108769095
10472,1018,34.005,-117.562,-0.4008603026585305
10473,1018,32.892,-116.4223,-0.3367633056757071
10474,1018,34.28085,-118.9049,-0.3985896437911375
10475,1018,34.81258,-119.1453,-0.5498496857873395
10476,1018,36.05799,-117.48901,-1.305530250473835
10477,1018,34.88848,-119.81362,-0.7789101521790833
10478,1018,33.808,-116.968,0.8813546391709137
10480,1018,33.6,-117.195,1.3275789331657266
10481,1018,34.22362,-118.05832,0.4393360501032647
10482,1018,34.78035,-116.55798,-0.4682055146410612
10483,1018,34.76759,-114.61881,0.8601382744735078
10484,1018,34.53412,-120.17737,-0.3313792192874906
10485,1018,34.22869,-118.55829,0.2439173047254876
10486,1018,33.556,-115.946,0.5761735602507646
10487,1018,33.788,-117.844,-0.6274531210104627
10488,1018,33.94539,-117.92372,-1.316373628435681
10489,1018,32.608,-116.93,1.116322708550587
10490,1018,34.6145,-118.7235,-1.1502786159873155
10491,1018,34.44199,-118.58215,-0.7556107619595879
10493,1018,33.96273,-118.43702,0.073726218912764
10494,1018,34.1207,-117.63808,-0.941430242358232
10495,1018,33.862,-117.205,-0.5230480437318852
10498,1018,33.354,-116.863,-0.1893136412319759
10499,1018,33.7953,-117.60906,-2.0805365128373547
10501,1018,33.824,-116.55,0.6068804701492992
10502,1018,34.09181,-117.80709,-1.2618383479220314
10503,1018,34.39558,-118.49837,-1.7359224350817055
10504,1018,33.63,-116.8478,1.2591481916376468
10505,1018,34.281,-118.478,1.020646446865066
10506,1018,34.10473,-117.97956,-1.1487211080816255
10507,1018,33.74346,-118.40412,-0.5763717045831888
10508,1018,34.87533,-116.99684,-1.0152047338320331
10509,1018,33.973,-117.327,0.9910715056175996
10510,1018,33.97327,-117.32674,0.3020518338754607
10511,1018,34.05073,-118.08085,0.3188722116144664
10512,1018,33.99351,-117.37545,-0.3573377702163734
10513,1018,33.183,-115.623,-1.6170870197406664
10514,1018,33.2801,-115.98585,0.679091387617039
10515,1018,33.70432,-117.88578,-1.317106415525937
10517,1018,34.44076,-119.71492,-0.792331809499235
10519,1018,34.232,-117.235,-0.9522516459430368
10520,1018,32.915,-118.4879,-0.4828161344069064
10521,1018,33.99543,-119.6351,0.2563887186747995
10522,1018,33.553,-117.662,-1.7427982654744891
10524,1018,34.43692,-119.1375,-1.523182752144839
10525,1018,35.8996,-116.27515,0.0143097551413808
10526,1018,35.89095,-117.28332,0.7177388985267595
10527,1018,33.834,-116.797,1.098757662405061
10528,1018,35.3142,-119.99581,-1.2634469318288477
10530,1018,34.01438,-118.45617,0.0301054155018043
10531,1018,34.27091,-118.74407,-1.2840626974912446
10533,1018,34.035,-116.808,-2.191967162591822
10534,1018,34.05933,-118.64614,-0.9479883995273108
10536,1018,33.829,-117.789,-0.5719432464215841
10537,1018,34.30302,-119.18676,0.5372801320585998
10538,1018,33.664,-117.769,-0.8461881764447691
10539,1018,33.79033,-118.19878,-0.3498109287341128
10540,1018,34.106,-117.098,0.5628746171623099
10541,1018,32.94508,-115.79988,0.2046931116869018
10542,1018,34.52775,-119.97834,-0.4894088111729349
10543,1018,34.38203,-117.67822,0.1864849022557829
10548,1018,34.01919,-118.28631,-1.1390213420069235
10549,1018,35.84089,-119.08469,-0.9158362756319712
10550,1018,34.56065,-117.3296,0.50292570173835
10551,1018,35.53664,-118.14035,-0.1971005656663959
10552,1018,34.51085,-119.27407,-1.8526207179461207
10553,1018,34.00948,-117.95077,-0.0226126964799532
10555,1018,34.1717,-118.64971,2.054218918618257
10556,1018,33.94869,-118.25547,0.585351766719262
10557,1018,33.482,-116.911,1.8019253361148024
10558,1018,33.787,-116.959,1.1023909897941486
10559,1018,33.747,-116.715,1.7325045324520307
10560,1018,33.729,-116.979,1.7510532736233164
10561,1018,33.706,-116.235,1.7182660407777166
10562,1018,33.744,-116.931,0.7379806607369582
10563,1018,33.671,-116.3,3.455841104443341
10564,1018,33.787,-116.41,1.7928144635225132
10565,1018,33.723,-116.338,1.7935305298170292
10566,1018,33.863,-117.742,0.3172266716611761
10567,1018,33.768,-117.85,-0.6590198303239622
10568,1018,33.917,-117.443,-0.4686773795709359
10569,1018,33.968,-117.252,0.1376166006967967
10570,1018,33.751,-117.015,1.0209403803298478
10571,1018,33.577,-117.131,1.160277717512934
10572,1018,33.699,-117.267,1.0945061987685236
10573,1018,33.604,-117.279,0.3654459890623792
10574,1018,33.884,-117.514,0.3804582825585026
10575,1018,33.876,-117.593,-0.0613027764185608
10576,1018,33.951,-117.446,0.5481827174181119
10577,1018,33.496,-117.149,0.5674126287119132
10578,1018,33.854,-117.817,0.5226805478920472
10579,1018,33.777,-117.834,0.0278115633017867
10580,1018,33.927,-117.803,-0.6721835851365339
10581,1018,33.919,-117.488,0.4012839712459985
10582,1018,33.951,-117.388,0.3572721772295094
10583,1018,33.979,-117.344,0.2690686143498608
10584,1018,33.895,-117.32,0.589841858755889
10585,1018,33.904,-117.561,0.0674301317714381
10586,1018,33.975,-117.486,-0.6645490990220558
10587,1018,33.669,-117.332,1.5429651486501197
10588,1018,33.748,-117.127,0.0210418643368481
10589,1018,33.902,-117.234,-0.4071400218374862
10590,1018,33.921,-117.173,1.9452415435669663
10591,1018,33.787,-117.23,-0.2598188494532657
10592,1018,33.649,-117.205,0.8773153376447547
10593,1018,33.715,-117.191,0.3969955008523002
10594,1018,33.723,-118.026,0.799258077336508
10595,1018,33.99,-118.312,1.3314340545325367
10596,1018,33.962,-118.065,0.6059419136150638
10597,1018,33.898,-118.209,1.6565371183669697
10598,1018,33.876,-118.24,1.0545946079143995
10599,1018,33.931,-118.214,1.5255881034754255
10600,1018,33.92,-118.24,1.666088198974142
10601,1018,33.976,-118.208,0.9048133045413034
10602,1018,33.883,-118.117,0.2831261880833275
10603,1018,34.241,-116.872,0.9025342692602925
10604,1018,34.125,-117.777,-0.4903619987365535
10605,1018,34.065,-117.893,0.8427527351549743
10606,1018,34.253,-117.174,-0.5272182620659949
10607,1018,34.046,-117.035,-0.3672370028807179
10608,1018,34.057,-117.698,-0.8161466291256337
10609,1018,34.033,-117.312,1.984069636969149
10610,1018,34.112,-117.681,0.2597869182697854
10611,1018,34.134,-117.598,-0.6625089011259534
10612,1018,34.014,-117.511,1.350379892571967
10613,1018,34.104,-117.574,-0.5732368828356987
10614,1018,34.247,-117.301,-1.259961750397426
10615,1018,34.215,-117.121,-0.5094693787796468
10616,1018,34.522,-117.214,-0.1445074131136025
10617,1018,34.472,-117.207,-0.7853713861293649
10618,1018,34.125,-117.454,0.0778685652289701
10619,1018,34.123,-117.54,0.1586177419951052
10620,1018,34.026,-117.155,0.1435058243497577
10621,1018,34.074,-117.183,-0.2156442824180428
10622,1018,34.002,-117.814,-0.922849148902934
10623,1018,34.425,-117.544,-0.0675238306240927
10624,1018,34.056,-117.748,-0.2035024690766411
10625,1018,34.405,-117.313,-0.2044084047405581
10626,1018,34.096,-117.287,1.012067049344269
10627,1018,34.0,-117.934,-0.646747708604818
10628,1018,34.076,-117.671,-0.1818345152897393
10629,1018,34.077,-117.621,-0.6112534219233293
10630,1018,34.135,-117.322,-0.0117218315009494
10631,1018,34.069,-117.398,1.1793935179675576
10632,1018,34.1,-117.434,-0.2818609877122771
10633,1018,34.004,-117.058,-0.5126207392471787
10634,1018,34.021,-117.866,0.839405878000293
10635,1018,34.121,-117.738,0.3626618358534526
10636,1018,34.096,-117.745,-0.2377562393371001
10637,1018,34.439,-117.647,0.6065941012265909
10638,1018,34.207,-118.233,1.256705729019463
10639,1018,34.139,-118.364,0.9501530076519806
10640,1018,34.163,-118.255,0.9805124974069332
10641,1018,34.173,-118.229,1.1915782876551169
10642,1018,34.041,-118.248,1.3388601938169526
10643,1018,34.051,-118.384,1.3131600545796205
10644,1018,33.81663,-116.3945,1.1955242280117984
10645,1018,34.04856,-116.57816,0.4403216988695361
10646,1018,34.079,-117.045,-0.1246654993483399
10647,1018,34.136,-117.213,1.3039171719432434
10648,1018,34.10922,-117.78362,1.552263153467578
10649,1018,34.051,-117.25,-1.2597161032524062
10650,1018,34.235,-117.407,0.5813943775791702
10651,1018,33.572,-116.076,1.311315701863007
10652,1018,33.82177,-116.96836,-0.9208869257866512
10653,1018,34.10521,-117.28264,1.0147030686370462
10654,1018,34.047,-117.277,-0.6949133806589829
10656,1018,34.058,-117.305,-0.5084648893315078
10657,1018,34.12288,-117.28792,0.4746451703286066
10659,1018,34.0869,-117.3114,0.8446994376976374
10660,1018,34.312,-118.496,0.7998631909896334
10661,1018,33.852,-117.451,0.8375765245916337
10662,1018,33.58282,-117.07169,0.6912384805853569
10663,1019,34.5214,-117.991,-0.159171570563936
10664,1019,33.943,-118.411,-0.4261698059127729
10665,1019,34.07618,-118.3959,-0.3601401411035185
10666,1019,34.14647,-118.76699,-1.136136347415958
10667,1019,34.68708,-118.29946,-0.6853245330941136
10668,1019,35.1269,-118.83009,-0.3689921048075066
10669,1019,32.68005,-116.67215,0.7847945730978224
10670,1019,34.2623,-116.92075,-0.1174075615348536
10671,1019,33.921,-116.981,-0.617558348471043
10675,1019,34.23883,-117.65853,-0.880404735723938
10677,1019,34.069,-116.39,-0.9318117196766956
10679,1019,33.268,-116.417,-0.6694766958145946
10680,1019,33.80776,-117.98116,-1.2229798498715128
10682,1019,34.68224,-118.57398,0.3922858425318443
10683,1019,33.4915,-116.667,-4.34359448689443
10684,1019,34.13678,-118.12199,-1.4408953656759032
10685,1019,33.38822,-117.19495,0.34370013784988
10686,1019,35.30819,-119.84583,-0.5228006031828185
10687,1019,35.52495,-117.36453,0.132605300219514
10688,1019,36.5504,-117.80295,0.0850241881482495
10690,1019,33.999,-117.68,-0.9828783613603596
10691,1019,33.4019,-118.41502,0.7892347627540548
10693,1019,34.093,-117.317,0.4335082281664596
10695,1019,33.655,-115.99,0.3096432412576192
10697,1019,36.43988,-118.08016,0.2265157833956173
10698,1019,34.63745,-115.38115,1.1117899210341322
10699,1019,34.25353,-118.33383,-1.0896437481413124
10700,1019,33.93597,-116.57794,-0.6038329536364467
10701,1019,33.65,-117.009,0.3105822992763464
10702,1019,34.10618,-118.45505,-0.2261238648621682
10703,1019,33.84822,-118.09624,-0.2731398718145861
10704,1019,33.567,-116.631,0.4977587113411724
10705,1019,32.999,-116.942,1.2264228749722992
10708,1019,32.65915,-116.10061,-0.1020626829436853
10711,1019,33.11675,-115.82267,0.2457618875089129
10712,1019,34.72832,-119.98803,-1.0017543282219634
10713,1019,33.71264,-118.29381,-1.6469888779754298
10714,1019,33.8717,-117.92251,-0.9154588524017868
10717,1019,33.1537,-117.22921,-0.2703786619342115
10718,1019,34.13677,-118.1283,-1.1045670796484943
10719,1019,35.30177,-116.80574,-0.1042771894537319
10720,1019,34.8294,-116.335,0.5135970742396379
10721,1019,34.17643,-118.35967,-0.4752616872693931
10723,1019,35.66278,-118.47403,-1.6794413071217895
10724,1019,33.0859,-116.5959,0.0270611802609486
10725,1019,35.98249,-117.80885,0.1322168788757192
10727,1019,34.36622,-116.61266,0.025292081691964
10728,1019,34.15037,-118.10156,-0.9831004650934974
10729,1019,33.86889,-118.33143,-0.3885517243143525
10730,1019,34.00033,-118.37794,-0.1315949842735298
10731,1019,34.73551,-120.27996,-0.0467682316198993
10733,1019,34.9906,-118.34156,-0.2993315966339352
10734,1019,34.61462,-118.29104,-0.1459373094932205
10735,1019,34.30529,-118.48805,0.2365092091386958
10736,1019,33.9753,-118.14918,-1.7340534590764114
10737,1019,34.10819,-119.06587,0.8033648525829951
10738,1019,34.80762,-118.86775,-0.223361005449781
10739,1019,33.684,-117.943,-0.7802355740893294
10740,1019,34.93439,-117.69629,-0.7744426460561781
10741,1019,35.47954,-117.68212,-0.0608754085077092
10742,1019,33.881,-118.176,-0.9246919052141916
10743,1019,34.3656,-117.36683,-0.8926955376361482
10745,1019,33.818,-116.369,-0.0585985515491344
10747,1019,34.13688,-118.12601,-0.7925000545571451
10750,1019,34.28085,-118.9049,0.9508723736061128
10751,1019,34.81258,-119.1453,0.0265951873058127
10752,1019,36.05799,-117.48901,-1.4900739521919937
10753,1019,34.88848,-119.81362,-0.7478854591808245
10754,1019,33.808,-116.968,0.5262676481289349
10756,1019,33.6,-117.195,0.9817788998016206
10757,1019,34.22362,-118.05832,0.3024327158103597
10758,1019,34.78035,-116.55798,0.4366470379935435
10760,1019,34.53412,-120.17737,0.4505881457875216
10761,1019,34.22869,-118.55829,0.7404028432846226
10762,1019,33.94539,-117.92372,-0.8831576679872404
10764,1019,34.6145,-118.7235,-2.050015715088451
10765,1019,34.17141,-118.18523,-4.118499849747967
10766,1019,34.44199,-118.58215,1.100767035422406
10768,1019,33.96273,-118.43702,-0.3461205682572646
10769,1019,34.1207,-117.63808,-1.2621076878964357
10770,1019,33.862,-117.205,0.1282808615527304
10772,1019,35.40773,-120.54556,0.3532210033369821
10773,1019,35.945,-120.542,-1.2202576402739318
10774,1019,33.354,-116.863,-1.3738734741035985
10775,1019,33.7953,-117.60906,-0.7062722222139074
10777,1019,33.824,-116.55,-0.722197349071592
10778,1019,34.09181,-117.80709,-1.7510809883884395
10779,1019,34.39558,-118.49837,-0.7775008034422439
10780,1019,36.30523,-119.24384,0.760293377621754
10781,1019,33.63,-116.8478,0.1262968020295558
10782,1019,34.281,-118.478,1.462245121471806
10783,1019,34.10473,-117.97956,-1.5272991098907367
10784,1019,33.74346,-118.40412,0.2038289868980408
10785,1019,34.87533,-116.99684,-0.1959238126545619
10786,1019,33.97327,-117.32674,0.0143782099696312
10787,1019,34.05073,-118.08085,-0.9822407155665072
10788,1019,33.99351,-117.37545,-0.2500256683250846
10790,1019,33.2801,-115.98585,0.4187382126108114
10793,1019,34.44076,-119.71492,-0.8989213003741322
10795,1019,34.232,-117.235,-0.9278311219208324
10796,1019,32.915,-118.4879,1.099781377919825
10797,1019,33.99543,-119.6351,0.7223987048891568
10798,1019,32.784,-117.13805,-1.0022773649872687
10800,1019,34.43692,-119.1375,-0.5606212971647532
10803,1019,35.8996,-116.27515,1.3916277369017955
10804,1019,34.293,-119.1646,-1.029830986070127
10805,1019,33.834,-116.797,-0.0767414540587558
10806,1019,35.3142,-119.99581,-0.8913843837159393
10807,1019,34.01438,-118.45617,1.4674044895573388
10808,1019,34.27091,-118.74407,0.7459157341222753
10809,1019,34.05933,-118.64614,-0.7563284339335873
10811,1019,33.829,-117.789,-0.747206959275045
10812,1019,34.30302,-119.18676,0.7568448616417797
10813,1019,33.664,-117.769,-0.9906470168141924
10814,1019,33.79033,-118.19878,-0.25383627112121
10815,1019,34.106,-117.098,0.4207472368122222
10817,1019,34.52775,-119.97834,-0.2335321916153318
10818,1019,34.38203,-117.67822,-0.7964732081138512
10820,1019,35.14592,-119.41946,0.1741465778128256
10824,1019,34.01919,-118.28631,-1.171373712153487
10825,1019,34.48364,-118.11783,-0.8853539279390201
10826,1019,35.84089,-119.08469,-0.8378942210478258
10827,1019,34.56065,-117.3296,0.2277758411206685
10828,1019,35.53664,-118.14035,0.4983470044855108
10831,1019,34.51085,-119.27407,-0.8765991400114689
10832,1019,34.00948,-117.95077,-0.1736475121365064
10833,1019,34.1717,-118.64971,0.9466265914589866
10834,1019,33.94869,-118.25547,-0.7555439303376358
10835,1019,33.99,-118.312,0.6836126175555335
10836,1019,34.312,-118.496,-0.4221466764559982
10837,1019,34.313,-118.498,-0.0036816381175582
10838,1019,34.3082,-118.5005,0.2427419966078615
10839,1019,34.148,-118.371,0.8184972149121074
10840,1019,34.194,-118.589,-0.9715088541187746
10841,1019,34.045,-118.522,-0.3035303692247733
10842,1019,34.196,-118.341,0.9254025073495784
10843,1019,34.004,-118.287,0.2533224042550953
10844,1019,34.029,-118.483,2.1064825435449515
10845,1019,34.25,-118.536,2.1945600182120737
10846,1019,34.434,-118.532,-1.2213242952119017
10847,1019,34.236,-118.439,0.0929182702845951
10848,1019,34.296,-118.375,-0.1635654944208455
10849,1019,34.289,-118.746,1.986868854129041
10850,1019,34.459,-118.65,0.5279617714948568
10851,1019,34.387,-118.533,1.3171892003966823
10852,1019,34.013,-118.8,-0.1446443579569112
10854,1019,34.154,-118.463,1.9978144298302865
10855,1019,34.327,-118.444,-0.5132650486556521
10856,1019,34.219,-118.429,0.6248292018041759
10857,1019,34.273,-118.464,0.1426952525108541
10858,1019,34.146,-118.413,1.4363348654773307
10859,1019,34.163,-118.5,-0.6014814458733353
10860,1019,34.219,-118.627,1.95680970021844
10861,1019,34.229,-118.527,2.365319337521668
10862,1019,34.222,-118.57,1.4221432347661425
10863,1019,34.167,-118.596,0.51710371131917
10864,1019,34.097,-118.352,0.2933735927486903
10865,1019,34.103,-118.316,0.7651969729626263
10866,1019,34.084,-118.307,1.0556630037135175
10867,1019,34.199,-118.396,0.2539286972064711
10868,1019,34.059,-118.479,0.3559987759867004
10869,1019,34.07,-118.346,-0.0886645633252329
10870,1019,34.413,-118.796,0.8449370136305614
10871,1019,34.185,-118.884,-0.3159875735527238
10872,1019,34.186,-118.929,1.4889697067250312
10873,1019,34.18,-118.76,-0.3855813360684734
10874,1019,34.271,-118.735,1.4955383834967722
10875,1019,34.262,-118.669,2.376988310974067
10876,1019,34.224,-118.994,1.1116140733947175
10877,1019,34.257,-118.995,1.201607242710162
10878,1019,34.139,-118.364,0.5625597435766089
10879,1019,34.193,-118.547,0.0934266953778904
10880,1019,34.03,-118.434,1.013253029662909
10881,1019,34.18,-118.336,-0.0752584642350815
10882,1019,34.007,-118.436,1.237967568300934
10883,1019,34.044,-118.443,0.7914076211148626
10884,1019,34.168,-118.379,-0.498228366133374
10885,1019,34.257,-118.503,0.1396864763415467
10886,1019,34.222,-119.04,0.1494074555784827
10887,1019,34.113,-119.119,1.81018820280878
10888,1019,34.208,-119.079,0.6655075012399361
10889,1019,34.6172,-118.285,0.3818751582203445
10891,1019,34.13065,-118.49205,-0.5644120085157811
10892,1019,34.1851,-118.447,0.5461686425860793
10894,1019,34.193,-118.51,-0.1872850611909385
10895,1019,34.2772,-118.56,2.56208669964257
10896,1019,34.28963,-118.50124,0.2793740112609383
10897,1019,34.24734,-118.60349,0.5652815869550278
10899,1019,34.24892,-118.4789,0.2443277816641552
10900,1020,33.3527,-115.733,-1.345491688454714
10901,1020,33.63461,-116.09534,-5.42185420914903
10902,1020,34.55046,-117.43391,-0.1320392025313383
10903,1020,34.68708,-118.29946,-0.7108308073348802
10904,1020,35.1269,-118.83009,-1.1533306749965555
10905,1020,32.68005,-116.67215,0.3948105970086372
10906,1020,34.2623,-116.92075,-0.7465078118684559
10907,1020,33.921,-116.981,0.8153098464218103
10910,1020,34.23883,-117.65853,-0.0340101029755257
10911,1020,34.069,-116.39,-1.220207379366903
10913,1020,33.268,-116.417,-0.6772388683674219
10914,1020,33.80776,-117.98116,1.035753284438702
10915,1020,33.01213,-115.21987,-1.6571683404177675
10916,1020,34.68224,-118.57398,0.39785816849819
10917,1020,33.4915,-116.667,-4.51604913480716
10918,1020,33.38822,-117.19495,2.4288189761122374
10919,1020,35.52495,-117.36453,-0.0672868005346864
10922,1020,33.999,-117.68,1.2924250892009026
10923,1020,33.4019,-118.41502,0.2850447996178227
10925,1020,33.655,-115.99,-1.384442497464014
10926,1020,34.63745,-115.38115,-0.3519086670816405
10927,1020,34.25353,-118.33383,0.3264767621377326
10928,1020,33.93597,-116.57794,-0.738781220833821
10929,1020,33.65,-117.009,1.9342689947445808
10930,1020,34.10618,-118.45505,-0.9403954330030938
10931,1020,33.567,-116.631,1.670999593973843
10932,1020,32.999,-116.942,1.5987212673301614
10936,1020,33.11675,-115.82267,-0.9531692999409338
10937,1020,33.71264,-118.29381,-2.028008042721509
10938,1020,33.051,-114.827,-1.3243745760843424
10940,1020,33.1537,-117.22921,1.416818431104009
10941,1020,35.30177,-116.80574,-1.1374165259002644
10942,1020,34.8294,-116.335,-1.2138826141860126
10944,1020,33.0859,-116.5959,-0.0616119414244107
10945,1020,35.98249,-117.80885,0.3629875364238866
10946,1020,34.36622,-116.61266,-0.2267116168091875
10947,1020,35.13066,-115.18416,-1.2307623710060738
10948,1020,34.9906,-118.34156,0.3816320118270425
10949,1020,34.80762,-118.86775,-0.5860925585182667
10950,1020,33.684,-117.943,0.8284192866477762
10951,1020,34.3656,-117.36683,-1.1261363126635553
10952,1020,33.3516,-116.5615,-2.0983270575398927
10953,1020,33.818,-116.369,0.9957638963933776
10955,1020,34.005,-117.562,1.3385735487991075
10956,1020,36.05799,-117.48901,-0.8840544003609099
10957,1020,33.808,-116.968,1.078961495881486
10958,1020,33.6,-117.195,1.965418136779204
10959,1020,34.78035,-116.55798,-0.2054590013166788
10960,1020,34.76759,-114.61881,0.8109426103667867
10961,1020,33.556,-115.946,-2.240594564871793
10962,1020,33.94539,-117.92372,0.4997567422127432
10963,1020,32.608,-116.93,0.7146370694294265
10964,1020,34.6145,-118.7235,-1.6870537788649012
10966,1020,34.1207,-117.63808,0.3728818726520291
10967,1020,33.862,-117.205,1.0866011082106808
10969,1020,33.354,-116.863,0.8568543890118487
10970,1020,33.7953,-117.60906,0.7697582366635043
10972,1020,33.824,-116.55,1.4213335105582603
10973,1020,34.09181,-117.80709,-0.5867013927759631
10974,1020,33.63,-116.8478,1.1124480945709252
10975,1020,34.281,-118.478,1.4865247975093223
10976,1020,34.10473,-117.97956,0.4555573431088272
10977,1020,33.74346,-118.40412,0.4069586563420557
10978,1020,34.87533,-116.99684,-0.3789751199327056
10979,1020,34.05073,-118.08085,1.3235353682886508
10980,1020,33.99351,-117.37545,1.1927784125455845
10981,1020,33.2801,-115.98585,0.3994758336106651
10983,1020,34.232,-117.235,-0.3568089479462832
10984,1020,33.553,-117.662,0.0565120778481668
10985,1020,32.784,-117.13805,0.2912117265465483
10987,1020,35.8996,-116.27515,-0.0260159058279665
10988,1020,35.89095,-117.28332,1.1034087324567374
10989,1020,33.834,-116.797,1.6844191890862146
10990,1020,34.05933,-118.64614,-0.844982257228933
10991,1020,33.829,-117.789,0.6113358259195776
10992,1020,33.664,-117.769,0.2090618893685256
10993,1020,34.106,-117.098,1.0487923444677094
10994,1020,32.94508,-115.79988,-0.997351897869886
10995,1020,34.38203,-117.67822,0.303204706331755
10999,1020,34.48364,-118.11783,0.3138995928193309
11000,1020,34.56065,-117.3296,0.5730267591683025
11001,1020,35.53664,-118.14035,-0.4096847425302665
11002,1020,32.75904,-115.73161,-0.8760632858063504
11003,1020,34.00948,-117.95077,1.1307679674438027
11004,1020,34.1717,-118.64971,2.120615522444187
11005,1021,37.41702,-121.9154,-0.3269361255830814
11006,1021,37.34655,-121.80774,-1.4968148221814468
11007,1021,37.40718,-122.00001,0.0895758542617831
11008,1021,37.376,-121.84367,-2.1969286213408865
11009,1021,37.27117,-121.98617,-0.6599995094577824
11010,1021,37.45098,-122.4287,0.5125306460818975
11011,1021,37.71633,-122.43117,2.5951431799883733
11012,1021,37.41395,-121.87085,-1.0198386870454137
11013,1021,37.36408,-122.01817,0.2476111621000991
11014,1021,37.87622,-122.23558,-1.752353247057429
11015,1021,37.91881,-122.15176,-1.2844180554997198
11016,1021,37.87352,-122.26099,-1.340835632431722
11017,1021,37.85727,-122.42266,2.1421464060346587
11018,1021,37.45035,-121.80037,-2.4581007788807314
11019,1021,37.74766,-121.70843,-0.7930409953258749
11020,1021,37.37289,-121.76887,-2.12981507883892
11021,1021,37.73786,-122.06486,1.0866923691707304
11022,1021,38.03455,-120.38651,-0.7633533900704119
11023,1021,37.81041,-121.80272,-1.386092872939749
11024,1021,37.69782,-123.0011,-1.2976339912447967
11025,1021,36.3887,-121.5514,0.6327815564087815
11026,1021,37.34305,-122.33976,1.2806209092418126
11027,1021,37.31861,-122.15314,-0.9345148923507884
11028,1021,37.17217,-122.01121,0.776577124027101
11029,1021,37.04922,-121.80722,0.2283828549348697
11030,1021,37.36045,-122.18986,0.7670276178304953
11031,1021,37.51604,-122.45815,1.581275926043938
11032,1021,37.21427,-122.17168,0.697164164873294
11033,1021,37.20631,-121.97726,0.0004198399776856
11034,1021,37.15432,-121.73467,0.8522498795123428
11035,1021,37.63719,-122.47482,0.3469310659208865
11036,1021,37.2708,-122.21276,0.4998793754833743
11037,1021,37.19855,-122.34671,0.7806720639338942
11038,1021,37.40373,-122.23868,-0.538877754840476
11039,1021,37.58225,-122.42006,1.1041754450985086
11040,1021,37.40372,-122.17596,0.2944311936708014
11041,1021,37.28397,-122.05017,-1.136256605532414
11042,1021,37.58644,-122.50217,1.004733510634355
11044,1021,37.6444,-118.89683,2.491501290957772
11045,1021,38.14478,-122.88018,-0.6638097442133919
11046,1021,37.34164,-121.64257,-2.070990405358785
11047,1021,37.65909,-118.97907,2.1633978551444915
11048,1021,38.00198,-122.47466,1.6080468652235138
11049,1021,38.33656,-122.81082,2.122378566117232
11050,1021,38.16488,-122.71296,1.3831298741571074
11051,1021,38.07601,-122.2585,0.2409666318012177
11052,1021,37.92371,-122.59649,1.3828889308947496
11053,1021,36.851,-121.402,0.2174300492384407
11054,1021,37.402,-122.025,1.005440650918406
11055,1021,37.553,-122.091,1.811802333667808
11057,1021,36.891,-121.404,0.2755198984819338
11058,1021,36.973,-121.568,0.9553604590498924
11059,1021,36.86,-121.54,-0.1793536883964203
11060,1021,36.982,-121.556,0.0270960352324841
11061,1021,36.987,-121.536,0.1328654718090353
11062,1021,37.05,-121.803,-0.1695830889989419
11063,1021,37.035,-121.57,-2.103626569719312
11064,1021,37.118,-121.55,-1.228707934009304
11065,1021,37.026,-121.484,1.1882048627844686
11066,1021,37.008,-121.287,-0.7476253786913913
20927,1021,38.99349,-123.07234,-2.8443253915178435
20929,1021,38.87874,-122.44277,-2.8794696213334428
20930,1021,37.81647,-122.06302,-1.1269401800191263
20931,1021,37.25898,-121.67311,-1.7903866348238475
20932,1021,37.9889,-122.2156,0.3269067060786131
20933,1021,37.94906,-122.40851,1.0165659236090692
20934,1021,37.72416,-122.11929,0.6067118336056436
20935,1021,37.80787,-122.3618,2.46481961717076
20936,1021,37.12043,-122.1552,-0.253775861056105
20937,1021,37.51704,-122.37731,0.1552049843076505
20938,1021,37.67433,-122.39855,1.3533558589849068
20939,1021,37.16067,-121.89899,1.1570788364963485
20940,1021,37.92144,-122.71806,1.4655025651386655
20941,1021,38.04962,-122.52331,1.9807089327550045
20942,1021,38.12282,-122.14921,-0.7416699394426092
20943,1021,38.233,-122.636,1.4040500303492738
20944,1021,37.76021,-122.41524,1.2606580958876523
20945,1021,37.77737,-122.39689,0.6086630264448951
20946,1021,37.76386,-122.4736,2.1044444849640414
20947,1021,37.762,-122.505,1.6064799009499249
20948,1021,37.40701,-122.0946,0.5230807120951964
20949,1021,37.4748,-122.2392,0.1999516891668277
20950,1021,37.30249,-121.97978,-0.2984736961752228
20951,1021,37.26748,-121.86656,-1.445113487153153
20952,1021,37.26352,-121.91617,-1.7583925967190557
20953,1021,37.30143,-121.9039,-1.2241234806081207
20954,1021,37.31816,-121.94354,0.5409418988936628
20955,1021,37.3066,-121.84915,-1.217271506934437
20956,1021,37.68,-121.739,-1.7555219151839832
20957,1021,37.59094,-122.36741,1.5860110456321326
20958,1021,37.74766,-122.42528,1.6147308803004348
20959,1021,37.74664,-122.38679,0.8534505163187165
20960,1021,37.39415,-122.06041,0.2076724173412433
20961,1021,37.59268,-122.07449,0.5668409011075827
20962,1021,37.71737,-121.72701,-2.0403954233368125
20963,1021,37.67928,-122.48405,2.9788785774207365
20964,1021,37.91056,-122.53778,2.623763488775831
20965,1021,37.88767,-122.29916,0.6856756721406464
20966,1021,38.03445,-122.27016,-0.8957122135938863
20967,1021,37.74484,-122.40134,0.8017147250703878
20968,1021,37.77934,-122.486,1.239559449471261
20969,1021,37.81076,-122.29252,0.6271386848937699
20970,1021,37.8251,-122.27606,0.3873573857307271
20971,1021,37.7986,-122.2684,0.490627425848451
20972,1021,37.72416,-122.44841,2.365612754507013
20973,1021,37.6806,-121.92098,-1.1887207476706934
20974,1021,37.86059,-122.29327,-0.1425218560792113
20975,1021,37.85835,-122.25252,0.5890247114962326
20976,1021,38.29027,-122.46125,-1.2162337497401636
20977,1021,37.37418,-122.0781,0.0906601449472655
20978,1021,38.4421,-122.6068,-0.1587996465529896
20979,1021,37.69169,-122.16982,-0.0767457193156384
20980,1021,37.23294,-121.77186,-0.9439531102316484
20981,1021,37.38332,-121.91088,-1.0594291203371031
20982,1021,37.28537,-121.93602,-0.9787800813284768
20983,1021,37.35834,-121.97775,0.240783764902935
20984,1021,37.68873,-121.78351,-2.3297024731785783
20985,1021,37.72688,-122.15092,0.42862170332433
20986,1021,37.8852,-122.03217,-1.3401534867437157
20987,1021,37.16346,-121.62645,-1.640056215887989
20988,1021,37.7294,-121.83346,-0.9238253447989344
20989,1021,37.85884,-121.99264,-1.1465334394410016
20990,1021,37.91233,-121.90716,-1.819807890963107
20991,1021,38.02691,-122.01599,-1.4457553876803495
20992,1021,38.80797,-122.7953,-1.3924780865852933
20995,1021,38.43951,-122.25272,-1.782708501719319
20996,1021,38.26021,-122.55179,-0.8842438968463607
20997,1021,38.30988,-122.943,2.2844978043307163
20998,1021,38.46769,-122.89651,0.3465399142495126
20999,1021,38.28043,-122.21582,-1.858076771342664
21000,1021,38.15486,-121.80438,-1.079027400937202
21001,1021,38.65651,-122.61441,-0.8972318013198527
21002,1021,38.04248,-122.79684,1.7578911016443983
21003,1021,37.99642,-123.01949,-0.7736504007553885
21004,1021,38.34878,-122.57795,0.0289970218111303
21005,1021,38.14361,-122.44969,-0.6076123746378295
21006,1021,38.24039,-122.79842,0.4407152033059481
21007,1021,38.38921,-122.66297,-0.1977405512789937
11067,1022,37.34655,-121.80774,-0.4309199351049759
11068,1022,37.27117,-121.98617,-0.0733352882243
11069,1022,37.16346,-121.62645,-0.8007519066288974
11070,1022,37.85727,-122.42266,1.292774838678692
11071,1022,37.04922,-121.80722,0.3017967746744071
11072,1022,37.21427,-122.17168,0.9071252114137854
11073,1022,37.20631,-121.97726,0.5216669736653928
11074,1022,37.15432,-121.73467,0.9451610235393476
11075,1022,37.2708,-122.21276,0.7432740419532795
11076,1022,37.19855,-122.34671,2.0093694035664065
11077,1022,37.28397,-122.05017,-0.3591174019541635
20610,1022,37.91881,-122.15176,-1.5590435272416925
20611,1022,37.87352,-122.26099,-2.1366995204077086
20612,1022,38.03455,-120.38651,-0.8835997652339551
20613,1022,37.69782,-123.0011,-1.524407518192831
20615,1022,37.34164,-121.64257,-1.440814462082867
20616,1022,38.87874,-122.44277,-2.01068288050739
20618,1022,37.008,-121.287,-0.0699517062304705
20619,1022,37.81647,-122.06302,-0.7815057106541905
20620,1022,37.25898,-121.67311,-0.2977955878695043
20621,1022,37.9889,-122.2156,-0.1675040554118208
20622,1022,37.94906,-122.40851,0.0870122970895502
20623,1022,37.72416,-122.11929,0.1547369727293749
20624,1022,37.80787,-122.3618,1.2744884881485772
20625,1022,37.12043,-122.1552,2.1044187851689493
20626,1022,37.51704,-122.37731,-0.0754954491368667
20627,1022,37.16067,-121.89899,1.7878514655913158
20628,1022,37.92144,-122.71806,0.3403097018302047
20629,1022,38.04962,-122.52331,1.060170716429679
20630,1022,37.76021,-122.41524,1.9678429186112627
20631,1022,37.54187,-122.30471,-0.05358811007279
20632,1022,37.26352,-121.91617,-0.2866057654911516
20633,1022,37.30143,-121.9039,-0.4474913135723158
20634,1022,37.31816,-121.94354,0.8252932809159513
20635,1022,37.3066,-121.84915,-0.1073998665829538
20636,1022,37.68,-121.739,-1.1314578812556635
20637,1022,37.41702,-121.9154,-0.3721744243584901
20638,1022,37.59094,-122.36741,0.3226273215728567
20639,1022,37.40718,-122.00001,-0.5048154099790546
20640,1022,37.39415,-122.06041,-0.0107786639094736
20641,1022,37.376,-121.84367,-1.3059658796415885
20642,1022,37.59268,-122.07449,-0.2488944252885307
20643,1022,37.71737,-121.72701,-1.1115150777977405
20644,1022,37.67928,-122.48405,1.4874140410378192
20645,1022,37.91056,-122.53778,1.618325250489473
20646,1022,37.74484,-122.40134,0.4020806582639277
20647,1022,37.71633,-122.43117,1.5539030456357448
20648,1022,37.81076,-122.29252,0.4732838395606814
20649,1022,37.72416,-122.44841,1.045678307376624
20650,1022,37.41395,-121.87085,-0.6222364187982887
20651,1022,37.6806,-121.92098,-1.1488584481438109
20652,1022,37.69169,-122.16982,-0.6418140194115661
20653,1022,37.23294,-121.77186,0.0755714318126847
20654,1022,37.38332,-121.91088,-0.6355539825908303
20655,1022,37.28537,-121.93602,-0.0896369874997172
20656,1022,37.35834,-121.97775,0.0330976269809763
20657,1022,37.68873,-121.78351,-1.231096061202858
20658,1022,37.8852,-122.03217,-1.036275274842325
20659,1022,38.01299,-122.13416,0.2878996808995008
20660,1022,37.74766,-121.70843,-0.9063858268927752
20661,1022,37.7294,-121.83346,-0.0897835801057738
20662,1022,37.37289,-121.76887,-1.1448105528806432
20663,1022,37.73786,-122.06486,0.4432990114701211
20664,1022,37.85884,-121.99264,-0.3741987395824547
20665,1022,37.91233,-121.90716,-1.5264668384960305
20666,1022,38.02691,-122.01599,-0.7801914630516028
20667,1022,37.34305,-122.33976,1.4210900742930368
20668,1022,37.31861,-122.15314,-0.7867080228774298
20669,1022,37.17217,-122.01121,1.5685707212441604
20670,1022,37.36045,-122.18986,0.0192796697038521
20671,1022,37.51604,-122.45815,0.3044445627713844
20672,1022,37.63719,-122.47482,-0.4817548668995399
20673,1022,37.58225,-122.42006,-0.0307199949092235
20674,1022,37.40372,-122.17596,0.0389499384169524
20675,1022,37.58644,-122.50217,-0.2123399774125029
20676,1022,38.26021,-122.55179,-1.0318335421164124
20677,1022,38.30988,-122.943,0.8993155300348905
20678,1022,38.33656,-122.81082,1.2270513788435484
20679,1022,38.15486,-121.80438,-0.6413469586603873
20680,1022,38.16488,-122.71296,0.335945962629924
20681,1022,38.07601,-122.2585,-0.6345700544942392
20682,1022,38.04248,-122.79684,0.8346206630229375
20683,1022,38.14361,-122.44969,-0.9586600952519936
20684,1022,38.38921,-122.66297,0.3158347509651095
11078,1023,38.441,-122.701,0.1387396763243908
11079,1023,37.762,-122.505,2.503971619233345
11080,1023,37.67928,-122.48405,2.3942096392338543
11081,1023,37.91056,-122.53778,3.183084072363987
11082,1023,38.03445,-122.27016,-1.0616973919660724
11083,1023,37.71633,-122.43117,3.611289412027762
11084,1023,38.29027,-122.46125,0.5024921438207474
11085,1023,38.4421,-122.6068,-0.1477387932244236
11086,1023,38.36743,-122.52403,0.8186777468000072
11087,1023,37.95397,-121.86554,-2.053292764981457
11088,1023,37.87622,-122.23558,-1.828701918162797
11089,1023,37.91881,-122.15176,-1.507441843032829
11090,1023,37.87352,-122.26099,-0.9191853539362176
11091,1023,37.85727,-122.42266,2.271742482889901
11092,1023,37.74766,-121.70843,0.4111729735442161
11093,1023,37.7294,-121.83346,0.1484644072522829
11094,1023,37.37289,-121.76887,-0.7450889583719839
11095,1023,37.73786,-122.06486,0.7083745629728514
11096,1023,37.81041,-121.80272,0.2726458931797643
11097,1023,37.85884,-121.99264,-0.0866221005393557
11098,1023,37.91233,-121.90716,-0.3360846503333833
11099,1023,38.02691,-122.01599,-0.3449879066551227
11100,1023,38.34526,-122.4584,0.1191726973554849
11101,1023,37.69782,-123.0011,0.5075200840050506
11102,1023,38.76927,-123.01486,-1.488120588358004
11103,1023,38.80797,-122.7953,0.3540576527266835
11104,1023,37.34305,-122.33976,0.9344947375922814
11105,1023,37.31861,-122.15314,0.2237634692188855
11106,1023,37.17217,-122.01121,1.923812006144323
11107,1023,37.04922,-121.80722,-0.4878672201616007
11108,1023,37.36045,-122.18986,1.8693125959341188
11109,1023,37.51604,-122.45815,1.1968226104065731
11110,1023,37.21427,-122.17168,0.7208619094553215
11111,1023,37.15432,-121.73467,0.7775979840517299
11112,1023,37.63719,-122.47482,1.4792036940498487
11113,1023,37.2708,-122.21276,1.630495103955494
11114,1023,37.19855,-122.34671,0.4854841924373423
11115,1023,37.40373,-122.23868,0.2714781914774306
11116,1023,37.58225,-122.42006,1.2554972193753409
11117,1023,37.40372,-122.17596,0.4756858273935602
11118,1023,37.28397,-122.05017,-0.1784563206229299
11119,1023,37.58644,-122.50217,2.000950193673911
11120,1023,38.87874,-122.44277,-3.083016373149373
11121,1023,38.43951,-122.25272,-0.484893735354129
11122,1023,38.26021,-122.55179,-1.2526453360544498
11123,1023,38.00198,-122.47466,1.73483738047571
11124,1023,38.30988,-122.943,1.676429133941725
11125,1023,38.46769,-122.89651,0.3389944990749711
11126,1023,38.28043,-122.21582,-0.7465617899119754
11127,1023,38.65651,-122.61441,-1.23768144309222
11128,1023,38.16488,-122.71296,0.2577980559386827
11129,1023,38.07601,-122.2585,0.2450923502432092
11130,1023,38.04248,-122.79684,1.7904653379201922
11131,1023,37.99642,-123.01949,-0.0399794043920786
11132,1023,38.34878,-122.57795,0.6084977972330687
11133,1023,37.92371,-122.59649,2.6197452435274124
11134,1023,38.24039,-122.79842,-1.0209976595124994
11135,1023,38.38921,-122.66297,-0.7979118753050495
11136,1023,39.2291,-121.7861,-1.062618970661824
11137,1023,37.62211,-121.75697,-1.6654284434185205
11138,1023,37.7934,-122.41636,2.3770359796082348
11139,1023,37.808,-122.476,1.5618002215150295
11140,1023,38.267,-122.658,-0.9962532438087576
11142,1023,38.33,-122.318,-0.1191430009734695
11143,1023,37.705,-122.467,3.5423965515387152
11144,1023,38.27,-122.276,0.4355644766932057
11145,1023,38.497,-122.759,-0.1052246447302204
11146,1023,38.438,-122.708,0.2058412139056067
11147,1023,38.471,-122.726,-0.7503673114331845
11148,1023,38.1157,-122.505,0.4648718434630411
19869,1023,38.03455,-120.38651,-1.225322220706615
19870,1023,39.65471,-122.71595,-5.2220502299250455
19872,1023,38.99349,-123.07234,-4.228677176908354
19873,1023,40.81745,-124.02955,-3.5907592796339016
19874,1023,38.14478,-122.88018,-1.1848026161736382
19875,1023,37.34164,-121.64257,-1.057892362539174
19876,1023,39.55451,-121.50036,-3.0691493082859576
19877,1023,37.008,-121.287,-0.0974543283970084
19880,1023,36.76403,-121.44722,-2.0892753284953307
19881,1023,37.81647,-122.06302,-0.4924454561696761
19882,1023,37.25898,-121.67311,-0.6335079209447432
19883,1023,37.9889,-122.2156,0.1107008220425664
19884,1023,37.94906,-122.40851,0.8885711347086018
19885,1023,37.72416,-122.11929,0.2268150284674533
19886,1023,37.80787,-122.3618,2.478049129262104
19887,1023,37.12043,-122.1552,0.5696952022606054
19888,1023,37.51704,-122.37731,0.925257084947039
19889,1023,37.67433,-122.39855,2.614028640847797
19890,1023,37.16067,-121.89899,2.459927663664503
19891,1023,38.04962,-122.52331,1.7117124427173604
19892,1023,38.12282,-122.14921,-1.0017615203382044
19893,1023,38.20025,-122.4644,-0.0409086944063609
19894,1023,38.233,-122.636,-0.2079602618037515
19895,1023,37.76021,-122.41524,1.2027700289093457
19896,1023,37.77737,-122.39689,1.1275411441618304
19897,1023,37.76386,-122.4736,2.1470051051216457
19898,1023,37.40701,-122.0946,1.0026092475306545
19899,1023,37.4748,-122.2392,2.065551117197596
19900,1023,37.16346,-121.62645,-0.063949503822426
19901,1023,37.45035,-121.80037,-0.7720099408704717
19902,1023,37.20631,-121.97726,1.0789268956560072
19903,1023,40.4756,-124.3375,-2.9820139607174188
19904,1023,40.6599,-123.21966,-4.063025103333688
19905,1023,40.8748,-123.7325,-3.3788680087992056
19906,1023,40.4175,-124.1206,-3.6425701375129176
19907,1023,40.2022,-123.7086,-3.416598639651665
19911,1023,40.5119,-121.5816,-1.947904507704912
19914,1023,38.15486,-121.80438,-1.30598503934428
19915,1023,38.14361,-122.44969,-0.8559900537551958
19917,1023,36.2159,-120.80126,-0.7429635842023314
11167,1025,34.084,-118.6,-0.9931856236698604
11168,1025,34.14647,-118.76699,-0.7881420523230743
11169,1025,35.1269,-118.83009,-1.475605561561735
11170,1025,34.2623,-116.92075,0.601954582327104
11171,1025,34.94009,-119.41313,-1.8988488199687656
11172,1025,34.23883,-117.65853,0.5854051216743172
11173,1025,33.80776,-117.98116,0.9586982969879814
11174,1025,34.68224,-118.57398,-0.0348521119582631
11175,1025,35.30819,-119.84583,-2.306065249984932
11177,1025,33.999,-117.68,0.784249581316192
11178,1025,33.4019,-118.41502,1.3478747145775534
11179,1025,32.8889,-117.1051,0.431878474708451
11180,1025,34.25353,-118.33383,0.2271751908884616
11181,1025,33.65,-117.009,0.7476685103063757
11182,1025,34.10618,-118.45505,-0.3985251462502721
11183,1025,33.567,-116.631,1.390547448122658
11184,1025,32.999,-116.942,2.8822934598972454
11186,1025,34.72832,-119.98803,-1.3670458646782522
11187,1025,33.71264,-118.29381,-0.5269821068369864
11188,1025,34.55266,-120.50235,-1.1011789809655987
11189,1025,35.30177,-116.80574,-0.0158103994745419
11190,1025,34.8294,-116.335,0.6264544355924847
11191,1025,35.66278,-118.47403,-2.6883854692939475
11192,1025,33.86889,-118.33143,1.4327054236557502
11193,1025,33.798,-118.08837,1.1046873903358527
11194,1025,34.00033,-118.37794,0.2802464194075783
11195,1025,34.9906,-118.34156,0.144350997588824
11196,1025,34.30529,-118.48805,-1.0304891818978028
11197,1025,33.9753,-118.14918,0.3836686920682355
11198,1025,34.10819,-119.06587,-2.185721157487675
11199,1025,33.684,-117.943,0.9102219200047106
11200,1025,34.28085,-118.9049,1.1770713300679212
11201,1025,34.88848,-119.81362,-2.021342960098411
11202,1025,34.22362,-118.05832,1.937894116194655
11203,1025,34.53412,-120.17737,-1.337641562316509
11204,1025,33.94539,-117.92372,0.8153583815785449
11205,1025,34.6145,-118.7235,-2.603012652997552
11206,1025,34.44199,-118.58215,-0.4536600573519097
11207,1025,33.96273,-118.43702,0.7086075300532242
11208,1025,33.354,-116.863,-0.2882163756321582
11209,1025,33.7953,-117.60906,0.2406636931577357
11210,1025,34.09181,-117.80709,-0.177766743661787
11211,1025,34.39558,-118.49837,-1.5368359645111684
11212,1025,33.63,-116.8478,1.3753882304884628
11213,1025,34.10473,-117.97956,1.0623634807034972
11214,1025,33.74346,-118.40412,0.9710054412702618
11215,1025,34.05073,-118.08085,2.198729197853722
11216,1025,33.99351,-117.37545,1.3609999206229615
11218,1025,34.44076,-119.71492,-2.0096542106688173
11220,1025,33.99543,-119.6351,-0.3590790494205613
11221,1025,33.553,-117.662,0.2761511427263897
11222,1025,34.43692,-119.1375,-2.493648006679596
11223,1025,34.293,-119.1646,-2.285184652264366
11225,1025,34.01438,-118.45617,-0.3242789515684366
11226,1025,34.27091,-118.74407,-1.4733148135918106
11227,1025,35.01108,-120.40997,-2.53967441825302
11228,1025,34.035,-116.808,-0.6655706327104733
11229,1025,34.05933,-118.64614,-1.442454671043968
11230,1025,33.829,-117.789,0.9865482901764384
11231,1025,34.30302,-119.18676,0.1320913226626397
11232,1025,33.664,-117.769,0.6711238508264142
11233,1025,34.106,-117.098,1.5584550574574607
11234,1025,34.52775,-119.97834,-2.001531858514535
11235,1025,34.38203,-117.67822,0.4872201659751283
11237,1025,35.14592,-119.41946,-1.1235007294495662
11238,1025,34.01919,-118.28631,0.7972516846331644
11239,1025,34.48364,-118.11783,0.5176476199035078
11240,1025,35.84089,-119.08469,-1.8789048043170689
11241,1025,34.51085,-119.27407,-1.3229381821606188
11242,1025,34.00948,-117.95077,1.034409804988422
11244,1025,33.813,-118.37,2.378016494132802
11245,1025,33.948,-118.184,1.9794994006408448
11246,1025,34.289,-118.746,0.4338351155798292
11247,1025,34.013,-118.8,1.005200776497843
11248,1025,34.154,-118.463,1.522650141059657
11249,1025,34.185,-118.623,0.2612455223974467
11250,1025,34.185,-118.884,1.1196562067934042
11251,1025,34.186,-118.929,1.600802907273916
11252,1025,34.141,-118.875,1.1922163467514033
11253,1025,34.18,-118.76,-0.7248437271375241
11254,1025,34.271,-118.735,-0.0956008855705427
11255,1025,34.262,-118.669,-0.1589585852486957
11256,1025,34.224,-118.994,-0.5225433820796511
11257,1025,34.257,-118.995,0.1480036866301558
11258,1025,34.03,-118.434,0.7805806413271803
11259,1025,34.193,-118.51,-0.6234478535236858
11284,1027,32.68005,-116.67215,0.6988088267715673
11285,1027,33.3527,-115.733,1.8793541036438863
11287,1027,35.2693,-116.0703,0.1763619676488675
11288,1027,34.68224,-118.57398,0.5109985329260757
11289,1027,34.155,-118.641,-0.9302304557737512
11290,1027,33.44577,-118.483,0.0513822700507539
11293,1027,34.0602,-117.809,-1.3557358736233052
11294,1027,33.876,-117.561,0.4234919808008859
11295,1027,33.93597,-116.57794,0.2144732583050546
11296,1027,33.65,-117.009,0.2459093709971628
11297,1027,34.88303,-117.99106,1.8012580189550949
11298,1027,34.1,-117.439,-1.3236083007224
11299,1027,35.082,-117.58267,0.2475604753821765
11300,1027,33.8717,-117.92251,-0.4707744255914309
11301,1027,36.46719,-116.86322,-0.699927711886882
11302,1027,33.051,-114.827,-0.5172474874891498
11304,1027,34.8294,-116.335,-0.5791746100504122
11305,1027,35.9823,-117.8076,0.5474174273376935
11306,1027,34.15037,-118.10156,-0.5619892176334931
11307,1027,34.61462,-118.29104,0.9969010093553288
11308,1027,34.61594,-117.82493,1.937086912692016
11309,1027,35.47954,-117.68212,1.1169548328264562
11310,1027,34.5214,-117.991,1.2181310231199287
11311,1027,34.3656,-117.36683,-0.7272162545107835
11313,1027,34.22362,-118.05832,0.3036090474239811
11314,1027,34.8249,-114.59941,0.4720225527602432
11315,1027,33.788,-117.844,0.5035333611870308
11316,1027,34.6145,-118.7235,-1.258041669461514
11317,1027,34.1484,-118.1711,-1.7114103893088453
11318,1027,33.354,-116.863,-0.8684856880076064
11319,1027,33.7953,-117.60906,-0.4299411987763234
11320,1027,33.74346,-118.40412,0.1094649885131922
11322,1027,34.05073,-118.08085,0.1752732297422299
11323,1027,33.99351,-117.37545,-0.6725969212191504
11324,1027,33.70432,-117.88578,0.6384380824811446
11326,1027,34.232,-117.235,-1.405207177718311
11327,1027,35.8996,-116.27515,0.7322014172425744
11328,1027,33.48725,-117.68114,1.4819516765618703
11329,1027,34.01438,-118.45617,-0.5216660022857338
11330,1027,34.416,-118.449,0.4766645148674636
11331,1027,33.1774,-115.616,-0.3553495136437277
11332,1027,34.106,-117.098,-0.2424042969580454
11333,1027,32.94508,-115.79988,1.5782065774717775
11334,1027,34.08377,-118.599,-0.8756173444242793
11336,1027,34.15607,-118.82039,-1.6086429482432552
11337,1027,34.48364,-118.11783,-1.1432812472083498
11338,1027,34.56065,-117.3296,0.6673001108484344
11339,1028,34.224,-117.331,-1.6907432119893917
11340,1028,34.19988,-118.36201,-0.0629810037518115
11341,1028,34.68708,-118.29946,0.4374176500390879
11342,1028,35.1269,-118.83009,-0.4596845369713849
11343,1028,32.68005,-116.67215,2.854934102144859
11344,1028,34.2623,-116.92075,-0.9197111184993852
11345,1028,33.921,-116.981,-1.7981524384203853
11346,1028,34.23883,-117.65853,0.0423420339916533
11347,1028,34.069,-116.39,-0.7477530117320621
11349,1028,33.268,-116.417,-0.3536469884186696
11350,1028,33.80776,-117.98116,0.2058524458110028
11351,1028,34.68224,-118.57398,0.905600345346982
11352,1028,33.4915,-116.667,-4.170469176789079
11353,1028,34.13678,-118.12199,-1.1468830081163317
11354,1028,33.38822,-117.19495,0.8604202391426417
11355,1028,35.30819,-119.84583,-1.567950254391728
11356,1028,35.52495,-117.36453,-0.4200361833372286
11359,1028,33.999,-117.68,-0.4352026186746203
11360,1028,33.4019,-118.41502,-0.0319239530327529
11361,1028,34.093,-117.317,0.4329528185173647
11363,1028,33.876,-117.561,1.6359626280050894
11364,1028,33.655,-115.99,0.3885170940320199
11365,1028,34.63745,-115.38115,-0.3555702386409524
11366,1028,34.25353,-118.33383,-0.0937086351286202
11367,1028,33.93597,-116.57794,-0.4766680932409718
11368,1028,33.65,-117.009,1.9709148029846268
11369,1028,34.10618,-118.45505,-1.441769737848664
11370,1028,33.84822,-118.09624,-0.3728411324592388
11371,1028,33.567,-116.631,0.4931930054414831
11372,1028,32.999,-116.942,2.163941512521875
11374,1028,32.65915,-116.10061,0.2272707738281798
11377,1028,33.11675,-115.82267,0.0029172596075253
11378,1028,34.72832,-119.98803,-1.984735637676212
11379,1028,33.71264,-118.29381,-2.8997182965444304
11380,1028,33.8717,-117.92251,-0.3178317256005534
11382,1028,33.051,-114.827,-1.1373413928946374
11384,1028,33.1537,-117.22921,0.6417487042050114
11385,1028,34.13677,-118.1283,-0.0369934897206247
11386,1028,35.30177,-116.80574,-0.4492030483307472
11387,1028,34.8294,-116.335,-1.1056247016979068
11388,1028,34.17643,-118.35967,-0.9892420153663772
11389,1028,34.121,-117.219,-0.7144940017330113
11391,1028,35.66278,-118.47403,-0.3946792323539085
11392,1028,33.0859,-116.5959,-0.1246902192493266
11393,1028,35.98249,-117.80885,-0.3911459418308532
11394,1028,34.36622,-116.61266,0.2415243673207847
11395,1028,34.15037,-118.10156,-0.6635446999109086
11396,1028,33.597,-117.879,-1.8246620659131008
11397,1028,33.86889,-118.33143,-0.19018748776341
11398,1028,34.00033,-118.37794,-0.7901241228088111
11399,1028,34.9906,-118.34156,0.6849646537920007
11400,1028,34.30529,-118.48805,-0.456374223044617
11401,1028,33.9753,-118.14918,-0.8970157318668375
11402,1028,34.10819,-119.06587,-0.763189573261047
11403,1028,34.80762,-118.86775,-0.6261730774015138
11404,1028,33.684,-117.943,-0.6601912774562639
11405,1028,35.47954,-117.68212,0.7169416959374926
11406,1028,33.881,-118.176,-0.346107239830086
11407,1028,34.3656,-117.36683,-1.0351761903389187
11408,1028,33.3516,-116.5615,-2.363087976957621
11410,1028,33.818,-116.369,0.6000618278844828
11411,1028,34.13688,-118.12601,-0.1668631123826246
11413,1028,34.005,-117.562,-0.0751468665672526
11414,1028,34.81258,-119.1453,-1.314087853663661
11415,1028,36.05799,-117.48901,-1.6461367443286583
11416,1028,34.88848,-119.81362,-1.253425122413148
11417,1028,33.808,-116.968,1.3948879041888085
11418,1028,33.6,-117.195,1.1597672265325158
11419,1028,34.22362,-118.05832,0.6237283681449606
11420,1028,34.78035,-116.55798,-0.1398403124555819
11421,1028,34.76759,-114.61881,0.4330175078455816
11422,1028,33.556,-115.946,0.2348339037978288
11423,1028,33.788,-117.844,-0.363549853844378
11424,1028,33.94539,-117.92372,-0.4068919459746909
11425,1028,32.608,-116.93,1.4316823843572095
11426,1028,34.6145,-118.7235,-1.5730239492389564
11427,1028,34.17141,-118.18523,-0.5964091853652647
11428,1028,34.44199,-118.58215,-1.1388519141520097
11429,1028,34.1207,-117.63808,-0.8357449002731964
11430,1028,33.862,-117.205,0.6948882687754204
11432,1028,33.354,-116.863,-1.252837835537082
11433,1028,33.7953,-117.60906,-0.9175269677678772
11435,1028,33.824,-116.55,-0.2361650291849582
11436,1028,34.09181,-117.80709,-1.2836406394103852
11438,1028,33.63,-116.8478,1.6237976074452796
11439,1028,34.281,-118.478,1.7930892062230208
11440,1028,34.10473,-117.97956,-1.5591621553034
11441,1028,33.74346,-118.40412,-0.5503954064250852
11442,1028,34.87533,-116.99684,0.2264980114409283
11443,1028,34.05073,-118.08085,-0.3212704660515137
11444,1028,33.99351,-117.37545,0.0027213025472672
11445,1028,33.183,-115.623,-1.5778089510752835
11446,1028,33.2801,-115.98585,0.1811700239170061
11447,1028,33.70432,-117.88578,-1.397984848307055
11450,1028,34.232,-117.235,-0.173988834962413
11451,1028,32.915,-118.4879,0.2452210712381277
11452,1028,33.99543,-119.6351,-0.0731115849179193
11453,1028,33.553,-117.662,-2.7393274941292747
11454,1028,32.784,-117.13805,-0.4081342788367711
11456,1028,34.43692,-119.1375,-2.198332482138211
11457,1028,32.9333,-115.7039,-0.985375703620022
11458,1028,32.944,-115.718,-2.7602648557472214
11459,1028,35.8996,-116.27515,1.462103726215414
11460,1028,35.89095,-117.28332,0.19023351308353
11461,1028,33.834,-116.797,-0.017759571708203
11462,1028,35.3142,-119.99581,-1.016505793137643
11463,1028,34.01438,-118.45617,-0.3268947280089904
11464,1028,34.05933,-118.64614,-1.366344627973255
11466,1028,33.829,-117.789,-0.2045592231369571
11467,1028,34.30302,-119.18676,0.2732473575367581
11468,1028,33.664,-117.769,-2.070788616058256
11469,1028,33.79033,-118.19878,-0.526462693345983
11470,1028,34.106,-117.098,-0.0817778130373725
11471,1028,32.94508,-115.79988,-0.2199878820337703
11472,1028,34.52775,-119.97834,-0.9179208116650844
11473,1028,34.38203,-117.67822,-0.2921367526937267
11478,1028,34.01919,-118.28631,-1.066608460454557
11479,1028,34.48364,-118.11783,0.8730276061955209
11480,1028,35.84089,-119.08469,-1.0805925754905463
11481,1028,34.56065,-117.3296,0.4471812398135468
11482,1028,35.53664,-118.14035,0.8441747775627219
11483,1028,32.75904,-115.73161,0.1840267142719983
11484,1028,34.51085,-119.27407,-2.221902813042497
11485,1028,34.00948,-117.95077,-0.9129000750005576
11486,1028,34.1717,-118.64971,1.685238771043461
11487,1028,33.94869,-118.25547,-0.0046321654922795
11488,1028,33.482,-116.911,1.5180561487692117
11489,1028,33.787,-116.959,1.2742337807143922
11490,1028,33.729,-116.979,0.9828694068742336
11491,1028,33.84,-117.957,-0.3608099648260556
11492,1028,33.786,-117.809,-1.051846408305407
11493,1028,33.863,-117.742,0.8325234034881365
11494,1028,33.917,-117.443,1.6710738876143012
11495,1028,33.968,-117.252,0.3315322477805678
11496,1028,33.565,-117.264,1.2113873327627147
11497,1028,33.751,-117.015,1.1761316474721029
11498,1028,33.577,-117.131,0.2722265151282131
11499,1028,33.818,-117.312,-0.1465234180009896
11500,1028,33.699,-117.267,1.3445645384353515
11501,1028,33.604,-117.279,0.2225525194571915
11502,1028,33.884,-117.514,1.6993910158999583
11503,1028,33.876,-117.593,0.7801696759216249
11504,1028,33.951,-117.446,0.8297322351669311
11505,1028,33.496,-117.149,0.4124081995400381
11506,1028,33.662,-117.997,0.4705832890677154
11507,1028,33.678,-117.753,0.0556240182015663
11508,1028,33.8556,-117.54,1.146544109502439
11509,1028,33.933,-117.896,0.6802438332661519
11510,1028,33.604,-117.906,-0.7837398304465938
11511,1028,33.889,-117.886,-0.5727486359494549
11512,1028,33.932,-117.955,-0.3294864588708369
11513,1028,33.927,-117.803,-0.7474824487196728
11514,1028,33.791,-117.968,0.4340022370429248
11515,1028,33.676,-117.963,-0.0733214044226305
11516,1028,33.819,-117.85,-0.4501068632276533
11517,1028,33.748,-117.844,-1.0308650919363058
11518,1028,33.742,-117.894,-0.1409974793400644
11519,1028,33.716,-117.904,-0.9173259314479718
11520,1028,33.7,-117.88,0.7355545552055052
11521,1028,33.895,-117.32,1.6044511734704818
11522,1028,33.975,-117.486,1.328894275855098
11523,1028,33.669,-117.332,1.8881592878637072
11524,1028,33.748,-117.127,1.2285099852154966
11525,1028,33.787,-117.23,1.3703525111243908
11526,1028,33.649,-117.205,2.658965618098215
11527,1028,33.723,-118.026,1.0887163363930186
11528,1028,33.962,-118.065,-0.0575755493070572
11529,1028,33.924,-118.167,0.8060171419328751
11530,1028,33.883,-118.117,0.1976526225023551
11531,1028,33.946,-118.0,0.6098114871332753
11532,1028,33.818,-118.108,0.9040615766413056
11533,1028,34.065,-117.893,1.2926384665948003
11534,1028,34.057,-117.698,0.3546112237474861
11535,1028,34.033,-117.312,0.8346695375067132
11536,1028,34.112,-117.681,0.5015057441431741
11537,1028,34.014,-117.511,0.7195692493086446
11538,1028,34.123,-117.54,1.6376220130067336
11539,1028,34.056,-117.748,1.96012517303014
11540,1028,34.096,-117.287,1.6906140655202886
11541,1028,34.063,-117.784,0.3148335852909854
11542,1028,34.069,-117.398,0.8275976325186526
11543,1028,34.1,-117.434,-0.1675451889393057
11544,1028,34.021,-117.866,0.3657235007845768
11545,1028,34.121,-117.738,2.245826422826269
11546,1028,34.002,-118.077,0.5134478086182784
11547,1028,34.193,-117.427,1.1749613591104766
11548,1028,34.00469,-117.22393,-0.5767551327985351
11549,1028,34.051,-117.25,1.0173330988963054
11550,1028,33.59967,-117.866,-0.2649367917288838
11551,1028,33.82177,-116.96836,-0.1182001951812116
11552,1028,34.103,-117.349,-0.7359893619798884
11554,1028,34.14,-117.294,0.0109439044877208
11555,1028,34.058,-117.305,2.1874048340018373
11556,1028,34.205,-117.365,0.6194901897407384
11558,1028,34.233,-117.482,0.2459430474334062
11559,1028,34.0869,-117.3114,0.9184140243951732
11560,1028,33.852,-117.451,3.099998717214415
11584,1030,37.95397,-121.86554,-2.235890425654413
11585,1030,37.87622,-122.23558,-1.66260668983691
11586,1030,37.91881,-122.15176,-1.41992263447737
11587,1030,37.16346,-121.62645,-0.9544317480296354
11588,1030,37.74766,-121.70843,-0.972221563955937
11589,1030,37.7294,-121.83346,-0.4121867538454566
11590,1030,38.03455,-120.38651,-1.0176246700022866
11591,1030,37.34305,-122.33976,1.0931969786637536
11592,1030,37.17217,-122.01121,0.8355247747585002
11593,1030,37.21427,-122.17168,0.6637590394739245
11594,1030,37.20631,-121.97726,0.5698766839984016
11595,1030,37.15432,-121.73467,0.5455042670170271
11596,1030,37.19855,-122.34671,0.910639500201656
11597,1030,37.40373,-122.23868,-1.545685589886429
11598,1030,37.58225,-122.42006,0.1270809225971603
11599,1030,37.40372,-122.17596,-0.2790712432722461
11600,1030,37.28397,-122.05017,-0.4304322115610551
11601,1030,37.6444,-118.89683,3.2919695820118724
11602,1030,37.34164,-121.64257,-1.6934564877779494
11603,1030,37.65909,-118.97907,3.3798043430344986
11605,1030,36.76403,-121.44722,0.6077712881319246
11606,1030,37.62211,-121.75697,-1.4910910960853496
11607,1030,36.851,-121.402,2.165242089350234
11608,1030,36.891,-121.404,1.812373677952708
19470,1030,37.87352,-122.26099,-2.341195012774264
19471,1030,37.69782,-123.0011,-1.7945201491461928
19472,1030,38.99349,-123.07234,-1.778353336155836
19475,1030,37.28744,-121.86422,-0.3727171090777498
19476,1030,37.81647,-122.06302,-0.6566314640224982
19477,1030,37.9889,-122.2156,0.0512609142905404
19478,1030,37.72416,-122.11929,-0.0986875036040549
19479,1030,37.12043,-122.1552,0.9261486557592444
19480,1030,37.51704,-122.37731,-0.1914862962340733
19481,1030,37.67433,-122.39855,0.3871801211187846
19482,1030,37.16067,-121.89899,1.4928013171094885
19483,1030,37.92144,-122.71806,0.6338040105791969
19484,1030,38.04962,-122.52331,0.7619672673674249
19485,1030,38.12282,-122.14921,-0.4760959734559207
19486,1030,37.77737,-122.39689,-0.2559561365741176
19487,1030,37.76386,-122.4736,0.8442683037722065
19488,1030,37.762,-122.505,0.9607427431202124
19489,1030,37.40701,-122.0946,0.0147925735479389
19490,1030,37.54187,-122.30471,0.115857051183412
19491,1030,37.30249,-121.97978,-0.3055802170967646
19492,1030,37.26748,-121.86656,-0.5991940372358792
19493,1030,37.26352,-121.91617,-1.0148764517342317
19494,1030,37.30143,-121.9039,-0.7030323753101717
19495,1030,37.31816,-121.94354,0.9725020555663564
19496,1030,37.3066,-121.84915,-0.6590009680751264
19497,1030,37.66,-121.873,-0.5418035128582431
19498,1030,37.68,-121.739,-0.7372778727893223
19499,1030,37.59094,-122.36741,0.572399694876779
19500,1030,37.40718,-122.00001,-0.4070310412170039
19501,1030,37.74664,-122.38679,0.8719893557633095
19502,1030,37.39415,-122.06041,-0.3457352355804183
19503,1030,37.45098,-122.4287,0.3185177183901198
19504,1030,37.59268,-122.07449,-0.0487567548057944
19505,1030,37.71737,-121.72701,-1.0725404202451776
19506,1030,37.67928,-122.48405,1.540622109501257
19507,1030,38.03445,-122.27016,-1.6727834813941216
19508,1030,37.85727,-122.42266,1.3413076074063863
19509,1030,37.85884,-121.99264,-0.2826018119738043
19510,1030,37.31861,-122.15314,-1.0121548774935385
19511,1030,37.51604,-122.45815,0.6018505880426297
19512,1030,37.63719,-122.47482,-0.551685816773688
19513,1030,37.58644,-122.50217,-0.171399397965878
19514,1030,38.04248,-122.79684,0.8796331212729726
19515,1030,37.9231,-122.5983,0.227328723645277
19516,1030,38.38921,-122.66297,-0.3138977556208682
11609,1031,37.27117,-121.98617,-0.8852533475359461
11610,1031,37.16346,-121.62645,-0.9030102574003488
11611,1031,37.45035,-121.80037,-0.1884088545973492
11612,1031,37.34305,-122.33976,0.9468377509015312
11613,1031,37.21427,-122.17168,0.4791855825672212
11614,1031,37.20631,-121.97726,-0.1250041104666983
11615,1031,37.15432,-121.73467,1.4105617521034393
11616,1031,37.2708,-122.21276,-0.0799928205511441
11617,1031,37.40372,-122.17596,-0.0838740276647889
11618,1031,37.008,-121.287,-1.1819525313762498
11619,1031,36.851,-121.402,-0.3350961908863185
11620,1031,37.141,-121.663,1.226319777327617
11621,1031,36.891,-121.404,-0.8294278942058241
19676,1031,37.91881,-122.15176,-0.6098981066355419
19677,1031,37.87352,-122.26099,-1.9429295993309108
19678,1031,38.03455,-120.38651,-1.58374357481267
19679,1031,37.69782,-123.0011,-1.864534748059188
19680,1031,38.99349,-123.07234,-1.1542489115391852
19682,1031,37.34164,-121.64257,-1.5685396839510437
19683,1031,38.87874,-122.44277,-1.669032516538787
19685,1031,35.945,-120.542,-0.6767053105592269
19686,1031,37.28744,-121.86422,-0.1945569334488637
19687,1031,37.81647,-122.06302,0.3671499796427871
19688,1031,37.25898,-121.67311,-0.7961910982594635
19689,1031,37.9889,-122.2156,0.6852760456626058
19690,1031,37.94906,-122.40851,0.0151584014764471
19691,1031,37.72416,-122.11929,0.0993321076809165
19692,1031,37.80787,-122.3618,1.3405108670337071
19693,1031,37.12043,-122.1552,1.152328435525115
19694,1031,37.51704,-122.37731,-0.375163773265062
19695,1031,37.16067,-121.89899,0.940134650769534
19696,1031,37.92144,-122.71806,0.9938485829159804
19697,1031,38.04962,-122.52331,1.119906035641566
19698,1031,38.233,-122.636,1.047690140826977
19699,1031,37.76021,-122.41524,0.6358762413946758
19700,1031,37.77737,-122.39689,-0.1782591487377596
19701,1031,37.75094,-122.49072,1.0313638020878286
19702,1031,37.76386,-122.4736,1.0241861722996402
19703,1031,37.762,-122.505,1.253154919465456
19704,1031,37.40701,-122.0946,-0.201821008465756
19705,1031,37.4748,-122.2392,-0.411695902055691
19706,1031,37.54187,-122.30471,-0.0064559366340907
19707,1031,37.26352,-121.91617,-1.4673660879825496
19708,1031,37.30143,-121.9039,-0.7291469455251096
19709,1031,37.31816,-121.94354,0.5873264117498149
19710,1031,37.3066,-121.84915,-0.8521511021228665
19711,1031,37.66,-121.873,-0.2461107084922505
19712,1031,37.68,-121.739,-0.0126982732251363
19713,1031,37.41702,-121.9154,-0.2684984595834029
19714,1031,37.59094,-122.36741,0.7539252831910304
19715,1031,37.74766,-122.42528,0.9030801951509608
19716,1031,37.85727,-122.42266,1.4960819219281
19717,1031,37.74766,-121.70843,-0.1632612965917225
19718,1031,37.7294,-121.83346,0.2111698792336361
19719,1031,37.85884,-121.99264,0.1938836308807514
19720,1031,37.91233,-121.90716,-1.158886432326356
19721,1031,38.02691,-122.01599,-0.8658751376829112
19722,1031,37.31861,-122.15314,-1.3186355468923283
19723,1031,37.17217,-122.01121,0.6981671623843898
19724,1031,37.04922,-121.80722,-1.001950360352892
19725,1031,37.36045,-122.18986,-0.6176884449255715
19726,1031,37.51604,-122.45815,0.5225978428243948
19727,1031,37.63719,-122.47482,-0.8092582950072144
19728,1031,37.19855,-122.34671,1.2421343467469463
19729,1031,37.58225,-122.42006,0.0942740970337215
19730,1031,37.28397,-122.05017,-0.8166961296398657
19731,1031,37.58644,-122.50217,-0.227371710739715
19733,1031,37.6444,-118.89683,2.343974156916765
19734,1031,37.65909,-118.97907,2.4242034421722263
19735,1031,38.26021,-122.55179,-0.3312013037942611
19736,1031,38.30988,-122.943,-0.6668685783884013
19737,1031,38.33656,-122.81082,1.2674888166511231
19738,1031,38.46769,-122.89651,-0.0952115006404331
19739,1031,38.28043,-122.21582,-1.3037177029111189
19740,1031,38.15486,-121.80438,-0.6559163953549498
19741,1031,38.16488,-122.71296,0.4707234531455921
19742,1031,38.07601,-122.2585,0.0092601992831892
19743,1031,38.04248,-122.79684,1.00756876030054
19744,1031,37.99642,-123.01949,-0.9894784917055598
19745,1031,38.34878,-122.57795,1.4283437830126482
19746,1031,38.14361,-122.44969,-0.6192685469118467
19747,1031,38.38921,-122.66297,0.1025435384964779
11622,1032,37.27117,-121.98617,-1.333610968767614
11623,1032,36.61809,-121.31468,2.993066567549881
11624,1032,37.16346,-121.62645,-1.2765087208187773
11625,1032,37.45035,-121.80037,-0.7889962021005964
11626,1032,37.73786,-122.06486,0.060893786166497
11627,1032,36.68011,-119.02282,3.134544157874699
11628,1032,37.17217,-122.01121,0.3030242678890186
11629,1032,36.92745,-121.82764,-0.6978915345345209
11630,1032,37.21427,-122.17168,0.2016609511354341
11631,1032,37.20631,-121.97726,-0.0519270744100007
11632,1032,37.15432,-121.73467,1.1123473950432805
11633,1032,37.2708,-122.21276,-0.4331216375198348
11634,1032,37.40373,-122.23868,-2.096723610471672
11636,1032,37.34164,-121.64257,-2.357414366806692
11637,1032,37.65909,-118.97907,3.6705168496385583
11638,1032,37.008,-121.287,0.7706675389526797
11640,1032,36.2159,-120.80126,1.5613973359925322
11641,1032,36.0688,-120.59618,1.5305288930215415
11642,1032,35.63597,-120.86984,2.2524983042031246
11643,1032,37.28744,-121.86422,-0.1951396040008079
11644,1032,37.62211,-121.75697,-2.2394222992320603
11645,1032,36.851,-121.402,2.184353733004397
11646,1032,36.891,-121.404,1.829468948132638
11647,1032,36.86,-121.54,1.5032104161931976
11648,1032,36.671,-121.642,2.2996476950572244
11649,1032,36.807,-121.778,0.3825593068590868
11650,1032,36.862,-121.578,1.3455856440791
11651,1032,36.987,-121.536,0.5029916136769541
11652,1032,36.848,-121.397,2.632979952762984
21288,1032,37.91881,-122.15176,-1.960291885148465
21289,1032,37.87352,-122.26099,-2.2342884098223528
21290,1032,38.03455,-120.38651,-0.9405748291994528
21291,1032,37.69782,-123.0011,-2.100952599942455
21293,1032,36.3887,-121.5514,3.3110813260373546
21294,1032,38.99349,-123.07234,-2.0462097790536524
21296,1032,38.14478,-122.88018,-1.603849570706661
21297,1032,38.87874,-122.44277,-2.68811316109345
21298,1032,39.55451,-121.50036,-1.0618369038113025
21300,1032,39.2291,-121.7861,-0.180050329609112
21301,1032,37.25898,-121.67311,-1.8552068648868576
21302,1032,37.72416,-122.11929,-0.8273987686726247
21303,1032,37.12043,-122.1552,0.4192653918748182
21304,1032,37.16067,-121.89899,0.907729017692798
21305,1032,37.40701,-122.0946,-0.6637609195060623
21307,1032,37.85727,-122.42266,1.2302028364650988
21308,1032,37.74766,-121.70843,-0.4430388038451915
21309,1032,37.7294,-121.83346,-1.039731425228123
21310,1032,37.37289,-121.76887,-1.2170388106248209
21311,1032,37.81041,-121.80272,-1.3376869638382691
21312,1032,37.9889,-122.2156,-0.3804515141404206
21313,1032,37.85884,-121.99264,-0.8096190576221655
21314,1032,37.91233,-121.90716,-1.784041374810439
21315,1032,38.02691,-122.01599,-1.837730902602508
21316,1032,37.0254,-121.4845,-0.5323500443055014
21317,1032,37.34305,-122.33976,0.3061627019611716
21318,1032,37.31861,-122.15314,-1.8239671817670229
21320,1032,37.36045,-122.18986,-0.7818836156331399
21321,1032,37.51604,-122.45815,0.3153210907000288
21322,1032,37.63719,-122.47482,-0.989193821770627
21323,1032,37.79499,-122.4746,-0.6047741967200075
21324,1032,37.19855,-122.34671,0.5909621035634169
21325,1032,37.58225,-122.42006,-0.521184692932659
21326,1032,37.40372,-122.17596,-0.6992387044009002
21327,1032,37.58644,-122.50217,-0.4096348434313873
21328,1032,37.6444,-118.89683,3.4986039366278363
21329,1032,38.26021,-122.55179,-1.175183698574343
21330,1032,38.00198,-122.47466,0.2357970659815922
21331,1032,38.15486,-121.80438,-1.7911887857862436
21332,1032,38.07601,-122.2585,-1.152014552563949
21333,1032,37.92371,-122.59649,0.1512454930757422
21334,1032,35.73065,-120.24986,-0.0529648494018767
21335,1032,35.40773,-120.54556,2.743672025901989
21336,1032,35.86661,-120.4796,2.3768345957338
21337,1032,35.82404,-121.05393,-2.7578417662716186
11653,1033,37.40718,-122.00001,-0.433653055713852
11654,1033,37.376,-121.84367,-1.9346539436288697
11655,1033,37.27117,-121.98617,-1.697285738085355
11656,1033,37.87622,-122.23558,-1.3911837479410016
11657,1033,37.87352,-122.26099,-1.465123646078962
11658,1033,37.16346,-121.62645,-1.4590617464792324
11659,1033,37.85727,-122.42266,2.561947968154352
11660,1033,37.45035,-121.80037,-0.9888486866844342
11661,1033,37.74766,-121.70843,0.1726886414132821
11662,1033,37.25898,-121.67311,-1.2699242501709214
11663,1033,37.37289,-121.76887,-1.280757459602391
11664,1033,37.73786,-122.06486,0.1106476468324774
11665,1033,37.81041,-121.80272,-1.2159543200594518
11666,1033,37.94906,-122.40851,1.2094996415589925
11667,1033,37.91233,-121.90716,-1.7206819654203682
11668,1033,36.3887,-121.5514,0.5005147152003561
11669,1033,37.0254,-121.4845,-1.2471381548430327
11670,1033,37.34305,-122.33976,2.433107088018679
11671,1033,37.17217,-122.01121,0.182852108886364
11672,1033,37.04922,-121.80722,-2.276303549532416
11673,1033,36.92745,-121.82764,-1.356508038442537
11674,1033,37.36045,-122.18986,0.8152847346887339
11675,1033,37.51604,-122.45815,2.5633216720550647
11676,1033,37.21427,-122.17168,0.9408986531266028
11677,1033,37.20631,-121.97726,-0.2790074507814812
11678,1033,37.15432,-121.73467,-1.776948970628773
11679,1033,37.63719,-122.47482,1.0849495537106926
11680,1033,37.79499,-122.4746,0.5434113819015838
11681,1033,37.19855,-122.34671,0.9115492753493716
11682,1033,37.58225,-122.42006,1.0624301636573472
11683,1033,37.67433,-122.39855,1.4226395793706217
11684,1033,37.58644,-122.50217,2.0216905693934093
11685,1033,37.34164,-121.64257,-0.3476333914492969
11686,1033,38.00198,-122.47466,1.4524490214396726
11687,1033,38.33656,-122.81082,2.261226669874546
11688,1033,38.04962,-122.52331,2.2784854010837585
11689,1033,37.92371,-122.59649,1.751129477943174
11690,1033,37.008,-121.287,-0.4701339248954848
11691,1033,37.28744,-121.86422,-0.7169100570823465
11692,1033,37.62211,-121.75697,-1.671919222725701
11693,1033,37.39631,-121.75803,-0.8161608083781215
11694,1033,37.468,-122.308,1.6258461288337824
11696,1033,37.79202,-122.26382,0.8973122289180017
11697,1033,37.118,-121.55,-0.0021411187617444
11698,1033,37.224,-121.74,0.7211824847692353
11699,1033,37.29,-121.764,-0.8945098664352729
11700,1033,37.001,-121.522,-0.3532031918538343
11701,1033,37.124,-121.551,-1.2442434586337687
11702,1033,37.21,-121.803,-0.30995302358673
11703,1033,37.329,-121.937,-0.6951725012844955
11704,1033,37.484,-122.313,1.768369664428227
11705,1034,33.3527,-115.733,-0.0276008658366627
11707,1034,35.2693,-116.0703,1.0713893631225806
11708,1034,34.68224,-118.57398,1.0646233594355492
11709,1034,33.4019,-118.41502,0.452144599754556
11711,1034,34.0602,-117.809,-0.823350475421667
11712,1034,33.876,-117.561,0.2857224258092615
11713,1034,34.63745,-115.38115,0.623797249775667
11714,1034,33.93597,-116.57794,-0.3052621824147449
11715,1034,33.65,-117.009,-0.2475657317586178
11716,1034,32.805,-115.447,-0.7343433028108081
11717,1034,34.88303,-117.99106,0.763415558411984
11718,1034,34.1,-117.439,-0.7971910644526451
11719,1034,35.082,-117.58267,0.4862073354487006
11720,1034,33.8717,-117.92251,-0.5040904965710055
11721,1034,36.46719,-116.86322,-0.0762390591694312
11722,1034,33.051,-114.827,-0.8173384573213254
11724,1034,35.30177,-116.80574,-0.3450342252154087
11725,1034,34.8294,-116.335,-0.4090381355046578
11726,1034,33.0859,-116.5959,0.356078319601494
11727,1034,34.15037,-118.10156,0.1744608282502908
11728,1034,34.61462,-118.29104,0.9726319844207484
11729,1034,34.61594,-117.82493,1.8533928404536228
11730,1034,34.5214,-117.991,1.5505382944354211
11731,1034,34.3656,-117.36683,-0.9522767258885956
11732,1034,34.005,-117.562,0.3009180290407517
11734,1034,34.22362,-118.05832,0.6026281023412428
11735,1034,34.8249,-114.59941,0.9606688758016116
11736,1034,34.6145,-118.7235,-1.001577809503491
11737,1034,34.1484,-118.1711,-1.3461630325523122
11739,1034,33.354,-116.863,-0.3926192524236401
11740,1034,33.7953,-117.60906,-0.794947516527392
11741,1034,33.74346,-118.40412,0.0501790349667386
11743,1034,34.05073,-118.08085,0.9859073829487216
11744,1034,33.99351,-117.37545,0.5096262714162642
11745,1034,33.70432,-117.88578,-0.0869040607410925
11746,1034,34.44076,-119.71492,-0.860074516687235
11747,1034,34.232,-117.235,-0.7669392560450163
11748,1034,32.9799,-118.54697,-0.2560657372150104
11749,1034,35.8996,-116.27515,1.1892077305758195
11750,1034,34.01438,-118.45617,0.076574426739217
11751,1034,34.27091,-118.74407,-1.0528035285222397
11752,1034,32.841,-117.248,0.431366366178295
11753,1034,34.416,-118.449,-0.1149310768829609
11754,1034,34.106,-117.098,1.6707132002732823
11755,1034,32.94508,-115.79988,0.4678883134774202
11756,1034,34.38203,-117.67822,0.0192543524206502
11757,1034,34.15607,-118.82039,-1.3830946877162829
11758,1034,34.01919,-118.28631,-0.6247341815964672
11759,1034,34.48364,-118.11783,-1.4385420033063827
11760,1034,34.56065,-117.3296,0.5830294961960677
11761,1035,34.312,-118.496,-1.050411889762915
11762,1035,34.313,-118.498,-0.799889543594086
11763,1035,34.258,-118.301,-0.9734600520515694
11764,1035,34.207,-118.233,0.4717866863510077
11765,1035,34.127,-118.346,0.5831757112402046
11766,1035,34.148,-118.371,0.7524672613698355
11767,1035,34.196,-118.341,-0.2751337715902972
11768,1035,34.174,-118.2,0.4463117221099083
11769,1035,34.387,-118.533,-0.5648646956526817
11770,1035,34.143,-118.304,-0.0294835009576181
11771,1035,34.327,-118.444,0.039774804094185
11772,1035,34.219,-118.429,0.7715169333280684
11773,1035,34.172,-118.42,0.4719091623283168
11774,1035,34.084,-118.307,1.287731684879473
11775,1035,34.199,-118.396,-0.8753917840165311
11776,1035,34.07,-118.346,0.7482285594181275
11777,1035,34.271,-118.735,0.1880938907439476
11778,1035,34.262,-118.669,1.1267067497962218
11779,1035,34.139,-118.364,0.5590556433910095
11780,1035,34.18,-118.336,-1.1806643850485534
11781,1035,34.044,-118.443,0.1591580415522196
11782,1035,34.029,-118.409,0.3788879058184146
11783,1035,34.056,-118.274,1.0353214293498167
11784,1035,34.6172,-118.285,0.396664572763974
11785,1035,34.19658,-118.02307,1.171385587046173
11786,1035,34.073,-118.117,0.206002602545277
11787,1035,34.09671,-118.47946,0.9942029093940804
11788,1035,34.14647,-118.76699,-0.1466660391622802
11789,1035,34.68708,-118.29946,-1.6235195738598265
11790,1035,32.68005,-116.67215,0.7127599266018221
11791,1035,34.1949,-118.354,0.2052932693801722
11792,1035,34.2623,-116.92075,0.7088617201467127
11793,1035,33.57508,-117.26119,1.165591360484903
11794,1035,34.069,-116.39,0.0094462439075819
11795,1035,33.268,-116.417,0.2234855452190928
11796,1035,34.68224,-118.57398,-0.0073311965223905
11797,1035,33.38822,-117.19495,0.5343851908605131
11799,1035,33.999,-117.68,-0.778891472776868
11800,1035,33.4019,-118.41502,0.1832233356188063
11801,1035,34.093,-117.317,0.953566377261087
11802,1035,33.655,-115.99,0.644718917189651
11803,1035,33.93597,-116.57794,0.048747972178406
11804,1035,33.65,-117.009,1.097372703361048
11805,1035,34.10618,-118.45505,-0.9103160430865188
11806,1035,34.88303,-117.99106,-0.422797311158313
11807,1035,35.082,-117.58267,0.986154073275988
11808,1035,33.1537,-117.22921,0.2712269729706985
11810,1035,34.1192,-117.809,-0.1211813068146327
11811,1035,34.13677,-118.1283,-0.7943618338994489
11812,1035,35.30177,-116.80574,0.3199816140949474
11813,1035,34.8294,-116.335,0.9952365084295556
11814,1035,34.17643,-118.35967,-0.5781032862364172
11815,1035,35.66278,-118.47403,-2.164928750620273
11816,1035,33.0859,-116.5959,0.259154942010981
11817,1035,35.9823,-117.8076,0.8951734725272732
11818,1035,34.15037,-118.10156,-1.1777400337672763
11819,1035,33.7141,-116.7119,0.0938100118724912
11820,1035,34.00033,-118.37794,0.6370707288290338
11821,1035,34.61462,-118.29104,0.2127439880064672
11822,1035,34.30529,-118.48805,0.5784178300394711
11823,1035,34.10819,-119.06587,0.6011124233830915
11824,1035,34.61594,-117.82493,0.2830619308019985
11825,1035,34.5214,-117.991,0.2682647148494188
11826,1035,34.3656,-117.36683,0.1450792429647071
11827,1035,33.3516,-116.5615,-0.4615919685397054
11828,1035,33.818,-116.369,0.4861796435185054
11829,1035,34.005,-117.562,0.37638141565646
11830,1035,34.28085,-118.9049,0.0225832419321873
11831,1035,33.808,-116.968,1.2532452369215266
11832,1035,34.22869,-118.55829,0.8861463546679548
11833,1035,33.94539,-117.92372,-1.3453753971353966
11834,1035,34.6145,-118.7235,-1.2271849768425442
11835,1035,34.1484,-118.1711,-2.7504688588295165
11836,1035,34.44199,-118.58215,-0.5626978117272381
11837,1035,34.1207,-117.63808,-0.4074092038935985
11839,1035,35.40773,-120.54556,-0.5114714028036635
11840,1035,33.82436,-116.51195,1.1009496713163258
11841,1035,33.354,-116.863,-0.3509461321065772
11842,1035,33.7953,-117.60906,0.0193817889417865
11843,1035,36.30523,-119.24384,-0.3411931518683422
11844,1035,34.10473,-117.97956,-1.2405580995646417
11845,1035,33.74346,-118.40412,-0.6135268968564584
11846,1035,34.05073,-118.08085,-0.9313295791043708
11847,1035,33.99351,-117.37545,0.1588977207234453
11848,1035,34.44076,-119.71492,-0.2092482886437855
11849,1035,34.232,-117.235,-0.609797004207287
11850,1035,33.99543,-119.6351,0.8460568649653459
11851,1035,33.553,-117.662,-0.6476091278341929
11852,1035,34.293,-119.1646,-1.5953455286801412
11853,1035,35.89095,-117.28332,0.8179683756440155
11854,1035,34.01438,-118.45617,-0.1003103610179915
11855,1035,33.24787,-119.52437,-0.1375835923606697
11856,1035,34.416,-118.449,-1.2114223169617058
11857,1035,36.1355,-118.81099,-1.046325809336875
11858,1035,33.829,-117.789,-0.257069615752544
11859,1035,34.30302,-119.18676,2.2150008895853825
11860,1035,34.106,-117.098,0.9911457031996882
11861,1035,34.38203,-117.67822,0.0835674870842542
11862,1035,34.08377,-118.599,0.1561946828356489
11863,1035,34.15607,-118.82039,-0.6162923404559624
11864,1035,34.01919,-118.28631,-1.854327661690648
11865,1035,34.48364,-118.11783,-0.295030173694753
11866,1035,35.84089,-119.08469,-0.8158272623759729
11867,1035,34.56065,-117.3296,1.1708448036835677
11868,1035,33.94869,-118.25547,-0.3002821327744831
11885,1038,34.084,-118.6,-0.3449105279296479
11886,1038,34.3968,-119.299,0.5403103045595744
11887,1038,34.155,-118.641,-0.707706819374025
11888,1038,34.55046,-117.43391,1.2292800635310217
11889,1038,34.14647,-118.76699,-0.1256328705376428
11890,1038,34.68708,-118.29946,0.1770749120401377
11891,1038,35.1269,-118.83009,-1.4746987543840149
11892,1038,35.34444,-119.10445,-1.191625064204963
11894,1038,34.2623,-116.92075,0.3605632597102041
11896,1038,34.23883,-117.65853,0.1698682467561462
11897,1038,34.069,-116.39,-0.3451050348125275
11899,1038,34.68224,-118.57398,0.3984325978798571
11900,1038,35.52495,-117.36453,-0.1464258738777586
11901,1038,36.5504,-117.80295,-0.014736554434934
11903,1038,33.999,-117.68,0.7586018707739495
11904,1038,33.4019,-118.41502,0.4939299859048208
11908,1038,34.25353,-118.33383,0.2297581600023122
11909,1038,33.65,-117.009,0.2246775748624061
11910,1038,34.10618,-118.45505,-0.4098645281245358
11911,1038,33.567,-116.631,1.114137061181344
11913,1038,34.88303,-117.99106,0.786504975059702
11917,1038,34.72832,-119.98803,-2.3833262768239623
11918,1038,33.71264,-118.29381,-0.1519657644436993
11920,1038,35.30177,-116.80574,-0.2759465134814896
11921,1038,34.8294,-116.335,1.1223864865063669
11923,1038,35.66278,-118.47403,-1.3769381917534729
11924,1038,33.0859,-116.5959,0.4796850013503895
11925,1038,35.98249,-117.80885,0.0588328132600608
11926,1038,33.86889,-118.33143,1.4272678281300744
11927,1038,34.00033,-118.37794,0.5128330297574504
11928,1038,34.73551,-120.27996,0.1524043981487898
11930,1038,34.9906,-118.34156,1.0526436647950763
11931,1038,34.30529,-118.48805,0.3555726227274035
11932,1038,34.10819,-119.06587,-0.8210595036857056
11933,1038,34.80762,-118.86775,-0.3056908353771873
11934,1038,34.61594,-117.82493,1.5430250546548534
11935,1038,33.684,-117.943,0.113399570809688
11936,1038,34.93439,-117.69629,0.2849897113397461
11937,1038,35.47954,-117.68212,-0.4065504526906149
11938,1038,34.3656,-117.36683,-0.063169891252077
11942,1038,34.005,-117.562,0.3377569109983759
11943,1038,34.28085,-118.9049,-0.480187097259514
11944,1038,34.81258,-119.1453,-1.299329679554488
11945,1038,36.05799,-117.48901,-1.3715167511159092
11947,1038,34.22362,-118.05832,1.2003136043344715
11948,1038,34.53412,-120.17737,0.82819719284516
11949,1038,33.94539,-117.92372,0.4881973400368412
11950,1038,34.6145,-118.7235,-1.1142606558283092
11951,1038,34.1484,-118.1711,-0.9168651005349984
11952,1038,34.44199,-118.58215,0.3196965072680476
11954,1038,35.40773,-120.54556,-0.5116461957346428
11955,1038,35.945,-120.542,-2.230494560713098
11956,1038,33.354,-116.863,-0.6920006715860247
11957,1038,33.7953,-117.60906,-0.2552028331567269
11958,1038,33.63,-116.8478,1.4134407016839283
11959,1038,34.281,-118.478,1.416489957044626
11960,1038,33.74346,-118.40412,0.6420382394973789
11961,1038,34.87533,-116.99684,0.3275361897195171
11962,1038,34.05073,-118.08085,0.3716518558968083
11963,1038,33.99351,-117.37545,0.0376591415512151
11966,1038,34.44076,-119.71492,-1.8874100110409464
11968,1038,33.99543,-119.6351,0.2343820982775511
11969,1038,33.553,-117.662,-0.2379972197400986
11970,1038,34.56547,-120.50137,-0.3023022603369778
11972,1038,34.43692,-119.1375,-0.8802378009629458
11973,1038,34.293,-119.1646,0.2476010220846345
11974,1038,35.89095,-117.28332,0.019432594144962
11975,1038,33.834,-116.797,0.0391132341525382
11976,1038,34.90218,-120.44709,-1.3088932984581945
11977,1038,35.3142,-119.99581,-1.3800706763439512
11978,1038,34.01438,-118.45617,-0.2287939616436465
11979,1038,33.24787,-119.52437,-0.0844530319195448
11980,1038,34.05933,-118.64614,0.4042570731770408
11981,1038,36.1355,-118.81099,-0.1518977415797842
11982,1038,33.829,-117.789,-0.4597534071303445
11983,1038,34.30302,-119.18676,1.8785941255738223
11984,1038,33.664,-117.769,-0.436539995368406
11985,1038,34.106,-117.098,0.6692801081702606
11986,1038,34.52775,-119.97834,-1.3369998208478246
11987,1038,34.38203,-117.67822,0.7037908531147691
11989,1038,35.14592,-119.41946,-0.7306215772368444
11991,1038,34.15607,-118.82039,-0.0663252123642652
11993,1038,34.413,-119.8427,1.374862671353809
11994,1038,34.48364,-118.11783,0.3584877733972527
11995,1038,35.84089,-119.08469,-0.7666516692338226
11996,1038,35.53664,-118.14035,0.2255147175507291
11997,1038,34.51085,-119.27407,0.1117692611160873
11998,1038,34.00948,-117.95077,0.7090056045597232
11999,1038,34.1717,-118.64971,1.1191912581636303
12065,1042,34.55046,-117.43391,1.5148430090425626
12066,1042,34.68708,-118.29946,1.3105453066539474
12067,1042,34.2623,-116.92075,1.1531075229351435
12068,1042,33.921,-116.981,0.2188879005150582
12069,1042,34.069,-116.39,0.4200643103515115
12070,1042,34.68224,-118.57398,2.4043174854967484
12071,1042,33.38822,-117.19495,0.1301769743421715
12072,1042,33.999,-117.68,0.1337694682208342
12074,1042,34.25353,-118.33383,-1.2420862266499466
12075,1042,33.65,-117.009,0.7946616147831476
12076,1042,34.10618,-118.45505,-1.592465232512468
12077,1042,34.88303,-117.99106,0.6700223892018267
12078,1042,34.397,-118.918,-0.3804845033042947
12079,1042,33.71264,-118.29381,-1.8967784875002256
12080,1042,34.8294,-116.335,1.0869372194347109
12081,1042,34.17643,-118.35967,-1.3682850489849394
12082,1042,35.9823,-117.8076,1.030551884750835
12083,1042,33.7141,-116.7119,-0.0881264510157305
12084,1042,33.86889,-118.33143,0.1763026068032392
12085,1042,34.00033,-118.37794,-1.0247141078002204
12086,1042,33.9753,-118.14918,-0.8278732159842137
12087,1042,34.10819,-119.06587,0.4459569315902491
12088,1042,33.684,-117.943,-1.2573612406955337
12089,1042,33.881,-118.176,-0.2189399039115557
12090,1042,34.28085,-118.9049,-0.7581999365289009
12091,1042,36.05799,-117.48901,-2.08112014308654
12092,1042,33.808,-116.968,1.2633335425790622
12094,1042,34.22362,-118.05832,0.954737342229381
12095,1042,34.44199,-118.58215,-1.7552894896076257
12097,1042,35.40773,-120.54556,1.0442975122808504
12098,1042,33.7953,-117.60906,-0.4205406053064411
12099,1042,33.74346,-118.40412,0.2074749426277548
12100,1042,34.05073,-118.08085,-0.2310079439493252
12101,1042,34.44076,-119.71492,-1.4685193834694297
12102,1042,33.553,-117.662,-1.021947399936468
12103,1042,35.3142,-119.99581,-1.0131101968153793
12104,1042,34.01438,-118.45617,-0.8481310470342204
12105,1042,34.05933,-118.64614,-0.9595831817502064
12106,1042,33.664,-117.769,-1.2625505538299149
12107,1042,34.106,-117.098,1.0821256153385088
12108,1042,34.01919,-118.28631,-1.8456959680168208
12109,1042,35.84089,-119.08469,1.408281745244132
12110,1042,34.56065,-117.3296,1.7457000225133934
12111,1043,38.441,-122.701,0.7950157904680237
12112,1043,37.75094,-122.49072,1.2617547372081703
12113,1043,37.762,-122.505,1.6293344109966694
12114,1043,37.54187,-122.30471,0.1221989675984544
12115,1043,37.68,-121.739,-1.6803798771768688
12116,1043,37.59094,-122.36741,0.8027339721711756
12117,1043,37.27117,-121.98617,0.1087928348296419
12118,1043,37.71737,-121.72701,-1.5509699611071894
12119,1043,37.67928,-122.48405,1.4402600274577857
12120,1043,37.91056,-122.53778,2.081491065232728
12121,1043,38.03445,-122.27016,-1.6698580981287947
12122,1043,37.74484,-122.40134,0.2966726299339237
12123,1043,37.71633,-122.43117,2.177801512024368
12124,1043,38.29027,-122.46125,-1.63529420546057
12125,1043,37.85727,-122.42266,1.662668861488031
12126,1043,37.45035,-121.80037,-1.387808521319063
12127,1043,37.7294,-121.83346,-0.129303589929698
12128,1043,37.85884,-121.99264,-0.5280454843580702
12129,1043,37.91233,-121.90716,-0.6821958585619838
12130,1043,38.02691,-122.01599,-0.0234200552409246
12131,1043,37.34305,-122.33976,-0.0418452575078417
12132,1043,37.31861,-122.15314,0.1335582629133186
12133,1043,37.51604,-122.45815,0.2068949676918554
12134,1043,37.21427,-122.17168,0.2956921773743061
12135,1043,37.20631,-121.97726,0.99760484215785
12136,1043,37.15432,-121.73467,0.4351261954187191
12137,1043,37.63719,-122.47482,0.1765948411550789
12138,1043,37.2708,-122.21276,0.6956103121067356
12139,1043,37.19855,-122.34671,-0.4029801305038083
12140,1043,37.58225,-122.42006,0.7591549792856809
12141,1043,37.40372,-122.17596,-0.2451977251625239
12142,1043,37.58644,-122.50217,0.4817938190063409
12143,1043,39.68631,-123.58242,-2.9344936538183948
12146,1043,38.43951,-122.25272,-0.9525993406901452
12147,1043,38.26021,-122.55179,-0.7669126028560977
12148,1043,38.33656,-122.81082,-0.2956582139318198
12149,1043,38.46769,-122.89651,-0.2547165460412969
12150,1043,38.28043,-122.21582,-1.3739158396036275
12151,1043,38.16488,-122.71296,-0.5101136251902723
12152,1043,38.07601,-122.2585,0.171735614391021
12153,1043,38.04248,-122.79684,0.8983346012297839
12154,1043,37.99642,-123.01949,-0.4086396444850286
12155,1043,38.34878,-122.57795,-0.0138165636069327
12156,1043,38.38921,-122.66297,-0.1189363345307743
20356,1043,37.81647,-122.06302,-0.8212542715882809
20357,1043,37.9889,-122.2156,-0.2001728600419056
20358,1043,37.94906,-122.40851,0.6905155591761206
20359,1043,37.72416,-122.11929,0.0614415055579166
20360,1043,37.12043,-122.1552,-0.4209001709556305
20361,1043,37.51704,-122.37731,0.0973034912352734
20362,1043,37.67433,-122.39855,1.2528024148470749
20363,1043,37.16067,-121.89899,2.031866953781533
20364,1043,37.92144,-122.71806,1.24617069095612
20365,1043,38.04962,-122.52331,0.3580284659333334
20366,1043,38.12282,-122.14921,-0.4323165961163137
20367,1043,38.20025,-122.4644,-0.5209005630732678
20368,1043,38.233,-122.636,-0.7275082775242125
20369,1043,37.76021,-122.41524,0.6122876069764602
20370,1043,37.77737,-122.39689,0.4099276329908061
20371,1043,37.76386,-122.4736,0.7650025064072863
20372,1043,37.4748,-122.2392,1.139236237294879
20373,1043,37.30249,-121.97978,-0.3841849990198394
20374,1043,37.26352,-121.91617,-0.8208450629197445
20375,1043,37.30143,-121.9039,-0.6722892507511374
20376,1043,37.74766,-122.42528,0.9709058710939388
20377,1043,37.16346,-121.62645,-0.7018566549580305
20378,1043,37.74766,-121.70843,-0.3455056133835079
20379,1043,37.17217,-122.01121,1.177370531928756
20380,1043,37.28397,-122.05017,-0.0068310332004435
20381,1043,40.4756,-124.3375,-2.151610278523342
20382,1043,40.4175,-124.1206,-2.7579398355702707
20383,1043,38.15486,-121.80438,-1.0850943827741095
20384,1043,37.9231,-122.5983,1.1230501347595727
12157,1044,37.91056,-122.53778,1.0925084991464131
12158,1044,38.03445,-122.27016,-1.2039283236246296
12159,1044,37.95397,-121.86554,-0.3172637251855647
12160,1044,37.87622,-122.23558,-1.8026581204826984
12161,1044,37.91881,-122.15176,-1.957790123870607
12162,1044,37.87352,-122.26099,-0.8988870178380365
12163,1044,37.85727,-122.42266,0.9091220844888832
12164,1044,37.85884,-121.99264,-0.8276728765558298
12165,1044,37.91233,-121.90716,1.0535530256666077
12166,1044,38.02691,-122.01599,1.0054193995879488
12167,1044,38.34526,-122.4584,-0.8411751618962312
12168,1044,37.69782,-123.0011,-0.7365509184533251
12169,1044,37.34305,-122.33976,0.7219199895525764
12170,1044,37.51604,-122.45815,0.7031992667949771
12171,1044,37.20631,-121.97726,0.8092572620665109
12172,1044,37.2708,-122.21276,0.3091623190902285
12173,1044,37.40373,-122.23868,-1.520511958069417
12174,1044,37.58225,-122.42006,1.1799865102259892
12175,1044,37.58644,-122.50217,1.0456217087948638
12176,1044,38.87874,-122.44277,-2.7385017307249653
12177,1044,38.43951,-122.25272,-0.6795372329119376
12178,1044,38.26021,-122.55179,-1.914776454807676
12179,1044,38.30988,-122.943,2.108362602666454
12180,1044,38.33656,-122.81082,1.0571232096480945
12181,1044,38.28043,-122.21582,-0.4274837247719715
12182,1044,38.15486,-121.80438,0.0756055087844637
12183,1044,38.16488,-122.71296,1.089793088319594
12184,1044,38.07601,-122.2585,0.3194148010179383
12185,1044,38.04248,-122.79684,2.32329303825337
12186,1044,37.99642,-123.01949,0.88283576485065
12187,1044,38.14361,-122.44969,-1.2731034764647424
12188,1044,38.38921,-122.66297,-0.7136338439162103
19748,1044,38.03455,-120.38651,-0.9137600353551982
19750,1044,38.99349,-123.07234,-4.625483406043423
19752,1044,37.34164,-121.64257,-2.35528206298313
19753,1044,39.55451,-121.50036,-1.7161964727477577
19754,1044,37.008,-121.287,-1.0809829794214645
19757,1044,36.76403,-121.44722,-2.873772730844513
19758,1044,37.9889,-122.2156,-0.6552136857813001
19759,1044,37.94906,-122.40851,-0.5176637496136064
19760,1044,37.72416,-122.11929,-0.5383012624145893
19761,1044,37.80787,-122.3618,0.7102910541749636
19762,1044,37.67433,-122.39855,0.9093094509730482
19763,1044,37.16067,-121.89899,1.6902957026308845
19764,1044,37.92144,-122.71806,1.7427633477216604
19765,1044,38.04962,-122.52331,1.195091675046025
19766,1044,38.12282,-122.14921,-0.2365020531013719
19767,1044,38.20025,-122.4644,-0.0371808368971956
19768,1044,37.762,-122.505,0.7319651718743703
19769,1044,37.54187,-122.30471,0.5688988562837561
19770,1044,37.45098,-122.4287,0.5381279280209017
19771,1044,37.71737,-121.72701,-1.7285149209808417
19772,1044,37.67928,-122.48405,1.1291433890489662
19773,1044,38.29027,-122.46125,-1.22564000393658
19774,1044,38.4421,-122.6068,1.9274532077662545
19775,1044,37.72688,-122.15092,-1.1822564765843702
19776,1044,37.8852,-122.03217,-0.5800563263151577
19777,1044,37.94215,-121.93047,1.6729363135426116
19778,1044,38.01299,-122.13416,0.5169824283572858
19779,1044,38.36743,-122.52403,0.8074333890230418
19780,1044,37.74766,-121.70843,-0.3766822746950971
19781,1044,37.7294,-121.83346,-0.455026140549144
19782,1044,37.73786,-122.06486,-0.3248979208220369
19783,1044,37.17217,-122.01121,1.4051276560562471
19784,1044,37.36045,-122.18986,-0.1508062022796096
19785,1044,37.21427,-122.17168,0.1695213625051257
19786,1044,37.15432,-121.73467,0.2890093043395854
19787,1044,37.63719,-122.47482,0.0251226243830638
19788,1044,37.6444,-118.89683,2.3279103261283245
19789,1044,37.65909,-118.97907,2.507637304681113
19790,1044,38.46769,-122.89651,0.0975071592847474
19791,1044,38.34878,-122.57795,-0.0249925602849167
19792,1044,38.24039,-122.79842,-0.37031375187528
19793,1044,36.2159,-120.80126,-1.2357063707123266
12189,1045,37.76021,-122.41524,0.4524878038580623
12190,1045,37.77737,-122.39689,0.7674463552380195
12191,1045,37.76386,-122.4736,0.987383020191967
12192,1045,37.54187,-122.30471,-0.4420211780485516
12193,1045,37.74664,-122.38679,-0.0108606500397873
12194,1045,37.45098,-122.4287,0.4148081392283455
12195,1045,37.67928,-122.48405,0.7262408099005048
12196,1045,37.88767,-122.29916,1.7375546650445703
12197,1045,38.03445,-122.27016,1.6620412516397718
12198,1045,37.71633,-122.43117,1.322333862770505
12199,1045,37.81076,-122.29252,0.5624192096263878
12200,1045,37.8251,-122.27606,0.3808835679333353
12201,1045,37.72416,-122.44841,0.3248285740760549
12202,1045,37.86059,-122.29327,1.0320240622359331
12203,1045,37.85835,-122.25252,3.5002579204401973
12204,1045,37.72688,-122.15092,-1.940036438064356
12205,1045,37.8852,-122.03217,0.1330475527022808
12206,1045,38.01299,-122.13416,1.1744107419034489
12207,1045,37.87352,-122.26099,1.8485795835392715
12208,1045,37.85727,-122.42266,1.2372641095825812
12209,1045,37.74766,-121.70843,-0.3189040021745307
12210,1045,37.7294,-121.83346,-2.145022175685134
12211,1045,37.73786,-122.06486,-0.3566114905211648
12212,1045,37.81041,-121.80272,-0.5802986396201936
12213,1045,37.9889,-122.2156,1.4101689370927224
12214,1045,37.85884,-121.99264,-1.2501081405704124
12215,1045,37.91233,-121.90716,-0.2545113497705222
12216,1045,37.34305,-122.33976,0.3761556907133549
12217,1045,37.17217,-122.01121,1.4038753974242262
12218,1045,37.36045,-122.18986,-0.493619624787084
12219,1045,37.51604,-122.45815,0.73252648019058
12220,1045,37.63719,-122.47482,0.3092141341113991
12221,1045,37.2708,-122.21276,0.3394319518345323
12222,1045,37.79499,-122.4746,-0.4538210773875512
12223,1045,37.19855,-122.34671,0.6817656542754864
12224,1045,37.58225,-122.42006,0.4412524912049506
12225,1045,37.40372,-122.17596,-1.489061551250085
12226,1045,37.58644,-122.50217,0.7456585822489566
12227,1045,38.43951,-122.25272,-0.2165908386729603
12228,1045,38.00198,-122.47466,1.9893696530164875
12229,1045,38.30988,-122.943,4.399884344530916
12230,1045,38.33656,-122.81082,3.5845527018318104
12231,1045,38.28043,-122.21582,-0.3358341993089633
12232,1045,38.16488,-122.71296,2.690958921956118
12233,1045,38.12282,-122.14921,0.4359866307626584
12234,1045,38.07601,-122.2585,1.1626341656825263
12235,1045,38.04248,-122.79684,2.9370803630156126
12236,1045,37.99642,-123.01949,1.2707479266731672
12237,1045,38.20025,-122.4644,0.2763555724745682
12238,1045,37.92371,-122.59649,0.9255263374279804
12239,1045,38.14361,-122.44969,-0.7061322848050967
12240,1045,38.24039,-122.79842,1.789659504798382
12241,1045,38.38921,-122.66297,0.9797490803734016
12243,1045,37.8965,-122.322,1.677615813632219
12244,1045,37.75896,-122.19756,0.1357239567287721
12245,1045,37.80285,-122.23033,0.5748654082100307
12247,1045,37.7934,-122.41636,1.2796077948314342
12248,1045,37.927,-122.078,0.3256838449150279
12250,1045,37.804,-122.443,-0.2435691953153387
12251,1045,37.95,-122.417,3.408302628269257
12252,1045,37.763,-122.244,-3.4940360623545947
12253,1045,38.108,-122.248,1.4614189341211
12254,1045,38.33,-122.318,0.4387075907758846
12255,1045,37.91056,-122.53778,1.6245129243673038
12256,1045,37.7986,-122.2684,1.5944383510503344
12257,1045,37.7897,-122.277,1.3255852839290336
12258,1045,37.879,-122.183,1.9028280427881328
12259,1045,37.848,-122.16,2.9915434969644608
12260,1045,37.848,-122.228,3.912142174947724
12261,1045,37.697,-122.08,-0.0677097772471675
12262,1045,37.876,-122.249,2.571611501989862
12263,1045,37.935,-122.342,1.7022553688003557
12264,1045,37.978,-122.329,1.2878401884759243
12265,1045,37.973,-122.036,1.7730604545923243
12266,1045,37.821,-122.234,2.7154935757932543
12267,1045,37.822,-122.319,-0.2591671945258484
12268,1045,38.1217,-122.275,2.0050429324043844
12269,1045,37.87622,-122.23558,0.719764865776274
20026,1045,37.91881,-122.15176,-1.023543384173974
20027,1045,38.03455,-120.38651,-1.9889278378037885
20028,1045,37.69782,-123.0011,0.6358850528033979
20029,1045,39.65471,-122.71595,-4.057255430900752
20030,1045,36.3887,-121.5514,-0.9236628712363476
20032,1045,38.99349,-123.07234,-2.3143689141055432
20034,1045,38.14478,-122.88018,1.3763567924263422
20035,1045,37.34164,-121.64257,-2.348158681508302
20036,1045,38.87874,-122.44277,-2.0789551746262163
20037,1045,39.55451,-121.50036,-1.860881060052408
20038,1045,37.008,-121.287,-1.2339214053161942
20039,1045,35.945,-120.542,-2.086356528909298
20040,1045,35.63597,-120.86984,-0.5015998555622151
20041,1045,37.91608,-122.33607,1.765596765908665
20042,1045,36.76403,-121.44722,-3.0688905745754376
20043,1045,37.28744,-121.86422,-0.7171983778978127
20044,1045,39.2291,-121.7861,-0.6170742652964868
20045,1045,37.81647,-122.06302,-2.095924492689559
20046,1045,37.94906,-122.40851,1.9371991631970709
20047,1045,37.80787,-122.3618,2.2680878693860387
20048,1045,37.12043,-122.1552,0.2531190130192807
20049,1045,37.51704,-122.37731,0.5127108058869713
20050,1045,37.16067,-121.89899,1.5262907054656225
20051,1045,37.92144,-122.71806,1.8283686057361213
20052,1045,38.04962,-122.52331,2.0266687579039986
20053,1045,38.441,-122.701,1.1409961112633678
20054,1045,38.233,-122.636,3.163062234058794
20055,1045,37.762,-122.505,-0.2462443526688392
20056,1045,37.40701,-122.0946,-1.3702565720939686
20057,1045,37.30249,-121.97978,-1.5069227320757892
20058,1045,37.26748,-121.86656,-1.6821905429724977
20059,1045,37.26352,-121.91617,-2.3421675988706903
20060,1045,37.30143,-121.9039,-2.3123462376770685
20061,1045,37.31816,-121.94354,-1.338650707030942
20062,1045,37.68,-121.739,-2.9270933880458045
20063,1045,37.41702,-121.9154,-2.1552220086157505
20064,1045,37.59094,-122.36741,-0.5730011166980384
20065,1045,37.74766,-122.42528,-0.6183551804811187
20066,1045,37.40718,-122.00001,-1.457706329857508
20067,1045,37.39415,-122.06041,-1.6016531395637987
20068,1045,37.376,-121.84367,-2.4434018235289257
20069,1045,37.59268,-122.07449,-2.202377902058948
20070,1045,37.71737,-121.72701,-2.941114771895285
20071,1045,37.74484,-122.40134,0.2037532258883155
20072,1045,37.77934,-122.486,-0.5960269048025562
20073,1045,37.41395,-121.87085,-1.8389497022236485
20074,1045,37.6806,-121.92098,-2.645592599400326
20075,1045,38.29027,-122.46125,-0.1331826242338238
20076,1045,37.37418,-122.0781,-2.43924911255456
20077,1045,38.4421,-122.6068,1.9253893989249653
20078,1045,37.69169,-122.16982,-1.4908247045779603
20079,1045,37.23294,-121.77186,-0.8437205921011032
20080,1045,37.38332,-121.91088,-1.184452719849799
20081,1045,37.28537,-121.93602,-1.4910003391071045
20082,1045,37.35834,-121.97775,-1.7039816562529535
20083,1045,37.68873,-121.78351,-2.2256735443630387
20084,1045,37.94215,-121.93047,0.3839288470536763
20085,1045,38.36743,-122.52403,0.8272617659703331
20086,1045,37.66666,-121.85715,-3.0688387322384028
20087,1045,36.88311,-121.3908,-1.6594381627841182
20088,1045,37.16346,-121.62645,-0.811397886751422
20089,1045,37.45035,-121.80037,-2.5158246268745894
20090,1045,37.37289,-121.76887,-2.307017720834112
20091,1045,38.02691,-122.01599,-0.5730140235364675
20092,1045,38.76927,-123.01486,-1.123891970140138
20093,1045,38.80797,-122.7953,0.734199228742505
20094,1045,37.0254,-121.4845,-1.1437828705680648
20095,1045,37.31861,-122.15314,-1.6398937140187306
20096,1045,37.04922,-121.80722,-1.3575572791199644
20097,1045,36.92745,-121.82764,-0.6623132499915212
20098,1045,37.21427,-122.17168,-0.0401591995661144
20099,1045,37.20631,-121.97726,-0.0163740126997835
20100,1045,37.15432,-121.73467,-0.2978613017212611
20101,1045,37.28397,-122.05017,-2.405434740042081
20102,1045,39.68631,-123.58242,-2.405782209463171
20110,1045,37.6444,-118.89683,0.7269204385426413
20111,1045,37.65909,-118.97907,1.04977995955818
20112,1045,38.26021,-122.55179,-0.1323058186404123
20113,1045,38.46769,-122.89651,2.298092869353731
20114,1045,38.15486,-121.80438,-1.9787875158954336
20115,1045,38.65651,-122.61441,0.4512431189215617
20116,1045,38.34878,-122.57795,0.5730329202371647
20117,1045,35.73065,-120.24986,-2.2745754411540715
12270,1046,37.54187,-122.30471,-1.4274787979101335
12271,1046,37.27117,-121.98617,0.4626626474440155
12272,1046,37.45098,-122.4287,-0.1774008253233544
12273,1046,37.71633,-122.43117,0.227972429669106
12274,1046,37.41395,-121.87085,-0.6063263601925077
12275,1046,37.6806,-121.92098,-1.3863446363918204
12276,1046,37.95397,-121.86554,-1.1203093389670122
12277,1046,37.87622,-122.23558,-0.5380060249935824
12278,1046,37.91881,-122.15176,2.4966543181296883
12279,1046,37.16346,-121.62645,0.4883338351444538
12280,1046,37.85727,-122.42266,-0.0456464346406417
12281,1046,37.45035,-121.80037,-2.101567395444404
12282,1046,37.74766,-121.70843,-0.0423448028996337
12283,1046,37.73786,-122.06486,0.7117633820291361
12284,1046,37.81041,-121.80272,0.0650703962007257
12285,1046,37.85884,-121.99264,2.025454273205644
12286,1046,37.91233,-121.90716,0.0939912857821595
12287,1046,38.02691,-122.01599,-0.5637904718831857
12288,1046,38.34526,-122.4584,-1.83106739182531
12289,1046,37.69782,-123.0011,-0.4222968158545539
12290,1046,36.3887,-121.5514,-0.3171855356616565
12291,1046,37.34305,-122.33976,0.6748903876317033
12292,1046,37.31861,-122.15314,-0.607743288089613
12293,1046,37.17217,-122.01121,1.8675840537001407
12294,1046,37.04922,-121.80722,0.3642862896074604
12295,1046,37.36045,-122.18986,-0.09626616384148
12296,1046,37.51604,-122.45815,0.6734069718700917
12297,1046,37.21427,-122.17168,0.8437191778493965
12298,1046,37.20631,-121.97726,1.0956890473762952
12299,1046,37.15432,-121.73467,1.6262296271265122
12300,1046,37.63719,-122.47482,-0.3320336850863577
12301,1046,37.2708,-122.21276,0.852584887210825
12302,1046,37.79499,-122.4746,-0.5033302218979017
12303,1046,37.40373,-122.23868,-1.7505756947463855
12304,1046,37.58225,-122.42006,-0.1539139278555966
12305,1046,37.40372,-122.17596,-1.066533955966256
12306,1046,37.58644,-122.50217,0.5417408104217007
12307,1046,37.34164,-121.64257,-1.487260134358095
12308,1046,38.43951,-122.25272,-1.2892699325713708
12309,1046,38.26021,-122.55179,-2.2858673201165787
12310,1046,38.00198,-122.47466,-0.5744390014314795
12311,1046,38.30988,-122.943,2.114131791571684
12312,1046,38.33656,-122.81082,1.0110364256630502
12313,1046,38.28043,-122.21582,-1.2329152899715108
12314,1046,38.15486,-121.80438,-1.7726054958634905
12315,1046,38.16488,-122.71296,0.6601827352343268
12316,1046,38.07601,-122.2585,-0.4875711571309363
12317,1046,38.04248,-122.79684,0.9505689817710344
12318,1046,37.92371,-122.59649,-0.414734015194924
12319,1046,38.14361,-122.44969,-1.1895935018297803
12320,1046,38.24039,-122.79842,-1.0948630374074768
12321,1046,38.38921,-122.66297,-1.229544622073474
12322,1046,37.91608,-122.33607,0.8608560098742204
12323,1046,37.28744,-121.86422,1.6048282129642752
12324,1046,37.62211,-121.75697,-2.8568819237279994
12325,1046,37.709,-121.932,-1.3381353379980363
12327,1046,37.934,-122.3,1.0798568549920986
12328,1046,37.672,-122.081,-0.0294163868625055
12329,1046,38.108,-122.248,-0.0676336436547024
12331,1046,38.33,-122.318,-0.4005290286952298
12332,1046,37.77737,-122.39689,0.2336926942111624
12333,1046,37.76386,-122.4736,-0.1253487287614353
12334,1046,37.762,-122.505,-0.0690513334277379
12335,1046,37.26748,-121.86656,1.1856202782442296
12336,1046,37.59268,-122.07449,-0.5349955552961189
12337,1046,37.91056,-122.53778,0.0892101952606675
12338,1046,37.88767,-122.29916,1.429010989484993
12339,1046,38.03445,-122.27016,-0.0950773308068796
12340,1046,37.81076,-122.29252,-0.4343100144346519
12341,1046,37.7986,-122.2684,-0.3106923191935081
12342,1046,37.99448,-122.11472,2.5412212723808163
12343,1046,37.86059,-122.29327,0.7561723868930362
12344,1046,37.85835,-122.25252,1.6138069919259723
12345,1046,37.36408,-122.01817,0.7454603915430063
12346,1046,37.69169,-122.16982,-0.3802901175789454
12347,1046,37.38332,-121.91088,1.1353239873738166
12348,1046,37.35834,-121.97775,0.1916488594600543
12349,1046,37.72688,-122.15092,-1.2173124940903512
12350,1046,37.8852,-122.03217,2.3997483026000794
12351,1046,37.94215,-121.93047,0.8235352798687482
12352,1046,38.01299,-122.13416,1.7112431754798898
12353,1046,37.75896,-122.19756,-1.1361585637792857
12354,1046,37.7696,-122.1734,-1.2711508757260606
12355,1046,37.80285,-122.23033,-0.7788156150053688
12356,1046,37.72983,-122.20137,-0.6130917206907373
12357,1046,37.74485,-122.17054,-0.1808078085181051
12358,1046,37.81,-121.992,-0.938822312527088
12359,1046,37.804,-122.443,0.030686238842143
12360,1046,37.763,-122.244,-2.056528614757958
12361,1046,37.78446,-122.30297,-1.3873634875153698
12362,1046,37.8965,-122.322,0.4938839861960849
12363,1046,37.78566,-122.19729,-1.0893123701634713
12364,1046,37.972,-121.829,-0.4044003834238298
12365,1046,37.879,-122.183,1.1304811344828252
12366,1046,37.848,-122.16,1.089506763715188
12368,1046,37.876,-122.249,0.1086274840351946
12369,1046,37.935,-122.342,0.349173995037553
12370,1046,37.973,-122.036,3.105591069705244
12371,1046,37.821,-122.234,1.6992069978113191
12372,1046,37.822,-122.319,-1.2652579317382946
12373,1046,37.7294,-121.83346,-0.9091228941725396
12381,1048,34.68708,-118.29946,-0.5198057203138937
12382,1048,35.1269,-118.83009,-0.4261048130604558
12383,1048,35.34444,-119.10445,0.7526569450455887
12384,1048,34.2623,-116.92075,0.853293737213955
12385,1048,34.23883,-117.65853,0.9268478633324015
12386,1048,34.68224,-118.57398,0.9758564478951012
12388,1048,35.52495,-117.36453,0.1377249136714252
12389,1048,36.5504,-117.80295,-1.433054903716032
12392,1048,38.03455,-120.38651,2.5812225860001465
12393,1048,36.43988,-118.08016,1.4155984525532952
12394,1048,34.25353,-118.33383,-0.0439171650340349
12395,1048,33.65,-117.009,0.1796233903137013
12396,1048,34.10618,-118.45505,-0.934365685189876
12399,1048,34.72832,-119.98803,-1.2528063778847056
12400,1048,36.46719,-116.86322,-0.5051447946036492
12401,1048,36.99608,-117.36621,-0.8332114245348066
12402,1048,35.30177,-116.80574,-0.989626698248308
12403,1048,34.8294,-116.335,-0.2339103057993746
12404,1048,35.66278,-118.47403,0.2980057227084691
12405,1048,35.98249,-117.80885,0.6734268164253548
12406,1048,34.36622,-116.61266,0.4154913986437969
12407,1048,34.9906,-118.34156,0.7378889557422654
12408,1048,34.80762,-118.86775,-0.5896856704057232
12409,1048,34.93439,-117.69629,-0.5868217164824553
12410,1048,35.47954,-117.68212,1.5180383229409569
12411,1048,37.63019,-118.83605,1.607448406691496
12412,1048,36.05799,-117.48901,-2.067683412758216
12413,1048,34.88848,-119.81362,-0.1027058222533619
12414,1048,34.22362,-118.05832,0.8465388691638521
12415,1048,34.53412,-120.17737,-0.3469801698196856
12416,1048,34.6145,-118.7235,-1.273239371935733
12417,1048,35.40773,-120.54556,1.6288191127695923
12419,1048,34.87533,-116.99684,-0.8229046627425515
12420,1048,34.44076,-119.71492,-0.776723111882316
12421,1048,34.43692,-119.1375,-1.3486980724668631
12422,1048,35.89095,-117.28332,-1.415864304914011
12423,1048,35.3142,-119.99581,-0.6739508692217313
12424,1048,34.05933,-118.64614,-0.7040456550038041
12425,1048,34.106,-117.098,1.647672565810574
12426,1048,34.52775,-119.97834,-0.3586068983486858
12427,1048,34.38203,-117.67822,0.7018946991793182
12429,1048,35.14592,-119.41946,0.2649816839961403
12430,1048,37.05422,-118.23009,-1.0244882877567818
12431,1048,34.48364,-118.11783,0.5176046562149165
12432,1048,35.53664,-118.14035,2.191157717990687
12433,1048,34.51085,-119.27407,-1.3629150119719022
12434,1049,37.66,-121.873,-0.5919750308491626
12435,1049,37.67928,-122.48405,1.4468035968333135
12436,1049,37.91056,-122.53778,2.846472040127669
12437,1049,37.95397,-121.86554,-2.506416945476692
12438,1049,37.87622,-122.23558,-1.5034336473124732
12439,1049,37.91881,-122.15176,-0.7735930517164885
12440,1049,37.87352,-122.26099,-0.5545682520510523
12441,1049,37.16346,-121.62645,-0.4878851575632868
12442,1049,37.85727,-122.42266,1.1893456298518086
12443,1049,37.45035,-121.80037,-0.5930113981732932
12444,1049,37.74766,-121.70843,1.4386849249326443
12445,1049,38.03455,-120.38651,-0.4837228523698999
12446,1049,37.85884,-121.99264,-0.3525894525093213
12447,1049,37.91233,-121.90716,0.508978726496119
12448,1049,38.34526,-122.4584,-0.3115924113138951
12449,1049,37.69782,-123.0011,0.0740610820928786
12450,1049,37.34305,-122.33976,0.7941477242104491
12451,1049,37.17217,-122.01121,1.4740584984396456
12452,1049,37.51604,-122.45815,0.736558908632271
12453,1049,37.21427,-122.17168,0.0672443011706553
12454,1049,37.20631,-121.97726,2.0998067637186466
12455,1049,37.63719,-122.47482,0.2045525706344522
12456,1049,37.19855,-122.34671,0.8620644927286275
12457,1049,37.58225,-122.42006,0.3658354004319019
12458,1049,37.40372,-122.17596,-1.7112288485225835
12459,1049,37.58644,-122.50217,0.7541809063055076
12460,1049,37.34164,-121.64257,-2.242422404049164
12461,1049,37.65909,-118.97907,1.5011421371664104
12462,1049,38.33656,-122.81082,2.534576102624809
12463,1049,38.28043,-122.21582,0.3784234095292355
12464,1049,38.16488,-122.71296,2.227694869368224
12465,1049,38.07601,-122.2585,-0.0126305712754792
12466,1049,37.99642,-123.01949,0.418222392045999
12467,1049,38.34878,-122.57795,0.9348168332644096
12468,1049,38.38921,-122.66297,0.4970301261230045
12469,1049,38.2026,-121.9354,0.7129367582107807
12470,1049,36.76403,-121.44722,-3.784263934560276
12471,1049,37.62211,-121.75697,-2.131659413669884
12472,1049,37.844,-122.295,-0.7174706267135841
12473,1049,37.515,-121.83,1.0503370334488855
12474,1049,37.597,-121.88,0.8344917640063154
12475,1049,37.709,-121.932,-1.4619667677035906
12476,1049,37.81,-121.992,-0.1377913637849345
12477,1049,37.927,-122.078,0.4271977278187269
12478,1049,37.95,-122.417,1.2811793079987597
12479,1049,37.672,-122.081,0.3438694470393448
12480,1049,37.68,-121.739,-2.383951078697749
12481,1049,37.59268,-122.07449,-0.7356326900983354
12482,1049,37.71737,-121.72701,-1.827736283306435
20338,1049,38.99349,-123.07234,-4.478394363900569
20339,1049,35.945,-120.542,-2.9096571108846105
20340,1049,37.91608,-122.33607,-0.0108564501994593
20341,1049,37.28744,-121.86422,-0.5352416037713552
20342,1049,37.81647,-122.06302,-0.811268842458704
20343,1049,37.25898,-121.67311,-2.822473334968463
20344,1049,37.9889,-122.2156,0.4987334871609131
20345,1049,37.94906,-122.40851,0.3405589251845359
20346,1049,37.72416,-122.11929,-0.1403406544264704
20347,1049,37.80787,-122.3618,-0.2937170871909429
20348,1049,37.12043,-122.1552,0.8714371856492198
20349,1049,37.51704,-122.37731,-1.0193482638334936
20350,1049,37.67433,-122.39855,0.1903341534698581
20351,1049,37.16067,-121.89899,2.023146602590583
20352,1049,37.92144,-122.71806,2.6775149163738607
20353,1049,38.04962,-122.52331,2.228997416992999
20354,1049,38.12282,-122.14921,-0.6119508086140323
20355,1049,38.20025,-122.4644,0.5999435607381327
12483,1050,37.376,-121.84367,-2.0207584159003606
12484,1050,37.27117,-121.98617,-1.0153607209837965
12485,1050,37.85727,-122.42266,1.3647434380908705
12486,1050,37.45035,-121.80037,-1.3316744471033335
12487,1050,37.74766,-121.70843,0.411443174244898
12488,1050,37.37289,-121.76887,-0.4003902325867758
12489,1050,37.73786,-122.06486,-0.2728103384736882
12490,1050,37.34305,-122.33976,2.053529696022595
12491,1050,37.17217,-122.01121,2.794722886011801
12492,1050,37.36045,-122.18986,0.8254323871447409
12493,1050,37.51604,-122.45815,1.9112516060743248
12494,1050,37.21427,-122.17168,1.6922814664073995
12495,1050,37.20631,-121.97726,0.7888263361074792
12496,1050,37.15432,-121.73467,0.7381785699335381
12497,1050,37.2708,-122.21276,0.895420339049555
12498,1050,37.19855,-122.34671,1.8779698328584464
12499,1050,37.58225,-122.42006,0.8929487364091581
12500,1050,37.40372,-122.17596,-0.237968926568713
12501,1050,37.28397,-122.05017,-0.390635293662441
12502,1050,37.58644,-122.50217,1.457481217463955
20685,1050,37.91881,-122.15176,-1.6333540582223187
20686,1050,37.87352,-122.26099,-2.1092032932151934
20687,1050,38.03455,-120.38651,0.6869457501219989
20688,1050,37.69782,-123.0011,-1.2010981515728056
20689,1050,38.99349,-123.07234,-2.998652032723545
20690,1050,38.87874,-122.44277,-2.6635155271882422
20691,1050,39.55451,-121.50036,-0.6935200806222386
20692,1050,37.008,-121.287,1.9533014875835584
20693,1050,35.945,-120.542,-1.1498766677744694
20694,1050,35.63597,-120.86984,0.9416826136430668
20695,1050,36.76403,-121.44722,-0.0240501323542525
20696,1050,37.25898,-121.67311,-0.4377811416260585
20697,1050,37.9889,-122.2156,-0.200959659528656
20698,1050,37.94906,-122.40851,0.3264501197134397
20699,1050,37.72416,-122.11929,-1.0778340066321457
20700,1050,37.80787,-122.3618,1.914253434145499
20701,1050,37.12043,-122.1552,1.579468305818841
20702,1050,37.51704,-122.37731,0.0842465724782808
20703,1050,37.16067,-121.89899,2.233220572642002
20704,1050,37.92144,-122.71806,0.3667439620010681
20705,1050,38.04962,-122.52331,1.5811773824691262
20706,1050,38.20025,-122.4644,-0.5477041215021262
20707,1050,37.76021,-122.41524,0.372809830588786
20708,1050,37.75094,-122.49072,0.4663496480054597
20709,1050,37.76386,-122.4736,0.6147797502732525
20710,1050,37.762,-122.505,0.7551131768524009
20711,1050,37.40701,-122.0946,-0.3520313598954704
20712,1050,37.4748,-122.2392,0.6235340606587388
20713,1050,37.54187,-122.30471,-0.3552054524182854
20714,1050,37.30249,-121.97978,-0.6531975430738719
20715,1050,37.26748,-121.86656,-1.2944532252197327
20716,1050,37.26352,-121.91617,-1.5512336606199837
20717,1050,37.30143,-121.9039,-0.9994992629360436
20718,1050,37.31816,-121.94354,-0.4404195637478464
20719,1050,37.3066,-121.84915,0.6846214792383479
20720,1050,37.68,-121.739,-0.8519489651433114
20721,1050,37.41702,-121.9154,-1.5463096194615182
20722,1050,37.59094,-122.36741,0.6388991475016839
20723,1050,37.40718,-122.00001,0.4674047375148398
20724,1050,37.74664,-122.38679,-0.0260886312675685
20725,1050,37.39415,-122.06041,0.2343476419263236
20726,1050,37.45098,-122.4287,1.4388967396938208
20727,1050,37.59268,-122.07449,-0.7940281785083524
20728,1050,37.71737,-121.72701,-1.7040784493479126
20729,1050,37.67928,-122.48405,1.368073686836566
20730,1050,37.91056,-122.53778,1.4998416180966774
20731,1050,38.03445,-122.27016,-1.3035910607291246
20732,1050,37.74484,-122.40134,0.6131452290353536
20733,1050,37.71633,-122.43117,1.6982545673319736
20734,1050,37.72416,-122.44841,1.1575916442862022
20735,1050,37.41395,-121.87085,-1.4863103154879118
20736,1050,37.6806,-121.92098,-1.592763613349607
20737,1050,37.86059,-122.29327,-0.7669674914946208
20738,1050,37.69169,-122.16982,-1.196145736513248
20739,1050,37.23294,-121.77186,-0.0453875635737647
20740,1050,37.38332,-121.91088,-1.2627480943115077
20741,1050,37.28537,-121.93602,-0.4657100599244674
20742,1050,37.35834,-121.97775,-1.0897417148579849
20743,1050,37.68873,-121.78351,-1.3044392041588786
20744,1050,37.72688,-122.15092,-0.5729790393083619
20745,1050,37.8852,-122.03217,-1.3045647903124706
20746,1050,37.94215,-121.93047,-1.6923913976216909
20747,1050,38.01299,-122.13416,0.1403093908104543
20748,1050,37.16346,-121.62645,-0.2352982021429163
20749,1050,37.7294,-121.83346,0.5826870378570466
20750,1050,37.85884,-121.99264,-0.8399862507173053
20751,1050,37.91233,-121.90716,-1.037937927744142
20752,1050,38.02691,-122.01599,-1.7143696324412327
20753,1050,37.31861,-122.15314,-0.5849039677595568
20754,1050,37.04922,-121.80722,-0.2898868905892773
20755,1050,37.63719,-122.47482,0.279054722350269
20758,1050,37.6444,-118.89683,3.3031016643364657
20759,1050,37.65909,-118.97907,3.4427752100526385
20760,1050,38.26021,-122.55179,-1.632058800375721
20761,1050,38.30988,-122.943,1.252681693501469
20762,1050,38.33656,-122.81082,0.8213591274994316
20763,1050,38.28043,-122.21582,-1.3097494353925947
20764,1050,38.15486,-121.80438,0.4633125418432102
20765,1050,38.16488,-122.71296,0.3628240063946368
20766,1050,38.07601,-122.2585,0.0603019582110678
20767,1050,38.04248,-122.79684,0.821483552063342
20768,1050,37.99642,-123.01949,-0.7612789355596076
20769,1050,38.34878,-122.57795,-0.0055482569810688
20770,1050,37.9231,-122.5983,0.3411814831718833
20771,1050,38.14361,-122.44969,-1.4510793604086358
20772,1050,38.24039,-122.79842,-0.8065473999977353
20773,1050,38.38921,-122.66297,-0.5690963478004138
20774,1050,35.86661,-120.4796,-0.150963515065045
20775,1050,36.2159,-120.80126,-0.468472772262242
12503,1051,38.94596,-120.96897,-1.338990000882426
12504,1051,37.95397,-121.86554,-2.617688435542774
12505,1051,37.87622,-122.23558,-1.0063522563754628
12506,1051,37.91881,-122.15176,0.1932805775694283
12507,1051,37.87352,-122.26099,-0.3146145927850973
12508,1051,37.16346,-121.62645,0.0541396236569689
12509,1051,37.85727,-122.42266,0.5899285132672133
12510,1051,37.45035,-121.80037,-1.2425714904309968
12511,1051,37.74766,-121.70843,1.107783168961483
12512,1051,37.25898,-121.67311,-1.7418177092664446
12513,1051,37.7294,-121.83346,1.1957221382334329
12514,1051,37.37289,-121.76887,-1.6289735743430345
12515,1051,37.81041,-121.80272,1.5420294839228392
12516,1051,37.9889,-122.2156,0.2161327601912291
12517,1051,37.94906,-122.40851,-0.7065501609546762
12518,1051,37.85884,-121.99264,1.2532952175676442
12519,1051,37.91233,-121.90716,1.4657470228652496
12520,1051,38.02691,-122.01599,-0.8316999650241923
12521,1051,38.34526,-122.4584,-1.5065421724543298
12522,1051,37.80787,-122.3618,0.4866752024224506
12523,1051,37.69782,-123.0011,1.229101205439162
12524,1051,36.3887,-121.5514,0.0706870010814346
12525,1051,37.34305,-122.33976,1.163880445670161
12526,1051,37.31861,-122.15314,0.3912186002800216
12527,1051,37.12043,-122.1552,2.1615860095577832
12528,1051,37.17217,-122.01121,2.792352318025643
12529,1051,36.92745,-121.82764,0.3003441705728669
12530,1051,37.36045,-122.18986,-0.0871078234199686
12531,1051,37.51604,-122.45815,1.582028614973357
12532,1051,37.21427,-122.17168,0.8696632405954065
12533,1051,37.20631,-121.97726,1.5589364907658678
12534,1051,37.15432,-121.73467,1.5318555871819657
12535,1051,37.63719,-122.47482,1.366246505480976
12536,1051,37.2708,-122.21276,0.632252633518668
12537,1051,37.40373,-122.23868,-1.2669690835163978
12538,1051,37.58225,-122.42006,1.976535425720664
12539,1051,37.40372,-122.17596,-1.3417419353419884
12540,1051,37.28397,-122.05017,-1.8047178191543856
12541,1051,37.58644,-122.50217,2.269320212452293
12542,1051,37.16067,-121.89899,1.6760413924549995
12543,1051,38.14478,-122.88018,-0.1601586376848805
12544,1051,37.34164,-121.64257,-1.722034901366333
12545,1051,37.65909,-118.97907,2.321915941237851
12546,1051,38.87874,-122.44277,-3.712957375139845
12547,1051,37.92144,-122.71806,1.4148612483661656
12548,1051,38.26021,-122.55179,-2.221833329540525
12549,1051,38.00198,-122.47466,-0.3670392337637156
12550,1051,38.30988,-122.943,1.874524803346445
12551,1051,38.33656,-122.81082,1.1568640044226046
12552,1051,38.46769,-122.89651,-0.1937998091345713
12553,1051,38.28043,-122.21582,-1.7916086805806524
12554,1051,37.008,-121.287,-0.3686551909492521
12555,1051,37.91608,-122.33607,0.6599613284443298
12556,1051,37.28744,-121.86422,0.6363256941147436
12557,1051,37.62211,-121.75697,-1.4689337608791886
12559,1051,37.709,-121.932,0.6714992604815375
12560,1051,37.81,-121.992,1.831021416763088
12561,1051,37.927,-122.078,1.2095075818562502
12562,1051,37.934,-122.3,0.4341421510378022
12563,1051,37.804,-122.443,0.2404343887167921
12564,1051,37.553,-122.091,1.6857551189970248
12565,1051,37.763,-122.244,0.3707038871867287
12566,1051,38.33,-122.318,-1.5702512110807214
12567,1051,37.59268,-122.07449,-0.161836787683338
12568,1051,37.99448,-122.11472,0.10074177360572
12569,1051,37.75896,-122.19756,0.1793367329314642
12570,1051,37.80285,-122.23033,0.4161266225193813
12571,1051,37.79202,-122.26382,0.1882947996498165
12572,1051,37.753,-121.773,-0.1276925187847216
12573,1051,37.7897,-122.277,1.0592812849954054
12574,1051,37.879,-122.183,1.2944877149797014
12575,1051,37.848,-122.16,1.587054532169184
12576,1051,37.657,-122.061,3.1830042407362606
12577,1051,37.705,-122.467,3.484949655010029
12578,1051,37.848,-122.228,0.781391196082048
12579,1051,37.763,-122.455,1.3425561402508193
12580,1051,37.697,-122.08,1.1567958740926982
12582,1051,37.68,-122.126,0.1593245056870479
12583,1051,37.675,-122.108,0.1776070747935532
12584,1051,37.695,-122.113,1.0823712553587497
12585,1051,37.9,-122.17,1.9749547032853485
12586,1051,37.981,-122.271,1.4474310067783205
12587,1051,37.915,-122.017,1.6744403251453708
12588,1051,37.821,-122.234,1.1037894311622718
12589,1051,37.822,-122.319,0.1932061816498191
21399,1051,38.03455,-120.38651,-1.0202791357155578
21400,1051,39.65471,-122.71595,-4.674422500759215
21401,1051,36.68011,-119.02282,2.241177699033195
21402,1051,38.99349,-123.07234,-5.132130988493723
21403,1051,39.55451,-121.50036,-1.9190530140645927
21404,1051,35.945,-120.542,-1.5779848031477317
21405,1051,35.63597,-120.86984,-0.4029681870690084
21406,1051,36.76403,-121.44722,-3.142614548928535
21407,1051,39.2291,-121.7861,-0.7286658898426717
21408,1051,37.81647,-122.06302,2.4752573719702142
21409,1051,37.72416,-122.11929,1.6034894638923882
21410,1051,37.51704,-122.37731,-0.396178375869224
21411,1051,37.67433,-122.39855,1.0366811736411758
21412,1051,38.441,-122.701,-0.5719736785570143
21413,1051,38.233,-122.636,0.6556586276844684
21414,1051,37.76021,-122.41524,0.5855263161506895
21415,1051,37.77737,-122.39689,0.559980254843984
21416,1051,37.75094,-122.49072,0.096216717065131
21417,1051,37.76386,-122.4736,0.7449096268292469
21418,1051,37.762,-122.505,0.5856217663023009
21419,1051,37.40701,-122.0946,-0.5597152243416366
21420,1051,37.4748,-122.2392,0.9073745464495532
21422,1051,36.57849,-121.03956,-1.3344655724445995
21423,1051,36.61809,-121.31468,-0.0581987353862436
21424,1051,38.76927,-123.01486,-3.046911301420322
21425,1051,38.80797,-122.7953,-1.0223200135777266
21426,1051,37.0254,-121.4845,-1.1306400329563715
21428,1051,36.82681,-121.64349,-1.2408926218843888
21429,1051,37.19855,-122.34671,0.9543503895886088
21430,1051,39.68631,-123.58242,-4.045737977887135
21431,1051,40.2022,-123.7086,-3.488327050375392
21432,1051,40.5119,-121.5816,-1.3013784801249348
21433,1051,37.6444,-118.89683,1.4306959223956115
21434,1051,38.43951,-122.25272,-2.2021632494214507
21435,1051,38.15486,-121.80438,-2.071143030944388
21436,1051,38.65651,-122.61441,-1.9535900543278235
21437,1051,38.16488,-122.71296,1.1981156789046976
21438,1051,38.12282,-122.14921,-1.4745121563120396
21439,1051,38.07601,-122.2585,-0.8486170830609734
21440,1051,38.04248,-122.79684,1.082219510830756
21441,1051,37.99642,-123.01949,0.4146636215971045
21442,1051,38.34878,-122.57795,-1.084650241650338
21443,1051,38.20025,-122.4644,-1.4379100301004295
21444,1051,37.92371,-122.59649,0.7404091362182117
21445,1051,38.14361,-122.44969,-2.090350049137598
21446,1051,38.24039,-122.79842,-0.7833429711554056
21447,1051,38.38921,-122.66297,-0.9605491713342224
21448,1051,35.73065,-120.24986,-2.1830035771546545
21450,1051,36.0688,-120.59618,-1.1152269718307746
12590,1052,32.68005,-116.67215,0.4461845782048313
12591,1052,33.921,-116.981,-1.6890933881648822
12593,1052,34.23883,-117.65853,-0.0316580533762253
12594,1052,34.069,-116.39,1.3189732636106286
12595,1052,33.268,-116.417,-0.2931517698519558
12597,1052,33.999,-117.68,-0.8763959392993276
12598,1052,34.093,-117.317,0.2495097038678873
12599,1052,32.8889,-117.1051,1.2169673060836763
12600,1052,33.876,-117.561,-0.1100819360416412
12601,1052,33.655,-115.99,-0.6702905823337786
12602,1052,34.63745,-115.38115,0.4096215542988456
12603,1052,33.93597,-116.57794,1.286438422349211
12604,1052,33.65,-117.009,-1.282310532777151
12605,1052,33.567,-116.631,0.8377750304350662
12606,1052,32.999,-116.942,0.4049711062224992
12609,1052,33.1537,-117.22921,-0.120081509501782
12610,1052,33.0262,-116.9596,-5.981136556594539
12611,1052,33.081,-116.598,0.0225265924032515
12612,1052,35.13066,-115.18416,0.699139817361456
12613,1052,34.9906,-118.34156,-0.3789227897160181
12614,1052,33.684,-117.943,-0.9835272842032008
12615,1052,34.93439,-117.69629,-0.6044967750641562
12616,1052,35.47954,-117.68212,-0.2906205779073442
12617,1052,34.3656,-117.36683,-2.127472388613145
12619,1052,33.818,-116.369,0.7584687266745522
12620,1052,33.808,-116.968,-0.1681026298519068
12621,1052,33.6,-117.195,0.2835105423242576
12622,1052,34.22362,-118.05832,0.059664739900402
12623,1052,33.556,-115.946,-0.7986486553879828
12624,1052,33.788,-117.844,-1.1894066655161186
12625,1052,33.94539,-117.92372,-0.6188474478250052
12626,1052,32.608,-116.93,0.8830984120787143
12627,1052,34.1207,-117.63808,-0.576540776475859
12628,1052,33.862,-117.205,-0.6325344724071766
12630,1052,33.354,-116.863,-0.8669116890430728
12632,1052,33.824,-116.55,0.3596067237444171
12633,1052,33.63,-116.8478,0.6865179265247776
12634,1052,34.87533,-116.99684,-1.3523330895726289
12635,1052,33.973,-117.327,1.0481632409386263
12636,1052,33.97327,-117.32674,0.4604436868784284
12637,1052,33.99351,-117.37545,0.0104188973777639
12640,1052,33.834,-116.797,0.0101328271055751
12641,1052,33.829,-117.789,-1.59973398044606
12642,1052,33.664,-117.769,-1.7812836313155178
12643,1052,34.106,-117.098,0.2212423366831813
12644,1052,32.94508,-115.79988,-0.5286073504615413
12645,1052,34.38203,-117.67822,0.6745870759543058
12648,1052,34.48364,-118.11783,0.279027610038053
12649,1052,34.56065,-117.3296,0.5404998115805209
12650,1052,32.813,-116.975,3.0895228043637446
12651,1052,33.482,-116.911,0.293632267949223
12652,1052,33.815,-116.461,1.718409437960851
12653,1052,33.747,-116.715,2.291923998452016
12654,1052,33.605,-116.938,-0.3609578441960196
12655,1052,33.76,-116.96,1.0706810961504711
12656,1052,33.729,-116.979,1.5599143498720545
12657,1052,33.744,-116.931,-0.091804546388414
12658,1052,33.748,-117.127,0.5785641623664035
12659,1052,33.6022,-116.756,1.5210784607510337
12662,1052,33.91677,-116.38979,1.8888876285049323
12663,1053,34.55046,-117.43391,0.7222631297272117
12664,1053,34.68708,-118.29946,-1.813586677874893
12665,1053,35.1269,-118.83009,-1.9475283943236388
12666,1053,35.34444,-119.10445,0.3854312624272015
12667,1053,34.2623,-116.92075,0.2863938928569429
12668,1053,34.23883,-117.65853,0.078671560254381
12669,1053,34.069,-116.39,-0.2050975518378738
12670,1053,35.30819,-119.84583,1.1810307143683845
12671,1053,35.52495,-117.36453,-0.6223601374421217
12672,1053,36.5504,-117.80295,0.4749720361473049
12676,1053,33.655,-115.99,0.7512575164610348
12677,1053,36.43988,-118.08016,1.29725079749871
12678,1053,34.63745,-115.38115,0.9273050534161394
12679,1053,34.25353,-118.33383,-0.8134056944112519
12680,1053,33.93597,-116.57794,0.248686208343682
12681,1053,33.65,-117.009,-0.7156515155208244
12682,1053,34.10618,-118.45505,-1.7679219619480342
12683,1053,33.567,-116.631,1.1892534418470315
12686,1053,36.46719,-116.86322,0.244066184421989
12688,1053,36.99608,-117.36621,0.1145806509727394
12689,1053,35.30177,-116.80574,-1.0831951258529875
12690,1053,34.8294,-116.335,0.3850814289697691
12691,1053,35.66278,-118.47403,0.3555340482990407
12692,1053,35.98249,-117.80885,1.460269539850008
12693,1053,34.36622,-116.61266,0.3599610376090122
12694,1053,35.13066,-115.18416,-0.2635127898953447
12695,1053,34.9906,-118.34156,-0.2796319810315411
12696,1053,34.93439,-117.69629,-1.2586891019311892
12697,1053,35.47954,-117.68212,-0.2223937305112346
12699,1053,33.818,-116.369,0.5136511242427481
12700,1053,37.63019,-118.83605,2.269369603819721
12701,1053,36.05799,-117.48901,-1.3643162678470802
12702,1053,34.88848,-119.81362,-0.4189152896837603
12703,1053,34.22362,-118.05832,-0.001316859467856
12705,1053,34.53412,-120.17737,-0.3125791721146889
12706,1053,34.17141,-118.18523,-1.9891029271430407
12707,1053,34.1207,-117.63808,-0.7908257916692109
12708,1053,34.09181,-117.80709,-0.879340861300662
12709,1053,34.87533,-116.99684,-0.3876939355278086
12711,1053,33.553,-117.662,0.3672534469708384
12712,1053,35.8996,-116.27515,1.5305561196956534
12713,1053,35.89095,-117.28332,-0.4382098157169645
12714,1053,35.3142,-119.99581,-0.6121704637731623
12716,1053,34.106,-117.098,1.527831744421815
12717,1053,34.38203,-117.67822,0.4514309073613803
12719,1053,35.14592,-119.41946,-0.5638297401616365
12720,1053,37.05422,-118.23009,0.2894328517090118
12722,1053,35.84089,-119.08469,1.3357525185101022
12723,1053,35.53664,-118.14035,1.1510465792462
12724,1053,34.51085,-119.27407,-1.9849519612322744
12725,1054,34.55046,-117.43391,-2.990220865569792
12726,1054,33.63838,-116.4011,-1.8877256111077327
12727,1054,34.68708,-118.29946,-0.99379713751457
12728,1054,32.68005,-116.67215,0.6259689673260114
12729,1054,33.921,-116.981,-0.445678856033035
12730,1054,33.57508,-117.26119,1.9480254557000192
12732,1054,34.23883,-117.65853,-0.9938515543834392
12733,1054,34.069,-116.39,-1.6292601798682442
12734,1054,33.38822,-117.19495,1.3607103111077583
12735,1054,35.52495,-117.36453,-0.0789109607117079
12736,1054,34.10521,-117.28264,1.3614263906455184
12738,1054,33.999,-117.68,0.5911417016808805
12740,1054,33.655,-115.99,-0.824963267557014
12741,1054,34.63745,-115.38115,0.8098609122719983
12742,1054,34.25353,-118.33383,-0.1129104979232207
12743,1054,33.93597,-116.57794,-0.9543387852108256
12744,1054,33.65,-117.009,0.7891233611922418
12745,1054,34.10618,-118.45505,-1.4404010435251902
12746,1054,33.567,-116.631,0.2657035972999367
12747,1054,32.999,-116.942,0.6470533370084317
12751,1054,33.11675,-115.82267,0.8188338343572572
12752,1054,33.71264,-118.29381,-2.2474260716562777
12753,1054,33.051,-114.827,-0.844697384629919
12754,1054,33.1537,-117.22921,1.096298277370069
12755,1054,35.30177,-116.80574,-0.6786813005063067
12756,1054,34.8294,-116.335,-1.254734294195195
12758,1054,33.0859,-116.5959,0.0208888900326158
12759,1054,34.36622,-116.61266,-0.1135411959212368
12760,1054,35.13066,-115.18416,0.6888795771166171
12761,1054,34.9906,-118.34156,0.4497210696656871
12762,1054,33.684,-117.943,1.0433590324011304
12763,1054,34.93439,-117.69629,-4.172355356733425
12764,1054,35.47954,-117.68212,0.2817914382300536
12765,1054,34.3656,-117.36683,-1.4114340311900748
12767,1054,33.818,-116.369,0.0189724152894387
12768,1054,34.005,-117.562,0.5966639884336591
12769,1054,33.808,-116.968,0.4618292327096948
12770,1054,34.22362,-118.05832,1.3190584391942382
12771,1054,33.94539,-117.92372,0.1197272636035432
12772,1054,32.608,-116.93,0.9944182029684048
12773,1054,34.1484,-118.1711,-1.498784647262697
12775,1054,34.1207,-117.63808,-0.0068077613611794
12776,1054,33.862,-117.205,0.5696203788967577
12778,1054,33.354,-116.863,-0.1687175683247733
12779,1054,33.7953,-117.60906,-0.4165451211941193
12780,1054,33.63,-116.8478,0.6993933534634061
12781,1054,33.74346,-118.40412,0.2255688397472323
12782,1054,34.87533,-116.99684,-0.8389512014386037
12783,1054,33.97327,-117.32674,0.9483368710213176
12784,1054,34.05073,-118.08085,1.181532397499324
12785,1054,33.99351,-117.37545,0.8905667938659703
12786,1054,33.2801,-115.98585,1.1848981180758331
12787,1054,34.232,-117.235,-0.5204108654969674
12788,1054,32.784,-117.13805,-0.0221120584743534
12790,1054,35.89095,-117.28332,1.144187214508172
12791,1054,33.834,-116.797,1.5346703878702688
12792,1054,34.05933,-118.64614,-0.7211310880500821
12793,1054,33.829,-117.789,0.6058544911430184
12794,1054,33.664,-117.769,0.3954446797255892
12795,1054,34.106,-117.098,0.4826887440322296
12796,1054,34.38203,-117.67822,-0.0647856793026687
12797,1054,33.63495,-116.16402,-0.1854925521485171
12798,1054,34.48364,-118.11783,0.110005812313653
12799,1054,34.56065,-117.3296,1.3619133575087512
12800,1054,34.1717,-118.64971,1.525581913278686
12801,1054,33.607,-116.453,0.1456856242458344
12802,1054,34.04856,-116.57816,-0.2674951651435904
12803,1054,33.99,-116.656,0.4656856446417282
12804,1054,33.92474,-116.54794,-0.8936399996429668
12805,1054,33.91677,-116.38979,0.2841094167382746
12936,1059,37.27117,-121.98617,-0.1258509044038092
12937,1059,37.91056,-122.53778,2.164271412582524
12938,1059,38.03445,-122.27016,-0.5713953680634151
12939,1059,37.71633,-122.43117,1.867594327350694
12940,1059,38.29027,-122.46125,-0.2729539714506526
12941,1059,37.95397,-121.86554,-2.271174319235917
12942,1059,37.87622,-122.23558,-1.0697328064952212
12943,1059,37.85727,-122.42266,2.596539697796536
12944,1059,37.7294,-121.83346,-0.4965632171873439
12945,1059,37.85884,-121.99264,0.0633970844075021
12946,1059,38.02691,-122.01599,0.5446947359308428
12947,1059,38.34526,-122.4584,-0.5933367924378429
12948,1059,38.99349,-123.07234,-2.43000291100445
12949,1059,37.51604,-122.45815,0.3334887944513246
12950,1059,37.21427,-122.17168,0.79714813055709
12951,1059,37.63719,-122.47482,0.6187214500394045
12952,1059,37.2708,-122.21276,1.750809077283934
12953,1059,37.40372,-122.17596,0.0407084915158426
12954,1059,37.28397,-122.05017,0.3479510359804796
12955,1059,37.58644,-122.50217,0.4181578489036097
12956,1059,39.68631,-123.58242,-0.8311025769819865
12957,1059,38.87874,-122.44277,-2.575707222822183
12958,1059,38.43951,-122.25272,-0.7846670362910303
12959,1059,38.26021,-122.55179,-0.3890903219220024
12960,1059,38.33656,-122.81082,0.78898339186515
12961,1059,38.46769,-122.89651,-0.2324105288209571
12962,1059,38.28043,-122.21582,-0.0591555741771936
12963,1059,38.16488,-122.71296,1.365744129184722
12964,1059,38.6694,-122.6332,-0.79077630527848
12965,1059,38.07601,-122.2585,0.7991533913845521
12966,1059,38.04248,-122.79684,1.9993370391095229
12967,1059,37.99642,-123.01949,0.2180410146038323
12968,1059,38.34878,-122.57795,0.2890525161933975
12969,1059,37.9231,-122.5983,0.7216882640832046
12970,1059,38.38921,-122.66297,-0.2129100468593646
12971,1059,37.62211,-121.75697,-1.8293046881610413
12972,1059,38.71606,-122.9965,0.2475769577110946
12973,1059,38.61618,-122.87231,0.5251577338004354
12974,1059,38.71385,-123.00887,0.4529391488655332
12975,1059,38.72258,-123.00804,-0.0035968790231351
12976,1059,38.71616,-123.00227,1.3806008929377982
19517,1059,37.91881,-122.15176,-1.5327146256715374
19518,1059,37.87352,-122.26099,-0.921683595885521
19519,1059,38.03455,-120.38651,-1.1100148247209924
19520,1059,37.69782,-123.0011,-0.657118328719691
19521,1059,40.81745,-124.02955,-3.4633512786723712
19522,1059,37.34164,-121.64257,-0.9408800577564884
19523,1059,39.55451,-121.50036,-3.4854341616599127
19525,1059,37.9889,-122.2156,1.0054371130648418
19526,1059,37.94906,-122.40851,1.427964371898467
19527,1059,37.51704,-122.37731,-0.1949646962540659
19528,1059,37.67433,-122.39855,1.0158690036155156
19529,1059,37.16067,-121.89899,1.9318959976865693
19530,1059,37.92144,-122.71806,1.9482788998614928
19531,1059,38.441,-122.701,-0.1305593682063822
19532,1059,38.233,-122.636,0.956135001523084
19533,1059,37.76021,-122.41524,0.5679209275221583
19534,1059,37.77737,-122.39689,0.7649854514063635
19535,1059,37.75094,-122.49072,1.3703444312434832
19536,1059,37.76386,-122.4736,1.1405690895333875
19537,1059,37.762,-122.505,1.206678460123543
19538,1059,37.4748,-122.2392,0.4053114644483065
19539,1059,37.54187,-122.30471,0.4177891564982275
19540,1059,37.30249,-121.97978,-0.0929941333804691
19541,1059,37.26352,-121.91617,-0.8460004984432808
19542,1059,37.31816,-121.94354,0.5121901349781957
19543,1059,37.3066,-121.84915,-0.5301770565954849
19544,1059,37.68,-121.739,-1.781689854811099
19545,1059,37.41702,-121.9154,0.2327291442262748
19546,1059,37.59094,-122.36741,0.3731331136114063
19547,1059,37.74766,-122.42528,1.284006109559924
19548,1059,37.74664,-122.38679,1.132398000038183
19549,1059,37.39415,-122.06041,1.0256814031525323
19550,1059,37.376,-121.84367,-0.4731081711295544
19551,1059,37.45098,-122.4287,0.3309002604477071
19552,1059,37.59268,-122.07449,-0.8196468327836952
19553,1059,37.71737,-121.72701,-1.5004879611508848
19554,1059,37.67928,-122.48405,1.200524330425995
19555,1059,37.88767,-122.29916,0.7469329372100323
19556,1059,37.74484,-122.40134,0.5583848548317012
19557,1059,37.77934,-122.486,1.0885743591746688
19558,1059,37.81076,-122.29252,-0.340273917552317
19559,1059,37.8251,-122.27606,0.188378422030756
19560,1059,37.7986,-122.2684,0.3229571167797979
19561,1059,37.41395,-121.87085,0.8986989964855556
19562,1059,37.86059,-122.29327,0.1025649556713683
19563,1059,37.85835,-122.25252,0.2160916586195551
19564,1059,37.37418,-122.0781,-0.1904269747802963
19565,1059,37.45035,-121.80037,-1.3466715501399773
19566,1059,37.74766,-121.70843,-0.4027362347916803
19567,1059,37.91233,-121.90716,-1.1040562442205524
19568,1059,37.34305,-122.33976,0.5328316578838935
19569,1059,37.31861,-122.15314,-0.3282386050399401
19570,1059,37.17217,-122.01121,2.203679103387884
19571,1059,37.36045,-122.18986,0.5649341396351387
19572,1059,37.20631,-121.97726,0.9762420752076216
19573,1059,37.15432,-121.73467,0.7816289977678014
19574,1059,37.58225,-122.42006,0.4127416070638846
19575,1059,40.4756,-124.3375,-2.2766643588243647
19576,1059,40.8748,-123.7325,-2.974427975266172
19577,1059,40.4175,-124.1206,-2.039034779148916
19578,1059,40.2022,-123.7086,-1.862524083208058
19580,1059,41.1577,-124.0233,-2.907512649201732
19581,1059,38.15486,-121.80438,-1.447923156231278
12977,1060,37.76021,-122.41524,0.0995040030153184
12978,1060,37.77737,-122.39689,1.070795854868416
12979,1060,37.76386,-122.4736,0.8843616264082641
12980,1060,37.762,-122.505,1.3679360743041276
12981,1060,37.54187,-122.30471,-0.4906326339118553
12982,1060,37.74766,-122.42528,0.1497867110370975
12983,1060,37.34655,-121.80774,0.7924431178260696
12984,1060,37.40718,-122.00001,0.4486632215274838
12985,1060,37.39415,-122.06041,0.7854837390937667
12986,1060,37.376,-121.84367,-0.2323938885584619
12987,1060,37.27117,-121.98617,0.6978194694541922
12988,1060,37.67928,-122.48405,2.157795305100399
12989,1060,37.91056,-122.53778,0.2464466847818006
12990,1060,37.88767,-122.29916,0.300198951459551
12991,1060,38.03445,-122.27016,-1.6366083729698044
12992,1060,37.71633,-122.43117,1.0605927097558645
12993,1060,37.81076,-122.29252,0.782618643193231
12994,1060,37.8251,-122.27606,1.288278946530187
12995,1060,37.7986,-122.2684,1.462298868232278
12996,1060,37.41395,-121.87085,0.1799100585032644
12997,1060,37.86059,-122.29327,-0.6201599194427554
12998,1060,37.85835,-122.25252,0.0960448181928195
12999,1060,37.36408,-122.01817,0.0469147856164134
13000,1060,37.42549,-122.07772,-0.1669679736283419
13001,1060,37.85727,-122.42266,-0.3299256642385199
13002,1060,37.45035,-121.80037,-0.6048242811419396
13003,1060,37.74766,-121.70843,0.1170943107480126
13004,1060,37.7294,-121.83346,-1.285715930248839
13005,1060,38.03455,-120.38651,-0.5669012811916575
13006,1060,37.85884,-121.99264,0.3150888563073467
13007,1060,37.91233,-121.90716,-0.0921734659270534
13008,1060,38.02691,-122.01599,-0.5487820617656681
13009,1060,38.99349,-123.07234,-4.3255983510669695
13010,1060,37.34305,-122.33976,1.72263112223534
13011,1060,37.31861,-122.15314,0.8820616712807335
13012,1060,37.17217,-122.01121,3.2070884237275075
13013,1060,37.36045,-122.18986,1.528306789018566
13014,1060,37.51604,-122.45815,1.3746260698873018
13015,1060,37.21427,-122.17168,1.6483766762184733
13016,1060,37.20631,-121.97726,1.9577300402783715
13017,1060,37.15432,-121.73467,1.66483237946348
13018,1060,37.63719,-122.47482,2.080746252307132
13019,1060,37.2708,-122.21276,2.34783305080646
13020,1060,37.19855,-122.34671,1.738829029820536
13021,1060,37.40373,-122.23868,-0.7534787078058022
13022,1060,37.58225,-122.42006,0.5495951521391558
13023,1060,37.40372,-122.17596,-0.152953502447174
13024,1060,37.28397,-122.05017,0.6538178543636728
13025,1060,37.58644,-122.50217,1.263296917530407
13026,1060,37.34164,-121.64257,-0.2765129652974856
13027,1060,37.65909,-118.97907,1.3549801957930585
13028,1060,38.43951,-122.25272,-2.112011863783673
13029,1060,38.26021,-122.55179,-0.8984553514023432
13030,1060,38.30988,-122.943,3.066393148911683
13031,1060,38.33656,-122.81082,2.031551674224068
13032,1060,38.46769,-122.89651,0.7396391882096195
13033,1060,38.16488,-122.71296,1.5696261796999675
13034,1060,38.07601,-122.2585,-0.1571369352391673
13035,1060,38.04248,-122.79684,1.3885484768650518
13036,1060,37.99642,-123.01949,0.0355965501412028
13037,1060,38.34878,-122.57795,-0.2567015955270734
13038,1060,37.9231,-122.5983,-0.1602390268680802
13039,1060,38.38921,-122.66297,-0.660484085483086
13040,1060,35.945,-120.542,-1.304874399271446
13041,1060,37.62211,-121.75697,-2.3077004351776385
13042,1060,37.95397,-121.86554,-2.2787597821833487
13043,1060,37.87622,-122.23558,-2.200184177506012
13044,1060,37.91881,-122.15176,-0.0076065938591873
13045,1060,37.87352,-122.26099,-1.1481869877163753
13046,1060,38.34526,-122.4584,-1.0632034734024949
13047,1060,38.87874,-122.44277,-4.492275901416218
13048,1060,38.2026,-121.9354,-1.7867911313691962
13049,1060,36.76403,-121.44722,-2.000284846436636
19582,1060,37.69782,-123.0011,0.1149846190775719
19583,1060,39.55451,-121.50036,-2.012931788557594
19584,1060,37.28744,-121.86422,1.4614188161400947
19585,1060,37.81647,-122.06302,-0.9251090944760048
19586,1060,37.25898,-121.67311,0.0102949690089777
19587,1060,37.9889,-122.2156,-1.0156245171451583
19588,1060,37.94906,-122.40851,-0.451458468338633
19589,1060,37.72416,-122.11929,0.9925607775914952
19590,1060,37.12043,-122.1552,1.3967200087387897
19591,1060,38.441,-122.701,-0.646355534577682
19592,1060,38.233,-122.636,1.1751816451606223
19593,1060,37.75094,-122.49072,-0.7082167920183768
19594,1060,37.40701,-122.0946,0.8297485742751174
19595,1060,37.4748,-122.2392,0.76403633434751
19596,1060,37.30249,-121.97978,0.3265566580969963
19597,1060,37.26748,-121.86656,0.0040176454292104
19598,1060,37.26352,-121.91617,0.4517768090361972
19599,1060,37.30143,-121.9039,-0.6878595817317663
19600,1060,37.31816,-121.94354,0.6705112258752154
19601,1060,37.3066,-121.84915,1.0162732302202862
19602,1060,37.66,-121.873,-0.829869914892622
19603,1060,37.68,-121.739,-2.550913404121793
19604,1060,37.41702,-121.9154,-0.5872193368323413
19605,1060,37.59094,-122.36741,-0.3238377833349184
19606,1060,37.74664,-122.38679,0.1601792833541773
19607,1060,37.45098,-122.4287,1.0790801164673287
19608,1060,37.59268,-122.07449,0.0051170133250397
19609,1060,37.71737,-121.72701,-2.75920852415046
19610,1060,37.74484,-122.40134,-0.2714784637539181
19611,1060,38.29027,-122.46125,-1.6338786153298743
19612,1060,37.37418,-122.0781,-0.5378135607708475
19613,1060,37.16346,-121.62645,1.0698933267519275
19614,1060,37.04922,-121.80722,0.7336802484245306
19615,1060,39.68631,-123.58242,-2.592678009882251
19617,1060,40.2022,-123.7086,-3.025598465535135
19618,1060,37.6444,-118.89683,0.972911636256705
19619,1060,38.28043,-122.21582,-1.725892739028026
19620,1060,38.15486,-121.80438,-1.8424543211134807
19621,1060,38.6694,-122.6332,-1.2936217094934257
13050,1061,34.1949,-118.354,1.2700342284498547
13052,1061,35.2693,-116.0703,1.2701669407022969
13053,1061,34.68224,-118.57398,0.1754894136403721
13054,1061,34.155,-118.641,-0.4469912510141797
13055,1061,33.44577,-118.483,-0.4828102914989731
13058,1061,34.0602,-117.809,-1.3485362085547077
13059,1061,33.876,-117.561,0.5196765290074501
13060,1061,33.93597,-116.57794,0.209669820230071
13061,1061,33.65,-117.009,1.7298652557241485
13062,1061,34.88303,-117.99106,0.6790032809432445
13063,1061,34.1,-117.439,0.0458695075393473
13064,1061,35.082,-117.58267,-0.0456021985091203
13065,1061,33.8717,-117.92251,-1.117400915687273
13066,1061,36.46719,-116.86322,0.2952504825009592
13067,1061,33.051,-114.827,-0.1655494159957568
13069,1061,34.8294,-116.335,1.1687719326046104
13070,1061,35.9823,-117.8076,0.2595987603519272
13071,1061,34.15037,-118.10156,-0.7460498977609412
13072,1061,34.61462,-118.29104,-0.118008391575464
13073,1061,34.61594,-117.82493,2.660714965791801
13074,1061,35.47954,-117.68212,1.5564450790227362
13075,1061,34.3656,-117.36683,0.2074751941839819
13077,1061,36.05799,-117.48901,-1.069162573001546
13079,1061,34.22362,-118.05832,0.7050605882621986
13080,1061,33.788,-117.844,-0.6241150328656955
13081,1061,34.6145,-118.7235,-1.1421545195575205
13082,1061,34.1484,-118.1711,-1.746201145723856
13083,1061,33.354,-116.863,0.6410573025950057
13084,1061,33.7953,-117.60906,-0.6955041010094488
13085,1061,33.74346,-118.40412,-0.1897788520325052
13087,1061,34.05073,-118.08085,-0.1647858813550342
13088,1061,33.99351,-117.37545,0.0459635712195481
13089,1061,34.44076,-119.71492,-1.1157153523477137
13090,1061,34.232,-117.235,-0.5206190331579237
13091,1061,35.8996,-116.27515,1.7058278512441538
13092,1061,34.01438,-118.45617,0.0801544607101845
13093,1061,33.24787,-119.52437,-0.5364824266537442
13094,1061,34.416,-118.449,0.3326434510417073
13095,1061,32.94508,-115.79988,0.5270971355769399
13097,1061,34.15607,-118.82039,-1.045509259112626
13098,1061,34.01919,-118.28631,-0.8695061650532011
13099,1061,34.48364,-118.11783,-1.9084383980131527
13100,1061,34.56065,-117.3296,2.1758665007026683
13101,1062,33.3527,-115.733,0.3177046444599633
13102,1062,34.55046,-117.43391,1.8077307557552733
13103,1062,34.68708,-118.29946,-0.2959093918801173
13104,1062,32.68005,-116.67215,-0.4443908293054345
13105,1062,34.2623,-116.92075,1.2581466485522217
13106,1062,33.921,-116.981,0.1249726548315973
13109,1062,34.069,-116.39,0.6422662753832775
13111,1062,33.268,-116.417,-1.814806573873813
13112,1062,33.01213,-115.21987,-1.4993595623672689
13113,1062,34.68224,-118.57398,0.8276883483201638
13114,1062,33.38822,-117.19495,-0.8310013295697464
13116,1062,33.999,-117.68,0.6756427703104377
13117,1062,33.655,-115.99,0.4399850726771435
13118,1062,34.63745,-115.38115,-1.3827188134620354
13119,1062,34.25353,-118.33383,0.0666556453160373
13120,1062,33.65,-117.009,-0.6631875451004816
13121,1062,33.567,-116.631,0.4537443881649308
13122,1062,32.999,-116.942,-0.5205628551419411
13123,1062,32.805,-115.447,0.7306630808355604
13124,1062,32.65915,-116.10061,-1.851019384074344
13127,1062,33.11675,-115.82267,1.1508651144278343
13128,1062,33.051,-114.827,-2.7671303038803408
13129,1062,33.1537,-117.22921,-0.6158038536963474
13130,1062,35.30177,-116.80574,-0.1769826351404377
13132,1062,33.0859,-116.5959,-1.4704640275370202
13133,1062,34.36622,-116.61266,1.2337389339580271
13134,1062,34.9906,-118.34156,0.6830291368439794
13135,1062,33.684,-117.943,-0.9905589632334824
13136,1062,34.93439,-117.69629,1.609559220754193
13137,1062,35.47954,-117.68212,1.1962878931683971
13138,1062,34.3656,-117.36683,-0.2261103401920132
13140,1062,33.818,-116.369,1.3412008484276223
13141,1062,34.005,-117.562,1.482355425825247
13143,1062,33.808,-116.968,0.9479205671029504
13144,1062,34.22362,-118.05832,0.7230756207612878
13145,1062,33.556,-115.946,-0.384444196714766
13146,1062,33.94539,-117.92372,0.0708514986389585
13147,1062,32.608,-116.93,-0.036561285879752
13148,1062,34.6145,-118.7235,-1.6266081642344958
13149,1062,34.1484,-118.1711,-1.526810746754474
13150,1062,34.1207,-117.63808,0.2351218862786061
13151,1062,33.862,-117.205,1.1163998185548998
13153,1062,33.354,-116.863,-1.8621977254099795
13154,1062,33.63,-116.8478,0.6802628580480017
13155,1062,34.87533,-116.99684,-0.1881158239157069
13156,1062,33.97327,-117.32674,1.487975215459491
13157,1062,33.99351,-117.37545,0.9154193972172936
13158,1062,33.183,-115.623,-1.4912693992638455
13159,1062,33.2801,-115.98585,0.1213071922984823
13161,1062,33.553,-117.662,-2.0622926002464044
13163,1062,33.834,-116.797,1.5581840350464748
13164,1062,34.05933,-118.64614,-1.3570184048964071
13165,1062,33.829,-117.789,-0.5281535216098261
13166,1062,33.664,-117.769,-1.3483185429349351
13167,1062,34.106,-117.098,1.793750655318824
13168,1062,32.94508,-115.79988,0.8401819732817206
13169,1062,34.38203,-117.67822,0.2469636470019491
13171,1062,33.63495,-116.16402,-2.248270299173838
13172,1062,34.48364,-118.11783,1.0613302550577628
13173,1062,34.56065,-117.3296,2.566811140827268
13174,1062,32.75904,-115.73161,0.7845365286628015
13175,1062,34.00948,-117.95077,0.3434588147321694
13201,1064,34.55046,-117.43391,-0.3808737752558061
13202,1064,33.63838,-116.4011,0.3286423066320784
13203,1064,34.68708,-118.29946,-0.1714863072654802
13204,1064,35.1269,-118.83009,-0.9679423801129476
13205,1064,32.68005,-116.67215,1.4842514830473432
13207,1064,33.57508,-117.26119,0.2546220024160908
13209,1064,34.23883,-117.65853,0.098970495932215
13210,1064,34.069,-116.39,-1.0988414453924882
13211,1064,33.268,-116.417,0.6527274405963224
13212,1064,33.80776,-117.98116,-0.6220651245375953
13213,1064,34.68224,-118.57398,0.610105043784958
13214,1064,33.38822,-117.19495,0.0744660439532338
13215,1064,35.52495,-117.36453,1.2900695991227185
13216,1064,36.5504,-117.80295,0.7183473612764965
13218,1064,33.999,-117.68,-1.7634249769900827
13219,1064,33.4019,-118.41502,-0.318793285926618
13221,1064,34.093,-117.317,0.1712659055090753
13222,1064,33.655,-115.99,0.2982793978671449
13223,1064,34.63745,-115.38115,1.1701541494945338
13224,1064,34.25353,-118.33383,-0.5878084615232831
13225,1064,33.93597,-116.57794,-0.1993237298094574
13226,1064,33.65,-117.009,-0.7768908949995628
13227,1064,34.10618,-118.45505,-1.2934326368944673
13228,1064,33.567,-116.631,1.0022487603091832
13229,1064,32.999,-116.942,0.7769342983083276
13231,1064,32.65915,-116.10061,-0.1531853413808263
13234,1064,33.11675,-115.82267,0.9142879572841308
13235,1064,33.71264,-118.29381,-2.62186443723836
13236,1064,33.051,-114.827,-0.6932060938309506
13237,1064,33.1537,-117.22921,0.2562938947306365
13238,1064,36.99608,-117.36621,0.3833396925373242
13239,1064,35.30177,-116.80574,1.45707694218175
13240,1064,34.8294,-116.335,1.619068682451682
13241,1064,34.121,-117.219,-1.2935011278290265
13243,1064,35.66278,-118.47403,-0.875006891242911
13244,1064,33.0859,-116.5959,1.2876775597805612
13245,1064,35.98249,-117.80885,1.934823552140153
13246,1064,34.36622,-116.61266,0.3635687379501836
13247,1064,35.13066,-115.18416,0.8736747556363588
13248,1064,34.9906,-118.34156,1.0910500047741292
13249,1064,34.30529,-118.48805,-0.1665488965072105
13250,1064,33.9753,-118.14918,-0.5690133283985208
13251,1064,34.10819,-119.06587,-1.2362385785911338
13252,1064,34.80762,-118.86775,-0.3013716587844106
13253,1064,34.61594,-117.82493,1.0808945741037437
13254,1064,34.93439,-117.69629,0.5239556948866945
13255,1064,35.47954,-117.68212,1.4112930030610185
13256,1064,34.3656,-117.36683,-1.09676257383104
13258,1064,33.818,-116.369,0.2066061180860765
13260,1064,34.005,-117.562,-1.1613677072384911
13261,1064,36.05799,-117.48901,0.0865716441478989
13262,1064,33.808,-116.968,-0.4481785814483384
13264,1064,34.22362,-118.05832,0.819502734779278
13265,1064,34.78035,-116.55798,1.6421632122274823
13267,1064,33.556,-115.946,-0.6213892979487807
13268,1064,33.94539,-117.92372,-0.7243512073724243
13269,1064,32.608,-116.93,1.0144954536979505
13270,1064,34.6145,-118.7235,-1.6513898999881782
13271,1064,34.1484,-118.1711,-1.9506509397941736
13272,1064,34.1207,-117.63808,-1.7218032790045392
13273,1064,33.862,-117.205,-0.0124538968395611
13275,1064,33.82436,-116.51195,0.3875636488869958
13276,1064,33.354,-116.863,0.4678179891894408
13277,1064,33.7953,-117.60906,-1.9217246935311072
13278,1064,33.63,-116.8478,0.8711326199617401
13279,1064,34.87533,-116.99684,0.2532643578445725
13280,1064,33.97327,-117.32674,-0.013969307715601
13281,1064,34.05073,-118.08085,1.0525724393183218
13282,1064,33.99351,-117.37545,-0.9177556039537872
13283,1064,33.2801,-115.98585,1.2458737024416378
13284,1064,34.232,-117.235,-0.5334130364412981
13285,1064,33.99543,-119.6351,-0.4065882267690275
13286,1064,33.553,-117.662,-2.2629459745980043
13287,1064,32.784,-117.13805,-0.8139142521256599
13289,1064,34.43692,-119.1375,-2.267448769197436
13290,1064,35.8996,-116.27515,2.63278049719958
13291,1064,35.89095,-117.28332,2.1499557560763694
13292,1064,33.834,-116.797,0.4808221370854515
13294,1064,34.01438,-118.45617,-0.3180552471732003
13295,1064,34.05933,-118.64614,-1.4825149759036556
13296,1064,36.1355,-118.81099,-0.2831507931560478
13297,1064,33.829,-117.789,-0.70563688601523
13298,1064,34.30302,-119.18676,-0.2423549067526311
13299,1064,33.664,-117.769,-1.408791634938259
13300,1064,34.106,-117.098,1.1054782606142035
13301,1064,32.94508,-115.79988,0.5330805541254456
13302,1064,34.52775,-119.97834,-1.1342022643530527
13303,1064,34.38203,-117.67822,0.5008712534977151
13305,1064,33.63495,-116.16402,0.8409723782753216
13307,1064,34.48364,-118.11783,-0.3013334841272146
13308,1064,34.56065,-117.3296,2.111870265973314
13309,1064,35.53664,-118.14035,0.4942108774380774
13310,1064,32.75904,-115.73161,0.6385534541201602
13311,1064,34.51085,-119.27407,-1.3819985881318393
13312,1064,34.00948,-117.95077,0.4361046074482388
13313,1065,34.68708,-118.29946,0.8749913285016203
13314,1065,32.68005,-116.67215,1.4896766358644449
13315,1065,34.23883,-117.65853,-0.5120080380216726
13316,1065,34.68224,-118.57398,0.625640755747667
13317,1065,33.38822,-117.19495,1.6609637509546809
13319,1065,33.876,-117.561,1.0259618638755892
13320,1065,34.10618,-118.45505,-1.1956973686434302
13321,1065,32.999,-116.942,2.0194880125098824
13323,1065,33.71264,-118.29381,-1.2810474960131149
13324,1065,33.1537,-117.22921,1.2395274272143002
13325,1065,35.66278,-118.47403,-0.7060425328537272
13326,1065,34.9906,-118.34156,1.6133464540693694
13327,1065,33.9753,-118.14918,0.0011798378833743
13328,1065,34.80762,-118.86775,-0.561717648559183
13329,1065,34.005,-117.562,0.7281191071808245
13330,1065,33.6,-117.195,1.3882407565235635
13331,1065,34.22362,-118.05832,0.5643743384434138
13332,1065,33.94539,-117.92372,-1.288488132734138
13333,1065,34.6145,-118.7235,-0.4422102311317735
13334,1065,34.17141,-118.18523,-3.920501682159677
13335,1065,34.1207,-117.63808,-1.823890345938615
13336,1065,33.354,-116.863,0.0010563079893171
13337,1065,34.09181,-117.80709,-1.7264759002981018
13338,1065,33.63,-116.8478,1.156068905526253
13339,1065,34.281,-118.478,0.8802269590050108
13340,1065,34.87533,-116.99684,-1.0840069893763884
13341,1065,34.05073,-118.08085,-0.4585675585999796
13342,1065,33.99351,-117.37545,-0.6660966400737114
13344,1065,34.232,-117.235,-2.169077045064506
13345,1065,34.05933,-118.64614,-1.1364192971365914
13346,1065,34.106,-117.098,-0.0575610278089488
13347,1065,34.38203,-117.67822,-1.0996753062418465
13350,1065,34.48364,-118.11783,-1.1372556327191703
13351,1065,34.56065,-117.3296,1.1350348926779006
13352,1065,34.00948,-117.95077,0.6346416624720725
13353,1065,34.1717,-118.64971,2.040817613944822
13354,1065,33.939,-118.098,1.29437791366261
13355,1065,34.425,-117.544,0.0111575931960385
13356,1065,34.439,-117.647,0.8030807784160778
13357,1065,34.144,-118.262,1.2094799809183931
13358,1065,34.393,-117.805,-0.9230245988771916
13360,1065,33.852,-117.451,1.0728990084447605
13361,1066,34.55046,-117.43391,0.7723995170825104
13362,1066,33.63838,-116.4011,-0.1301180108234587
13363,1066,34.14647,-118.76699,-0.5438669935352307
13364,1066,34.68708,-118.29946,-0.6675086107340263
13365,1066,32.68005,-116.67215,0.9379625475902668
13366,1066,34.2623,-116.92075,0.3578592029197591
13367,1066,33.921,-116.981,-0.0392518206251109
13369,1066,33.57508,-117.26119,0.6214015993019008
13371,1066,34.23883,-117.65853,0.005456465903413
13372,1066,34.069,-116.39,-0.527539737983455
13373,1066,33.268,-116.417,-0.3988341612612857
13374,1066,33.80776,-117.98116,-0.3574346339883834
13375,1066,33.4915,-116.667,-4.03067156359238
13376,1066,33.38822,-117.19495,0.4021807779888434
13377,1066,35.52495,-117.36453,-0.2721015671793717
13378,1066,36.5504,-117.80295,-0.3925388572051416
13380,1066,33.4019,-118.41502,1.3296582878177172
13382,1066,34.093,-117.317,1.3748139892075069
13383,1066,33.655,-115.99,0.3216648053769425
13385,1066,34.25353,-118.33383,-0.0240921356737866
13386,1066,33.93597,-116.57794,-0.2059533394074484
13387,1066,34.10618,-118.45505,0.3025225833898503
13388,1066,33.567,-116.631,0.7036033971378403
13389,1066,32.999,-116.942,1.542353810033605
13390,1066,34.88303,-117.99106,0.5449890991273443
13392,1066,34.72832,-119.98803,-1.2526014737651523
13393,1066,33.71264,-118.29381,-2.2130334832798986
13394,1066,33.1537,-117.22921,0.0167568225122476
13396,1066,35.30177,-116.80574,-0.8297747119572199
13397,1066,34.8294,-116.335,0.5508087348867301
13398,1066,34.17643,-118.35967,0.9249925201712874
13400,1066,34.31076,-118.49675,0.7004811730186963
13401,1066,33.0859,-116.5959,0.0798204846093791
13402,1066,35.9823,-117.8076,0.6472200294497281
13403,1066,34.36622,-116.61266,0.2601070773922655
13404,1066,34.15037,-118.10156,-0.1334870310752586
13405,1066,33.86889,-118.33143,0.6776842047061358
13406,1066,34.00033,-118.37794,-0.712160760321661
13407,1066,34.73551,-120.27996,-0.0004313083799607
13408,1066,34.9906,-118.34156,0.5889499152553818
13409,1066,33.9753,-118.14918,-0.8945873445879693
13410,1066,34.10819,-119.06587,1.3614488473680917
13411,1066,34.80762,-118.86775,-0.3775335724975199
13412,1066,34.61594,-117.82493,0.8783864514371373
13413,1066,33.684,-117.943,-0.4799948564302427
13414,1066,34.93439,-117.69629,0.7222922193182043
13415,1066,33.881,-118.176,0.4007831557935484
13416,1066,34.3656,-117.36683,-0.0342554795578844
13419,1066,34.005,-117.562,0.1337321485972047
13420,1066,34.28085,-118.9049,-0.5033981008236963
13421,1066,34.81258,-119.1453,-0.2206300259234496
13422,1066,36.05799,-117.48901,-2.66828231346498
13423,1066,34.88848,-119.81362,-1.3399557490821938
13424,1066,33.808,-116.968,1.0670888985706712
13426,1066,34.22362,-118.05832,0.7249309773968255
13427,1066,34.53412,-120.17737,1.1345033451946382
13428,1066,33.94539,-117.92372,-0.0426276613238856
13429,1066,34.6145,-118.7235,-1.7807869596553854
13430,1066,34.1484,-118.1711,-0.8648586842489483
13431,1066,34.44199,-118.58215,0.492064128377416
13432,1066,33.96273,-118.43702,-0.5433107040042037
13433,1066,34.1207,-117.63808,-0.6021010743850963
13434,1066,33.862,-117.205,0.9372326451136972
13435,1066,35.40773,-120.54556,-0.2244299956269038
13436,1066,35.945,-120.542,-1.014712327453032
13437,1066,33.354,-116.863,-0.6728347645836517
13438,1066,33.7953,-117.60906,-0.4159830247871688
13439,1066,34.281,-118.478,1.0198451178862111
13440,1066,34.10473,-117.97956,-0.6170995517633757
13441,1066,33.74346,-118.40412,0.907192347082175
13442,1066,34.87533,-116.99684,-0.220884606885841
13443,1066,34.05073,-118.08085,-0.0011240960746267
13444,1066,33.99351,-117.37545,0.3917272660094337
13445,1066,33.2801,-115.98585,0.2606136312912345
13446,1066,34.44076,-119.71492,0.5927941622636966
13448,1066,34.232,-117.235,-0.0969358087829976
13449,1066,33.553,-117.662,-0.8083611100348284
13450,1066,34.56547,-120.50137,0.1677150564961523
13451,1066,34.43692,-119.1375,-1.94875772443988
13452,1066,35.89095,-117.28332,-0.2335728648763722
13453,1066,33.834,-116.797,0.7006054627393682
13454,1066,35.3142,-119.99581,-1.3988998523231897
13455,1066,34.01438,-118.45617,0.4997531167069566
13456,1066,34.27091,-118.74407,-1.035308600926007
13457,1066,33.24787,-119.52437,0.0503122816405674
13458,1066,34.05933,-118.64614,0.1422237439221224
13459,1066,33.829,-117.789,-0.1036985746827243
13460,1066,34.30302,-119.18676,1.4894560211948389
13461,1066,33.664,-117.769,-0.4624662374138542
13462,1066,33.79033,-118.19878,0.815851677194761
13463,1066,34.106,-117.098,1.4162886127171994
13464,1066,34.52775,-119.97834,0.428501021205986
13465,1066,34.38203,-117.67822,0.0421808669989787
13467,1066,35.14592,-119.41946,-1.0393232835726829
13468,1066,33.63495,-116.16402,0.3914464127399512
13469,1066,37.05422,-118.23009,1.5240405680096685
13470,1066,34.15607,-118.82039,0.0903178944710448
13472,1066,34.01919,-118.28631,-1.2266004437537386
13473,1066,34.48364,-118.11783,0.0255770958515587
13474,1066,35.84089,-119.08469,-0.7354316338135333
13475,1066,34.56065,-117.3296,1.1556008050943662
13476,1066,35.53664,-118.14035,0.3227401669023982
13478,1066,34.51085,-119.27407,-0.9084552216764208
13479,1066,34.00948,-117.95077,0.4106373009749473
13480,1066,34.1717,-118.64971,0.6560520746929965
13481,1066,33.94869,-118.25547,-0.3170410136538865
13502,1068,35.1269,-118.83009,-1.1879916324795758
13503,1068,34.2623,-116.92075,0.7392361208898597
13504,1068,34.23883,-117.65853,-0.4200314046823771
13505,1068,34.069,-116.39,0.6831476843310577
13506,1068,33.268,-116.417,-0.1771128811901625
13507,1068,33.01213,-115.21987,-1.1879915051495322
13508,1068,34.68224,-118.57398,0.071639998499505
13509,1068,33.4915,-116.667,-4.503172180996949
13510,1068,33.38822,-117.19495,2.111875962428864
13513,1068,33.4019,-118.41502,0.168681863374955
13515,1068,33.655,-115.99,-0.1821918430636457
13516,1068,34.25353,-118.33383,-0.7203136068381731
13517,1068,33.93597,-116.57794,0.3211021387734019
13518,1068,33.65,-117.009,0.2187876429007641
13519,1068,34.10618,-118.45505,-1.449162768307504
13520,1068,33.567,-116.631,0.9523515684536736
13521,1068,32.999,-116.942,0.2340341022811343
13522,1068,32.65915,-116.10061,0.8949998214587803
13524,1068,33.11675,-115.82267,0.0507704729226929
13525,1068,33.71264,-118.29381,-1.6973587338145164
13526,1068,33.051,-114.827,-1.1053776813505638
13528,1068,33.1537,-117.22921,0.3731383949376083
13529,1068,35.30177,-116.80574,-0.0596646368688199
13530,1068,34.8294,-116.335,-0.4540859960661501
13532,1068,33.0859,-116.5959,-0.0622895599045596
13533,1068,34.36622,-116.61266,1.5596778261143034
13535,1068,34.9906,-118.34156,-0.2344805969829372
13536,1068,34.3656,-117.36683,-0.4660079101277621
13538,1068,33.818,-116.369,0.5928673829100574
13540,1068,33.808,-116.968,1.4850429887135783
13541,1068,33.6,-117.195,0.8907476360874733
13542,1068,32.608,-116.93,-0.1441155522902744
13543,1068,34.6145,-118.7235,-1.962503606020088
13544,1068,34.17141,-118.18523,-1.427360632939349
13545,1068,34.1207,-117.63808,-0.148681784250209
13547,1068,33.354,-116.863,-0.7834511767384127
13548,1068,33.7953,-117.60906,-0.7595061218256657
13550,1068,34.09181,-117.80709,-0.8970574131946206
13551,1068,33.63,-116.8478,2.3112973218898016
13552,1068,34.87533,-116.99684,-0.3044755484566629
13553,1068,33.99351,-117.37545,1.6493545227829849
13554,1068,33.2801,-115.98585,0.045889523910434
13556,1068,34.232,-117.235,0.7347687993099338
13557,1068,33.99543,-119.6351,0.5228548046490257
13558,1068,33.553,-117.662,-0.0526026099912251
13560,1068,32.944,-115.718,-0.3701100962065133
13561,1068,33.834,-116.797,0.944712562775814
13562,1068,34.05933,-118.64614,-0.9913757642203984
13563,1068,33.829,-117.789,-0.3626808835146515
13564,1068,34.106,-117.098,1.5415949327391187
13565,1068,32.94508,-115.79988,0.3710937322862249
13566,1068,34.38203,-117.67822,0.4396437852669963
13570,1068,32.75904,-115.73161,0.6164132844653886
13571,1069,37.75094,-122.49072,1.3873019566761944
13572,1069,37.54187,-122.30471,0.4040450216191329
13573,1069,37.26352,-121.91617,-1.2546473214668734
13574,1069,37.66,-121.873,-1.2056264906318277
13575,1069,37.68,-121.739,-1.4409881094472128
13576,1069,37.59094,-122.36741,1.197643678424683
13577,1069,37.39415,-122.06041,-1.2413336413471776
13578,1069,37.27117,-121.98617,-0.7889949589927798
13579,1069,37.59268,-122.07449,-0.9714844814199184
13580,1069,37.71737,-121.72701,-1.8280981346740643
13581,1069,37.67928,-122.48405,2.6710425986341084
13582,1069,37.91056,-122.53778,2.8629974520742296
13583,1069,38.03445,-122.27016,-0.5994942282068261
13584,1069,37.95397,-121.86554,-2.584963995454871
13585,1069,37.87622,-122.23558,-2.043544474115628
13586,1069,37.91881,-122.15176,-1.0433468603928706
13587,1069,37.87352,-122.26099,-1.312871729562282
13588,1069,37.16346,-121.62645,-0.012829175047089
13589,1069,37.85727,-122.42266,1.167851739983391
13590,1069,37.45035,-121.80037,-1.9267932992164627
13591,1069,37.74766,-121.70843,1.425094612475066
13592,1069,37.7294,-121.83346,0.0105190030941443
13593,1069,37.85884,-121.99264,-0.4021433395358224
13594,1069,37.91233,-121.90716,0.5872922428049151
13595,1069,38.02691,-122.01599,-0.9558548347483418
13596,1069,38.34526,-122.4584,-0.9571022680730764
13597,1069,38.99349,-123.07234,-4.109920213106226
13598,1069,37.34305,-122.33976,0.7721277215813245
13599,1069,37.31861,-122.15314,-0.5214546727101875
13600,1069,37.17217,-122.01121,2.029987377995186
13601,1069,37.51604,-122.45815,2.148379309412954
13602,1069,37.21427,-122.17168,0.2663163238209628
13603,1069,37.20631,-121.97726,2.745931039135198
13604,1069,37.15432,-121.73467,-0.0105360279243227
13605,1069,37.63719,-122.47482,1.193556987362958
13606,1069,37.2708,-122.21276,-0.1980436257842007
13607,1069,37.19855,-122.34671,0.7210004467707745
13608,1069,37.40373,-122.23868,-2.347981800031864
13609,1069,37.58225,-122.42006,1.6025755567579294
13610,1069,37.40372,-122.17596,-1.6267523074068169
13611,1069,37.28397,-122.05017,-1.0287423818475363
13612,1069,37.58644,-122.50217,2.155988597600712
13613,1069,37.6444,-118.89683,1.6932363085615958
13614,1069,37.34164,-121.64257,-2.2217291768053427
13615,1069,37.65909,-118.97907,2.6958507043391307
13616,1069,38.33656,-122.81082,2.0074159592836662
13617,1069,38.28043,-122.21582,-1.4368672465375143
13618,1069,38.16488,-122.71296,1.865613825467035
13619,1069,38.6694,-122.6332,-1.0156707643345069
13620,1069,38.07601,-122.2585,-0.1523022092319749
13621,1069,38.04248,-122.79684,1.7006301940936497
13622,1069,37.99642,-123.01949,1.3135846675634435
13623,1069,38.34878,-122.57795,0.2986548909386789
13624,1069,37.9231,-122.5983,1.3785399265052831
13625,1069,38.38921,-122.66297,-0.0757521401575206
13626,1069,39.55451,-121.50036,-0.9145719158921384
13627,1069,35.945,-120.542,-2.1594188694212235
13628,1069,38.2026,-121.9354,-0.9606939486394096
13629,1069,36.76403,-121.44722,-3.146502536860883
13630,1069,37.62211,-121.75697,-2.370765665509172
19409,1069,38.03455,-120.38651,-0.1168248875525814
19410,1069,37.81647,-122.06302,-0.8007390557910175
19411,1069,37.9889,-122.2156,1.1073382165453725
19412,1069,37.94906,-122.40851,0.0295654619829001
19413,1069,37.72416,-122.11929,0.989714322938262
19414,1069,37.80787,-122.3618,-0.2296801549899663
19415,1069,37.12043,-122.1552,0.4416072401396306
19416,1069,37.51704,-122.37731,-0.237192331263614
19417,1069,37.67433,-122.39855,1.2359750698774763
19418,1069,37.16067,-121.89899,2.059196529809529
19419,1069,37.92144,-122.71806,2.0392891225721272
19420,1069,38.04962,-122.52331,1.5937204434109982
19421,1069,38.12282,-122.14921,-0.6206467564546689
19422,1069,38.20025,-122.4644,-0.6839713954922553
19423,1069,38.233,-122.636,1.3817532263726808
19424,1069,37.76021,-122.41524,-0.2373027785571947
19425,1069,37.77737,-122.39689,-0.6262015744459317
19426,1069,37.76386,-122.4736,0.3705935727277571
19427,1069,37.762,-122.505,0.7026573596503208
19428,1069,37.40701,-122.0946,-1.1381078030380325
19429,1069,37.4748,-122.2392,-0.2589104863723648
19430,1069,37.30249,-121.97978,-0.2344650824653159
19431,1069,37.30143,-121.9039,-1.6388425884189894
19432,1069,37.31816,-121.94354,-0.0325099324633218
19433,1069,37.41702,-121.9154,-1.5100164091107169
19434,1069,37.74766,-122.42528,0.6172862392153132
19435,1069,38.46769,-122.89651,0.100036992536974
13631,1070,37.27117,-121.98617,-1.1231522763871593
13632,1070,37.91056,-122.53778,0.8724786246436101
13633,1070,38.03445,-122.27016,-0.7954383660200071
13634,1070,37.72416,-122.44841,1.2922358378988867
13635,1070,37.86059,-122.29327,-0.7840399897257453
13636,1070,38.29027,-122.46125,0.0501446677594929
13637,1070,37.94215,-121.93047,-0.085072209108076
13638,1070,38.36743,-122.52403,0.8710216591202581
13639,1070,37.95397,-121.86554,-0.8341038555755037
13640,1070,37.87622,-122.23558,-2.2866578586067527
13641,1070,37.91881,-122.15176,-1.5904122870955215
13642,1070,37.87352,-122.26099,-1.094941461890418
13643,1070,37.85727,-122.42266,0.8118941917519972
13644,1070,37.74766,-121.70843,-0.8431783312692086
13645,1070,37.7294,-121.83346,-1.5087721614372136
13646,1070,37.73786,-122.06486,-0.9012791432490151
13647,1070,37.9889,-122.2156,-0.348069616302597
13648,1070,37.94906,-122.40851,-0.2076555353600394
13649,1070,37.91233,-121.90716,0.4936607827227934
13650,1070,38.02691,-122.01599,0.527500668507357
13651,1070,37.62359,-121.83641,-1.9664031662174968
13652,1070,38.34526,-122.4584,0.4537544566868993
13653,1070,37.69782,-123.0011,0.6364706756338833
13654,1070,38.71073,-122.75733,2.088205292854832
13655,1070,38.80797,-122.7953,2.661784909871016
13656,1070,37.34305,-122.33976,0.8663817774029364
13657,1070,37.36045,-122.18986,0.2854845641007977
13658,1070,37.51604,-122.45815,1.5613076081875623
13659,1070,37.21427,-122.17168,0.014914526151222
13660,1070,37.20631,-121.97726,0.3378242145777575
13661,1070,37.15432,-121.73467,0.3320724447424859
13662,1070,37.63719,-122.47482,1.1549574331514647
13663,1070,37.2708,-122.21276,0.3872368798813693
13664,1070,37.79499,-122.4746,-0.0221681368872838
13665,1070,37.40373,-122.23868,-1.2990331192652436
13666,1070,37.58225,-122.42006,1.0632667044847122
13667,1070,37.40372,-122.17596,-0.8824615759806249
13668,1070,37.58644,-122.50217,1.813397041054391
13669,1070,37.16067,-121.89899,0.1800822897254226
13670,1070,38.14478,-122.88018,0.8469609850904496
13671,1070,38.87874,-122.44277,-1.6963709560203524
13672,1070,38.43951,-122.25272,-0.3903086231778359
13673,1070,37.92144,-122.71806,1.395930514696159
13674,1070,38.26021,-122.55179,0.2767194027416224
13675,1070,38.00198,-122.47466,0.4728765977134477
13676,1070,38.30988,-122.943,3.4036298676570795
13677,1070,38.33656,-122.81082,2.1568160851104223
13678,1070,38.46769,-122.89651,0.9321530299918804
13679,1070,38.04962,-122.52331,1.277324435235497
13680,1070,38.15486,-121.80438,0.5418958183119142
13681,1070,38.16488,-122.71296,1.6507751416286522
13682,1070,38.12282,-122.14921,1.0151413766515105
13683,1070,38.07601,-122.2585,1.1482394251189545
13684,1070,38.34878,-122.57795,-0.3887742081741949
13685,1070,38.20025,-122.4644,0.31167978895124
13686,1070,37.92371,-122.59649,2.362381077123576
13687,1070,38.14361,-122.44969,-1.402022860484275
13688,1070,38.24039,-122.79842,0.715157485679538
13689,1070,38.38921,-122.66297,-0.4816525385271992
13690,1070,37.91608,-122.33607,-0.4394048461616474
13691,1070,37.62211,-121.75697,-2.6297733938026697
21339,1070,38.03455,-120.38651,-1.3887323973067192
21340,1070,39.65471,-122.71595,-3.920445970508772
21341,1070,36.3887,-121.5514,-1.0564035962411735
21343,1070,38.99349,-123.07234,-3.6592014681532223
21345,1070,37.34164,-121.64257,-2.1575841200962507
21346,1070,39.55451,-121.50036,-1.4745625124831792
21347,1070,35.945,-120.542,-2.02307374738668
21348,1070,37.72416,-122.11929,-1.1444783142129231
21349,1070,37.51704,-122.37731,0.3473375953749325
21350,1070,37.75094,-122.49072,0.4950408957024778
21351,1070,37.762,-122.505,0.5587402076745333
21352,1070,37.67928,-122.48405,1.586403612965006
21353,1070,37.74484,-122.40134,-0.4650978084703743
21354,1070,37.71633,-122.43117,1.3720491297493624
21355,1070,37.8251,-122.27606,-0.9453092414920528
21356,1070,37.41395,-121.87085,-0.6439445338211
21357,1070,37.6806,-121.92098,-2.207841156190666
21358,1070,37.85835,-122.25252,-0.9926654179953668
21359,1070,37.81041,-121.80272,-1.073834612270198
21360,1070,37.85884,-121.99264,-1.5183378684776412
21361,1070,37.80787,-122.3618,-1.090492395587098
21362,1070,38.76927,-123.01486,-0.8438140455490684
21363,1070,37.19855,-122.34671,0.2431907452673996
21364,1070,38.28043,-122.21582,1.1702615647512462
21365,1070,38.65651,-122.61441,0.5636688499951588
21366,1070,38.04248,-122.79684,2.640858720676578
21367,1070,37.99642,-123.01949,1.0540089393291958
13809,1075,34.55046,-117.43391,-0.5204498506848192
13810,1075,34.68708,-118.29946,-0.1006012911670493
13811,1075,35.1269,-118.83009,-0.8524135933052032
13812,1075,32.68005,-116.67215,1.6856668085950537
13813,1075,34.2623,-116.92075,0.0013625848156737
13814,1075,33.921,-116.981,-0.0986275812878092
13817,1075,34.23883,-117.65853,-0.7845224980350608
13818,1075,34.069,-116.39,-0.9489108276704946
13820,1075,33.268,-116.417,0.5972566960399087
13821,1075,33.80776,-117.98116,-0.0216298627897362
13822,1075,34.68224,-118.57398,0.3046610479609206
13823,1075,33.38822,-117.19495,0.8066098923273547
13824,1075,35.52495,-117.36453,0.3303342149919492
13825,1075,36.5504,-117.80295,0.4084627886060972
13827,1075,33.999,-117.68,-0.9433872864894888
13828,1075,33.4019,-118.41502,0.624320707545078
13830,1075,34.093,-117.317,1.1141142628578653
13831,1075,34.63745,-115.38115,0.9553257913268424
13832,1075,34.25353,-118.33383,-0.3131799723795529
13833,1075,33.93597,-116.57794,-0.4714797968405034
13834,1075,33.65,-117.009,0.447884278847131
13835,1075,34.10618,-118.45505,-1.8060983035397489
13836,1075,33.567,-116.631,0.6036123833662901
13837,1075,32.999,-116.942,1.1353488158369935
13841,1075,33.71264,-118.29381,-2.0681196328296374
13842,1075,33.051,-114.827,-0.708273222784033
13843,1075,33.1537,-117.22921,1.0653931977161426
13845,1075,35.30177,-116.80574,-0.0748088468684382
13846,1075,34.8294,-116.335,-0.8448901016967528
13848,1075,35.66278,-118.47403,-1.0026131438558197
13849,1075,33.0859,-116.5959,1.0263037655055447
13850,1075,35.98249,-117.80885,1.1534718468498886
13851,1075,34.36622,-116.61266,1.208799434318409
13852,1075,35.13066,-115.18416,0.0240630080554045
13853,1075,34.9906,-118.34156,1.2066913445243146
13854,1075,34.80762,-118.86775,-0.2377493848345966
13855,1075,33.684,-117.943,0.4975250897803297
13856,1075,35.47954,-117.68212,0.7409730561723701
13857,1075,34.3656,-117.36683,-1.2585013700993757
13859,1075,33.818,-116.369,-0.0723931455145166
13860,1075,34.005,-117.562,-0.2783413789032712
13861,1075,36.05799,-117.48901,-0.4368970847521799
13862,1075,33.808,-116.968,-0.3480015106740896
13864,1075,33.6,-117.195,1.0478198372693257
13865,1075,34.22362,-118.05832,0.2675896524636951
13867,1075,33.94539,-117.92372,-0.3934496880832813
13868,1075,34.6145,-118.7235,-1.4535643341427726
13869,1075,34.1484,-118.1711,-2.1467231363983323
13870,1075,33.96273,-118.43702,-0.272271623592817
13871,1075,34.1207,-117.63808,-1.785569641499856
13872,1075,33.862,-117.205,0.7005021928842169
13874,1075,33.354,-116.863,0.1217661670027542
13875,1075,33.7953,-117.60906,-1.0899890687565517
13877,1075,33.824,-116.55,-0.4780376085233002
13878,1075,34.09181,-117.80709,-1.153029980134228
13879,1075,33.63,-116.8478,1.0505474702714075
13880,1075,33.74346,-118.40412,0.121928945671204
13881,1075,34.87533,-116.99684,0.4453445608170808
13882,1075,33.97327,-117.32674,1.6264742322612102
13883,1075,34.05073,-118.08085,0.3013720708972225
13884,1075,33.99351,-117.37545,0.1264482924449184
13885,1075,33.2801,-115.98585,1.3264545690836242
13887,1075,34.232,-117.235,-0.5379630776077805
13888,1075,33.553,-117.662,-0.7132400019234283
13889,1075,32.784,-117.13805,-0.041786344089151
13891,1075,34.43692,-119.1375,-2.480172798876347
13892,1075,35.8996,-116.27515,0.5119312920612555
13893,1075,35.89095,-117.28332,1.4625301337544308
13894,1075,33.834,-116.797,0.5997359584403316
13895,1075,34.01438,-118.45617,-0.1825041899436948
13896,1075,34.05933,-118.64614,-1.5431920842715694
13897,1075,36.1355,-118.81099,-1.672444364191224
13898,1075,33.829,-117.789,-0.5178154019628729
13899,1075,34.30302,-119.18676,-0.1084344067505808
13900,1075,33.664,-117.769,-0.641796474358932
13901,1075,34.106,-117.098,3.042961146018268
13902,1075,32.94508,-115.79988,1.1270016967394996
13903,1075,34.38203,-117.67822,0.3756790776586863
13905,1075,33.63495,-116.16402,0.7224846582146405
13907,1075,34.48364,-118.11783,-0.2205901695385669
13908,1075,34.56065,-117.3296,0.2589245245997943
13909,1075,35.53664,-118.14035,0.9600672791935384
13910,1075,32.75904,-115.73161,0.4349443639235801
13911,1075,34.51085,-119.27407,-2.296289086411094
13912,1075,34.00948,-117.95077,0.5079309784327869
13913,1075,34.1717,-118.64971,1.4539599237054717
13914,1076,34.55046,-117.43391,0.9542544221114044
13915,1076,33.63838,-116.4011,0.8871242486734593
13916,1076,34.68708,-118.29946,-0.995694380329556
13917,1076,32.68005,-116.67215,2.263555289035819
13918,1076,34.2623,-116.92075,0.1173743383774358
13920,1076,34.069,-116.39,0.1606900128091476
13921,1076,33.268,-116.417,0.9121172860918436
13922,1076,34.68224,-118.57398,-0.0600907304120127
13923,1076,33.38822,-117.19495,2.8138495652194457
13924,1076,35.52495,-117.36453,1.0646174653971203
13926,1076,33.999,-117.68,-0.5241941377927536
13928,1076,34.093,-117.317,0.3274564488175933
13929,1076,33.876,-117.561,0.6597961901205905
13930,1076,33.655,-115.99,0.4627170161524488
13931,1076,34.63745,-115.38115,0.9036540715713082
13932,1076,34.25353,-118.33383,-0.7450623935655082
13933,1076,34.10618,-118.45505,-1.5941114038590978
13934,1076,32.999,-116.942,2.1183775534290445
13936,1076,33.71264,-118.29381,-2.111033117969977
13937,1076,33.051,-114.827,-1.1207701512608137
13938,1076,33.1537,-117.22921,1.771504864843106
13939,1076,35.30177,-116.80574,0.9570730066419526
13940,1076,34.8294,-116.335,1.0473980702769865
13941,1076,34.121,-117.219,-1.2953197992665215
13942,1076,35.66278,-118.47403,-1.0192149820563157
13943,1076,33.0859,-116.5959,0.70925952979938
13944,1076,35.9823,-117.8076,1.067186374577447
13945,1076,34.36622,-116.61266,1.2766529784595473
13946,1076,35.13066,-115.18416,1.0894892772001137
13947,1076,34.61594,-117.82493,0.9509003937260642
13948,1076,33.684,-117.943,-0.8938711758358149
13949,1076,35.47954,-117.68212,2.066587477952163
13950,1076,34.3656,-117.36683,-1.102136142119956
13952,1076,33.818,-116.369,0.0608730622261237
13954,1076,34.005,-117.562,1.0412873550513178
13955,1076,36.05799,-117.48901,-0.3550886594281394
13957,1076,34.22362,-118.05832,-0.4964297267807646
13958,1076,34.22869,-118.55829,-0.8014104292192105
13959,1076,33.94539,-117.92372,-0.7420366263955495
13960,1076,32.608,-116.93,1.9732525601622688
13961,1076,34.6145,-118.7235,-1.654756860494509
13962,1076,34.1484,-118.1711,-2.5908293466872068
13963,1076,34.1207,-117.63808,-1.033825532546499
13964,1076,33.354,-116.863,1.1163533812802169
13965,1076,33.7953,-117.60906,-0.8667311801846954
13967,1076,33.74346,-118.40412,-0.2687903058451878
13968,1076,34.87533,-116.99684,0.5216452278995749
13969,1076,34.05073,-118.08085,-0.2852505102708165
13970,1076,33.99351,-117.37545,-0.393411422223055
13971,1076,33.2801,-115.98585,0.2741849758809819
13972,1076,34.44076,-119.71492,-1.7344440900688434
13973,1076,34.232,-117.235,0.1139530402911781
13975,1076,35.8996,-116.27515,1.8352235081174213
13976,1076,35.89095,-117.28332,0.9482125948137948
13977,1076,35.3142,-119.99581,-2.0939704912116004
13978,1076,34.05933,-118.64614,-1.7638510866785422
13979,1076,33.829,-117.789,-1.0811794289960728
13980,1076,34.30302,-119.18676,0.4103671971220708
13981,1076,33.664,-117.769,-1.0469668224814264
13982,1076,34.106,-117.098,0.7108189656574451
13983,1076,32.94508,-115.79988,0.5387456493214732
13984,1076,34.52775,-119.97834,-1.5724163885872309
13985,1076,34.38203,-117.67822,-1.5009059159124778
13987,1076,34.48364,-118.11783,-1.1838964872592694
13988,1076,34.56065,-117.3296,0.7149809766140868
14023,1079,37.77737,-122.39689,-1.5133354127046796
14024,1079,37.762,-122.505,-0.2410400978197228
14025,1079,37.54187,-122.30471,0.6451073863804777
14026,1079,37.376,-121.84367,-1.8146878227038497
14027,1079,37.27117,-121.98617,-1.0080092898546291
14028,1079,37.67928,-122.48405,2.5529522414614685
14029,1079,38.03445,-122.27016,-0.8525153279451035
14030,1079,37.71633,-122.43117,2.626396567725639
14031,1079,37.81076,-122.29252,-1.1299329444951136
14032,1079,37.8251,-122.27606,-1.6294571085086131
14033,1079,37.72416,-122.44841,0.9614443533747892
14034,1079,37.86059,-122.29327,-1.482743082295759
14035,1079,37.85835,-122.25252,-0.1422238574294207
14036,1079,37.36408,-122.01817,-1.392757252737539
14037,1079,37.69169,-122.16982,0.93870130109913
14038,1079,37.68873,-121.78351,-0.9523274087117948
14039,1079,37.72688,-122.15092,1.77597527842063
14040,1079,37.8852,-122.03217,0.4313938114826874
14041,1079,37.94215,-121.93047,0.0470205024090342
14042,1079,37.95397,-121.86554,-1.933298406696844
14043,1079,37.87622,-122.23558,-2.6029110003042817
14044,1079,37.91881,-122.15176,-0.5530705373622743
14045,1079,37.87352,-122.26099,-2.152698845452075
14046,1079,37.16346,-121.62645,0.0289264043726593
14047,1079,37.85727,-122.42266,0.3894358223212256
14048,1079,37.45035,-121.80037,-1.5374273471833395
14049,1079,37.74766,-121.70843,0.4804049546538756
14050,1079,37.7294,-121.83346,0.4760209291529117
14051,1079,37.37289,-121.76887,-1.6910791197110344
14052,1079,37.73786,-122.06486,2.469511893119118
14053,1079,37.81041,-121.80272,0.4909960973466453
14054,1079,37.85884,-121.99264,1.0608010228223883
14055,1079,37.91233,-121.90716,1.0294783119644022
14056,1079,38.02691,-122.01599,-1.1408693883857028
14057,1079,38.34526,-122.4584,-0.6009195285139592
14058,1079,37.69782,-123.0011,0.3710751917252137
14059,1079,36.3887,-121.5514,-0.6990074428130554
14060,1079,37.34305,-122.33976,2.197088274000917
14061,1079,37.31861,-122.15314,-0.5499907293338892
14062,1079,37.17217,-122.01121,1.830446465029473
14063,1079,37.36045,-122.18986,-0.2353661329233183
14064,1079,37.51604,-122.45815,2.8500654587416987
14065,1079,37.21427,-122.17168,0.5445996288698557
14066,1079,37.20631,-121.97726,1.1143410610402842
14067,1079,37.15432,-121.73467,0.524721050628647
14068,1079,37.63719,-122.47482,1.6443372989533656
14069,1079,37.2708,-122.21276,0.5989834648825001
14070,1079,37.19855,-122.34671,1.581088585975334
14071,1079,37.40373,-122.23868,-1.3539407847836296
14072,1079,37.58225,-122.42006,1.4819068669255395
14073,1079,37.40372,-122.17596,-1.0149518817410148
14074,1079,37.58644,-122.50217,1.6242823117994
14075,1079,38.14478,-122.88018,-0.0725862208028653
14076,1079,37.34164,-121.64257,-1.6974961476188375
14077,1079,38.87874,-122.44277,-3.650349318163033
14078,1079,38.43951,-122.25272,-1.1607368707954997
14079,1079,38.26021,-122.55179,-1.6796078887957924
14080,1079,38.33656,-122.81082,2.4576136772929207
14081,1079,38.46769,-122.89651,0.6133932479213586
14082,1079,38.28043,-122.21582,-0.9696484847533808
14083,1079,38.15486,-121.80438,-1.2318589113094065
14084,1079,38.16488,-122.71296,1.4599607371494137
14085,1079,38.07601,-122.2585,0.0162943444897284
14086,1079,38.04248,-122.79684,1.1822179607909438
14087,1079,37.99642,-123.01949,-0.3574004879841124
14088,1079,37.92371,-122.59649,1.009780096556564
14089,1079,38.14361,-122.44969,-0.9990228082180184
14090,1079,38.24039,-122.79842,0.5262255683832453
14091,1079,38.38921,-122.66297,-0.7329947932799445
20870,1079,38.03455,-120.38651,-1.0423861159658483
20871,1079,36.68011,-119.02282,1.404631214030288
20872,1079,38.99349,-123.07234,-4.170566936075383
20873,1079,39.55451,-121.50036,-0.9054656311224112
20874,1079,37.81647,-122.06302,0.1198514712648558
20875,1079,37.25898,-121.67311,-1.531920374371614
20876,1079,37.9889,-122.2156,0.6007050048948062
20877,1079,37.94906,-122.40851,-0.274439027679819
20878,1079,37.72416,-122.11929,0.707059292081311
20879,1079,37.80787,-122.3618,0.8924614114854049
20880,1079,37.12043,-122.1552,0.6641535945609867
20881,1079,37.51704,-122.37731,1.067475095858847
20882,1079,37.67433,-122.39855,0.9889703455380332
20883,1079,37.16067,-121.89899,1.9727187088395
20884,1079,37.92144,-122.71806,0.7289816707263176
20885,1079,38.04962,-122.52331,0.5978893868830237
20886,1079,38.12282,-122.14921,-0.7461818543876245
20887,1079,38.20025,-122.4644,-0.6006175165636869
20888,1079,37.76021,-122.41524,-0.7829472369800344
20889,1079,37.75094,-122.49072,-0.5491968211541728
20890,1079,37.76386,-122.4736,-0.0436140130554377
20891,1079,37.40701,-122.0946,-1.108494446656452
20892,1079,37.4748,-122.2392,-0.1168373212731119
20893,1079,37.68,-121.739,-1.935547639222429
20894,1079,37.41702,-121.9154,-1.6844089273467464
20895,1079,37.59094,-122.36741,-0.0302795375416393
20896,1079,37.04922,-121.80722,0.0870107168091193
20897,1079,37.28397,-122.05017,-1.1131044833963104
20898,1079,37.6444,-118.89683,1.050017740333598
20899,1079,37.65909,-118.97907,1.243588922846535
20900,1079,38.30988,-122.943,2.787436188392683
14117,1081,37.0254,-121.4845,-1.7237195607458975
14118,1081,36.68011,-119.02282,2.739994192128151
14119,1081,37.21427,-122.17168,0.1832514139832915
14120,1081,37.2708,-122.21276,-0.1055755830587623
14122,1081,37.6444,-118.89683,3.231579812586668
14123,1081,37.34164,-121.64257,-2.30080168980778
14124,1081,37.65909,-118.97907,3.419744306678872
14125,1081,35.73065,-120.24986,0.3122163672673527
14126,1081,35.40773,-120.54556,3.2193550478819537
14127,1081,35.945,-120.542,2.312710214425276
14128,1081,36.2159,-120.80126,0.1095537120630489
14129,1081,36.0688,-120.59618,1.2731968032433547
14130,1081,37.28744,-121.86422,-0.487642047367144
14131,1081,36.88311,-121.3908,-0.032425665276353
14132,1081,36.61809,-121.31468,2.1804474125224726
14133,1081,36.3887,-121.5514,2.4887510423147505
14134,1081,36.82681,-121.64349,-1.4757930142828266
14135,1081,37.15432,-121.73467,0.8655884692149015
14136,1081,37.40373,-122.23868,-2.120653898140683
14137,1081,37.008,-121.287,-0.5658775486354609
14138,1081,35.82404,-121.05393,2.9022951185135284
14139,1081,35.63597,-120.86984,2.271616646608506
14140,1081,36.76403,-121.44722,-5.761970642497265
14141,1081,37.62211,-121.75697,-2.695895270539044
20227,1081,37.91881,-122.15176,-2.562785271792392
20228,1081,37.87352,-122.26099,-3.533536327426012
20229,1081,38.03455,-120.38651,-0.9544886102450364
20230,1081,37.69782,-123.0011,-3.187643116756806
20231,1081,38.99349,-123.07234,-2.411220960876663
20232,1081,38.14478,-122.88018,-1.656479446431841
20233,1081,38.87874,-122.44277,-2.877830890393515
20235,1081,39.2291,-121.7861,0.2471819709638397
20236,1081,37.26748,-121.86656,-1.123705803686778
20237,1081,37.68,-121.739,-1.9077230151505664
20238,1081,37.74664,-122.38679,2.956192337606767
20239,1081,37.376,-121.84367,-1.923648521731233
20240,1081,37.27117,-121.98617,-1.1571913602483224
20241,1081,37.91056,-122.53778,1.187058937987198
20242,1081,38.94596,-120.96897,-0.9867684226331502
20243,1081,35.53383,-120.90667,0.9555442964996111
20244,1081,37.16346,-121.62645,-1.875326436969852
20245,1081,37.37289,-121.76887,-1.893762545783308
20246,1081,37.73786,-122.06486,-0.5232237825991095
20247,1081,37.62359,-121.83641,-1.4133776042887958
20248,1081,35.233,-120.78167,2.855033885432456
20249,1081,35.66278,-118.47403,1.4215786634486172
20250,1081,37.34305,-122.33976,0.3779296159393037
20251,1081,37.12043,-122.1552,2.659512916237984
20252,1081,37.17217,-122.01121,0.6249616422256977
20253,1081,36.92745,-121.82764,-0.6091620375803899
20254,1081,37.36045,-122.18986,-1.0548981698208646
20255,1081,37.20631,-121.97726,-0.0654891991253121
20256,1081,37.16067,-121.89899,-0.3691313979758013
20257,1081,35.86661,-120.4796,3.1176122647337974
20258,1081,37.05422,-118.23009,1.394594671043648
14209,1085,33.3527,-115.733,0.6965551466954264
14210,1085,33.63838,-116.4011,-0.8405684528418204
14211,1085,32.68005,-116.67215,-0.905808943169193
14212,1085,34.2623,-116.92075,-0.8391179266661852
14213,1085,33.921,-116.981,-1.3382903305149347
14215,1085,33.57508,-117.26119,2.2429315751545795
14217,1085,34.23883,-117.65853,0.4349728861307571
14218,1085,34.069,-116.39,-1.4868737331393542
14219,1085,33.268,-116.417,1.2608036623997452
14220,1085,33.01213,-115.21987,-1.8831087588332904
14221,1085,33.38822,-117.19495,2.635661623937968
14224,1085,33.4019,-118.41502,-0.2178975862869032
14225,1085,33.655,-115.99,-0.1304979478230001
14226,1085,34.25353,-118.33383,-1.2368146151377668
14227,1085,33.93597,-116.57794,0.1528124867327477
14228,1085,33.65,-117.009,0.9464955805640476
14229,1085,33.567,-116.631,0.5314152561376445
14230,1085,32.999,-116.942,3.287184622552977
14231,1085,32.805,-115.447,-1.357507538999252
14233,1085,32.65915,-116.10061,0.2424959994378293
14235,1085,33.051,-114.827,-2.9466713849556205
14236,1085,33.1537,-117.22921,2.5948254887752418
14237,1085,34.8294,-116.335,-2.107957969534487
14239,1085,33.0859,-116.5959,1.7905397550707245
14240,1085,34.36622,-116.61266,-0.0443319857066746
14242,1085,33.684,-117.943,0.5031506142634986
14243,1085,34.93439,-117.69629,-0.898406963320127
14245,1085,33.818,-116.369,1.2313605256323144
14246,1085,33.808,-116.968,0.8040059510011305
14247,1085,34.22362,-118.05832,0.07080929509715
14248,1085,33.94539,-117.92372,0.1175247824176638
14249,1085,32.608,-116.93,2.1313407724549345
14250,1085,34.1484,-118.1711,-2.463734309197083
14251,1085,34.1207,-117.63808,-0.2025095970619015
14252,1085,33.862,-117.205,0.3064714261506222
14254,1085,33.354,-116.863,-0.6801364501118766
14255,1085,33.7953,-117.60906,-0.086222665195187
14256,1085,33.63,-116.8478,1.4654791007097665
14257,1085,33.74346,-118.40412,-0.6288079530725641
14258,1085,33.99351,-117.37545,1.0871257394419265
14259,1085,33.183,-115.623,-1.7262610303358217
14260,1085,33.2801,-115.98585,0.1141638666865096
14262,1085,33.553,-117.662,-0.6594481314649226
14263,1085,32.784,-117.13805,0.3945260737658645
14265,1085,33.834,-116.797,-0.2318487305413734
14266,1085,34.05933,-118.64614,-1.9419641882727223
14267,1085,33.829,-117.789,0.0302077245663091
14268,1085,33.664,-117.769,0.7751633651537565
14269,1085,32.94508,-115.79988,-0.4347469979165899
14270,1085,34.38203,-117.67822,-0.237170961202746
14272,1085,33.63495,-116.16402,0.087226682684188
14273,1085,34.48364,-118.11783,-0.1591574717218454
14274,1085,34.56065,-117.3296,0.3391677473843529
14275,1085,32.75904,-115.73161,-0.6184753127251326
14276,1086,33.1774,-115.616,-2.591421971614015
14277,1086,33.63461,-116.09534,-2.4604873486760344
14278,1086,34.68708,-118.29946,0.2086852663827483
14279,1086,35.1269,-118.83009,-0.7118227895893889
14280,1086,32.68005,-116.67215,-0.1286733621600708
14281,1086,34.2623,-116.92075,1.6945900109861105
14282,1086,33.921,-116.981,-0.523742260651915
14285,1086,34.23883,-117.65853,0.5760547897501607
14286,1086,34.069,-116.39,-0.4332860539040085
14288,1086,33.268,-116.417,-0.0906536028110559
14289,1086,33.01213,-115.21987,-0.7547043730589713
14290,1086,34.68224,-118.57398,0.4628167183450856
14291,1086,33.4915,-116.667,-6.216008988972384
14292,1086,35.52495,-117.36453,0.3332507546715628
14295,1086,33.999,-117.68,0.652331306937409
14296,1086,33.655,-115.99,0.6411659816255932
14297,1086,34.63745,-115.38115,-0.5105637402877504
14298,1086,34.25353,-118.33383,0.0217140465248467
14299,1086,33.93597,-116.57794,-0.0506960456505723
14300,1086,33.65,-117.009,-0.5225913879720553
14301,1086,34.10618,-118.45505,-1.4439674978535282
14302,1086,33.567,-116.631,0.598481323594849
14303,1086,32.999,-116.942,0.8646426037634939
14304,1086,32.805,-115.447,0.4848172073608475
14306,1086,33.11675,-115.82267,1.2852536531283671
14307,1086,33.051,-114.827,-1.165321917650913
14308,1086,33.1537,-117.22921,0.6059749228490642
14309,1086,35.30177,-116.80574,-1.0141459153713603
14313,1086,34.36622,-116.61266,0.9562373216339388
14314,1086,35.13066,-115.18416,-0.8317283738008684
14315,1086,34.9906,-118.34156,0.6653648542964692
14316,1086,33.684,-117.943,-0.599619515931147
14317,1086,34.3656,-117.36683,-0.8623551424438208
14320,1086,33.818,-116.369,0.5657316489819962
14321,1086,34.005,-117.562,1.399425992576243
14323,1086,33.808,-116.968,0.9584774827658764
14324,1086,33.6,-117.195,-0.1378559962396996
14325,1086,34.22362,-118.05832,1.049940490104788
14326,1086,34.76759,-114.61881,1.1771706686538417
14327,1086,33.94539,-117.92372,0.119920924526309
14328,1086,32.608,-116.93,1.4973558487354015
14329,1086,34.6145,-118.7235,-1.7434910792661416
14330,1086,34.1207,-117.63808,-0.1162495894440111
14331,1086,33.862,-117.205,0.7519841960486213
14333,1086,33.354,-116.863,0.4315253426296067
14334,1086,33.7953,-117.60906,-1.068804343862502
14336,1086,33.824,-116.55,-0.0809389035407525
14337,1086,34.09181,-117.80709,-0.3957847481538056
14338,1086,33.63,-116.8478,0.9196291864086962
14339,1086,34.87533,-116.99684,0.0906854504681269
14340,1086,33.97327,-117.32674,1.4046483599173043
14341,1086,33.99351,-117.37545,0.7316575198180526
14342,1086,33.183,-115.623,-0.3235768021503996
14343,1086,33.2801,-115.98585,1.1010680352756788
14345,1086,34.232,-117.235,-0.0329096536119464
14346,1086,33.553,-117.662,-1.9907350612124697
14347,1086,32.784,-117.13805,0.2171548653011365
14349,1086,32.9333,-115.7039,0.4316849043366822
14350,1086,32.944,-115.718,-0.0718155873553156
14351,1086,33.834,-116.797,1.4870890233758325
14352,1086,34.05933,-118.64614,-1.3907925907627388
14353,1086,33.829,-117.789,-0.7123133351218399
14354,1086,33.664,-117.769,-1.037561242379575
14355,1086,34.106,-117.098,1.4839971647552734
14356,1086,32.94508,-115.79988,1.54651322970069
14357,1086,34.38203,-117.67822,0.1118819802481876
14360,1086,34.48364,-118.11783,1.2418669241463716
14361,1086,32.75904,-115.73161,1.7218622758764022
14362,1087,37.16346,-121.62645,-1.129306510569898
14363,1087,37.85727,-122.42266,1.3009917464165064
14364,1087,37.45035,-121.80037,-0.8173263820105502
14365,1087,37.7294,-121.83346,0.5641479504397051
14366,1087,37.85884,-121.99264,0.1459688982226173
14367,1087,37.34305,-122.33976,1.0969029033173707
14368,1087,37.21427,-122.17168,0.3559917266934219
14369,1087,37.20631,-121.97726,0.039839699976127
14370,1087,37.2708,-122.21276,0.0509535713574179
14371,1087,37.19855,-122.34671,0.5945602286562208
14372,1087,37.40372,-122.17596,0.1063234773617193
14373,1087,37.28397,-122.05017,-0.8102116969430154
14374,1087,37.34164,-121.64257,-1.1899905402913695
14375,1087,36.76403,-121.44722,-1.1362060045040456
14376,1087,37.62211,-121.75697,-1.4018537546557788
20313,1087,37.91881,-122.15176,-0.6338600623572072
20314,1087,37.87352,-122.26099,-2.121063392506416
20315,1087,38.03455,-120.38651,-1.532303358278792
20316,1087,37.69782,-123.0011,-2.023341767177496
20317,1087,35.945,-120.542,-0.0914302210025062
20318,1087,37.28744,-121.86422,0.0005228045301858
20319,1087,37.81647,-122.06302,-0.0222133853768303
20320,1087,37.25898,-121.67311,-0.8748077245130815
20321,1087,37.9889,-122.2156,0.8457796736643649
20322,1087,37.12043,-122.1552,0.96990175681172
20323,1087,37.51704,-122.37731,-0.1810489564909932
20324,1087,37.4046,-122.1741,-0.2816706602784317
20325,1087,37.74766,-121.70843,-0.1777903344261767
20326,1087,37.91233,-121.90716,-0.9650588518321788
20327,1087,37.31861,-122.15314,-1.3302155762771382
20328,1087,37.17217,-122.01121,0.709131007867835
20329,1087,37.51604,-122.45815,0.2843927678806719
20330,1087,37.63719,-122.47482,-0.7760070640225906
20331,1087,37.58225,-122.42006,0.050439758726276
20332,1087,37.58644,-122.50217,0.0406175861605988
20333,1087,37.6444,-118.89683,2.271139110950916
20334,1087,37.65909,-118.97907,2.4559532830128195
20335,1087,38.33656,-122.81082,1.337000602181237
20336,1087,38.07601,-122.2585,-0.1291917778518679
20337,1087,38.34878,-122.57795,1.0826892752625832
14425,1089,32.68005,-116.67215,-0.9729598087738336
14426,1089,34.2623,-116.92075,0.2234366663214465
14428,1089,34.23883,-117.65853,0.4256628668591015
14430,1089,33.268,-116.417,0.5658563020753964
14431,1089,33.01213,-115.21987,-0.1530696574231407
14433,1089,33.4915,-116.667,-4.761704244124436
14434,1089,33.38822,-117.19495,0.9993941104669936
14436,1089,33.4019,-118.41502,0.9256863188241242
14437,1089,33.655,-115.99,-1.8553662039668863
14438,1089,34.25353,-118.33383,-0.4126888503875248
14439,1089,33.65,-117.009,0.7290505703103057
14440,1089,32.999,-116.942,0.7281601812437024
14441,1089,32.805,-115.447,0.4276322192759532
14442,1089,32.65915,-116.10061,-0.9935761235579016
14445,1089,33.11675,-115.82267,-0.8739628850090772
14446,1089,33.051,-114.827,-0.5830241415292605
14447,1089,33.1537,-117.22921,1.085408032940111
14448,1089,33.0859,-116.5959,0.5998689778582906
14449,1089,34.36622,-116.61266,-0.0946869440686682
14451,1089,35.13066,-115.18416,-2.962853753377105
14452,1089,34.93439,-117.69629,5.780078536994456
14453,1089,34.3656,-117.36683,-0.530208065542217
14455,1089,33.818,-116.369,0.5168552075658303
14456,1089,33.808,-116.968,1.501972060839594
14457,1089,33.6,-117.195,0.7367335066863321
14458,1089,34.22362,-118.05832,0.2934260852215358
14459,1089,33.556,-115.946,-1.2141887985193789
14460,1089,33.94539,-117.92372,0.4746192110983426
14461,1089,32.608,-116.93,-0.2051926406341234
14462,1089,34.1484,-118.1711,-1.4983982333064805
14463,1089,34.1207,-117.63808,0.7999032058409856
14464,1089,33.862,-117.205,0.6063509028194121
14466,1089,33.354,-116.863,-0.1070425301354781
14468,1089,33.824,-116.55,-0.2491989989020856
14469,1089,34.09181,-117.80709,-0.6324828803276932
14470,1089,33.63,-116.8478,2.0032878491644066
14471,1089,33.97327,-117.32674,0.938740040125353
14472,1089,33.99351,-117.37545,0.6543288217475199
14473,1089,33.183,-115.623,-1.1170602574608164
14474,1089,33.2801,-115.98585,-0.6685266673218198
14475,1089,33.553,-117.662,-0.0553320815735198
14476,1089,32.784,-117.13805,-0.8373722983118791
14478,1089,33.834,-116.797,1.0375916810728465
14480,1089,34.05933,-118.64614,-1.2168080671479902
14481,1089,33.829,-117.789,-0.2385919896491315
14482,1089,33.664,-117.769,0.9103697791331078
14483,1089,34.106,-117.098,1.707816769637426
14484,1089,32.94508,-115.79988,-0.8648995033880775
14485,1089,34.38203,-117.67822,0.506228598379119
14487,1089,32.75904,-115.73161,-0.7635382366073986
14522,1091,34.55046,-117.43391,-0.0877851880757707
14523,1091,33.63838,-116.4011,0.2513142257235589
14524,1091,32.68005,-116.67215,1.4196335559448705
14525,1091,34.2623,-116.92075,-0.7819999102017288
14526,1091,33.921,-116.981,0.148799802916435
14527,1091,33.57508,-117.26119,1.1216994251853132
14529,1091,34.069,-116.39,-0.3667043123910055
14530,1091,33.268,-116.417,0.4557218762977296
14531,1091,33.4915,-116.667,-3.83431490559585
14532,1091,33.38822,-117.19495,1.6630985989668006
14534,1091,33.655,-115.99,-0.5235853562960398
14535,1091,34.25353,-118.33383,-0.6594279258529547
14536,1091,33.93597,-116.57794,0.4059008547300328
14537,1091,33.65,-117.009,1.513349997642644
14538,1091,32.999,-116.942,1.6675861002596892
14540,1091,33.11675,-115.82267,0.5972385478512818
14541,1091,33.051,-114.827,-1.478421734428857
14542,1091,33.1537,-117.22921,1.6494848902361925
14543,1091,35.30177,-116.80574,-1.933748292587843
14544,1091,34.8294,-116.335,-1.7978311217265268
14545,1091,33.0859,-116.5959,1.3136280914505971
14546,1091,34.36622,-116.61266,1.0502129149098598
14547,1091,33.7141,-116.7119,1.4716389791485631
14548,1091,34.3656,-117.36683,-2.0068208239194965
14550,1091,33.818,-116.369,-0.1864436999796379
14551,1091,33.808,-116.968,1.1367490154984323
14552,1091,34.22362,-118.05832,0.2737474233711017
14553,1091,33.94539,-117.92372,-0.4049689942180127
14554,1091,32.608,-116.93,1.3045649995291926
14555,1091,34.6145,-118.7235,-2.2512827421149697
14556,1091,34.1484,-118.1711,-1.136195555493148
14559,1091,33.82436,-116.51195,1.3069780057058922
14560,1091,33.354,-116.863,0.9536714181471584
14561,1091,33.7953,-117.60906,-0.0311178590651118
14562,1091,34.87533,-116.99684,-1.815561399173848
14563,1091,33.2801,-115.98585,0.3368855271485041
14564,1091,34.232,-117.235,-0.5803504608625896
14566,1091,34.106,-117.098,0.7385817854407962
14567,1091,32.94508,-115.79988,0.0063709914283636
14568,1091,34.38203,-117.67822,-0.3581381107191621
14570,1091,33.63495,-116.16402,0.5977358347840583
14571,1091,34.48364,-118.11783,-0.4360230500785443
14572,1091,34.56065,-117.3296,0.0331399181606539
14616,1094,34.55046,-117.43391,1.6660702471786302
14617,1094,34.68708,-118.29946,-0.9065437063154927
14618,1094,35.1269,-118.83009,-0.3552010695892023
14619,1094,35.34444,-119.10445,0.7157413851402342
14620,1094,34.2623,-116.92075,1.3205397786315216
14621,1094,34.23883,-117.65853,0.3985389825005285
14622,1094,34.069,-116.39,0.3260163306238036
14623,1094,34.68224,-118.57398,-0.2402802672806235
14624,1094,35.30819,-119.84583,-0.5250425113426196
14625,1094,35.52495,-117.36453,-1.3594619794134917
14626,1094,36.5504,-117.80295,0.5695828331108304
14629,1094,36.43988,-118.08016,2.552186089385556
14630,1094,34.25353,-118.33383,-1.2045960335925965
14631,1094,33.93597,-116.57794,0.7925614629464178
14632,1094,33.65,-117.009,0.973535802282348
14633,1094,33.567,-116.631,1.1226862274202385
14636,1094,34.72832,-119.98803,-1.5904948165830235
14638,1094,36.99608,-117.36621,-0.0834356925051568
14639,1094,35.30177,-116.80574,-0.5222535820912215
14640,1094,34.8294,-116.335,1.0480289500315223
14641,1094,35.66278,-118.47403,-0.7365332008349129
14642,1094,35.98249,-117.80885,1.828634964171633
14643,1094,34.36622,-116.61266,1.736163041423874
14644,1094,34.73551,-120.27996,-0.1176707110633177
14646,1094,34.9906,-118.34156,1.4824220275441604
14647,1094,34.10819,-119.06587,-0.1516885187674244
14648,1094,34.80762,-118.86775,-1.0189890759465856
14649,1094,34.93439,-117.69629,0.2597663478981678
14650,1094,35.47954,-117.68212,0.1824994692460993
14651,1094,34.3656,-117.36683,0.3632084115294661
14652,1094,35.36165,-118.92282,-1.2480847827272752
14654,1094,37.63019,-118.83605,2.464915360179136
14655,1094,34.28085,-118.9049,-0.5539932985712831
14656,1094,34.81258,-119.1453,0.1839680756387924
14657,1094,36.05799,-117.48901,-1.5380112707014382
14658,1094,34.88848,-119.81362,0.0941975182495309
14659,1094,33.6,-117.195,1.534123318828673
14660,1094,34.22362,-118.05832,0.3023388252016319
14661,1094,34.53412,-120.17737,-1.3088849604467026
14662,1094,34.6145,-118.7235,-1.872668279314624
14663,1094,34.44199,-118.58215,-2.129844277258411
14664,1094,34.1207,-117.63808,-0.976570732112758
14665,1094,35.40773,-120.54556,-0.0246480722810563
14666,1094,35.945,-120.542,-1.6918647071526087
14667,1094,33.354,-116.863,-0.1791288845734693
14668,1094,33.7953,-117.60906,-0.937084914460624
14670,1094,34.09181,-117.80709,-0.7420937148840958
14671,1094,36.30523,-119.24384,1.799093638337931
14672,1094,33.74346,-118.40412,-0.521701547583968
14673,1094,34.87533,-116.99684,0.9865434990804228
14675,1094,34.43692,-119.1375,-1.722343325810812
14676,1094,35.8996,-116.27515,-0.1825409748820174
14677,1094,35.89095,-117.28332,-0.618053073379043
14678,1094,33.834,-116.797,1.314921397814602
14679,1094,35.3142,-119.99581,-2.036215234180249
14680,1094,34.05933,-118.64614,-1.8843385622684043
14682,1094,34.30302,-119.18676,0.2845546050711617
14683,1094,34.52775,-119.97834,-1.28435159770639
14684,1094,34.38203,-117.67822,0.2081524800135122
14686,1094,35.14592,-119.41946,-0.6462120995024844
14687,1094,37.05422,-118.23009,2.33413819397968
14689,1094,34.48364,-118.11783,0.1050654682042913
14690,1094,35.84089,-119.08469,1.4495926108590973
14691,1094,35.53664,-118.14035,1.2005636109418134
14692,1094,34.51085,-119.27407,-0.8354118807022731
14693,1094,34.1717,-118.64971,-1.1872608559591122
14694,1095,34.55046,-117.43391,-1.2454722650177246
14695,1095,33.63838,-116.4011,0.997182298161193
14696,1095,34.68708,-118.29946,-1.881290798490596
14697,1095,32.68005,-116.67215,3.0815681024815413
14698,1095,34.2623,-116.92075,1.200382407949286
14700,1095,34.069,-116.39,0.5697343523832301
14701,1095,33.268,-116.417,1.1195837799352797
14702,1095,34.68224,-118.57398,-0.53334536554527
14703,1095,33.38822,-117.19495,3.15013376483743
14705,1095,33.999,-117.68,-0.2021035668923252
14706,1095,33.4019,-118.41502,1.767324811031705
14708,1095,34.093,-117.317,0.7622305344750012
14709,1095,34.0602,-117.809,-0.1418493130526456
14710,1095,33.876,-117.561,0.5968425651548955
14711,1095,33.655,-115.99,0.6100949793358872
14712,1095,34.63745,-115.38115,1.1088860589062255
14713,1095,34.25353,-118.33383,-0.5289433210896719
14714,1095,33.93597,-116.57794,-0.1882306071288437
14715,1095,33.65,-117.009,1.6310558188694986
14716,1095,34.10618,-118.45505,-1.9001155020324048
14717,1095,32.999,-116.942,2.423948209938672
14718,1095,34.88303,-117.99106,-0.6103205043539479
14720,1095,33.11675,-115.82267,0.990983152847767
14721,1095,33.71264,-118.29381,-2.121820678061645
14722,1095,34.1,-117.439,-0.750230809725096
14723,1095,35.082,-117.58267,-1.0562601141050734
14724,1095,33.051,-114.827,-0.6846311292852966
14725,1095,33.1537,-117.22921,1.7802470120435343
14727,1095,35.30177,-116.80574,-0.5419368344524363
14728,1095,34.8294,-116.335,0.6183097679885142
14729,1095,33.0859,-116.5959,1.380308306196487
14730,1095,34.36622,-116.61266,1.722917630466014
14731,1095,34.00033,-118.37794,-1.3496794823788345
14732,1095,35.13066,-115.18416,1.1474743531335128
14733,1095,33.9753,-118.14918,-0.9602824855569402
14734,1095,34.10819,-119.06587,-1.3602431661809995
14735,1095,34.61594,-117.82493,0.3572208294872409
14736,1095,33.684,-117.943,0.0284826758096129
14737,1095,35.47954,-117.68212,-0.0671598366516065
14738,1095,34.3656,-117.36683,-1.0746063046793448
14741,1095,34.005,-117.562,0.4005352504626043
14742,1095,36.05799,-117.48901,-2.649585383129321
14743,1095,33.808,-116.968,1.042063739069648
14744,1095,34.22362,-118.05832,-0.2956569225270457
14745,1095,34.6145,-118.7235,-2.33760660636922
14746,1095,34.1484,-118.1711,-2.523777624664629
14748,1095,34.44199,-118.58215,-2.0429744324760173
14749,1095,34.1207,-117.63808,-1.0775474747600755
14751,1095,33.82436,-116.51195,0.2667956648447676
14752,1095,33.354,-116.863,1.323966604797582
14753,1095,33.7953,-117.60906,-1.113809845158237
14754,1095,33.63,-116.8478,2.606744246990738
14755,1095,34.10473,-117.97956,-1.6800873977411637
14756,1095,34.87533,-116.99684,-0.2832573095045587
14757,1095,33.99351,-117.37545,0.0761025357919877
14758,1095,33.2801,-115.98585,0.696150791062878
14759,1095,33.553,-117.662,-0.1009155304162893
14760,1095,35.8996,-116.27515,0.9273464166099336
14761,1095,35.89095,-117.28332,-0.412628101213786
14762,1095,34.05933,-118.64614,-1.9016004757899272
14763,1095,33.829,-117.789,0.0871586962908659
14764,1095,34.30302,-119.18676,0.017972974376479
14765,1095,33.664,-117.769,0.3998858695126278
14766,1095,34.106,-117.098,0.4431844298722079
14767,1095,32.94508,-115.79988,0.2112605854413368
14768,1095,34.38203,-117.67822,-0.0951261541605006
14769,1095,33.63495,-116.16402,1.2904445068164612
14770,1095,34.01919,-118.28631,-1.647775429947741
14771,1095,34.48364,-118.11783,-0.6748938789183583
14772,1095,34.00948,-117.95077,0.1696129357668454
14773,1095,34.1717,-118.64971,0.9112911506586786
14774,1096,37.34655,-121.80774,-1.9926709018360405
14775,1096,37.40718,-122.00001,0.0050299172690057
14776,1096,37.39415,-122.06041,-0.2529597749491412
14777,1096,37.27117,-121.98617,-0.3971547933239456
14778,1096,37.91056,-122.53778,2.57061291851756
14779,1096,38.03445,-122.27016,-1.4667947772158243
14780,1096,37.71633,-122.43117,2.8138996722245047
14781,1096,37.36408,-122.01817,-0.5587461053101676
14782,1096,37.42549,-122.07772,-0.6600952052737483
14783,1096,37.87622,-122.23558,-2.565459081853307
14784,1096,37.91881,-122.15176,-1.8345823025679369
14785,1096,37.85727,-122.42266,2.888583584156497
14786,1096,37.45035,-121.80037,-2.293845335206046
14787,1096,37.74766,-121.70843,-0.9013748751703184
14788,1096,37.7294,-121.83346,-1.707773081961326
14789,1096,38.03455,-120.38651,-1.891416974044912
14790,1096,37.85884,-121.99264,-1.0862336861572508
14791,1096,37.91233,-121.90716,-1.7598146276132296
14792,1096,38.02691,-122.01599,-2.032254825710203
14793,1096,37.34305,-122.33976,1.457216250894735
14794,1096,37.31861,-122.15314,-0.3395814319271582
14795,1096,37.17217,-122.01121,0.7297075021307181
14796,1096,37.04922,-121.80722,0.1719845597742842
14797,1096,37.36045,-122.18986,0.5493039645863851
14798,1096,37.51604,-122.45815,1.6304451675926397
14799,1096,37.21427,-122.17168,1.2003025370423028
14800,1096,37.20631,-121.97726,0.4437593866542856
14801,1096,37.15432,-121.73467,1.1871040958922476
14802,1096,37.63719,-122.47482,0.5077805553827749
14803,1096,37.2708,-122.21276,0.9513096402357312
14804,1096,37.19855,-122.34671,1.3702643963262735
14805,1096,37.40373,-122.23868,-0.6214314003286192
14806,1096,37.58225,-122.42006,1.0663973744555413
14807,1096,37.40372,-122.17596,-0.0233483564512752
14808,1096,37.28397,-122.05017,-0.6505253978510676
14809,1096,37.58644,-122.50217,1.4108660606437389
14810,1096,37.34164,-121.64257,-2.034318068202193
14811,1096,38.15486,-121.80438,-2.198012806313049
14812,1096,38.16488,-122.71296,1.5674023523248193
14813,1096,38.07601,-122.2585,-0.5594228091888667
14814,1096,37.008,-121.287,-1.092157895626546
14815,1096,36.76403,-121.44722,-3.668959375691423
14816,1096,37.62211,-121.75697,-3.252478440270344
19622,1096,37.87352,-122.26099,-1.3830148167716063
19623,1096,37.69782,-123.0011,-1.2014757377797174
19624,1096,39.55451,-121.50036,-2.6443760842268875
19625,1096,35.945,-120.542,-3.0642432424632324
19626,1096,37.25898,-121.67311,-0.3604518561532507
19627,1096,37.9889,-122.2156,0.1206955572591368
19628,1096,37.94906,-122.40851,1.521053746145858
19629,1096,37.80787,-122.3618,2.9268527057476867
19630,1096,37.12043,-122.1552,0.4386738949472543
19631,1096,37.51704,-122.37731,0.220530997481405
19632,1096,37.67433,-122.39855,1.8118894613988543
19633,1096,37.16067,-121.89899,2.063101161712452
19634,1096,37.92144,-122.71806,1.953001340543273
19635,1096,38.04962,-122.52331,1.9333003174474768
19636,1096,38.233,-122.636,1.3913152709231538
19637,1096,37.76021,-122.41524,1.0425127024678162
19638,1096,37.75094,-122.49072,1.4318649378027035
19639,1096,37.76386,-122.4736,1.512746427959493
19640,1096,37.762,-122.505,1.5611591793024702
19641,1096,37.40701,-122.0946,0.1317491703153843
19642,1096,37.4748,-122.2392,0.7277937683350213
19643,1096,37.54187,-122.30471,-0.0225692979678385
19644,1096,37.30249,-121.97978,-0.5760763661570636
19645,1096,37.26352,-121.91617,-1.8282547935407207
19646,1096,37.30143,-121.9039,-1.669162489927539
19647,1096,37.31816,-121.94354,-0.2011176622833628
19648,1096,37.3066,-121.84915,-1.2082254485139148
19649,1096,37.68,-121.739,-1.9775404707773296
19650,1096,37.41702,-121.9154,-0.8228841285358314
19651,1096,37.59094,-122.36741,1.0268874516626805
19652,1096,37.74766,-122.42528,1.6678398007729482
19653,1096,37.74664,-122.38679,0.6436806773860803
19654,1096,37.376,-121.84367,-2.237806967933269
19655,1096,37.45098,-122.4287,0.8137148048061135
19656,1096,37.59268,-122.07449,0.2778924109399203
19657,1096,37.71737,-121.72701,-2.361688946772591
19658,1096,37.67928,-122.48405,2.668017338455011
19659,1096,37.88767,-122.29916,0.6579989599561452
19660,1096,37.74484,-122.40134,0.847806907158066
19661,1096,37.81076,-122.29252,0.7172177371073104
19662,1096,37.8251,-122.27606,0.5140715505243023
19663,1096,37.7986,-122.2684,0.4672748049170998
19664,1096,37.72416,-122.44841,2.2594940210576304
19665,1096,37.41395,-121.87085,-1.161438411395142
19666,1096,37.6806,-121.92098,-1.3973851985739456
19667,1096,37.86059,-122.29327,-0.0114716212482214
19668,1096,37.85835,-122.25252,0.4579565133016693
19669,1096,37.37418,-122.0781,-0.9210182560876782
19670,1096,38.4421,-122.6068,2.2134686563600936
19671,1096,37.16346,-121.62645,0.2520585400710727
19673,1096,38.33656,-122.81082,2.359392631262254
19674,1096,38.04248,-122.79684,1.7859629225327054
19675,1096,38.38921,-122.66297,0.0492269101862163
14817,1097,37.26352,-121.91617,-1.2004501150530102
14818,1097,37.30143,-121.9039,-0.5645059454771301
14819,1097,37.68,-121.739,-0.780261559549091
14820,1097,37.27117,-121.98617,-0.4191524763751556
14821,1097,37.95397,-121.86554,-2.6373795998397664
14822,1097,37.87622,-122.23558,-2.237867882583835
14823,1097,37.91881,-122.15176,-1.710448335869067
14824,1097,37.45035,-121.80037,-0.670464729273549
14825,1097,37.37289,-121.76887,-0.8648204977385616
14826,1097,38.03455,-120.38651,-0.9959143647140642
14827,1097,37.34305,-122.33976,1.4602302181987143
14828,1097,37.17217,-122.01121,1.13441510711493
14829,1097,37.04922,-121.80722,0.5471287760230762
14830,1097,37.36045,-122.18986,-0.0991779917784217
14831,1097,37.51604,-122.45815,0.920980218855736
14832,1097,37.21427,-122.17168,0.6586776415806744
14833,1097,37.20631,-121.97726,0.2567495712349399
14834,1097,37.15432,-121.73467,2.407818812267452
14835,1097,37.2708,-122.21276,0.6703182958899198
14836,1097,37.19855,-122.34671,1.231859657029048
14837,1097,37.40373,-122.23868,-1.374607667945755
14838,1097,37.40372,-122.17596,0.0987045864005405
14839,1097,37.28397,-122.05017,-1.1469125018525974
14841,1097,37.6444,-118.89683,3.004173334239301
14842,1097,37.34164,-121.64257,-1.8134966735543503
14843,1097,37.65909,-118.97907,2.9849747490150023
14844,1097,37.008,-121.287,0.0626367270164888
14846,1097,36.2159,-120.80126,0.4571848192823505
14847,1097,36.76403,-121.44722,-0.6518806468034325
14848,1097,37.62211,-121.75697,-2.2428707222671544
20500,1097,37.87352,-122.26099,-2.579148378671912
20501,1097,37.69782,-123.0011,-2.9237753097966146
20502,1097,38.99349,-123.07234,-2.402085422935089
20503,1097,38.87874,-122.44277,-2.562882695896974
20506,1097,37.25898,-121.67311,-1.3686764447060575
20507,1097,37.16067,-121.89899,1.882082749172146
20508,1097,37.76386,-122.4736,1.2868974679597445
20509,1097,37.762,-122.505,0.8908441794181691
20510,1097,37.54187,-122.30471,-0.3265611283995673
20511,1097,37.30249,-121.97978,-0.1227651288898921
20512,1097,37.31816,-121.94354,0.8423829112789865
20513,1097,37.3066,-121.84915,0.8858097819459312
20514,1097,37.41702,-121.9154,-0.3020034385265693
20515,1097,37.39415,-122.06041,-0.0635293518096466
20516,1097,37.91056,-122.53778,1.764781802316052
20517,1097,37.23294,-121.77186,1.215193507305873
20518,1097,37.28537,-121.93602,-0.2963957095092964
20519,1097,37.85727,-122.42266,1.9086316567320272
20520,1097,37.74766,-121.70843,-0.3940746733988274
20521,1097,37.7294,-121.83346,-0.7052337348809796
20522,1097,37.85884,-121.99264,-0.7617898488590604
20523,1097,37.31861,-122.15314,-0.9619382980807394
20524,1097,37.63719,-122.47482,-0.913027221539744
20525,1097,37.58225,-122.42006,-0.1605946599431976
20526,1097,35.86661,-120.4796,2.5338248899982507
14849,1098,37.27117,-121.98617,-0.5118290328008064
14850,1098,37.95397,-121.86554,-3.3814289544349894
14851,1098,37.87622,-122.23558,-2.1948682544159483
14852,1098,37.91881,-122.15176,-1.513975234915553
14853,1098,37.87352,-122.26099,-1.6113812476836342
14854,1098,37.16346,-121.62645,-0.538163210904132
14855,1098,37.85727,-122.42266,2.8962987655779986
14856,1098,37.74766,-121.70843,0.318940079445995
14857,1098,37.37289,-121.76887,-0.5966466275218428
14858,1098,37.73786,-122.06486,1.3500225007100102
14859,1098,37.85884,-121.99264,-0.0071054295364938
14860,1098,38.34526,-122.4584,-1.589536212538355
14861,1098,37.69782,-123.0011,-1.4842756188700268
14862,1098,37.34305,-122.33976,1.4423843111216803
14863,1098,37.17217,-122.01121,0.8929527341566187
14864,1098,37.04922,-121.80722,-0.0690562488132507
14865,1098,37.36045,-122.18986,0.5027414285940066
14866,1098,37.51604,-122.45815,1.1422892447100776
14867,1098,37.21427,-122.17168,0.863267724182347
14868,1098,37.20631,-121.97726,0.4737089482301945
14869,1098,37.15432,-121.73467,1.0452948917157188
14870,1098,37.63719,-122.47482,-0.0810843188853207
14871,1098,37.2708,-122.21276,0.8476020207240725
14872,1098,37.19855,-122.34671,0.8504161649411223
14873,1098,37.40373,-122.23868,-0.5419769979092118
14874,1098,37.40372,-122.17596,0.1405227554484545
14875,1098,37.28397,-122.05017,-0.5241533494583721
14876,1098,37.58644,-122.50217,0.686560125018595
14878,1098,37.6444,-118.89683,1.1956050773430802
14879,1098,37.34164,-121.64257,-1.5180394753773758
20527,1098,38.03455,-120.38651,-1.6938066740175488
20528,1098,38.99349,-123.07234,-4.120001905963982
20529,1098,37.81647,-122.06302,-0.2393858075903534
20530,1098,37.25898,-121.67311,-1.8466495020355207
20531,1098,37.9889,-122.2156,0.6116615945156926
20532,1098,37.94906,-122.40851,1.079919281760204
20533,1098,37.72416,-122.11929,-0.1487482652170593
20534,1098,37.80787,-122.3618,2.665642680423188
20535,1098,37.12043,-122.1552,0.62424914934548
20536,1098,37.51704,-122.37731,-0.0938832704829873
20537,1098,37.16067,-121.89899,1.5403719554411823
20538,1098,37.76021,-122.41524,0.9445284731049554
20539,1098,37.75094,-122.49072,0.8989062777448249
20540,1098,37.76386,-122.4736,1.5895510277628473
20541,1098,37.762,-122.505,1.5726110312443888
20542,1098,37.40701,-122.0946,0.4384552961774697
20543,1098,37.54187,-122.30471,-0.09353275218217
20544,1098,37.30249,-121.97978,0.3108954016758034
20545,1098,37.26352,-121.91617,-1.1250781000688603
20546,1098,37.30143,-121.9039,-0.649827975881505
20547,1098,37.31816,-121.94354,1.1020306493432934
20548,1098,37.3066,-121.84915,0.122736621169471
20549,1098,37.68,-121.739,-1.208087894697032
20550,1098,37.41702,-121.9154,-0.4431202992957326
20551,1098,37.59094,-122.36741,0.3755272463809256
20552,1098,37.74766,-122.42528,1.962144252369683
20553,1098,37.40718,-122.00001,0.0976767311132696
20554,1098,37.39415,-122.06041,0.4458996764770479
20555,1098,37.376,-121.84367,-1.883067412557618
20556,1098,37.45098,-122.4287,0.5710418022905218
20557,1098,37.59268,-122.07449,0.5489250270960558
20558,1098,37.71737,-121.72701,-1.652411372774644
20559,1098,37.67928,-122.48405,2.456518285503459
20560,1098,37.91056,-122.53778,2.825783904757753
20561,1098,38.03445,-122.27016,-1.5857918219729528
20562,1098,37.74484,-122.40134,0.6573853502246496
20563,1098,37.71633,-122.43117,2.700803206766067
20564,1098,37.72416,-122.44841,2.286506269267272
20565,1098,37.41395,-121.87085,-0.0494054630962112
20566,1098,37.6806,-121.92098,-0.8724840202579807
20567,1098,37.86059,-122.29327,0.0975050054774336
20568,1098,37.85835,-122.25252,0.4466791121888266
20569,1098,37.37418,-122.0781,-0.5872941429361669
20570,1098,37.23294,-121.77186,-0.0710349288636584
20571,1098,37.38332,-121.91088,-0.8779198706410811
20572,1098,37.28537,-121.93602,-0.2604402378056589
20573,1098,37.35834,-121.97775,0.6198228385534765
20574,1098,37.68873,-121.78351,-2.1217678397927866
20575,1098,37.72688,-122.15092,0.3800360526367185
20576,1098,37.8852,-122.03217,-0.9807634786381804
20577,1098,37.94215,-121.93047,-1.2883968821741327
20578,1098,38.01299,-122.13416,-0.0592038795344943
20579,1098,37.7294,-121.83346,-0.4488763979422348
20580,1098,37.91233,-121.90716,-1.2722974157042777
20581,1098,38.02691,-122.01599,-1.6806195178020953
20582,1098,37.31861,-122.15314,-0.9650371669831672
20583,1098,37.58225,-122.42006,0.6170001538478805
20584,1098,37.65909,-118.97907,1.274557180918438
14880,1099,37.87622,-122.23558,-1.4066002652388916
14881,1099,37.91881,-122.15176,-1.0265064215229955
14882,1099,37.85727,-122.42266,2.5864616108961127
14883,1099,37.73786,-122.06486,0.8530258081710129
14884,1099,38.34526,-122.4584,-1.0826669271293796
14885,1099,37.69782,-123.0011,0.7263459463844022
14886,1099,39.65471,-122.71595,-3.483038362066271
14887,1099,38.80797,-122.7953,0.2840422783123463
14888,1099,38.99349,-123.07234,-2.597951714131092
14889,1099,37.40373,-122.23868,-0.4553524809841604
14890,1099,37.58644,-122.50217,1.2287785106821636
14891,1099,38.14478,-122.88018,-0.6809835324492443
14892,1099,38.87874,-122.44277,-4.791825754583883
14893,1099,38.00198,-122.47466,2.321241892038211
14894,1099,38.33656,-122.81082,1.7451556427137132
14895,1099,38.46769,-122.89651,0.1744813430969868
14896,1099,38.16488,-122.71296,2.548505929175178
14897,1099,38.07601,-122.2585,0.5778237696969405
14898,1099,37.99642,-123.01949,0.7158213072976769
21008,1099,37.87352,-122.26099,-0.448435973974137
21009,1099,38.03455,-120.38651,-0.936109655081784
21010,1099,36.3887,-121.5514,1.2090262525541438
21011,1099,40.81745,-124.02955,-3.704746845758885
21012,1099,37.34164,-121.64257,-0.8722548587683225
21013,1099,37.80787,-122.3618,2.021626351825947
21014,1099,37.67433,-122.39855,2.252663775137922
21015,1099,37.92144,-122.71806,0.9950373777639736
21016,1099,38.04962,-122.52331,2.582766584611402
21017,1099,38.20025,-122.4644,0.5261717302728934
21018,1099,37.67928,-122.48405,1.7866676838164028
21019,1099,37.91056,-122.53778,2.336548335458744
21020,1099,38.03445,-122.27016,-0.8606849556717723
21021,1099,37.71633,-122.43117,2.465266098574888
21022,1099,37.74766,-121.70843,2.6358368728787007
21023,1099,38.76927,-123.01486,-1.0069803170650202
21024,1099,37.34305,-122.33976,0.3983863525470693
21025,1099,37.17217,-122.01121,2.144018722011825
21026,1099,37.36045,-122.18986,0.70867875243158
21027,1099,37.40372,-122.17596,0.3521879106810516
21028,1099,40.4756,-124.3375,-2.41409794763133
21029,1099,40.6599,-123.21966,-3.344060086529608
21030,1099,40.2022,-123.7086,-2.9787773636848573
21031,1099,41.1577,-124.0233,-3.068668064303565
21033,1099,38.43951,-122.25272,-1.3498832126045262
21034,1099,38.26021,-122.55179,-0.1418151805891014
21035,1099,38.30988,-122.943,0.6877069867445368
21036,1099,38.65651,-122.61441,-1.5492728905390514
21037,1099,38.04248,-122.79684,2.6390428026162738
14899,1100,37.95397,-121.86554,-1.411933568626642
14900,1100,37.87622,-122.23558,-0.6041808904607154
14901,1100,37.91881,-122.15176,-0.4778045432521324
14902,1100,37.85727,-122.42266,1.4934652167876272
14903,1100,37.73786,-122.06486,1.095474345479315
14904,1100,38.03455,-120.38651,-1.194101413471056
14905,1100,36.3887,-121.5514,-0.2154868710669643
14906,1100,37.17217,-122.01121,0.8740604665615807
14907,1100,36.92745,-121.82764,-0.7206758092773753
14908,1100,37.20631,-121.97726,0.2948175187740247
14909,1100,37.15432,-121.73467,0.1545847953956267
14910,1100,37.2708,-122.21276,0.4372584613802361
14911,1100,37.40373,-122.23868,-1.0504233750128151
14912,1100,37.40372,-122.17596,0.333513277163731
14913,1100,37.6444,-118.89683,2.977599372489544
14914,1100,37.34164,-121.64257,-1.5958492813287926
14915,1100,37.65909,-118.97907,2.9043169526968944
14916,1100,37.008,-121.287,-1.3678336463595209
14917,1100,35.945,-120.542,-0.7634852102607458
14918,1100,36.2159,-120.80126,-1.440198230158429
14919,1100,35.63597,-120.86984,0.684977316061015
14920,1100,36.76403,-121.44722,-1.7736934999166258
14921,1100,37.62211,-121.75697,-1.3207929268917296
14922,1100,36.851,-121.402,2.355173424322241
14923,1100,36.891,-121.404,1.2242638477153729
14924,1100,36.86,-121.54,0.8236796050040062
14925,1100,36.848,-121.397,2.9381223038170785
19935,1100,37.87352,-122.26099,-1.6466818298420132
19936,1100,37.69782,-123.0011,-1.3357006887110536
19938,1100,36.68011,-119.02282,0.7384339066296083
19939,1100,38.99349,-123.07234,-0.4524730856216337
19940,1100,38.87874,-122.44277,-1.0550681291596409
19942,1100,39.2291,-121.7861,0.4356638725548951
19943,1100,37.25898,-121.67311,-1.045488669592902
19944,1100,37.16346,-121.62645,-1.6145458776587334
19945,1100,37.7294,-121.83346,0.5067384276070588
19946,1100,37.37289,-121.76887,-1.5091467155902607
19947,1100,37.91233,-121.90716,-0.7867557092613946
19948,1100,38.02691,-122.01599,-0.4749975555454588
19949,1100,37.34305,-122.33976,0.8862802418581318
19950,1100,37.31861,-122.15314,-1.230888991567446
19951,1100,37.36045,-122.18986,-0.5268845321374637
19952,1100,37.21427,-122.17168,0.3153559232515202
19953,1100,37.19855,-122.34671,0.6163009852170014
19954,1100,37.58225,-122.42006,0.4054566976402711
19955,1100,38.33656,-122.81082,1.6743762983963544
19956,1100,35.73065,-120.24986,-1.3641435556689567
14926,1101,38.441,-122.701,-0.1650357948770776
14927,1101,37.762,-122.505,1.9362042008486304
14928,1101,38.29027,-122.46125,-0.1247311159811322
14929,1101,38.4421,-122.6068,-0.314609838437866
14930,1101,38.36743,-122.52403,0.6322963711245507
14931,1101,37.87622,-122.23558,-1.8104451693343389
14932,1101,37.91881,-122.15176,-1.698604474626824
14933,1101,37.87352,-122.26099,-0.992142420506813
14934,1101,37.85727,-122.42266,1.829944348674469
14935,1101,37.73786,-122.06486,0.3460692171030747
14936,1101,38.02691,-122.01599,-0.949450810448194
14937,1101,38.34526,-122.4584,-0.5778447773988797
14938,1101,37.69782,-123.0011,0.1789319765812003
14939,1101,38.76927,-123.01486,-1.2006462354723937
14940,1101,38.80797,-122.7953,0.1075361753601925
14941,1101,37.63719,-122.47482,0.7496511271362563
14942,1101,37.2708,-122.21276,1.2251503223513287
14943,1101,37.79499,-122.4746,1.6103499517615216
14944,1101,37.40373,-122.23868,0.3952992447319569
14945,1101,37.58225,-122.42006,0.8801114624701681
14946,1101,38.14478,-122.88018,-1.052103274332025
14947,1101,38.87874,-122.44277,-2.716647928249032
14948,1101,38.26021,-122.55179,-0.2313744860820904
14949,1101,38.00198,-122.47466,0.8497879882141155
14950,1101,38.30988,-122.943,2.259565439314652
14951,1101,38.33656,-122.81082,1.4594737116817131
14952,1101,38.46769,-122.89651,0.7671118927186483
14953,1101,38.28043,-122.21582,-0.2111650982516867
14954,1101,38.16488,-122.71296,0.0870310756476182
14955,1101,38.07601,-122.2585,0.3301547694740115
14956,1101,38.04248,-122.79684,1.614389797880916
14957,1101,37.99642,-123.01949,0.1090137636048841
14958,1101,38.34878,-122.57795,-0.3670660830168291
14959,1101,37.92371,-122.59649,1.410254195259649
14960,1101,38.14361,-122.44969,-1.055969297191845
14961,1101,38.24039,-122.79842,0.2571274898234054
14962,1101,38.38921,-122.66297,-1.039862668967512
14963,1101,37.91608,-122.33607,0.147361268717324
14964,1101,39.2291,-121.7861,-1.0593794318554817
21038,1101,38.03455,-120.38651,-0.4530965122045791
21039,1101,39.65471,-122.71595,-5.77128923167296
21040,1101,36.3887,-121.5514,-0.2020783971289204
21042,1101,38.99349,-123.07234,-5.004372091039788
21043,1101,37.34164,-121.64257,-1.397942500543665
21044,1101,39.55451,-121.50036,-2.6019139298697063
21045,1101,37.008,-121.287,-0.434600040971844
21047,1101,36.76403,-121.44722,-2.4678767475134213
21048,1101,37.28744,-121.86422,0.6059901443641498
21049,1101,37.81647,-122.06302,-1.1429840920512082
21050,1101,37.9889,-122.2156,-0.1560285777346072
21051,1101,37.94906,-122.40851,0.4114952961140978
21052,1101,37.72416,-122.11929,-0.019374976149692
21053,1101,37.80787,-122.3618,1.7937927414550672
21054,1101,37.51704,-122.37731,0.3277267496516461
21055,1101,37.67433,-122.39855,2.465423046053901
21056,1101,37.16067,-121.89899,2.287391399173171
21057,1101,37.92144,-122.71806,1.8750045459785432
21058,1101,38.04962,-122.52331,1.0039531209885382
21059,1101,38.12282,-122.14921,-1.1634396661251956
21060,1101,38.20025,-122.4644,0.1585562394891789
21061,1101,38.233,-122.636,-0.6739011113570237
21062,1101,37.76021,-122.41524,0.8265643095852919
21063,1101,37.76386,-122.4736,1.185457784327354
21064,1101,37.40701,-122.0946,0.6934916886045921
21065,1101,37.4748,-122.2392,1.2937253389352077
21066,1101,37.31816,-121.94354,0.4913556464678965
21067,1101,37.68,-121.739,-2.376111562066757
21068,1101,37.59094,-122.36741,0.8763996620196512
21069,1101,37.74766,-122.42528,1.5667232028162503
21070,1101,37.74664,-122.38679,0.5795831531808368
21071,1101,37.39415,-122.06041,1.3122102747217108
21072,1101,37.376,-121.84367,-0.5667395244840172
21073,1101,37.27117,-121.98617,-0.3972814882730213
21074,1101,37.45098,-122.4287,0.9607889706772472
21075,1101,37.71737,-121.72701,-2.275770189869205
21076,1101,37.67928,-122.48405,1.937438647435913
21077,1101,37.91056,-122.53778,2.042307303312401
21078,1101,37.88767,-122.29916,0.5363578150992729
21079,1101,38.03445,-122.27016,-2.01760216901782
21080,1101,37.74484,-122.40134,0.7129441788469324
21081,1101,37.77934,-122.486,0.3545563117763993
21082,1101,37.71633,-122.43117,2.920761116342847
21083,1101,37.81076,-122.29252,-0.50618151086892
21084,1101,37.8251,-122.27606,-0.0371157468403344
21085,1101,37.7986,-122.2684,0.1505887979995067
21086,1101,37.72416,-122.44841,2.792118153022491
21087,1101,37.41395,-121.87085,0.6004949380575322
21088,1101,37.6806,-121.92098,-1.102178302849067
21089,1101,37.86059,-122.29327,0.0886699627739729
21090,1101,37.85835,-122.25252,0.2865129675679973
21091,1101,37.37418,-122.0781,0.0343061089294317
21092,1101,37.72688,-122.15092,0.1382761060833289
21093,1101,37.8852,-122.03217,-0.938871735144297
21094,1101,38.01299,-122.13416,-0.0564665464950283
21096,1101,37.16346,-121.62645,-0.4446502516324537
21097,1101,37.45035,-121.80037,-1.124091320050609
21098,1101,37.74766,-121.70843,-0.2092120064387405
21099,1101,37.7294,-121.83346,-0.5877084592582915
21100,1101,37.37289,-121.76887,-1.182678429249475
21101,1101,37.81041,-121.80272,-0.9017673951561556
21102,1101,37.85884,-121.99264,-0.8059224390276569
21103,1101,37.91233,-121.90716,-1.0083353116379146
21104,1101,37.34305,-122.33976,0.4427981421555858
21105,1101,37.31861,-122.15314,0.3539439645241861
21106,1101,37.17217,-122.01121,1.8005982555209803
21107,1101,37.04922,-121.80722,-0.6241858412102992
21108,1101,36.92745,-121.82764,-0.4659743860419876
21109,1101,37.36045,-122.18986,1.0839227598557757
21110,1101,37.51604,-122.45815,0.700101090356321
21111,1101,37.21427,-122.17168,0.5803667515919317
21112,1101,37.20631,-121.97726,0.9864836679511104
21113,1101,37.15432,-121.73467,0.5576354280131991
21114,1101,37.19855,-122.34671,0.0768463568096968
21115,1101,37.40372,-122.17596,0.1616006218843435
21116,1101,37.58644,-122.50217,1.96410225119604
21119,1101,38.43951,-122.25272,-1.4151573199708176
21120,1101,38.15486,-121.80438,-1.25746083192953
21121,1101,38.65651,-122.61441,-1.6059915103077915
21123,1101,36.2159,-120.80126,-1.7694346309326572
14979,1103,32.68005,-116.67215,2.058731969438164
14980,1103,34.2623,-116.92075,-0.2597817409029009
14981,1103,33.921,-116.981,-0.4071216310751197
14983,1103,34.23883,-117.65853,-0.542739715699989
14984,1103,34.069,-116.39,0.6081002199248767
14985,1103,33.268,-116.417,1.0725586990655398
14986,1103,34.68224,-118.57398,0.029667223900308
14987,1103,33.4915,-116.667,-3.800821491924787
14988,1103,33.38822,-117.19495,1.6109408233925164
14989,1103,33.999,-117.68,0.1675616715663054
14990,1103,34.093,-117.317,0.6678010454427588
14991,1103,33.876,-117.561,0.7190798077136512
14992,1103,34.25353,-118.33383,-0.2355717861142471
14993,1103,33.65,-117.009,0.7957306876709859
14994,1103,33.1537,-117.22921,0.7094275105615793
14995,1103,35.30177,-116.80574,-0.0906019677724475
14996,1103,34.8294,-116.335,-0.0256044368857195
14997,1103,34.121,-117.219,-1.0817630212812543
14998,1103,33.0859,-116.5959,0.9895277244860186
14999,1103,34.9906,-118.34156,-0.0456459438748858
15000,1103,34.3656,-117.36683,-2.539518874518909
15001,1103,34.005,-117.562,0.7863600581095359
15002,1103,33.94539,-117.92372,-0.1507437166852904
15003,1103,34.1484,-118.1711,-1.8861567860684336
15005,1103,34.1207,-117.63808,-0.92633934349884
15006,1103,33.354,-116.863,0.1344029036530807
15007,1103,34.87533,-116.99684,-0.1318438321672804
15008,1103,33.973,-117.327,1.3660914466169234
15009,1103,33.97327,-117.32674,1.043258846030418
15010,1103,33.99351,-117.37545,-0.1487967091415379
15011,1103,33.834,-116.797,1.0160804717189942
15012,1103,34.106,-117.098,0.9244402767555412
15013,1103,34.38203,-117.67822,-0.3278345439023397
15014,1103,34.48364,-118.11783,0.1716640101615078
15015,1103,34.00948,-117.95077,1.061197280552221
15016,1103,34.55046,-117.43391,-0.6174292454572796
15017,1103,33.63838,-116.4011,0.6047829657837385
15018,1103,35.52495,-117.36453,-1.2387829881286443
15019,1103,34.10521,-117.28264,-0.4159646918971988
15020,1103,33.4019,-118.41502,1.308605664486777
15022,1103,34.0602,-117.809,-0.3072328843343392
15023,1103,33.93597,-116.57794,-0.3599379107366527
15024,1103,34.10618,-118.45505,-1.1786866314505762
15025,1103,32.999,-116.942,1.4011388588476883
15027,1103,33.11675,-115.82267,1.1502635791424465
15028,1103,33.71264,-118.29381,-1.2427622529105404
15029,1103,34.36622,-116.61266,0.8637726352977315
15030,1103,34.10819,-119.06587,-0.420929546387667
15031,1103,34.61594,-117.82493,1.7319977997139082
15032,1103,33.684,-117.943,-1.62382391731264
15033,1103,35.47954,-117.68212,0.5340391000027535
15034,1103,33.818,-116.369,0.5266765573636417
15035,1103,34.81258,-119.1453,-1.0075723603339406
15036,1103,36.05799,-117.48901,-2.3518065563990334
15037,1103,33.808,-116.968,0.3641641997658739
15039,1103,34.22362,-118.05832,0.1662006479621294
15040,1103,34.6145,-118.7235,-1.9787326036872213
15042,1103,34.10473,-117.97956,-0.6087685556657031
15043,1103,33.74346,-118.40412,0.8582493762392625
15044,1103,34.05073,-118.08085,0.0382545035910302
15045,1103,33.2801,-115.98585,0.3874310049153868
15046,1103,33.553,-117.662,-0.7708995492239101
15048,1103,34.01438,-118.45617,0.3796195790371553
15049,1103,34.05933,-118.64614,-1.0005362149554615
15050,1103,34.30302,-119.18676,0.1323749918102746
15051,1103,33.664,-117.769,-0.7341944259122818
15053,1103,33.63495,-116.16402,1.015678025833214
15055,1103,35.53664,-118.14035,-0.1157267388330665
15056,1103,34.1717,-118.64971,1.5525993623171288
15093,1107,35.1269,-118.83009,-0.934761858179784
15094,1107,32.68005,-116.67215,2.267172836331125
15095,1107,34.2623,-116.92075,-0.7640983876436359
15097,1107,34.68224,-118.57398,0.5378479423330694
15098,1107,33.38822,-117.19495,1.8509272770695464
15100,1107,33.999,-117.68,-1.1487372709197816
15101,1107,33.4019,-118.41502,0.5237232777843457
15102,1107,33.655,-115.99,1.5202057365276924
15103,1107,33.65,-117.009,1.2029455506421065
15104,1107,33.567,-116.631,1.5839736436730998
15106,1107,33.71264,-118.29381,-0.757686018693362
15107,1107,35.30177,-116.80574,-0.6364459759089836
15108,1107,34.36622,-116.61266,0.7943125655056333
15109,1107,33.7141,-116.7119,0.5608309397950862
15110,1107,34.80762,-118.86775,0.164095757609549
15111,1107,34.61594,-117.82493,0.5568632067319347
15112,1107,34.93439,-117.69629,-0.673393267477513
15113,1107,34.3656,-117.36683,-1.8303104603598035
15114,1107,34.005,-117.562,-0.5492225702367781
15115,1107,34.81258,-119.1453,-0.9119139293549264
15116,1107,34.22362,-118.05832,-0.3505279606155471
15117,1107,33.94539,-117.92372,0.5491819317870487
15118,1107,34.6145,-118.7235,-1.3833733129321255
15119,1107,34.1484,-118.1711,-2.923671646425103
15120,1107,34.1207,-117.63808,-2.864506255409229
15122,1107,33.354,-116.863,0.4219279750615045
15123,1107,33.7953,-117.60906,-1.481881904276536
15124,1107,33.63,-116.8478,2.8239413861363603
15125,1107,33.74346,-118.40412,0.5193812939429304
15126,1107,34.87533,-116.99684,-1.012257746562176
15127,1107,33.973,-117.327,1.3042670083534311
15128,1107,33.97327,-117.32674,1.1920419032410343
15129,1107,33.99351,-117.37545,0.1381989852987431
15130,1107,34.232,-117.235,-1.2846746385075012
15131,1107,33.834,-116.797,0.9965481773008596
15132,1107,34.05933,-118.64614,-1.546710437580984
15133,1107,33.829,-117.789,0.0013726354067538
15134,1107,34.106,-117.098,0.9241164515422372
15135,1107,34.38203,-117.67822,-0.6776854196443596
15137,1107,34.23883,-117.65853,-1.571746423988925
15138,1107,34.069,-116.39,0.7948519738794464
15139,1107,33.4915,-116.667,2.915050064346244
15140,1107,34.9906,-118.34156,0.1492329797988426
15141,1107,33.862,-117.205,0.426273674855279
15142,1108,34.04905,-116.94032,-2.3920554886064744
15143,1108,34.55046,-117.43391,0.6343623399713795
15144,1108,32.68005,-116.67215,1.574307901375965
15145,1108,34.2623,-116.92075,1.5993732171091215
15146,1108,33.921,-116.981,-0.9020178805408128
15148,1108,34.23883,-117.65853,-0.409613010199516
15149,1108,34.069,-116.39,0.1984769171078549
15150,1108,33.268,-116.417,0.332963140517269
15151,1108,33.4915,-116.667,-4.774377041197425
15152,1108,33.38822,-117.19495,-0.2561281640808984
15154,1108,33.999,-117.68,-0.7569294900327377
15155,1108,33.876,-117.561,0.3700446619901514
15156,1108,34.25353,-118.33383,-0.8349422505176645
15157,1108,33.93597,-116.57794,0.2744496930229369
15158,1108,33.65,-117.009,-0.9437955425168604
15159,1108,33.567,-116.631,0.7955425596882707
15160,1108,32.999,-116.942,0.6328385530212192
15162,1108,33.1537,-117.22921,-0.1601863710088955
15163,1108,35.30177,-116.80574,-0.264430470554801
15164,1108,34.8294,-116.335,1.1367899938112056
15166,1108,33.0859,-116.5959,-0.2876760898232665
15167,1108,34.36622,-116.61266,1.764518894844643
15168,1108,34.9906,-118.34156,0.942912790205458
15169,1108,33.684,-117.943,0.1914818437603244
15170,1108,34.93439,-117.69629,5.676000117183719
15171,1108,35.47954,-117.68212,0.7395484141185295
15172,1108,34.3656,-117.36683,-1.47771558587397
15174,1108,33.818,-116.369,0.5796790449742008
15175,1108,33.808,-116.968,2.4348640405922497
15176,1108,33.6,-117.195,-0.417607481330334
15177,1108,34.22362,-118.05832,0.6776076720069687
15178,1108,33.94539,-117.92372,-0.5393620924109525
15179,1108,34.1207,-117.63808,-0.7603752972282981
15180,1108,33.862,-117.205,-0.1307186860189964
15182,1108,33.354,-116.863,-0.5453586119885399
15184,1108,33.824,-116.55,0.9507883201956518
15185,1108,33.63,-116.8478,1.10989131872029
15186,1108,34.87533,-116.99684,-0.1688023314464702
15187,1108,33.973,-117.327,1.6977553256149087
15188,1108,33.97327,-117.32674,1.2777241871171268
15189,1108,33.99351,-117.37545,0.3051884607950966
15190,1108,34.232,-117.235,-0.2419866168550493
15191,1108,33.553,-117.662,-0.65156040829249
15193,1108,33.834,-116.797,0.7399113929065776
15194,1108,34.05933,-118.64614,-1.3038351667285173
15195,1108,33.829,-117.789,-0.2985056251223884
15196,1108,33.664,-117.769,-0.1270540600942805
15197,1108,34.106,-117.098,0.6291842619423956
15200,1108,34.48364,-118.11783,1.2218131735982487
15201,1108,34.00948,-117.95077,-0.5288848771864568
15202,1108,34.68708,-118.29946,0.0632902327994187
15203,1108,35.1269,-118.83009,-0.9961148509617332
15204,1108,33.80776,-117.98116,-0.6977449263001239
15205,1108,35.52495,-117.36453,-0.479666021704811
15206,1108,33.4019,-118.41502,0.0723001884877063
15208,1108,34.093,-117.317,-0.1473339139538982
15209,1108,33.655,-115.99,1.6717567880679365
15211,1108,33.11675,-115.82267,0.66939120010098
15212,1108,33.71264,-118.29381,-2.717793473946005
15213,1108,33.051,-114.827,-0.0496658622083929
15214,1108,35.98249,-117.80885,0.3411385203616027
15215,1108,35.13066,-115.18416,1.0735541190099094
15216,1108,33.9753,-118.14918,-0.167861404455371
15217,1108,34.80762,-118.86775,-0.6820977316038903
15218,1108,34.005,-117.562,-0.5453151270696345
15219,1108,36.05799,-117.48901,-1.484739110473282
15220,1108,34.88848,-119.81362,-1.418772487029376
15222,1108,34.53412,-120.17737,-0.4579304067938929
15223,1108,33.556,-115.946,1.243830432535266
15224,1108,34.1484,-118.1711,-2.1559313891640093
15225,1108,34.44199,-118.58215,-1.145484206548168
15226,1108,34.09181,-117.80709,-1.7169600575391617
15227,1108,34.281,-118.478,0.7520615464406495
15228,1108,34.10473,-117.97956,-1.1523531382605767
15229,1108,33.74346,-118.40412,-0.3338369051786432
15230,1108,34.05073,-118.08085,0.2639862920801156
15231,1108,33.2801,-115.98585,0.4134106527079162
15232,1108,32.915,-118.4879,-0.0064219177598444
15233,1108,34.43692,-119.1375,-2.331414076169981
15234,1108,35.8996,-116.27515,1.854167881080548
15235,1108,35.89095,-117.28332,0.3759559841486611
15236,1108,34.30302,-119.18676,0.1910899409677109
15237,1108,32.94508,-115.79988,0.0484025985307822
15238,1108,34.38203,-117.67822,-0.012040413090461
15239,1108,35.53664,-118.14035,0.0534588241789798
15245,1110,34.55046,-117.43391,-1.4418409138304775
15246,1110,34.68708,-118.29946,-1.0112183897560862
15247,1110,32.68005,-116.67215,1.042034605550721
15248,1110,34.2623,-116.92075,-0.4380518487345211
15249,1110,33.921,-116.981,0.4637693509503883
15251,1110,34.23883,-117.65853,-1.038256911008259
15252,1110,33.268,-116.417,1.4532036725013795
15253,1110,33.80776,-117.98116,0.1915133779983222
15254,1110,34.68224,-118.57398,0.3713615456790511
15255,1110,35.52495,-117.36453,-0.971181083983502
15257,1110,33.999,-117.68,-0.226002770092661
15258,1110,33.4019,-118.41502,1.0698028052208504
15260,1110,34.093,-117.317,0.3161735109027533
15261,1110,33.876,-117.561,0.3247097700590425
15262,1110,33.655,-115.99,1.0120676076314477
15263,1110,34.25353,-118.33383,-0.6293380679602587
15264,1110,33.93597,-116.57794,-0.3014372760289403
15265,1110,33.65,-117.009,-0.1238992126734903
15266,1110,34.10618,-118.45505,-1.7122316092413832
15267,1110,33.567,-116.631,0.9102944228739804
15268,1110,32.999,-116.942,0.6184469015653018
15270,1110,33.71264,-118.29381,-1.4478697189968657
15272,1110,35.30177,-116.80574,0.5671147808096789
15273,1110,34.8294,-116.335,0.6834501236630234
15274,1110,33.0859,-116.5959,0.479277542341516
15275,1110,34.36622,-116.61266,0.4653679042054419
15276,1110,35.13066,-115.18416,0.7134166650229141
15277,1110,34.9906,-118.34156,0.0967288941626326
15278,1110,33.9753,-118.14918,-0.4632637380608432
15279,1110,34.80762,-118.86775,0.3630451553250216
15280,1110,33.684,-117.943,0.6078148493158818
15281,1110,34.93439,-117.69629,-0.4137626891759766
15282,1110,35.47954,-117.68212,0.0640689738314142
15283,1110,34.3656,-117.36683,-1.0112765005477988
15284,1110,33.818,-116.369,1.0255381504667658
15285,1110,34.005,-117.562,0.7827186736235184
15286,1110,33.6,-117.195,0.8458035027243621
15287,1110,34.22362,-118.05832,0.1059034452417502
15288,1110,33.94539,-117.92372,-0.0693483149408047
15289,1110,34.6145,-118.7235,-1.444173577767769
15290,1110,34.1207,-117.63808,-0.435280255532107
15292,1110,33.354,-116.863,-0.2519725647551783
15293,1110,33.7953,-117.60906,-0.8907032022675964
15295,1110,34.09181,-117.80709,-0.7426405579818383
15296,1110,33.74346,-118.40412,0.9060857032919616
15297,1110,34.87533,-116.99684,0.1295518581253533
15298,1110,33.97327,-117.32674,-0.8303670730992705
15299,1110,34.05073,-118.08085,0.7449199780782405
15300,1110,33.99351,-117.37545,-0.7520068048904136
15302,1110,34.232,-117.235,-0.6252232722826582
15303,1110,33.553,-117.662,-0.9638510528254084
15304,1110,35.89095,-117.28332,0.4210445961903916
15305,1110,33.834,-116.797,1.1517687498574514
15306,1110,34.05933,-118.64614,-1.3965686740332173
15307,1110,33.829,-117.789,-0.1696343573283499
15308,1110,33.664,-117.769,-0.4977363048683943
15309,1110,34.106,-117.098,0.5874021275468247
15310,1110,34.38203,-117.67822,-0.1284933678353116
15312,1110,34.48364,-118.11783,-0.0379073456596663
15313,1110,34.56065,-117.3296,0.7233410173687577
15314,1110,35.53664,-118.14035,-0.0934357820132298
15380,1113,34.55046,-117.43391,0.2546232693924832
15381,1113,32.68005,-116.67215,1.4317816063040911
15382,1113,33.921,-116.981,-1.5159617575666389
15385,1113,34.23883,-117.65853,-1.3418894992568298
15386,1113,34.069,-116.39,0.121039052986207
15387,1113,33.268,-116.417,1.4414775032970435
15388,1113,35.52495,-117.36453,-0.6825801307821172
15390,1113,33.4019,-118.41502,0.4059825924038422
15392,1113,34.093,-117.317,-0.2159424414393026
15393,1113,33.655,-115.99,0.4408067789359243
15394,1113,34.25353,-118.33383,-0.6153181614157469
15395,1113,33.65,-117.009,-0.033212301271253
15396,1113,34.10618,-118.45505,-1.3215575968951725
15397,1113,33.567,-116.631,1.2455438169495132
15398,1113,32.999,-116.942,0.7415776630290288
15401,1113,33.71264,-118.29381,-2.5078051371397185
15402,1113,33.051,-114.827,-1.0119128744467691
15404,1113,33.1537,-117.22921,0.2690817446062932
15405,1113,35.30177,-116.80574,-0.7895857702136537
15406,1113,34.8294,-116.335,-1.2270821602281277
15408,1113,35.66278,-118.47403,-2.045138022768332
15409,1113,33.081,-116.598,0.6754912676790185
15410,1113,35.98249,-117.80885,-0.0437875406483316
15411,1113,34.36622,-116.61266,0.7959338536577459
15412,1113,35.13066,-115.18416,-0.7780007442758908
15413,1113,34.9906,-118.34156,-0.1391974741986274
15414,1113,34.80762,-118.86775,-0.5657704489906469
15415,1113,34.93439,-117.69629,-0.1653999554498584
15416,1113,35.47954,-117.68212,0.4988326852145087
15417,1113,34.3656,-117.36683,-0.2458577746429032
15418,1113,33.818,-116.369,0.8978192779234078
15419,1113,34.005,-117.562,-1.2534987321512785
15420,1113,36.05799,-117.48901,-1.853217514583266
15421,1113,33.808,-116.968,0.5132762337052822
15422,1113,33.6,-117.195,1.58820678330954
15423,1113,34.22362,-118.05832,0.6194278410178873
15424,1113,34.76759,-114.61881,0.9050131195967964
15425,1113,33.94539,-117.92372,-0.6764283436730106
15426,1113,32.608,-116.93,0.7688574710919251
15427,1113,34.1207,-117.63808,-0.7530249207034713
15428,1113,33.862,-117.205,-0.7625843020254294
15430,1113,33.354,-116.863,-0.514549379131707
15431,1113,33.7953,-117.60906,-1.7251372812244594
15433,1113,33.824,-116.55,0.5550636857685853
15434,1113,33.63,-116.8478,0.9956297656148664
15435,1113,33.74346,-118.40412,-0.0138273053551206
15436,1113,34.87533,-116.99684,-1.4793668442575316
15437,1113,33.97327,-117.32674,0.9190057282887876
15438,1113,33.99351,-117.37545,0.6371900965667003
15439,1113,34.232,-117.235,-1.4339952009906638
15440,1113,33.553,-117.662,-2.21046591377749
15441,1113,35.89095,-117.28332,0.0587144803268771
15442,1113,33.834,-116.797,0.5671023641186737
15443,1113,34.05933,-118.64614,-1.1623222264239823
15444,1113,33.829,-117.789,0.1912237151034913
15445,1113,33.664,-117.769,-0.6497832431863437
15446,1113,34.106,-117.098,0.0827652475658813
15447,1113,34.38203,-117.67822,-0.1920873460342883
15450,1113,34.48364,-118.11783,-0.1478441952053788
15451,1113,35.53664,-118.14035,-0.1140619955529895
15452,1113,34.1717,-118.64971,1.2847703683020084
15453,1113,33.917,-117.443,0.5090041482038756
15454,1113,33.968,-117.252,1.3717744273066683
15455,1113,33.751,-117.015,0.9940145585839982
15456,1113,33.699,-117.267,1.2794203687322965
15457,1113,33.951,-117.446,2.717382248169205
15458,1113,33.951,-117.388,1.651381466296726
15459,1113,33.979,-117.344,-0.0209261696781714
15460,1113,33.975,-117.486,0.987754614063588
15461,1113,33.902,-117.234,0.0120945424451352
15462,1113,33.921,-117.173,0.4975077442364753
15463,1113,34.014,-117.511,1.2125180769048958
15464,1113,34.074,-117.183,-0.2440152595944208
15465,1113,34.096,-117.287,-0.2087646677792838
15466,1113,34.133,-117.253,0.0596897154318663
15467,1113,34.069,-117.398,1.273311488786249
15468,1113,34.004,-117.058,0.6041942610702934
15469,1113,34.00469,-117.22393,-1.1222296474587894
15471,1113,34.136,-117.213,-1.5542444423007185
15473,1113,33.92024,-117.32066,0.6049230702277879
15476,1113,34.14,-117.294,-0.279539708981148
15478,1113,34.205,-117.365,0.0483635534134047
15479,1113,34.12288,-117.28792,-0.4883691927390086
15480,1113,34.0869,-117.3114,0.3441176187917044
15481,1113,33.852,-117.451,0.4262552501540232
15550,1118,32.68005,-116.67215,-0.0033552788845323
15551,1118,34.2623,-116.92075,-0.6500669144305039
15552,1118,33.921,-116.981,-0.9839799499608312
15555,1118,34.23883,-117.65853,-0.6102242986011607
15557,1118,33.268,-116.417,0.1691529961464407
15558,1118,33.01213,-115.21987,-0.7275887193179488
15559,1118,33.38822,-117.19495,0.5976371467746855
15562,1118,33.655,-115.99,-0.43543633779807
15563,1118,34.63745,-115.38115,-1.7506942957557563
15564,1118,34.25353,-118.33383,0.3640217787421806
15565,1118,33.65,-117.009,-0.439761103735402
15566,1118,34.10618,-118.45505,-1.2428161422758912
15567,1118,33.567,-116.631,-0.2787184496661256
15568,1118,32.999,-116.942,1.697787374605464
15569,1118,32.805,-115.447,-0.1496026031458154
15572,1118,33.11675,-115.82267,1.40515228668059
15573,1118,33.71264,-118.29381,-0.9374769824971558
15574,1118,33.051,-114.827,-1.26168690668577
15576,1118,35.30177,-116.80574,-1.3609911565438233
15578,1118,33.0859,-116.5959,-0.0691912221548431
15580,1118,33.684,-117.943,1.1837253058604598
15581,1118,33.818,-116.369,0.0978726062153282
15583,1118,33.808,-116.968,0.7522795467453423
15584,1118,33.6,-117.195,0.5156516333785737
15585,1118,34.76759,-114.61881,-0.5652459152562809
15586,1118,33.94539,-117.92372,0.7871040737010228
15587,1118,32.608,-116.93,-0.0840765377837731
15589,1118,34.1207,-117.63808,-0.0504834434841638
15591,1118,33.354,-116.863,-0.2048981420589827
15593,1118,33.63,-116.8478,0.9410920138478192
15594,1118,33.74346,-118.40412,1.1256896860022303
15595,1118,33.99351,-117.37545,0.4110853032628334
15596,1118,33.183,-115.623,-0.712178951238976
15597,1118,33.2801,-115.98585,0.5427815269004774
15598,1118,33.553,-117.662,0.0751260234727551
15600,1118,33.834,-116.797,0.3163269159555965
15601,1118,34.05933,-118.64614,-0.5238470151103697
15602,1118,33.829,-117.789,-0.4245012210495393
15603,1118,33.664,-117.769,0.7463795445681696
15604,1118,34.106,-117.098,0.7013943443124631
15605,1118,32.94508,-115.79988,0.3491363833591998
15606,1118,34.38203,-117.67822,-0.0582059497216941
15607,1118,34.48364,-118.11783,0.2890288127069896
15608,1118,32.75904,-115.73161,-0.0283034419452829
15753,1123,37.76021,-122.41524,-0.0860575276491027
15754,1123,37.75094,-122.49072,-0.3555873421553177
15755,1123,37.762,-122.505,-0.2172393356905477
15756,1123,37.54187,-122.30471,-1.2339730361150494
15757,1123,37.59094,-122.36741,-0.5345010945941779
15758,1123,37.40718,-122.00001,0.998994027379634
15759,1123,37.39415,-122.06041,0.2222067463546269
15760,1123,37.45098,-122.4287,0.1607878064668782
15761,1123,37.59268,-122.07449,-1.2258358853838798
15762,1123,37.67928,-122.48405,1.231266465311801
15763,1123,37.91056,-122.53778,0.7547418167442987
15764,1123,38.03445,-122.27016,0.8027727092987823
15765,1123,37.95397,-121.86554,-1.9202114757418016
15766,1123,37.87622,-122.23558,-2.553923184421462
15767,1123,37.91881,-122.15176,0.4422586033381646
15768,1123,37.87352,-122.26099,-1.303932158957076
15769,1123,37.16346,-121.62645,1.1879010272604136
15770,1123,37.85727,-122.42266,0.0667390570723911
15771,1123,37.74766,-121.70843,1.639409469184097
15772,1123,37.7294,-121.83346,-0.0166193413728263
15773,1123,37.85884,-121.99264,-0.0075261317769794
15774,1123,37.91233,-121.90716,0.422231792441089
15775,1123,38.02691,-122.01599,0.4246904036886412
15776,1123,38.34526,-122.4584,-0.3334644434936034
15777,1123,37.34305,-122.33976,-1.0901602631508174
15778,1123,37.31861,-122.15314,-1.110378274058847
15779,1123,37.51604,-122.45815,0.1233079153538919
15780,1123,37.21427,-122.17168,-0.3279131177399942
15781,1123,37.20631,-121.97726,1.0321643563931644
15782,1123,37.15432,-121.73467,1.0385785856950014
15783,1123,37.63719,-122.47482,-0.0300983303687681
15784,1123,37.19855,-122.34671,-0.1709500655746149
15785,1123,37.58225,-122.42006,-0.9127476928565326
15786,1123,37.40372,-122.17596,-1.4412789365773278
15787,1123,37.28397,-122.05017,-0.6479509965942788
15788,1123,37.58644,-122.50217,1.4040852318519652
15789,1123,38.33656,-122.81082,2.314516989827536
15790,1123,38.28043,-122.21582,-0.8677928520393088
15791,1123,38.16488,-122.71296,1.6739816907456448
15792,1123,38.07601,-122.2585,1.878193664788828
15793,1123,37.99642,-123.01949,-0.1637186000438426
15794,1123,38.34878,-122.57795,0.4334223934962335
15795,1123,37.9231,-122.5983,-0.0809656858510273
15796,1123,38.38921,-122.66297,0.1843981621201625
15797,1123,37.62211,-121.75697,-2.0541102946258265
19436,1123,38.03455,-120.38651,-0.8243854961098985
19437,1123,37.69782,-123.0011,-0.2509997758162566
19438,1123,37.34164,-121.64257,0.1950361548943969
19439,1123,37.91608,-122.33607,0.2703135465727659
19440,1123,37.81647,-122.06302,-1.710099450106736
19441,1123,37.9889,-122.2156,-0.1038613699885837
19442,1123,37.94906,-122.40851,0.3886575943747196
19443,1123,37.72416,-122.11929,-0.515955335914229
19444,1123,37.80787,-122.3618,-1.6066436337789096
19445,1123,37.12043,-122.1552,-0.1068607843521538
19446,1123,37.51704,-122.37731,-0.4228192738242695
19447,1123,37.67433,-122.39855,0.8201442365902294
19448,1123,37.4046,-122.1741,-1.767338901531067
19449,1123,37.16067,-121.89899,2.191609619968174
19450,1123,37.92144,-122.71806,-0.1069374119808479
19451,1123,38.04962,-122.52331,1.9871829411340576
19452,1123,38.12282,-122.14921,0.7326258592182697
19453,1123,38.20025,-122.4644,-0.4740282113923435
19454,1123,38.233,-122.636,1.8081647225468704
19455,1123,37.77737,-122.39689,-0.5486662478262644
19456,1123,37.76386,-122.4736,-0.6706488424778463
19457,1123,37.40701,-122.0946,-0.5231746531402699
19458,1123,37.4748,-122.2392,-0.1354921388278877
19459,1123,37.30249,-121.97978,-0.2816005534986436
19460,1123,37.26352,-121.91617,-1.151548697730965
19461,1123,37.30143,-121.9039,-0.4024909537204778
19462,1123,37.31816,-121.94354,0.1146023917277125
19463,1123,37.3066,-121.84915,1.0664899325567518
19464,1123,37.41702,-121.9154,0.1426131336307678
19465,1123,37.74766,-122.42528,-0.3872716721395354
19466,1123,37.17217,-122.01121,0.9306585317879044
19469,1123,38.46769,-122.89651,0.6630284425392186
15798,1124,37.26352,-121.91617,-0.7298229263849615
15799,1124,37.27117,-121.98617,-0.3054602424903702
15800,1124,37.91056,-122.53778,0.4411765895138758
15801,1124,37.87622,-122.23558,-1.875727678892599
15802,1124,37.91881,-122.15176,-1.6694067374209434
15803,1124,37.16346,-121.62645,0.3203408183482337
15804,1124,37.85727,-122.42266,1.1710506873080009
15805,1124,37.37289,-121.76887,-0.4989731600043682
15806,1124,37.91233,-121.90716,-0.3062988021078697
15807,1124,37.34305,-122.33976,-0.1928593331595469
15808,1124,37.31861,-122.15314,0.1017034753531178
15809,1124,37.17217,-122.01121,1.711090214529139
15810,1124,37.36045,-122.18986,-1.113018697366689
15811,1124,37.51604,-122.45815,-0.1241775214653665
15812,1124,37.21427,-122.17168,2.1696597951032386
15813,1124,37.20631,-121.97726,2.266623944635744
15814,1124,37.15432,-121.73467,0.5525337528367857
15815,1124,37.63719,-122.47482,-0.3557105646318844
15816,1124,37.2708,-122.21276,0.9015687850039956
15817,1124,37.19855,-122.34671,1.5235301187554218
15818,1124,37.40373,-122.23868,-1.9006245134282949
15819,1124,37.40372,-122.17596,-1.096972703005726
15820,1124,37.28397,-122.05017,1.648716915026185
20585,1124,37.87352,-122.26099,-1.0764616022285658
20586,1124,37.69782,-123.0011,-1.366428418642628
20587,1124,38.99349,-123.07234,-4.281320352343981
20588,1124,37.34164,-121.64257,-0.9353778133408412
20589,1124,37.25898,-121.67311,-1.681768664449405
20590,1124,37.9889,-122.2156,0.2402542616378855
20591,1124,37.80787,-122.3618,1.2536013965920805
20592,1124,37.12043,-122.1552,2.046301465168648
20593,1124,37.51704,-122.37731,-1.4155811983155613
20594,1124,37.16067,-121.89899,3.585452572186349
20595,1124,37.31816,-121.94354,0.5008240708844138
20596,1124,37.40718,-122.00001,-0.5261131370258394
20597,1124,37.39415,-122.06041,-1.373863749892384
20598,1124,37.45098,-122.4287,-0.4734147865680222
20599,1124,37.71633,-122.43117,0.8191011943421205
20600,1124,37.72416,-122.44841,0.4207548927520723
20601,1124,37.23294,-121.77186,0.6021189584969218
20602,1124,37.28537,-121.93602,-0.5517864656092729
20603,1124,37.74766,-121.70843,0.4750890921538494
20604,1124,37.7294,-121.83346,0.92702680896769
20605,1124,37.73786,-122.06486,0.455350265690344
20606,1124,37.85884,-121.99264,-1.3140558109771967
20607,1124,37.04922,-121.80722,1.7749856421397592
20608,1124,37.58225,-122.42006,-0.9103080344290714
20609,1124,37.58644,-122.50217,-0.7341423235222736
15821,1125,37.54187,-122.30471,-0.4035873315122812
15822,1125,37.26748,-121.86656,-0.9847554751120948
15823,1125,37.30143,-121.9039,-0.8936140360590861
15824,1125,37.41702,-121.9154,-0.8251221217368536
15825,1125,37.59094,-122.36741,0.5780460965469675
15826,1125,37.34655,-121.80774,-1.0020578890135878
15827,1125,37.40718,-122.00001,1.3816199829257243
15828,1125,37.39415,-122.06041,0.7443971985100597
15829,1125,37.376,-121.84367,-2.0528324723900195
15830,1125,37.27117,-121.98617,-1.5518560381594824
15831,1125,37.71737,-121.72701,-0.3221932929061374
15832,1125,37.91056,-122.53778,2.420409336944332
15833,1125,38.03445,-122.27016,-0.9601726272224886
15834,1125,37.41395,-121.87085,-0.6283489354952171
15835,1125,37.36408,-122.01817,-0.6466756573181525
15836,1125,37.42549,-122.07772,0.110813616261605
15837,1125,37.38332,-121.91088,-1.3037890516747137
15838,1125,37.28537,-121.93602,0.1625356477683064
15839,1125,37.68873,-121.78351,-0.7831601929655863
15840,1125,37.66666,-121.85715,-0.0696709063020622
15841,1125,37.87622,-122.23558,-1.988923021581011
15842,1125,37.85727,-122.42266,2.65935563902874
15843,1125,37.45035,-121.80037,-0.5503363322768686
15844,1125,37.74766,-121.70843,1.545449345240232
15845,1125,37.7294,-121.83346,1.0718184603804368
15846,1125,37.73786,-122.06486,-0.1419453600786483
15847,1125,38.03455,-120.38651,-0.3955549457190591
15848,1125,37.85884,-121.99264,-0.1314285975299225
15849,1125,37.91233,-121.90716,-0.4822421511251429
15850,1125,38.02691,-122.01599,-0.9582870133943256
15851,1125,37.34305,-122.33976,1.9716228263380784
15852,1125,37.31861,-122.15314,-0.9691092130815055
15853,1125,37.17217,-122.01121,0.8600273867836725
15854,1125,37.36045,-122.18986,0.9732466823753414
15855,1125,37.51604,-122.45815,2.5567288203874705
15856,1125,37.20631,-121.97726,0.4254660959143467
15857,1125,37.15432,-121.73467,-1.5921982657597562
15858,1125,37.2708,-122.21276,0.5514773006501072
15859,1125,37.19855,-122.34671,0.9622730735128714
15860,1125,37.58225,-122.42006,0.993623638289442
15861,1125,37.28397,-122.05017,-1.297365110533723
15862,1125,37.58644,-122.50217,1.6302093922117378
15863,1125,37.34164,-121.64257,-1.5072654776898828
15864,1125,38.33656,-122.81082,1.7183868919298293
15865,1125,38.15486,-121.80438,-0.0145976887911002
15866,1125,38.07601,-122.2585,0.4961968935826393
15867,1125,37.008,-121.287,-0.977751608862945
15868,1125,35.63597,-120.86984,-1.385697501627554
15869,1125,39.2291,-121.7861,0.2450672587992154
15870,1125,37.62211,-121.75697,-0.4331541224471591
19794,1125,37.91881,-122.15176,-1.073198612451601
19795,1125,36.68011,-119.02282,1.2224301816823522
19796,1125,38.87874,-122.44277,-3.626003342806304
19797,1125,39.55451,-121.50036,-0.8505352135589535
19798,1125,35.945,-120.542,-3.387567389482503
19799,1125,36.76403,-121.44722,-4.554276454719177
19800,1125,37.9889,-122.2156,0.4335394304217358
19801,1125,37.94906,-122.40851,1.1990850156593624
19802,1125,37.12043,-122.1552,-0.2377064876006298
19803,1125,37.51704,-122.37731,0.7177627540754911
19804,1125,37.16067,-121.89899,0.5752096794745383
19805,1125,37.92144,-122.71806,1.11843965363351
19806,1125,38.04962,-122.52331,2.0208163852633043
19807,1125,38.12282,-122.14921,-0.577949851641462
19808,1125,38.233,-122.636,1.5027892605522613
19809,1125,37.76021,-122.41524,0.9604955515767932
19810,1125,37.77737,-122.39689,-0.0976919291692412
19811,1125,37.75094,-122.49072,1.1018056961949156
19812,1125,37.76386,-122.4736,1.575092906684879
19813,1125,37.762,-122.505,1.236541660349212
19814,1125,37.40701,-122.0946,-0.2375400635964717
19815,1125,37.4748,-122.2392,0.3423112979587928
19816,1125,37.30249,-121.97978,-0.6508392281894164
19817,1125,37.26352,-121.91617,-2.373569779473637
19818,1125,37.31816,-121.94354,-0.2223992875297083
19819,1125,37.3066,-121.84915,0.4581752843329661
19820,1125,37.68,-121.739,0.7401123438108078
19821,1125,37.74766,-122.42528,1.2529836247389086
19822,1125,37.74664,-122.38679,0.4640623060344199
19823,1125,37.45098,-122.4287,0.8812606864882535
19824,1125,37.59268,-122.07449,-0.8977637072676555
19825,1125,37.67928,-122.48405,2.0204608745964845
19826,1125,37.88767,-122.29916,0.2114872830046131
19827,1125,37.74484,-122.40134,0.648378834699268
19828,1125,37.77934,-122.486,0.4829645580648106
19829,1125,37.71633,-122.43117,2.379672207154777
19830,1125,37.8251,-122.27606,0.2000744590956107
19831,1125,37.7986,-122.2684,0.3758671376247378
19832,1125,37.72416,-122.44841,2.051087492888485
19833,1125,37.6806,-121.92098,-0.9361329751373854
19834,1125,37.86059,-122.29327,-0.265829958044213
19835,1125,37.85835,-122.25252,0.2798165291082412
19836,1125,37.37418,-122.0781,-1.012887473167246
19837,1125,37.69169,-122.16982,-1.3612548325581364
19838,1125,37.23294,-121.77186,-1.4260191239973543
19839,1125,37.35834,-121.97775,-0.5629644682856844
19840,1125,37.72688,-122.15092,-0.6848716296629553
19841,1125,37.8852,-122.03217,-0.7067434755597543
19842,1125,37.94215,-121.93047,-0.8816757956016095
19843,1125,38.01299,-122.13416,0.2971434325213989
19844,1125,37.16346,-121.62645,-1.0392927873416422
19845,1125,37.37289,-121.76887,-0.6583288475430561
19846,1125,37.81041,-121.80272,-0.171402742204087
19847,1125,37.04922,-121.80722,-2.393214727209433
19848,1125,37.21427,-122.17168,1.100104906187936
19849,1125,37.63719,-122.47482,0.7121220593407402
19850,1125,37.40372,-122.17596,-0.4227079024782664
19851,1125,37.6444,-118.89683,1.4364028101935524
19852,1125,37.65909,-118.97907,1.891685034081053
19853,1125,38.30988,-122.943,1.7228193753265315
19854,1125,38.16488,-122.71296,1.3371068048291304
19855,1125,38.04248,-122.79684,1.0143233833211345
19856,1125,37.92371,-122.59649,1.1928710521680128
19857,1125,38.14361,-122.44969,-0.8758502222716821
19858,1125,38.24039,-122.79842,-0.4901175749343696
19859,1125,38.38921,-122.66297,-0.6146017987733493
19860,1125,36.2159,-120.80126,-2.776498815193911
15922,1128,34.55046,-117.43391,0.0016650230843546
15923,1128,33.63838,-116.4011,0.6727507871666216
15924,1128,34.68708,-118.29946,0.6318752138985806
15925,1128,32.68005,-116.67215,1.2522830557342568
15926,1128,34.2623,-116.92075,-0.4968142241936921
15927,1128,33.921,-116.981,-1.426843927173454
15928,1128,33.57508,-117.26119,0.1846592095422717
15929,1128,33.80776,-117.98116,-0.6473532935243453
15930,1128,34.68224,-118.57398,1.3648413559098052
15931,1128,33.38822,-117.19495,0.7615880509622077
15933,1128,33.999,-117.68,-0.666289286236451
15934,1128,33.4019,-118.41502,1.656761491843259
15936,1128,34.093,-117.317,-0.4274027510166759
15937,1128,34.0602,-117.809,-0.0662393599173423
15938,1128,33.655,-115.99,0.6073592163163787
15939,1128,34.25353,-118.33383,-0.0529831014665007
15940,1128,33.93597,-116.57794,-0.7540353491751283
15941,1128,33.65,-117.009,0.466922730046229
15942,1128,34.10618,-118.45505,-0.9571589949259248
15943,1128,32.999,-116.942,1.5036702843795422
15944,1128,34.88303,-117.99106,0.4022698841692626
15945,1128,34.72832,-119.98803,-0.4967594315329331
15946,1128,33.71264,-118.29381,-2.854871458587949
15947,1128,33.8717,-117.92251,0.653207970428373
15948,1128,33.1537,-117.22921,0.3555952438150567
15949,1128,35.30177,-116.80574,-0.6618173083053732
15950,1128,34.8294,-116.335,-0.6330435655789171
15951,1128,33.7141,-116.7119,0.0081315366883887
15952,1128,33.86889,-118.33143,0.3440504727884368
15953,1128,34.00033,-118.37794,-0.5464433244455023
15954,1128,35.13066,-115.18416,0.4334768240067738
15955,1128,34.30529,-118.48805,0.9423280591836865
15956,1128,33.9753,-118.14918,0.0638432704121853
15957,1128,34.10819,-119.06587,0.275753607659635
15958,1128,34.61594,-117.82493,1.5053378728261173
15959,1128,33.684,-117.943,0.2041688954651024
15960,1128,35.47954,-117.68212,1.389886594838588
15961,1128,33.881,-118.176,0.2811095239320534
15962,1128,34.3656,-117.36683,-2.043041294587314
15963,1128,33.3516,-116.5615,-0.6604907964635897
15964,1128,34.005,-117.562,-0.6689556405105923
15965,1128,33.808,-116.968,0.5145029191553792
15966,1128,34.22362,-118.05832,0.7038252464902512
15967,1128,33.788,-117.844,0.372905586321628
15968,1128,33.94539,-117.92372,0.483125927204448
15969,1128,32.608,-116.93,1.1947891670666104
15970,1128,34.1484,-118.1711,-2.363439531176552
15972,1128,33.96273,-118.43702,0.1719518158819404
15973,1128,34.1207,-117.63808,-0.6320778755314314
15975,1128,33.354,-116.863,-0.6964325608171351
15976,1128,33.7953,-117.60906,-1.3781656259343091
15977,1128,33.63,-116.8478,1.4413278575492494
15979,1128,34.10473,-117.97956,-1.197657762583111
15980,1128,33.74346,-118.40412,0.237791816258413
15981,1128,34.87533,-116.99684,-0.147721692765243
15982,1128,33.97327,-117.32674,0.170244280573469
15983,1128,34.05073,-118.08085,-0.0145625157684025
15984,1128,33.99351,-117.37545,-0.8934000171557388
15985,1128,33.70432,-117.88578,-0.6305041863944599
15986,1128,34.232,-117.235,-0.6998689145772891
15987,1128,33.553,-117.662,-1.8692601009996883
15988,1128,35.89095,-117.28332,0.8397752488895611
15989,1128,34.01438,-118.45617,0.361907339484412
15990,1128,34.05933,-118.64614,-0.4799511806840862
15991,1128,33.829,-117.789,-0.0636101324858285
15992,1128,34.30302,-119.18676,1.5290031414924894
15993,1128,33.664,-117.769,-1.0547935268665691
15994,1128,34.38203,-117.67822,0.0288651448609962
15995,1128,34.08377,-118.599,-0.3528189294782142
15996,1128,33.63495,-116.16402,0.4362971050934034
15997,1128,34.01919,-118.28631,-0.3477644444934326
15998,1128,34.48364,-118.11783,1.0568709717526814
15999,1128,34.00948,-117.95077,-1.0780707181428135
16001,1128,34.1717,-118.64971,2.295834575184046
16033,1130,37.40701,-122.0946,0.3383693677071179
16034,1130,37.54187,-122.30471,0.0272928036627605
16035,1130,37.66,-121.873,-0.3398859458532033
16036,1130,37.68,-121.739,-1.207907042526014
16037,1130,37.40718,-122.00001,-0.8865170727439496
16038,1130,37.27117,-121.98617,-0.7905970569137858
16039,1130,37.59268,-122.07449,0.0689549521053796
16040,1130,37.71737,-121.72701,-0.6311524279472034
16041,1130,37.67928,-122.48405,1.82197924747067
16042,1130,37.91056,-122.53778,1.7835939170701958
16043,1130,38.03445,-122.27016,-1.6627486678955308
16044,1130,37.71633,-122.43117,2.2682654957335395
16045,1130,37.72416,-122.44841,1.4011084276310042
16046,1130,37.95397,-121.86554,-2.375493651385149
16047,1130,37.87622,-122.23558,-2.8083463215167224
16048,1130,37.91881,-122.15176,-0.8124591062528478
16049,1130,37.87352,-122.26099,-1.478837342940265
16050,1130,37.16346,-121.62645,-0.7474224541133452
16051,1130,37.85727,-122.42266,0.4987129544342464
16052,1130,37.45035,-121.80037,-1.4918625060270585
16053,1130,37.74766,-121.70843,3.723495113303416
16054,1130,37.7294,-121.83346,0.8341356888801946
16055,1130,38.03455,-120.38651,-0.4036852490850294
16056,1130,37.85884,-121.99264,-0.1866612007707009
16057,1130,37.91233,-121.90716,-0.3365903291059921
16058,1130,38.02691,-122.01599,-0.5351265709837282
16059,1130,37.34305,-122.33976,1.2305643210122297
16060,1130,37.31861,-122.15314,0.5911651657877257
16061,1130,37.17217,-122.01121,2.4705735325727733
16062,1130,37.04922,-121.80722,-0.0935327760713039
16063,1130,37.36045,-122.18986,0.6142102909696168
16064,1130,37.51604,-122.45815,2.0748517854772466
16065,1130,37.21427,-122.17168,1.532163444615549
16066,1130,37.20631,-121.97726,1.0932695596100117
16067,1130,37.63719,-122.47482,0.8954022578951543
16068,1130,37.2708,-122.21276,0.8638076034383814
16069,1130,37.19855,-122.34671,0.949053326737925
16070,1130,37.40373,-122.23868,-0.3868163450170193
16071,1130,37.58225,-122.42006,0.4047426830425851
16072,1130,37.40372,-122.17596,-0.8001885606120506
16073,1130,37.28397,-122.05017,-0.3729918007144002
16074,1130,37.58644,-122.50217,0.9555523749291432
16075,1130,37.34164,-121.64257,-1.9761823894582933
16076,1130,38.28043,-122.21582,-0.6921279155640522
16077,1130,38.16488,-122.71296,1.0112663648608862
16078,1130,38.07601,-122.2585,-0.2703155012780543
16079,1130,37.99642,-123.01949,-0.9535453678899832
16080,1130,38.2026,-121.9354,-1.4444116855836031
16081,1130,37.62211,-121.75697,-1.197677862119673
20456,1130,37.69782,-123.0011,-0.7199728243414418
20457,1130,38.87874,-122.44277,-4.225668409256643
20458,1130,39.55451,-121.50036,-1.5770193943185815
20459,1130,37.008,-121.287,-0.9787827771777164
20460,1130,35.945,-120.542,4.493927806622141
20461,1130,36.76403,-121.44722,-0.1730296446609112
20462,1130,37.28744,-121.86422,-0.6995306476949343
20463,1130,37.81647,-122.06302,-0.4289473032747881
20464,1130,37.25898,-121.67311,-2.395876416949948
20465,1130,37.9889,-122.2156,0.5328504142481333
20466,1130,37.94906,-122.40851,-0.2382093113136764
20467,1130,37.72416,-122.11929,0.1928254518062875
20468,1130,37.80787,-122.3618,0.778816943413816
20469,1130,37.12043,-122.1552,1.3771678726773149
20470,1130,37.51704,-122.37731,0.044000897227579
20471,1130,37.67433,-122.39855,1.4924197301830429
20472,1130,37.16067,-121.89899,1.7453078969872815
20473,1130,37.92144,-122.71806,1.1836710837015028
20474,1130,38.04962,-122.52331,1.6556431821731006
20475,1130,38.12282,-122.14921,-1.4419460554113197
20476,1130,37.75094,-122.49072,0.7228169510976997
20477,1130,37.76386,-122.4736,-0.0210791888677572
20478,1130,37.762,-122.505,0.0775243679061824
20479,1130,37.4748,-122.2392,-0.2047125752709005
20480,1130,37.30249,-121.97978,-0.3600434832735473
20481,1130,37.26352,-121.91617,-1.376105995298926
20482,1130,37.30143,-121.9039,-1.0176237150263878
20483,1130,37.31816,-121.94354,0.7805661955785314
20484,1130,37.3066,-121.84915,-0.1878442837576027
20485,1130,37.41702,-121.9154,-1.418321036451056
20486,1130,37.59094,-122.36741,0.2523102477194318
20487,1130,37.39415,-122.06041,-0.3816176207259603
20488,1130,37.376,-121.84367,-2.3879632481539392
20489,1130,37.45098,-122.4287,0.3534934583722564
20490,1130,37.7986,-122.2684,-0.8712697275108873
20491,1130,37.41395,-121.87085,-1.6079633782856502
20492,1130,37.6806,-121.92098,-0.5489039018893307
20493,1130,37.85835,-122.25252,-0.2639663378536106
20494,1130,37.37418,-122.0781,-1.4067422609073188
20495,1130,37.6444,-118.89683,1.6273924675703693
20496,1130,38.30988,-122.943,1.483059905927195
20497,1130,38.33656,-122.81082,1.364379030391608
20498,1130,38.04248,-122.79684,0.7072761570918168
20499,1130,38.38921,-122.66297,-1.6001668134052118
16082,1131,33.63838,-116.4011,-0.2285715567337307
16083,1131,32.68005,-116.67215,1.155941689177446
16084,1131,34.2623,-116.92075,-0.7162280522844596
16085,1131,33.921,-116.981,-0.3321740238660242
16086,1131,33.57508,-117.26119,0.6322149946186494
16088,1131,34.23883,-117.65853,-0.1627808343043816
16089,1131,34.069,-116.39,0.0953562059403995
16090,1131,33.268,-116.417,1.6471736902858471
16091,1131,33.38822,-117.19495,1.1345807109734694
16094,1131,33.876,-117.561,0.7972869110470266
16095,1131,33.655,-115.99,0.2085419165986688
16096,1131,33.93597,-116.57794,0.2829460796221928
16097,1131,33.65,-117.009,0.6089546124293631
16098,1131,33.567,-116.631,0.7546071462118984
16099,1131,32.999,-116.942,1.1304481786302647
16100,1131,33.1537,-117.22921,0.6954251091688286
16101,1131,34.8294,-116.335,-0.0739350333438259
16102,1131,33.0859,-116.5959,0.3095389615840159
16103,1131,34.36622,-116.61266,1.2121648832065288
16104,1131,33.597,-117.879,-2.457161404138513
16105,1131,34.93439,-117.69629,-0.4133039770037664
16106,1131,34.3656,-117.36683,-2.2685606785262524
16108,1131,33.818,-116.369,1.181724392018235
16109,1131,34.005,-117.562,0.4777867259940653
16110,1131,33.808,-116.968,0.3851325461407786
16111,1131,34.22362,-118.05832,0.4929199971340121
16112,1131,34.78035,-116.55798,0.011491631884526
16113,1131,32.608,-116.93,1.0066411996472944
16114,1131,34.6145,-118.7235,-2.495810563351598
16115,1131,34.1207,-117.63808,-1.4469444097735662
16116,1131,33.862,-117.205,-1.438543920119845
16117,1131,33.82436,-116.51195,0.2590388421164728
16118,1131,33.354,-116.863,0.8312425925123897
16119,1131,33.74346,-118.40412,-0.3893655140822959
16120,1131,34.87533,-116.99684,-0.2253840790067775
16121,1131,33.973,-117.327,0.7239598604093457
16122,1131,33.97327,-117.32674,0.2278915932512687
16123,1131,34.05073,-118.08085,0.3915716057241804
16124,1131,33.99351,-117.37545,-0.476706125123885
16125,1131,33.2801,-115.98585,-0.0931449032117864
16126,1131,34.232,-117.235,-1.2328389439641003
16127,1131,33.553,-117.662,-1.7870970353705782
16128,1131,32.784,-117.13805,0.7892563262176572
16130,1131,33.834,-116.797,1.0010221521368223
16131,1131,34.05933,-118.64614,-1.3449147132244088
16132,1131,33.664,-117.769,-1.264831390782669
16133,1131,34.106,-117.098,0.3262006839251248
16134,1131,34.38203,-117.67822,-0.65271308022999
16135,1131,34.48364,-118.11783,0.3906294745239016
16136,1131,34.56065,-117.3296,0.8751130688856648
16137,1132,33.787,-118.356,-0.482157858405314
16138,1132,34.084,-118.6,-0.885886780236378
16139,1132,33.943,-118.411,0.2107463083856272
16140,1132,34.155,-118.641,-1.0850987157675376
16141,1132,34.14647,-118.76699,-0.4477938993326222
16142,1132,34.68708,-118.29946,-0.5897515372892131
16143,1132,35.1269,-118.83009,-1.0981915239089424
16144,1132,34.2623,-116.92075,0.2334721751096361
16145,1132,33.80776,-117.98116,-0.2656289256143873
16146,1132,33.38822,-117.19495,0.8182962487391456
16148,1132,33.4019,-118.41502,0.6448132331770067
16149,1132,34.25353,-118.33383,-0.5684540050520224
16150,1132,33.65,-117.009,0.8763069442421132
16151,1132,34.10618,-118.45505,0.0585536765476867
16153,1132,33.71264,-118.29381,-2.167519362559485
16154,1132,33.1537,-117.22921,0.3407754116743499
16155,1132,34.13677,-118.1283,-0.3381807635339121
16156,1132,33.86889,-118.33143,-0.6927281194658973
16157,1132,34.00033,-118.37794,0.0635963175427083
16158,1132,34.9906,-118.34156,0.2378642440605203
16159,1132,34.30529,-118.48805,0.2835269346685213
16160,1132,33.9753,-118.14918,-0.4129911300470825
16161,1132,34.10819,-119.06587,-1.078426518848688
16162,1132,34.80762,-118.86775,-1.1873332680765667
16163,1132,33.684,-117.943,0.2008693871135586
16164,1132,34.93439,-117.69629,-0.0592302754082307
16165,1132,34.3656,-117.36683,-0.4603651102922245
16166,1132,34.22362,-118.05832,0.7937922188258261
16167,1132,34.53412,-120.17737,-0.1996335497687119
16168,1132,34.22869,-118.55829,0.2800187579935287
16169,1132,33.94539,-117.92372,-0.2866924831614301
16170,1132,34.6145,-118.7235,-2.1598444953909346
16171,1132,34.1484,-118.1711,-1.642276608168476
16172,1132,34.44199,-118.58215,-0.1972680779199766
16173,1132,33.96273,-118.43702,1.9656280492461813
16174,1132,34.1207,-117.63808,-0.5750854652292386
16175,1132,34.281,-118.478,2.2229238861888634
16176,1132,33.74346,-118.40412,-0.5794286606381337
16177,1132,34.87533,-116.99684,-0.2369339877417136
16178,1132,33.97327,-117.32674,1.5916809389468265
16179,1132,34.05073,-118.08085,1.051303739222518
16180,1132,33.99351,-117.37545,0.9494875874804614
16183,1132,32.915,-118.4879,1.4767317500393298
16184,1132,33.99543,-119.6351,0.8787676409240882
16185,1132,33.553,-117.662,0.1280357756277459
16187,1132,34.43692,-119.1375,-2.223761848247032
16188,1132,34.01438,-118.45617,0.7991101907673297
16189,1132,34.27091,-118.74407,-1.960621020151857
16190,1132,33.24787,-119.52437,0.8106138776754177
16191,1132,34.05933,-118.64614,-0.6936802678571171
16192,1132,33.829,-117.789,0.2400427323180506
16193,1132,34.30302,-119.18676,0.4383479597672193
16194,1132,33.664,-117.769,0.1216630021406737
16195,1132,33.79033,-118.19878,-0.1421242086359961
16196,1132,34.106,-117.098,1.3196085641874515
16197,1132,34.38203,-117.67822,1.164565917379598
16198,1132,34.15607,-118.82039,-0.6308647378870257
16199,1132,34.01919,-118.28631,-0.583390919231012
16200,1132,34.48364,-118.11783,0.2252242206625719
16201,1132,34.56065,-117.3296,0.8421971439816935
16202,1132,34.51085,-119.27407,0.2868320507756641
16203,1132,34.00948,-117.95077,-0.1432976547509727
16204,1132,34.1717,-118.64971,1.196466228001228
16238,1134,33.1774,-115.616,-2.762608563340035
16239,1134,34.04905,-116.94032,-2.738700991735833
16240,1134,32.68005,-116.67215,0.7445776314928759
16241,1134,34.2623,-116.92075,0.0542854419184541
16242,1134,33.921,-116.981,-0.4590945646273734
16245,1134,34.069,-116.39,-0.3610850869104957
16246,1134,33.268,-116.417,0.1385633952757467
16248,1134,33.999,-117.68,-0.4812796302815121
16249,1134,33.655,-115.99,0.1133262004007775
16250,1134,34.63745,-115.38115,-0.2598233681065391
16251,1134,34.25353,-118.33383,-0.5607996761823181
16252,1134,33.93597,-116.57794,-0.0116505866745911
16253,1134,33.65,-117.009,1.0116334075137916
16254,1134,33.567,-116.631,-0.1692459328123905
16255,1134,32.999,-116.942,2.1127924671830662
16256,1134,32.65915,-116.10061,1.286127404814781
16259,1134,33.11675,-115.82267,0.8842088128984158
16260,1134,33.71264,-118.29381,-2.320634517000801
16261,1134,33.051,-114.827,-1.2892439604842103
16263,1134,33.1537,-117.22921,0.2075524843137645
16264,1134,34.8294,-116.335,-1.2748146152288244
16266,1134,34.36622,-116.61266,0.788381567883793
16267,1134,34.9906,-118.34156,0.1810682396309824
16268,1134,33.684,-117.943,0.9615469312915108
16269,1134,34.3656,-117.36683,-1.5674662300789148
16271,1134,33.808,-116.968,1.6102864436707858
16272,1134,33.6,-117.195,1.2653554957186568
16273,1134,34.22362,-118.05832,0.2385082363095879
16274,1134,34.76759,-114.61881,1.577347387531406
16275,1134,33.556,-115.946,1.0645380001776743
16276,1134,33.94539,-117.92372,-0.1547766693461175
16277,1134,32.608,-116.93,0.5964057971571447
16278,1134,34.1207,-117.63808,-0.1698865926278406
16279,1134,33.862,-117.205,0.1969361876324971
16281,1134,33.354,-116.863,-1.4072682515015211
16282,1134,33.7953,-117.60906,-0.6641380031525457
16284,1134,33.824,-116.55,0.2101507213608104
16285,1134,34.09181,-117.80709,-1.3981839281182429
16286,1134,33.63,-116.8478,1.2776526554144851
16287,1134,33.74346,-118.40412,0.0448674177396375
16288,1134,33.97327,-117.32674,0.8146644763441482
16289,1134,33.99351,-117.37545,0.438774643656961
16290,1134,33.183,-115.623,-1.1691884130804928
16291,1134,33.2801,-115.98585,0.4635094321312205
16293,1134,34.232,-117.235,-0.272907394921472
16294,1134,33.553,-117.662,0.0486986400130298
16295,1134,32.784,-117.13805,0.5463067347164885
16297,1134,32.9333,-115.7039,-0.7146369944632098
16298,1134,32.944,-115.718,-0.621173226451121
16299,1134,33.834,-116.797,0.3591635085112727
16300,1134,34.05933,-118.64614,-1.585363748914361
16301,1134,33.829,-117.789,-0.4982791289188482
16302,1134,33.664,-117.769,0.3111324346775251
16303,1134,34.106,-117.098,0.4937599997104469
16304,1134,32.94508,-115.79988,0.133936374046896
16305,1134,34.38203,-117.67822,0.7050353911748771
16307,1134,34.48364,-118.11783,0.4237801535367471
16308,1134,34.56065,-117.3296,1.506854445906633
16309,1134,32.75904,-115.73161,0.9568306534469
16310,1134,34.00948,-117.95077,0.0140924854215683
16311,1135,34.3968,-119.299,-0.444082388964774
16312,1135,34.68708,-118.29946,0.6790874549932917
16313,1135,35.1269,-118.83009,-1.367337289944111
16314,1135,34.2623,-116.92075,0.4491024175043233
16315,1135,34.23883,-117.65853,-0.0217524322469947
16316,1135,34.68224,-118.57398,2.320573273504521
16317,1135,33.38822,-117.19495,0.3167968061826483
16318,1135,35.30819,-119.84583,-0.3823692243614048
16319,1135,36.5504,-117.80295,0.5451941983452768
16321,1135,33.4019,-118.41502,0.0963029667830841
16322,1135,36.43988,-118.08016,3.3547906122255733
16323,1135,34.25353,-118.33383,-0.5574940362959235
16324,1135,33.65,-117.009,0.7588146034478405
16325,1135,34.10618,-118.45505,-0.7135159705599244
16326,1135,33.567,-116.631,0.6214639399843235
16328,1135,34.72832,-119.98803,-2.130715667538895
16329,1135,33.71264,-118.29381,-1.7611751575086072
16330,1135,33.1537,-117.22921,1.248834586183963
16331,1135,35.66278,-118.47403,0.4070569273021366
16332,1135,33.86889,-118.33143,0.8817265915935651
16333,1135,34.73551,-120.27996,-0.1231029448583862
16334,1135,34.9906,-118.34156,0.7437883589714711
16335,1135,34.30529,-118.48805,0.408973585838662
16336,1135,34.10819,-119.06587,-0.8267578280337112
16337,1135,34.80762,-118.86775,-0.0761759713827905
16338,1135,34.93439,-117.69629,0.3731829511995919
16339,1135,34.3656,-117.36683,-0.5177462853213156
16340,1135,34.005,-117.562,1.4149108985134775
16341,1135,34.28085,-118.9049,-1.2270062700660458
16342,1135,34.81258,-119.1453,0.300664380723755
16343,1135,34.88848,-119.81362,-0.204258742697475
16344,1135,33.6,-117.195,1.2443828934720895
16345,1135,34.53412,-120.17737,-0.9214163360740092
16346,1135,33.94539,-117.92372,0.1755679356696241
16347,1135,34.6145,-118.7235,0.3719970725380073
16348,1135,34.44199,-118.58215,-0.6769200929702539
16349,1135,34.1207,-117.63808,-0.2456268131934053
16350,1135,35.40773,-120.54556,0.9715858110652932
16351,1135,35.945,-120.542,-1.3365044345410746
16352,1135,34.09181,-117.80709,-0.0596219800882564
16353,1135,34.39558,-118.49837,-0.5226154001934699
16354,1135,36.30523,-119.24384,0.4274104737246607
16355,1135,34.281,-118.478,0.5220134499575552
16356,1135,34.10473,-117.97956,-0.4461950983109652
16357,1135,33.74346,-118.40412,1.1422668266631857
16358,1135,34.05073,-118.08085,0.231540845163743
16359,1135,33.99351,-117.37545,0.6167791672582285
16361,1135,34.44076,-119.71492,-1.5027155682383695
16362,1135,33.99543,-119.6351,-0.2072555429137638
16363,1135,34.43692,-119.1375,-1.2629947538515691
16364,1135,34.293,-119.1646,-1.553440503609825
16365,1135,35.3142,-119.99581,-1.0412110805492232
16366,1135,34.05933,-118.64614,-0.4075950024662815
16368,1135,33.829,-117.789,-0.2472764489793066
16369,1135,34.30302,-119.18676,0.1795837387801196
16370,1135,34.106,-117.098,0.8677196627896834
16371,1135,34.52775,-119.97834,-2.1771904748033686
16372,1135,34.38203,-117.67822,0.0538924695128074
16374,1135,35.14592,-119.41946,-0.7184372778653292
16375,1135,34.48364,-118.11783,0.6476559291828615
16376,1135,35.84089,-119.08469,-0.1020852957609019
16377,1135,35.53664,-118.14035,-0.4278014004753768
16378,1135,34.51085,-119.27407,-0.8526075906934706
16379,1135,34.00948,-117.95077,0.5530990207780585
16380,1135,34.1717,-118.64971,0.5121341163469034
16397,1137,37.27117,-121.98617,-1.1793597761208647
16398,1137,37.67928,-122.48405,2.0054392686441243
16399,1137,38.03445,-122.27016,-0.9682857326826402
16400,1137,37.86059,-122.29327,-0.0035880376429298
16401,1137,37.85835,-122.25252,0.9399977269679562
16402,1137,37.87622,-122.23558,-0.8679422043234449
16403,1137,37.91881,-122.15176,3.2953608276331607
16404,1137,37.87352,-122.26099,0.1471821286425323
16405,1137,37.16346,-121.62645,0.3186032597590384
16406,1137,37.85727,-122.42266,0.951893019039041
16407,1137,37.45035,-121.80037,-2.117885900766004
16408,1137,37.74766,-121.70843,0.7253459659314553
16409,1137,37.7294,-121.83346,0.1261595328222261
16410,1137,37.85884,-121.99264,0.1533964117405324
16411,1137,37.91233,-121.90716,1.3235431171391203
16412,1137,38.02691,-122.01599,-1.0062646021998418
16413,1137,37.17217,-122.01121,1.854657238261184
16414,1137,37.51604,-122.45815,0.9176078223396849
16415,1137,37.21427,-122.17168,-0.0025190847840738
16416,1137,37.20631,-121.97726,0.7636149014884754
16417,1137,37.63719,-122.47482,0.0546711044242504
16418,1137,37.2708,-122.21276,0.0687680338733412
16419,1137,37.19855,-122.34671,1.397098287428034
16420,1137,37.40372,-122.17596,-1.321242559679085
16421,1137,37.58644,-122.50217,0.9171575476419368
16422,1137,38.30988,-122.943,2.387536631570596
16423,1137,38.33656,-122.81082,1.526286542925568
16424,1137,38.28043,-122.21582,-1.102382275933412
16425,1137,38.16488,-122.71296,1.0028128775915686
16426,1137,38.6694,-122.6332,-1.200679487609713
16427,1137,38.07601,-122.2585,0.1623222970274403
20400,1137,38.03455,-120.38651,-1.1687327358257371
20401,1137,37.69782,-123.0011,0.9073457692038828
20402,1137,38.99349,-123.07234,-4.671359919951366
20403,1137,37.34164,-121.64257,-1.82696381494242
20404,1137,38.87874,-122.44277,-2.648640863718599
20405,1137,37.008,-121.287,-0.7634353074820783
20406,1137,37.91608,-122.33607,-0.0449294406868607
20407,1137,36.76403,-121.44722,-3.067369626998953
20408,1137,37.81647,-122.06302,-0.1806262708327178
20409,1137,37.94906,-122.40851,1.0113248675269673
20410,1137,37.72416,-122.11929,0.0104906601720308
20411,1137,37.80787,-122.3618,3.227908330696617
20412,1137,37.12043,-122.1552,-0.0181314442102915
20413,1137,37.51704,-122.37731,-0.4464714809698983
20414,1137,37.67433,-122.39855,0.026814357248353
20415,1137,37.16067,-121.89899,2.0140354695420486
20416,1137,38.12282,-122.14921,-0.2235063903941158
20417,1137,37.76021,-122.41524,0.6077766777796596
20418,1137,37.77737,-122.39689,0.0675605577858359
20419,1137,37.75094,-122.49072,-0.4841042373393163
20420,1137,37.76386,-122.4736,0.2472383632243003
20421,1137,37.762,-122.505,0.6089695324243378
20422,1137,37.54187,-122.30471,-1.0157578612210798
20423,1137,37.74664,-122.38679,-0.2839238385075865
20424,1137,37.376,-121.84367,-1.3957718832206176
20425,1137,37.45098,-122.4287,0.353126239687811
20426,1137,37.59268,-122.07449,-0.099070919950459
20427,1137,37.71737,-121.72701,-1.9585301517920133
20428,1137,37.91056,-122.53778,0.7842338219545684
20429,1137,37.88767,-122.29916,0.6701379907856205
20430,1137,37.74484,-122.40134,-0.4777311127148868
20431,1137,37.77934,-122.486,-0.3981164684069505
20432,1137,37.81076,-122.29252,-0.2067516499500598
20433,1137,37.8251,-122.27606,-0.5085568666130041
20434,1137,37.7986,-122.2684,-0.8793000391311315
20435,1137,37.41395,-121.87085,-1.0872688271104334
20436,1137,37.6806,-121.92098,-1.0090219464249273
20437,1137,37.34305,-122.33976,1.246373050176678
20438,1137,37.15432,-121.73467,0.5958705439828553
20439,1137,37.58225,-122.42006,0.4431209106690719
20440,1137,37.28397,-122.05017,-0.9428927847099052
20441,1137,37.65909,-118.97907,1.6836390892910382
20442,1137,38.43951,-122.25272,-1.2821782429443291
20443,1137,38.46769,-122.89651,-0.2620216214077492
20444,1137,38.15486,-121.80438,-0.8989344467575056
20445,1137,38.04248,-122.79684,1.3114406565382757
16428,1138,37.75094,-122.49072,-0.7384001338632735
16429,1138,37.54187,-122.30471,-0.7024636152655978
16430,1138,37.30143,-121.9039,-1.0414087311811375
16431,1138,37.68,-121.739,-1.30611550733676
16432,1138,37.34655,-121.80774,-1.0516342489628274
16433,1138,37.27117,-121.98617,-1.2060243685900425
16434,1138,37.67928,-122.48405,1.0987639733878274
16435,1138,37.91056,-122.53778,1.387599716586569
16436,1138,38.03445,-122.27016,0.0809212485822277
16437,1138,37.71633,-122.43117,0.9475508900022064
16438,1138,37.7986,-122.2684,0.8426879552289998
16439,1138,37.6806,-121.92098,-0.1674526770748697
16440,1138,37.86059,-122.29327,-0.6311811800730041
16441,1138,37.85835,-122.25252,0.5268282239697927
16442,1138,37.68873,-121.78351,0.0573600884876164
16443,1138,37.72688,-122.15092,-0.8343553553866639
16444,1138,37.8852,-122.03217,0.7005258286411257
16445,1138,37.94215,-121.93047,0.5859506699358579
16446,1138,38.01299,-122.13416,1.8867343519271784
16447,1138,37.66666,-121.85715,-0.7146684166943383
16448,1138,37.95397,-121.86554,-1.3795005990737172
16449,1138,37.91881,-122.15176,0.114768230017089
16450,1138,37.87352,-122.26099,-0.5862890616322008
16451,1138,37.16346,-121.62645,0.94294030606181
16452,1138,37.85727,-122.42266,1.4785793842310135
16453,1138,37.45035,-121.80037,-1.4550196124131392
16454,1138,37.74766,-121.70843,1.1011442997201064
16455,1138,37.7294,-121.83346,0.2841349466653297
16456,1138,37.73786,-122.06486,1.0414098604355446
16457,1138,37.81041,-121.80272,0.3030560864136412
16458,1138,37.9889,-122.2156,2.0940643677663253
16459,1138,37.94906,-122.40851,0.6541543380351951
16460,1138,37.85884,-121.99264,1.65324514810946
16461,1138,37.91233,-121.90716,0.6981056946460795
16462,1138,38.02691,-122.01599,-0.6243229450276476
16463,1138,37.62359,-121.83641,0.137827402514085
16464,1138,38.34526,-122.4584,-0.3565246039957164
16465,1138,37.80787,-122.3618,-0.2690241382947126
16466,1138,37.69782,-123.0011,0.1930231103865218
16467,1138,36.3887,-121.5514,-0.5637261875334122
16468,1138,37.34305,-122.33976,0.7495938660504388
16469,1138,37.31861,-122.15314,-1.1972552361642783
16470,1138,37.17217,-122.01121,1.9932928018459035
16471,1138,37.36045,-122.18986,-0.8331561485667183
16472,1138,37.51604,-122.45815,2.217346874164512
16473,1138,37.21427,-122.17168,0.833155815095824
16474,1138,37.20631,-121.97726,1.0948738842244703
16475,1138,37.15432,-121.73467,1.0589982780481622
16476,1138,37.63719,-122.47482,0.8450280399792076
16477,1138,37.2708,-122.21276,-0.2384472229170928
16478,1138,37.79499,-122.4746,-0.8605132610232907
16479,1138,37.19855,-122.34671,0.4785354632939257
16480,1138,37.58225,-122.42006,2.4030927942566778
16481,1138,37.40372,-122.17596,-1.465439228415771
16482,1138,37.58644,-122.50217,0.6803982773923624
16483,1138,37.16067,-121.89899,0.7491032302094646
16484,1138,38.14478,-122.88018,-0.3335877522794035
16485,1138,37.34164,-121.64257,-1.7938313301664417
16486,1138,38.87874,-122.44277,-2.5063133287622064
16487,1138,38.43951,-122.25272,-0.5118638518536104
16488,1138,37.92144,-122.71806,0.7823070257158142
16489,1138,38.26021,-122.55179,-1.360028331713223
16490,1138,38.00198,-122.47466,-0.2001011073400136
16491,1138,38.30988,-122.943,2.525997978514276
16492,1138,38.33656,-122.81082,2.256864618336431
16493,1138,38.46769,-122.89651,0.2250711815342644
16494,1138,38.28043,-122.21582,-0.3151600253961703
16495,1138,38.04962,-122.52331,0.7541077403253122
16496,1138,38.16488,-122.71296,1.1980333375874903
16497,1138,38.12282,-122.14921,0.4536392672765186
16498,1138,38.07601,-122.2585,1.0642214837795083
16499,1138,38.04248,-122.79684,1.381163121832245
16500,1138,37.99642,-123.01949,0.5536334059795728
16501,1138,37.92371,-122.59649,0.3497087454660572
16502,1138,38.14361,-122.44969,-1.110585155860404
16503,1138,38.24039,-122.79842,0.2772073122771718
16504,1138,38.38921,-122.66297,-0.3802924903719565
16505,1138,37.91608,-122.33607,0.6954786265286215
16506,1138,37.28744,-121.86422,-0.0746518816897149
16507,1138,37.62211,-121.75697,-1.1067847078302016
21368,1138,38.03455,-120.38651,-1.4700395591514934
21369,1138,36.68011,-119.02282,1.3653074709741626
21370,1138,38.99349,-123.07234,-4.181980304488178
21371,1138,39.55451,-121.50036,-0.2872624460042969
21372,1138,37.008,-121.287,-0.3506984532602808
21373,1138,35.945,-120.542,-2.0964726344043663
21374,1138,37.81647,-122.06302,1.0937524088475483
21375,1138,37.72416,-122.11929,0.6080809446944085
21376,1138,37.51704,-122.37731,-0.8421122839552709
21377,1138,37.67433,-122.39855,0.3431085873494189
21378,1138,38.233,-122.636,1.323617946212118
21379,1138,37.76021,-122.41524,-0.128026370658228
21380,1138,37.76386,-122.4736,0.2342480369708738
21381,1138,37.762,-122.505,-0.1266908607662665
21382,1138,37.4748,-122.2392,0.066678762986793
21383,1138,37.26352,-121.91617,-1.6149648342524474
21384,1138,37.31816,-121.94354,-1.0262225462066352
21385,1138,37.59094,-122.36741,-0.4205546754972677
21386,1138,37.74664,-122.38679,-0.8634815571876503
21387,1138,37.376,-121.84367,-1.7206357846828235
21388,1138,37.59268,-122.07449,-0.7062434912829005
21389,1138,37.71737,-121.72701,-1.4020244870512115
21390,1138,37.74484,-122.40134,-1.1400092496283432
21391,1138,37.81076,-122.29252,-0.331744983618354
21392,1138,37.8251,-122.27606,-1.2009619722430374
21393,1138,37.41395,-121.87085,-1.3487340566209562
21394,1138,38.29027,-122.46125,-0.4998104878009288
21395,1138,37.37289,-121.76887,-2.002554079572452
21396,1138,37.12043,-122.1552,1.9082856566622977
21397,1138,38.15486,-121.80438,-1.743179669646748
21398,1138,38.20025,-122.4644,-0.4983994695610454
16508,1139,34.68708,-118.29946,-1.627090603843754
16509,1139,35.1269,-118.83009,-2.23853604291726
16510,1139,33.921,-116.981,-1.149517586620954
16512,1139,33.268,-116.417,0.8364854753010215
16513,1139,34.68224,-118.57398,-0.3114981017548583
16514,1139,33.38822,-117.19495,2.2351361170179502
16515,1139,35.52495,-117.36453,0.0901643234797605
16517,1139,33.999,-117.68,-0.8163177036267869
16518,1139,33.4019,-118.41502,0.933696910940364
16519,1139,34.093,-117.317,0.2915328034699159
16520,1139,33.876,-117.561,1.7842763114626408
16521,1139,33.655,-115.99,-0.2392401305150439
16522,1139,34.25353,-118.33383,-0.484004669680771
16523,1139,33.65,-117.009,1.7472382860503193
16524,1139,34.10618,-118.45505,-1.5471227357685056
16525,1139,33.567,-116.631,0.7523776453215816
16526,1139,32.999,-116.942,1.5753336119090646
16529,1139,33.71264,-118.29381,-2.366919100276493
16530,1139,34.1,-117.439,0.9071276912361514
16531,1139,33.1537,-117.22921,1.0920971100487054
16532,1139,35.30177,-116.80574,-0.2629796437621673
16533,1139,34.8294,-116.335,0.5196078517271618
16534,1139,33.0859,-116.5959,0.1919021188526609
16535,1139,34.36622,-116.61266,0.4284247170686411
16536,1139,34.9906,-118.34156,-0.6424440854958228
16537,1139,34.80762,-118.86775,-1.2464769685960568
16538,1139,33.684,-117.943,-0.595174157416483
16539,1139,35.47954,-117.68212,0.9193922747715102
16540,1139,34.3656,-117.36683,-1.3984283504908597
16541,1139,34.005,-117.562,0.2531705450152253
16542,1139,33.6,-117.195,2.137696370558332
16543,1139,34.22362,-118.05832,0.1736554590127828
16544,1139,33.94539,-117.92372,1.156246735046062
16545,1139,34.1484,-118.1711,-1.157634637433024
16546,1139,34.1207,-117.63808,-0.1535143538904403
16547,1139,33.862,-117.205,0.338296405779558
16549,1139,33.354,-116.863,0.3010563196630199
16550,1139,33.7953,-117.60906,-0.5648552357726649
16551,1139,34.09181,-117.80709,-1.6345491698861954
16552,1139,33.63,-116.8478,2.3738537128321706
16553,1139,33.74346,-118.40412,0.1168383591956397
16554,1139,34.87533,-116.99684,-0.4327770386553163
16555,1139,33.973,-117.327,1.550392602766733
16556,1139,33.97327,-117.32674,0.7382989890164696
16557,1139,33.99351,-117.37545,-0.3659478388238075
16559,1139,33.553,-117.662,-1.1013079841975832
16561,1139,35.89095,-117.28332,0.6052377346199292
16562,1139,33.834,-116.797,0.6113802362554797
16563,1139,33.829,-117.789,-1.1524940511474364
16564,1139,33.664,-117.769,0.2115948121762891
16565,1139,34.38203,-117.67822,-0.0975672751595693
16567,1139,34.48364,-118.11783,-0.6687231668708813
16568,1140,34.224,-117.331,-1.3892130737837007
16569,1140,34.037,-118.178,1.8800686311235768
16570,1140,34.04905,-116.94032,-3.989092495090163
16571,1140,34.55046,-117.43391,0.1637425108719649
16572,1140,34.68708,-118.29946,0.8929977515531479
16573,1140,35.1269,-118.83009,-0.5011921788459734
16574,1140,32.68005,-116.67215,2.825519868545293
16575,1140,34.2623,-116.92075,-0.6854136351517865
16576,1140,33.921,-116.981,-0.6755219481898259
16578,1140,34.23883,-117.65853,-0.3203587427518741
16579,1140,34.069,-116.39,-0.5840519213518766
16580,1140,33.268,-116.417,0.2849269140981764
16581,1140,33.80776,-117.98116,0.2368101515296947
16582,1140,34.68224,-118.57398,1.71857085453964
16583,1140,33.38822,-117.19495,1.0712386716252165
16584,1140,35.52495,-117.36453,-0.8939160521847089
16586,1140,33.999,-117.68,0.7792553885752792
16587,1140,33.4019,-118.41502,0.9996517139732468
16589,1140,34.093,-117.317,0.2199347349610206
16590,1140,33.876,-117.561,1.5915920221966062
16591,1140,34.25353,-118.33383,-0.188717033099789
16592,1140,33.93597,-116.57794,0.0788605576242053
16593,1140,33.65,-117.009,1.772046215438838
16594,1140,34.10618,-118.45505,-1.051498489472683
16595,1140,33.567,-116.631,0.9761202175476156
16596,1140,32.999,-116.942,1.283206567500118
16597,1140,32.65915,-116.10061,0.4375097819050331
16600,1140,33.71264,-118.29381,-2.846504190627263
16601,1140,34.1,-117.439,0.1942234775251093
16602,1140,33.8717,-117.92251,-0.2601136094586996
16603,1140,33.1537,-117.22921,-0.0190591868079312
16604,1140,35.66278,-118.47403,-0.6815524897881446
16605,1140,33.0859,-116.5959,0.2415002424081715
16606,1140,34.36622,-116.61266,0.6065518054426816
16607,1140,33.7141,-116.7119,-0.083007319665584
16608,1140,33.798,-118.08837,0.0427948110455581
16609,1140,35.13066,-115.18416,-0.7204687805277747
16610,1140,33.9753,-118.14918,-0.101461750396583
16611,1140,34.80762,-118.86775,-0.935689803337166
16612,1140,33.684,-117.943,0.1338174570986069
16613,1140,34.93439,-117.69629,-4.110152239511583
16614,1140,35.47954,-117.68212,0.665015147904777
16615,1140,34.3656,-117.36683,-1.360716600600523
16616,1140,33.3516,-116.5615,-1.1590791639765128
16618,1140,33.818,-116.369,1.2038676220550792
16619,1140,34.005,-117.562,0.0332429555454626
16620,1140,33.808,-116.968,1.6368387418575354
16621,1140,33.6,-117.195,0.986316917813319
16622,1140,34.22362,-118.05832,0.8951232704803899
16623,1140,33.94539,-117.92372,0.7327543619080421
16624,1140,32.608,-116.93,0.9313728633230582
16625,1140,34.1484,-118.1711,-1.7329847169787291
16626,1140,34.1207,-117.63808,0.3847402802051639
16627,1140,33.862,-117.205,1.0361028703774453
16629,1140,33.354,-116.863,-0.7563600625180663
16630,1140,33.7953,-117.60906,-0.992743430887008
16632,1140,33.824,-116.55,-0.258220715676323
16633,1140,34.09181,-117.80709,-0.121670585327596
16634,1140,33.63,-116.8478,1.8906783876343576
16635,1140,34.281,-118.478,1.8872456864269416
16636,1140,33.74346,-118.40412,-0.3169132338798299
16637,1140,34.87533,-116.99684,-0.5500703990645702
16638,1140,34.05073,-118.08085,0.5328734153881206
16639,1140,33.99351,-117.37545,-0.0905145630181015
16641,1140,34.232,-117.235,-0.6259457320287162
16642,1140,32.915,-118.4879,0.606809637842583
16643,1140,33.553,-117.662,-2.1605289015443314
16645,1140,33.834,-116.797,0.0993867915798808
16646,1140,34.01438,-118.45617,0.4898730930068076
16647,1140,32.841,-117.248,-1.0458744092393557
16648,1140,34.05933,-118.64614,-0.9458756493534124
16650,1140,33.829,-117.789,0.7050791518389327
16651,1140,34.30302,-119.18676,0.6244696418926067
16652,1140,33.664,-117.769,-1.5421321731281747
16653,1140,34.106,-117.098,-0.3526387667175006
16654,1140,34.38203,-117.67822,-0.1650032966683231
16656,1140,34.15607,-118.82039,0.0647868384713249
16658,1140,34.48364,-118.11783,0.8042558212050142
16659,1140,35.53664,-118.14035,0.7874343164241644
16660,1140,34.00948,-117.95077,-0.2980815348042672
16806,1145,34.55046,-117.43391,-0.783860759653346
16807,1145,33.63838,-116.4011,0.4998932492034795
16808,1145,32.68005,-116.67215,1.0782884256553036
16809,1145,34.2623,-116.92075,-0.8986207909016869
16810,1145,33.921,-116.981,-0.3426654840481494
16812,1145,34.23883,-117.65853,-1.1563028406184284
16813,1145,34.069,-116.39,1.247426032248631
16814,1145,33.268,-116.417,0.931210678476249
16815,1145,33.38822,-117.19495,1.9032728651574429
16817,1145,33.655,-115.99,0.3217204970812985
16818,1145,33.93597,-116.57794,0.9655861017692118
16819,1145,33.65,-117.009,0.8116230396311853
16820,1145,33.567,-116.631,1.011475041225901
16822,1145,33.1537,-117.22921,1.9175569928602088
16823,1145,35.30177,-116.80574,-0.6191348338935116
16824,1145,34.8294,-116.335,0.2876910457401204
16826,1145,34.9906,-118.34156,0.8141040881797942
16827,1145,34.93439,-117.69629,-0.4404114732854606
16828,1145,35.47954,-117.68212,0.2050911565412263
16829,1145,34.3656,-117.36683,-1.9263650662278893
16831,1145,34.22362,-118.05832,0.1212272802683321
16832,1145,34.78035,-116.55798,1.51282026333359
16833,1145,33.94539,-117.92372,-0.9283480938434142
16834,1145,34.6145,-118.7235,-1.9109418930387592
16835,1145,34.1484,-118.1711,-1.9016970774968327
16836,1145,34.1207,-117.63808,-1.534938753352351
16837,1145,33.862,-117.205,0.7899423317066684
16839,1145,33.354,-116.863,0.8813707257607347
16840,1145,33.7953,-117.60906,-1.326932542273716
16841,1145,33.63,-116.8478,1.2661818089406522
16842,1145,34.87533,-116.99684,-1.1707669239988676
16843,1145,33.97327,-117.32674,1.0622307266493505
16844,1145,33.99351,-117.37545,-0.198600781192306
16845,1145,33.2801,-115.98585,1.2740988063811152
16846,1145,34.232,-117.235,-0.5480008326160244
16847,1145,33.553,-117.662,-1.4488178020446287
16849,1145,35.89095,-117.28332,0.1406816128630575
16850,1145,33.834,-116.797,0.9895558917183918
16851,1145,33.829,-117.789,-0.7152388963193089
16852,1145,32.94508,-115.79988,0.8788636812419292
16853,1145,34.38203,-117.67822,-0.0848735662028941
16856,1145,35.53664,-118.14035,-0.4272828992405639
16857,1146,34.04905,-116.94032,-4.250610092498842
16858,1146,34.55046,-117.43391,-0.4569928527563923
16859,1146,34.68708,-118.29946,-0.5730646333524501
16860,1146,35.1269,-118.83009,-0.8837883079381719
16861,1146,32.68005,-116.67215,2.941231551946579
16862,1146,34.2623,-116.92075,0.2646421788019027
16864,1146,34.069,-116.39,0.1635976692430218
16865,1146,34.68224,-118.57398,0.4962326809753311
16866,1146,33.38822,-117.19495,1.3575822119915435
16868,1146,33.999,-117.68,-1.782494984273286
16869,1146,33.4019,-118.41502,1.3966772632325704
16871,1146,34.25353,-118.33383,-0.7874049254630872
16872,1146,33.65,-117.009,0.9632015682444094
16873,1146,34.10618,-118.45505,-1.60172403756133
16874,1146,33.567,-116.631,1.2992490117993072
16877,1146,33.71264,-118.29381,-1.2311235243274792
16878,1146,33.1537,-117.22921,0.908340857567372
16879,1146,35.30177,-116.80574,0.0446664773017106
16880,1146,34.8294,-116.335,0.8295843811491683
16882,1146,35.66278,-118.47403,-1.6521571133556956
16883,1146,34.36622,-116.61266,1.199644832205462
16884,1146,35.13066,-115.18416,0.5374656119878312
16885,1146,34.9906,-118.34156,1.084142537463839
16886,1146,34.80762,-118.86775,0.0122998763700805
16887,1146,34.93439,-117.69629,-4.085408112961523
16888,1146,35.47954,-117.68212,0.953739125600854
16889,1146,34.3656,-117.36683,-0.2618081539707912
16891,1146,34.005,-117.562,0.3963800501907695
16892,1146,33.808,-116.968,0.962160209404904
16893,1146,33.6,-117.195,1.7759962102021314
16894,1146,34.22362,-118.05832,-0.1556189937626675
16895,1146,34.78035,-116.55798,1.7735827216575586
16896,1146,33.94539,-117.92372,0.8678082365249961
16897,1146,34.6145,-118.7235,-1.1668200797913568
16898,1146,34.1207,-117.63808,-1.7251432402700329
16899,1146,33.862,-117.205,0.4241136240015314
16901,1146,33.354,-116.863,0.9209902479801566
16902,1146,33.7953,-117.60906,-1.9382671698462648
16904,1146,34.09181,-117.80709,-1.1260666484134465
16905,1146,33.63,-116.8478,2.597373562956075
16906,1146,33.74346,-118.40412,0.8594251394731517
16907,1146,34.87533,-116.99684,-0.2985687255567867
16908,1146,33.97327,-117.32674,0.217400136832996
16909,1146,34.05073,-118.08085,-0.1202527675748116
16910,1146,33.99351,-117.37545,0.2209925652412727
16912,1146,34.232,-117.235,-0.6940526658277542
16914,1146,35.89095,-117.28332,-0.2861664911056927
16915,1146,33.834,-116.797,0.28085528901272
16916,1146,34.05933,-118.64614,-1.421494304459575
16917,1146,33.829,-117.789,-0.0982151683616373
16918,1146,34.30302,-119.18676,0.3208777562819612
16919,1146,33.664,-117.769,-1.0400138397211145
16920,1146,34.106,-117.098,0.4373341478986517
16921,1146,34.38203,-117.67822,0.7107900270167332
16924,1146,34.48364,-118.11783,0.369750284061834
16925,1146,34.56065,-117.3296,-0.3900505235212736
16926,1146,35.53664,-118.14035,0.7008782523976047
16927,1146,34.00948,-117.95077,1.1070343613096358
17064,1151,33.63838,-116.4011,-0.765927011645649
17065,1151,32.68005,-116.67215,1.2522012211828135
17066,1151,34.2623,-116.92075,-0.4666456548626005
17067,1151,33.921,-116.981,-0.3134472486017221
17070,1151,34.069,-116.39,-0.4950547648998735
17072,1151,35.52495,-117.36453,1.0622689994349148
17074,1151,33.655,-115.99,-0.2400272058503665
17075,1151,34.63745,-115.38115,0.4584845098154315
17076,1151,33.93597,-116.57794,-0.4308635818189264
17077,1151,33.65,-117.009,-0.617608762185434
17078,1151,34.10618,-118.45505,-0.8075279790432212
17079,1151,33.567,-116.631,0.0213751917586023
17080,1151,33.051,-114.827,0.4682997027610477
17081,1151,33.1537,-117.22921,0.3876731081798719
17082,1151,35.30177,-116.80574,-0.1419704822791254
17083,1151,34.8294,-116.335,-0.7143487147175626
17085,1151,33.0859,-116.5959,0.3265290478135997
17086,1151,34.36622,-116.61266,0.3445538162380328
17087,1151,35.13066,-115.18416,-0.3419249845519328
17088,1151,34.9906,-118.34156,1.1685983173436292
17089,1151,34.93439,-117.69629,0.5265412448276685
17090,1151,34.3656,-117.36683,-0.2665186902848164
17092,1151,33.818,-116.369,-0.348790232492743
17093,1151,36.05799,-117.48901,-0.5029871028066906
17095,1151,34.78035,-116.55798,0.7182057697771864
17096,1151,33.94539,-117.92372,0.3196819032027712
17097,1151,34.6145,-118.7235,-1.3472934907461835
17098,1151,34.1484,-118.1711,-1.5121421695801631
17099,1151,33.82436,-116.51195,-0.1720822954841999
17100,1151,34.87533,-116.99684,-0.1712759817725814
17101,1151,33.99351,-117.37545,0.5010139565273019
17102,1151,33.553,-117.662,-1.4840802613316175
17104,1151,35.89095,-117.28332,2.006146083120405
17105,1151,33.834,-116.797,-0.0263481371626709
17106,1151,34.05933,-118.64614,-0.863682819519687
17107,1151,33.664,-117.769,-0.6890069506457887
17108,1151,34.106,-117.098,1.2344857150593311
17109,1151,34.38203,-117.67822,0.7184022137550217
17111,1151,33.63495,-116.16402,-0.5139828677821223
17113,1151,34.48364,-118.11783,0.0663549511851909
17114,1151,34.56065,-117.3296,0.9858651548617376
17115,1151,34.00948,-117.95077,3.645880734214361
17116,1152,34.55046,-117.43391,1.102508647291627
17117,1152,34.68708,-118.29946,0.7530416483187092
17118,1152,34.2623,-116.92075,-0.3208582272625594
17120,1152,34.23883,-117.65853,0.633818989848097
17121,1152,34.069,-116.39,0.2258934762177198
17122,1152,33.80776,-117.98116,-0.2713313314946663
17123,1152,34.68224,-118.57398,1.3551054370977784
17125,1152,33.38822,-117.19495,1.8864943419744151
17126,1152,35.52495,-117.36453,-0.4925006789482999
17128,1152,33.999,-117.68,-0.9693715545684344
17129,1152,33.4019,-118.41502,1.520415480113493
17130,1152,33.876,-117.561,0.1570051863715265
17131,1152,33.655,-115.99,0.3170018898902243
17132,1152,33.93597,-116.57794,0.1619538381846918
17133,1152,33.65,-117.009,1.0124040135756835
17134,1152,34.10618,-118.45505,-1.542013755372582
17135,1152,33.84822,-118.09624,-0.0023658703092744
17136,1152,33.567,-116.631,1.214279872745225
17137,1152,32.999,-116.942,1.4448364379155985
17138,1152,34.88303,-117.99106,1.0850634735193772
17140,1152,33.71264,-118.29381,-3.360035280915587
17141,1152,34.1,-117.439,0.2160362610892788
17142,1152,33.8717,-117.92251,-2.149725527406841
17143,1152,33.1537,-117.22921,1.2689430257663683
17144,1152,34.13677,-118.1283,0.8061867497739762
17145,1152,35.30177,-116.80574,-0.5571514549599107
17146,1152,34.8294,-116.335,-0.1697108966064889
17147,1152,34.31076,-118.49675,-0.2968231092611974
17148,1152,33.0859,-116.5959,0.7558397826407447
17149,1152,34.36622,-116.61266,0.6923611392293196
17150,1152,34.15037,-118.10156,0.2351650836190479
17151,1152,33.597,-117.879,-2.500119420776093
17152,1152,33.86889,-118.33143,-0.1377735141693029
17153,1152,34.9906,-118.34156,1.2218829552114556
17154,1152,34.30529,-118.48805,0.0124294650308496
17155,1152,33.9753,-118.14918,-0.5397576914186784
17156,1152,34.80762,-118.86775,-0.5900967393801605
17157,1152,33.684,-117.943,-0.7979352822402559
17158,1152,34.93439,-117.69629,1.1884720752622076
17159,1152,35.47954,-117.68212,1.0346022062898763
17160,1152,33.881,-118.176,-0.2047550038091451
17161,1152,34.3656,-117.36683,-1.181609586746043
17162,1152,33.3516,-116.5615,-0.632895349839724
17164,1152,34.28085,-118.9049,-0.8533011981730996
17165,1152,34.88848,-119.81362,-1.7667331383540117
17166,1152,33.808,-116.968,1.1504619298900434
17167,1152,34.22362,-118.05832,1.4549521965130503
17168,1152,33.94539,-117.92372,-0.4440825477092778
17169,1152,32.608,-116.93,2.1623504176976787
17170,1152,34.6145,-118.7235,-0.7997358909974207
17171,1152,34.1484,-118.1711,-1.8872801661719856
17172,1152,34.44199,-118.58215,-1.0326068053373512
17173,1152,33.96273,-118.43702,-0.4357285363650449
17174,1152,34.1207,-117.63808,-0.0290593876536263
17175,1152,33.862,-117.205,-0.2941136135219652
17176,1152,33.7953,-117.60906,-1.237897005757055
17177,1152,34.281,-118.478,1.8000197833596443
17178,1152,34.10473,-117.97956,0.6400075449485074
17179,1152,33.74346,-118.40412,-0.9514717686436608
17180,1152,34.87533,-116.99684,-0.1028857902897871
17181,1152,33.973,-117.327,0.3149229427251102
17182,1152,33.97327,-117.32674,-0.0133870639544783
17183,1152,34.05073,-118.08085,1.1724501053183565
17184,1152,33.99351,-117.37545,0.2071131638765283
17185,1152,33.2801,-115.98585,-0.0301877439434253
17186,1152,34.232,-117.235,-0.6669273110108501
17187,1152,32.915,-118.4879,0.1558250685784786
17188,1152,33.553,-117.662,-0.5319589725103708
17189,1152,32.784,-117.13805,0.4794631302855252
17191,1152,33.834,-116.797,0.5477439134474658
17192,1152,34.01438,-118.45617,-0.8953873839921176
17193,1152,34.05933,-118.64614,-1.4334067836771502
17194,1152,33.829,-117.789,-0.6107404491857272
17195,1152,33.664,-117.769,-1.121298848920774
17196,1152,34.106,-117.098,0.1948283716764251
17197,1152,34.38203,-117.67822,0.133338320738354
17199,1152,33.63495,-116.16402,0.0618886022685938
17200,1152,34.01919,-118.28631,-1.6835280100515926
17201,1152,34.48364,-118.11783,1.048676172978078
17202,1152,34.56065,-117.3296,0.6162823793818211
17203,1152,35.53664,-118.14035,0.333561516056591
17204,1152,34.00948,-117.95077,-0.1000553392478237
17205,1152,34.1717,-118.64971,1.2816463088087469
17206,1152,33.94869,-118.25547,-0.0235250497873329
17231,1154,34.224,-117.331,-1.5290991959173272
17232,1154,34.04905,-116.94032,-3.59855308166916
17233,1154,34.55046,-117.43391,-0.1680460461455944
17234,1154,32.68005,-116.67215,0.7079785077135412
17235,1154,34.2623,-116.92075,-0.5572669603015509
17236,1154,33.921,-116.981,0.5680545622807646
17238,1154,34.069,-116.39,-0.3463766660584256
17239,1154,33.268,-116.417,0.7667830628230723
17240,1154,33.38822,-117.19495,0.4536934267173972
17243,1154,34.093,-117.317,1.4089428687809598
17244,1154,33.655,-115.99,0.4565062939068807
17245,1154,34.63745,-115.38115,0.9245272365897018
17246,1154,34.25353,-118.33383,-0.8432469789993539
17247,1154,33.93597,-116.57794,0.4145651029997831
17248,1154,33.65,-117.009,-0.1084433529956101
17249,1154,33.567,-116.631,0.2140686167959573
17250,1154,32.999,-116.942,1.0507711483165534
17254,1154,33.11675,-115.82267,1.456262084314083
17255,1154,33.1537,-117.22921,0.7753467073517858
17256,1154,34.8294,-116.335,-0.0921033579452787
17258,1154,33.0859,-116.5959,0.5549277453309055
17259,1154,35.98249,-117.80885,0.3433698172368524
17260,1154,34.36622,-116.61266,1.5881586711678877
17261,1154,33.7141,-116.7119,-0.4327579388472247
17262,1154,35.13066,-115.18416,1.0280519463312403
17263,1154,34.9906,-118.34156,1.1851003590741382
17264,1154,33.684,-117.943,0.6170217410704403
17265,1154,34.93439,-117.69629,-4.9627230171603545
17266,1154,34.3656,-117.36683,-1.810371112494743
17267,1154,33.3516,-116.5615,-1.614108365217097
17269,1154,33.818,-116.369,0.085792162038772
17270,1154,33.808,-116.968,-0.3410233801847427
17272,1154,33.6,-117.195,0.8735768201502675
17273,1154,34.22362,-118.05832,0.2485802843911973
17275,1154,32.608,-116.93,0.6993552989304666
17276,1154,34.6145,-118.7235,-1.538580681689422
17277,1154,34.1207,-117.63808,-1.3176501286634457
17278,1154,33.862,-117.205,0.6684779817530255
17280,1154,33.354,-116.863,-0.4354968333014267
17281,1154,33.7953,-117.60906,-0.7824022120988374
17283,1154,33.824,-116.55,-0.656731053581616
17284,1154,34.09181,-117.80709,-1.3678805725599852
17285,1154,33.63,-116.8478,0.1676608040559843
17286,1154,34.87533,-116.99684,-1.0759313610125842
17287,1154,33.973,-117.327,1.833847353524284
17288,1154,33.97327,-117.32674,1.4118911683701043
17289,1154,33.99351,-117.37545,-0.2617503299488982
17290,1154,33.2801,-115.98585,1.45735365604436
17292,1154,34.232,-117.235,-0.8229409049171563
17293,1154,33.553,-117.662,-0.9087175161307528
17294,1154,33.834,-116.797,0.5181348196713076
17295,1154,34.01438,-118.45617,-0.2752892516357189
17296,1154,33.829,-117.789,-0.3388540805720454
17297,1154,33.664,-117.769,-0.2217346051549518
17298,1154,34.106,-117.098,1.915489519199936
17299,1154,34.38203,-117.67822,0.1136818090442868
17301,1154,34.56065,-117.3296,1.5203137200074566
17302,1154,32.75904,-115.73161,1.145886993119111
17303,1154,34.00948,-117.95077,0.2785992648541707
17304,1154,34.1717,-118.64971,1.0625016139255847
17307,1156,34.04905,-116.94032,-3.023894019850185
17308,1156,32.68005,-116.67215,-0.3902333483047251
17309,1156,34.2623,-116.92075,0.5043036138220943
17310,1156,33.921,-116.981,-0.8511468351820645
17313,1156,34.23883,-117.65853,1.5992706612105647
17314,1156,34.069,-116.39,-0.7692719575304464
17315,1156,33.268,-116.417,-0.4216260012476093
17316,1156,33.38822,-117.19495,-0.2521868844330874
17318,1156,33.655,-115.99,-0.5992318065094263
17319,1156,34.25353,-118.33383,-0.3137357461849722
17320,1156,33.93597,-116.57794,-0.0869633078429779
17321,1156,33.65,-117.009,-0.0421246364610954
17322,1156,33.567,-116.631,0.0446233998895188
17323,1156,32.999,-116.942,-0.1254476863612003
17325,1156,33.11675,-115.82267,0.622769276753194
17326,1156,33.1537,-117.22921,-1.0187181876079217
17328,1156,33.0859,-116.5959,-1.384252797853939
17329,1156,34.36622,-116.61266,0.0316414419713368
17331,1156,33.818,-116.369,0.8337002902798725
17332,1156,33.6,-117.195,0.6126661470564617
17333,1156,34.22362,-118.05832,0.9185356149295382
17334,1156,34.76759,-114.61881,0.8524935727918928
17335,1156,33.556,-115.946,-0.2573715447857823
17336,1156,33.94539,-117.92372,0.3968235008685223
17337,1156,32.608,-116.93,0.1187926740557723
17338,1156,34.1207,-117.63808,0.8061226456211525
17339,1156,33.862,-117.205,1.0926339270483227
17341,1156,33.354,-116.863,-0.5456274265946848
17342,1156,33.7953,-117.60906,-0.7081444003700675
17344,1156,33.824,-116.55,-0.1884447958158931
17345,1156,34.09181,-117.80709,0.4578562604275839
17346,1156,33.63,-116.8478,2.4227255974167505
17347,1156,33.97327,-117.32674,1.726778297656071
17348,1156,33.99351,-117.37545,1.3259592110623255
17349,1156,33.183,-115.623,-1.6586269162958671
17350,1156,33.2801,-115.98585,-0.3071342652869796
17351,1156,33.553,-117.662,-1.5868111042949502
17353,1156,33.834,-116.797,0.9105341537699216
17354,1156,33.664,-117.769,-1.175049945670944
17355,1156,34.106,-117.098,1.0727503736448118
17356,1156,32.94508,-115.79988,0.710013208716032
17357,1156,34.38203,-117.67822,0.3460832396764392
17442,1160,37.16346,-121.62645,-1.776082739861665
17443,1160,37.34305,-122.33976,1.0257809045166146
17444,1160,37.04922,-121.80722,0.0959916789809639
17445,1160,36.92745,-121.82764,2.1261952700671287
17446,1160,37.36045,-122.18986,0.1952477739637814
17447,1160,37.20631,-121.97726,0.4792559083323884
17448,1160,37.15432,-121.73467,0.955008092426758
17449,1160,37.28744,-121.86422,-0.8001691378653044
21125,1160,37.91881,-122.15176,-2.196016313427582
21126,1160,37.87352,-122.26099,-2.028059441514953
21127,1160,38.03455,-120.38651,-1.158589560656404
21128,1160,36.3887,-121.5514,0.9670652885831929
21129,1160,36.68011,-119.02282,2.626585084395552
21130,1160,38.14478,-122.88018,-1.321081595402663
21131,1160,37.34164,-121.64257,-2.7384713793736943
21132,1160,37.008,-121.287,2.991704394611059
21133,1160,35.945,-120.542,-1.3534752753759771
21134,1160,35.63597,-120.86984,-0.3162927366824631
21135,1160,36.76403,-121.44722,0.2480171853301681
21136,1160,37.25898,-121.67311,-1.5025559429983653
21137,1160,37.80787,-122.3618,2.268930618977512
21138,1160,37.12043,-122.1552,0.710171850042657
21139,1160,37.16067,-121.89899,1.7889570037005216
21140,1160,37.40701,-122.0946,0.0074639106702636
21141,1160,37.30249,-121.97978,-0.3157382055686915
21142,1160,37.26748,-121.86656,-1.7106627647280852
21143,1160,37.26352,-121.91617,-1.5931810461671
21144,1160,37.30143,-121.9039,-1.87950331435013
21145,1160,37.31816,-121.94354,-0.1089041880697984
21146,1160,37.41702,-121.9154,-1.1487496406020508
21147,1160,37.59094,-122.36741,0.066542139891902
21148,1160,37.40718,-122.00001,-0.2001173576356303
21149,1160,37.39415,-122.06041,-0.3926722322232321
21150,1160,37.376,-121.84367,-2.622642165205052
21151,1160,37.27117,-121.98617,-0.5872433003749061
21152,1160,37.67928,-122.48405,2.1279916425027503
21153,1160,37.71633,-122.43117,2.4383239138663813
21154,1160,37.37418,-122.0781,-1.1081225041990197
21155,1160,37.23294,-121.77186,-0.8904131079691016
21156,1160,37.28537,-121.93602,-1.2500401885384984
21160,1160,37.85727,-122.42266,2.18098117270272
21161,1160,37.45035,-121.80037,-2.206759283816568
21162,1160,37.7294,-121.83346,-2.004066436636698
21163,1160,37.37289,-121.76887,-2.1562975066158896
21164,1160,37.73786,-122.06486,0.2541568634949337
21165,1160,37.81041,-121.80272,-2.0534171742828944
21166,1160,37.85884,-121.99264,-1.194825384873424
21167,1160,37.91233,-121.90716,-2.048468037947274
21170,1160,37.31861,-122.15314,-0.9529898166802988
21171,1160,37.17217,-122.01121,0.4429371750118319
21172,1160,37.51604,-122.45815,1.291115405867039
21173,1160,37.21427,-122.17168,0.88614645803124
21174,1160,37.63719,-122.47482,-0.0341387159716061
21175,1160,37.2708,-122.21276,0.6490553916187182
21176,1160,37.79499,-122.4746,-0.0116716368486449
21177,1160,37.19855,-122.34671,1.0600280351913958
21178,1160,37.58225,-122.42006,0.3968119422811813
21179,1160,37.40372,-122.17596,0.1980649221881191
21180,1160,37.58644,-122.50217,0.6835226913226982
21181,1160,37.6444,-118.89683,1.931385447433224
21182,1160,37.65909,-118.97907,1.7738088655665885
21183,1160,38.00198,-122.47466,0.8083776677367078
21184,1160,38.30988,-122.943,2.162203080255744
21185,1160,38.33656,-122.81082,1.5729412696861558
21186,1160,38.16488,-122.71296,1.4730810741057805
21187,1160,37.92371,-122.59649,1.1743526750987852
21189,1160,35.40773,-120.54556,3.148391739501976
21191,1160,36.2159,-120.80126,-1.8823211437747127
17450,1161,36.61809,-121.31468,3.125706394719733
17451,1161,36.82681,-121.64349,-0.2291462091759194
17452,1161,37.15432,-121.73467,1.2627206762116991
17453,1161,37.2708,-122.21276,0.6555058304031769
17454,1161,37.19855,-122.34671,1.806533754334908
17455,1161,37.008,-121.287,0.1126637931074084
17456,1161,35.63597,-120.86984,-1.250849472065504
17457,1161,36.76403,-121.44722,0.4259611908344599
17458,1161,37.28744,-121.86422,-0.0496459898451752
20157,1161,37.91881,-122.15176,-3.03085613593882
20158,1161,37.87352,-122.26099,-3.486431892431184
20159,1161,38.03455,-120.38651,-1.8008630475644412
20160,1161,37.34164,-121.64257,-2.2916007494735133
20161,1161,35.945,-120.542,-1.6851647996777466
20162,1161,37.12043,-122.1552,2.300826439177678
20163,1161,37.31816,-121.94354,1.0395932225493951
20164,1161,37.39415,-122.06041,-0.3604885339723815
20165,1161,37.27117,-121.98617,0.2220335933840845
20166,1161,37.45098,-122.4287,0.6736850320917012
20167,1161,37.91056,-122.53778,1.616159282038
20168,1161,37.71633,-122.43117,2.7647151969159047
20169,1161,37.41395,-121.87085,-0.7679055744451492
20170,1161,37.23294,-121.77186,0.4934651352445855
20171,1161,37.28537,-121.93602,-0.1986528779518244
20172,1161,36.88311,-121.3908,1.561769655666709
20173,1161,37.16346,-121.62645,-0.3720328228776175
20174,1161,37.85727,-122.42266,1.3475633289869628
20175,1161,37.45035,-121.80037,-1.4219098773196228
20176,1161,37.7294,-121.83346,-1.754746072753257
20177,1161,37.37289,-121.76887,-1.2993708463299862
20178,1161,37.73786,-122.06486,0.1477543365315246
20179,1161,37.0254,-121.4845,-0.0195783395851685
20180,1161,37.34305,-122.33976,1.6228440970589406
20181,1161,37.17217,-122.01121,1.8034665886106311
20182,1161,37.04922,-121.80722,0.1820078201721219
20183,1161,36.92745,-121.82764,0.5566436774080641
20184,1161,37.36045,-122.18986,0.1193454357385309
20185,1161,37.51604,-122.45815,0.8969418957155698
20186,1161,37.21427,-122.17168,1.1091390539400066
20187,1161,37.20631,-121.97726,0.9500666430681288
20188,1161,37.40372,-122.17596,-0.2617412164700956
20189,1161,37.16067,-121.89899,0.9543705461909346
20190,1161,37.6444,-118.89683,0.6911616600947141
20191,1161,37.65909,-118.97907,0.909858111325534
20192,1161,35.73065,-120.24986,-2.914526514432195
20193,1161,35.82404,-121.05393,-0.5851299869029885
20194,1161,36.2159,-120.80126,-3.58956024916006
20195,1161,36.0688,-120.59618,-2.216721965192556
17475,1163,34.55046,-117.43391,0.4088924107265383
17476,1163,32.68005,-116.67215,1.219037928255869
17477,1163,34.2623,-116.92075,-0.1913537883195615
17478,1163,33.921,-116.981,-0.269997474394933
17480,1163,34.069,-116.39,-0.7237695395154414
17482,1163,33.268,-116.417,0.4581689164512612
17483,1163,33.38822,-117.19495,1.082054868833307
17484,1163,35.52495,-117.36453,0.0648351056076447
17487,1163,33.655,-115.99,-1.430842929379302
17488,1163,34.25353,-118.33383,-0.5467706144640831
17489,1163,33.93597,-116.57794,-0.3348190112463828
17490,1163,33.65,-117.009,1.2415058681557412
17491,1163,32.999,-116.942,1.1532450471531517
17494,1163,33.11675,-115.82267,0.7681412511054073
17495,1163,33.051,-114.827,-1.5230637569044536
17497,1163,33.1537,-117.22921,1.1168650431709484
17498,1163,35.30177,-116.80574,-0.7462429492335613
17499,1163,34.8294,-116.335,-1.609489839673922
17500,1163,33.0859,-116.5959,0.0956483689076256
17501,1163,34.36622,-116.61266,0.1079746506554595
17502,1163,35.13066,-115.18416,0.6989589991976819
17503,1163,34.9906,-118.34156,0.406156769032221
17504,1163,34.93439,-117.69629,-5.274002930310896
17505,1163,35.47954,-117.68212,0.2654260610617011
17506,1163,33.3516,-116.5615,-2.170115353393116
17508,1163,33.818,-116.369,-0.76995946984939
17509,1163,33.808,-116.968,0.1317571695689104
17510,1163,33.6,-117.195,1.3129165580038606
17511,1163,34.22362,-118.05832,0.823836695242756
17512,1163,33.556,-115.946,-1.1235898101409685
17513,1163,33.94539,-117.92372,-0.1293477965820562
17515,1163,33.354,-116.863,-0.1805928532090296
17516,1163,33.7953,-117.60906,-0.1606387473966623
17518,1163,33.824,-116.55,0.6044808879994693
17519,1163,33.63,-116.8478,0.6791062091886216
17520,1163,34.87533,-116.99684,-0.46339552444135
17521,1163,33.973,-117.327,1.1927927707825363
17522,1163,33.97327,-117.32674,0.8639885721370475
17523,1163,33.99351,-117.37545,0.5427257952499578
17524,1163,33.2801,-115.98585,1.105019767637324
17525,1163,34.232,-117.235,-0.1371702157585734
17526,1163,33.553,-117.662,-0.1946660108226388
17528,1163,35.89095,-117.28332,0.5553587040493193
17529,1163,33.834,-116.797,1.574350046410105
17530,1163,33.829,-117.789,0.5922460792875838
17531,1163,33.664,-117.769,0.14381160543276
17532,1163,34.106,-117.098,0.5617005955062557
17533,1163,34.38203,-117.67822,-0.7778521539533703
17535,1163,34.56065,-117.3296,1.009214612240978
17553,1166,34.14647,-118.76699,-0.6833267730644582
17554,1166,34.68708,-118.29946,-1.0595741251942674
17555,1166,34.23883,-117.65853,-0.2244945496132377
17556,1166,34.68224,-118.57398,0.4146567400389752
17559,1166,33.4019,-118.41502,1.6359015861961346
17560,1166,34.25353,-118.33383,0.8482941722445474
17561,1166,34.10618,-118.45505,-0.7170255261048538
17562,1166,33.567,-116.631,1.079149687264755
17564,1166,34.72832,-119.98803,-1.5807289546469947
17565,1166,33.71264,-118.29381,-1.1274390636432927
17566,1166,33.86889,-118.33143,1.4669284946868657
17567,1166,34.00033,-118.37794,-0.2499480374569157
17568,1166,34.9906,-118.34156,0.1916292334086838
17569,1166,34.30529,-118.48805,-0.4612757146064702
17570,1166,34.80762,-118.86775,-1.4188243862402572
17571,1166,34.93439,-117.69629,0.2611229206856484
17572,1166,34.28085,-118.9049,0.4747887702983063
17573,1166,34.81258,-119.1453,-1.9633931565591007
17574,1166,34.22362,-118.05832,1.141301256526262
17575,1166,34.22869,-118.55829,-0.3201931917096981
17576,1166,33.94539,-117.92372,0.1819978372233591
17577,1166,34.6145,-118.7235,-2.864866155980648
17578,1166,34.1484,-118.1711,-1.892420006894804
17579,1166,34.44199,-118.58215,-0.2511851332629858
17580,1166,33.96273,-118.43702,0.4479179866913736
17581,1166,33.7953,-117.60906,0.1413733760829707
17582,1166,33.63,-116.8478,1.7661610066361582
17583,1166,34.281,-118.478,1.207256297593338
17584,1166,33.74346,-118.40412,1.4112254652080718
17585,1166,33.99351,-117.37545,1.1609011288616533
17586,1166,33.99543,-119.6351,-0.4859017807048134
17587,1166,34.01438,-118.45617,-0.3020517327960001
17588,1166,34.05933,-118.64614,-0.6880923567172136
17589,1166,33.829,-117.789,0.2551045437199588
17590,1166,34.30302,-119.18676,0.4116333631624527
17591,1166,34.106,-117.098,0.9090334988109112
17592,1166,34.38203,-117.67822,0.0111727857801893
17593,1166,34.08377,-118.599,-0.3199166005525646
17595,1166,34.15607,-118.82039,2.0887704143355044
17596,1166,34.01919,-118.28631,-0.286782229963826
17597,1166,34.48364,-118.11783,0.1653397207585516
17598,1166,34.51085,-119.27407,-1.3131663194575989
17599,1166,34.1717,-118.64971,1.7109305122433869
17702,1170,37.76021,-122.41524,2.165363595509694
17703,1170,37.762,-122.505,1.3388056285332028
17704,1170,37.67928,-122.48405,1.6424839801359818
17705,1170,37.91056,-122.53778,0.5704217988320703
17706,1170,37.88767,-122.29916,0.7856892813971577
17707,1170,38.03445,-122.27016,-0.3953495231042405
17708,1170,37.74484,-122.40134,0.6458973527220659
17709,1170,37.7986,-122.2684,0.5554154572607053
17710,1170,37.86059,-122.29327,1.5554000287167993
17711,1170,37.85835,-122.25252,1.4305306172194534
17712,1170,38.01299,-122.13416,1.0723833191124517
17713,1170,37.87622,-122.23558,-1.9447346509209809
17715,1170,37.87352,-122.26099,-0.4033929419795123
17716,1170,37.85727,-122.42266,2.005937999022297
17717,1170,37.73786,-122.06486,-0.0995108099773575
17718,1170,37.81041,-121.80272,-0.9544139927237222
17719,1170,37.85884,-121.99264,-0.3067274776315445
17720,1170,37.91233,-121.90716,-0.9318888519439292
17721,1170,38.02691,-122.01599,0.1758512806262507
17722,1170,38.34526,-122.4584,-1.1732508201002727
17723,1170,37.34305,-122.33976,0.7458496526465226
17724,1170,37.36045,-122.18986,0.4971547389191117
17725,1170,37.21427,-122.17168,0.6070334362209904
17726,1170,37.20631,-121.97726,1.4762041670801396
17727,1170,37.63719,-122.47482,1.3529346841652308
17728,1170,37.79499,-122.4746,1.2339204836408617
17729,1170,37.58225,-122.42006,1.1565541719781405
17730,1170,37.40372,-122.17596,-0.596970382309697
17731,1170,38.00198,-122.47466,0.7241239709045975
17732,1170,38.16488,-122.71296,1.5513851495965263
17733,1170,38.07601,-122.2585,0.535432939852485
17734,1170,38.04248,-122.79684,0.8511242655690527
17735,1170,37.92371,-122.59649,0.082484587081089
17736,1170,38.24039,-122.79842,0.4873931863426131
17737,1170,37.91608,-122.33607,0.8784004155340425
19957,1170,38.03455,-120.38651,-0.9880482495207352
19958,1170,37.69782,-123.0011,0.9717277938781684
19959,1170,36.3887,-121.5514,-0.2106307151808967
19960,1170,38.14478,-122.88018,-0.2727985922677783
19961,1170,37.34164,-121.64257,-1.4687246324012082
19962,1170,38.87874,-122.44277,-4.432858048184388
19963,1170,37.28744,-121.86422,-0.2173711835043213
19964,1170,37.81647,-122.06302,-1.8057291659292296
19965,1170,37.9889,-122.2156,0.3001564735787224
19966,1170,37.94906,-122.40851,0.1037873264953214
19967,1170,37.72416,-122.11929,-0.7020698409926769
19968,1170,37.80787,-122.3618,3.470322492500433
19969,1170,37.12043,-122.1552,0.2428015625898961
19970,1170,37.67433,-122.39855,1.1969859352295076
19971,1170,37.16067,-121.89899,2.588898885236627
19972,1170,37.92144,-122.71806,0.793499897800395
19973,1170,38.04962,-122.52331,0.7275826412248029
19974,1170,38.20025,-122.4644,-1.1228149408887165
19975,1170,38.233,-122.636,1.4292611798749308
19976,1170,37.77737,-122.39689,0.4250019766943507
19977,1170,37.76386,-122.4736,0.6968743135480492
19978,1170,37.40701,-122.0946,-0.679074022043842
19979,1170,37.68,-121.739,-3.2818290782560413
19980,1170,37.59094,-122.36741,-1.8516284791971105
19981,1170,37.74766,-122.42528,1.0592896140038428
19982,1170,37.40718,-122.00001,0.083594887985139
19983,1170,37.74664,-122.38679,0.385089210042633
19984,1170,37.39415,-122.06041,-0.5063978844291535
19985,1170,37.376,-121.84367,-1.4378498622879632
19986,1170,37.27117,-121.98617,-0.6440732901110158
19987,1170,37.45098,-122.4287,-0.1020403127415031
19988,1170,37.59268,-122.07449,-0.959092518121115
19989,1170,37.71737,-121.72701,-3.582230412659173
19990,1170,37.77934,-122.486,-0.18494549093124
19991,1170,37.71633,-122.43117,1.0935232219837483
19992,1170,37.81076,-122.29252,-0.6315195747533527
19993,1170,37.8251,-122.27606,-0.849556835529457
19994,1170,37.72416,-122.44841,0.6103193064097168
19995,1170,38.29027,-122.46125,-0.917810080480923
19996,1170,37.37418,-122.0781,-1.109536896610965
19997,1170,37.69169,-122.16982,-0.955273351665368
19998,1170,37.68873,-121.78351,-2.6212811629475268
19999,1170,37.72688,-122.15092,-0.1561263266795714
20000,1170,37.8852,-122.03217,-0.6604806065739924
20001,1170,37.94215,-121.93047,0.316812103288043
20002,1170,37.16346,-121.62645,0.050724038549534
20003,1170,37.45035,-121.80037,-2.004982027754945
20004,1170,37.74766,-121.70843,-0.9960256404668076
20005,1170,37.7294,-121.83346,-2.430762034920488
20006,1170,37.37289,-121.76887,-1.6984372044190177
20007,1170,37.31861,-122.15314,-0.3955254499987636
20008,1170,37.17217,-122.01121,2.1613492605524915
20009,1170,37.04922,-121.80722,-0.333967418276131
20010,1170,36.92745,-121.82764,0.1231221285896692
20011,1170,37.51604,-122.45815,0.4814992466806603
20012,1170,37.15432,-121.73467,0.5636000797497266
20013,1170,37.2708,-122.21276,0.918026425432515
20014,1170,37.19855,-122.34671,0.983361753117717
20015,1170,37.58644,-122.50217,0.925105793706692
20016,1170,38.43951,-122.25272,-1.4268499348511856
20017,1170,38.26021,-122.55179,-1.803232034541962
20018,1170,38.30988,-122.943,3.111913526332561
20019,1170,38.33656,-122.81082,2.216530258850596
20020,1170,38.46769,-122.89651,1.1236881803900465
20021,1170,38.28043,-122.21582,-0.9798601632508176
20022,1170,38.15486,-121.80438,-2.269204295682239
20023,1170,37.99642,-123.01949,0.2717383107137176
20024,1170,38.14361,-122.44969,-2.1941591594491987
20025,1170,38.38921,-122.66297,-0.2005915619693715
17890,1178,34.68708,-118.29946,-1.219951372445556
17891,1178,35.1269,-118.83009,-2.125062949532677
17892,1178,34.2623,-116.92075,0.9010187675057878
17893,1178,34.94009,-119.41313,-0.1494762033311686
17896,1178,34.23883,-117.65853,0.3682230818254075
17897,1178,34.069,-116.39,0.601284087105171
17899,1178,34.68224,-118.57398,-0.1371206463123311
17900,1178,35.30819,-119.84583,0.5801143799570218
17901,1178,35.52495,-117.36453,1.2003970716758388
17902,1178,36.5504,-117.80295,-1.1802046233918466
17905,1178,38.03455,-120.38651,1.5870248256783712
17906,1178,36.43988,-118.08016,-0.3677235649462565
17907,1178,34.25353,-118.33383,-0.0704039870611386
17909,1178,34.10618,-118.45505,-1.2709919252545765
17912,1178,34.72832,-119.98803,-1.068879010033862
17917,1178,35.30177,-116.80574,-0.4380534881571394
17918,1178,34.8294,-116.335,0.3065500836826065
17919,1178,35.66278,-118.47403,-1.2730502046039085
17921,1178,35.98249,-117.80885,1.163827795029834
17922,1178,34.36622,-116.61266,1.0304743937092156
17923,1178,35.13066,-115.18416,-0.328007819543921
17924,1178,34.9906,-118.34156,0.3753267322828202
17925,1178,34.80762,-118.86775,-1.5535480695091062
17926,1178,35.47954,-117.68212,1.6044891164540849
17928,1178,37.63227,-119.07935,1.0601097890225004
17930,1178,37.63019,-118.83605,-0.2100918515126118
17932,1178,34.28085,-118.9049,-0.2762324602248908
17933,1178,36.05799,-117.48901,-0.9296136756471456
17934,1178,34.88848,-119.81362,-0.4039641971276148
17935,1178,34.039,-116.648,2.4794109707851084
17938,1178,34.22362,-118.05832,0.8556988971001992
17939,1178,34.78035,-116.55798,0.5089715142706148
17940,1178,34.53412,-120.17737,-0.5099475739477424
17941,1178,33.94539,-117.92372,0.6378424801456988
17943,1178,34.6145,-118.7235,-2.519543307025937
17944,1178,36.38562,-117.85973,-1.262685961212697
17945,1178,35.40773,-120.54556,0.7530075143798567
17947,1178,33.7953,-117.60906,0.4098361035576473
17949,1178,34.09181,-117.80709,-0.7693411009759472
17951,1178,34.87533,-116.99684,0.1539475782122613
17952,1178,33.99351,-117.37545,-0.9990929003813076
17955,1178,34.44076,-119.71492,-0.4363439279427941
17957,1178,34.43692,-119.1375,-1.0586729979863283
17958,1178,35.8996,-116.27515,0.5590965198278772
17959,1178,35.89095,-117.28332,0.6030629360486276
17961,1178,35.3142,-119.99581,-0.9334175339478676
17963,1178,35.01108,-120.40997,-0.6102160070051184
17964,1178,34.035,-116.808,0.2685084670006936
17965,1178,34.05933,-118.64614,-1.2514201434811627
17967,1178,33.829,-117.789,0.4686758062314108
17968,1178,34.30302,-119.18676,-0.2019042656606166
17970,1178,34.106,-117.098,2.1536493126296943
17971,1178,34.52775,-119.97834,0.1492514505543339
17972,1178,34.38203,-117.67822,1.0617837610940006
17973,1178,35.14592,-119.41946,0.0495016189348713
17974,1178,37.05422,-118.23009,-0.2302187067861647
17977,1178,34.48364,-118.11783,0.547622278491583
17978,1178,35.84089,-119.08469,0.0631950234322702
17979,1178,35.53664,-118.14035,1.6817155280557723
17980,1178,34.51085,-119.27407,-1.9857550116186424
17982,1178,36.601,-118.06,1.4999694264768526
17983,1178,36.279,-118.007,1.2105780991026498
18051,1186,35.263,-119.815,2.838571194929961
18052,1186,34.55046,-117.43391,-0.0315073600570028
18053,1186,34.68708,-118.29946,-1.3702686145856
18054,1186,35.1269,-118.83009,-0.7497905023924655
18055,1186,35.34444,-119.10445,0.9672398010169452
18056,1186,34.2623,-116.92075,0.1459254681434144
18057,1186,33.921,-116.981,-0.1399412369147009
18059,1186,34.94009,-119.41313,0.3019245874003835
18061,1186,34.23883,-117.65853,-1.0758423750725203
18062,1186,34.069,-116.39,-0.1563478322063734
18064,1186,34.68224,-118.57398,-0.1850634364517873
18066,1186,35.30819,-119.84583,1.0003672761866962
18067,1186,35.52495,-117.36453,-0.0252819496661578
18068,1186,36.5504,-117.80295,-0.8975607969587925
18069,1186,33.999,-117.68,-0.1807610347493714
18072,1186,38.03455,-120.38651,1.6490302742394554
18074,1186,36.43988,-118.08016,0.6584281904077889
18075,1186,34.63745,-115.38115,0.6128581205362985
18076,1186,34.25353,-118.33383,-0.4695275605972898
18077,1186,33.93597,-116.57794,0.3714887568902214
18078,1186,34.10618,-118.45505,-1.558196820128545
18082,1186,34.094,-116.936,0.3917862224639296
18083,1186,34.72832,-119.98803,-0.3333000314918479
18084,1186,36.46719,-116.86322,0.7096953074418285
18088,1186,36.99608,-117.36621,0.6544635071845422
18089,1186,35.30177,-116.80574,-1.0981296483431038
18090,1186,34.8294,-116.335,-0.2783568804115434
18091,1186,35.66278,-118.47403,-1.681292287579408
18092,1186,35.98249,-117.80885,0.1411634662386498
18093,1186,34.36622,-116.61266,0.1867808553314094
18094,1186,34.73551,-120.27996,1.3638542397805111
18095,1186,35.13066,-115.18416,0.2705186644685692
18096,1186,34.9906,-118.34156,0.0120802314049508
18097,1186,34.30529,-118.48805,-0.1500552261769413
18098,1186,34.10819,-119.06587,-0.6048405768653303
18099,1186,34.80762,-118.86775,-0.2747586256709226
18100,1186,34.93439,-117.69629,-1.601405170701772
18101,1186,35.47954,-117.68212,0.2087548732554556
18103,1186,37.63227,-119.07935,0.9136977855134976
18105,1186,37.63019,-118.83605,-0.2375238208248954
18106,1186,34.005,-117.562,-0.3004668642224989
18107,1186,34.28085,-118.9049,0.3673333292127745
18108,1186,34.81258,-119.1453,-1.1664308271871058
18109,1186,36.05799,-117.48901,-1.351921362407423
18110,1186,34.88848,-119.81362,0.2654748357784125
18111,1186,34.039,-116.648,1.9011948588104053
18112,1186,33.808,-116.968,0.3921340253125996
18115,1186,34.22362,-118.05832,0.1190993477936338
18116,1186,34.78035,-116.55798,-0.3319614892453334
18117,1186,34.53412,-120.17737,0.7088202690062362
18118,1186,34.6145,-118.7235,-1.072872617065407
18119,1186,34.44199,-118.58215,-0.810102730250735
18121,1186,34.1207,-117.63808,-1.2106881469270938
18123,1186,35.40773,-120.54556,1.0455407122641769
18127,1186,34.09181,-117.80709,-0.9579433169939852
18128,1186,36.30523,-119.24384,-0.1618743585607258
18130,1186,34.10473,-117.97956,-0.4033194207311394
18131,1186,33.74346,-118.40412,0.49907544671782
18132,1186,34.87533,-116.99684,-0.5182310793531987
18133,1186,33.99351,-117.37545,-1.3003739588651997
18136,1186,34.44076,-119.71492,0.670568882418956
18137,1186,34.232,-117.235,-0.5028203373024137
18139,1186,34.43692,-119.1375,-1.2334596250399614
18140,1186,35.8996,-116.27515,0.0941537454516594
18141,1186,35.89095,-117.28332,-0.3442815961148728
18142,1186,35.3142,-119.99581,-0.2991646441898083
18143,1186,34.035,-116.808,-0.312203907453891
18144,1186,34.05933,-118.64614,-1.0144847343964558
18146,1186,33.829,-117.789,-0.3071237525293565
18147,1186,34.30302,-119.18676,0.1494736626061136
18149,1186,34.106,-117.098,1.1849755622801452
18150,1186,34.52775,-119.97834,1.371987163992708
18151,1186,34.38203,-117.67822,-0.3394055220633296
18153,1186,35.14592,-119.41946,0.7987192228834948
18154,1186,37.05422,-118.23009,-0.7150847292704033
18156,1186,34.48364,-118.11783,0.040717933625668
18157,1186,35.84089,-119.08469,0.5232551859254345
18158,1186,35.53664,-118.14035,1.2487919232821956
18159,1186,34.51085,-119.27407,-1.4896494290719071
18160,1186,34.00948,-117.95077,0.2964036111700274
18162,1186,36.80179,-118.20398,-0.2822930762331916
18164,1186,36.601,-118.06,1.1978029668601142
18165,1186,36.279,-118.007,1.4081327188628845
18239,1190,35.1269,-118.83009,-1.1695292755521265
18240,1190,35.34444,-119.10445,1.7939791631571802
18241,1190,34.2623,-116.92075,0.100006157724997
18242,1190,34.94009,-119.41313,1.1607453567593613
18243,1190,34.68224,-118.57398,-0.1957666378474279
18244,1190,35.30819,-119.84583,1.502087432711542
18245,1190,35.52495,-117.36453,0.4674224738777607
18246,1190,36.5504,-117.80295,-1.657264496947545
18248,1190,38.03455,-120.38651,2.5467355743645768
18249,1190,34.25353,-118.33383,-1.2930488310473085
18253,1190,36.46719,-116.86322,-1.1476443491806283
18256,1190,36.99608,-117.36621,-1.2420888957367957
18257,1190,35.30177,-116.80574,-1.0848048984923957
18258,1190,34.8294,-116.335,0.3922011894457334
18259,1190,35.66278,-118.47403,-0.7055401991650612
18260,1190,35.98249,-117.80885,0.2351694446330708
18261,1190,34.36622,-116.61266,0.3223929410525479
18262,1190,34.73551,-120.27996,1.1842036862772665
18263,1190,35.13066,-115.18416,-1.088692504359693
18264,1190,34.9906,-118.34156,-0.819777190652043
18265,1190,34.80762,-118.86775,-0.8528669719088929
18266,1190,37.63227,-119.07935,1.6288426724285583
18267,1190,37.63019,-118.83605,0.6029697756628968
18268,1190,36.05799,-117.48901,-1.0754598567417488
18269,1190,34.88848,-119.81362,0.5276012490974421
18270,1190,34.039,-116.648,1.7800073532902745
18271,1190,34.78035,-116.55798,0.0052526027536016
18272,1190,34.53412,-120.17737,0.182207843907893
18274,1190,34.6145,-118.7235,-2.157285745345665
18275,1190,35.40773,-120.54556,1.877108348842793
18276,1190,33.7953,-117.60906,-0.1838060558324692
18277,1190,34.09181,-117.80709,-1.3521448776432932
18278,1190,36.30523,-119.24384,0.891361209937239
18279,1190,34.87533,-116.99684,-0.6433210342519107
18281,1190,34.44076,-119.71492,-0.0284059439307816
18282,1190,35.8996,-116.27515,-0.6074466028464527
18283,1190,35.89095,-117.28332,-0.5041931967995502
18284,1190,35.3142,-119.99581,-0.0057328040421266
18285,1190,34.035,-116.808,-0.3026117456805314
18288,1190,34.52775,-119.97834,0.8606919575953045
18290,1190,35.14592,-119.41946,1.1047058866427697
18291,1190,37.05422,-118.23009,-0.2613046092060121
18293,1190,34.48364,-118.11783,-0.3988582544338857
18294,1190,35.84089,-119.08469,1.2008876627659977
18295,1190,35.53664,-118.14035,1.0093316905439598
18296,1190,34.51085,-119.27407,-1.280847681678324
18298,1190,36.80179,-118.20398,-0.1090456298515503
18299,1190,36.601,-118.06,0.2415536004522102
18300,1190,36.279,-118.007,0.3904635163435648
18565,1215,37.68,-121.739,-0.3371569201088583
18566,1215,37.41702,-121.9154,-0.9638072212216012
18567,1215,37.59094,-122.36741,0.718012794542757
18568,1215,37.34655,-121.80774,-0.8460965458785888
18569,1215,37.40718,-122.00001,1.0326180836976229
18570,1215,37.39415,-122.06041,0.4081383520734662
18571,1215,37.376,-121.84367,-1.5057766594033115
18572,1215,37.71737,-121.72701,-0.4370992852250131
18573,1215,37.67928,-122.48405,2.486699770772005
18574,1215,37.41395,-121.87085,-0.9980880573582976
18575,1215,37.85835,-122.25252,0.6855849172661044
18576,1215,37.36408,-122.01817,-0.5700779367585213
18577,1215,37.28537,-121.93602,-0.5864098168883538
18578,1215,37.35834,-121.97775,-0.3353421599645821
18579,1215,37.91881,-122.15176,-2.2315468218726457
18580,1215,37.16346,-121.62645,-0.4009910132472735
18581,1215,37.85727,-122.42266,2.779923034554334
18582,1215,37.45035,-121.80037,-0.1696900596667656
18583,1215,37.7294,-121.83346,-1.6386870855599405
18584,1215,37.73786,-122.06486,-0.2414294824356716
18585,1215,38.03455,-120.38651,-1.8685990760784976
18586,1215,37.81041,-121.80272,-1.4785364121893456
18587,1215,37.69782,-123.0011,-0.5885326872558384
18588,1215,36.3887,-121.5514,-0.166248746568129
18589,1215,37.34305,-122.33976,1.5111606839611755
18590,1215,37.17217,-122.01121,0.4256614135274311
18591,1215,37.36045,-122.18986,0.7648609461879383
18592,1215,37.20631,-121.97726,0.1957468562458867
18593,1215,37.15432,-121.73467,0.6944550500672984
18594,1215,37.63719,-122.47482,0.6837119563765264
18595,1215,37.79499,-122.4746,0.2643322364331191
18596,1215,37.19855,-122.34671,1.3568045875199637
18597,1215,37.58225,-122.42006,1.453697536002227
18598,1215,37.40372,-122.17596,-0.3784349458687951
18599,1215,37.58644,-122.50217,2.5959044949386545
18600,1215,37.34164,-121.64257,-0.2885003940575085
18601,1215,38.00198,-122.47466,1.8800981279177111
18602,1215,38.07601,-122.2585,-0.0702828416656341
18603,1215,37.008,-121.287,-1.0600496114526436
18604,1215,37.28744,-121.86422,-0.6474859044418376
18605,1215,37.62211,-121.75697,-1.357903451370972
18606,1216,37.68,-121.739,-1.5948380292671658
18607,1216,37.41702,-121.9154,-0.2393529891394621
18608,1216,37.34655,-121.80774,-2.054534438873491
18609,1216,37.40718,-122.00001,0.0682215507504527
18610,1216,37.39415,-122.06041,0.3087013183201295
18611,1216,37.27117,-121.98617,-1.3765322799976634
18612,1216,37.67928,-122.48405,2.210343418527356
18613,1216,37.71633,-122.43117,2.4958396864906964
18614,1216,37.41395,-121.87085,-0.4175893107610841
18615,1216,37.36408,-122.01817,-0.90809573173535
18616,1216,37.42549,-122.07772,0.2936515529459836
18617,1216,37.38332,-121.91088,0.0777997684363678
18618,1216,37.28537,-121.93602,0.2506314624012018
18619,1216,37.74766,-121.70843,0.1600020963976368
18620,1216,37.37289,-121.76887,-0.7559556309792428
18621,1216,37.73786,-122.06486,0.0686006833536084
18622,1216,38.03455,-120.38651,-2.062923644343934
18623,1216,37.9889,-122.2156,-0.6212695365728953
18624,1216,37.94906,-122.40851,1.0869383295607316
18625,1216,37.91233,-121.90716,-1.527303273905828
18626,1216,38.34526,-122.4584,-1.4985138133538811
18627,1216,37.0254,-121.4845,-0.7796122498217726
18628,1216,37.34305,-122.33976,1.3173660632543434
18629,1216,37.31861,-122.15314,-1.5095459915647331
18630,1216,37.36045,-122.18986,0.0184046802189604
18631,1216,37.51604,-122.45815,2.851078686949516
18632,1216,37.21427,-122.17168,0.2821432341732215
18633,1216,37.20631,-121.97726,-0.6268261008742433
18634,1216,37.15432,-121.73467,0.1014744901311103
18635,1216,37.40373,-122.23868,-2.043301932191295
18636,1216,37.58225,-122.42006,0.4647011715678068
18637,1216,37.40372,-122.17596,-0.4627547038055006
18638,1216,37.58644,-122.50217,1.4030827656510465
18639,1216,37.16067,-121.89899,-0.5600171434036032
18640,1216,37.34164,-121.64257,0.0642324950039158
18641,1216,37.92144,-122.71806,1.8209503325726324
18642,1216,38.00198,-122.47466,1.6297130707832477
18643,1216,38.33656,-122.81082,2.594626875132569
18644,1216,38.16488,-122.71296,2.2401687426820405
18645,1216,37.92371,-122.59649,1.526771157401342
18646,1216,37.008,-121.287,-0.3280344562721554
18647,1216,37.28744,-121.86422,-1.1672470305642206
18648,1216,37.62211,-121.75697,-1.6733889529256905
18748,1221,37.54187,-122.30471,-0.625158613544961
18749,1221,37.30249,-121.97978,-0.7647415216970983
18750,1221,37.26748,-121.86656,0.5829004232850279
18751,1221,37.26352,-121.91617,-0.1736556317214452
18752,1221,37.31816,-121.94354,0.0221166092677177
18753,1221,37.3066,-121.84915,0.9721602812269224
18754,1221,37.68,-121.739,-1.3651984666483206
18755,1221,37.41702,-121.9154,0.2557884194720747
18756,1221,37.59094,-122.36741,0.7585207646610742
18757,1221,37.34655,-121.80774,-0.438374719984175
18758,1221,37.40718,-122.00001,0.3291018029895933
18759,1221,37.39415,-122.06041,1.7795991689537425
18760,1221,37.376,-121.84367,-1.579573938733053
18761,1221,37.27117,-121.98617,-1.9246653817730512
18762,1221,37.71737,-121.72701,-2.051675046481912
18763,1221,37.67928,-122.48405,2.300898194199826
18764,1221,37.91056,-122.53778,2.4844188213726133
18765,1221,38.03445,-122.27016,-1.1031699382600322
18766,1221,37.71633,-122.43117,2.025812230458397
18767,1221,37.72416,-122.44841,1.498931595500142
18768,1221,37.41395,-121.87085,0.5704065643250984
18769,1221,37.6806,-121.92098,-0.6652313950869336
18770,1221,37.37418,-122.0781,1.2160554780524782
18771,1221,37.38332,-121.91088,0.2017809166200632
18772,1221,37.28537,-121.93602,0.2520714022564264
18773,1221,37.35834,-121.97775,0.4477114561579914
18774,1221,37.68873,-121.78351,-2.1211486874624104
18775,1221,37.66666,-121.85715,-2.334989293054937
18776,1221,36.88311,-121.3908,-0.2934812240742749
18777,1221,38.94596,-120.96897,-1.533739767258274
18778,1221,36.57849,-121.03956,-0.7152365320225349
18779,1221,37.95397,-121.86554,-2.8128327398784845
18780,1221,36.61809,-121.31468,1.3936151553614498
18781,1221,37.87622,-122.23558,-2.858701045306307
18782,1221,37.91881,-122.15176,-1.947888764313996
18783,1221,37.87352,-122.26099,-2.32261804908362
18784,1221,37.5215,-121.93376,1.2621241382127544
18785,1221,37.55845,-122.03451,-0.210160741390216
18786,1221,37.84406,-122.21795,-1.072445578059697
18787,1221,37.81075,-122.23608,-0.6864719360155719
18788,1221,37.59178,-122.05824,-0.1072616908134138
18789,1221,37.89557,-122.2628,-0.3634350668721712
18790,1221,37.89565,-122.29359,-0.0368392357980529
18791,1221,37.944,-122.00993,-1.6245247032664716
18792,1221,37.92636,-122.31248,0.6640384700906151
18793,1221,37.68269,-122.06,-0.7622880116263224
18794,1221,37.55944,-121.99373,-0.4012937394196794
18795,1221,37.39635,-121.86703,-0.3191486720588288
18796,1221,37.50649,-121.9262,0.221956669579234
18797,1221,37.80085,-122.20752,-1.4182444768390865
18798,1221,37.695,-122.06376,-1.3700516621049257
18799,1221,37.53614,-121.97495,0.5522551252382344
18800,1221,37.51044,-121.954,-0.7247792732354624
18801,1221,37.64372,-121.90046,-0.3147463368336876
18802,1221,37.87052,-122.05135,-0.7000325635764801
18803,1221,37.85095,-122.24588,-0.0291941182179644
18804,1221,37.78882,-121.97125,-1.6953972295995317
18805,1221,37.15491,-121.60989,0.1841916218779116
18806,1221,38.08251,-122.15759,-0.8496405060199049
18807,1221,37.16346,-121.62645,-0.658877967581063
18808,1221,37.85727,-122.42266,2.6113074122139626
18809,1221,37.45035,-121.80037,0.2406176808928795
18810,1221,37.74766,-121.70843,0.2797600264764707
18811,1221,37.81647,-122.06302,-2.677455168655944
18812,1221,37.25898,-121.67311,-1.5132087881263043
18813,1221,37.7294,-121.83346,-0.7329769549950244
18814,1221,37.37289,-121.76887,-0.2358949921470728
18815,1221,37.73786,-122.06486,-0.111180419126313
18816,1221,38.03455,-120.38651,-1.1349367386935147
18817,1221,37.81041,-121.80272,-1.4936694374468067
18818,1221,37.9889,-122.2156,-0.4462756138341632
18819,1221,37.94906,-122.40851,1.235913348810609
18820,1221,37.85884,-121.99264,-0.8415583555739989
18821,1221,37.91233,-121.90716,-0.9670209343869778
18822,1221,37.72416,-122.11929,-1.2433658097839937
18823,1221,38.02691,-122.01599,-1.0551386404378296
18824,1221,38.34526,-122.4584,-0.9570907424340904
18825,1221,37.80787,-122.3618,-0.0821476886312748
18826,1221,37.69782,-123.0011,-0.2451974580368828
18827,1221,36.3887,-121.5514,0.7528176450172297
18828,1221,37.0254,-121.4845,-0.2019945403122658
18829,1221,36.68011,-119.02282,0.894657569069851
18830,1221,36.82681,-121.64349,-0.9068190112234022
18831,1221,37.36775,-122.15358,1.0313871637659076
18832,1221,37.31746,-122.03644,0.4292031813253077
18833,1221,37.29606,-121.96046,-1.0438452060476124
18834,1221,37.49236,-122.24467,1.4764163874356424
18835,1221,37.51974,-122.51173,1.7302635002144229
18836,1221,37.45796,-122.43623,2.5496227667000246
18837,1221,37.40599,-122.10693,-1.9513948494819613
18838,1221,37.33187,-121.87612,-0.750775760912732
18839,1221,37.45744,-122.25167,0.0074710463174602
18840,1221,37.31959,-122.07355,1.5793714662556635
18841,1221,37.43433,-122.19835,1.108876412057779
18842,1221,37.76603,-122.44114,1.6745813559588978
18843,1221,37.35655,-122.23656,0.6129025599159008
18844,1221,37.39475,-122.07255,1.0621691517976186
18845,1221,37.3476,-122.08417,0.2536803182540269
18846,1221,37.5813,-122.48242,2.1158216980931392
18847,1221,37.45286,-122.19582,-1.346761332632899
18848,1221,37.37023,-122.11345,0.381557229523854
18849,1221,37.34305,-122.33976,1.7016054296007963
18850,1221,37.31861,-122.15314,0.7207556132873131
18851,1221,37.12043,-122.1552,2.40783423520671
18852,1221,37.17217,-122.01121,1.2841111753710164
18853,1221,37.51704,-122.37731,1.3314779288089464
18854,1221,36.92745,-121.82764,0.4385287698608562
18855,1221,37.36045,-122.18986,1.2795924566729904
18856,1221,37.51604,-122.45815,3.1555486768347203
18857,1221,37.21427,-122.17168,1.2126213614902075
18858,1221,37.20631,-121.97726,0.3160359554463789
18859,1221,37.15432,-121.73467,0.1051402070446227
18860,1221,37.63719,-122.47482,0.2926728335563788
18861,1221,37.2708,-122.21276,0.0538592335419829
18862,1221,37.79499,-122.4746,0.1261698214421348
18863,1221,37.19855,-122.34671,1.648465635698165
18864,1221,37.40373,-122.23868,-0.4093315912237787
18865,1221,37.58225,-122.42006,0.2467552944324204
18866,1221,37.67433,-122.39855,0.5361064847865292
18867,1221,37.40372,-122.17596,0.8822602525958986
18868,1221,37.28397,-122.05017,-1.5839458588641666
18869,1221,37.58644,-122.50217,1.8099995805760831
18870,1221,37.16067,-121.89899,2.4549211159122843
18872,1221,37.6444,-118.89683,1.1231356099200895
18873,1221,38.14478,-122.88018,-0.6240857594953697
18874,1221,37.34164,-121.64257,-0.5492518723521337
18875,1221,37.65909,-118.97907,1.7771031673166502
18876,1221,38.87874,-122.44277,-3.2860203302896034
18877,1221,37.92144,-122.71806,1.188006908598828
18878,1221,38.26021,-122.55179,-1.1472479002391631
18879,1221,38.00198,-122.47466,1.4616190795602562
18880,1221,38.30988,-122.943,2.404590842390224
18881,1221,38.33656,-122.81082,2.2176744778732367
18882,1221,38.46769,-122.89651,0.4575993906944088
18883,1221,38.04962,-122.52331,2.02962924186976
18884,1221,38.15486,-121.80438,-1.0970848929750048
18885,1221,38.16488,-122.71296,1.9078951043113288
18886,1221,38.12282,-122.14921,-0.96173018044656
18887,1221,38.07601,-122.2585,-0.1492890978199824
18888,1221,37.99642,-123.01949,-0.5582443579712861
18889,1221,38.20025,-122.4644,-0.4547507840394821
18890,1221,37.92371,-122.59649,1.557422219224092
18891,1221,38.14361,-122.44969,-0.7368037978135626
18892,1221,38.24039,-122.79842,0.1978346757350796
18893,1221,38.38921,-122.66297,-0.3928116917110277
18894,1221,39.55451,-121.50036,-2.0259663554929777
18895,1221,37.008,-121.287,0.1674223573064204
18896,1221,35.945,-120.542,-1.8169560054087903
18897,1221,36.2159,-120.80126,-2.0274276335611794
18898,1221,35.63597,-120.86984,-0.0822453666174273
18899,1221,37.91608,-122.33607,0.1023178147865599
18900,1221,36.76403,-121.44722,-0.898394472067522
18901,1221,37.28744,-121.86422,1.134836014984994
18902,1221,37.62211,-121.75697,-2.1689923330937777
19352,1264,34.224,-117.331,-2.64674866625892
19353,1264,34.55046,-117.43391,0.2284721462561617
19354,1264,34.68708,-118.29946,0.9036057198739452
19355,1264,35.1269,-118.83009,0.398136935952998
19356,1264,32.68005,-116.67215,1.7479215013829317
19357,1264,34.2623,-116.92075,-1.6171017395491083
19358,1264,33.921,-116.981,-1.2091813704803471
19359,1264,34.23883,-117.65853,0.0604929312656862
19360,1264,34.069,-116.39,0.1470630794907047
19361,1264,33.268,-116.417,0.9229006233065592
19363,1264,33.999,-117.68,-1.3052125960274723
19364,1264,33.4019,-118.41502,2.5365260727570256
19365,1264,34.093,-117.317,0.2041729239445762
19366,1264,34.25353,-118.33383,0.5758310598265676
19367,1264,33.65,-117.009,0.7677896156028029
19368,1264,33.567,-116.631,0.8643135912851458
19369,1264,32.999,-116.942,-9.265029093230984
19371,1264,33.71264,-118.29381,-0.7859144528930692
19372,1264,34.1,-117.439,0.788011696787434
19373,1264,33.1537,-117.22921,0.4306333269738936
19374,1264,35.30177,-116.80574,0.5248801454215236
19375,1264,34.36622,-116.61266,-0.0527410217003946
19376,1264,33.7141,-116.7119,-0.5280649724277147
19377,1264,33.86889,-118.33143,1.9739042615544125
19378,1264,34.9906,-118.34156,1.872097311728408
19379,1264,34.80762,-118.86775,0.7031163864215086
19380,1264,34.93439,-117.69629,1.2095657099597237
19381,1264,34.3656,-117.36683,-1.08738906417196
19383,1264,33.6,-117.195,0.2544824858960922
19384,1264,33.94539,-117.92372,0.7308929076434866
19385,1264,34.6145,-118.7235,0.3319964059323108
19386,1264,34.1207,-117.63808,-1.754781800901454
19388,1264,33.354,-116.863,0.0417513212635442
19389,1264,33.7953,-117.60906,-1.217966333880934
19391,1264,34.09181,-117.80709,-1.324842661489292
19392,1264,33.63,-116.8478,1.742631089279655
19393,1264,34.10473,-117.97956,-0.2038519713753472
19394,1264,33.74346,-118.40412,1.8249717348582608
19395,1264,34.87533,-116.99684,0.6700850796340592
19396,1264,33.973,-117.327,0.0666293007835892
19397,1264,33.97327,-117.32674,-0.8673136280268894
19398,1264,34.05073,-118.08085,0.8309350914584941
19399,1264,33.99351,-117.37545,-0.3921295523481122
19401,1264,33.829,-117.789,0.6269510382031511
19402,1264,33.664,-117.769,-0.2196656247142298
19403,1264,34.106,-117.098,-0.0908103204965828
19404,1264,34.38203,-117.67822,0.8014581003608875
19406,1264,34.48364,-118.11783,0.863212804134075
19407,1264,34.56065,-117.3296,0.2041200506404063
19408,1264,34.00948,-117.95077,2.287791430470138
