recid,eqid,station_latitude,station_longitude,scaled_deltaW
50,30,33.801,-118.387,-1.20963026672494
51,30,33.5556,-116.674,1.9174785166617925
52,30,35.37,-119.021,-2.357222679370718
53,30,33.26,-116.37,0.3351381248252499
54,30,35.16,-119.35,-0.1884947926299471
55,30,33.9121,-117.838,0.5352846017187047
56,30,34.564,-118.642,1.1097751115830323
57,30,34.31,-117.3,0.9222678527854468
59,30,35.733,-120.29,-2.395136816951565
60,30,35.671,-120.359,-0.7943738964752084
61,30,34.059,-117.312,1.3997400672942564
62,30,34.704,-118.426,-0.1270969609449576
63,30,34.87,-118.9,-1.1331597666057174
64,30,34.808,-118.72,0.0954004120234436
65,30,33.729,-116.979,1.2833799346352597
66,30,35.644,-118.474,-0.0334155899336716
67,30,34.09,-118.339,0.416857135203411
68,30,33.77,-118.23,-0.8988369322230684
69,30,34.674,-118.43,-0.4116704224879935
70,30,34.571,-118.56,1.7299753222872656
71,30,34.65,-118.478,0.100590453979259
72,30,34.608,-118.558,-0.3571852401889526
73,30,35.997,-119.486,0.4560082185691753
74,30,35.04,-119.429,-0.6963906233563335
75,30,35.078,-119.401,-1.422859946540724
77,30,34.57806,-118.11401,0.4292336380708884
78,30,34.139,-118.121,0.349432996693883
80,30,34.5083,-117.922,-0.0090329217506631
81,30,34.145,-119.206,-0.4030936153393923
82,30,34.091,-117.808,-0.4673730117193837
83,30,32.719,-117.163,-0.9339269734617288
84,30,33.4894,-117.671,1.3315333293044291
85,30,33.37,-117.56,0.2637459725869432
86,30,34.185,-118.018,0.3331728704231704
87,30,34.46,-118.753,-1.0577194730156294
88,30,34.9417,-118.827,0.1939930874180468
89,30,34.41,-119.85,0.0741053121180363
90,30,34.155,-117.675,1.3926156949840525
91,30,35.027,-118.791,-0.4339976877652352
92,30,34.02,-118.053,-0.0338613710778842
93,30,34.36,-117.63,0.9958938839021516
321,76,36.503,-120.32,1.2548552879037582
322,76,35.639,-120.404,-0.8348538182800527
323,76,35.743,-120.277,0.1092457363689013
324,76,35.751,-120.259,-1.4105349966816532
326,76,35.77,-120.247,-0.5150104112408105
327,76,35.724,-120.294,0.0966665528672832
328,76,35.707,-120.316,-0.109376808099043
329,76,35.718,-120.304,1.5099639053809133
330,76,35.697,-120.328,1.3977225006996603
331,76,35.684,-120.342,0.7454883731307795
332,76,35.671,-120.359,0.2925311532434467
334,76,35.872,-120.422,-0.6552974919629695
335,76,35.896,-120.398,-0.0128168841795793
336,76,35.899,-120.433,-0.0552036498926944
337,76,35.908,-120.458,1.083217073651377
338,76,35.921,-120.481,0.3403019255206023
339,76,35.927,-120.456,0.5716354295126758
340,76,35.787,-120.334,0.6474569955521433
341,76,35.803,-120.334,0.8899482050007979
342,76,35.836,-120.395,-1.6227383982870232
343,76,35.859,-120.42,-1.831981670070136
344,76,35.871,-120.404,-0.1708656326663223
345,76,35.878,-120.381,-0.1034102274854917
346,76,35.879,-120.445,-1.934661194136882
347,76,35.818,-120.378,-0.8924629879529216
348,76,35.843,-120.348,-0.7174068958957469
349,76,35.812,-120.391,-0.3992090253388577
350,76,35.87,-120.334,0.2719469511325866
351,76,35.796,-120.411,1.7623345529819845
352,76,35.785,-120.444,0.0084380223978405
353,76,35.77,-120.477,0.79207030810193
354,76,35.738,-120.507,-0.1477269857895251
355,76,35.81,-120.282,0.193341898234827
356,76,35.833,-120.27,0.7422451141843472
357,76,35.855,-120.281,-0.2995661163525989
358,76,35.957,-120.481,0.1131205942439903
359,76,35.934,-120.497,-1.1914081494841395
361,76,35.927,-120.509,0.0707686355679363
362,76,35.922,-120.534,-0.6027553011644999
363,76,35.905,-120.55,-1.4385902175423195
365,76,35.861,-120.6,-0.7140581703724421
368,76,36.034,-120.59,0.895705956532842
588,113,34.07,-118.15,0.8179363285351879
589,113,34.177,-118.096,0.4421143846505459
590,113,33.817,-117.951,-0.9643997628321314
591,113,34.13,-118.036,1.0965600439279313
592,113,34.236,-118.439,0.1414212025361555
593,113,34.1,-117.974,-0.7373728421092177
594,113,33.965,-118.158,-0.4579473183559374
595,113,34.127,-118.405,0.8377715180478661
596,113,34.132,-118.439,0.5611965116899079
597,113,34.286,-118.225,0.2008693058640985
598,113,33.916,-117.896,-0.1141818968184755
599,113,33.89,-117.927,1.341836191628142
600,113,33.8904,-117.9258,-0.34477336793036
601,113,34.168,-118.331,1.420796145743164
602,113,34.15,-118.696,0.2290393210449416
603,113,34.212,-118.606,2.086136657017464
604,113,34.419,-118.426,1.352782698908881
605,113,33.9121,-117.838,0.0996848463958884
606,113,33.812,-118.27,-1.5404175696893547
608,113,34.459,-118.65,0.1869044846388072
609,113,34.564,-118.642,1.7950033431152252
610,113,33.899,-118.196,0.9971372082612912
611,113,34.078,-117.871,-0.8542321397842749
612,113,34.087,-117.915,-0.827693317103121
613,113,33.92,-118.137,1.0393641847303223
614,113,33.924,-118.167,-0.1638518348196383
615,113,34.093,-118.019,0.5935356737743425
616,113,33.869,-117.709,1.2922208983754255
617,113,33.719,-117.937,-0.8384042923331047
618,113,34.049,-118.112,0.8112798553741548
619,113,34.2,-118.231,0.2608488125522741
620,113,34.137,-117.883,-0.6898613968199857
621,113,33.99,-117.943,-0.1527179135222705
622,113,33.729,-116.979,0.3233790977286556
623,113,33.662,-117.997,-0.6395184366730282
624,113,33.905,-118.279,0.43454492338221
625,113,33.929,-118.26,0.713204522070239
626,113,34.009,-118.361,0.1974508074116399
627,113,34.001,-118.431,-2.512022485330495
628,113,34.063,-118.418,-0.9051405914080878
629,113,34.062,-118.416,-1.7712074315984163
630,113,34.086,-118.481,-0.3819807860540009
631,113,34.088,-118.222,-1.084082091035749
632,113,34.004,-118.23,-1.1197588543955257
633,113,34.115,-118.244,-0.0140442453983662
634,113,34.09,-118.339,-0.7605108258028903
635,113,34.089,-118.435,-1.855069187495619
636,113,34.111,-118.189,-0.8162155164231546
637,113,34.082,-118.298,0.4456528970719448
638,113,34.037,-118.178,0.452566170784264
639,113,34.005,-118.279,0.0121603218851763
640,113,34.046,-118.355,-0.623000058335501
641,113,33.976,-118.289,-0.4247585695601205
643,113,33.754,-118.2,-1.426225765100379
644,113,33.881,-118.176,1.1445467559206313
645,113,33.84,-118.194,1.1581092169392462
646,113,33.778,-118.133,-1.646456264057915
647,113,34.238,-118.254,0.0369487733587992
648,113,33.921,-117.973,-0.029750583927065
649,113,34.026,-117.918,-0.4203731465927173
650,113,34.674,-118.43,0.61609295514257
651,113,33.846,-118.099,0.8835868345063301
652,113,34.688,-118.156,1.2151143836934182
653,113,33.897,-118.346,-0.8354871514456608
654,113,34.6,-118.241,0.8673612755106992
655,113,34.604,-118.244,0.1590654957527902
656,113,34.045,-118.638,0.4516864909537341
657,113,34.013,-118.8,0.4600246088932466
658,113,34.024,-118.788,0.4732668373867347
660,113,34.39,-118.08,0.1415970845681176
661,113,34.288,-118.881,0.9642558234617548
662,113,34.224,-118.057,-0.95563355350725
663,113,34.194,-118.412,1.3873883579217627
664,113,34.387,-118.533,0.3979791333657203
665,113,34.391,-118.622,0.9345517194326404
666,113,34.209,-118.517,1.4391134999973094
667,113,33.915,-118.07,-0.8928882164433196
668,113,33.9354,-117.884,0.6573677422551184
669,113,34.042,-118.554,-1.7373523909238937
670,113,34.296,-118.375,1.5912318656458082
671,113,34.25,-118.42,0.467935437876623
672,113,34.222,-118.442,0.7941202306235389
674,113,34.139,-118.121,-0.9050470412778208
682,113,34.168,-118.078,0.4617325770536195
683,113,33.96,-118.432,-1.7232949271903215
684,113,34.056,-117.748,-1.523262303283885
685,113,34.104,-117.574,-1.1946940380368531
686,113,33.74,-118.335,-1.5885623644352944
687,113,33.951,-117.446,-0.7060791582600364
688,113,34.827,-118.265,1.3450656320195309
689,113,34.091,-118.093,0.3598704983298965
690,113,34.115,-118.13,-1.3474539054481558
691,113,33.944,-118.087,1.9239180922363663
692,113,34.005,-118.485,-1.405008929279874
693,113,34.146,-118.412,1.828412983991215
694,113,34.221,-118.421,1.7190375969050091
695,113,34.235,-118.366,-0.3845265238503877
696,113,34.269,-118.303,-0.4447531955113279
697,113,34.326,-118.444,-0.1106624834662836
698,113,34.306,-118.437,-0.3035014349276977
699,113,34.16,-118.534,4.39958750138187
700,113,33.736,-118.269,-0.3495522070746996
701,113,33.822,-118.356,-1.195025090685427
703,113,33.821,-117.818,-0.5223168550696975
704,113,34.064,-117.952,-0.8632636724591629
705,113,34.02,-118.053,0.3395224400956065
706,114,34.07,-118.15,0.8919689641370155
707,114,34.177,-118.096,1.182034830576585
708,114,33.924,-118.167,-0.8313748759439601
709,114,33.905,-118.279,0.9791587078697058
710,114,33.929,-118.26,1.0645594295933944
711,114,34.009,-118.361,0.6855114103447271
712,114,34.09,-118.339,0.1355448669398405
713,114,34.037,-118.178,1.5823919795621448
714,114,34.224,-118.057,1.3640747727358178
715,114,34.115,-118.13,1.4590178825176412
716,114,34.16,-118.534,1.040616519004696
3683,114,33.817,-117.951,-0.3366104106326495
3684,114,34.13,-118.036,0.935916604550811
3685,114,34.1,-117.974,-1.256184714460868
3686,114,33.965,-118.158,-0.3543903728316852
3687,114,34.127,-118.405,-0.1245436574814657
3688,114,34.286,-118.225,1.6079376146186326
3689,114,33.916,-117.896,0.5508319625099991
3690,114,33.847,-118.018,1.733573277683201
3691,114,34.168,-118.331,-0.6020069070261826
3692,114,34.15,-118.696,-0.897888050646377
3693,114,34.212,-118.606,0.1994252696132031
3694,114,34.419,-118.426,0.1951421473975937
3695,114,33.812,-118.27,-1.2300539023612096
3697,114,33.899,-118.196,0.238325217188112
3698,114,34.078,-117.871,-1.3802969534622065
3699,114,34.087,-117.915,-0.9114691137683012
3700,114,33.92,-118.137,-0.7187512972022472
3701,114,34.093,-118.019,-0.3379265089985873
3702,114,33.719,-117.937,0.1629296016548783
3703,114,34.2,-118.231,0.4605495523863683
3704,114,33.79,-118.012,0.5478312367490662
3705,114,34.137,-117.883,-1.5110324714475063
3706,114,33.99,-117.943,-0.4158489122329455
3707,114,34.001,-118.431,-1.631635006202258
3708,114,34.088,-118.222,-0.2172841207550786
3709,114,34.004,-118.23,-0.2169841391378708
3710,114,34.115,-118.244,0.4543861111087739
3711,114,34.089,-118.435,-2.248542078706099
3712,114,34.111,-118.189,-0.5956052248461638
3713,114,34.082,-118.298,-0.4902184190269177
3714,114,34.005,-118.279,0.994371675142666
3715,114,34.046,-118.355,-0.7907383594623061
3716,114,33.976,-118.289,0.1704292459197355
3718,114,34.238,-118.254,0.2907294024719568
3719,114,33.921,-117.973,-0.1362960810140338
3720,114,34.026,-117.918,-0.747769578864861
3721,114,33.846,-118.099,1.3942657550479312
3722,114,33.897,-118.346,-0.5359789739224063
3723,114,33.881,-118.176,-0.2619116369177273
3724,114,34.024,-118.788,-0.698240531611881
3725,114,33.886,-118.389,-0.6301160730166102
3726,114,34.39,-118.08,1.4663373446309689
3727,114,34.194,-118.412,0.2104227645188113
3728,114,34.209,-118.517,-0.0698559318807098
3729,114,34.042,-118.554,-2.340516587816989
3730,114,34.25,-118.42,0.0155243384691517
3731,114,34.222,-118.442,0.0114392828375288
3732,114,34.168,-118.078,1.6598922526693711
3733,114,34.091,-118.093,0.1824090093025082
3734,114,33.944,-118.087,1.2090812738703525
3735,114,34.146,-118.412,1.1148684847014811
3736,114,34.221,-118.421,0.5268818498252701
3737,114,34.235,-118.366,-1.0732119597580625
3738,114,34.269,-118.303,-0.3639088974022567
3739,114,34.306,-118.437,-1.080587506673064
3740,114,33.822,-118.356,-0.5028493376140313
3741,114,33.821,-117.818,0.2652915761858598
3742,114,34.064,-117.952,-1.780387513486709
730,118,37.465,-122.342,-0.5352062448379946
732,118,37.657,-122.082,0.6707069315724946
733,118,37.657,-122.061,0.7022259736025014
734,118,37.484,-122.313,0.3633724695636909
735,118,37.47,-122.32,0.5335606885038755
736,118,37.397,-121.952,-0.6888926395816227
737,118,37.785,-122.303,0.040892157147043
740,118,37.047,-121.984,0.3010031951791627
741,118,36.573,-121.184,0.4733185566081785
742,118,36.532,-121.143,0.2157598489851823
743,118,36.658,-121.249,0.6724282792725362
744,118,36.569,-121.043,0.3849732325323928
745,118,36.673,-121.195,-0.1733113310368971
746,118,36.483,-121.18,-1.205070210040057
747,118,37.512,-122.308,0.1197092855498215
748,118,37.87,-122.24,0.2493913289442971
749,118,37.876,-122.249,1.2855398828463902
750,118,37.452,-121.807,-0.8537861792899084
751,118,36.973,-121.953,0.7325509281627657
752,118,37.05,-121.803,0.0645177084101891
753,118,37.124,-121.551,-1.4867351288767712
754,118,37.118,-121.55,0.3110497143069264
755,118,37.709,-121.932,-0.8303887402759231
756,118,37.492,-122.136,-1.235280730441635
757,118,37.844,-122.295,1.6165703951920714
760,118,37.535,-121.929,-0.0791599451276387
761,118,37.53,-121.919,-0.0378574090611659
762,118,36.973,-121.568,0.1869683739548173
763,118,37.009,-121.569,-1.306818239666181
765,118,36.982,-121.556,-0.1976265923810186
766,118,36.987,-121.536,0.4000749697994016
767,118,37.001,-121.522,-0.2208812858346527
768,118,37.026,-121.484,-0.5075525122494297
769,118,37.033,-121.434,-0.1801741831341696
770,118,37.808,-122.476,1.81393329865055
771,118,37.338,-121.714,-1.6693725017845886
772,118,37.67,-122.086,-0.1391742588788702
773,118,37.679,-122.082,-0.3986341292459369
774,118,36.765,-121.446,-1.738736622698505
775,118,36.848,-121.397,0.3857541694980451
776,118,36.85,-121.4,-1.137112734319761
777,118,36.888,-121.413,-0.2885702098506573
778,118,37.172,-122.01,-0.5485431945568443
780,118,37.529,-122.361,0.6936587445427491
781,118,36.597,-121.897,-0.6025803554556187
782,118,37.813,-122.314,1.9474135966666464
783,118,37.806,-122.267,1.7083765361173435
784,118,38.043,-122.797,1.712707342090488
785,118,37.453,-122.112,-0.387804568920718
786,118,37.42,-122.21,0.9573389179307538
789,118,37.935,-122.342,0.6472840941916902
790,118,36.753,-121.395,-1.1883057644219894
791,118,37.728,-122.385,0.8065852587214698
792,118,37.778,-122.513,0.7135914363784259
793,118,37.74,-122.432,1.6606281024010288
795,118,37.792,-122.457,1.836626196728055
797,118,37.803,-122.408,-0.0605339314299841
798,118,37.622,-122.398,2.495128566350521
799,118,36.671,-121.642,-1.9443815165667608
800,118,37.21,-121.803,-0.6091490323792172
801,118,37.255,-122.031,-1.0820631822498237
802,118,37.262,-122.009,-0.6721774039036608
805,118,37.402,-122.025,-0.3460727128390435
806,118,37.597,-121.88,-0.0629102017909475
808,118,37.001,-122.062,-0.1359712854048487
809,118,37.001,-122.06,1.3103088315048657
810,118,36.972,-121.995,0.3045112328612497
811,118,37.429,-122.258,-0.8221592375878904
812,118,37.807,-122.361,0.3486124380826236
831,125,34.56,-115.743,0.9336506240689124
832,125,33.817,-117.951,0.6269689777608873
833,125,34.127,-118.059,-1.2492951094563374
834,125,34.13,-118.036,0.7312532722844837
835,125,35.271,-116.066,0.7586776259203684
836,125,34.1,-117.974,-0.8713268065428724
837,125,34.887,-117.047,-0.7269229548399875
838,125,33.965,-118.158,-0.3054058978216611
839,125,34.286,-118.225,0.3992575801256311
840,125,35.002,-117.65,0.3771582682100852
841,125,33.916,-117.896,-0.161636325565488
842,125,33.847,-118.018,0.1243017547469036
843,125,34.168,-118.331,0.7248447262637171
844,125,34.15,-118.696,-0.3092612623445903
845,125,34.358,-118.571,0.341284775791961
846,125,33.899,-118.196,1.25496907817408
847,125,34.851,-116.858,1.0681327548727235
848,125,34.087,-117.915,0.1598558566470644
849,125,33.962,-116.509,-0.9190974059827992
850,125,33.924,-118.167,0.1676976204763849
851,125,34.15,-117.939,-0.4741327997962572
852,125,34.093,-118.019,-0.5285116784271441
853,125,33.869,-117.709,1.0483056096038987
854,125,35.268,-116.684,0.8487474893369455
855,125,33.719,-117.937,0.5468839601124801
856,125,34.2,-118.231,1.1430516198748455
857,125,34.137,-117.883,0.3666647255979745
858,125,33.99,-117.943,0.8888999678909149
859,125,33.729,-116.979,-0.6702628237827052
860,125,33.727,-118.044,0.6156348209626052
861,125,33.717,-116.155,-0.619950390656052
862,125,33.905,-118.279,0.3723039207269608
863,125,34.13,-116.314,-0.6441329161926099
864,125,33.929,-118.26,0.2915469449542208
865,125,34.004,-118.23,0.0268005207589864
866,125,34.115,-118.244,0.2170671542567895
867,125,34.111,-118.189,0.2343246522381671
868,125,34.082,-118.298,1.0558878007556776
869,125,34.037,-118.178,0.8297068161795881
870,125,34.005,-118.279,0.1580811686706767
871,125,34.045,-118.298,0.0156905574278031
872,125,33.976,-118.289,0.3255804769464371
873,125,33.881,-118.176,1.4624494162598989
874,125,34.238,-118.254,-0.7372302566884552
875,125,33.921,-117.973,0.4285805331360806
876,125,34.026,-117.918,0.0424440045947264
877,125,33.846,-118.099,0.662160572614102
879,125,33.905,-116.419,-1.1254338594643072
880,125,34.04856,-116.57816,-1.087770278158284
881,125,33.924,-116.543,-0.992300567241812
882,125,34.209,-118.517,0.0247590741605595
883,125,33.829,-116.512,-1.5533557589758702
884,125,34.056,-117.748,0.9551705108899752
885,125,33.324,-116.683,-1.206956616342644
886,125,33.951,-117.446,-0.7635818322401964
887,125,34.065,-117.292,-0.1156156963852451
888,125,34.091,-118.093,-0.0074464149718685
889,125,33.944,-118.087,0.6328771622079332
890,125,33.851,-116.852,-2.028257999786013
891,125,34.221,-118.421,0.2377471435823978
892,125,34.235,-118.366,-0.7804246957003983
893,125,34.269,-118.303,-0.352485851435773
894,125,34.16,-118.534,1.3175616261994336
895,125,33.7278,-117.824,0.059102245078998
896,125,34.021,-116.009,-1.194628791164256
897,125,33.821,-117.818,-0.386793618429642
898,125,34.064,-117.952,0.0870355790106036
899,125,34.904,-116.823,-0.4849272045006041
3751,125,34.088,-116.919,-0.5349499102842034
3752,125,33.925,-116.389,1.1792685703752472
3753,125,33.74624,-116.2163,0.1825512958225128
3755,125,35.043,-116.572,0.1762340897034673
3756,125,33.92474,-116.54794,-1.005221893104381
3757,125,33.81663,-116.3945,-0.9840989449921392
3758,125,33.99,-116.656,-0.6908417869421413
3759,125,34.238,-116.935,0.938212333466485
900,126,34.238,-116.935,1.1443247174932014
901,126,33.962,-116.509,1.1530881677241214
902,126,33.426,-116.078,0.8958974152786949
903,126,34.662,-118.387,0.7690771757458473
904,126,33.869,-117.709,0.0243070635042351
905,126,33.729,-116.979,-0.2856113788768989
906,126,34.405,-117.313,-0.9149056851154465
907,126,33.717,-116.155,0.5553992477410495
908,126,33.715,-116.221,-0.0405782611662887
909,126,34.13,-116.314,-0.3338859896842577
910,126,34.04,-118.445,0.5444808156211625
911,126,34.053,-118.171,0.8772054365672295
912,126,34.059,-118.246,0.3260977019404996
913,126,34.062,-118.198,0.8145081354818801
914,126,33.628,-116.28,-1.0062213632340031
915,126,33.564,-115.987,0.9950616335750156
916,126,34.233,-117.661,-0.3943320837061173
917,126,33.634,-117.902,-0.2104921061086088
918,126,33.421,-115.831,1.0975839048848608
919,126,33.504,-115.913,1.673895460768354
920,126,33.829,-116.512,-0.7313593037075953
921,126,34.458,-117.909,0.3667425660418125
922,126,34.467,-117.52,-0.7676602740117102
923,126,33.324,-116.683,-0.7315995804247519
924,126,34.169,-117.579,0.4890240679482354
925,126,34.104,-117.574,-1.356598232311239
926,126,33.951,-117.446,-1.7855594664390444
927,126,33.58,-116.931,-0.5566763236732389
928,126,33.28,-115.984,1.8217627628333768
929,126,34.103,-117.288,-0.5740139761483113
930,126,34.065,-117.292,-0.314224282201394
931,126,33.76,-116.96,-1.6794348956974785
932,126,33.757,-118.084,0.1006282524969583
933,126,33.851,-116.852,-1.4607065870453244
934,126,33.888,-116.684,0.1677059365928955
935,126,34.16,-118.534,0.5702032292906094
936,126,33.496,-117.149,0.0722727919158732
937,126,33.64,-117.094,-1.7450978679734666
938,126,34.314,-117.545,0.514609370046514
939,126,34.369,-117.658,1.1558122486688682
940,126,34.904,-116.823,-0.2358560623621314
6056,126,34.136,-117.213,-0.0301839659358569
6057,126,33.925,-116.389,0.2857515477280045
6058,126,34.04856,-116.57816,-0.1066783622537003
6059,126,33.92474,-116.54794,0.9729181005859212
941,127,34.07,-118.15,-0.6170800991383569
942,127,34.016,-119.362,0.1422668059429341
943,127,33.817,-117.951,0.1318088443447785
944,127,34.58,-118.199,-1.6407599898310754
945,127,34.758,-118.361,-1.0738654888768775
946,127,34.127,-118.059,-0.6821264189829919
947,127,34.13,-118.036,0.1341041871605832
948,127,34.236,-118.439,-1.2578519739828544
949,127,34.1,-117.974,0.3173937163231898
950,127,33.965,-118.158,-1.0329828119740303
951,127,34.127,-118.405,1.7112405596796292
952,127,34.132,-118.439,0.6173653819099405
953,127,34.286,-118.225,-0.0317859896980926
954,127,33.916,-117.896,0.6012664937915911
955,127,33.847,-118.018,0.5897501188764086
956,127,34.204,-118.302,-0.7447836376066382
957,127,34.208,-119.079,-0.5353967634972702
958,127,34.212,-118.606,-1.0476326077947715
959,127,34.419,-118.426,-0.0403121094288049
960,127,33.812,-118.27,-0.8342137233596179
962,127,34.564,-118.642,1.6892997183585108
963,127,33.899,-118.196,-0.4088753202592355
964,127,34.078,-117.871,-0.2734881542392842
965,127,34.087,-117.915,-0.3881461693310473
966,127,33.92,-118.137,0.337251340570713
967,127,33.924,-118.167,1.2283009137715155
968,127,34.15,-117.939,-1.086261463604765
969,127,34.093,-118.019,0.3554110454432457
970,127,34.662,-118.387,0.4556867586360029
971,127,33.869,-117.709,1.5120460211778923
972,127,33.79,-118.012,1.56630634740909
973,127,34.2,-118.231,0.1465748219917317
974,127,34.137,-117.883,-0.3888188847431788
975,127,33.99,-117.943,-0.6476890012802149
976,127,33.731,-117.023,1.5388899453648812
977,127,34.088,-118.365,-0.5957447846820442
978,127,33.727,-118.044,-0.1176653930101168
979,127,33.662,-117.997,0.2880616627202739
980,127,33.905,-118.279,-0.9041529643547505
981,127,34.312,-118.496,-0.9859976490967888
982,127,34.313,-118.498,0.7234733281040991
983,127,33.929,-118.26,-0.3017241903356837
984,127,34.009,-118.361,0.2277545146050437
985,127,34.063,-118.463,-0.9244391300067124
986,127,34.001,-118.431,0.7627279191881491
987,127,34.063,-118.418,-0.4469572961409779
988,127,34.086,-118.481,0.1435751487440766
989,127,34.053,-118.171,1.423289460384061
990,127,34.088,-118.222,-0.4986485705944662
991,127,34.004,-118.23,-0.1609266911682223
992,127,34.115,-118.244,-0.4623297355326206
994,127,34.09,-118.339,0.1602216389089924
995,127,34.089,-118.435,-0.6874554359750519
996,127,34.111,-118.189,-0.5121494685603127
997,127,34.082,-118.298,1.532876555787476
998,127,34.037,-118.178,1.9418144162208493
999,127,34.043,-118.271,-1.3102810553523911
1000,127,34.005,-118.279,1.233498191004347
1001,127,34.021,-118.287,-0.9307297811209628
1002,127,34.046,-118.355,1.1128519369169243
1003,127,34.24892,-118.4789,0.5887366390399388
1004,127,34.059,-118.246,0.2279207777327219
1005,127,34.068,-118.439,-0.0100007590716235
1006,127,34.062,-118.198,1.2121648727165033
1007,127,34.045,-118.298,-0.5584506224596912
1011,127,34.106,-118.454,1.4166987265527662
1012,127,34.294,-118.483,-0.7088710114086915
1013,127,33.768,-118.196,-0.9388268974688044
1014,127,33.84,-118.194,-0.6902133366916341
1015,127,34.238,-118.254,-1.1914347754145804
1016,127,33.921,-117.973,1.437269245495684
1017,127,34.026,-117.918,0.4778784455700732
1018,127,34.674,-118.43,-0.695829063390771
1019,127,34.571,-118.56,-0.588795447556125
1020,127,34.65,-118.478,-0.6127735583768045
1021,127,34.65,-118.477,-2.041315979713198
1022,127,34.608,-118.558,0.1982662825243915
1023,127,33.846,-118.099,0.6907415879404076
1024,127,34.739,-118.214,-1.396781114125038
1025,127,33.897,-118.346,-0.9374616062947316
1026,127,34.594,-118.242,-0.9530057565802365
1027,127,34.595,-118.243,-1.4885287541620296
1028,127,34.596,-118.243,-1.11297633558343
1029,127,34.598,-118.242,-1.4295466045687435
1030,127,34.6,-118.241,-0.1336032625981135
1031,127,34.604,-118.244,0.3175905138461418
1032,127,34.486,-117.98,-0.4230380258410392
1033,127,34.013,-118.8,-0.922137507113245
1034,127,33.886,-118.389,0.0494309169297436
1035,127,35.07,-118.175,0.107795871529919
1036,127,35.042,-118.377,-0.1687108161495049
1037,127,33.99,-118.114,0.8292461971617746
1038,127,34.288,-118.881,0.117726807820822
1039,127,34.233,-117.661,0.6075163881778747
1040,127,34.224,-118.057,0.3015264523806144
1041,127,34.194,-118.412,-1.225205153870873
1042,127,34.848,-118.536,-1.5077281096103066
1043,127,34.387,-118.533,1.0156847793260968
1044,127,34.391,-118.622,-2.2459683342071592
1045,127,33.634,-117.902,0.1273280859299287
1046,127,33.623,-117.931,1.5980038020608651
1047,127,34.209,-118.517,-0.4137850708575949
1048,127,34.042,-118.554,0.4814596257319076
1051,127,34.296,-118.375,-0.5179997769939311
1052,127,34.581,-118.135,-0.794961516533273
1053,127,34.435,-118.582,-1.505336918638581
1054,127,34.168,-118.078,1.331532902965209
1055,127,34.467,-117.52,-0.1641081723490224
1056,127,33.96,-118.432,-1.1983269910273384
1057,127,34.109,-119.065,1.745829236412561
1058,127,34.145,-119.206,-0.3902162848171879
1059,127,34.169,-117.579,0.9418658810918048
1060,127,33.746,-118.396,0.0238863988662615
1061,127,33.74,-118.335,2.2121832650820283
1062,127,34.281,-118.478,0.3928829817765784
1063,127,33.951,-117.446,0.6230310138176772
1064,127,33.787,-118.356,1.0061062004522985
1065,127,34.87,-118.206,0.1222819871747083
1066,127,34.183,-117.321,0.148835152694941
1068,127,34.065,-117.292,1.122143353108209
1069,127,34.091,-118.093,0.3578109735115773
1070,127,33.787,-116.958,2.079676308544544
1071,127,34.115,-118.13,-0.3033203408992749
1072,127,33.722,-118.309,1.293158186284424
1073,127,34.743,-118.724,-0.490367136231261
1074,127,34.422,-119.851,1.2983204239179702
1075,127,33.944,-118.087,0.6107000227999027
1076,127,34.011,-118.49,1.7101630347792645
1077,127,34.232,-118.71,-0.3168628633481278
1078,127,33.757,-118.084,-0.056398523995644
1079,127,34.264,-118.666,0.3786410751743304
1081,127,34.221,-118.421,-0.9244664115473382
1082,127,34.269,-118.303,-2.074829087897075
1083,127,34.311,-118.49,-0.9330391249100763
1084,127,34.312,-118.481,-0.452775327174573
1085,127,34.326,-118.444,0.5018444932978732
1086,127,34.16,-118.534,2.979841791141782
1087,127,33.736,-118.269,1.4928501937892262
1088,127,34.084,-118.6,0.5473666990644748
1089,127,33.7278,-117.824,0.3542695295370635
1091,127,34.276,-119.293,-0.6174446811050466
1092,127,33.821,-117.818,-0.2172294243019031
1093,127,34.064,-117.952,-0.7820655981651778
1094,127,34.015,-118.029,-0.0536227939207762
1095,127,34.381,-117.737,0.2241487755359843
1096,127,34.314,-117.545,0.1408432725134171
1097,127,34.369,-117.658,0.6819914727649757
1179,137,23.7192,120.4125,-1.0718646004162913
1180,137,23.6013,120.1715,0.0642659754080163
1181,137,23.5815,120.552,0.8047401890680002
1182,137,23.4853,120.2692,0.8149521245530155
1183,137,23.4653,120.544,1.2574013637677095
1184,137,23.3328,120.1523,-0.8843298214080514
1185,137,23.2963,120.5828,1.675167148511803
1186,137,23.355,120.4052,0.6969105807499127
1187,137,23.2212,120.1532,0.5809190787179999
1188,137,23.2147,120.268,-0.943155845873064
1189,137,23.1795,120.4778,-0.1795915509014508
1190,137,23.0457,120.4615,0.8262006546945225
1191,137,22.9655,120.28,-0.2149194032291869
1192,137,23.757,120.6062,0.0715278277506292
1193,137,23.7795,120.5137,-0.5471638310495412
1194,137,23.7987,120.4113,-1.1906734445343752
1195,137,23.752,120.2468,-1.465569089481392
1196,137,23.632,120.6052,1.7056648968663954
1197,137,23.6135,120.5282,-0.0441172725158233
1198,137,23.5799,120.291,-0.2987027442487805
1199,137,23.5407,120.2153,-1.212665007758761
1200,137,23.5212,120.5443,0.2429672600937693
1201,137,23.52,120.584,0.8043552325324482
1202,137,23.6073,120.4788,0.7812500135362164
1203,137,23.5207,120.344,-0.4747922006971495
1204,137,23.4388,120.5957,2.0481057870821804
1205,137,23.3583,120.5833,0.0454782296389386
1206,137,23.3832,120.1635,-0.3554646100464259
1207,137,23.4765,120.4632,0.4285298611606969
1209,137,23.2803,120.4083,1.0760530825412602
1210,137,23.2878,120.501,0.8165495787596317
1212,137,23.2698,120.2705,0.095288943089894
1213,137,23.1495,120.4098,-0.7526251946133454
1214,137,23.1725,120.3192,-0.395829633159558
1215,137,23.184,120.1025,-1.3264022132124424
1216,137,23.1243,120.2392,-0.6915873469185825
1217,137,23.0768,120.5107,-0.914813719302723
1218,137,23.1213,120.45,0.998756889183691
1219,137,23.027,120.3402,-0.1861644370095391
1220,137,22.906,120.345,0.7023796575496283
1221,137,22.9205,120.2078,-1.3454443734488557
1222,137,22.999,120.1837,-0.7694975428680821
1223,137,22.9737,120.1815,-0.505305312621224
1224,137,22.971,120.2286,-0.7410097258583271
1225,137,23.0648,120.1645,-0.4029923874667032
1226,137,23.5103,120.8052,-0.2544232190330224
1229,137,23.1848,120.528,-0.3079705004028885
1230,137,23.5972,120.6777,1.267119596185544
1231,137,23.267,120.488,-0.5907221594376183
1232,137,23.7237,120.2975,-1.1513263310986406
1233,137,23.351,120.5932,0.9078306864719368
1234,137,23.3845,120.519,1.2856525921319817
1235,137,23.3462,120.4293,1.3422350253219082
1236,137,23.2673,120.2163,-0.2272987531971269
1237,137,23.7913,120.4783,-1.369718025360006
1238,137,23.6538,120.1472,-0.499875415814615
1239,137,23.7935,120.3205,-1.3468047128426546
1240,137,22.983,120.2327,-0.6124955706679983
1241,137,23.1373,120.2802,-0.8839597009939343
1242,137,23.2272,120.3418,-0.5937643370704192
1243,137,23.6862,120.5622,0.7686068225519053
1245,137,23.6695,120.4648,-0.7799402542940812
1249,137,23.0775,120.1082,0.1033783548359244
1257,137,23.6608,121.414,1.2968389951857782
1258,137,23.6732,121.4173,0.7984743488333992
1259,137,23.9877,121.6173,0.1756277018163786
1260,137,23.9925,121.6165,1.833187609158244
1261,137,23.9962,121.5858,0.9391269929870584
1262,137,23.993,121.6233,0.7716020401456347
1263,137,23.978,121.591,0.6673719623246803
1264,137,23.9732,121.5993,0.1791470538667161
1265,137,23.9757,121.553,0.2829127104125009
1266,137,23.9648,121.56,0.7659869181574429
1267,137,23.9497,121.5392,0.2897044282963922
1268,137,23.977,121.605,1.745084032757945
1269,137,23.8137,121.4328,0.5358440198593247
1270,137,24.2675,121.7325,1.805318279466109
1271,137,24.08,121.5955,-0.5706805832279612
1272,137,23.3522,121.297,-1.6258923988977805
1273,137,24.163,121.6447,0.5075257048348253
1274,137,24.1185,121.6165,0.7395502374146936
1275,137,24.055,121.591,1.5382106889546223
1276,137,24.0172,121.6013,0.5454841029520455
1277,137,23.9373,121.5702,0.671598079749778
1278,137,23.7852,121.4488,0.0213753641380408
1279,137,23.7653,121.4922,1.0127322222463035
1280,137,23.7108,121.412,1.1299510821670278
1281,137,23.6867,121.4747,1.8397665030822832
1282,137,23.5905,121.3772,1.3379658483904298
1283,137,23.732,121.4362,1.0101495861304282
1284,137,23.4995,121.367,0.1654731493405513
1285,137,23.4542,121.384,1.1329215596444104
1286,137,23.4615,121.3445,-0.0187802395911859
1287,137,23.3845,121.3523,0.4420751545251859
1288,137,23.2675,121.2942,0.2403633845952071
1289,137,23.7092,121.54,0.6802164243585908
1290,137,23.6538,121.5268,0.5121073946596079
1291,137,24.3095,121.7405,1.9934483297506285
1292,137,24.1492,121.6213,1.175756933967799
1293,137,24.0113,121.5715,1.4487810799444467
1294,137,23.9952,121.5577,1.0862563112894867
1295,137,23.9897,121.584,1.1139709659019323
1296,137,23.8703,121.548,1.9072991373666484
1298,137,23.4317,121.3398,-1.190571040354622
1299,137,23.3232,121.3323,0.4028251089481406
1300,137,24.1795,121.5077,1.3342186712807136
1301,137,24.16,121.61,1.1405357748801148
1302,137,23.9672,121.484,1.3524362400508607
1303,137,23.8713,121.5005,0.5499868632058467
1304,137,23.8703,121.59,-0.303532282716744
1307,137,24.845,121.7973,-0.2045841242986198
1308,137,24.7982,121.7813,0.7213956409673715
1310,137,24.6978,121.8052,0.1071190371414389
1311,137,24.6412,121.825,0.5994801669368475
1312,137,24.5943,121.8462,1.4828545941289863
1313,137,24.7088,121.7628,1.1191172831591578
1314,137,24.619,121.7812,1.4920077434426635
1315,137,24.7807,121.7335,0.142822991780343
1316,137,24.732,121.7294,1.967069978431071
1317,137,24.6945,121.7202,0.4219403473622626
1319,137,24.749,121.684,-0.3636605459473083
1320,137,24.7135,121.644,0.8882939043248876
1321,137,24.6448,121.588,-0.2260945282101655
1322,137,24.6893,121.7603,0.8457274023116752
1323,137,24.7278,121.755,1.24665846042643
1324,137,24.5995,121.8337,2.068229962283136
1325,137,24.6242,121.8272,-0.4007015998487506
1326,137,24.8241,121.7603,-0.7843050132227243
1327,137,24.7883,121.7513,-0.4349686507036998
1328,137,24.7455,121.7142,-0.238351793112697
1329,137,24.765,121.7212,-0.9142695215297174
1330,137,24.7233,121.7917,0.3307906311329363
1331,137,24.6903,121.792,0.8403498075256272
1332,137,24.629,121.7347,1.402249282131768
1334,137,24.666,121.7338,1.1601008870490566
1335,137,24.7663,121.7612,0.5177099481906012
1336,137,24.7655,121.748,-0.6119515466172097
1337,137,24.428,121.7407,1.0665162302795903
1338,137,24.7212,121.667,0.9918029505568968
1339,137,24.6092,121.8488,-0.1859878747668532
1340,137,24.9732,121.9183,-0.1708308280630359
1341,137,24.7387,121.8083,1.3767362780489334
1342,137,24.7622,121.8088,-0.0358574760029436
1343,137,24.6667,121.8205,0.7083575679021104
1344,137,24.5233,121.825,0.0772243734980242
1345,137,24.4677,121.7933,1.818307886045568
1347,137,24.477,121.7787,0.8587637179380532
1348,137,24.4473,121.7707,1.6780979638317766
1349,137,24.44,121.3728,1.853527330216751
1350,137,23.1618,120.6355,-0.605255370674148
1352,137,22.591,120.3173,-2.110578941897665
1353,137,22.6462,120.3585,-1.151616705922602
1354,137,22.6295,120.3672,-1.042961583542639
1355,137,22.7873,120.279,-1.8168809286299936
1357,137,22.8797,120.3707,0.9911294718401356
1358,137,22.656,120.3317,-1.5854800218396732
1359,137,22.891,120.4738,-0.5217848597479102
1360,137,22.902,120.5352,-0.255484352922576
1361,137,22.6707,120.491,-1.6383199937766948
1362,137,22.6108,120.5588,-1.5334990696681698
1363,137,22.5462,120.4528,-1.806752429827896
1364,137,22.4643,120.4535,-2.399234146188709
1366,137,22.2617,120.6432,-1.507760317710521
1367,137,22.1922,120.6853,-0.7698481330083529
1368,137,22.0982,120.7418,-2.098951803822411
1369,137,22.1905,120.8703,-2.031636179021066
1371,137,21.9137,120.8403,-0.6441913970371973
1372,137,22.4397,120.5028,-1.667069413324199
1373,137,22.0055,120.738,-1.6328439817150693
1374,137,23.0817,120.5827,-0.3918322941619458
1375,137,22.7252,120.4908,-1.4307827133424655
1376,137,23.1625,120.7573,-1.1694871349030824
1378,137,21.9433,120.8053,-1.8975328003729848
1379,137,23.2777,120.7128,0.4821626172757373
1380,137,22.6342,120.2633,-0.8246588448762651
1381,137,22.6495,120.3203,-1.4857456899623551
1382,137,22.6237,120.2843,-0.6524636324622148
1383,137,22.9053,120.1732,-1.591026778220525
1384,137,22.7852,120.2385,-0.893204962134887
1385,137,22.7303,120.3412,-0.689472573314411
1386,137,22.8873,120.6567,-0.4845625814844466
1387,137,22.5348,120.5362,-1.309672202700978
1388,137,22.574,120.5663,-1.2638345737556034
1389,137,22.4903,120.499,-1.1759808771054605
1390,137,22.747,120.7233,-0.3430428538621887
1391,137,22.7112,120.6412,0.5039190308966638
1392,137,22.0095,120.7367,-1.302898919770861
1393,137,21.9428,120.7238,-0.3316528845164231
1394,137,22.5673,120.4475,-1.89399326685137
1395,137,22.8858,120.3222,-0.0050124028478686
1396,137,22.795,120.295,-1.1996864227900326
1397,137,22.6128,120.3113,-1.2748659836668053
1398,137,22.6461,120.306,-1.1865558579666535
1401,137,24.6312,121.0005,1.995041238447932
1403,137,23.5672,119.5552,-0.6699157985881741
1405,137,22.746,120.632,-0.5127286395886052
1408,137,25.0392,121.507,-0.6952482062477234
1409,137,25.0863,121.45,1.451147231109005
1411,137,25.0947,121.5093,0.0414350753159343
1412,137,25.0758,121.5083,0.4597242334384632
1413,137,25.0758,121.5273,-0.3284190639299685
1414,137,25.063,121.4813,0.7040136053969774
1415,137,25.0563,121.5078,-0.0899679470566326
1416,137,25.0572,121.5253,0.0286362450910398
1417,137,25.0578,121.5442,0.7670356861172766
1418,137,25.0528,121.448,0.9520120015084056
1419,137,25.0388,121.5263,-0.4210537885567391
1421,137,25.0203,121.4652,0.1124208627511809
1422,137,25.017,121.5027,-0.2423076108397673
1423,137,25.0045,121.5073,-0.9909476343339076
1424,137,25.0007,121.4748,1.8542601552138287
1425,137,24.955,121.5303,1.691745936254592
1426,137,24.9239,121.535,1.937061280566012
1427,137,24.9043,121.5447,-0.0116753345319879
1428,137,25.183,121.4167,1.6895861954032751
1429,137,25.1255,121.4532,1.36909839178064
1430,137,24.9913,121.41,1.3256802477470182
1432,137,24.9538,121.3375,0.707114801761269
1433,137,25.148,121.4365,2.199547454133681
1434,137,25.1008,121.4403,2.7310574486050405
1435,137,25.0817,121.3828,2.3578556669469823
1436,137,24.959,121.5143,2.323572462214547
1437,137,25.1565,121.6855,0.4034097559576653
1438,137,25.1572,121.7237,0.6711852961880729
1440,137,25.1865,121.5202,1.3764047503218055
1442,137,25.0082,121.9882,0.2461854835362521
1443,137,24.9913,121.65,1.4515754867582196
1446,137,25.056,121.872,1.248666748257742
1447,137,25.0237,121.906,-0.0593259645635724
1448,137,25.0182,121.9808,0.4437309343299594
1449,137,25.2595,121.4938,0.6900786654562399
1450,137,25.2252,121.6295,-1.3389126200795234
1452,137,25.1008,121.4177,1.5193806591588872
1453,137,25.0573,121.5945,1.2910501971537929
1454,137,25.141,121.4758,1.1337961263551808
1455,137,25.1353,121.4913,1.6458639165710454
1456,137,25.0207,121.5299,-0.4344545739093349
1457,137,25.103,121.5395,1.4988310097264894
1458,137,25.0351,121.519,0.4572606234603219
1459,137,25.071,121.781,1.7553823813073273
1462,137,25.0473,121.1357,0.2916312658354968
1463,137,24.9118,121.1405,1.6606336599168128
1464,137,25.0015,121.3097,1.1779757197118044
1465,137,25.0092,121.2062,1.0722169202925085
1466,137,24.9655,121.22,-0.1950415845784109
1467,137,25.0003,121.1533,1.549360216602166
1468,137,24.8855,121.2783,0.4769494682446384
1469,137,25.0463,121.3075,1.3444223153557682
1470,137,24.7572,120.9345,1.4551920738236586
1471,137,24.7808,121.0068,0.4971325682985428
1472,137,24.88,121.0535,0.2075556644383074
1473,137,24.7065,121.176,1.0158463871909018
1474,137,24.7757,121.075,0.7838852573086993
1475,137,24.5588,120.7492,-0.0539974100587649
1476,137,24.5615,120.701,0.5263451315313481
1477,137,24.6855,120.8623,1.5732442293923972
1478,137,24.639,120.8568,1.2823785988070564
1479,137,24.4488,120.6963,0.4137771013422273
1480,137,24.4912,120.663,0.4309510398759427
1481,137,24.4917,120.7837,0.2445261867755704
1482,137,24.4497,120.6455,-0.0900928900717793
1483,137,24.5542,120.8077,1.775395512729732
1484,137,24.5412,120.9137,2.828423920435185
1485,137,24.4683,120.8543,0.198976120821869
1486,137,24.6188,120.9387,2.4661118070972208
1487,137,24.18,120.594,-0.8926727382226647
1488,137,24.179,120.6902,-0.8378395171437666
1489,137,24.1815,120.6338,-0.8744136902419389
1490,137,24.1603,120.6518,-0.6269442009517461
1491,137,24.198,120.7393,-1.1669762537323618
1492,137,24.1935,120.6688,-0.6839169418984261
1493,137,24.1612,120.675,-1.2768423914082014
1494,137,24.1392,120.6643,-0.4166905328196106
1495,137,24.1588,120.6238,-0.8155792561216975
1496,137,24.1732,120.6107,-0.5446560475098052
1497,137,24.2687,120.5637,-0.1191229732345365
1498,137,24.2247,120.644,-0.7965594062892942
1499,137,24.1355,120.549,-0.0339706356053343
1500,137,24.1083,120.6158,-1.0658790771526974
1501,137,24.3457,120.61,-0.5459008353746457
1502,137,24.0588,120.6912,-0.0621559490255177
1503,137,24.0912,120.72,-0.1301505254107517
1504,137,24.2772,120.7658,-0.1342907069638483
1505,137,24.196,120.5403,-0.1174716418254331
1506,137,23.9855,120.7883,1.0624752338159384
1507,137,24.0407,120.8488,-0.349681498179375
1508,137,23.9622,120.9618,0.0033400634668768
1509,137,23.9827,120.6778,-0.882610571508371
1510,137,23.9077,120.6757,0.7026156433331103
1511,137,23.812,120.8455,-0.0015290069076294
1512,137,23.8395,120.8942,0.6350015970520073
1513,137,24.8022,120.9695,0.6607041965913564
1514,137,24.1475,120.676,-0.4521031043313901
1515,137,24.97,121.1867,1.2761667782493906
1516,137,23.883,120.8998,1.2175195794955764
1518,137,24.3482,120.7733,-1.4128791207287232
1519,137,24.2533,121.1758,0.320365255716769
1520,137,23.9037,120.8565,-0.1814905375159462
1521,137,25.0117,121.2792,0.8197359524753972
1522,137,24.7695,121.0488,0.8697937169247232
1523,137,24.6917,121.0135,4.328023311369826
1524,137,24.7957,120.9558,0.4228848098593382
1525,137,24.7433,120.899,0.6609198263447216
1526,137,24.1858,120.6153,-1.0124875506495716
1527,137,24.242,120.7092,-0.9025566050111732
1528,137,24.2493,120.7208,-1.2837113927548154
1529,137,24.3098,120.7072,-1.2015547511509097
1530,137,24.2455,120.6018,-1.5213617754742157
1531,137,24.239,120.559,-0.1677669766241644
1532,137,24.0833,120.5518,-0.0805258782536335
1533,137,24.0727,120.5402,-0.4564316487076398
1534,137,24.0848,120.5713,-0.3608420252533282
1535,137,23.9622,120.5695,-1.5730646696274495
1536,137,24.1137,120.4872,-1.7305934285775588
1537,137,24.0557,120.424,-1.761023616277298
1538,137,23.8928,120.3865,-0.8645164746674078
1539,137,23.9595,120.4693,-1.8134223486812249
1540,137,23.8568,120.5803,0.1235097210783409
1541,137,24.1335,120.4598,-0.8908625085637836
1542,137,24.0027,120.4235,-1.1133333899188338
1543,137,23.9242,120.3122,-1.1178296336233002
1544,137,23.9803,120.613,-0.5749253177378542
1545,137,23.8128,120.6097,-0.0929756700286099
1546,137,24.0187,120.5437,-1.271864188773656
1547,137,24.4162,120.7607,-0.5207447811065684
1548,137,23.8783,120.6843,1.082409429876111
1549,137,24.2603,120.6518,-1.3615550670401202
1550,137,23.9223,120.5955,0.2326073824930978
1551,137,23.9578,120.3593,-1.5251889252361597
1552,137,23.8338,120.464,-1.689038182878567
1553,137,23.98,120.3368,-1.1893696809340162
1554,137,24.8592,121.2475,1.5919274102037648
1556,137,23.3178,121.4425,-0.1307273427036258
1557,137,22.9738,121.2968,-0.5424407371305995
1558,137,22.6178,120.9975,-0.7355675581739228
1559,137,22.9102,121.1287,-0.1338266843012529
1560,137,22.7568,121.1403,-1.5513477306926162
1561,137,22.7717,121.1378,-2.341722426996528
1562,137,22.7647,121.1427,-2.452073891750313
1563,137,22.7602,121.1517,-2.232107890821541
1564,137,22.7488,121.1442,-1.629426683486216
1565,137,22.74,121.1135,-1.7809205036314957
1566,137,22.7662,121.133,-2.387706382673925
1567,137,22.7678,121.1277,-3.11877986942333
1568,137,23.0992,121.3653,0.2416736186074413
1569,137,22.754,121.1465,-1.0478500308126806
1571,137,22.8207,121.0717,-0.6022737946668298
1572,137,23.1268,121.2057,-1.2721328829177687
1573,137,23.0973,121.2105,-0.2653449120440528
1574,137,23.053,121.1557,-0.6222082678744585
1575,137,22.9725,121.1083,-0.2077748434007971
1576,137,22.9045,121.072,0.7290136587811202
1577,137,22.863,121.083,-0.3157441101381581
1578,137,22.8078,121.086,-0.5617160502454478
1579,137,22.779,121.0543,-0.9615263378797446
1580,137,23.3563,121.4603,1.3350972352074204
1581,137,23.2462,121.4055,0.7382452605954896
1582,137,23.193,121.3878,-0.2896520873166587
1583,137,22.7988,121.1855,-0.8798608546429304
1584,137,23.1512,121.198,-0.9182846849866616
1585,137,23.1342,121.1177,0.3822629166123887
1587,137,23.0068,121.1655,-0.4582095216694392
1588,137,22.9757,121.1478,-0.9075828159770088
1589,137,22.9658,121.232,0.895875075331236
1590,137,22.8402,121.131,-0.7010787062478027
1591,137,22.773,121.0827,-1.1290292338903969
1592,137,22.674,121.0293,-0.2838836175533677
1593,137,23.1887,121.0168,-0.9874498033777948
1597,137,23.8635,120.2812,-2.0057979195968643
1690,151,34.016,-119.362,-0.340369878456129
1691,151,34.58,-118.199,-0.2599504105846467
1692,151,34.236,-118.439,-0.5736964358871338
1693,151,34.127,-118.405,0.907273348963424
1694,151,34.286,-118.225,1.3644702678517997
1695,151,34.204,-118.302,0.2068984124831998
1696,151,34.168,-118.331,0.8906997757652038
1697,151,34.15,-118.696,1.512048082791328
1698,151,34.564,-118.642,0.7445561289283108
1699,151,34.662,-118.387,0.1364575473350186
1700,151,34.088,-118.365,-0.3711919080699515
1701,151,33.905,-118.279,-1.6335471074786383
1702,151,34.312,-118.496,0.7264947537061552
1703,151,34.313,-118.498,1.678457445399483
1704,151,33.929,-118.26,-1.397780695627442
1705,151,34.009,-118.361,-0.8303206769014447
1706,151,34.063,-118.418,-0.1862498642099551
1707,151,34.053,-118.171,-0.5136653868971727
1709,151,34.09,-118.339,0.0204319003219115
1710,151,34.089,-118.435,-0.8472678384571298
1711,151,34.059,-118.246,-1.8033165235123705
1712,151,34.062,-118.198,-1.1947173476867798
1713,151,33.976,-118.289,-1.188146774491327
1715,151,34.238,-118.254,0.0714114614868509
1716,151,34.571,-118.56,-1.607425705834192
1717,151,34.486,-117.98,-0.2668489747895499
1718,151,34.013,-118.8,-0.8421309313142845
1719,151,34.39,-118.08,0.9850842056575664
1720,151,34.387,-118.533,-0.6506628758298184
1721,151,34.209,-118.517,0.3554138641594924
1722,151,34.296,-118.375,1.3589029813958045
1723,151,34.581,-118.135,0.1605707309926743
1724,151,34.222,-118.442,-0.6231947727714088
1725,151,34.1367,-118.129,-0.5692606905353853
1726,151,34.169,-117.579,-0.0909274642876219
1727,151,34.281,-118.478,1.8561604954618336
1728,151,34.115,-118.13,-1.602637179530309
1729,151,34.011,-118.49,-0.6806283237781515
1730,151,33.757,-118.084,-1.691111041174161
1731,151,34.264,-118.666,1.0862045815222072
1732,151,34.221,-118.421,-0.7784205111512453
1733,151,34.235,-118.366,2.100705999078881
1734,151,34.269,-118.303,0.1658417529544203
1735,151,34.311,-118.49,0.6579073475973231
1736,151,34.312,-118.481,0.5192478249393375
1737,151,34.306,-118.437,0.7785611082131638
1738,151,34.16,-118.534,0.5754432131926527
3765,151,34.425,-117.964,0.2601029542109453
3766,151,34.326,-118.444,0.6536304284683275
3767,151,34.16,-118.532,-0.0643904329017149
3768,151,34.068,-118.439,-0.6513495136440847
3769,151,34.04,-118.445,0.7684783871624413
3770,151,34.24892,-118.4789,0.1912492887174909
3773,151,34.086,-118.481,0.4340406668794666
3774,151,34.212,-118.606,0.4218904070654771
3775,151,34.146,-118.412,0.5241306872979982
3776,151,34.194,-118.412,-0.8935834674652794
3777,151,34.358,-118.571,1.596921161836113
3778,151,34.2,-118.231,0.6162183698041747
1758,158,33.915,-118.066,-0.4063015704020338
1759,158,34.0842,-118.152,-0.5204527872558135
1760,158,34.177,-118.096,0.4092787653498533
1761,158,34.56,-115.743,0.8383358683241907
1762,158,33.607,-116.453,-1.274532397481622
1763,158,33.6022,-116.756,-1.3323385597507016
1764,158,34.236,-118.439,-0.024770593488543
1765,158,35.271,-116.066,0.4489481467270267
1766,158,33.869,-116.824,-1.0966893021882798
1767,158,34.887,-117.047,-0.3450310125958349
1768,158,34.07618,-118.3959,0.0130620214378033
1769,158,34.241,-116.872,1.662303535328162
1770,158,33.3527,-115.733,-1.0221143738821854
1771,158,34.1949,-118.354,1.5473061102162216
1772,158,33.91761,-116.78329,-0.8763640734127452
1773,158,34.155,-118.641,-0.8025904241511941
1774,158,34.564,-118.642,2.02951360405506
1775,158,33.962,-116.509,-0.2558426926211238
1776,158,34.235,-117.407,0.1002110967653972
1778,158,32.7806,-115.5681,-2.69020700202068
1779,158,33.869,-117.709,0.4770337089466036
1780,158,34.397,-118.918,1.641567864046236
1781,158,34.088,-116.919,-0.3100910900881868
1782,158,35.268,-116.684,0.2149385550500812
1783,158,33.398,-115.657,1.1422065700810895
1784,158,33.925,-116.389,-0.2273818399577324
1785,158,34.161,-116.799,0.4519550738330605
1786,158,34.8294,-116.335,0.0679769074167256
1787,158,33.729,-116.979,0.2033587255155585
1788,158,34.405,-117.313,-0.8471394461917966
1789,158,33.662,-117.997,-0.4939503517007176
1790,158,33.717,-116.155,-0.2968705862905771
1791,158,33.715,-116.221,-0.3029130615039109
1792,158,34.313,-118.498,1.7099224498501764
1793,158,34.13,-116.314,-0.1389693457734429
1794,158,33.925,-116.172,0.2850358227705463
1796,158,34.053,-118.171,0.969759123984454
1798,158,34.037,-118.178,0.7882578018632541
1799,158,34.043,-118.271,-0.9019087746046488
1800,158,34.059,-118.246,0.184574122022441
1801,158,33.943,-118.411,-0.6415206412466834
1802,158,33.768,-118.196,-0.8706433783735962
1803,158,34.2096,-118.186,-0.3877580381677301
1804,158,34.674,-118.43,1.668664234664088
1805,158,34.6172,-118.285,1.1712257962618848
1806,158,34.5214,-117.991,1.184067419421455
1807,158,34.073,-118.117,0.9728769610230006
1808,158,34.233,-117.482,0.7296386969804811
1809,158,33.564,-115.987,0.3383229597580633
1810,158,34.067,-117.117,-0.620171322935502
1811,158,34.079,-117.045,0.2003030751404158
1812,158,34.04856,-116.57816,-0.0257138052736815
1813,158,34.387,-118.533,-0.1676273180646147
1815,158,33.92474,-116.54794,-0.6777709098553373
1816,158,33.421,-115.831,0.1375234791845835
1817,158,34.296,-118.375,1.0364510182601918
1818,158,34.57806,-118.11401,1.4268343725161068
1819,158,34.149,-118.15,0.6565312064063931
1820,158,34.056,-117.748,-0.0851914012681123
1821,158,33.951,-117.446,-1.4885447380593777
1822,158,33.28,-115.984,0.3255338926828894
1823,158,34.1663,-117.251,-0.3114730142434733
1824,158,34.065,-117.292,-0.5113884549494789
1825,158,34.091,-117.289,-0.3690226819398697
1826,158,34.14,-117.294,0.1672281955652288
1827,158,34.103,-117.349,0.0420599530137241
1828,158,34.047,-117.277,1.1144580972858338
1829,158,34.205,-117.365,0.0108596552394973
1830,158,33.797,-116.88,-0.1707102111470886
1831,158,34.1105,-117.099,0.478598807518962
1832,158,33.888,-116.684,-2.3707845098148264
1833,158,34.327,-118.444,0.5904737456215942
1834,158,33.496,-117.149,0.5546787708219166
1835,158,34.021,-116.009,-1.1986480179928418
1836,158,34.4435,-117.853,0.5420153826825639
1837,158,33.99,-116.656,-0.5567542515993372
1839,158,34.02,-118.053,0.8614741012055358
1840,158,34.314,-117.545,1.2404591652727728
1841,158,34.36,-117.629,-0.0646525434771103
3779,158,34.07,-118.15,0.3881435944165433
3780,158,33.853,-117.857,0.0591857005756089
3781,158,33.854,-117.817,0.4354657036409101
3782,158,33.93,-116.972,-0.5901434858403254
3783,158,34.208,-119.079,-0.0218251646947676
3784,158,34.224,-118.994,0.0205702618595122
3785,158,34.459,-118.65,0.5449674798239612
3786,158,33.8556,-117.54,0.3879493909671355
3787,158,34.096,-118.23,-0.2050526792318849
3788,158,33.939,-118.098,0.4382212053638221
3789,158,33.889,-117.886,0.4181013172861469
3790,158,33.766,-117.918,0.0286878060649819
3791,158,34.103,-118.316,0.90259627837593
3792,158,34.097,-118.352,-0.2475032959113561
3793,158,34.19897,-118.1737,0.0023926250113098
3794,158,34.058,-118.252,-0.0142279338955604
3795,158,34.07,-118.346,-0.5472047353786179
3796,158,34.077,-118.286,0.7691256779828716
3797,158,34.14,-118.21,0.584094168233471
3799,158,34.037,-118.263,-1.029152689298695
3800,158,34.059,-118.479,-1.7169276627126828
3801,158,34.049,-118.29,-1.129729398883334
3802,158,34.06,-118.448,-0.4686382528512017
3803,158,34.041,-118.348,-0.7161862554330524
3804,158,34.036,-117.95,0.5698172717002804
3805,158,34.013,-118.8,-0.4278354592532257
3806,158,34.273,-118.464,0.0134087505988563
3807,158,34.288,-118.881,0.0520650671750787
3808,158,33.604,-117.906,-0.3890148229337331
3809,158,33.605,-117.89,0.6162943746577257
3810,158,34.199,-118.396,0.5010415496318508
3811,158,33.777,-117.834,0.3365093600246566
3812,158,34.002,-118.077,-1.0227316907949433
3813,158,34.063,-117.784,-0.0796094150962177
3814,158,33.919,-117.488,-0.8415164936323344
3815,158,33.979,-117.344,-0.5511416580814992
3816,158,33.895,-117.32,-0.5936594194774412
3817,158,33.975,-117.486,-0.3017860504547627
3818,158,32.754,-117.164,0.27880040991471
3819,158,34.115,-118.13,-0.5934285597187254
3820,158,33.722,-118.309,-0.4524415595252181
3821,158,34.084,-118.6,-1.3655087619174844
3822,158,34.139,-118.364,0.8472429564230289
3823,158,34.184,-118.447,0.1410675284867306
3824,158,34.219,-118.627,0.6966590940515247
3825,158,34.185,-118.623,0.5727468643724533
1867,161,34.074,-117.35,-2.7516388214360683
1868,161,34.058,-117.305,0.940280994075962
1869,161,34.235,-117.407,-0.0989225075865331
1870,161,34.088,-116.919,-1.1665777079196331
1871,161,34.744,-117.334,0.7702396911881642
1872,161,33.729,-116.979,0.1064519639712004
1873,161,34.405,-117.313,0.2437822240460778
1874,161,34.136,-117.213,-0.1065553483499225
1875,161,33.748,-117.127,-1.2985821183211377
1876,161,33.74624,-116.2163,1.5283919346862802
1877,161,33.706,-116.235,1.8092705234256563
1878,161,34.282,-116.453,2.5752674804478297
1879,161,34.05,-117.264,0.0741580798663263
1880,161,34.233,-117.482,1.0533615039400597
1881,161,34.067,-117.117,-0.8386565002882866
1882,161,34.079,-117.045,0.1087839822593818
1883,161,33.921,-117.173,0.2523988097063928
1884,161,33.902,-117.234,-0.3866155270374571
1885,161,34.04856,-116.57816,2.764039015698036
1886,161,33.92474,-116.54794,0.96762243871178
1887,161,34.439,-117.647,0.788107729142554
1888,161,34.00469,-117.22393,-1.2400845354321823
1889,161,33.979,-117.344,0.1871399953038117
1890,161,34.1663,-117.251,-0.9890336120670352
1891,161,34.065,-117.292,0.0745390918798195
1892,161,34.091,-117.289,-0.3429719461293736
1893,161,34.069,-117.275,0.0536454612823249
1894,161,34.14,-117.294,-0.7502142482714249
1895,161,34.165,-117.288,-1.0871668918970876
1896,161,34.103,-117.349,-0.8929553433410011
1897,161,34.12288,-117.28792,-0.0829919584318186
1898,161,34.135,-117.322,-0.073532069443127
1899,161,34.047,-117.277,0.9576710230525076
1900,161,34.096,-117.287,-0.1654792945070912
1901,161,34.14492,-117.21876,-0.1152983081654329
1904,161,33.715,-117.191,-0.1862268513179038
1905,161,34.4435,-117.853,0.7406460959889075
1906,161,33.99,-116.656,0.8082438156143668
1907,161,34.36,-117.629,1.2004528281386198
1908,161,34.904,-116.823,0.9187880046659012
1909,161,34.004,-117.058,-1.279322954942578
1916,163,32.838,-116.775,0.1418618088032746
1917,163,33.607,-116.453,-0.5402016299018486
1918,163,33.6022,-116.756,-0.0387060657059804
1919,163,33.5558,-116.674,-1.9685679836394123
1920,163,33.93,-116.972,0.1526085568833124
1921,163,34.241,-116.872,1.0866102519290377
1922,163,33.19373,-116.3289,0.1327866252793834
1923,163,33.91761,-116.78329,-0.5726370319114009
1924,163,32.6695,-115.493,1.241847162610889
1925,163,33.699,-117.267,-0.094637384130719
1926,163,33.678,-116.178,0.6332132060968041
1927,163,33.876,-117.593,0.313975889437685
1928,163,33.884,-117.514,1.030388483017782
1929,163,32.8,-115.473,1.020946384578561
1930,163,32.7806,-115.5681,1.5303879516523629
1931,163,32.75172,-115.59516,1.453472201233176
1932,163,32.829,-115.504,0.3008671769537269
1933,163,33.925,-116.389,-0.5111077357220565
1934,163,33.744,-116.931,-0.1122376494658799
1935,163,33.751,-117.015,0.733702843120249
1936,163,33.729,-116.979,0.5331569770540461
1937,163,34.136,-117.213,-0.3713868025163584
1938,163,33.708,-115.628,0.0962929328979059
1939,163,33.748,-117.127,1.1652364363458332
1940,163,33.6758,-116.68,-0.8666289171603136
1941,163,33.747,-116.715,0.5838452273843711
1943,163,33.6159,-116.621,0.8368951617541599
1944,163,33.723,-116.338,0.2805619380947543
1945,163,33.74624,-116.2163,0.8213936383402004
1946,163,34.13,-116.314,0.2607576091091759
1947,163,33.671,-116.3,1.8618194178241927
1948,163,33.669,-117.332,-0.6768875755513146
1949,163,33.572,-116.076,-0.0903059006252333
1950,163,33.649,-117.205,-1.3978656959574831
1951,163,34.079,-117.045,1.4069332169415552
1952,163,34.014,-117.511,-0.2737721285190032
1953,163,33.921,-117.173,0.9216403736963588
1954,163,33.902,-117.234,1.1318252308806886
1955,163,33.968,-117.252,1.3433559301450402
1956,163,34.04856,-116.57816,-0.1803495551984724
1957,163,33.57783,-116.58987,-0.8189823033543125
1958,163,33.239,-115.512,-0.2593209347935121
1959,163,33.92474,-116.54794,-0.4953028485550956
1960,163,33.818,-117.312,2.823799918408808
1961,163,33.15569,-116.1679,1.8585537406369723
1962,163,33.758,-116.374,-0.0910536073136498
1963,163,33.787,-117.23,-0.3622301026223819
1964,163,32.954,-117.04,0.9874279320901368
1965,163,33.482,-116.911,0.9352603936194218
1966,163,33.787,-116.41,0.1643772631436274
1967,163,34.00469,-117.22393,-0.814281594401671
1968,163,33.919,-117.488,0.6703598703782174
1969,163,33.917,-117.443,1.373773970727931
1970,163,33.975,-117.486,0.7572680851640337
1971,163,33.895,-117.32,0.3916343897304102
1972,163,33.951,-117.446,0.9409958024134114
1973,163,33.58,-116.931,-1.1292559884713955
1974,163,34.1663,-117.251,1.838029439916996
1975,163,34.091,-117.289,-0.0385939869657202
1976,163,34.069,-117.275,-0.3010241458082537
1977,163,34.14,-117.294,1.237847305484338
1978,163,34.165,-117.288,0.7096211769233012
1979,163,34.12288,-117.28792,0.0647466597653982
1980,163,34.047,-117.277,0.7618421245966851
1981,163,34.14492,-117.21876,0.1670846877170703
1982,163,33.82177,-116.96836,-0.5137464087545823
1983,163,33.787,-116.959,1.387102801085693
1984,163,34.1105,-117.099,-0.31544132945703
1985,163,33.715,-117.191,0.7660843451308568
1986,163,33.496,-117.149,0.1823013137897558
1987,163,34.149,-116.084,0.5867945605911863
1988,163,33.99,-116.656,-0.4167054886164559
8169,163,34.55046,-117.43391,-0.5362926963946449
8170,163,33.63838,-116.4011,-0.6041358567042374
8171,163,34.68708,-118.29946,-0.4946273414055883
8173,163,32.68005,-116.67215,0.5916916357736988
8174,163,33.3527,-115.733,0.6023637044957666
8175,163,34.2623,-116.92075,-0.0680906684230517
8176,163,33.921,-116.981,0.1648334707938984
8177,163,33.57508,-117.26119,-0.9938810709636668
8179,163,34.23883,-117.65853,-2.4202388902015817
8180,163,35.2693,-116.0703,-0.5069926947930041
8181,163,34.069,-116.39,-1.582767871021569
8182,163,33.268,-116.417,0.5769281476442588
8183,163,33.80776,-117.98116,-0.950974423116225
8184,163,33.01213,-115.21987,-0.7685070450192393
8185,163,34.68224,-118.57398,0.947410214275578
8186,163,33.38822,-117.19495,-1.1057801650735524
8187,163,35.52495,-117.36453,0.1168274213743996
8189,163,33.999,-117.68,0.3176238025552728
8190,163,33.4019,-118.41502,-2.1734921384709147
8192,163,34.093,-117.317,0.4044141332685239
8193,163,34.0602,-117.809,0.6311791487782268
8194,163,33.876,-117.561,0.1426329605291964
8195,163,33.655,-115.99,0.3368099022642298
8197,163,34.63745,-115.38115,1.320871329203284
8198,163,34.25353,-118.33383,0.1469195822088059
8199,163,33.93597,-116.57794,-0.4969099860891487
8200,163,33.65,-117.009,-1.151875275784858
8201,163,34.10618,-118.45505,-1.1031221097300292
8202,163,33.84822,-118.09624,-0.665346151288259
8203,163,33.567,-116.631,0.0975170569541215
8204,163,32.999,-116.942,0.4957744675326995
8205,163,32.805,-115.447,-0.191625785005872
8206,163,32.65915,-116.10061,1.536392297713463
8207,163,34.88303,-117.99106,-0.6645428649538315
8209,163,33.11675,-115.82267,1.8432104242221363
8211,163,33.71264,-118.29381,-1.8188874389134868
8212,163,34.1,-117.439,-0.4869869234954632
8213,163,33.8717,-117.92251,0.4575274950459349
8215,163,33.051,-114.827,-0.8573723079059877
8216,163,33.1537,-117.22921,-1.4449860509395671
8217,163,35.30177,-116.80574,-1.019956614645955
8218,163,34.8294,-116.335,-0.3045967995877339
8219,163,34.17643,-118.35967,-0.921050368896026
8220,163,34.121,-117.219,0.0715854994152616
8221,163,33.0859,-116.5959,1.44059380428047
8222,163,35.9823,-117.8076,0.0523087432496785
8223,163,34.36622,-116.61266,0.0305179731893706
8224,163,33.7141,-116.7119,-0.8986870613563648
8225,163,33.86889,-118.33143,-0.9882502103403022
8226,163,34.00033,-118.37794,-0.0627283131037017
8227,163,35.13066,-115.18416,-0.0423844708078094
8228,163,34.30529,-118.48805,0.7617989195993476
8229,163,33.9753,-118.14918,-0.4092995759384256
8230,163,34.10819,-119.06587,-0.915399970751812
8231,163,34.61594,-117.82493,0.7318585617569685
8232,163,33.684,-117.943,-0.7312739263754878
8233,163,35.47954,-117.68212,0.2239801185795776
8234,163,33.881,-118.176,-0.3334043827283144
8235,163,34.3656,-117.36683,-0.8127290482377231
8236,163,33.3516,-116.5615,-0.8383407984501309
8239,163,33.818,-116.369,0.0928971654966835
8240,163,34.13688,-118.12601,-0.0343145619710633
8242,163,34.005,-117.562,0.6621939757090936
8243,163,34.28085,-118.9049,-0.3151901828653835
8244,163,33.808,-116.968,0.9446235855298546
8246,163,34.22362,-118.05832,-0.0951041410764184
8247,163,34.8249,-114.59941,0.7727168589625677
8248,163,33.556,-115.946,0.0040667596686618
8249,163,33.788,-117.844,-0.7164605115586418
8250,163,33.94539,-117.92372,0.7378545932181022
8251,163,32.608,-116.93,1.100978250598312
8252,163,34.1484,-118.1711,-1.1434956430876002
8253,163,34.44199,-118.58215,0.0802812222143534
8254,163,34.1207,-117.63808,-0.8440477314740593
8256,163,33.82436,-116.51195,-0.1765185112655653
8257,163,33.354,-116.863,-1.084107365979576
8258,163,33.7953,-117.60906,0.6478884970321127
8260,163,33.63,-116.8478,-0.2070484989596598
8261,163,34.281,-118.478,0.6304051898183596
8262,163,34.10473,-117.97956,-0.7056903804744102
8263,163,33.74346,-118.40412,-0.331705356403634
8264,163,34.87533,-116.99684,-0.5400752887541972
8265,163,34.05073,-118.08085,-0.4026778185168232
8266,163,33.99351,-117.37545,-1.818741164102612
8267,163,33.70432,-117.88578,-0.7611354222709855
8269,163,34.232,-117.235,-0.5566348960157196
8270,163,32.9799,-118.54697,0.0157719226023845
8272,163,34.43692,-119.1375,-1.2528633761738437
8273,163,35.8996,-116.27515,-0.2539978302447762
8274,163,33.48725,-117.68114,-0.4914963481893363
8276,163,34.01438,-118.45617,-0.5272329579028019
8277,163,34.27091,-118.74407,-0.9134359703008554
8278,163,33.24787,-119.52437,-2.419185945412526
8279,163,32.841,-117.248,1.8838780332414968
8280,163,34.416,-118.449,0.7842313058345123
8281,163,34.05933,-118.64614,-0.2660578624702888
8283,163,33.829,-117.789,-0.3969008806345055
8284,163,33.1774,-115.616,-0.3801985111323039
8285,163,34.30302,-119.18676,0.5901609114544799
8286,163,33.664,-117.769,-1.9675435128932064
8287,163,33.79033,-118.19878,-1.466734021055098
8288,163,34.106,-117.098,0.3409234622064758
8289,163,32.94508,-115.79988,1.4671808998326332
8291,163,34.38203,-117.67822,-0.0507811024676051
8292,163,34.08377,-118.599,-1.383771840512752
8294,163,33.63495,-116.16402,-0.4070988067308
8296,163,34.15607,-118.82039,-1.4983851106287716
8297,163,34.01919,-118.28631,-1.1915234081968773
8298,163,34.48364,-118.11783,-0.1179319553198087
8300,163,34.56065,-117.3296,0.2848741788075932
8301,163,32.75904,-115.73161,1.3206740366524778
8302,163,34.00948,-117.95077,0.0142869493655582
8303,163,34.1717,-118.64971,1.2531343168968214
8304,163,33.94869,-118.25547,0.2958320302451901
2046,167,33.84,-117.957,-1.7723849761078951
2047,167,33.863,-117.742,-0.5943443081417839
2048,167,33.854,-117.817,-0.3441696159132064
2049,167,33.933,-117.896,2.1383667324170847
2050,167,34.018,-118.147,-0.0920841360614804
2051,167,33.876,-117.593,-0.5931843240733733
2052,167,33.875,-117.636,0.2313815684710053
2053,167,33.889,-117.886,-1.2337453489911077
2054,167,33.91,-117.93,-0.3742157969494883
2055,167,33.866,-117.958,-0.7454533048254895
2056,167,33.932,-117.955,1.01168467883764
2057,167,33.917,-117.443,-0.5516347896426412
6065,167,34.136,-117.213,0.5595056582063799
6068,167,34.069,-117.275,1.0149433276809467
6069,167,34.103,-117.349,0.4805566836022431
6070,167,34.14492,-117.21876,1.3745362826304794
6071,167,34.14,-117.294,0.5903747107650684
6072,167,34.091,-117.289,1.3573421611848833
6073,167,34.073,-118.117,0.4222131687243158
6074,167,34.2096,-118.186,0.3021305131517134
6075,167,34.233,-117.482,2.3929848623339725
6076,167,33.927,-117.803,-1.9071434178535127
6084,167,33.919,-117.488,-0.9371112950345736
6085,167,33.904,-117.561,-1.8218918603878835
6086,167,33.975,-117.486,-0.6164064126101938
6087,167,33.889,-118.047,-0.597043363705945
6088,167,33.962,-118.065,0.9068759618482232
6089,167,33.991,-118.121,0.6302730189641148
6090,167,33.898,-118.209,0.04853905143435
6091,167,33.999,-118.178,-0.044179580783755
6092,167,33.837,-118.072,-1.0779113710765431
6093,167,33.92,-118.24,0.5369563553881285
6094,167,33.944,-118.246,0.1140932496982857
6095,167,33.939,-118.098,0.5945943747071933
6096,167,33.846,-118.107,-0.88117438906978
6097,167,33.946,-118.0,1.166082332020245
6098,167,33.969,-118.149,1.057072803952673
6099,167,33.818,-118.108,-1.3045939753802769
6100,167,33.798,-118.137,-0.5117551665038707
6101,167,34.125,-117.777,-0.6635018304885617
6102,167,34.065,-117.893,-0.1170960248441603
6103,167,34.422,-117.572,0.8690585707155786
6104,167,34.112,-117.681,1.161657653257723
6105,167,34.014,-117.511,-0.0171786056257911
6106,167,34.125,-117.454,0.2839259337854918
6107,167,34.056,-117.748,1.1212762601178978
6108,167,34.073,-117.938,-0.6764965041798663
6109,167,34.096,-117.287,1.2223939115208162
6110,167,34.063,-117.784,0.621838545088156
6111,167,34.036,-117.95,0.5267207279149398
6112,167,34.076,-117.671,0.507717033418018
6113,167,34.077,-117.621,0.6141305891826582
6114,167,34.133,-117.253,1.5555092494912728
6115,167,34.135,-117.322,0.886300730224453
6116,167,34.069,-117.398,-0.0070378756840603
6117,167,34.1,-117.434,0.5366960187586256
6118,167,34.121,-117.738,0.9699782571896172
6119,167,34.096,-117.745,0.597379220853293
6120,167,34.031,-118.208,0.766965722356089
6121,167,34.005,-118.231,0.765076582383281
6122,167,34.037,-118.178,1.666794812952879
6123,167,34.103,-118.316,0.8530186441983765
6124,167,34.058,-118.252,0.1773828629997502
6125,167,34.002,-118.077,1.6306116508432318
6126,167,34.041,-118.248,0.5934015585308972
8312,167,34.14647,-118.76699,-0.6942764830567364
8313,167,35.34444,-119.10445,-1.1754644491003732
8314,167,32.68005,-116.67215,0.5177126068621197
8315,167,34.2623,-116.92075,0.1764362760140355
8317,167,34.07618,-118.3959,0.0002005149819954
8318,167,34.10521,-117.28264,0.1474711343906085
8319,167,33.876,-117.561,-0.621365644064778
8320,167,36.43988,-118.08016,0.149201322985369
8321,167,32.999,-116.942,-0.6264388875442303
8322,167,34.72832,-119.98803,-1.045126026078799
8323,167,33.71264,-118.29381,-2.083441027534223
8324,167,33.8717,-117.92251,-1.2812836829414682
8325,167,34.13677,-118.1283,0.1621317810630104
8326,167,35.30177,-116.80574,1.5833072434396105
8327,167,34.8294,-116.335,1.2609362616453097
8328,167,34.121,-117.219,0.910464653624691
8329,167,35.66278,-118.47403,-1.248244508279739
8330,167,34.15037,-118.10156,-0.9046726083295652
8331,167,33.7141,-116.7119,-0.2822075651099244
8332,167,33.798,-118.08837,0.4562369044831342
8333,167,34.61462,-118.29104,0.0313129358763577
8334,167,33.3516,-116.5615,0.4563568898257161
8335,167,35.36165,-118.92282,-1.3488366824282312
8336,167,33.74,-118.335,-4.46052435660186
8337,167,34.88848,-119.81362,-0.4435342796673662
8338,167,34.53412,-120.17737,-0.6394447988077948
8339,167,34.22869,-118.55829,0.4127027870345109
8340,167,33.788,-117.844,-1.43327781050574
8341,167,33.94539,-117.92372,1.125256520883719
8342,167,34.1484,-118.1711,-0.4810279293765156
8345,167,33.354,-116.863,-0.0677497065188493
8346,167,33.7953,-117.60906,0.1492463659187429
8347,167,33.63,-116.8478,0.5314132168899354
8348,167,33.973,-117.327,0.1121288080885381
8349,167,33.99351,-117.37545,-1.7910255932254902
8350,167,34.44076,-119.71492,0.0050184987619182
8351,167,33.553,-117.662,-2.037813202411197
8352,167,35.3142,-119.99581,-1.639669976118918
8353,167,34.27091,-118.74407,-1.261213869728104
8354,167,34.52775,-119.97834,0.0710839933936748
8356,167,35.84089,-119.08469,-1.2498752237693131
8358,167,34.193,-117.427,1.36291839603899
8359,167,34.00469,-117.22393,-1.253443203215209
8360,167,34.235,-117.407,1.2969315756563042
8361,167,34.36,-117.63,1.5189572550875694
8362,167,34.1367,-118.129,-0.0021318937254827
8363,167,34.165,-117.288,0.2052460542315373
8364,167,34.1663,-117.251,0.7427416686837148
8365,167,34.058,-117.305,1.2331833169241122
8366,167,34.205,-117.365,1.173612304151904
8367,167,34.12288,-117.28792,0.5055338080532487
8368,167,33.91175,-117.82041,-1.9838159169026823
8369,167,34.049,-118.112,-0.4201439369233394
2118,170,33.6022,-116.756,-0.9850098652996784
2119,170,33.91761,-116.78329,-2.0653790042539897
2120,170,34.058,-117.305,0.5893253009619981
2121,170,34.235,-117.407,0.2316410923424038
2122,170,34.088,-116.919,-0.704880544740176
2123,170,34.136,-117.213,-0.0734483698669632
2124,170,33.74624,-116.2163,0.0301383981229121
2125,170,34.6172,-118.285,2.9391179286271174
2126,170,34.05,-117.264,0.0067403352529563
2127,170,34.073,-118.117,1.299121988515885
2128,170,34.067,-117.117,-0.2360377969571015
2129,170,34.079,-117.045,-0.1706489312117969
2130,170,34.04856,-116.57816,-0.5107015793177178
2131,170,33.92474,-116.54794,-0.2726245355809147
2132,170,34.57806,-118.11401,1.8265638957220265
2133,170,34.393,-117.805,0.3611678246753564
2134,170,34.1367,-118.129,1.2354431934612984
2136,170,34.106,-117.287,-0.2927837543673254
2137,170,34.1663,-117.251,-0.4288336385928857
2138,170,34.091,-117.289,-0.3807822553684262
2139,170,34.069,-117.275,0.1269105320120616
2140,170,34.14,-117.294,-0.4753537783319616
2141,170,34.165,-117.288,-0.4781713923182459
2142,170,34.103,-117.349,-0.8541303676441655
2143,170,34.12288,-117.28792,0.184728744839889
2144,170,34.047,-117.277,0.7284154578725665
2145,170,34.205,-117.365,-0.2976632867979766
2146,170,34.14492,-117.21876,-0.3439366400727163
2147,170,34.193,-117.427,-1.3509990628011592
2150,170,33.91677,-116.38979,-0.872564745559749
2151,170,34.3088,-118.448,1.2083734229556482
2152,170,34.4435,-117.853,1.600751705366401
2153,170,33.99,-116.656,-1.1170995078359929
2154,170,34.36,-117.629,1.8336684532175047
8370,170,34.14647,-118.76699,0.0526851548007591
8371,170,35.34444,-119.10445,-0.2102997906258815
8372,170,32.68005,-116.67215,-0.8350822688500195
8373,170,34.1949,-118.354,1.927632127982412
8374,170,33.3527,-115.733,-0.6932969728720305
8375,170,34.2623,-116.92075,0.7378466358987575
8377,170,34.07618,-118.3959,1.4050694860594333
8378,170,34.10521,-117.28264,-0.0855923470345864
8380,170,33.876,-117.561,0.2134221452601344
8382,170,36.43988,-118.08016,-1.0011367375716655
8383,170,32.999,-116.942,-1.7527258630496596
8384,170,32.805,-115.447,-2.197528936823768
8385,170,34.88303,-117.99106,0.5183004864213242
8386,170,34.72832,-119.98803,-0.8297366266174515
8387,170,34.397,-118.918,1.5957906037669862
8388,170,33.71264,-118.29381,-1.2835404920754123
8389,170,34.1,-117.439,-0.7360199758007903
8390,170,33.8717,-117.92251,0.204129703726091
8391,170,34.13677,-118.1283,1.4161470160607352
8392,170,35.30177,-116.80574,1.0934170529320206
8393,170,34.8294,-116.335,1.1317582002419178
8394,170,34.121,-117.219,-0.9487216841395716
8396,170,35.66278,-118.47403,-0.2310384298023594
8397,170,34.31076,-118.49675,1.4597519330745186
8398,170,34.15037,-118.10156,-0.0296606437032888
8399,170,33.943,-118.411,-0.2922802313124812
8400,170,33.798,-118.08837,0.1619018903486524
8402,170,34.61462,-118.29104,1.2445232250733849
8403,170,34.5214,-117.991,2.617767369095042
8404,170,35.36165,-118.92282,-0.3660239498437661
8406,170,34.13688,-118.12601,1.556417271077526
8407,170,33.74,-118.335,-3.6648002460836193
8409,170,34.81258,-119.1453,0.4954673242365376
8410,170,34.88848,-119.81362,0.1268573033498536
8412,170,34.22869,-118.55829,1.0485060126286438
8413,170,33.788,-117.844,0.0015916658605174
8414,170,34.3968,-119.299,-0.2229194764292945
8416,170,34.1484,-118.1711,0.1664748165171312
8418,170,33.354,-116.863,-1.764615750398976
8419,170,34.39558,-118.49837,-0.6366143856131398
8421,170,34.281,-118.478,1.1309696442048431
8422,170,33.973,-117.327,1.3135229866919147
8423,170,33.99351,-117.37545,-0.9964467648206152
8424,170,33.70432,-117.88578,-0.459194995570037
8426,170,34.44076,-119.71492,-0.4050117283282207
8427,170,34.293,-119.1646,-0.5494308852141542
8429,170,34.27091,-118.74407,-0.0135103176123961
8430,170,34.52775,-119.97834,0.037552472597694
8431,170,34.08377,-118.599,-0.6505034001842773
8432,170,35.14592,-119.41946,0.0471365049124107
8434,170,35.84089,-119.08469,0.3854564624354827
2155,171,23.2147,120.268,-0.1332911770352153
2156,171,23.1795,120.4778,0.3312708321806036
2157,171,23.0457,120.4615,1.011339822396945
2158,171,23.757,120.6062,-0.7158397897965473
2159,171,23.7795,120.5137,0.4184520393803421
2160,171,23.7987,120.4113,-1.14095052783574
2161,171,23.752,120.2468,-0.5919668196201874
2162,171,23.632,120.6052,0.1227964880306976
2163,171,23.6135,120.5282,0.8670978424316341
2164,171,23.5799,120.291,-0.3434741866119861
2165,171,23.5407,120.2153,-0.4106967408435615
2166,171,23.5212,120.5443,0.2020097713282178
2167,171,23.52,120.584,0.5933693016613523
2168,171,23.6073,120.4788,1.4094100209124631
2169,171,23.5207,120.344,-0.6252618555196087
2170,171,23.4388,120.5957,1.518470584058026
2171,171,23.3583,120.5833,0.0585683780686592
2172,171,23.3832,120.1635,-0.5733460218254404
2173,171,23.4765,120.4632,0.5914163686585188
2175,171,23.2803,120.4083,0.8679955500444968
2176,171,23.2878,120.501,1.02976871480359
2178,171,23.2698,120.2705,0.888303384211893
2179,171,23.2627,120.1315,0.6223652702953988
2180,171,23.1495,120.4098,0.0209675454098305
2181,171,23.1725,120.3192,0.6203702256199269
2182,171,23.1243,120.2392,-0.5985454078690902
2183,171,23.0768,120.5107,-0.6001582715433194
2184,171,23.1213,120.45,0.2096393681299342
2185,171,23.027,120.3402,0.0341442369654528
2186,171,22.906,120.345,-0.4028995923356285
2187,171,22.999,120.1837,-0.5593686066741631
2188,171,23.0648,120.1645,-0.124686172877847
2189,171,23.5103,120.8052,0.4587469458767536
2190,171,23.5672,119.5552,0.1561694113698566
2193,171,23.1848,120.528,-0.0059579121091221
2194,171,23.5972,120.6777,0.5696659029693187
2195,171,23.267,120.488,-0.6174838767853152
2196,171,23.7237,120.2975,-0.2447074320737995
2197,171,23.351,120.5932,0.8149644352635271
2198,171,23.3462,120.4293,0.9609384890615128
2199,171,23.2673,120.2163,1.2005500512967044
2200,171,23.7913,120.4783,-1.5790508769264815
2201,171,23.6538,120.1472,0.2371006001622605
2202,171,23.7935,120.3205,-1.2372634859383305
2203,171,23.1373,120.2802,-0.5124680255922441
2204,171,23.2272,120.3418,-0.1431615497586584
2205,171,23.6862,120.5622,-0.8090522530237859
2207,171,23.6695,120.4648,1.0139924538977494
2209,171,23.7912,120.2273,-0.0157563540154855
2210,171,23.7035,120.183,-0.248505606924238
2211,171,23.0372,120.1187,-0.383901277901614
2212,171,23.149,120.079,-0.1201397995876519
2213,171,23.0775,120.1082,0.0626402283723268
2215,171,23.6608,121.414,-0.1523308370145929
2216,171,23.6732,121.4173,-0.387363573881378
2217,171,23.9877,121.6173,-0.4704840857284573
2218,171,23.9925,121.6165,0.225132832416224
2219,171,23.9962,121.5858,0.5038554782896025
2220,171,23.993,121.6233,-0.6631103922479974
2221,171,23.978,121.591,0.3177612587003871
2222,171,23.9732,121.5993,0.3594961930438831
2223,171,23.9757,121.553,0.1601215286957998
2224,171,23.9648,121.56,-0.2535733557617841
2225,171,23.9497,121.5392,-0.2640488775181112
2226,171,23.977,121.605,1.2810682960842996
2227,171,23.8137,121.4328,-0.8233840243940382
2228,171,24.2675,121.7325,1.609103855586045
2229,171,24.08,121.5955,-1.1683445269826045
2230,171,23.3522,121.297,-2.298577282515823
2231,171,24.163,121.6447,-0.0743510859479584
2232,171,24.1185,121.6165,-0.2659810486765545
2233,171,24.055,121.591,0.5828789911516512
2234,171,24.0172,121.6013,0.467590985434063
2235,171,23.9373,121.5702,-0.715970626385735
2236,171,23.7852,121.4488,-0.8666484175740291
2237,171,23.7653,121.4922,-0.0595342590730716
2238,171,23.7108,121.412,-0.4393857434097424
2239,171,23.6867,121.4747,0.4226045460212289
2240,171,23.5905,121.3772,-0.563880347193778
2241,171,23.732,121.4362,-0.1754015410124002
2242,171,23.4995,121.367,-1.314884103389219
2243,171,23.4542,121.384,0.2142697177079419
2244,171,23.4615,121.3445,-0.460950725157796
2245,171,23.3845,121.3523,-0.3572666727991474
2246,171,23.2675,121.2942,0.1897015433702398
2247,171,23.7092,121.54,-0.2274211113162457
2248,171,23.6538,121.5268,-1.2461425222049922
2249,171,24.3095,121.7405,1.0336232081197996
2250,171,24.1492,121.6213,0.4548366319371081
2251,171,24.0113,121.5715,0.8143599031933008
2252,171,23.9952,121.5577,0.9565467468473068
2253,171,23.9897,121.584,0.0065635055349062
2254,171,23.8703,121.548,0.501382237762108
2255,171,23.3232,121.3323,-0.4495037560390627
2256,171,24.1795,121.5077,0.5433161962673384
2257,171,24.16,121.61,0.3842283359901071
2258,171,23.9672,121.484,0.3558579264738997
2259,171,23.8713,121.5005,-0.5426508653388055
2260,171,23.8703,121.59,-1.3870421260431292
2263,171,24.845,121.7973,0.0749500862085297
2264,171,24.7982,121.7813,0.4738023162276196
2266,171,24.6978,121.8052,0.4411577187832868
2267,171,24.6412,121.825,0.4680543356799168
2268,171,24.5943,121.8462,0.966815402223684
2269,171,24.7088,121.7628,0.725761039264048
2270,171,24.619,121.7812,1.918280679135924
2271,171,24.7807,121.7335,-0.0021199505883465
2272,171,24.732,121.7294,1.095869753800823
2273,171,24.6945,121.7202,0.526694418690905
2275,171,24.749,121.684,0.1376913127722493
2276,171,24.7135,121.644,1.0908173680433255
2277,171,24.6448,121.588,0.4741219321556909
2278,171,24.7278,121.755,1.0500822529357132
2279,171,24.5995,121.8337,1.864393946715938
2280,171,24.7455,121.7142,0.1017192946619194
2281,171,24.7233,121.7917,-0.0236019920211018
2282,171,24.6903,121.792,-0.2947131213226691
2284,171,24.666,121.7338,0.2634372083971505
2285,171,24.7663,121.7612,0.5059248880408513
2286,171,24.7655,121.748,-0.5378652333443488
2287,171,24.428,121.7407,1.2154256102676193
2289,171,24.6092,121.8488,-0.255919833136264
2290,171,24.7387,121.8083,0.9965998404350932
2291,171,24.7622,121.8088,-0.0760226289245384
2292,171,24.6667,121.8205,0.1519100275588319
2293,171,24.5233,121.825,0.4257219109459079
2294,171,24.4677,121.7933,0.5410029835812373
2296,171,24.477,121.7787,0.141607887601984
2297,171,24.4473,121.7707,1.644510598614179
2298,171,24.44,121.3728,0.8880424707161515
2299,171,23.1618,120.6355,-0.9190501154542002
2300,171,22.7873,120.279,-1.873465795377888
2301,171,22.902,120.5352,-0.1174050270122983
2302,171,23.1625,120.7573,-0.6829984647993199
2303,171,23.2777,120.7128,-0.0886448319459901
2304,171,22.8873,120.6567,-0.702290263790398
2305,171,22.7112,120.6412,-0.062289940950507
2306,171,22.8858,120.3222,-0.2890457232997688
2307,171,25.0863,121.45,0.364757821034476
2309,171,25.0758,121.5083,0.2394917333898091
2310,171,25.0758,121.5273,-0.5524050616948821
2311,171,25.063,121.4813,0.4057278075396663
2312,171,25.0572,121.5253,0.4833186444195935
2313,171,25.0578,121.5442,0.0957239047580941
2314,171,25.0528,121.448,0.1147077684263735
2315,171,25.0388,121.5263,-0.468028889914251
2317,171,25.0203,121.4652,-0.7279104481989624
2318,171,25.017,121.5027,-0.2547596937737638
2319,171,25.0045,121.5073,-0.9044137794372616
2320,171,25.0007,121.4748,0.953435136038024
2321,171,24.9803,121.5293,1.1991309062917286
2322,171,24.955,121.5303,0.9484728138050696
2323,171,24.9239,121.535,2.441764341971378
2324,171,25.183,121.4167,0.6496854151638662
2325,171,25.1255,121.4532,0.4430131362842548
2326,171,24.9913,121.41,0.2796697867455978
2328,171,25.148,121.4365,0.9628099784122922
2329,171,25.1008,121.4403,0.2048504055289896
2330,171,25.0817,121.3828,0.4582124682938804
2331,171,24.959,121.5143,1.6941741908325088
2332,171,25.1865,121.5202,0.4885877629903448
2336,171,25.056,121.872,1.0740515157297463
2337,171,25.0237,121.906,0.0667940626197088
2339,171,25.1008,121.4177,-0.0861417768491581
2340,171,25.0385,121.5762,1.186784867061105
2341,171,25.027,121.5595,1.1452616458936382
2342,171,25.0573,121.5945,0.8070080438672129
2343,171,25.141,121.4758,0.574335226704908
2344,171,25.1353,121.4913,0.326972751872787
2345,171,25.103,121.5395,1.432197007352862
2346,171,25.0351,121.519,-0.1716315629323024
2347,171,25.071,121.781,1.4909928833585526
2348,171,25.158,121.7202,-0.4460726348260017
2349,171,25.0473,121.1357,-0.2186521247908534
2350,171,24.9118,121.1405,1.4796141775833591
2351,171,25.0015,121.3097,-0.0088541596670104
2352,171,25.0092,121.2062,0.8683980386555141
2353,171,25.0003,121.1533,0.0239678377177431
2354,171,25.0463,121.3075,0.3506589715464789
2355,171,24.7757,121.075,0.2306555621133744
2356,171,24.5588,120.7492,-0.282781945043981
2357,171,24.5615,120.701,-0.1173619478985758
2358,171,24.6855,120.8623,0.2782163607848728
2359,171,24.639,120.8568,0.5536766210253852
2360,171,24.6157,120.7877,-0.2200837635847043
2361,171,24.4488,120.6963,0.2032530601751678
2362,171,24.4912,120.663,0.972806294943298
2363,171,24.4917,120.7837,1.0901140384379795
2364,171,24.4497,120.6455,0.6515700972340581
2365,171,24.5542,120.8077,1.2071276037909775
2366,171,24.5412,120.9137,0.0822124059083551
2367,171,24.4683,120.8543,-0.3695841119679249
2368,171,24.18,120.594,-0.5631590692639575
2369,171,24.1815,120.6338,-0.1543024013104216
2370,171,24.1603,120.6518,-0.3432106866124402
2371,171,24.198,120.7393,1.5578626246795109
2372,171,24.1935,120.6688,-0.3331103524487792
2373,171,24.1612,120.675,-0.5391269000687423
2374,171,24.1392,120.6643,-0.0490360031337331
2375,171,24.1588,120.6238,-0.9708089780975794
2376,171,24.1732,120.6107,-0.6267012079236026
2377,171,24.2687,120.5637,0.9542923233693682
2378,171,24.2247,120.644,-0.6742269877516761
2379,171,24.1355,120.549,0.1948103315304933
2380,171,24.1083,120.6158,-0.025759079842845
2381,171,24.0588,120.6912,0.5389691107231344
2382,171,24.0912,120.72,1.4386169507858395
2383,171,24.2772,120.7658,-0.7303281105883589
2384,171,23.9855,120.7883,0.4195710106278743
2385,171,24.014,120.9492,-1.3854449842346082
2386,171,23.9622,120.9618,-0.5326448965839323
2387,171,23.9827,120.6778,-0.6070136086265043
2388,171,23.9077,120.6757,0.4758646247069891
2389,171,23.812,120.8455,-1.737026571342276
2390,171,23.8395,120.8942,0.1193073838930695
2391,171,24.8022,120.9695,0.3874082468002048
2392,171,24.1475,120.676,-0.0393144827037804
2393,171,24.97,121.1867,0.3806825686699877
2394,171,23.883,120.8998,-1.86553937971358
2396,171,24.3482,120.7733,-1.050460452968038
2397,171,24.2533,121.1758,-2.8421420995359505
2398,171,23.9037,120.8565,-2.047973621704878
2399,171,25.0117,121.2792,0.6162935358601528
2400,171,24.7695,121.0488,0.1898621513366837
2401,171,24.7433,120.899,0.3730164049744069
2402,171,24.1858,120.6153,-0.5559003946295357
2403,171,24.3098,120.7072,-0.509468520187255
2404,171,24.2455,120.6018,-0.5525855279819837
2405,171,24.239,120.559,1.0620744244072535
2406,171,24.0833,120.5518,0.4175888013172107
2407,171,24.0727,120.5402,0.2552381363375702
2408,171,24.0848,120.5713,0.574472911179548
2409,171,23.9622,120.5695,-0.654407859388389
2410,171,24.1137,120.4872,-1.0080639527110573
2411,171,24.0557,120.424,-1.3465089924323757
2412,171,23.8928,120.3865,-1.3502958939373666
2413,171,23.9595,120.4693,-1.7170247088869346
2414,171,23.8568,120.5803,-0.3107353098110895
2415,171,24.1335,120.4598,-0.0936328438475445
2416,171,24.0027,120.4235,-1.800778688955776
2417,171,23.9242,120.3122,-1.244517758569586
2418,171,23.9803,120.613,-0.433814774089046
2419,171,23.8128,120.6097,0.479514522112706
2420,171,24.0187,120.5437,-0.6879196272449166
2421,171,24.4162,120.7607,0.4784842253725171
2422,171,23.8783,120.6843,0.5913622922958613
2423,171,24.5673,120.8165,-0.5446301343896989
2424,171,24.2603,120.6518,-0.257870995626738
2425,171,24.185,120.922,-2.188145112952915
2426,171,23.9223,120.5955,-0.2702247706705872
2427,171,23.9578,120.3593,-1.6873815101853384
2428,171,23.8338,120.464,-1.6476040173336777
2429,171,23.98,120.3368,-1.234639306294632
2430,171,24.8592,121.2475,0.5500490687176007
2431,171,23.3178,121.4425,-1.2771193140897847
2432,171,22.9102,121.1287,-0.446253692213059
2433,171,23.0992,121.3653,-0.0031178363019322
2434,171,23.1268,121.2057,-1.3376256791045833
2435,171,23.0973,121.2105,-0.5020916001953561
2436,171,23.053,121.1557,-0.4404645448256424
2437,171,22.9725,121.1083,-0.2544348218820568
2438,171,22.9045,121.072,0.0878887835155663
2439,171,22.863,121.083,-0.6018135456566405
2440,171,22.8078,121.086,-0.8216685685928373
2441,171,23.3563,121.4603,-0.3298500095562973
2442,171,23.2462,121.4055,-0.277409608822333
2443,171,23.193,121.3878,-0.6342660150078713
2444,171,23.1512,121.198,-1.1094466883702527
2445,171,23.1342,121.1177,1.214790928466334
2447,171,23.0068,121.1655,-0.8532002702018314
2448,171,22.9757,121.1478,-1.1342717605579284
2449,171,22.9658,121.232,-0.111162320555731
2450,171,23.1887,121.0168,-0.494267346262723
3835,171,23.6013,120.1715,0.6073263521399059
3836,171,23.4853,120.2692,-0.0664378027972281
3837,171,23.4653,120.544,-0.2836517991827052
3838,171,23.3328,120.1523,0.0288212568753003
3839,171,23.2963,120.5828,0.2977871921942355
3840,171,23.355,120.4052,-0.1321542908150389
3841,171,23.2212,120.1532,-0.3324137036462047
2451,172,23.355,120.4052,0.8642346721255403
2452,172,23.2212,120.1532,0.982862464302758
2453,172,23.2147,120.268,0.2533704314873558
2454,172,23.1795,120.4778,0.6290345775774345
2455,172,23.0457,120.4615,1.4007111204997489
2456,172,23.757,120.6062,0.865153202386569
2457,172,23.7795,120.5137,0.8028596401519215
2458,172,23.7987,120.4113,-1.391287266750887
2459,172,23.752,120.2468,-0.3400504000981079
2460,172,23.632,120.6052,1.4778136618077644
2461,172,23.6135,120.5282,1.1765616162448735
2462,172,23.5799,120.291,-0.4977613841480069
2463,172,23.5407,120.2153,-0.4786511938396128
2464,172,23.5212,120.5443,0.3862764044159776
2465,172,23.52,120.584,1.8252935933710728
2466,172,23.6073,120.4788,0.172744375060361
2467,172,23.5207,120.344,-0.6286071915285727
2468,172,23.4388,120.5957,2.778715938746517
2469,172,23.3583,120.5833,0.8740408154054021
2470,172,23.3832,120.1635,-1.0632395019098178
2471,172,23.4765,120.4632,0.596814706819353
2473,172,23.2803,120.4083,1.0410439103986142
2474,172,23.2878,120.501,1.6157078829075595
2476,172,23.2698,120.2705,1.848429046539538
2477,172,23.2627,120.1315,0.619586495025513
2478,172,23.1495,120.4098,0.3593744499681292
2479,172,23.1725,120.3192,0.7956540873548624
2480,172,23.1243,120.2392,-0.2994193561067996
2481,172,23.0768,120.5107,-0.1002693450054324
2482,172,23.1213,120.45,1.338462043494454
2483,172,23.027,120.3402,-0.3293854504503201
2484,172,22.906,120.345,0.1095803667292955
2485,172,22.9205,120.2078,-0.862933328739737
2486,172,22.999,120.1837,-0.3045450038213383
2487,172,22.9737,120.1815,-0.4720440741957706
2488,172,22.971,120.2286,-0.4351937113020359
2489,172,23.5103,120.8052,0.8066657287570062
2490,172,23.5672,119.5552,-0.2091397236383932
2493,172,23.1848,120.528,0.4154433237102404
2494,172,23.5972,120.6777,1.739350682983887
2495,172,23.267,120.488,-0.0193535100923976
2496,172,23.7237,120.2975,-0.5831231826922936
2497,172,23.351,120.5932,1.8300880723629285
2498,172,23.3845,120.519,1.3668650865257448
2499,172,23.3462,120.4293,2.186665167581495
2500,172,23.2673,120.2163,1.1338209511936228
2501,172,23.6538,120.1472,-0.3017350410842139
2502,172,23.7935,120.3205,-1.197421313911984
2503,172,22.983,120.2327,-0.4605550904123706
2504,172,23.1373,120.2802,-0.362254730771775
2505,172,23.2272,120.3418,0.2371706307748608
2506,172,23.6862,120.5622,1.2291097565558422
2508,172,23.6695,120.4648,-0.0056807659781636
2510,172,23.0372,120.1187,0.5654827942535502
2511,172,23.149,120.079,-0.2700735415202344
2512,172,23.0775,120.1082,0.9160854397945029
2514,172,23.6608,121.414,0.4942685602285044
2515,172,23.6732,121.4173,0.655729020663951
2516,172,23.9925,121.6165,-1.219326037297148
2517,172,23.9962,121.5858,-0.6397248865464392
2518,172,23.993,121.6233,-1.9175084277411176
2519,172,23.978,121.591,-1.1896043655712327
2520,172,23.9732,121.5993,-1.2137651203635265
2521,172,23.9757,121.553,-1.425514962937115
2522,172,23.9648,121.56,-1.647620538090321
2523,172,23.9497,121.5392,-1.641865341730352
2524,172,23.977,121.605,-0.1943669271212336
2525,172,23.8137,121.4328,-2.63373186415987
2526,172,24.2675,121.7325,0.4496582912301497
2527,172,23.3522,121.297,-1.5867078921091071
2528,172,24.163,121.6447,-1.8819893115833948
2529,172,24.055,121.591,-1.442884426283262
2530,172,24.0172,121.6013,-1.5822517935418403
2531,172,23.9373,121.5702,-1.4600614509933083
2532,172,23.7852,121.4488,-1.8892673685720764
2533,172,23.7653,121.4922,-1.4957185036432192
2534,172,23.7108,121.412,-0.699601387827971
2535,172,23.6867,121.4747,-0.2845709369114501
2536,172,23.5905,121.3772,-0.953406645258714
2537,172,23.732,121.4362,-0.252345323221699
2538,172,23.4995,121.367,-0.8182910154616622
2539,172,23.4542,121.384,-0.2722113678629864
2540,172,23.4615,121.3445,-1.084860172521159
2541,172,23.3845,121.3523,-0.4213350774564768
2542,172,23.2675,121.2942,0.7431879074801988
2543,172,23.7092,121.54,-1.5656206166431144
2544,172,23.6538,121.5268,-1.5683577669498614
2545,172,24.3095,121.7405,0.0909188080560439
2546,172,24.1492,121.6213,-1.0644826548582242
2547,172,24.0113,121.5715,-0.405200515958186
2548,172,23.9952,121.5577,-0.1751356777782036
2549,172,23.9897,121.584,-2.484880625501964
2550,172,23.8703,121.548,-0.6364977974827172
2551,172,24.1795,121.5077,-1.3059730578548867
2552,172,24.16,121.61,-1.2805133537245323
2553,172,23.9672,121.484,-1.396738674685993
2554,172,23.8713,121.5005,-2.614254012495543
2556,172,24.6412,121.825,-0.7146605932475534
2557,172,24.5943,121.8462,-0.0763515904690715
2558,172,24.732,121.7294,0.1597250153677806
2559,172,24.7455,121.7142,-1.3661655070494163
2561,172,24.7663,121.7612,-0.0464239582273608
2562,172,24.4677,121.7933,0.353974550758274
2563,172,24.477,121.7787,-0.406351684814007
2564,172,24.4473,121.7707,0.3193104886615711
2565,172,24.44,121.3728,-0.4312982024359807
2566,172,23.1618,120.6355,-0.3179888444279309
2567,172,22.7873,120.279,-1.1937838832523924
2568,172,22.8797,120.3707,0.9634195130568988
2569,172,22.891,120.4738,-0.319556072167328
2570,172,22.902,120.5352,0.2096119246973758
2571,172,22.6707,120.491,-0.6373203726135501
2572,172,23.1625,120.7573,0.4712399472738872
2573,172,23.2777,120.7128,1.2564104734656307
2574,172,22.9053,120.1732,-0.9062327305088624
2575,172,22.7852,120.2385,-0.9457747680132516
2576,172,22.7303,120.3412,-0.4535047613889348
2577,172,22.8873,120.6567,-0.0335632514821049
2578,172,22.574,120.5663,-0.6309138956175414
2579,172,22.747,120.7233,-0.0536000599981425
2580,172,22.7112,120.6412,0.1398222106433309
2581,172,22.8858,120.3222,-0.0874295013335947
2582,172,22.6461,120.306,-0.8484095782131744
2583,172,24.955,121.5303,0.4089932508067594
2584,172,24.959,121.5143,0.9007551417948156
2585,172,24.9118,121.1405,-0.067298099339186
2586,172,24.7572,120.9345,0.9045249307469836
2587,172,24.7808,121.0068,-0.3178947205267942
2588,172,24.7757,121.075,0.144473656812418
2589,172,24.5588,120.7492,0.4853239734573692
2590,172,24.5615,120.701,1.0708703412100395
2591,172,24.523,120.8148,-0.3876976564377671
2592,172,24.6855,120.8623,2.880575655653338
2593,172,24.639,120.8568,1.5643999602158891
2594,172,24.6157,120.7877,-0.2431074867830793
2595,172,24.4488,120.6963,0.725162533741878
2596,172,24.4912,120.663,0.4004941052993744
2597,172,24.4917,120.7837,0.5100281583658159
2598,172,24.4497,120.6455,-0.1062024303174941
2599,172,24.5542,120.8077,1.676810228799196
2600,172,24.5412,120.9137,0.085587682152028
2601,172,24.4683,120.8543,0.4958585593047313
2602,172,24.6188,120.9387,0.9640090595773596
2603,172,24.18,120.594,-0.2633441630937347
2604,172,24.179,120.6902,-0.5208125602453565
2605,172,24.1815,120.6338,-0.3706202805527986
2606,172,24.1603,120.6518,0.0029319934709135
2607,172,24.198,120.7393,1.1524991785512166
2608,172,24.1935,120.6688,0.5470933148653466
2609,172,24.1612,120.675,-0.1548639485552954
2610,172,24.1588,120.6238,0.1512593969255575
2611,172,24.1732,120.6107,0.3585280478909258
2612,172,24.2687,120.5637,1.0422351887195107
2613,172,24.2247,120.644,-0.8133761243830909
2614,172,24.1355,120.549,1.355038885770515
2615,172,24.1083,120.6158,-0.2328212418835114
2616,172,24.3457,120.61,-0.2638308086009792
2617,172,24.0588,120.6912,1.8766351143542364
2618,172,24.0912,120.72,1.557850441713258
2619,172,24.2772,120.7658,-0.1483202013374987
2620,172,24.196,120.5403,1.0113038756839474
2621,172,23.9855,120.7883,1.292751447552564
2622,172,24.0407,120.8488,1.2626892520726252
2623,172,24.014,120.9492,-1.6865835164661551
2624,172,23.9622,120.9618,-1.0607551084680855
2625,172,23.9827,120.6778,1.5191763126025577
2626,172,23.9077,120.6757,1.828017002647908
2627,172,23.812,120.8455,1.9693728285867416
2628,172,23.8395,120.8942,0.596889542444445
2629,172,24.8022,120.9695,-0.0968048977409427
2630,172,24.1475,120.676,0.5109333397245429
2631,172,23.883,120.8998,-1.0818922943887663
2633,172,24.3482,120.7733,-0.1320051963841565
2634,172,23.9037,120.8565,-0.5659091815217658
2635,172,24.7695,121.0488,-0.0406421420281184
2636,172,24.6917,121.0135,0.9672876284385618
2637,172,24.7433,120.899,0.8421613959052122
2638,172,24.1858,120.6153,-0.4455413166119945
2639,172,24.2493,120.7208,-0.5388706996629201
2640,172,24.3098,120.7072,-0.38409702642754
2641,172,24.2455,120.6018,-1.0288736647193917
2642,172,24.239,120.559,0.8978133421483623
2643,172,24.0833,120.5518,0.8244741263002874
2644,172,24.0727,120.5402,0.8042939668886234
2645,172,24.0848,120.5713,1.3091810571312308
2646,172,24.0557,120.424,-0.7503145084641363
2647,172,23.8928,120.3865,-1.6524632311411191
2648,172,23.9595,120.4693,-1.4271593815126586
2649,172,23.8568,120.5803,1.415152328873566
2650,172,24.1335,120.4598,-0.4109114658754514
2651,172,24.0027,120.4235,-0.3646506132232945
2652,172,23.9242,120.3122,-0.8808785790916314
2653,172,23.9803,120.613,0.3609818005402178
2654,172,23.8128,120.6097,2.1452813902497985
2655,172,24.0187,120.5437,-0.8031971600364978
2656,172,24.4162,120.7607,0.2818723035570776
2657,172,23.8783,120.6843,1.41340700475349
2658,172,24.5673,120.8165,0.2346385747510658
2659,172,24.2603,120.6518,-0.4355527777562871
2660,172,23.9223,120.5955,1.7482046348736275
2661,172,23.9578,120.3593,-0.5518070591397615
2662,172,23.8338,120.464,0.2120763812981044
2663,172,23.98,120.3368,-0.6447927201969335
2664,172,24.8592,121.2475,0.2260864402875513
2665,172,23.3178,121.4425,-0.8529564671798686
2666,172,22.6178,120.9975,0.0658946280283291
2667,172,22.9102,121.1287,0.0219378672369425
2668,172,22.7488,121.1442,-1.3285464358424208
2669,172,22.74,121.1135,-1.4561908925388702
2670,172,22.7662,121.133,-1.4374140194216145
2671,172,23.0992,121.3653,0.5186564863669465
2672,172,22.8207,121.0717,-0.3793963516789616
2673,172,23.1268,121.2057,-1.4135169776572127
2674,172,23.0973,121.2105,-0.1473832083012922
2675,172,22.9725,121.1083,-0.1299668296201234
2676,172,22.9045,121.072,0.8014913968469569
2677,172,22.863,121.083,-0.2873257459257959
2678,172,22.8078,121.086,0.0145303001081353
2679,172,22.779,121.0543,-0.8212954342171355
2680,172,23.3563,121.4603,0.0778147997135187
2681,172,23.2462,121.4055,0.2762316371719842
2682,172,23.193,121.3878,-0.6460089558053203
2683,172,22.7988,121.1855,-1.177170315152189
2684,172,23.1512,121.198,-1.1311481899888236
2685,172,23.1342,121.1177,0.5770077527729512
2687,172,23.0068,121.1655,-0.7046320579052605
2688,172,22.9757,121.1478,-1.01998711807961
2689,172,22.9658,121.232,0.8961348195578062
2690,172,22.773,121.0827,-0.6926031488490988
2691,172,22.674,121.0293,0.6572463455932761
2692,172,23.1887,121.0168,-0.3406719211393796
3842,172,23.7192,120.4125,-0.0953323688977337
3843,172,23.6013,120.1715,1.1137704608915977
3844,172,23.5815,120.552,1.427762545274198
3845,172,23.4853,120.2692,-0.7234623766964586
3846,172,23.4653,120.544,1.800981204261776
3847,172,23.3328,120.1523,-0.0047813778146486
3848,172,23.2963,120.5828,1.1657302394711977
2693,173,23.355,120.4052,1.1350642587202528
2694,173,23.2212,120.1532,1.0633654513602748
2695,173,23.2147,120.268,-0.6874275056773996
2696,173,23.1795,120.4778,0.4803130885406313
2697,173,23.0457,120.4615,1.1557622233475136
2698,173,23.757,120.6062,-0.4818841344401991
2699,173,23.7795,120.5137,-0.7356760913710735
2700,173,23.7987,120.4113,-1.2173178759668646
2701,173,23.752,120.2468,-1.4101758668185442
2702,173,23.632,120.6052,1.178579178585845
2703,173,23.6135,120.5282,0.3151287825429626
2704,173,23.6443,120.4758,0.4561474567353895
2705,173,23.5799,120.291,-0.518284265493848
2706,173,23.5407,120.2153,0.3521810414509325
2707,173,23.5212,120.5443,0.8379058376603836
2708,173,23.52,120.584,1.701373470987647
2709,173,23.6073,120.4788,0.6993135042378856
2710,173,23.5207,120.344,-0.070689690605078
2711,173,23.3583,120.5833,1.284025558280599
2712,173,23.3832,120.1635,0.2458791789557178
2713,173,23.4765,120.4632,1.468551655260564
2715,173,23.2803,120.4083,0.5894538280022061
2716,173,23.2878,120.501,1.538498480071954
2718,173,23.2698,120.2705,0.5680322297239377
2719,173,23.2627,120.1315,0.4620028861901266
2720,173,23.1495,120.4098,0.2110601481914177
2721,173,23.1725,120.3192,1.4102725461625845
2722,173,23.184,120.1025,-0.5795741910766616
2723,173,23.1243,120.2392,0.2137206724695069
2724,173,23.0768,120.5107,-0.1525468259153754
2725,173,23.1213,120.45,1.6658780576990853
2726,173,23.027,120.3402,0.3305767310187097
2727,173,22.906,120.345,0.7422347743389925
2728,173,22.9205,120.2078,-0.4545978769112322
2729,173,22.999,120.1837,0.0705229952925525
2730,173,22.9737,120.1815,0.0745587755757566
2731,173,22.971,120.2286,0.5396218424356256
2732,173,23.0648,120.1645,0.9114691082485756
2733,173,23.5103,120.8052,0.6536222831092758
2734,173,23.5672,119.5552,-0.1515217623879516
2737,173,23.1848,120.528,0.6328785272944041
2738,173,23.5972,120.6777,-0.2154938552776868
2739,173,23.267,120.488,-0.3474880863421132
2740,173,23.7237,120.2975,-1.4977061537437977
2741,173,23.351,120.5932,1.592472876381905
2742,173,23.3845,120.519,1.69611568275805
2743,173,23.3462,120.4293,0.9768736169127225
2744,173,23.2673,120.2163,-0.2619622228620932
2745,173,23.7913,120.4783,-0.7474101774806782
2746,173,23.6538,120.1472,-1.4567730169806052
2747,173,23.7935,120.3205,-0.6959878571377965
2748,173,22.983,120.2327,-0.0891157128566775
2749,173,23.1373,120.2802,0.2135755253875557
2750,173,23.2272,120.3418,0.1109108195689546
2751,173,23.6862,120.5622,1.1356095769062953
2753,173,23.6695,120.4648,-0.666406917720291
2755,173,23.0372,120.1187,0.9275798740017696
2756,173,23.149,120.079,0.8346247596568632
2757,173,23.0775,120.1082,0.678709385171839
2759,173,23.6608,121.414,0.6492649371625641
2760,173,23.6732,121.4173,0.6773108433628013
2761,173,23.9877,121.6173,-1.2519299049683923
2762,173,23.9925,121.6165,-0.7041079027482554
2763,173,23.9962,121.5858,-0.4821399688236196
2764,173,23.978,121.591,-0.3949558799867415
2765,173,23.9732,121.5993,-0.5859136428133873
2766,173,23.9757,121.553,-1.1050036702513204
2767,173,23.9648,121.56,-0.8606634054729543
2768,173,23.9497,121.5392,-0.9792919758957724
2769,173,23.977,121.605,0.8745097630491474
2770,173,23.8137,121.4328,-1.3457019707499105
2771,173,23.3522,121.297,-1.8834684770236367
2772,173,24.163,121.6447,-1.0272538144237902
2773,173,24.1185,121.6165,-0.9983601266377368
2774,173,24.055,121.591,-0.4321374382921262
2775,173,24.0172,121.6013,-0.2949648151897972
2776,173,23.9373,121.5702,-0.5412416776011908
2777,173,23.7852,121.4488,-0.8853491383058022
2778,173,23.7653,121.4922,-0.0174999976804449
2779,173,23.7108,121.412,-0.5659788369559221
2780,173,23.6867,121.4747,-0.0108303874555192
2781,173,23.5905,121.3772,0.1308578716213319
2782,173,23.732,121.4362,0.0165631613416329
2783,173,23.4995,121.367,0.1699682629969661
2784,173,23.4542,121.384,0.6117830073953263
2785,173,23.4615,121.3445,-0.4529482577235805
2786,173,23.3845,121.3523,-0.1619477865252075
2787,173,23.2675,121.2942,0.3269159822108223
2788,173,23.7092,121.54,-0.0216452808171902
2789,173,23.6538,121.5268,-0.3586311927739525
2790,173,24.3095,121.7405,1.3182870105871876
2791,173,24.1492,121.6213,0.0950958121005131
2792,173,24.0113,121.5715,0.4846783459997714
2793,173,23.9952,121.5577,-0.1920203516423495
2794,173,23.9897,121.584,-1.7626855018443497
2795,173,23.8703,121.548,0.3356756999915408
2796,173,23.3232,121.3323,-0.3118662460578822
2797,173,24.1795,121.5077,-0.7838727836497784
2798,173,24.16,121.61,-0.3727753796694575
2799,173,23.9672,121.484,-0.3656626171602689
2800,173,23.8713,121.5005,-0.56769128272044
2802,173,24.44,121.3728,0.8280343319107868
2803,173,23.1618,120.6355,-0.772587426896648
2805,173,22.591,120.3173,-1.138821499846207
2806,173,22.6462,120.3585,-0.3117573920292291
2807,173,22.6295,120.3672,0.1094134588741325
2808,173,22.8797,120.3707,1.5311005334099397
2809,173,22.656,120.3317,-0.3494917539242762
2810,173,22.509,120.3862,-0.257780824251289
2811,173,22.891,120.4738,-0.5799364832485748
2812,173,22.902,120.5352,0.360308902013317
2813,173,22.6707,120.491,-0.4167162635081323
2814,173,22.5462,120.4528,-0.0849095745404539
2815,173,22.2617,120.6432,-1.045262392753995
2816,173,22.1922,120.6853,0.5358329420508923
2818,173,22.7252,120.4908,-0.7097502195292817
2819,173,23.1625,120.7573,0.4587534509238124
2820,173,23.2777,120.7128,0.7185724135062033
2821,173,22.5747,120.3353,-0.1881345782664212
2822,173,22.6495,120.3203,-0.6198572053442132
2823,173,22.6237,120.2843,0.4443830931261535
2824,173,22.9053,120.1732,-0.545250320259533
2825,173,22.7852,120.2385,0.706116644563672
2826,173,22.7303,120.3412,0.7980239356168208
2827,173,22.8873,120.6567,0.5303410964515284
2828,173,22.5348,120.5362,-0.1637467324841222
2829,173,22.574,120.5663,0.6266507206697975
2830,173,22.4903,120.499,0.4439476568689475
2831,173,22.747,120.7233,0.4470638155372878
2832,173,22.7112,120.6412,0.87223241716475
2833,173,22.0095,120.7367,-0.4829789352048058
2834,173,22.5673,120.4475,-0.6268522536068382
2835,173,22.8858,120.3222,0.3689681132418069
2836,173,22.6128,120.3113,-0.1955683264146315
2837,173,22.6461,120.306,-0.2831972277882068
2838,173,22.4805,120.403,-0.8368528472432795
2839,173,25.017,121.5027,-0.4706841710866518
2840,173,25.0385,121.5762,1.3438313853042991
2841,173,24.7808,121.0068,0.2741256287130992
2842,173,24.7757,121.075,0.6281180870200461
2843,173,24.5588,120.7492,0.1705102825027125
2844,173,24.5615,120.701,0.7351876927545631
2845,173,24.6855,120.8623,1.429874863108979
2846,173,24.6157,120.7877,0.2872871347236074
2847,173,24.4488,120.6963,0.3735049770188161
2848,173,24.4912,120.663,0.0900741358115454
2849,173,24.4917,120.7837,0.8990613370487792
2850,173,24.4497,120.6455,-0.0494120810805019
2851,173,24.5542,120.8077,1.5523010858164104
2852,173,24.4683,120.8543,-0.4086834613023323
2853,173,24.18,120.594,-1.1464346666030998
2854,173,24.179,120.6902,-1.5675754743488557
2855,173,24.1815,120.6338,0.5688242778987035
2856,173,24.1603,120.6518,-1.0219076348199327
2857,173,24.198,120.7393,0.1921104867079952
2858,173,24.1935,120.6688,-1.513732164176819
2859,173,24.1612,120.675,-1.4043257517359196
2860,173,24.1588,120.6238,-0.5096904819898209
2861,173,24.1732,120.6107,-0.2764283509026857
2862,173,24.2687,120.5637,0.921757132075368
2863,173,24.2247,120.644,-1.389995765713992
2864,173,24.1355,120.549,-0.3520704000078689
2865,173,24.3457,120.61,0.0226920283332458
2866,173,24.0912,120.72,-0.2666626246681688
2867,173,24.2772,120.7658,-0.7766836362906182
2868,173,24.196,120.5403,0.4158701733344029
2869,173,24.1475,120.676,-1.177926407414864
2870,173,23.883,120.8998,-0.4624433325818458
2871,173,24.3482,120.7733,-0.4116024149126306
2872,173,23.9037,120.8565,-0.3318591268847164
2873,173,24.6917,121.0135,1.445739280589985
2874,173,24.7433,120.899,1.2766243030597026
2875,173,24.1858,120.6153,-0.8595922757948733
2876,173,24.2493,120.7208,-0.3086991971252712
2877,173,24.3098,120.7072,-0.7099499602309984
2878,173,24.2455,120.6018,-1.3904595387199443
2879,173,24.239,120.559,-0.6520637019412947
2880,173,24.0833,120.5518,-0.4492528013751919
2881,173,24.0727,120.5402,-0.0287727443955647
2882,173,24.0848,120.5713,0.2293953864706846
2883,173,23.9622,120.5695,-1.274523937942294
2884,173,24.0557,120.424,-0.7939071765548182
2885,173,23.8928,120.3865,-1.5350624273078777
2886,173,23.9595,120.4693,-0.8384718907905457
2887,173,23.8568,120.5803,0.8186115152573805
2888,173,24.1335,120.4598,-0.80606992735426
2889,173,24.0027,120.4235,0.1881065373701247
2890,173,23.9242,120.3122,-1.301412124568477
2891,173,23.9803,120.613,-0.8320506916318539
2892,173,23.8128,120.6097,0.3977528694913316
2893,173,24.0187,120.5437,-0.6016467783283233
2894,173,24.5673,120.8165,-0.2013298271938142
2895,173,24.2603,120.6518,-1.1850491249979074
2896,173,23.9223,120.5955,-0.0888407008495824
2897,173,23.9578,120.3593,-0.3424016413368671
2898,173,23.8338,120.464,-1.3265825838806875
2899,173,23.98,120.3368,1.0249140365934395
2900,173,23.3178,121.4425,0.2865129007752527
2901,173,22.9738,121.2968,0.2193509094213601
2902,173,22.6178,120.9975,0.0084454450892317
2903,173,22.9102,121.1287,0.3930185535261804
2904,173,22.7568,121.1403,-0.6116530836562087
2905,173,22.7717,121.1378,-1.2227744955378166
2906,173,22.7647,121.1427,-1.5670376975174842
2907,173,22.7602,121.1517,-1.0185385461724945
2908,173,22.7488,121.1442,-0.780497156663623
2909,173,22.74,121.1135,-1.1179861428291504
2910,173,22.7662,121.133,-1.0158688428010685
2911,173,23.0992,121.3653,0.9381764122585702
2912,173,22.754,121.1465,-0.3324257210208227
2913,173,22.8207,121.0717,0.0579783336784856
2914,173,23.1268,121.2057,0.1305996390104521
2915,173,23.0973,121.2105,1.1450329354781683
2916,173,23.053,121.1557,1.0377185137830398
2917,173,22.9725,121.1083,0.6562905132406143
2918,173,22.9045,121.072,1.142730365180475
2919,173,22.863,121.083,-0.0171001257821596
2920,173,22.8078,121.086,0.1322076574308785
2921,173,22.779,121.0543,0.1590368329939982
2922,173,23.3563,121.4603,-0.1945289845149105
2923,173,23.2462,121.4055,0.967636770382359
2924,173,23.193,121.3878,-0.79182703009094
2925,173,22.7988,121.1855,-0.2812012496645434
2926,173,23.1512,121.198,-0.1714839673239321
2927,173,23.1342,121.1177,2.639200276584467
2929,173,23.0068,121.1655,1.395420695948395
2930,173,22.9757,121.1478,0.2842305053137661
2931,173,22.9658,121.232,2.238215401880921
2932,173,22.773,121.0827,-0.5928392771027019
2933,173,22.674,121.0293,0.7396012155837276
2934,173,23.1887,121.0168,1.566733124712542
3849,173,23.7192,120.4125,-0.7957521367595908
3850,173,23.6013,120.1715,-0.5107019908370205
3851,173,23.5815,120.552,1.1141062574011162
3852,173,23.4853,120.2692,-0.0183986721358704
3853,173,23.4653,120.544,1.0311970807107331
3854,173,23.3328,120.1523,-0.3259324520738918
3855,173,23.2963,120.5828,2.0299256950769893
2935,174,23.2963,120.5828,1.5445535534205328
2936,174,23.355,120.4052,0.4918133333803838
2937,174,23.2212,120.1532,-0.1223694330847149
2938,174,23.2147,120.268,-0.3566435786764318
2939,174,23.1795,120.4778,0.6187671291625987
2940,174,23.0457,120.4615,2.134769460827991
2941,174,23.757,120.6062,2.138155320548288
2942,174,23.7795,120.5137,0.9875889717019204
2943,174,23.7987,120.4113,-0.8650378579514555
2944,174,23.752,120.2468,-0.1312220755752782
2945,174,23.6135,120.5282,0.0466597526980427
2946,174,23.6443,120.4758,0.99474190883126
2947,174,23.5799,120.291,-0.6248261277243098
2948,174,23.5407,120.2153,-0.5726458879703875
2949,174,23.52,120.584,1.1306703956161288
2950,174,23.5207,120.344,-0.2758717539671279
2951,174,23.3583,120.5833,0.7221411653935214
2952,174,23.3832,120.1635,-0.2647767739275676
2953,174,23.4765,120.4632,1.7867161767805328
2955,174,23.2803,120.4083,1.1588162189532212
2956,174,23.2878,120.501,1.750739240000852
2958,174,23.2698,120.2705,0.3045495001672549
2959,174,23.2627,120.1315,-0.425930797397448
2960,174,23.1495,120.4098,0.9841608364444626
2961,174,23.1725,120.3192,0.0973136209681091
2962,174,23.184,120.1025,-1.2162022451673538
2963,174,23.1243,120.2392,-0.4554505888577412
2964,174,23.0768,120.5107,0.6878511248358338
2965,174,23.1213,120.45,1.2114872488213562
2966,174,23.027,120.3402,-0.018198522201034
2967,174,22.906,120.345,0.6324391346606243
2968,174,22.9205,120.2078,-0.9595202376580884
2969,174,22.999,120.1837,-0.4243739399947662
2970,174,22.9737,120.1815,-0.5550042073066426
2971,174,22.971,120.2286,0.2900795063761984
2972,174,23.0648,120.1645,0.0703153405669768
2973,174,23.5672,119.5552,0.1678188249016928
2976,174,23.1848,120.528,0.621020736892323
2977,174,23.267,120.488,0.2229750998020255
2978,174,23.7237,120.2975,-0.5448043434420157
2979,174,23.351,120.5932,0.651522573977648
2980,174,23.3845,120.519,1.6261707605734528
2981,174,23.3462,120.4293,1.132352173861468
2982,174,23.2673,120.2163,0.3879204695073943
2983,174,23.6538,120.1472,0.6313844616890046
2984,174,23.7935,120.3205,-0.4341739866583302
2985,174,22.983,120.2327,-0.7568941971308861
2986,174,23.1373,120.2802,0.2364239211577768
2987,174,23.2272,120.3418,0.0424410523523463
2990,174,23.7912,120.2273,0.8992676435670667
2991,174,23.0372,120.1187,-0.2817789984068435
2992,174,23.149,120.079,0.4054887158332651
2993,174,23.0775,120.1082,0.2398941070425966
2996,174,23.6608,121.414,-0.4640615861332845
2997,174,23.9877,121.6173,-1.0464768104055313
2998,174,23.9925,121.6165,0.2690377827588424
2999,174,23.9962,121.5858,0.2193667018443157
3000,174,23.993,121.6233,-0.7828786389497552
3001,174,23.978,121.591,-0.6788488169557145
3002,174,23.9732,121.5993,0.0321619692866407
3003,174,23.9757,121.553,-0.7348062434127417
3004,174,23.9648,121.56,-0.4563842822756381
3005,174,23.9497,121.5392,0.0666009694172742
3006,174,23.977,121.605,1.9851656721692503
3007,174,23.8137,121.4328,-0.8339310543517727
3008,174,24.2675,121.7325,0.4000499891708864
3009,174,24.08,121.5955,-1.1657370464345338
3010,174,23.3522,121.297,-0.6644416175377574
3011,174,24.163,121.6447,-1.0522425610266513
3012,174,24.1185,121.6165,-0.5416767717206802
3013,174,24.055,121.591,0.4162681527469413
3014,174,24.0172,121.6013,-0.1920908716742805
3015,174,23.9373,121.5702,-0.0101050734884428
3016,174,23.7852,121.4488,-0.8838604149180204
3017,174,23.7653,121.4922,0.0976772863987169
3018,174,23.7108,121.412,-0.3204627412484822
3019,174,23.6867,121.4747,0.0140784194733843
3020,174,23.5905,121.3772,-0.7382179463623662
3021,174,23.732,121.4362,-0.3815547994411949
3022,174,23.4995,121.367,-1.0398737636419753
3023,174,23.4542,121.384,-0.3130682157155413
3024,174,23.4615,121.3445,-0.8945337121772361
3025,174,23.3845,121.3523,0.1991094888215434
3026,174,23.2675,121.2942,0.991199433851086
3027,174,23.7092,121.54,-0.698576323521974
3028,174,23.6538,121.5268,-0.7186023651828349
3029,174,24.3095,121.7405,0.6473188691410249
3030,174,24.1492,121.6213,-0.6971367483053063
3031,174,24.0113,121.5715,1.5862329684703762
3032,174,23.9952,121.5577,0.5889347506137357
3033,174,23.9897,121.584,-1.0044982636916038
3034,174,23.8703,121.548,0.3770230056408202
3035,174,24.1795,121.5077,0.5116782172958859
3036,174,24.16,121.61,-0.0948564167264417
3037,174,23.9672,121.484,-0.3078518467547614
3038,174,23.8713,121.5005,-1.1114883949636634
3039,174,23.8703,121.59,-1.7254923799360216
3042,174,24.845,121.7973,-0.2196482713713141
3044,174,24.6978,121.8052,-0.3818660062221005
3045,174,24.6412,121.825,-0.257618318857875
3046,174,24.5943,121.8462,0.8395818735654358
3047,174,24.7088,121.7628,-0.1857530631829961
3048,174,24.619,121.7812,0.64904283588228
3049,174,24.7807,121.7335,-0.253504816906321
3050,174,24.732,121.7294,0.8322459375958418
3051,174,24.6945,121.7202,-0.7686340965196133
3053,174,24.749,121.684,-0.5998227773503716
3054,174,24.7135,121.644,-0.2746749817291857
3055,174,24.6448,121.588,-0.8919956949548911
3056,174,24.7278,121.755,0.1550919105614178
3057,174,24.5995,121.8337,1.1568859703429255
3058,174,24.7455,121.7142,-0.8878584664565351
3059,174,24.7233,121.7917,-0.5242606168137905
3060,174,24.6903,121.792,-0.4281180472802368
3062,174,24.7663,121.7612,0.2405918014609692
3063,174,24.7655,121.748,-1.0933478959507783
3064,174,24.7212,121.667,0.6014603813084465
3065,174,24.6092,121.8488,-1.203450299774912
3066,174,24.9732,121.9183,-0.6298468970995729
3067,174,24.7387,121.8083,0.7032694952882981
3068,174,24.7622,121.8088,-0.5529925354177712
3069,174,24.6667,121.8205,-0.8426387628027543
3070,174,24.5233,121.825,-0.965653897488534
3071,174,24.4677,121.7933,0.3423969800887053
3072,174,24.477,121.7787,-0.3306854663579798
3073,174,24.4473,121.7707,0.3199913933117174
3074,174,23.1618,120.6355,0.6874478623353654
3075,174,22.6462,120.3585,-0.5458939874395385
3076,174,22.8797,120.3707,1.8769137637681343
3077,174,22.656,120.3317,-0.6934092213534738
3078,174,22.891,120.4738,0.4552986650584119
3079,174,22.902,120.5352,1.208144270079838
3080,174,22.6707,120.491,-0.2117312647097582
3081,174,22.6108,120.5588,-0.6540525624109986
3082,174,22.5462,120.4528,-0.6977729027322359
3083,174,22.4643,120.4535,-1.4100529306240857
3084,174,22.5488,120.5327,-0.1815011851585547
3085,174,22.473,120.5427,-0.1533608568378917
3086,174,22.2617,120.6432,-0.7283066471267857
3087,174,22.1922,120.6853,-0.36354165495229
3088,174,22.0982,120.7418,-1.2426981248137734
3089,174,22.1905,120.8703,-1.009395859246631
3091,174,22.7252,120.4908,-0.4388157980461094
3092,174,23.1625,120.7573,1.1091767783955917
3094,174,23.2777,120.7128,1.6185624340836255
3095,174,22.5538,120.3437,-0.601790326620548
3096,174,22.6342,120.2633,-0.1892077697934065
3097,174,22.6495,120.3203,-0.9406770901661868
3098,174,22.6237,120.2843,0.7269876445912133
3099,174,22.9053,120.1732,-1.378386140470432
3100,174,22.7852,120.2385,-0.5602050846974576
3101,174,22.7303,120.3412,-0.0782935117830859
3102,174,22.8873,120.6567,1.429969837430658
3103,174,22.5348,120.5362,-0.4620144920664738
3104,174,22.574,120.5663,-0.3131431602279086
3105,174,22.4903,120.499,-0.2974185072333661
3106,174,22.747,120.7233,0.5837205295844936
3107,174,22.7112,120.6412,2.0241171110380085
3108,174,22.0095,120.7367,-0.8396691791002795
3109,174,22.5673,120.4475,-1.5290314213009906
3110,174,22.8858,120.3222,-0.0064742727539592
3111,174,22.6128,120.3113,-0.5651629149934094
3112,174,22.6461,120.306,-0.5887054805217332
3113,174,22.4805,120.403,-1.5423388763029926
3114,174,25.063,121.4813,-0.5226530893520497
3115,174,25.0572,121.5253,-0.0286347026426636
3117,174,25.017,121.5027,-0.8648566035018774
3118,174,25.0045,121.5073,-2.0017364797272186
3119,174,25.0007,121.4748,0.5448400849222941
3120,174,24.9803,121.5293,0.3632211646123503
3121,174,24.955,121.5303,0.5898349367043014
3122,174,24.9239,121.535,1.722787278695698
3123,174,24.9043,121.5447,-0.9417832378052224
3124,174,25.183,121.4167,-0.6125049068301809
3125,174,25.1255,121.4532,-0.3832050542845004
3126,174,24.9913,121.41,-0.5308768843173634
3127,174,25.148,121.4365,0.3793274751293749
3128,174,25.1008,121.4403,-0.5725300237530762
3129,174,25.0817,121.3828,-0.142806550374799
3130,174,24.959,121.5143,1.811369373413142
3131,174,25.1565,121.6855,-0.8053297233305693
3132,174,25.1572,121.7237,0.0671280936569151
3133,174,25.1865,121.5202,-0.3556072472926559
3135,174,25.0082,121.9882,-1.3722725589638884
3136,174,24.9913,121.65,0.5751017535723799
3139,174,25.056,121.872,0.3001081912337717
3140,174,25.0237,121.906,-1.1939976787914752
3141,174,25.0182,121.9808,-1.205663923060807
3142,174,25.2595,121.4938,-1.4146612193522967
3143,174,25.2252,121.6295,-2.498929051952528
3145,174,25.1008,121.4177,-0.7087674524697714
3146,174,25.0385,121.5762,0.4503726035622724
3147,174,25.0573,121.5945,0.1052822928762214
3148,174,25.0608,121.582,-0.6858028015052214
3149,174,25.141,121.4758,0.498359861918701
3150,174,25.1353,121.4913,-0.2535170394485963
3151,174,25.0207,121.5299,-1.4578106185486326
3152,174,25.103,121.5395,1.190368357328629
3153,174,25.0351,121.519,-0.851592201827548
3154,174,25.071,121.781,0.5226139687640344
3155,174,25.1053,121.2373,-1.1149717847863736
3156,174,24.9118,121.1405,-0.1044937180260519
3157,174,25.0015,121.3097,-0.8308903981838004
3158,174,25.0092,121.2062,-0.4239324063700149
3159,174,25.0463,121.3075,-0.3883889966231854
3160,174,24.88,121.0535,-1.501782285944704
3161,174,24.7757,121.075,0.2764627224501454
3162,174,24.5588,120.7492,-0.3656814625954161
3163,174,24.5615,120.701,-0.6173149467222828
3164,174,24.6855,120.8623,0.4891783287954768
3165,174,24.4488,120.6963,0.6874625876660394
3166,174,24.4912,120.663,0.5792940858418532
3167,174,24.4917,120.7837,0.7104732449025005
3168,174,24.4497,120.6455,0.5125062931385035
3169,174,24.5542,120.8077,1.4821139664180063
3170,174,24.4032,120.7578,-0.2778815526577935
3171,174,24.5412,120.9137,0.6917603039144273
3172,174,24.4683,120.8543,-0.6831755629528874
3173,174,24.18,120.594,0.7110579812801933
3174,174,24.179,120.6902,-0.9215751093371752
3175,174,24.1815,120.6338,1.1490705982540113
3176,174,24.1603,120.6518,0.3511856031302774
3177,174,24.198,120.7393,0.7038043264235533
3178,174,24.1935,120.6688,-0.1375376036510615
3179,174,24.1612,120.675,-0.6816506438662644
3180,174,24.1392,120.6643,0.0323814308159837
3181,174,24.1588,120.6238,0.9319489728846077
3182,174,24.1732,120.6107,0.8896644601759547
3183,174,24.2687,120.5637,1.944797961911462
3184,174,24.2247,120.644,-0.7040294083654963
3185,174,24.1355,120.549,1.3322253645676865
3186,174,24.3457,120.61,0.1659418514485688
3187,174,24.0912,120.72,-0.1142293222646913
3188,174,24.2772,120.7658,-0.2714126543992998
3189,174,24.196,120.5403,1.8313333362933788
3190,174,24.8022,120.9695,-0.1899323660913606
3191,174,24.1475,120.676,-0.1369695865890172
3192,174,24.97,121.1867,-1.4776191090520672
3194,174,24.3482,120.7733,-1.0662578196463717
3195,174,25.0117,121.2792,-0.9341153939164212
3196,174,24.7695,121.0488,-0.4330566405710772
3197,174,24.6917,121.0135,0.8945749264151026
3198,174,24.7957,120.9558,-0.3584947820165812
3199,174,24.7433,120.899,-0.1927069507814185
3200,174,24.242,120.7092,-1.0790952879686695
3201,174,24.2493,120.7208,-0.0335126475939401
3202,174,24.3098,120.7072,0.3249179933606409
3203,174,24.2455,120.6018,-0.1573796867548096
3204,174,24.239,120.559,1.624105343520865
3205,174,24.0833,120.5518,0.5608112394355241
3206,174,24.0727,120.5402,0.5921095172635382
3207,174,24.0848,120.5713,1.696009670141693
3208,174,24.0557,120.424,0.1804194539201213
3209,174,23.8928,120.3865,0.9566369162255756
3210,174,23.9595,120.4693,-0.5757014401926298
3211,174,24.1335,120.4598,0.1738945361488787
3212,174,24.0027,120.4235,-0.0055995184513788
3213,174,23.9242,120.3122,0.3408960310641069
3214,174,24.0187,120.5437,-0.1150377168216531
3215,174,24.4162,120.7607,0.7691896284023153
3216,174,23.8783,120.6843,1.2494553074856782
3217,174,24.5673,120.8165,-0.2860512456202435
3218,174,24.2603,120.6518,-0.1709346615519583
3219,174,23.9223,120.5955,1.0816131964864997
3220,174,23.9578,120.3593,0.815934212265753
3221,174,23.8338,120.464,1.0786468277212722
3222,174,23.98,120.3368,0.1107350480545969
3223,174,23.3178,121.4425,-0.7354638863359834
3224,174,22.9738,121.2968,-0.0412930822483223
3225,174,22.6178,120.9975,1.2003775294928731
3226,174,22.9102,121.1287,1.2737382920122988
3227,174,22.7568,121.1403,-0.8790451135288113
3228,174,22.7647,121.1427,-1.7676733286150614
3229,174,22.7602,121.1517,-1.267413243374355
3230,174,22.7488,121.1442,-0.8732312954621712
3231,174,22.74,121.1135,-0.3488998304190929
3232,174,22.7662,121.133,-1.1946148894453574
3233,174,22.7678,121.1277,-2.5499449878261484
3234,174,23.0992,121.3653,0.3000959010405724
3235,174,22.754,121.1465,-0.7166366389557604
3236,174,22.8207,121.0717,0.5135747849982738
3237,174,23.1268,121.2057,-0.2074542933012549
3238,174,23.0973,121.2105,0.5502413296276174
3239,174,23.053,121.1557,0.8319306808473095
3240,174,22.9045,121.072,1.3875116255911084
3241,174,22.863,121.083,0.9082430660222692
3242,174,22.8078,121.086,0.601935846878124
3243,174,22.779,121.0543,0.4587945448987678
3244,174,23.3563,121.4603,0.2787105383450032
3245,174,23.2462,121.4055,-0.2432544532708484
3246,174,23.193,121.3878,-0.6266940095898634
3247,174,22.7988,121.1855,-0.3414601885111369
3248,174,23.1512,121.198,-0.3612721024369197
3249,174,23.1342,121.1177,1.9384187706024
3251,174,23.0068,121.1655,0.4316507679020289
3252,174,22.9757,121.1478,0.3243223267890509
3253,174,22.9658,121.232,0.4093781856980991
3254,174,22.773,121.0827,0.0526538181104647
3255,174,22.674,121.0293,1.8787197551838064
3256,174,23.1887,121.0168,1.920574952342914
3856,174,23.7192,120.4125,0.7874850364565421
3857,174,23.6013,120.1715,0.490439545256207
3858,174,23.5815,120.552,0.5318017173679972
3859,174,23.4853,120.2692,1.538055127453355
3860,174,23.4653,120.544,1.239271406528296
3861,174,23.3328,120.1523,-0.5144069291408772
3257,175,23.2963,120.5828,1.475082742613837
3258,175,23.355,120.4052,1.582833750688805
3259,175,23.2212,120.1532,1.3417592950031896
3260,175,23.2147,120.268,0.1191634971933583
3261,175,23.1795,120.4778,1.1391967568060768
3262,175,23.0457,120.4615,1.9087735413564235
3263,175,23.757,120.6062,0.9222383025607074
3264,175,23.7795,120.5137,0.6412040331301011
3265,175,23.7987,120.4113,0.3007813375690807
3266,175,23.752,120.2468,1.613048406365313
3267,175,23.632,120.6052,1.3440197311619488
3268,175,23.6135,120.5282,2.3011657731279187
3269,175,23.6443,120.4758,0.7074265661363085
3270,175,23.5799,120.291,1.3733495912375016
3271,175,23.5407,120.2153,0.608167312778431
3272,175,23.5212,120.5443,1.0335793829696749
3273,175,23.52,120.584,1.6340339587788713
3274,175,23.6073,120.4788,1.8752930803494867
3275,175,23.5562,120.4202,1.7045256098170274
3276,175,23.5207,120.344,1.04141769817591
3277,175,23.4388,120.5957,2.825318468892537
3278,175,23.3583,120.5833,1.01119361765362
3279,175,23.3832,120.1635,0.359428318917091
3280,175,23.4765,120.4632,1.65712245635383
3282,175,23.2803,120.4083,1.0570684146364706
3283,175,23.2878,120.501,1.4555878255728971
3285,175,23.2698,120.2705,1.6846516062293215
3286,175,23.1495,120.4098,0.4287684323677976
3287,175,23.1725,120.3192,-0.0696579179146314
3288,175,23.184,120.1025,-0.7974209167006573
3289,175,23.1243,120.2392,-0.4648920019911166
3290,175,23.0768,120.5107,0.0424412693919084
3291,175,23.1213,120.45,1.1388885888797704
3292,175,23.027,120.3402,-0.2512041779064011
3293,175,22.906,120.345,0.5610234676733807
3294,175,22.9205,120.2078,-0.8302591927066929
3295,175,22.999,120.1837,-0.3664370329862438
3296,175,22.9737,120.1815,-0.159355983952596
3297,175,22.971,120.2286,-0.4130806487041507
3298,175,23.0648,120.1645,-0.100546593142796
3299,175,23.5103,120.8052,1.098027963336596
3300,175,23.5672,119.5552,1.1958393239526073
3303,175,23.1848,120.528,1.0309310834045895
3304,175,23.267,120.488,0.1595705952953512
3305,175,23.7237,120.2975,1.976278498077801
3306,175,23.351,120.5932,1.716508196887227
3307,175,23.3845,120.519,1.6498431333984482
3308,175,23.3462,120.4293,3.330061286909156
3309,175,23.2673,120.2163,1.2480205927005288
3310,175,23.7913,120.4783,0.3513636274615784
3311,175,23.6538,120.1472,0.4497169931083202
3312,175,23.7935,120.3205,0.328229569160065
3313,175,22.983,120.2327,-0.5596198508290565
3314,175,23.1373,120.2802,0.2842252238484447
3315,175,23.2272,120.3418,0.736939083575422
3316,175,23.6862,120.5622,0.5137763181322367
3319,175,23.7912,120.2273,1.510283020080249
3320,175,23.0372,120.1187,0.5242124972473776
3321,175,23.149,120.079,0.7601028925955798
3322,175,23.0775,120.1082,1.2309190716800085
3325,175,23.9877,121.6173,-1.061620330490843
3326,175,23.9925,121.6165,-0.4308259886947139
3327,175,23.9962,121.5858,0.2729507472197013
3328,175,23.993,121.6233,-1.2385322591139771
3329,175,23.9732,121.5993,-0.0643361239962408
3330,175,23.9757,121.553,-0.0488937131409431
3331,175,23.9648,121.56,-0.2259240549245055
3332,175,23.977,121.605,1.0109622030374277
3333,175,23.8137,121.4328,-0.9205674818857884
3334,175,24.2675,121.7325,0.8101757252856542
3335,175,24.08,121.5955,-1.1943843744942506
3336,175,23.3522,121.297,-0.5671972161221192
3337,175,24.163,121.6447,0.0997693027053684
3338,175,24.1185,121.6165,-0.3339724226200271
3339,175,24.055,121.591,0.1869231515531196
3340,175,24.0172,121.6013,-0.1075874115912043
3341,175,23.9373,121.5702,-0.355275168109862
3342,175,23.7852,121.4488,-0.8409353956726107
3343,175,23.7653,121.4922,0.2037791341028197
3344,175,23.6867,121.4747,0.195609135461105
3345,175,23.5905,121.3772,-0.1122728102171113
3346,175,23.732,121.4362,-0.2475851606694042
3347,175,23.4995,121.367,-0.9144684081016
3348,175,23.4542,121.384,0.3805894095202877
3349,175,23.4615,121.3445,-0.3847334681220229
3350,175,23.2675,121.2942,0.1870598515291445
3351,175,23.7092,121.54,-0.5019126840386172
3352,175,23.6538,121.5268,-0.937335304287364
3353,175,24.3095,121.7405,1.2418806013482966
3354,175,24.1492,121.6213,1.0784057526031925
3355,175,23.9897,121.584,-0.3122087823364639
3356,175,23.8703,121.548,0.4053412510211749
3357,175,23.3232,121.3323,0.3458645860293987
3358,175,24.1795,121.5077,-0.6548070518566989
3359,175,24.16,121.61,0.1998660266093645
3360,175,23.9672,121.484,-0.6863720294034104
3361,175,23.8713,121.5005,-0.7866558776853828
3362,175,23.8703,121.59,-1.4470855577817423
3364,175,24.845,121.7973,-1.008551147870195
3365,175,24.7982,121.7813,-0.3536713628343212
3366,175,24.6412,121.825,-0.580423789530639
3367,175,24.5943,121.8462,0.6650970581889613
3368,175,24.7088,121.7628,-0.0999917768447795
3369,175,24.619,121.7812,0.2215376528943128
3370,175,24.7807,121.7335,-0.5350667891602421
3371,175,24.732,121.7294,0.0032944664119542
3372,175,24.6945,121.7202,-1.1032730074434254
3374,175,24.749,121.684,-0.901212402985094
3375,175,24.6437,121.6912,0.7036698059566956
3376,175,24.7135,121.644,-0.3181709259482653
3377,175,24.6448,121.588,-1.4637862173951033
3378,175,24.7555,121.747,0.0514216013067396
3379,175,24.7278,121.755,-0.2214216890667961
3380,175,24.7233,121.7917,-0.8176975673514548
3381,175,24.7663,121.7612,-0.289676380368336
3382,175,24.7212,121.667,-0.5154641545316663
3383,175,24.6092,121.8488,-1.2958836663845408
3384,175,24.7387,121.8083,-0.2049863930642868
3385,175,24.7622,121.8088,-0.8371881699310537
3386,175,24.6667,121.8205,-1.2364507509240787
3387,175,24.5233,121.825,-0.7699814620163165
3388,175,24.4677,121.7933,0.3756838887181213
3390,175,24.477,121.7787,-0.403129237134031
3391,175,24.4473,121.7707,0.4332575671939124
3392,175,23.1618,120.6355,-0.1137523558804802
3393,175,22.591,120.3173,-1.5778073128610013
3394,175,22.6462,120.3585,-0.6859838601371879
3395,175,22.6295,120.3672,-0.5450249602049405
3396,175,22.8797,120.3707,1.4779528319938442
3397,175,22.891,120.4738,-0.25749044818011
3398,175,22.902,120.5352,-0.1656403492831905
3399,175,22.6707,120.491,-1.1541404844871122
3400,175,22.6108,120.5588,-0.8319638194646239
3401,175,22.473,120.5427,-0.6799423355471816
3403,175,23.2777,120.7128,0.8008638378997762
3404,175,22.6342,120.2633,-0.4250135716949701
3405,175,22.6495,120.3203,-0.990088610373371
3406,175,22.9053,120.1732,-0.9381802150988836
3407,175,22.7852,120.2385,-0.5247303337443759
3408,175,22.7303,120.3412,-0.3305952182529603
3409,175,22.8873,120.6567,-0.0347587641918143
3410,175,22.5348,120.5362,-1.078494376590904
3411,175,22.574,120.5663,-0.9515981080117866
3412,175,22.4903,120.499,-0.8951566368633219
3413,175,22.747,120.7233,-0.2083729401697062
3414,175,22.7112,120.6412,0.0254475196553901
3415,175,22.8858,120.3222,-0.0380201846163986
3416,175,22.6461,120.306,-0.7806746282981102
3417,175,25.063,121.4813,-0.4245344981965661
3418,175,25.0572,121.5253,-0.9192965627109988
3420,175,25.017,121.5027,-1.2344216955969176
3421,175,25.0045,121.5073,-1.8080229985293657
3422,175,24.9239,121.535,1.034239496249377
3423,175,25.1758,121.434,-0.3957258847833935
3424,175,25.1255,121.4532,-0.7030226638192805
3425,175,24.9538,121.3375,-1.4274953860547692
3426,175,25.1523,121.3955,0.9322408336904872
3427,175,25.0817,121.3828,0.0165085829646088
3430,175,25.0385,121.5762,-0.0078946358713197
3431,175,25.0573,121.5945,-0.0357800627982979
3432,175,25.141,121.4758,-0.2199439529037849
3433,175,25.1353,121.4913,-0.5389497278110814
3434,175,25.0207,121.5299,-1.0987721223304876
3435,175,25.103,121.5395,0.204271618718514
3436,175,25.0351,121.519,-0.9225413955526968
3437,175,25.071,121.781,0.3848487466241921
3438,175,25.0473,121.1357,-0.874408772701825
3439,175,24.9118,121.1405,0.7600733964294633
3440,175,25.0015,121.3097,-0.3368443691706932
3441,175,25.0092,121.2062,0.0217794242446992
3442,175,25.0003,121.1533,-0.6118454541389778
3443,175,25.0463,121.3075,0.1267221369232082
3444,175,24.5588,120.7492,-0.6092862219482934
3445,175,24.5615,120.701,-0.1903364929246258
3446,175,24.523,120.8148,-0.0422968069972183
3447,175,24.4488,120.6963,-0.0068781090067665
3448,175,24.4912,120.663,1.3029203538558152
3449,175,24.4917,120.7837,-0.0576392958207676
3450,175,24.4497,120.6455,-0.1161999358360772
3451,175,24.5542,120.8077,1.0745222343579763
3452,175,24.4032,120.7578,-0.7849608722250858
3453,175,24.4683,120.8543,-0.7031704912562466
3454,175,24.18,120.594,-0.7170617925950725
3455,175,24.179,120.6902,-1.257607235757728
3456,175,24.1815,120.6338,-0.8623735123567903
3457,175,24.1603,120.6518,-1.1282886856976235
3458,175,24.198,120.7393,0.7590952244535458
3459,175,24.1935,120.6688,-1.6458283054263727
3460,175,24.1588,120.6238,-1.1423267451677066
3461,175,24.1732,120.6107,-0.5378543489387048
3462,175,24.2687,120.5637,0.6405783801242824
3463,175,24.2247,120.644,-1.2118689203473352
3464,175,24.1355,120.549,0.5093871891248389
3465,175,24.3457,120.61,-0.3622866897292511
3466,175,24.0588,120.6912,0.2119505123128439
3467,175,24.0912,120.72,-1.1701963880703443
3468,175,24.2772,120.7658,-0.9006539346898376
3469,175,24.0407,120.8488,-1.3613630905933292
3470,175,23.9827,120.6778,-0.3570273560585596
3471,175,23.9077,120.6757,0.2650198402651814
3472,175,23.812,120.8455,0.9131459103347128
3473,175,23.8395,120.8942,2.561879057399459
3474,175,23.9,120.93,0.1117355915504385
3475,175,24.8022,120.9695,0.2362242420051349
3476,175,24.1475,120.676,-0.762880733406152
3477,175,24.97,121.1867,-0.5181354942973596
3479,175,23.8635,120.2812,-0.3922461743047707
3480,175,24.3482,120.7733,-1.539446288687223
3481,175,24.9823,121.2625,-0.5338222299625321
3482,175,25.0117,121.2792,-0.5453043997462853
3483,175,24.7695,121.0488,0.0274601788100657
3484,175,24.6917,121.0135,0.7044349134980549
3485,175,24.7957,120.9558,-0.1266560850159924
3486,175,24.7433,120.899,0.26177418104486
3487,175,24.1858,120.6153,-1.1544858716563295
3488,175,24.2493,120.7208,-0.6481628674451899
3489,175,24.3098,120.7072,-0.9780935722271702
3490,175,24.2455,120.6018,-1.3590671190022257
3491,175,24.239,120.559,1.0539625159386654
3492,175,24.0727,120.5402,0.2827403063541994
3493,175,24.0865,120.5235,-0.7246905643971981
3494,175,24.0848,120.5713,0.5384253037665606
3495,175,23.9622,120.5695,-1.0128081867073722
3496,175,24.0557,120.424,-1.4251253253656264
3497,175,23.8928,120.3865,-0.3707292503398877
3498,175,23.9595,120.4693,-0.8973361531348
3499,175,24.0027,120.4235,-0.7261750365589299
3500,175,23.9242,120.3122,-0.3062509361923711
3501,175,23.9803,120.613,-0.5086568933976867
3502,175,23.8128,120.6097,0.3485261222208413
3503,175,24.0187,120.5437,-0.6276143312452114
3504,175,23.9552,120.6822,-0.5379975735866132
3505,175,24.4162,120.7607,0.3872768670557382
3506,175,23.8783,120.6843,1.2753947259016083
3507,175,24.2603,120.6518,-1.4394200034735336
3508,175,23.9223,120.5955,0.279095059294259
3509,175,23.9217,120.5403,-0.1759753189840244
3510,175,23.9578,120.3593,-0.3416380018634468
3511,175,23.8338,120.464,-0.0869798694129891
3512,175,23.98,120.3368,-0.4785646245603536
3513,175,24.8592,121.2475,0.1734247338381366
3514,175,23.3178,121.4425,-0.495155530061279
3515,175,22.9738,121.2968,0.1587811865720116
3516,175,22.6178,120.9975,-0.3532825648495888
3517,175,22.9102,121.1287,0.5070397716769077
3518,175,22.7568,121.1403,-1.0397447661206598
3519,175,22.7717,121.1378,-1.7887522518912782
3520,175,22.7647,121.1427,-2.1267547822940656
3521,175,22.7602,121.1517,-1.833494602236072
3522,175,22.7488,121.1442,-1.0301278036075034
3523,175,22.7662,121.133,-1.866459860950344
3524,175,23.0992,121.3653,0.0086805963550653
3525,175,22.754,121.1465,-0.8008221769931185
3526,175,22.8207,121.0717,0.0166067834625091
3527,175,23.1268,121.2057,-0.5563005608201939
3528,175,23.0973,121.2105,0.6359672286776971
3529,175,23.053,121.1557,0.3361733915351575
3530,175,22.9725,121.1083,0.4066300616809578
3531,175,22.9045,121.072,1.1062164328094546
3532,175,22.863,121.083,0.675757616752779
3533,175,22.8078,121.086,0.0209193557946058
3534,175,22.779,121.0543,-0.242660403041012
3535,175,23.3563,121.4603,0.7064644422615872
3536,175,23.2462,121.4055,0.2865865709525412
3537,175,23.193,121.3878,-0.6428453976942395
3538,175,22.7988,121.1855,-0.6917847536115654
3539,175,23.1512,121.198,0.1383944509370624
3540,175,23.1342,121.1177,1.2222707665638564
3542,175,23.0068,121.1655,-0.1766798776594391
3543,175,22.9757,121.1478,-0.2273264417308692
3544,175,22.9658,121.232,0.762364439613371
3545,175,22.773,121.0827,-0.5903203571542583
3546,175,22.674,121.0293,0.3991773759385795
3862,175,23.7192,120.4125,1.615173947713584
3863,175,23.6013,120.1715,1.6457562808468025
3864,175,23.5815,120.552,2.183590945481602
3865,175,23.4853,120.2692,2.6695281948302045
3866,175,23.4653,120.544,1.1303633504289496
3867,175,23.3328,120.1523,0.2316091537045371
3868,175,24.5673,120.8165,-0.4707881903248932
3869,176,35.0305,132.9044,0.1418782831923451
3870,176,34.8919,133.2781,-1.5673979749059177
3871,176,34.8111,132.8444,0.0314441023814892
3872,176,34.723,132.2797,0.5207667125236964
3873,176,34.7738,133.2833,0.3636996341839683
3874,176,34.6627,132.4102,0.2388240589265695
3875,176,34.7,133.0972,-1.3796940172987846
3876,176,34.6075,132.7219,0.3009043714305128
3877,176,34.5855,133.0527,-0.7931315773584128
3878,176,34.5644,133.2388,0.3299611781113982
3879,176,34.4244,132.7447,1.3595162465279158
3880,176,34.4816,133.3641,0.6968478855913665
3881,176,34.4166,133.1997,-1.2510966879158902
3882,176,34.4008,133.0858,-1.0037053673550722
3883,176,34.9497,133.1197,-1.394723861963507
3884,176,34.3704,133.0259,0.0917719951112412
3885,176,34.545,132.9506,-1.491983123020106
3886,176,34.515,133.1401,0.0042720624060828
3887,176,34.3753,133.3519,-1.220798846630423
3888,176,34.5534,133.4205,0.2935140709387729
3889,176,34.9105,132.9149,1.4398222934576264
3890,176,34.6983,132.955,-1.6906043510709248
3891,176,35.6163,134.4527,-1.6640589282000473
3893,176,35.3294,134.668,-0.9325735454347645
3895,176,34.9816,134.3255,-2.2819727190084427
3896,176,34.9927,134.5547,0.3489421569697731
3897,176,34.7519,134.3927,-0.0916949991214276
3898,176,35.0639,134.4261,-1.4068423258664946
3899,176,35.2161,134.5264,-1.5312331653129303
3900,176,34.8963,134.3311,-1.1013900969453658
3901,176,34.7903,134.4819,-1.2257765680531183
3902,176,35.0278,134.6736,-0.990380432121294
3903,176,34.9281,134.545,1.162278949186853
3904,176,35.1755,134.0527,0.0401573255862978
3905,176,35.1705,134.3413,-1.2538599085144957
3906,176,34.9547,133.5044,0.7541074324739081
3907,176,35.0066,133.7344,0.4811770114299347
3908,176,35.0652,134.0077,-1.0563727590950291
3909,176,34.7775,133.6147,-2.3009561093891464
3910,176,34.8669,133.9063,-0.0803328577419492
3911,176,34.9144,134.095,-2.020784403272568
3912,176,34.7422,134.1911,-0.8230359125550387
3913,176,34.6508,133.9094,0.3041948551187475
3914,176,34.5861,133.7572,-1.2371270876057927
3915,176,34.5063,133.5125,0.3020213457140969
3916,176,34.443,133.7902,-0.8215403587605932
3917,176,35.2761,133.9283,-0.1197603945804325
3918,176,34.5036,133.8931,0.8934009070597332
3920,176,34.775,133.7917,-1.2115845496900064
3921,176,34.6397,133.6886,-2.354857170611288
3922,176,34.8652,133.8554,-1.4081764059116353
3923,176,34.6724,133.5309,-1.302994061828537
3925,176,34.9071,133.4081,-1.1366395680802632
3926,176,35.1777,133.6792,-1.3314035942862532
3927,176,35.2794,133.929,-0.2919561001303458
3928,176,35.07,134.1189,-1.216104086335949
3929,176,35.0967,134.3217,-0.4015003967300461
3930,176,34.7251,134.2771,-0.8404672184809086
3931,176,34.9331,133.6232,-0.505021635051482
3932,176,35.5341,133.1638,-1.433595778469083
3934,176,35.1763,133.0955,-1.1704539760176849
3935,176,35.285,132.903,-1.3076569344280131
3936,176,35.358,132.7475,-1.146238721122477
3937,176,35.1911,132.5003,0.767467960202139
3938,176,35.0775,132.5939,-0.0143863133111955
3939,176,34.8491,132.5333,0.953571375146475
3940,176,35.008,132.2252,0.8344600414289223
3941,176,34.8838,132.0808,-0.5653710824146424
3942,176,35.3613,133.173,-1.2231315512685317
3943,176,35.1925,132.8172,-0.8950927153474016
3944,176,36.0902,132.9866,-1.7044066315738888
3945,176,36.1894,133.2358,-0.0711965925471625
3946,176,35.2931,133.263,-0.3428623843047933
3947,176,35.2203,133.0882,-0.3171374029843722
3948,176,35.2212,132.7249,0.5471555593699315
3949,176,35.0886,132.5333,0.5558102872527914
3950,176,34.8665,132.6422,-0.3186795386305533
3951,176,34.8807,132.2051,0.9843977971429092
3952,176,34.8769,132.4233,-0.4967930804306439
3954,176,35.4228,132.8033,-1.1832823756707578
3955,176,35.1603,132.8583,-0.311526221808272
3956,176,35.0056,132.3094,-0.5449799721551056
3957,176,35.3383,134.4002,-2.1854079018993047
3958,176,35.4822,134.2225,-0.4646572182670822
3959,176,35.34,134.2102,1.1404862357709942
3960,176,35.46,134.0711,-0.6346415966774167
3962,176,35.5075,133.633,-1.672849082201309
3963,176,35.2794,133.4902,-0.0312080813222438
3965,176,35.1676,133.3139,-0.7380743887849696
3966,176,35.2572,134.22,-1.6864173371889288
3967,176,35.2281,133.3937,-1.1240321944083576
3968,176,35.4636,133.6333,-0.987849088321316
6137,176,33.981,133.549,-0.0682093784361704
6138,176,33.9216,133.3074,-1.2985903493280857
6139,176,33.9266,133.0843,0.4699466976693938
6140,176,34.0624,132.9982,1.5584030249834264
6141,176,33.7974,132.9141,-0.0352448446932054
6142,176,33.641,133.0082,0.4177708961736471
6143,176,33.9621,132.7722,0.3873404513965428
6144,176,33.8198,132.7282,1.2062383216728456
6145,176,33.6324,132.7963,-1.0549946533221837
6146,176,33.4512,132.6882,1.1914203911336356
6147,176,33.4496,132.4336,1.1651632816020416
6148,176,33.2217,132.5727,0.6598428052576016
6149,176,33.3924,132.1141,-0.1374418835882957
6150,176,32.9453,132.5047,-0.0766275693546371
6151,176,33.6094,132.4768,-0.2645967618289215
6152,176,33.7658,132.7088,0.4528592560711078
6153,176,33.9121,133.6523,0.1225731632414681
6154,176,33.899,133.0684,-0.4561871549463777
6155,176,33.7079,132.8057,-1.240489736799062
6156,176,33.3314,132.8005,0.4484438088017488
6157,176,33.4988,132.7505,-1.1635045926736622
6158,176,33.5354,133.0042,0.4072430951682168
6159,176,36.2161,136.1571,-1.0607009486372383
6160,176,36.0386,136.0137,-0.1267290584762535
6162,176,35.9789,136.4865,0.0427254383642096
6163,176,35.9067,136.1743,0.3226742022354688
6164,176,35.7731,136.1998,0.5811141005471119
6165,176,35.6447,136.0575,0.8906037107750094
6166,176,35.5479,135.9084,-0.1799559285278487
6168,176,35.4904,135.551,0.1815429470497745
6169,176,36.0924,136.3646,1.0971195009899142
6170,176,35.9452,136.0584,1.0484690501380816
6172,176,35.5556,135.8722,0.1916669992756762
6173,176,35.6358,136.0331,1.0022375386211222
6174,176,35.4875,135.4869,1.8830631884021656
6175,176,35.4542,135.7294,0.9406898762499564
6177,176,33.8324,130.9014,0.4243619392816834
6178,176,33.7388,131.0095,0.7518525753591426
6181,176,33.5716,130.8539,1.2574704205056593
6185,176,33.8817,130.9822,0.2604989593435152
6193,176,35.6365,136.4882,-0.3845007726592518
6194,176,35.4829,136.5714,1.0163361476066466
6196,176,35.2834,136.4715,0.4683955795777096
6198,176,35.6294,136.6164,0.8515348654191212
6201,176,35.4147,136.4376,-0.7743525197214165
6203,176,35.2736,136.7031,1.4170149142110755
6204,176,34.4926,132.2794,2.9167783618528857
6206,176,34.2869,132.2766,1.5505289903909818
6208,176,34.2485,132.5647,0.5772971038707739
6209,176,34.3027,133.1693,0.5620728419015695
6210,176,34.285,132.6436,1.6846769471488303
6212,176,35.6411,134.6284,-1.0478035098735492
6213,176,35.4615,134.8758,0.2107824899600794
6214,176,35.3407,134.8619,0.7259241314013096
6215,176,35.1482,134.788,-0.7389747550407387
6216,176,35.169,135.1041,0.6920810373552939
6217,176,35.0593,135.1777,1.680408152873506
6218,176,34.989,134.7634,0.0027441818552186
6219,176,35.0023,134.9999,0.0610541988351799
6220,176,34.9515,135.2713,0.80169562772567
6221,176,34.8143,134.687,-0.2744181343101259
6222,176,34.832,134.8236,0.4035185819810313
6223,176,34.7976,134.9899,0.0801945145093112
6224,176,34.6898,135.1583,1.1198787561831132
6225,176,34.7463,135.3499,-0.3224470044473971
6226,176,34.6444,134.9999,0.7321707889991838
6227,176,34.533,134.9904,-0.0943731223630057
6228,176,34.3405,134.9014,-0.8286360364521934
6229,176,34.4149,134.7925,-0.9379273541124982
6231,176,34.2904,134.7968,-0.504829836027058
6232,176,35.0676,135.2839,1.4282438443049286
6233,176,34.905,135.0872,1.6877422314207389
6234,176,34.8132,134.8106,-0.0708859638506711
6235,176,35.2893,134.9099,1.291089255857211
6238,176,34.5466,134.2814,2.0338893051560185
6239,176,34.4727,134.3139,2.6010621217609624
6240,176,34.2652,133.7896,0.5300487312289726
6241,176,34.3473,134.0374,0.5836703720065183
6242,176,34.1138,133.6354,0.7169671811301864
6243,176,34.2496,134.1856,1.5553665081655332
6244,176,34.2271,134.4009,0.4636114967572876
6245,176,34.1644,133.9243,0.0480570212904324
6246,176,34.2153,133.952,0.5517089458312655
6248,176,33.2903,134.1681,1.624535482777092
6249,176,33.5014,133.9068,0.915600248787892
6250,176,33.6975,133.8771,0.4785259990018224
6251,176,33.5934,133.6921,0.4646084697244701
6252,176,33.4945,133.4165,0.4747815032114524
6253,176,33.5611,133.5271,0.350269330532625
6255,176,33.5742,133.1718,0.3435723409979322
6256,176,33.3925,133.2896,-0.2089978093504896
6257,176,33.3982,132.8962,-0.2165995385186352
6258,176,33.1967,132.9758,-0.8730299453737705
6259,176,33.0797,133.1015,0.7459094155047045
6260,176,32.9895,132.9377,0.0287156428518815
6262,176,32.7672,132.9711,-0.0287053463390005
6263,176,33.7691,133.6565,-0.295487466609905
6264,176,33.5387,134.1224,-0.9486462071797735
6265,176,33.7046,133.3667,-0.5588188745240391
6268,176,33.0719,132.955,-0.1926729690936236
6269,176,35.7406,135.1022,-0.4958592453822295
6271,176,35.6767,135.2919,0.1674988856825209
6274,176,35.2759,135.1827,1.681722867297544
6276,176,35.2612,135.3966,-0.4606495135789439
6277,176,35.1637,135.5016,0.0842288762841099
6278,176,35.2098,135.7738,-0.1626940286367054
6279,176,35.017,135.5638,-0.093037071764246
6280,176,34.9962,135.8188,-0.1032279299783549
6281,176,34.8784,135.8047,-0.1558268158642165
6282,176,34.7732,135.9921,0.1619798919427618
6283,176,35.5211,135.1271,-0.2614420927355084
6284,176,35.707,135.2524,-0.1521481541668213
6285,176,35.3098,135.1362,0.2476999945227021
6287,176,35.1718,136.4943,1.0699157517028013
6288,176,35.0279,136.5073,0.6885695164946399
6289,176,34.9704,136.6357,0.5576436308749064
6290,176,34.8569,136.4493,0.8848763649245546
6291,176,34.7677,136.1151,0.7728675159983293
6292,176,34.7178,136.5039,-0.1220516450507028
6293,176,34.6435,136.3365,0.9629651353075712
6294,176,34.6285,136.1073,1.6904646787944586
6295,176,34.5752,136.5296,-0.1383695840757755
6296,176,34.2777,136.4996,-0.7016329528740811
6297,176,33.8783,136.0822,0.4573766596049193
6298,176,33.8764,135.9188,-0.7657575611775975
6299,176,34.9817,136.4592,0.378827984619524
6300,176,34.7629,136.2864,-0.4047151502585218
6301,176,34.3499,136.5895,-0.7505611283460354
6302,176,34.0604,136.1718,-0.2914376393411756
6306,176,33.7611,135.9998,-0.398099395544896
6307,176,34.8192,136.4274,0.6366158574848219
6308,176,34.7154,135.7272,0.3943716349434962
6309,176,34.6683,135.8352,0.1797157863069257
6310,176,34.5169,135.7191,-0.5506719674373963
6311,176,34.3408,135.6883,-0.0509201453737294
6312,176,34.3383,135.9541,0.534157987926228
6313,176,33.938,135.7552,-1.0769461943864254
6314,176,33.9633,135.6518,0.6715251336864807
6315,176,34.2892,136.005,-0.6327694872833444
6316,176,34.3028,135.8397,-1.3468122903327702
6317,176,34.4204,136.0323,-0.8879434083192805
6318,176,34.6381,136.054,-0.1504109181656187
6319,176,33.6783,131.5936,1.2907318414371851
6320,176,33.5685,131.2678,1.0221290881538745
6321,176,33.5583,131.4489,0.7854856980396107
6322,176,33.5666,131.7378,0.6146147646992993
6323,176,33.4549,131.1142,0.2065605780869424
6324,176,33.4152,131.6148,0.4933725945398246
6325,176,33.2569,131.3439,0.7487311419222736
6327,176,33.2461,131.8811,1.1564676001013865
6328,176,33.0664,131.3734,-0.2527026583266833
6329,176,33.0656,131.8589,0.5965638181181023
6333,176,33.4547,131.4453,0.0040601701506019
6334,176,33.1272,131.3497,0.5972142914823264
6337,176,32.9836,131.5905,2.095275261625104
6339,176,34.9707,135.39,1.6500403521755755
6340,176,34.8573,135.5958,0.9065681451051256
6341,176,34.7668,135.4683,-0.3023549971563687
6342,176,34.7405,135.6394,0.6604020103068917
6343,176,34.7255,135.5099,-1.091570398456881
6344,176,34.5894,135.471,-0.7006745885823427
6345,176,34.5577,135.6058,-0.7750536307188416
6346,176,34.4402,135.3917,-0.3531611024732363
6347,176,34.4366,135.5816,-1.5703218009902078
6348,176,34.3755,135.2549,0.2901676826484275
6349,176,34.3944,135.2864,0.1348969267700663
6350,176,34.6595,135.3924,-0.6146109584369621
6351,176,34.5215,135.6636,-1.4941117187734585
6352,176,34.7597,135.7081,-1.2399200255490563
6353,176,35.5398,136.2065,-0.0633000391481288
6354,176,35.4215,136.0243,0.2308221160361359
6355,176,35.377,136.264,0.7947801253834738
6356,176,35.3476,135.9184,-0.0319350198095466
6357,176,35.2493,136.2421,0.4898863118564193
6358,176,35.2001,135.921,-0.303482930505313
6359,176,35.1339,136.0957,1.620952402803904
6360,176,35.0701,136.2946,1.549204366017319
6361,176,35.0051,136.0854,1.0149232949917124
6362,176,34.9718,135.8965,1.5051340409781724
6363,176,34.8779,136.0587,0.2842730114042883
6364,176,34.9043,136.2307,0.9566820489750032
6365,176,35.2351,136.3628,0.8144501252117443
6366,176,35.245,135.87,1.1277879542736735
6367,176,34.8497,136.0344,-0.0159932162473762
6368,176,34.9606,136.2639,1.0918026033785193
6369,176,34.5718,132.0141,0.1263948252420205
6370,176,34.3529,131.9352,0.8920965202885356
6372,176,34.4668,131.7752,1.683661928466403
6373,176,36.2932,133.3561,-2.57701869382307
6374,176,34.6908,132.0427,1.378930974656091
6375,176,34.5693,132.0147,-0.5818512371182758
6376,176,34.3872,131.895,1.188771031472119
6378,176,34.0438,134.582,0.033643534411975
6379,176,33.7749,134.5914,0.8656293387879175
6380,176,33.8788,134.3889,-0.5166954153445958
6381,176,33.6692,134.4192,0.2617233923981458
6382,176,34.0905,134.285,0.0024667750924241
6383,176,33.9344,134.212,-0.1012007902526821
6384,176,33.7719,134.1995,-0.4661946679042496
6385,176,34.038,134.0614,0.3755384647736774
6386,176,33.8746,133.9218,-0.6358522716247491
6387,176,34.0319,133.809,0.2221800563735636
6388,176,34.0079,134.0945,0.4875451148146337
6389,176,33.8745,134.1321,-1.2995997878641483
6390,176,34.2288,135.1694,-1.4432729532596111
6391,176,34.2755,135.4305,-0.6002298315703157
6393,176,34.0841,135.4309,-1.4358255073585666
6394,176,33.8938,135.4883,-1.085749500533472
6395,176,33.8908,135.1524,-0.7138625560296875
6396,176,33.7289,135.3772,-0.1456902623295833
6397,176,33.5503,135.4972,-0.3120050057584677
6399,176,33.472,135.7835,-0.2967363671455456
6400,176,33.7053,135.6397,-0.1844479308882681
6401,176,33.9771,135.215,-0.8193093683990076
6402,176,34.134,135.5397,-1.4696666468036776
6403,176,33.5525,135.5482,-0.2093142078968715
6404,176,33.6915,135.5981,0.1374250472685508
6405,176,33.6861,135.4424,1.1796540787562948
6406,176,34.3194,135.4511,0.2888740031080477
6407,176,34.2835,135.0742,-1.0508258885304396
6408,176,33.8214,135.22,-0.5963946448669122
6410,176,34.4073,131.3987,0.2955031468470729
6411,176,34.3829,131.6002,0.3401210924798946
6412,176,34.3709,131.182,-0.3995416394968704
6413,176,34.2904,130.9484,0.3617298645095369
6414,176,34.149,130.9298,0.2342398166453825
6415,176,34.1657,131.2064,-0.0752642337892449
6416,176,34.0121,131.4042,-0.1256866121511169
6417,176,34.2319,131.8169,0.0416422689519589
6418,176,34.2304,131.9822,0.286066825815928
6419,176,34.0643,131.0214,1.0836702682462631
6421,176,34.031,131.5348,1.142750961318282
6422,176,34.0544,131.8077,1.5105495232380608
6423,176,34.0966,132.0758,1.5164811643638327
6424,176,34.1699,132.1766,0.6857411323626467
6426,176,33.9091,132.3561,0.6490295173817338
6429,176,34.1078,131.1458,0.1037632114736695
6430,176,34.1858,132.1285,0.0682024510810008
6431,176,34.0237,132.0651,0.4322771469466334
6432,176,34.1941,131.9968,0.1893045201737924
6434,176,34.1117,131.053,-0.0185839128807632
6435,176,34.1316,130.9347,0.4643169317110022
6436,176,34.6225,131.6706,0.630181182109318
6437,176,34.4805,131.6353,0.0784629122820239
6438,176,34.2058,131.6883,-0.3335954260477947
6440,176,34.3376,131.1794,0.2756530536693239
3969,177,35.355,-119.054,-1.1988037224954362
3970,177,34.07618,-118.3959,-0.8551902215008835
3972,177,34.1949,-118.354,-0.1928039981149343
3973,177,35.403,-119.449,0.3054824321305807
3975,177,34.208,-119.079,0.2847943112205846
3976,177,34.222,-119.04,-0.2509526448030299
3977,177,34.224,-118.994,0.1692619196350747
3978,177,35.593,-121.124,-1.1459582661123209
3979,177,34.564,-118.642,1.6190780539359515
3980,177,36.137,-120.363,-0.8563757698424026
3981,177,34.397,-118.918,1.3887045532378886
3982,177,37.56,-122.249,-1.9255730776204127
3983,177,34.812,-118.945,0.5102921402152406
3984,177,36.774,-119.728,-0.4555933513924051
3985,177,34.2772,-118.56,0.6672526902988202
3986,177,36.321,-121.243,-1.1362945432409597
3987,177,36.891,-121.404,-0.7448336464795375
3988,177,36.851,-121.402,0.257492311809713
3989,177,36.848,-121.397,-0.1213458887694701
3990,177,34.674,-118.43,1.4222445109641302
3991,177,34.5214,-117.991,0.3542460183702436
3992,177,34.519,-120.328,0.6051668342168739
3993,177,35.208,-120.457,0.9659297792145056
3994,177,34.07,-118.346,-0.5543349646291429
3995,177,33.943,-118.411,-0.1879109753405001
3996,177,34.084,-118.6,-1.4325403726770425
3997,177,36.755,-120.382,-1.9467771049566207
3998,177,37.141,-121.663,-1.2170351614848995
3999,177,36.807,-121.778,-0.5246339036261413
4000,177,34.229,-118.527,0.6035295755683192
4001,177,34.448,-119.23,1.317309057050449
4002,177,34.24,-119.179,0.0823261640134311
4003,177,34.217,-119.153,-0.2380579369283745
4004,177,34.186,-119.178,-0.6696609062485028
4005,177,34.175,-119.226,-0.2909111834869717
4006,177,34.57806,-118.11401,0.475273615591854
4007,177,34.413,-118.796,0.6714851632754897
4008,177,35.274,-120.885,-0.6229314057129498
4009,177,34.193,-118.51,0.149766389607545
4010,177,36.671,-121.642,-0.5042411356760934
4011,177,36.697,-121.634,0.0465674504685321
4012,177,35.799,-120.884,-0.5954792050735247
4013,177,37.804,-122.443,-0.519114137489745
4014,177,36.86,-121.54,-1.1100139245771072
4015,177,35.285,-120.661,0.8093353520864317
4016,177,34.423,-119.7,0.3290004573579335
4017,177,34.439,-119.756,0.1683755572490099
4018,177,34.43,-119.724,-0.2739203378181117
4019,177,34.45,-119.734,0.2248153501002826
4020,177,34.422,-119.851,1.190606911352859
4021,177,34.354,-119.06,0.1112399236224192
4022,177,34.2694,-118.783,0.340128728044378
4023,177,34.289,-118.746,-0.0629893930701855
4024,177,37.402,-122.025,-1.6520163891788255
4025,177,34.3088,-118.448,0.9962370558770134
4026,177,34.312,-118.496,0.8531239065894125
4027,177,34.31076,-118.49675,0.7061824889388614
4028,177,34.16,-118.534,0.4980246165517883
4029,177,34.1729,-118.549,-0.5659634664264922
4030,177,35.556,-120.719,0.9762154827531632
4031,177,34.1851,-118.447,-0.0774948685462458
4032,177,34.276,-119.293,1.2241784756978278
4033,177,34.3968,-119.299,0.1444570666498434
4034,177,34.27,-119.181,0.8280994786854974
4035,177,37.468,-122.308,-0.4208246014112944
4060,179,36.774,-119.728,-1.1286169224456832
4061,179,36.775,-119.78,-0.97802745858827
4062,179,36.891,-121.404,-0.2069980052472085
4063,179,35.939,-120.425,0.1097632594069327
4064,179,35.894,-120.421,-0.8288379043500232
4065,179,35.911,-120.486,-0.7724542650265137
4066,179,35.833,-120.346,-1.9248160815851465
4067,179,35.815,-120.374,-0.1862624325588008
4068,179,35.713,-120.203,-0.2310764830310447
4069,179,35.94,-120.432,1.39328356203024
4070,179,35.958,-120.496,0.6041963654847997
4071,179,35.624,-120.254,-2.511165808383684
4072,179,35.973,-120.579,-1.010237910354855
4073,179,35.923,-120.534,0.3411295637836797
4074,179,35.815,-120.511,-0.3546832636786016
4075,179,35.285,-120.661,0.0659952451279267
4076,179,36.851,-121.402,0.1579598416524745
4077,179,36.137,-120.363,-0.3124211434435566
4078,179,35.403,-119.449,-0.8813908597208501
4079,179,35.208,-120.457,-0.7794009020156292
4080,179,35.697,-120.328,-0.2513546546672545
4081,179,35.274,-120.885,-0.1904427834943469
4083,179,35.898,-120.431,-0.9765312583538904
4084,179,35.655,-120.377,-0.0779541850382625
4085,179,35.556,-120.72,0.9131885882113124
4086,179,35.593,-121.124,-0.5644660634540378
4087,179,36.973,-121.953,1.4221457475403372
4088,179,36.239,-121.774,1.1125381070187872
4089,179,36.671,-121.642,0.8134810824295672
4090,179,36.807,-121.778,1.2044712351255191
4091,179,36.207,-121.131,1.643760812427445
4092,179,36.321,-121.243,0.8327896870939047
4093,179,36.848,-121.397,0.4338720817938918
4094,179,36.697,-121.634,1.018814917862514
4095,179,35.945,-120.542,-0.5718104891318628
4096,179,36.034,-120.59,0.1974062770753766
4097,179,35.743,-120.277,0.0294978109382308
4098,179,35.751,-120.259,0.7475215377953499
4100,179,35.77,-120.247,1.5957476064479337
4101,179,35.724,-120.294,0.5832427389166331
4102,179,35.718,-120.304,1.14252428705791
4103,179,35.707,-120.316,0.3555152561662894
4104,179,35.684,-120.342,1.5369190108336015
4105,179,35.639,-120.404,-0.7436823588556973
4107,179,35.803,-120.334,1.3993632745269036
4108,179,35.836,-120.395,-2.5481284367782457
4109,179,35.859,-120.42,-1.395761141126026
4110,179,35.871,-120.404,-0.2826195958651225
4111,179,35.878,-120.381,1.3429293722379732
4112,179,35.879,-120.445,-1.8986352136919784
4113,179,35.896,-120.398,1.715287774869206
4114,179,35.899,-120.433,-1.0731205650734
4115,179,35.908,-120.458,3.569296355482709
4116,179,35.921,-120.481,-1.1833974294578926
4117,179,35.818,-120.378,-3.010060375981459
4118,179,35.843,-120.348,-1.1000411744231582
4119,179,35.812,-120.391,-1.0035858558052984
4120,179,35.87,-120.334,-0.670395923214936
4121,179,35.796,-120.411,0.5037693103890936
4122,179,35.785,-120.444,-0.2155072973942954
4123,179,35.77,-120.477,1.2877486413162045
4124,179,35.738,-120.507,0.0167953646966753
4125,179,35.788,-120.294,1.8007901985455796
4126,179,35.81,-120.282,-0.6130619655113024
4127,179,35.833,-120.27,-0.181080357227592
4128,179,35.705,-120.169,0.3325649713673048
4129,179,35.957,-120.481,0.2569129687732132
4130,179,35.934,-120.497,-1.5922207028535604
4131,179,35.973,-120.467,0.2610892884522361
4132,179,35.927,-120.509,1.819725280315157
4133,179,35.922,-120.534,0.7273638378937008
4134,179,35.905,-120.55,-0.7910472017332268
4135,179,35.885,-120.565,0.3572918327267675
4136,179,35.861,-120.6,-0.0518018351717229
4137,179,35.821,-120.507,1.1862406325120551
4138,179,35.822,-120.506,1.2825279402356282
4139,179,35.821,-120.505,0.6985244616722264
4143,179,35.825,-120.501,0.9277604787603532
4144,179,35.826,-120.501,0.7956612423103525
4145,179,35.828,-120.5,0.6482212685720786
4146,179,35.826,-120.502,1.763208584374794
4149,179,36.191,-120.708,-1.4648195657862162
8438,179,37.68,-121.739,-1.367368596714243
8439,179,37.41702,-121.9154,-0.8857029704118508
8440,179,37.34655,-121.80774,-0.7803698216044261
8441,179,37.40718,-122.00001,-1.2645271293620524
8442,179,37.376,-121.84367,-0.978092717918476
8443,179,37.27117,-121.98617,-0.1405815569060446
8444,179,37.45098,-122.4287,0.7112655320053198
8445,179,37.67928,-122.48405,0.7103596749642863
8446,179,37.91056,-122.53778,-0.2592440888967837
8447,179,38.03445,-122.27016,-1.175734210698132
8448,179,37.68873,-121.78351,-1.2456091876043711
8449,179,37.16346,-121.62645,-1.758757407099394
8450,179,37.85727,-122.42266,0.4383913428602418
8451,179,37.45035,-121.80037,-2.323668346288013
8452,179,37.7294,-121.83346,-0.557213052501493
8453,179,37.37289,-121.76887,-1.3877209823244636
8454,179,37.73786,-122.06486,0.2153648397156474
8455,179,37.85884,-121.99264,-0.2016530743364356
8456,179,37.91233,-121.90716,-1.7064071246686252
8457,179,38.02691,-122.01599,-0.9534133008130358
8459,179,37.34305,-122.33976,1.6487972292914774
8460,179,37.31861,-122.15314,-1.002937552844087
8461,179,37.17217,-122.01121,1.4822374879867102
8462,179,37.04922,-121.80722,-0.6115637326383939
8463,179,37.36045,-122.18986,-0.7579626682443515
8464,179,37.51604,-122.45815,-0.3679395102743109
8465,179,37.21427,-122.17168,1.4903075141802709
8466,179,37.20631,-121.97726,-0.0668819635938064
8467,179,37.15432,-121.73467,0.2388016489422685
8468,179,37.63719,-122.47482,-1.81756815886115
8469,179,37.2708,-122.21276,0.7045780302887734
8470,179,37.19855,-122.34671,0.6989275905269099
8471,179,37.58225,-122.42006,-0.4925048761321635
8472,179,37.40372,-122.17596,0.4888821823339082
8473,179,37.28397,-122.05017,-0.787102513669792
8474,179,37.58644,-122.50217,-0.9712061248870424
8475,179,37.6444,-118.89683,1.911059668054104
8476,179,37.65909,-118.97907,1.623419879978102
8479,179,38.15486,-121.80438,-0.9331001618599026
8481,179,38.04248,-122.79684,0.3170916206470275
8485,179,35.86661,-120.4796,0.3855992981999862
8486,179,36.2159,-120.80126,-1.5854815015726245
8487,179,38.2026,-121.9354,-0.6090792668174216
4151,180,37.6535,139.8633,1.1107638127782924
4152,180,37.6002,139.6467,0.6433292219735056
4153,180,37.4774,139.9294,0.7733271506185467
4154,180,37.3957,140.1325,0.8324663098918103
4155,180,37.3077,139.9,0.6504672687379779
4156,180,37.266,139.5386,-0.0758509329101637
4157,180,37.07,139.6808,-0.7508964266644437
4158,180,37.3491,139.3144,0.3054245813616479
4159,180,37.0159,139.3801,-0.8838823464093741
4160,180,37.453,139.5133,-0.3169850488702883
4161,180,37.7535,139.7183,-0.8513309842648314
4162,180,37.6048,139.7566,0.8652504768217009
4163,180,37.4478,139.8159,0.0415076731448737
4164,180,37.2513,139.8758,1.44881597342275
4165,180,37.1692,139.5231,0.3325705948610773
4167,180,37.1585,140.0963,-0.5610551271874641
4168,180,37.3392,139.3179,1.534283580161223
4169,180,36.7819,138.9695,0.2473294377876765
4170,180,36.6578,139.0784,1.275141008234086
4171,180,36.6172,138.5918,-2.085284557816803
4172,180,36.5133,138.5177,-2.5572470962668388
4173,180,36.5103,138.7523,-1.6127719656992092
4174,180,36.4619,139.0101,0.4288030335168188
4175,180,36.3478,139.1368,0.2329155922745127
4176,180,36.4106,139.3251,0.996070223827807
4177,180,36.3181,139.0176,1.3066194174639905
4178,180,36.35,138.7179,-0.3254374383447844
4179,180,36.6967,139.2136,0.6447152651058871
4180,180,36.4886,138.5275,-1.3769906077600782
4181,180,36.6181,138.91,-1.119762896199859
4182,180,36.8514,138.366,-0.1494401078347773
4183,180,36.8069,138.2069,1.56727655124509
4184,180,36.7403,138.4129,0.2468741816912889
4185,180,36.6486,138.1938,-0.6407871791819411
4186,180,36.6981,137.8544,-0.6450139044903018
4187,180,36.5339,138.1191,-0.5382255009327047
4188,180,36.7403,138.3792,0.3502922347216116
4189,180,36.4632,138.1505,-0.0399735841955862
4190,180,36.5739,138.051,0.5150802421716024
4191,180,36.7044,138.0995,-0.1548496534821974
4192,180,36.9072,138.4439,0.3030122302176001
4193,180,36.6953,137.8513,-0.9763242206799584
4194,180,38.0745,138.4398,-0.2913578032749499
4195,180,37.9976,138.3226,0.2552002147198374
4196,180,37.9204,138.4981,-1.5932261552435756
4197,180,38.053,139.4055,-0.8753607200778213
4201,180,37.6863,139.4772,2.3480743952278007
4204,180,37.6935,139.1886,-0.5996007421479761
4205,180,37.6421,138.7676,-0.7933145083620435
4206,180,37.4416,138.8431,0.0092107740367739
4207,180,37.3724,138.5579,-0.9565457379794824
4208,180,37.3057,138.7898,0.7403276465532381
4209,180,37.2332,138.962,0.8259731025175107
4210,180,37.1281,138.7468,1.947412760895053
4211,180,37.0364,138.8462,0.4503248587456333
4212,180,37.0147,138.6529,1.556904183746641
4213,180,37.1268,138.444,1.8940814611677752
4215,180,37.0228,138.2507,0.0764943325066863
4216,180,37.0235,137.8624,0.5016155871063763
4217,180,37.4261,138.8862,0.8844086081941184
4218,180,37.4242,138.8908,1.727137023128958
4219,180,38.1297,139.4322,-0.8960375648794542
4220,180,38.1283,139.5461,0.7552451511967719
4221,180,37.9731,139.2819,0.551067955397026
4222,180,37.6497,139.0708,2.6732770356054383
4223,180,37.6628,139.2642,0.2256059191869091
4224,180,37.6678,139.4681,0.7017069980155918
4225,180,37.5356,139.1311,1.0713613795997776
4226,180,37.5408,139.3681,1.1800188431637109
4227,180,37.1697,138.7472,0.0089010424661334
4228,180,37.2208,138.9853,0.2351237183920139
4229,180,37.0514,138.3997,-0.5872999327575393
4230,180,37.0503,138.9983,-0.4443028577212616
4231,180,36.9347,137.8511,-0.1031462285731346
4232,180,36.8539,138.0997,0.5535413560829942
4233,180,36.9394,138.2625,0.8718225702300774
4234,180,36.8083,138.7881,0.3128527685030164
4235,180,36.99,139.8033,1.10350849179899
4236,180,36.8144,139.7153,0.4514862348894723
4237,180,36.8061,139.4204,0.4710890426100068
4238,180,36.8061,139.9264,0.1519054116555906
4239,180,36.7258,139.7155,1.504369706660748
4240,180,36.6347,139.4376,-0.2610410580199559
4241,180,36.8786,139.4567,-0.0884670785626172
4242,180,36.8797,139.6492,0.3216161839858676
4243,180,36.8594,139.8397,0.0076149808956437
4244,180,36.8547,140.0258,-1.019229292663598
4245,180,36.7042,139.7733,-0.0364044021247136
4248,180,36.976,137.6257,-1.2370295203660826
4249,180,37.9207,139.8697,1.4684371365170257
6441,180,35.2979,136.9153,1.0242057298550828
6443,180,35.1979,137.2056,-0.3836716753499372
6444,180,35.0812,137.1464,0.5145058156109611
6445,180,34.976,137.4236,-0.0284251457556109
6446,180,35.2161,137.4069,-1.0640821520847994
6447,180,34.9157,137.3023,-1.510940367933315
6448,180,34.9969,137.6273,-1.0960555273261845
6449,180,35.181,137.0504,0.9353505405869108
6450,180,35.1359,137.3389,-0.1961514855931109
6451,180,35.1511,137.538,0.5124298386460142
6452,180,35.1808,137.7298,0.6322789560097293
6453,180,34.9603,137.2406,0.464312239516012
6454,180,34.9479,137.4144,-1.091834816515169
6455,180,34.8943,137.4906,-1.023005195112141
6456,180,39.6069,140.3213,0.9337597048157816
6459,180,39.2022,139.9085,0.3547295956240771
6460,180,39.2194,140.1317,0.3809507007845028
6461,180,39.1711,140.7164,1.3191057713906291
6463,180,38.9772,140.4986,0.5572956832226889
6464,180,39.6857,140.411,0.1779151053875105
6465,180,39.5422,140.3515,0.5695127464184945
6466,180,39.3519,140.3903,0.6193273257650124
6467,180,39.1883,140.4744,1.1064029689590331
6468,180,35.9595,139.8733,1.4298904457279873
6469,180,35.7943,140.0564,2.4332961163619085
6470,180,35.9007,140.4905,0.0715508367642504
6471,180,35.7358,140.83,0.6769430624844065
6472,180,35.7801,140.3067,-0.0491310168113863
6473,180,35.7234,140.2267,1.7810284879746776
6475,180,35.5727,140.3333,1.1206030206248565
6476,180,35.4327,140.2905,1.7559682793411742
6480,180,35.2988,140.0755,1.2331394332058454
6481,180,35.1577,140.3222,0.4041825528550438
6484,180,35.3083,139.8598,0.6159735712717553
6485,180,35.6335,140.0784,0.7267874656336993
6486,180,34.9707,139.9459,-0.4405644392528806
6487,180,35.766,139.9665,1.7195379569384146
6488,180,35.7934,140.0238,0.9424425844469622
6489,180,35.5425,140.245,0.5078176312273803
6490,180,35.2834,140.1562,0.0514697593634972
6491,180,35.3412,139.8586,0.2217292821958957
6492,180,35.8275,140.3013,1.0412390094993935
6493,180,35.7309,140.8263,-0.2090751321061935
6494,180,35.1351,139.9681,0.76471807346434
6495,180,35.1681,140.3431,0.1045067407220178
6496,180,36.2161,136.1571,-1.2799574201376387
6497,180,36.0924,136.3646,-0.6585150761158692
6499,180,37.7949,140.9196,1.2342325811210753
6500,180,37.8449,140.6013,-0.9574316163831637
6501,180,37.7613,140.4799,-1.7220677455929647
6502,180,37.6799,140.7346,-0.9832567672592462
6503,180,37.6385,140.9849,0.4096289284426904
6504,180,37.5031,140.7588,0.9592438371669548
6505,180,37.4061,140.9632,0.8304852725316485
6506,180,37.4363,140.5668,1.0704507282790596
6507,180,37.2778,140.6349,-0.7009094125202926
6508,180,37.2342,141.0016,1.4748388784240103
6509,180,37.0911,140.9035,-0.351116104023733
6510,180,36.9069,140.7929,-0.2418701365876612
6511,180,37.09,140.5563,0.2771829705723364
6512,180,36.8683,140.43,1.4148502003527696
6513,180,37.0217,140.3775,-0.2020510644835016
6514,180,37.1228,140.1914,-1.0294339102786143
6515,180,37.2842,140.3689,0.4050430544537443
6516,180,37.3961,140.3622,-0.320348700002953
6517,180,37.603,140.4368,1.490649492146176
6518,180,37.3364,140.8132,0.8096084359047775
6519,180,37.2792,140.2178,-0.3542380596479734
6520,180,37.35,140.4297,-0.0364901937475995
6521,180,37.1976,140.342,-0.8992105671237197
6522,180,37.2139,140.5736,0.8469337387728713
6523,180,36.9919,140.5886,-0.972337104359896
6524,180,37.0233,140.9736,-0.0549537492063604
6526,180,37.7613,140.38,-2.164090190232769
6527,180,37.6606,140.6008,-0.9275908200379518
6528,180,37.4864,140.5414,0.1102627164156389
6529,180,37.4672,140.7261,1.878004124420256
6530,180,37.4881,140.9906,1.5765816972861126
6531,180,36.2742,136.8978,0.8773469313993756
6532,180,36.2734,137.0253,-0.2497531518404112
6533,180,36.3322,137.3014,-1.9658887650939847
6534,180,36.2492,137.5174,-1.284656546183643
6535,180,36.1536,137.2514,-0.9105073405598147
6536,180,36.0333,136.9528,-1.3475566542365007
6537,180,36.0378,137.4861,-0.486497673011417
6538,180,35.9515,137.26,-1.6801406307346587
6539,180,35.8029,137.245,-0.2171022472872993
6540,180,35.6576,137.4258,-0.1138646991687611
6541,180,35.4887,137.5,-0.0579913968957201
6542,180,35.4495,137.4039,-0.3127589732249013
6543,180,35.4426,137.0,-0.1855586269930114
6544,180,35.3882,137.2158,1.3659160727443636
6545,180,35.3009,137.387,-0.1854872753676216
6546,180,36.2417,137.2013,-1.895612039855576
6547,180,35.8291,136.9651,-2.341104322581009
6548,180,35.2736,136.7031,-0.9504815285062972
6549,180,36.3749,137.3746,-0.4224773086955134
6551,180,35.6001,136.4164,-2.164392227406422
6552,180,36.2712,136.9009,0.9145766302217676
6553,180,36.2462,137.5204,-0.914554016276134
6554,180,36.1306,137.2238,-0.4803186160480746
6556,180,35.9483,136.8762,-0.3006307715379728
6557,180,35.896,137.1525,-1.5447654301901688
6558,180,36.0184,137.3936,-1.8044137929907496
6562,180,35.7203,136.7876,-2.521082639571386
6564,180,35.5183,136.6156,-1.2021898177248318
6565,180,35.4089,136.8794,0.3020634492460871
6566,180,35.4495,137.007,-0.650839940942407
6567,180,35.4539,137.4737,-0.1886577883991165
6568,180,35.2921,136.4761,-1.1159989009692466
6569,180,36.2343,139.5331,1.059532668198168
6570,180,36.2914,139.3609,2.226014586959499
6571,180,36.3147,139.1924,-0.4305902908711084
6572,180,36.2287,138.7579,-1.0976680483792904
6573,180,36.1162,138.9251,-0.121863796765388
6574,180,36.3111,139.1879,-0.2652925358397691
6575,180,36.2409,139.5476,1.1507617115893332
6576,180,36.2325,138.7322,-1.2769147598889503
6577,180,36.2831,138.9242,-0.270246055512816
6578,180,36.1409,138.9161,0.8661027449264105
6579,180,36.7761,140.3569,1.104344555731726
6580,180,36.7061,140.7068,0.3660384666959568
6581,180,36.5915,140.6453,1.013658399660952
6582,180,36.5516,140.4102,1.3591460973884415
6583,180,36.3851,140.2372,0.4106922631284151
6584,180,36.369,140.4528,0.46951552646639
6585,180,36.3523,140.5955,0.4620504299008963
6586,180,36.3062,139.9828,0.0944452770084276
6587,180,36.1848,139.7037,0.3635725536125234
6588,180,36.1843,139.9653,0.4629436221629368
6589,180,36.1251,140.0903,0.8565204574162106
6590,180,36.1901,140.2869,0.6735897774397616
6591,180,36.0729,140.1947,0.9682090602452372
6592,180,36.0693,139.908,1.8326826437749064
6593,180,35.9112,140.0494,1.213574557493875
6594,180,35.9537,140.3194,0.5250930711279514
6595,180,35.977,140.6322,-0.1036530097669359
6596,180,36.8808,140.6544,0.2452497709219402
6598,180,36.1156,140.5655,1.216753087682629
6599,180,36.4358,140.3592,-0.2069300187003014
6601,180,36.3669,140.1434,0.5462679105400561
6602,180,36.8338,140.3215,0.4055970257138387
6603,180,36.7924,140.5784,1.1181620537006252
6605,180,36.5535,140.3046,0.3775700995024723
6606,180,36.6374,140.4009,0.5780082674677932
6607,180,36.0832,140.3173,2.1226422968036984
6608,180,36.3599,140.6231,0.2793121365430839
6609,180,37.4999,137.1764,0.8012135575518295
6611,180,37.3919,136.9083,0.7906865802875831
6614,180,37.1602,136.6897,-0.8454167095055912
6616,180,36.8918,136.7783,0.0281217903149323
6617,180,36.7318,136.6989,-0.9537907507528122
6618,180,36.5419,136.6431,-0.6144522418762088
6619,180,36.3575,136.6045,-2.129075311464653
6620,180,36.1805,136.6247,-1.6109466542333637
6622,180,37.3614,137.0443,0.634444435898311
6623,180,37.1872,136.7206,0.3813365499173772
6624,180,37.2194,136.9719,-0.0545479072114298
6625,180,37.0503,136.8236,-0.0001584022855089
6626,180,36.5119,136.6386,-0.7220773870764393
6627,180,36.735,136.7936,0.7039496590120649
6628,180,36.2636,136.7197,-1.7198179517424572
6630,180,39.3209,141.1378,0.0810243476224126
6631,180,39.318,140.7792,0.1360570442923794
6632,180,38.8625,141.3547,-0.5923515762286885
6633,180,39.3406,141.0508,0.1429964822479484
6634,180,39.0061,140.8667,-0.948938429907066
6635,180,38.9661,141.0047,0.2025583198986929
6636,180,39.0278,141.5356,0.2011470052631355
6639,180,35.2727,139.6579,-0.3324646995896447
6640,180,35.1441,139.6218,-0.7927367022467974
6641,180,35.3192,139.5462,-1.075709954375684
6642,180,35.4544,139.5387,0.1720443957434901
6643,180,35.3385,139.4901,-0.881911404876364
6644,180,35.5751,139.3265,0.7163999862179798
6646,180,35.3355,139.3504,0.114817635059864
6647,180,35.6154,139.1548,0.8190635599610167
6648,180,35.3794,139.2048,-0.1323017934372038
6650,180,35.3608,139.0826,-0.0194112042618288
6651,180,35.4959,139.5227,2.268320678597723
6652,180,35.4007,139.3571,0.0100715107933959
6653,180,35.6404,139.1315,1.7031716754400104
6654,180,35.414,139.0468,-0.4515604914594078
6655,180,35.3631,139.1291,-0.729665700070091
6657,180,38.9015,141.5684,0.4982851338109285
6658,180,38.7262,141.5109,-1.362017636558986
6659,180,38.7348,141.3106,-1.1504234482525917
6660,180,38.7292,141.0217,1.5767019624728142
6661,180,38.7992,140.6507,0.6505496528652303
6662,180,38.5769,141.4514,-0.7862750021232315
6663,180,38.4466,140.8874,0.3024809693571589
6664,180,38.4282,141.2809,0.546153873159251
6665,180,38.3175,141.0193,0.167031824555567
6666,180,38.2663,140.9293,0.5495120921624345
6667,180,38.1049,140.8699,1.5883001622676478
6668,180,38.0085,140.621,-0.2179985360787399
6670,180,38.237,141.0003,0.2280124112941022
6671,180,38.8558,140.6547,0.7610187960461859
6674,180,38.5764,140.7839,0.4136713522818488
6675,180,38.5878,141.0744,0.1038135977124195
6676,180,38.1103,140.8475,-0.834319737043133
6677,180,38.0061,140.6061,-0.504145162596097
6678,180,37.9381,140.8958,0.202357546859836
6680,180,38.6386,141.4463,-0.9352512272779056
6681,180,36.5086,137.8507,0.138623596109331
6682,180,36.4022,138.2491,-0.4237002059426548
6683,180,36.3378,137.8694,-0.850574100160563
6684,180,36.3281,138.4357,-2.3402927462481977
6685,180,36.2564,138.2669,-1.1177727623244509
6686,180,36.2564,137.9785,0.5721138030813608
6688,180,36.0956,138.4844,-1.8933688393788155
6689,180,36.0454,138.1116,-0.4973900873435262
6690,180,35.9151,138.2421,-1.3363113594366651
6691,180,35.9748,137.8255,0.0513147426088565
6692,180,35.8132,137.5295,0.3938672290251111
6693,180,35.8562,137.7078,-1.252915696229553
6694,180,35.8282,137.9532,-0.9622929729526184
6695,180,35.7304,137.9341,-0.9915126761843116
6696,180,35.6079,137.6125,0.13961351851899
6697,180,35.5787,138.0338,-1.5607886775608784
6698,180,35.5232,137.8374,-0.1016664232050005
6699,180,35.2807,137.8567,-0.3219740285150742
6700,180,36.251,137.8622,-0.4267522287398416
6702,180,35.96,137.77,0.1441344456370499
6703,180,35.9125,138.3083,-0.8489159138712777
6704,180,35.9664,138.4828,-1.7282533927459107
6705,180,35.5111,137.8797,-0.3014682298443987
6706,180,35.3063,137.6292,-0.8894458441520682
6707,180,36.0056,137.9336,-0.9253128689118894
6708,180,35.9433,138.1879,-1.3397689468342653
6709,180,36.1393,138.5535,-2.707094198998948
6710,180,35.9292,137.598,1.2096955947774313
6711,180,35.9703,138.5877,-1.504131203430805
6712,180,35.7839,137.7203,-1.0650773017691544
6714,180,35.6024,137.6135,-0.0376688764124319
6715,180,35.612,137.8827,-0.5490999505883443
6716,180,35.2953,137.9298,-1.0683674270218904
6717,180,36.0609,137.688,0.2027089737714698
6718,180,36.1153,137.9419,-0.5818013961405077
6719,180,36.2546,137.9929,0.4847568617976911
6720,180,36.4567,137.9668,-0.6438328650400628
6721,180,36.5296,137.8231,-1.3210384888598703
6722,180,36.3793,137.8231,-0.5090600467714165
6723,180,36.3277,138.4999,-2.0667795218855165
6724,180,38.2584,138.4337,0.8931906511313773
6725,180,38.4501,139.4961,2.5753795477617625
6726,180,38.2301,139.4864,-0.587554443791517
6727,180,38.2769,139.5519,0.7562635725773897
6728,180,36.2428,139.1937,0.175766601714476
6729,180,36.1476,139.3884,0.4716933363852931
6731,180,36.1179,139.1045,0.5294402651348865
6732,180,36.0562,139.2626,-0.4243280145005588
6733,180,35.9954,139.0709,1.7814846115437424
6734,180,35.9034,139.4826,-0.2154922164511898
6736,180,35.8401,139.3215,1.818179028952424
6737,180,35.7965,139.4659,0.3848900930438541
6738,180,35.9954,138.801,-1.6089985157521698
6739,180,35.8958,139.3875,-0.632180051462557
6740,180,35.7996,139.5385,-0.6105025915881687
6741,180,36.1478,139.0536,0.1135901317719328
6742,180,36.11,139.2926,0.2868030503899488
6743,180,35.9086,139.1517,0.880059587560583
6744,180,36.0243,138.9722,-0.2318256398418631
6746,180,35.9933,139.2223,0.2771214667969628
6747,180,35.8605,139.2758,2.915652384795452
6748,180,34.7549,138.7841,-0.9158381168739405
6749,180,35.096,138.8657,-0.4672205780321644
6750,180,35.1971,138.9127,-1.0547432807115171
6751,180,35.3091,138.9349,-0.5144165813963626
6752,180,35.2128,138.6016,0.1577465048859305
6753,180,35.1271,138.6213,-0.9001266460676133
6755,180,34.9649,138.3735,-0.8381475405155547
6756,180,35.2435,138.3407,-1.9340095782198967
6757,180,34.8566,138.3113,-0.910047003151684
6758,180,34.7402,138.2241,-0.282495933851653
6760,180,35.0916,137.8136,0.5219413685120345
6761,180,34.8738,137.8164,-0.2374510533664173
6763,180,34.7915,137.9064,-0.4158661261674838
6764,180,35.3038,138.2003,-1.7086266421590963
6765,180,35.2201,137.9212,-2.059871015433181
6766,180,34.9365,138.0798,-1.9618443493433264
6767,180,35.0053,137.8439,-1.1194824383515734
6768,180,35.0113,138.3557,-1.6967274136574768
6769,180,35.1271,138.4273,-0.8805920878646184
6771,180,34.9109,138.2038,-1.4420688738868237
6772,180,35.1995,138.569,-0.337192681585868
6773,180,35.0821,138.981,-0.984932220339516
6774,180,34.7954,138.7755,-1.2514454297695756
6775,180,34.7798,138.9732,-1.651456329998702
6776,180,34.6715,138.8372,-0.8836064763999854
6778,180,34.9706,138.4955,-1.9353498664969413
6779,180,36.9417,140.0828,-0.4810595360025619
6780,180,36.7639,140.1297,-0.1863451199923724
6781,180,36.5692,139.8861,-0.4727917667520488
6782,180,36.56,139.7675,-0.1111365013709227
6783,180,36.3867,139.6145,-0.8454032142190311
6784,180,36.2859,139.8047,0.4014138618412745
6785,180,36.4368,140.0225,-0.7737541105337742
6786,180,36.545,140.1742,1.3549720723027012
6787,180,36.4427,139.9541,-1.2772950541845514
6788,180,36.6928,139.9875,-0.5914821493706549
6789,180,36.7311,140.1814,0.6049157422383471
6790,180,36.5564,139.8669,-0.9783259854219322
6791,180,36.5449,140.0784,-0.4455901869831848
6792,180,35.8029,139.0956,0.1234513153990716
6793,180,35.7968,139.2912,1.1487677401517953
6794,180,35.6282,139.4034,0.316994356672325
6795,180,35.5782,139.4156,0.6545073079295891
6796,180,35.699,139.5029,0.0446014326568667
6797,180,35.7107,139.6859,0.3949367496418067
6798,180,35.6596,139.8343,1.2809835101268654
6799,180,35.689,139.8354,0.2875982955504841
6800,180,35.7313,139.8121,1.2192593576194848
6801,180,35.6485,139.799,0.8171637592654376
6802,180,35.6474,139.8093,1.0952965946938595
6803,180,35.6551,139.8115,1.0479889101169435
6804,180,35.6657,139.8087,0.2343159893994545
6805,180,35.6876,139.8193,0.8665445235545729
6806,180,35.6874,139.7962,0.7687300595677504
6807,180,35.7254,139.8249,1.375322960270374
6808,180,35.7401,139.8624,0.8333286152975553
6809,180,35.6685,139.7893,1.6520064671325614
6810,180,35.6669,139.2682,1.5429174637364207
6813,180,36.8163,137.4192,-0.776179762446781
6814,180,36.8624,137.5274,-0.1655023519674519
6815,180,36.7824,137.0803,-1.0063096647997627
6816,180,36.6716,136.897,-0.3825314176490073
6817,180,36.6686,137.2114,-0.3150326579410286
6818,180,36.6086,137.2831,-0.6813392317612302
6819,180,36.56,136.8872,-0.9727822249065528
6820,180,36.5781,137.385,-0.3071439158953512
6821,180,36.4411,137.0353,0.0966134666590747
6822,180,36.8836,136.9306,-0.1117919021888784
6823,180,36.7263,137.2658,-0.3292289898139209
6824,180,36.5706,136.9614,-0.260383936006887
6825,180,36.5681,137.1625,0.1260221638242938
6826,180,36.4375,137.0422,0.0047368649295659
6828,180,35.6132,138.947,-0.3974046615799468
6829,180,35.4648,138.813,-1.0783663635267693
6830,180,35.702,138.7266,-0.5864278430465776
6831,180,35.6548,138.5677,-2.168282369954706
6832,180,35.4684,138.6069,-1.5121805333406262
6833,180,35.2791,138.4649,-1.5585801556576884
6834,180,35.432,138.3321,-1.6794310480705246
6835,180,35.4965,138.4627,0.0882365452737987
6836,180,35.7918,138.4096,-0.4102341240867489
6837,180,35.6863,138.7371,-0.5643054795457241
6840,180,35.6215,138.9808,0.6758992843151023
6841,180,35.5591,138.4521,-1.7171944977567872
6843,180,35.5082,138.9707,-1.3242543147345385
6844,180,35.5291,138.6076,-1.04143883140703
6846,180,38.7679,140.2957,-1.028575078187485
6847,180,38.7292,139.8013,2.182305099804818
6848,180,38.607,140.1621,0.8689980000838488
6849,180,38.4306,140.3907,0.499974430681561
6850,180,38.3856,139.9921,1.395381525859245
6851,180,38.3898,140.2743,0.4543599761375786
6852,180,38.2604,140.3488,0.6204258260021877
6853,180,38.1502,140.2674,1.1312425867451417
6854,180,38.1074,140.0428,0.7780070432659525
6855,180,38.0621,139.7575,0.3762057657515664
6857,180,38.7895,140.0185,1.0088826942968665
6858,180,38.3811,140.3839,0.1710789093839459
6859,180,38.2664,140.2617,2.297522405905242
6861,180,38.0783,140.3011,-1.238280882502114
6862,180,37.9853,139.805,-0.0875024198919491
6863,180,37.9603,140.1869,1.1791352417926388
6864,180,37.8931,140.0311,1.773936106625984
6865,180,38.9672,140.0367,0.8556642604059247
6866,180,38.7469,140.1814,0.3655799513845014
6867,180,38.6328,140.0089,0.6997426209890609
6868,180,38.4675,139.7639,0.2946287762711311
6869,180,38.3831,139.995,1.3546091861847294
6870,180,38.4228,140.1283,0.6884650749807673
4459,274,42.418,13.079,-1.3666548330805903
4460,274,43.075,12.604,0.3886844998015712
4461,274,42.027,13.426,-0.236779610924272
4462,274,43.707,12.188,0.3938670667375509
4463,274,41.484,14.472,0.7014939010766621
4464,274,41.563,14.652,-1.6445826376783388
4465,274,42.101,13.088,-1.0600282656593476
4466,274,41.618,15.105,-0.6799100100319243
4467,274,41.486,13.823,0.9167210945088228
4468,274,41.787,14.112,0.1016046440278614
4469,274,41.833,14.712,0.6851075104599209
4470,274,43.955,12.736,0.000554903467353
4471,274,42.085,13.521,0.9672970921726404
4472,274,41.26,15.91,0.1893996282750541
4473,274,42.37,14.148,0.2734707222267939
4474,274,42.268,13.117,-1.1851819065314366
4475,274,44.199,12.042,-0.1115097260991178
4476,274,42.421,13.519,0.4777643727688284
4477,274,42.436,13.554,-2.421771559904329
4478,274,41.611,14.236,0.2472222091953064
4479,274,42.377,13.344,1.0784883042208833
4480,274,42.373,13.337,1.213140765746247
4481,274,42.376,13.339,0.7558703835555016
4482,274,42.345,13.401,0.4121323305189631
4484,274,42.558,12.969,-1.3950394040750034
4485,274,41.634,15.911,1.617419906886297
4486,274,42.249,12.748,-1.0443292781884626
4487,274,41.704,15.958,1.6197372983664446
4488,274,42.524,13.245,-0.704952038856873
4489,274,40.799,14.18,-0.6139008289100426
4490,274,41.954,13.642,1.2137669740396788
4491,274,41.696,14.702,1.198033682665835
4492,274,41.483,14.838,-1.1706223048476498
4493,274,41.711,14.984,-0.3823032082076148
4494,274,41.625,14.88,-0.3701541326609457
4495,274,41.709,15.733,0.594911600393429
4496,274,41.691,15.374,0.3379749185467925
4497,274,43.56734,12.14349,-0.3162825947761788
4498,274,41.807,15.165,0.3238777489894042
4499,274,42.734,12.741,-0.592292169039535
4500,274,42.743,12.74,-1.1988363502022985
4501,274,41.91316,13.10552,-1.2725488136502885
4502,274,42.089,13.934,0.67658305570921
4503,274,41.222,14.53,-1.1382582019980576
4504,274,41.989,14.975,0.6850569179984421
4505,274,41.333,14.132,-1.4365168904401764
4506,274,41.877,16.165,1.375392435779452
4839,278,37.145,138.2394,-0.1603376801862558
4840,278,37.1242,138.4486,1.081110506041907
4841,278,37.1561,138.4286,1.4282500931905222
4842,278,37.1297,138.6114,1.117488884379161
4843,278,37.0847,138.61,0.0512926752449076
4844,278,37.1517,138.515,1.6739418783388995
4845,278,37.0764,138.3861,2.1719232384665257
4846,278,37.2736,138.3944,-0.3009012102807379
4847,278,37.2272,138.3325,-0.0116103758279246
4848,278,37.1842,138.3333,-0.3313199322388372
4849,278,37.2203,138.4081,0.7233466780980005
4850,278,37.0494,138.2972,-0.1557972302098296
4851,278,37.0786,138.3375,0.9017542705722992
4852,278,37.1219,138.3492,0.2399828447627993
4853,278,37.155,138.0944,1.0864181361450376
4854,278,37.6381,138.9589,0.2971460659839255
4855,278,37.3686,138.5619,-0.1655806949225224
4856,278,37.6633,139.0433,-0.8871962620065242
4857,278,37.1242,138.7586,1.291812931867618
4858,278,37.5431,138.8886,-0.528781523284964
4859,278,37.585,138.9258,0.4287039226650647
4860,278,37.545,138.8811,-0.7860725984968421
4861,278,37.3908,138.7917,-0.6506310588989032
4862,278,37.4906,138.7861,0.0239295816792382
4863,278,37.5378,138.8128,0.8052942395513648
4864,278,37.5728,138.7756,-0.0535828219169847
4865,278,37.5278,138.7125,-0.491332650116034
4866,278,37.6417,138.7736,-0.6212908978484732
4867,278,37.3236,138.8931,1.13359475887592
4868,278,37.2675,138.8644,0.440402663843662
4869,278,37.2408,138.9272,1.252609605128562
4870,278,37.0367,138.8506,-0.2980709553335486
4871,278,37.1711,138.7483,0.3218922126776998
4872,278,37.2214,138.6419,1.2626478072127174
4873,278,37.3022,138.7122,1.1122605807310015
4874,278,37.4189,138.6258,-1.127565872560799
4875,278,37.4539,138.67,0.3558465727640413
4876,278,37.7414,139.1858,-1.1198314823970787
4877,278,37.6881,138.8586,-0.9871184520164398
4878,278,37.6233,138.8428,-0.9791682508103676
4879,278,37.6828,138.8828,-0.9845838274920852
4880,278,37.4333,138.8417,-0.9857553857306424
4881,278,37.31,138.795,0.5332920021733426
4882,278,37.7583,138.8917,0.0421240495348428
4883,278,37.0617,138.8783,-0.0916224278859369
4884,278,37.3033,137.1533,1.4309150093646597
4885,278,37.5317,138.7095,0.3142850671453907
4886,278,37.103,138.163,1.2571997035602709
4887,278,37.39,136.8983,3.414119675506808
4888,278,37.105,138.25,1.2045021257999629
4889,278,36.7514,138.2389,2.771920834673256
4890,278,36.7642,138.255,3.910434980141024
4891,278,36.6992,138.0925,2.6236646192344346
4892,278,36.77,138.3276,2.174018913374609
4893,278,37.425,138.5967,1.636097958929772
4894,278,37.4367,138.6017,2.0067875605911345
4895,278,37.4267,138.6083,-0.3842741906353393
4900,278,35.2979,136.9153,1.0738494045448757
4901,278,35.1979,137.2056,0.1277092252607703
4902,278,35.0977,137.5697,0.5594587099745509
4903,278,35.2161,137.4069,-0.5131365971892952
4904,278,35.2144,136.8539,-0.2658609154562317
4905,278,35.1359,137.3389,0.1628183391089834
4906,278,35.1511,137.538,1.3365465899703317
4907,278,35.1808,137.7298,1.3880892069863089
4908,278,39.883,140.0716,-0.5467375433202878
4909,278,39.8879,139.8466,1.3307763140494815
4910,278,39.8128,140.5803,2.1647959765562264
4911,278,39.6991,140.7181,1.059576659651163
4912,278,39.6069,140.3213,0.7349639106040253
4913,278,39.595,140.5554,0.7351657584100832
4916,278,39.2975,140.5629,0.5874363744636676
4917,278,39.1939,140.1902,0.5802020984009845
4918,278,39.0384,140.451,-0.0160866981377451
4919,278,39.2022,139.9085,0.1192008481550125
4921,278,39.1462,140.717,0.206671630867009
4922,278,39.8119,140.5825,1.598258894577839
4923,278,39.6606,140.5756,1.1347544353412715
4924,278,39.2194,140.1317,0.4112126097568916
4926,278,38.9772,140.4986,0.0183437731635138
4927,278,39.9128,140.2256,0.6806893616917602
4928,278,39.6857,140.411,0.1606142778537601
4929,278,39.5422,140.3515,0.6626528385568851
4930,278,39.5547,140.615,0.1726550890026806
4931,278,39.3519,140.3903,0.3530761294741253
4932,278,39.1883,140.4744,1.6245248492040183
4933,278,35.9595,139.8733,0.4847683942849895
4934,278,35.7868,139.9031,-0.4824130944801147
4935,278,35.7943,140.0564,1.2930086383209376
4936,278,35.9007,140.4905,0.0050700544083425
4937,278,35.7358,140.83,0.3828575543935131
4938,278,35.7801,140.3067,-0.8058349747766219
4939,278,35.7234,140.2267,0.8547988239071174
4942,278,35.7077,140.568,-0.5476105735593867
4943,278,35.6021,140.5014,-1.128972149125426
4944,278,35.5727,140.3333,0.2661945402975931
4945,278,35.4327,140.2905,0.3870796416015835
4949,278,35.2988,140.0755,-0.3315219173397815
4951,278,35.3083,139.8598,-0.5663735580140726
4952,278,35.6335,140.0784,-0.4430364765771083
4953,278,35.3872,140.237,-0.2094749330301415
4954,278,35.766,139.9665,0.4798709782118412
4955,278,35.6947,139.9176,-0.3057160872090403
4956,278,35.7934,140.0238,0.2640283608751411
4957,278,35.5425,140.245,-0.3877961592331611
4958,278,35.2834,140.1562,-0.8835781985414127
4959,278,35.8275,140.3013,-0.0060286826179667
4960,278,35.7309,140.8263,-0.493909088431089
4961,278,35.1351,139.9681,-0.0343564921400049
4962,278,35.5911,140.514,-0.8271473419162644
4963,278,36.2161,136.1571,0.0520517005132434
4965,278,35.9789,136.4865,-1.4364963689158716
4966,278,35.9053,136.6706,-1.7656601565615764
4967,278,36.0924,136.3646,-0.0960843840756898
4969,278,37.7949,140.9196,0.3367325868442353
4970,278,37.8449,140.6013,-1.236923055481736
4971,278,37.7613,140.4799,-1.695620280905793
4972,278,37.6799,140.7346,-0.7576941579374161
4973,278,37.6385,140.9849,0.5171806483923661
4974,278,37.5031,140.7588,1.1187548885890402
4975,278,37.4061,140.9632,0.7571787275158495
4976,278,37.4363,140.5668,2.1983948538939564
4977,278,37.2778,140.6349,-0.58409997125133
4978,278,37.2342,141.0016,1.42152520642325
4979,278,37.0911,140.9035,-0.4958782107803266
4980,278,36.9069,140.7929,-0.290887038284525
4981,278,37.09,140.5563,0.6489954558868425
4982,278,36.8683,140.43,1.3657288663251033
4983,278,37.0217,140.3775,-0.5406584216241895
4984,278,37.1228,140.1914,-1.0122482581906596
4985,278,37.2842,140.3689,-0.0563153790609858
4986,278,37.3961,140.3622,0.4172808613037588
4987,278,37.603,140.4368,1.1462964783470209
4989,278,37.6535,139.8633,0.0302935595951388
4990,278,37.6002,139.6467,0.1980076712146035
4991,278,37.4774,139.9294,1.524500783139351
4992,278,37.3957,140.1325,0.1348264291226681
4993,278,37.3077,139.9,-0.8060261519945846
4994,278,37.266,139.5386,0.170597512811313
4995,278,37.07,139.6808,-0.827947502255684
4996,278,37.3491,139.3144,-0.0661171530506468
4997,278,37.0159,139.3801,-1.4233361134588849
4998,278,37.453,139.5133,-1.0485193918567235
4999,278,37.3364,140.8132,1.1403542896112115
5000,278,37.7535,139.7183,-1.2452071972860788
5001,278,37.7287,139.8855,0.547009331498295
5002,278,37.4478,139.8159,-0.8121954515783066
5003,278,37.2513,139.8758,-0.415401492669027
5004,278,37.1692,139.5231,-0.4064755314802775
5006,278,37.2792,140.2178,-0.523000447723954
5007,278,37.35,140.4297,-0.6869976908379877
5008,278,37.1585,140.0963,-0.8312671232492084
5009,278,37.2139,140.5736,0.8837909230314837
5010,278,36.9919,140.5886,-0.9437077146866514
5011,278,37.0233,140.9736,-0.3879671945505568
5013,278,37.6606,140.6008,-0.5645786801942396
5014,278,37.4864,140.5414,0.6835304988192913
5015,278,37.4672,140.7261,2.042663408975685
5016,278,37.4881,140.9906,0.8823454823843335
5017,278,37.3392,139.3179,0.34453887148856
5018,278,36.2742,136.8978,0.6598370484454854
5019,278,36.2734,137.0253,0.8206111991481573
5020,278,36.3322,137.3014,-1.0827844620715126
5021,278,36.2492,137.5174,-1.1490943447757895
5022,278,36.1536,137.2514,-0.532247422466272
5023,278,36.0333,136.9528,-0.5992218447130383
5024,278,36.0378,137.4861,-0.2199185397247163
5025,278,35.9515,137.26,-1.094992403148764
5026,278,35.9219,136.8311,-1.3101447044614922
5027,278,35.8029,137.245,0.1151928009199536
5028,278,35.7593,136.9808,-1.5534765401511372
5029,278,35.6637,137.1617,-1.6813474291675454
5030,278,35.6576,137.4258,0.432277822232235
5031,278,35.4887,137.5,1.1103434678530273
5032,278,35.4495,137.4039,1.0139206114991526
5033,278,35.4243,136.7553,-0.6590586309223181
5034,278,35.4426,137.0,0.2100287105193059
5035,278,35.3882,137.2158,1.2830677828245995
5036,278,35.3009,137.387,0.8075673545534942
5037,278,36.2417,137.2013,-0.6976599574146627
5038,278,35.4147,136.4376,-2.309964775904263
5039,278,35.8291,136.9651,-0.908572463039035
5040,278,35.2736,136.7031,-0.4303436168704198
5041,278,36.3749,137.3746,0.1482656455725667
5043,278,35.6001,136.4164,-1.0626227117561784
5044,278,36.2712,136.9009,0.7025207197788486
5045,278,36.2462,137.5204,-0.8617424508830026
5046,278,36.1306,137.2238,0.946097500155922
5048,278,35.9483,136.8762,0.615336397024229
5049,278,35.896,137.1525,-0.3851452120267248
5050,278,36.0184,137.3936,-0.5891595785189574
5055,278,35.5183,136.6156,-0.6382179002794013
5056,278,35.4089,136.8794,0.5629719622439374
5057,278,35.4495,137.007,-0.2106239914168715
5058,278,35.4539,137.4737,0.3946033500991315
5059,278,36.7722,139.2248,-0.5076947726963018
5060,278,36.7819,138.9695,-0.9564327690982404
5061,278,36.6578,139.0784,0.117186869887902
5062,278,36.6172,138.5918,0.0138498336326668
5063,278,36.5133,138.5177,-2.1470570033408256
5064,278,36.5103,138.7523,-1.6704163528390314
5065,278,36.4619,139.0101,-1.1174049145960607
5066,278,36.3478,139.1368,-0.6779144759398611
5067,278,36.4106,139.3251,0.2348086288660772
5068,278,36.2343,139.5331,0.7570630205310225
5069,278,36.2914,139.3609,1.2696618486438749
5070,278,36.3181,139.0176,-0.2438479637059208
5071,278,36.35,138.7179,-0.5870043260575012
5072,278,36.2287,138.7579,-2.305402275412468
5073,278,36.1162,138.9251,-2.3571929993485727
5074,278,36.3111,139.1879,-1.373037720857443
5075,278,36.2409,139.5476,0.0338163513847078
5076,278,36.6967,139.2136,-0.5607632199660855
5077,278,36.4886,138.5275,-0.9307361765315167
5078,278,36.6181,138.91,-1.0353842645936446
5079,278,36.2325,138.7322,-2.166157424081058
5080,278,36.2831,138.9242,-1.5918477396905508
5081,278,36.1409,138.9161,-0.6780372544465143
5082,278,36.8589,139.0659,0.6697241494176185
5084,278,36.7761,140.3569,1.636120799684057
5085,278,36.7061,140.7068,0.0844033174532817
5086,278,36.5915,140.6453,0.2635118615349228
5087,278,36.5516,140.4102,-0.2514835814443037
5088,278,36.3851,140.2372,0.554859454945627
5089,278,36.369,140.4528,-0.1549571160597821
5090,278,36.3523,140.5955,-0.4104776649787292
5091,278,36.3062,139.9828,-0.4707390976131737
5092,278,36.1848,139.7037,-0.2146437349625193
5093,278,36.1843,139.9653,-0.3941158532000124
5094,278,36.1251,140.0903,0.0584798281029669
5095,278,36.1901,140.2869,0.031471332025226
5096,278,36.1587,140.4892,0.4452291197964075
5097,278,36.0729,140.1947,0.3619496472411823
5098,278,36.0693,139.908,0.2956987898614391
5099,278,35.9112,140.0494,0.5369668300181162
5100,278,35.9537,140.3194,-0.0528934893145512
5101,278,35.977,140.6322,-0.3827183978985401
5103,278,36.1156,140.5655,0.7020846174919643
5104,278,36.4358,140.3592,-0.4111749247444809
5106,278,36.3669,140.1434,0.7174548002674859
5107,278,36.8338,140.3215,0.0124935860672959
5108,278,36.7924,140.5784,1.036183034451774
5110,278,36.5535,140.3046,-0.0824020450147434
5111,278,36.6374,140.4009,0.0929399371609377
5112,278,36.0832,140.3173,0.6500754402630731
5113,278,36.3599,140.6231,0.2074507650402998
5114,278,35.8252,140.7356,-0.3391041451252924
5115,278,37.4999,137.1764,0.774381711710718
5117,278,37.3919,136.9083,1.374461482792107
5120,278,37.1602,136.6897,-0.174395478365781
5122,278,36.8918,136.7783,0.1339338783205124
5123,278,36.7318,136.6989,0.5445912349961702
5124,278,36.5419,136.6431,-0.2416708677377299
5126,278,36.3575,136.6045,-0.7365239605336769
5127,278,36.1805,136.6247,-0.9791366476533422
5129,278,37.5236,137.2875,0.8830729409193738
5130,278,37.3614,137.0443,1.399513786663234
5131,278,37.3428,137.2467,1.9138634066362457
5132,278,37.1872,136.7206,0.5125620191381063
5133,278,37.0503,136.8236,0.9702991283612912
5134,278,36.5119,136.6386,-0.0857316595914223
5135,278,36.735,136.7936,1.1229473753959236
5136,278,36.2636,136.7197,-0.4430605957192013
5138,278,39.1454,141.152,-1.2861680811654606
5139,278,39.3209,141.1378,0.0870799004275569
5140,278,39.318,140.7792,0.4369333525366459
5141,278,39.5169,140.8301,0.4021553778685902
5142,278,39.1781,141.3944,0.5245182981044297
5143,278,38.8625,141.3547,-0.7375569270101081
5144,278,39.4531,141.0036,0.4218106589109969
5145,278,39.195,141.0153,-0.694407044126133
5146,278,39.0061,140.8667,-1.0729888007503423
5147,278,38.9661,141.0047,-0.4323812778634464
5148,278,39.0278,141.5356,-0.732088163368579
5151,278,35.2727,139.6579,-0.9514851052914132
5152,278,35.1441,139.6218,-1.4424772148645622
5153,278,35.3192,139.5462,-1.6661001912703002
5154,278,35.4544,139.5387,-0.9077601356974704
5155,278,35.3385,139.4901,-1.5818077933867194
5157,278,35.3355,139.3504,-0.6117074140717169
5158,278,35.6154,139.1548,-1.5055257792342187
5159,278,35.3794,139.2048,-1.338511247809177
5161,278,35.3608,139.0826,-0.8316119659896631
5162,278,35.0966,139.3778,0.7462898449771931
5163,278,35.4959,139.5227,0.8217839811317279
5164,278,35.4007,139.3571,-0.6080462070838265
5165,278,35.414,139.0468,-1.497187395774716
5166,278,35.3631,139.1291,-1.2790092556491182
5168,278,35.3551,139.0942,-0.1287605087808489
5169,278,38.9015,141.5684,0.0709310476664532
5170,278,38.7992,140.6507,1.2910285764742109
5172,278,38.5769,141.4514,-1.000033114359695
5173,278,38.4466,140.8874,-0.1007870297943747
5174,278,38.4282,141.2809,-0.1196935138078988
5175,278,38.3175,141.0193,0.3207162165655556
5176,278,38.2663,140.9293,0.1365343879496838
5177,278,38.3177,140.6357,1.8469710861330333
5178,278,38.1049,140.8699,1.5689273477398242
5179,278,38.0085,140.621,0.6361118965039492
5181,278,38.237,141.0003,-0.3802539835053855
5182,278,38.8558,140.6547,1.4036083454184816
5185,278,38.5764,140.7839,-0.2086023928841565
5186,278,38.5878,141.0744,-0.4129948771952858
5187,278,38.1103,140.8475,-0.6502756087217602
5188,278,38.0061,140.6061,0.474173030775651
5189,278,37.9381,140.8958,-0.0180561315092214
5191,278,38.6386,141.4463,-1.1880190473860357
5192,278,36.8514,138.366,1.42792939788672
5193,278,36.8069,138.2069,2.760891829479757
5194,278,36.7403,138.4129,0.0585868799316182
5195,278,36.6486,138.1938,-0.0532216084127413
5196,278,36.6981,137.8544,-0.3077480526152706
5197,278,36.5086,137.8507,-0.879422238108527
5198,278,36.5339,138.1191,0.110841928002991
5199,278,36.4022,138.2491,0.8030504092474631
5200,278,36.3378,137.8694,0.287227173998344
5201,278,36.3281,138.4357,-0.9944570804415984
5202,278,36.2564,138.2669,0.5289267656545287
5203,278,36.2564,137.9785,1.4111609222487154
5205,278,36.0956,138.4844,-1.0890332882817793
5206,278,36.0454,138.1116,1.1658061747342043
5207,278,35.9151,138.2421,0.6044129271897767
5208,278,35.9748,137.8255,1.052599108484316
5209,278,35.8132,137.5295,1.5874644431931977
5210,278,35.8562,137.7078,0.1837118425553545
5211,278,35.8282,137.9532,0.7971487670696266
5212,278,35.7304,137.9341,0.7035615357930785
5213,278,35.6079,137.6125,0.8277355209275618
5214,278,35.5787,138.0338,-0.985817018033094
5215,278,35.5232,137.8374,0.792253692097228
5216,278,35.2807,137.8567,1.4123089903544117
5217,278,36.7403,138.3792,0.6839675714318657
5218,278,36.251,137.8622,0.943760850542291
5219,278,35.96,137.77,1.137075707505584
5220,278,35.9125,138.3083,0.4955146988760454
5221,278,35.9664,138.4828,-0.392555418191452
5222,278,35.5111,137.8797,1.1511437528847015
5223,278,35.3063,137.6292,-0.2285606047168269
5224,278,36.0056,137.9336,0.5271263320183737
5225,278,35.9433,138.1879,0.4127968086231677
5226,278,36.1393,138.5535,-1.8679916689756348
5227,278,35.9292,137.598,1.4692629962861463
5228,278,35.9703,138.5877,-0.2711159602336557
5229,278,35.7839,137.7203,0.1820316231024941
5230,278,35.8283,137.9267,0.132696450336299
5232,278,35.6024,137.6135,0.6686904143971509
5233,278,35.612,137.8827,0.7102041976884064
5234,278,35.2953,137.9298,0.3626049414279136
5235,278,36.4632,138.1505,1.6120360451751967
5236,278,36.5739,138.051,0.7647838722603145
5237,278,36.7044,138.0995,0.4518490671241686
5238,278,36.9072,138.4439,0.964004626721195
5239,278,36.0609,137.688,0.9263783523012098
5240,278,36.1153,137.9419,0.3837834787342578
5241,278,36.2546,137.9929,1.387424312167127
5242,278,36.4567,137.9668,0.8169726731179321
5243,278,36.5296,137.8231,-0.925139139455234
5244,278,36.3793,137.8231,0.5729719529750406
5245,278,36.3277,138.4999,-1.0977764049296947
5246,278,38.2584,138.4337,1.3825990092923697
5247,278,38.0745,138.4398,-1.4854822014278692
5248,278,37.9976,138.3226,-0.8512683867600742
5249,278,37.8205,138.2795,-0.0921717649028025
5250,278,37.9204,138.4981,-1.412199288111611
5251,278,38.4501,139.4961,2.355094440976677
5252,278,38.2301,139.4864,0.1554604867632377
5253,278,38.053,139.4055,-0.4497948184685241
5257,278,37.6863,139.4772,1.4138901881972572
5260,278,37.6935,139.1886,-1.2464039464618135
5261,278,37.6421,138.7676,-0.570768350697083
5262,278,37.4416,138.8431,-0.2116397231777673
5263,278,37.3724,138.5579,0.3908734163880725
5264,278,37.3057,138.7898,1.341152954889116
5265,278,37.2332,138.962,-0.5707640168545483
5266,278,37.1281,138.7468,1.6330975590374732
5267,278,37.0364,138.8462,-0.8192302343370703
5268,278,37.0147,138.6529,-0.4691617540275521
5269,278,37.1268,138.444,0.3409108768087774
5271,278,37.0228,138.2507,-0.2907187586594097
5272,278,37.0235,137.8624,0.7738200736169036
5273,278,37.4261,138.8862,-0.4079509856320109
5274,278,37.4242,138.8908,-0.1572605285560774
5275,278,38.2769,139.5519,0.9075212657620504
5276,278,38.1297,139.4322,-0.4782148687874336
5277,278,38.1283,139.5461,1.300455931247312
5278,278,37.9731,139.2819,0.2842536683091163
5279,278,37.6497,139.0708,1.3056929659802785
5280,278,37.6628,139.2642,-0.6336001341914831
5281,278,37.5356,139.1311,-0.3632747515463121
5282,278,37.5408,139.3681,0.4607645392296691
5283,278,37.1697,138.7472,-0.4641957980387732
5284,278,37.2208,138.9853,0.1011874691134227
5285,278,37.0514,138.3997,1.233295908228401
5286,278,37.0272,138.8553,-0.2983751938400346
5287,278,37.0503,138.9983,-0.9684800153494064
5288,278,36.9347,137.8511,1.1563622584590956
5289,278,36.8539,138.0997,-0.735081639561404
5290,278,36.9394,138.2625,0.5704192598285329
5291,278,36.8083,138.7881,1.4723000145080358
5292,278,36.2428,139.1937,-0.6447985344159191
5293,278,36.1476,139.3884,-1.0005368429162416
5295,278,36.1179,139.1045,-1.726746950064042
5296,278,36.0562,139.2626,-1.3147870921808342
5297,278,35.9954,139.0709,-0.8340602624881666
5298,278,36.054,139.3912,-1.357070997345858
5300,278,35.9034,139.4826,-1.5598199078300037
5303,278,35.8401,139.3215,-0.5309002955432683
5304,278,35.7965,139.4659,-0.6330693514481247
5305,278,35.9954,138.801,-3.294806745981895
5306,278,35.8958,139.3875,-1.272435695172436
5307,278,35.7996,139.5385,-1.6623869728313476
5308,278,36.1478,139.0536,-1.6484909784415624
5309,278,36.11,139.2926,-1.029507623065077
5310,278,35.9086,139.1517,-1.7035660782605266
5311,278,36.0243,138.9722,-1.5671972066882252
5313,278,35.9933,139.2223,-1.706175174184014
5314,278,35.8605,139.2758,1.3083342126196458
5315,278,35.096,138.8657,-0.6404607804452126
5316,278,35.1971,138.9127,-0.7247509579792224
5317,278,35.3091,138.9349,-0.2504304699250663
5318,278,35.2128,138.6016,-0.0515247393751676
5319,278,35.1271,138.6213,-0.44227262366414
5321,278,34.9649,138.3735,-0.863186879713716
5322,278,35.2435,138.3407,-1.2916429184497638
5323,278,35.0969,138.1332,-0.0313704136311605
5324,278,35.0916,137.8136,1.959876979761005
5325,278,34.9816,137.8975,0.1926203938011752
5326,278,34.9524,139.1378,-0.7539005803961446
5327,278,35.3038,138.2003,-0.2672435772017231
5328,278,35.2201,137.9212,-0.4950420584610296
5329,278,34.9365,138.0798,-0.7123749073626381
5330,278,35.0053,137.8439,-0.0129186070730766
5331,278,35.0113,138.3557,-1.4825738769198171
5332,278,35.1271,138.4273,-0.506008423253766
5334,278,34.9109,138.2038,-0.4205932929757611
5335,278,35.1995,138.569,-0.988176593105791
5336,278,35.0821,138.981,-1.2183584618559913
5338,278,34.9706,138.4955,-1.2366212411724842
5339,278,36.9417,140.0828,-0.6789134281322067
5340,278,36.99,139.8033,0.7324312238551064
5341,278,36.8144,139.7153,0.6927122484553754
5342,278,36.8061,139.4204,0.1662048787028646
5343,278,36.8061,139.9264,0.135694673079523
5344,278,36.7639,140.1297,-0.2996391249210204
5345,278,36.5692,139.8861,-0.1075450662238962
5346,278,36.56,139.7675,0.0834070693261284
5347,278,36.7258,139.7155,1.5357597904364109
5348,278,36.6347,139.4376,-0.3423586735207431
5349,278,36.3867,139.6145,-1.0354138543503366
5350,278,36.2859,139.8047,0.2368152125832532
5351,278,36.4368,140.0225,-0.7703998976008944
5352,278,36.545,140.1742,1.1751749330542247
5353,278,36.4427,139.9541,-1.538501641408386
5354,278,36.8594,139.8397,-0.151399083161077
5355,278,36.8547,140.0258,-1.2768068979063525
5356,278,36.7042,139.7733,-0.0776873468371752
5357,278,36.6928,139.9875,-0.2780308013720322
5358,278,36.7311,140.1814,0.1163692008199395
5360,278,36.5564,139.8669,-0.9947615200743636
5361,278,36.5449,140.0784,-0.493060321441983
5363,278,35.8029,139.0956,-2.863145644525139
5364,278,35.7304,139.1454,-2.092954842585649
5365,278,35.7968,139.2912,0.0937101520769482
5366,278,35.6282,139.4034,-1.0896149761203315
5367,278,35.5782,139.4156,-1.1050953362603717
5368,278,35.699,139.5029,-1.186680561736048
5369,278,35.7107,139.6859,-1.1662790244507115
5370,278,35.6596,139.8343,-0.6471191954914038
5371,278,35.689,139.8354,-1.1063222790811778
5372,278,35.7313,139.8121,-0.7033889835888957
5373,278,35.6485,139.799,-1.046906527315701
5374,278,35.6474,139.8093,-0.7210363039484848
5375,278,35.6551,139.8115,-0.5201264706911741
5376,278,35.6657,139.8087,-1.1949133992233962
5377,278,35.6876,139.8193,-0.8773678284168082
5378,278,35.6874,139.7962,-0.7375689671085319
5379,278,35.7254,139.8249,-0.6073636095766984
5380,278,35.7401,139.8624,-1.0309605188755382
5381,278,35.7138,139.8971,-0.7500616604433974
5382,278,35.6704,139.8635,-0.7468916737027463
5383,278,35.6926,139.8912,-0.1364246427693253
5384,278,35.6685,139.7893,0.0698813155292358
5385,278,35.6081,139.8157,-0.0442639963326199
5386,278,35.6669,139.2682,-0.419229815409509
5388,278,36.976,137.6257,-0.4798624879494942
5390,278,36.8163,137.4192,-0.576746249719172
5391,278,36.8624,137.5274,0.6952824039325687
5392,278,36.7824,137.0803,0.0879284973159153
5393,278,36.6716,136.897,0.2914667509424208
5394,278,36.6686,137.2114,-0.7380236073023734
5395,278,36.6086,137.2831,0.2859636683084294
5396,278,36.5864,137.1406,0.5261262732683002
5397,278,36.56,136.8872,0.693210736607823
5398,278,36.5781,137.385,1.1055029496652724
5399,278,36.4411,137.0353,0.2661852138662828
5400,278,36.8836,136.9306,0.9134071470799154
5401,278,36.7883,137.4719,0.3749727641123488
5402,278,36.5706,136.9614,0.7591504681717347
5403,278,36.5681,137.1625,0.6714000631045909
5404,278,36.4375,137.0422,0.1985755692981209
5406,278,35.6132,138.947,-1.290292408916557
5407,278,35.4648,138.813,-0.5569111600683015
5408,278,35.702,138.7266,-0.4045825131180136
5409,278,35.6548,138.5677,-0.8984399926223131
5410,278,35.4684,138.6069,-0.9800974003971966
5411,278,35.2791,138.4649,-0.7612304779604205
5412,278,35.432,138.3321,-1.8607769142241264
5413,278,35.4965,138.4627,0.3800329023713079
5414,278,35.7918,138.4096,-0.0490882349196982
5415,278,35.6382,138.3835,-2.433693491196428
5416,278,35.6863,138.7371,-0.7060999947023033
5419,278,35.6215,138.9808,-0.5650332107202934
5420,278,35.5591,138.4521,-0.4933860061548184
5422,278,35.5082,138.9707,-2.001864204278541
5423,278,35.5291,138.6076,0.1959848906578827
5424,278,35.7389,138.5684,-1.1438116444126498
5426,278,38.7679,140.2957,-0.8668936725983689
5427,278,38.7292,139.8013,1.6671340222470254
5428,278,38.6276,139.5889,-0.2135096231103402
5429,278,38.607,140.1621,0.2399299971045186
5431,278,38.4306,140.3907,0.884908376243746
5432,278,38.3856,139.9921,1.3093778633273527
5433,278,38.3898,140.2743,0.5368546658110045
5434,278,38.2604,140.3488,0.973694874279654
5435,278,38.1502,140.2674,1.923285377538149
5436,278,38.1074,140.0428,0.9685466127784176
5437,278,38.0621,139.7575,1.70601659630701
5438,278,37.9207,139.8697,0.4660077486145342
5440,278,38.7895,140.0185,0.0307264131151726
5441,278,38.7909,140.313,-0.8527332328814494
5442,278,38.2664,140.2617,2.895262907004837
5444,278,38.0783,140.3011,-0.0266207677908408
5445,278,37.9853,139.805,-0.0102641397369839
5446,278,37.9603,140.1869,1.68522034287604
5447,278,37.8931,140.0311,1.824226910790803
5448,278,38.9672,140.0367,0.2276269342369846
5449,278,38.7469,140.1814,0.5942183702251628
5450,278,38.7103,140.5578,0.2871706644286719
5451,278,38.6328,140.0089,0.3669371677466286
5452,278,38.4675,139.7639,0.2390822332731336
5453,278,38.3831,139.995,1.2053298630881462
5454,278,38.4228,140.1283,0.6495916296950712
5455,279,40.3279,140.7428,-1.217084030804019
5456,279,40.2677,140.5659,0.6889018684144431
5457,279,40.2782,140.2631,0.9580811118616054
5458,279,40.3888,139.9827,-0.2561927223962885
5459,279,40.2032,140.0288,-0.1887678726957137
5460,279,40.2152,140.7873,-1.5509868539114968
5461,279,40.046,140.0813,-0.4394008463805479
5462,279,39.883,140.0716,-0.6458692123627081
5463,279,39.8879,139.8466,1.2804069653695835
5464,279,39.7225,140.1002,0.5010417148896776
5465,279,39.8128,140.5803,0.4058873610084233
5466,279,39.6991,140.7181,-1.0487374702479837
5467,279,39.6069,140.3213,-0.8086520617904183
5468,279,39.595,140.5554,-0.3316957670114356
5471,279,39.2975,140.5629,0.9305563415608488
5472,279,39.1939,140.1902,-0.1893467240003944
5473,279,39.0384,140.451,0.0085695247751125
5474,279,39.2022,139.9085,-0.5020979359199258
5475,279,39.995,140.4031,0.6358949349798013
5476,279,39.7739,140.6667,-0.0698905883545379
5477,279,39.1462,140.717,0.5120801159063894
5478,279,39.8119,140.5825,-0.063725830453093
5479,279,39.6606,140.5756,0.0726334867897434
5480,279,39.2194,140.1317,-0.0531848030030783
5481,279,39.1711,140.7164,3.316921089677319
5483,279,38.9772,140.4986,-0.895356795241267
5484,279,40.4536,140.8431,-1.5301917294796248
5485,279,40.3161,140.2375,0.5705530694768093
5486,279,40.2728,140.4631,0.0127744480655247
5487,279,40.2975,140.5847,-0.9204520945407664
5488,279,39.9128,140.2256,0.0067975313876894
5489,279,40.0594,140.8119,-1.0668030415077063
5490,279,39.6857,140.411,-1.7955727402601045
5491,279,39.5422,140.3515,-0.1205351164960666
5492,279,39.5547,140.615,-0.9841107662222476
5493,279,39.3519,140.3903,0.8680001490673697
5494,279,39.1883,140.4744,1.6846414728730463
5495,279,41.5267,140.9244,-1.313092937242211
5496,279,41.328,140.8132,-1.188131910590511
5497,279,41.4053,141.1691,-0.6281836513458788
5498,279,41.4087,141.4486,-1.4948561153465645
5499,279,41.2948,141.1972,-0.6011029275686698
5500,279,41.1976,140.9972,0.1275358165215042
5501,279,41.2256,141.3958,1.56410274842799
5502,279,41.084,141.2552,-0.2559995266787819
5503,279,40.9665,141.3733,-0.3920048510841694
5504,279,40.8721,141.1416,0.4879067050246548
5505,279,40.6803,141.3669,0.8305619061786311
5506,279,40.5138,141.4805,0.3052810145531667
5507,279,40.4124,141.28,-0.5522072559760148
5508,279,40.4371,140.9406,-0.3041484605541113
5509,279,40.4738,140.6306,-1.2141145001827158
5510,279,40.6018,140.499,-0.7273005294267889
5511,279,40.6363,139.9284,1.4768243820864273
5512,279,40.7782,140.1976,0.0144731273309822
5514,279,40.8193,140.7501,-2.4342264638893587
5515,279,40.6152,141.208,-0.6360729984590879
5516,279,40.9924,140.9155,-0.7296026163279361
5517,279,40.9676,140.4326,-0.3177797116706318
5519,279,41.1795,140.4801,-0.9850554259653362
5520,279,41.1281,140.3106,-0.8004551934263913
5521,279,41.1453,140.8219,-0.2305790203724057
5522,279,40.7002,140.919,-0.2299714403348242
5523,279,40.5758,140.2965,0.0569618552902157
5524,279,41.5246,140.9163,-1.7738742956786924
5525,279,41.2313,140.9932,-0.1044334117304437
5526,279,40.8497,140.6794,-0.9687357275554584
5527,279,40.8537,141.1069,-0.0603899063865013
5528,279,40.9638,141.3774,-0.327997120189257
5529,279,40.7419,140.0272,-0.6303304355325342
5530,279,40.7592,140.3156,-1.4401622237587834
5531,279,40.6172,140.3533,0.8704026961573745
5532,279,40.6064,140.6681,-1.674502486762909
5533,279,40.5773,140.9986,-1.3539161609108392
5534,279,40.5819,141.1582,0.342438711370966
5536,279,40.5461,140.2761,1.77030623546464
5537,279,40.4814,140.56,-0.48458839718485
5538,279,40.4597,141.0958,0.9772947360984088
5539,279,40.4465,141.3409,0.4266746618175936
5540,279,40.2934,141.018,-0.0553673692744639
5541,279,37.7949,140.9196,1.724953305504147
5542,279,37.8449,140.6013,1.005168796038531
5543,279,37.7613,140.4799,0.4365522797180751
5544,279,37.6799,140.7346,0.6246964610664187
5545,279,37.6385,140.9849,1.0493882793209737
5546,279,37.5031,140.7588,1.4157804606720106
5547,279,37.4061,140.9632,0.8133774064290863
5548,279,37.4363,140.5668,1.3088511673621073
5549,279,37.2778,140.6349,-0.3939363593372269
5550,279,37.2342,141.0016,1.2019671534796983
5551,279,37.0911,140.9035,0.416596393694251
5552,279,36.9069,140.7929,0.8614754254645847
5553,279,37.09,140.5563,1.0740988450492148
5554,279,36.8683,140.43,0.8873849855739524
5555,279,37.0217,140.3775,0.8654104099667458
5556,279,37.1228,140.1914,0.8965188776958585
5557,279,37.2842,140.3689,1.2058027467083865
5558,279,37.3961,140.3622,0.1052414405434492
5559,279,37.603,140.4368,1.2842867314259008
5561,279,37.6535,139.8633,-1.6266108664599754
5562,279,37.6002,139.6467,-0.1261519274202728
5563,279,37.4774,139.9294,-0.7515246128755124
5564,279,37.3957,140.1325,-0.0587110157071454
5565,279,37.3077,139.9,-1.3209161936852714
5566,279,37.266,139.5386,-1.5296692671786438
5567,279,37.3491,139.3144,-1.017881061470577
5568,279,37.453,139.5133,-1.5846042420494613
5569,279,37.3364,140.8132,1.3623352879939346
5570,279,37.7535,139.7183,-1.6268758284216822
5571,279,37.7287,139.8855,-0.8647659304356741
5572,279,37.6048,139.7566,0.2677885273457558
5573,279,37.4478,139.8159,-0.5515127591276117
5574,279,37.2513,139.8758,-0.7885014006500106
5575,279,37.1692,139.5231,-2.002565816508058
5576,279,37.2792,140.2178,-0.2247125359297375
5577,279,37.35,140.4297,0.3318842469250568
5578,279,37.1585,140.0963,0.0787951027834212
5579,279,37.1976,140.342,0.375992675525134
5580,279,37.2139,140.5736,1.526423047060758
5581,279,37.0233,140.9736,0.6102509536281425
5583,279,37.7613,140.38,-0.9886828146384544
5584,279,37.6606,140.6008,1.851844390806354
5585,279,37.4864,140.5414,1.0893666613000292
5586,279,37.4672,140.7261,2.4568959367647847
5587,279,37.4881,140.9906,1.6713372176865249
5588,279,37.3392,139.3179,-0.7088208656678178
5589,279,36.7722,139.2248,-2.6226155378185374
5590,279,36.6967,139.2136,-2.069500027902392
5591,279,36.8589,139.0659,-1.6952342991848663
5592,279,41.7162,141.0025,0.4380400351229636
5594,279,41.4862,140.247,-1.5585497774787205
5595,279,41.4339,140.1115,-1.5883710785001202
5596,279,36.7761,140.3569,2.164229097674432
5597,279,36.7061,140.7068,0.9781309212849032
5598,279,36.5915,140.6453,1.3756804756127057
5599,279,36.5516,140.4102,0.7180106971226974
5600,279,36.3851,140.2372,1.8526405226419929
5601,279,36.369,140.4528,1.4404071595068153
5602,279,36.3523,140.5955,1.1684434622108744
5603,279,36.8338,140.3215,1.017819011642705
5604,279,36.7924,140.5784,1.1892560749209249
5606,279,36.5535,140.3046,0.4323086151567938
5607,279,36.6374,140.4009,1.3621097770963555
5608,279,36.3599,140.6231,1.523455146167911
5609,279,40.4099,141.7191,1.5338569664824406
5610,279,40.1819,141.7641,0.8303104008943202
5611,279,40.0083,141.8861,0.5130925237290884
5612,279,39.7369,141.9697,0.9570606412291804
5613,279,39.6472,141.9464,0.5461356834909402
5614,279,39.4806,141.9652,1.696860932041056
5615,279,39.2701,141.8561,1.5371306051125735
5616,279,39.0187,141.4031,-1.2514204091886303
5618,279,39.1454,141.152,-1.3534728647840963
5619,279,39.3209,141.1378,0.7017311626140587
5620,279,39.3367,141.5378,0.2233812869341735
5621,279,39.4844,141.147,-0.0594846310552178
5622,279,39.318,140.7792,-0.1903338896442445
5623,279,39.5997,141.6789,0.2256033808857501
5624,279,39.6336,141.4376,-0.599388072332339
5625,279,39.6953,141.1478,-1.0249268650179522
5626,279,39.8491,141.8034,1.37429268037382
5628,279,39.9203,141.082,0.2856280462211053
5629,279,40.1011,141.0523,-0.6136137838339333
5630,279,40.0366,141.4502,-0.294351864111828
5631,279,39.5169,140.8301,-0.5808100111327442
5632,279,40.2356,141.3458,1.944306158296905
5633,279,39.8222,141.3861,0.1201554467803347
5634,279,39.7992,141.6556,-0.6493644419613768
5635,279,39.1781,141.3944,0.4568397325971242
5636,279,38.8625,141.3547,0.7854278395664728
5637,279,40.2583,141.1744,0.4314972539381326
5638,279,40.2678,141.5744,0.0219580858101112
5639,279,40.2658,141.7867,1.4710129504418628
5641,279,40.1364,140.9564,-1.7356015227493324
5642,279,40.0783,141.195,-0.8499633889931675
5643,279,40.1506,141.4281,2.042798240858521
5644,279,39.9369,141.5528,-0.354678873861656
5646,279,39.6119,141.0964,-0.8396060654596245
5647,279,39.6408,140.95,-1.022537110527404
5650,279,39.4531,141.0036,-0.5576443357711408
5651,279,39.3406,141.0508,0.7905607586314325
5652,279,39.4705,141.9372,0.565537138416072
5653,279,39.3311,141.305,-0.1387911908698618
5655,279,39.195,141.0153,-0.6789383827987008
5656,279,39.0061,140.8667,0.7241282093725633
5657,279,38.9661,141.0047,1.251137172601443
5658,279,39.0278,141.5356,0.18068103941149
5659,279,38.9015,141.5684,0.5491333844935978
5660,279,38.7262,141.5109,-0.1899854657148021
5661,279,38.7348,141.3106,-0.4213807463507866
5662,279,38.7292,141.0217,1.5708708372346585
5663,279,38.7992,140.6507,-0.4572245198831865
5666,279,38.5769,141.4514,0.0942028855195134
5667,279,38.4466,140.8874,-0.4464900262973947
5668,279,38.4282,141.2809,0.2149488123825457
5670,279,38.3175,141.0193,0.54842340623028
5671,279,38.2663,140.9293,2.234265657658303
5672,279,38.3177,140.6357,1.986788783097356
5673,279,38.1049,140.8699,1.8293659808892504
5674,279,38.0085,140.621,0.965958443633688
5676,279,38.237,141.0003,-0.2670379729633294
5677,279,38.8558,140.6547,0.1300997111884584
5680,279,38.5878,141.0744,-0.2562667201436271
5681,279,38.1103,140.8475,-0.3783811830898018
5682,279,38.0061,140.6061,0.0065456012796742
5683,279,37.9381,140.8958,1.1559496575599808
5685,279,38.6386,141.4463,0.1403812298929242
5686,279,38.2584,138.4337,1.735709857414587
5687,279,38.0745,138.4398,-0.5312522753156803
5688,279,37.9976,138.3226,-0.2453377255703457
5689,279,37.8205,138.2795,-0.2485031685775967
5690,279,37.9204,138.4981,-1.8937218477479183
5691,279,38.4501,139.4961,-0.5887094114755262
5692,279,38.2301,139.4864,-1.6956537022616165
5693,279,38.053,139.4055,-1.5282213817001231
5697,279,37.6863,139.4772,0.4220396641137708
5700,279,37.6935,139.1886,-0.7674761825574821
5701,279,37.6421,138.7676,-2.216263533736753
5702,279,37.4416,138.8431,-0.4706799727560573
5703,279,37.3724,138.5579,-2.045272053177229
5704,279,37.3057,138.7898,-1.7984561685338758
5705,279,37.2332,138.962,-1.5562614429197306
5706,279,37.1281,138.7468,-1.31389833942711
5707,279,37.0364,138.8462,-2.142713518738236
5708,279,37.0147,138.6529,-1.5631189964993204
5709,279,37.1268,138.444,-1.2129153465210587
5710,279,37.4261,138.8862,0.0249941266608872
5711,279,37.4242,138.8908,0.111708211363766
5712,279,38.2769,139.5519,-1.14101020203651
5713,279,38.1283,139.5461,-1.1675830145596735
5714,279,37.9731,139.2819,-1.557180845264882
5715,279,37.6497,139.0708,1.632510498767941
5716,279,37.5356,139.1311,-1.013810163385503
5717,279,37.5408,139.3681,0.2224980648599172
5718,279,37.1697,138.7472,-1.6892435000250787
5719,279,37.2208,138.9853,-1.537631171222197
5720,279,37.0272,138.8553,-1.7039255009264285
5721,279,37.0503,138.9983,-1.8871508068966028
5722,279,36.9417,140.0828,0.6668962511582331
5723,279,36.99,139.8033,-1.0768490067095406
5724,279,36.8144,139.7153,-1.052763630956108
5725,279,36.8061,139.4204,-1.6224646190480732
5726,279,36.8061,139.9264,0.4635296124968149
5727,279,36.7639,140.1297,0.9819800685570234
5728,279,36.5692,139.8861,0.3129268629720151
5729,279,36.56,139.7675,1.0257078488707887
5730,279,36.7258,139.7155,1.185829620392017
5731,279,36.6347,139.4376,-1.2021792104686146
5732,279,36.4368,140.0225,0.9534113914946606
5733,279,36.545,140.1742,1.442772044313217
5734,279,36.4427,139.9541,0.3847189099057621
5735,279,36.8594,139.8397,-0.7327779832080374
5736,279,36.8547,140.0258,-0.2636374482920414
5737,279,36.6928,139.9875,0.2771558599432372
5738,279,36.7311,140.1814,1.9223368239695235
5740,279,36.5564,139.8669,0.0311678841141375
5741,279,36.5449,140.0784,1.3441467977557922
5744,279,38.7679,140.2957,-1.3084570669587423
5745,279,38.7292,139.8013,-0.6789600795289491
5746,279,38.6276,139.5889,-2.17196550907116
5747,279,38.607,140.1621,-1.2564369993715916
5749,279,38.4306,140.3907,-1.07259854445368
5750,279,38.3856,139.9921,-1.0298405771117176
5751,279,38.3898,140.2743,-0.7473081430711421
5752,279,38.2604,140.3488,-0.4120198443235995
5753,279,38.1502,140.2674,0.1393470689654417
5754,279,38.1074,140.0428,-1.380614361059363
5755,279,38.0621,139.7575,0.2009208783154837
5756,279,37.9207,139.8697,-1.5359481899353316
5758,279,38.7895,140.0185,-1.9736917695688567
5759,279,38.7909,140.313,-1.079577665633958
5760,279,38.2664,140.2617,-0.112556218346841
5762,279,38.0783,140.3011,-1.462659579109041
5763,279,37.9853,139.805,-1.4275760283464505
5764,279,37.9603,140.1869,1.2696147801263429
5765,279,37.8931,140.0311,1.832974755183776
5766,279,38.9672,140.0367,-0.8575613253458167
5767,279,38.7469,140.1814,-1.129794705771192
5768,279,38.6328,140.0089,-1.386541437210307
5769,279,38.4675,139.7639,-2.3152234273382755
5770,279,38.3831,139.995,-1.1543254778212355
5771,279,38.4228,140.1283,-1.4688489200235348
5772,279,38.4647,140.8833,0.823222605004585
5773,279,38.5689,140.8589,-0.0012038379040634
5774,279,38.5747,140.7836,0.5956885211150893
5775,279,38.6122,140.7619,-0.8517475018559301
5776,279,38.5461,140.8533,0.2101539181512987
5777,279,38.5117,141.0631,1.452311671114611
5778,279,38.5175,140.9428,0.771737609154127
5779,279,38.6494,140.8803,0.1813080667795505
5780,279,38.5411,141.0603,1.0125752702361088
5781,279,38.485,141.1389,0.3667765565049503
5782,279,38.6533,141.0718,0.0925891334918684
5783,279,38.6892,141.1914,-0.512770551762937
5784,279,38.6258,141.1928,-0.3236096517720735
5785,279,38.6617,141.1625,0.4632650118184833
5786,279,38.5067,141.1972,0.232743178233878
5787,279,38.1681,140.8953,3.1149191452202256
5788,279,38.0947,140.6619,2.942644983904908
5789,279,38.0461,140.7339,1.2529461513935622
5790,279,38.175,140.6469,1.343917901184153
5791,279,38.3269,140.9844,1.2882449206623845
5792,279,38.2722,140.8722,-0.2290422273614439
5793,279,38.2411,140.9175,1.3036157111615088
5794,279,38.3342,140.8894,2.0617704638955545
5795,279,39.3108,140.5697,-0.3255678088633157
5796,279,39.4506,140.4789,-0.6530187289873635
5797,279,39.4586,140.5097,0.2675192709484256
5798,279,39.4575,140.5844,0.6958314995636005
5799,279,39.1983,140.5481,-0.3959246219622455
5800,279,39.2603,140.4925,0.2685244270876121
5801,279,39.3394,140.4375,1.143749966031962
5802,279,39.2208,140.5256,-0.4590782727005705
5803,279,39.275,140.6242,0.9859543777128542
5804,279,39.3308,140.4778,-0.6592369616394217
5806,279,39.0578,140.4506,0.4913959251622197
5807,279,39.1972,140.4172,-0.0572952980412906
5808,279,39.0731,140.5903,0.6519543360260982
5809,279,38.755,140.5228,-0.4934257012026405
5810,279,37.8764,140.9194,2.6008836569229508
5811,279,39.29,141.1133,-0.8448694978994995
5812,279,39.1267,141.1417,-0.8362841937736147
5813,279,38.5717,140.96,1.1612878737806307
5815,279,38.5367,141.1317,0.7928939745010036
5816,279,38.7067,141.2383,-0.3405788188685361
5817,279,38.8233,140.9933,1.684064877654574
5818,279,38.9518,141.2198,-0.9051597510619976
5819,279,38.3655,140.664,0.2423702342973281
5820,279,38.135,140.9311,0.7716265310791501
5821,279,38.2583,140.9,0.9140040245039592
5822,280,32.484,-115.24,-0.4537079960215264
5823,280,31.8683,-116.6642,0.2345604955957648
5824,280,32.4,-115.24,-1.1146174132997784
5825,280,31.615,-115.882,-1.0221586305971713
5826,280,32.464,-115.316,0.8037130573757234
5827,280,32.0203,-116.3012,-0.0442754631908727
5828,280,32.1656,-114.9612,0.8741486340522058
5829,280,32.116,-115.8407,-1.0985188954905478
5830,280,32.4222,-115.1303,-1.0128894983667125
5831,280,32.5495,-115.2357,0.7501861412559865
5832,280,31.69,-116.19,0.4630563247025758
5833,280,31.398,-115.714,-1.32919748748009
5834,280,32.739,-114.636,-1.1776771803255468
5836,280,32.78,-115.567,1.0417531232518142
5838,280,32.813,-116.975,-2.362762541083068
5839,280,32.84,-116.974,-0.1174443759942643
5840,280,32.838,-116.775,-1.5832924653717733
5841,280,32.942,-116.276,-0.9405363807463216
5842,280,32.749,-117.242,-0.655454024509461
5843,280,32.71,-117.158,0.7795441579403841
5844,280,32.73,-117.169,0.1414513092671649
5845,280,32.702,-117.12,0.347135204947671
5846,280,32.735,-117.08,0.4266808778387241
5847,280,32.795,-117.255,0.6036397794672725
5848,280,32.822,-117.175,0.3232921754710756
5849,280,32.71,-117.007,0.6116950796282392
5850,280,32.754,-117.097,-0.5275820286948302
5851,280,32.915,-117.142,-0.8250879706188753
5852,280,32.877,-117.227,1.6349238166120412
5853,280,32.954,-117.042,-1.1074614045548303
5854,280,32.754,-117.164,0.768098126040613
5855,280,33.61,-114.715,-0.9311569568684136
5856,280,33.239,-115.512,0.1087910649040395
5857,280,33.511,-115.92,0.0215905059593708
5858,280,33.037,-115.623,-0.097744936746501
5859,280,33.421,-115.831,-0.2967029709799147
5860,280,33.564,-115.987,-0.6968568258153106
5861,280,33.397,-115.776,0.2366857517284603
5862,280,33.28,-115.984,0.746969775345729
5863,280,33.398,-115.657,-1.2177284698866784
5864,280,33.829,-116.512,0.37400857895189
5865,280,33.678,-116.178,0.1263301823305896
5866,280,33.482,-116.911,2.0545291644084736
5867,280,33.787,-116.959,1.4458431757309174
5868,280,33.815,-116.461,0.927660843105972
5869,280,33.747,-116.715,1.1185917432731458
5870,280,33.962,-116.509,0.3804454191975187
5871,280,33.605,-116.938,-1.403429139936467
5872,280,33.76,-116.96,0.2419845891464465
5873,280,33.851,-116.852,-1.0072658625245472
5874,280,33.748,-116.966,1.4448136254456534
5876,280,33.729,-116.979,0.9120875737263892
5877,280,33.715,-116.221,-0.1010115491178712
5878,280,33.787,-116.958,1.3107642483379505
5879,280,33.706,-116.235,0.0694147664302071
5880,280,33.93,-116.972,-0.1179017746221687
5881,280,33.744,-116.931,1.205666421827967
5882,280,33.671,-116.3,2.4826983485022613
5883,280,33.758,-116.374,0.7552616319951709
5884,280,33.787,-116.41,0.3986761587122725
5885,280,33.723,-116.338,1.1785230151052073
5886,280,33.786,-117.809,-0.4576393187533206
5887,280,33.863,-117.742,0.6277809094611492
5888,280,33.768,-117.85,-0.3946380577764626
5889,280,33.485,-117.669,1.394098109069817
5890,280,33.917,-117.443,1.1022788031300748
5891,280,33.968,-117.252,1.159553037461106
5892,280,33.565,-117.264,-0.1223299966024044
5893,280,33.751,-117.015,0.6038721136666544
5894,280,33.818,-117.133,0.9370434494337022
5895,280,33.699,-117.267,-0.5082779857719435
5896,280,33.604,-117.279,1.279280307944879
5897,280,33.884,-117.514,0.2313442728869782
5898,280,33.876,-117.593,0.996532920639196
5899,280,33.875,-117.636,0.0718884235741091
5900,280,33.951,-117.446,-0.9793332547376378
5901,280,33.054,-117.245,0.2163557843998045
5902,280,33.144,-117.165,-1.4731806411844717
5903,280,33.634,-117.902,0.3688431187669088
5904,280,33.99,-117.718,0.4047014092100515
5905,280,33.496,-117.149,0.7098553102615697
5906,280,33.662,-117.997,1.3151642780438373
5908,280,33.913,-117.196,0.9408890842377584
5910,280,33.201,-117.331,0.3709025605062212
5911,280,33.856,-117.541,-0.1082558944782826
5912,280,33.8556,-117.54,0.8339616264640806
5913,280,33.466,-117.666,0.9533584055335628
5914,280,33.854,-117.817,0.7150317289330415
5915,280,33.777,-117.834,-0.8664423958231986
5916,280,33.604,-117.906,-0.3449049485759959
5917,280,33.605,-117.89,0.6308279914056377
5918,280,33.853,-117.857,-0.4552311763532971
5919,280,33.766,-117.918,0.5024462017105669
5920,280,33.757,-117.956,-0.0495912533867568
5921,280,33.676,-117.963,0.4369101327649624
5922,280,33.819,-117.85,-0.1275843418176942
5923,280,33.748,-117.844,0.2609416524548053
5924,280,33.742,-117.894,0.5585811877136878
5925,280,33.716,-117.904,0.3923713326918535
5926,280,33.7,-117.88,0.2989567665464757
5927,280,33.785,-117.89,-0.6275853085010246
5928,280,33.789,-117.922,0.1010741550265691
5929,280,33.919,-117.488,-0.5279585179979778
5930,280,33.951,-117.388,-0.6014115252993235
5931,280,33.979,-117.344,0.9946638126813656
5932,280,33.975,-117.486,0.6199601634294252
5933,280,33.669,-117.332,-1.406494924857384
5934,280,33.748,-117.127,0.4916493312834117
5935,280,33.902,-117.234,0.3368764854240593
5936,280,33.921,-117.173,1.316649216840361
5937,280,33.787,-117.23,-1.2635423916877946
5938,280,33.649,-117.205,-0.9156994409276122
5939,280,33.715,-117.191,0.6265592236915695
5940,280,34.133,-114.372,0.2094081825813335
5941,280,34.155,-116.504,-0.5060911490865916
5942,280,34.13,-116.314,-0.994633284908128
5943,280,34.241,-116.872,0.3294815869368555
5944,280,34.122,-116.416,-1.934115755695899
5945,280,34.046,-117.035,-0.1599814597912678
5946,280,34.033,-117.312,1.1606545741021486
5947,280,34.014,-117.511,0.0329689931472607
5948,280,34.026,-117.155,-0.0550892983707114
5949,280,34.074,-117.183,0.6152162674517448
5950,280,34.066,-117.214,-0.3085395236796271
5951,280,34.065,-117.289,0.5595829181272759
5952,280,34.065,-117.292,1.2088338912334415
5953,280,34.064,-117.296,1.066905238868785
5954,280,34.163,-117.332,1.832078181137646
5955,280,34.096,-117.287,0.0699472874217614
5956,280,34.064,-117.294,0.4699574628340395
5957,280,34.133,-117.253,-0.0105358417643276
5958,280,34.135,-117.322,0.3450903432600503
5959,280,34.069,-117.398,0.8151058350689575
5960,280,34.004,-117.058,-0.0119958635249832
5961,280,33.5558,-116.674,-1.0775444111613932
5962,280,33.6022,-116.756,0.1718384463164889
5963,280,33.921,-116.981,-0.3567585002465466
5965,280,34.069,-116.39,-2.669850281993199
5967,280,33.365,-115.73,-0.6350193743308127
5968,280,32.69305,-115.33819,0.9396431647570156
5969,280,33.268,-116.417,-1.3359908656905737
5970,280,33.19373,-116.3289,-0.389573847824455
5971,280,32.991,-115.513,0.2383819285250515
5972,280,33.91761,-116.78329,-0.2289916785690396
5973,280,33.51237,-116.80035,1.5664118359911443
5974,280,32.6695,-115.493,0.0596330510581691
5975,280,33.1266,-115.516,-1.951148264968912
5976,280,33.38215,-116.68976,-0.1866824077301087
5977,280,33.999,-117.68,-0.3762231131705585
5978,280,34.093,-117.317,0.3602904506126726
5979,280,34.058,-117.305,0.4993142509783163
5980,280,33.876,-117.561,0.4920752427894662
5981,280,33.655,-115.99,-1.0370966240425803
5982,280,34.1663,-117.251,1.417343109559979
5983,280,33.65,-117.009,-0.5063680769091523
5984,280,32.796,-115.535,2.269718996865345
5985,280,33.567,-116.631,1.153032086752878
5986,280,32.999,-116.942,-0.2813166232582466
5987,280,32.805,-115.447,-0.0620431678961204
5989,280,32.829,-115.504,0.4052164504453389
5990,280,32.7806,-115.5681,1.455785233542224
5991,280,32.75172,-115.59516,2.810837443077835
5993,280,34.094,-116.936,0.8187977043887892
5994,280,34.1,-117.439,0.3518391989457248
5995,280,34.10521,-117.28264,0.3087478333546719
5996,280,34.14,-117.294,0.4830478542258257
5997,280,34.103,-117.349,-0.3778337521558179
5998,280,34.091,-117.289,0.0663261872654756
5999,280,34.069,-117.275,1.0157581099613846
6000,280,33.925,-116.389,-0.2204905289777005
6001,280,33.051,-114.827,0.3451220266788006
6002,280,33.708,-115.628,-1.651861389795022
6003,280,34.121,-117.219,-0.9329670063802172
6004,280,32.81141,-115.3786,0.1444460287200639
6005,280,33.6159,-116.621,1.4420850215170866
6006,280,33.74624,-116.2163,-0.3158562454902598
6007,280,33.081,-116.598,-0.9516501302555324
6009,280,33.597,-117.879,-1.5814013268229163
6010,280,34.12288,-117.28792,-0.4148392047629472
6011,280,33.684,-117.943,1.0887014550446967
6012,280,32.8,-115.473,-0.0358935323646369
6013,280,33.572,-116.076,0.3445182789291592
6014,280,33.818,-116.369,-0.1079977877319642
6015,280,34.005,-117.562,-0.2016387543570189
6016,280,34.05034,-117.27737,0.5734417597634477
6017,280,34.04856,-116.57816,1.574321943125854
6018,280,34.039,-116.648,1.1978273720421826
6019,280,33.808,-116.968,1.3366672619562825
6020,280,33.57783,-116.58987,-0.0564079826184135
6021,280,33.6,-117.195,1.94901362601872
6022,280,33.58282,-117.07169,-0.1728958618178744
6023,280,33.92474,-116.54794,1.200277872907397
6024,280,33.556,-115.946,-1.3178976573291794
6025,280,33.1983,-117.3782,-0.9339119794431022
6026,280,33.15569,-116.1679,0.5123552263807276
6027,280,33.788,-117.844,-0.3671435533371358
6028,280,32.608,-116.93,1.03628011923614
6029,280,33.862,-117.205,-1.6034132407163488
6030,280,33.607,-116.453,-0.939362484331602
6032,280,33.824,-116.55,-1.4653111123624605
6033,280,34.00469,-117.22393,-1.0374668857100038
6034,280,33.973,-117.327,0.813652168780512
6035,280,33.183,-115.623,-2.002811543881111
6036,280,32.87514,-117.22977,1.141368077846925
6037,280,33.82177,-116.96836,-0.4251871612729883
6038,280,34.232,-117.235,-1.3948153781293884
6039,280,33.553,-117.662,1.3666805185581583
6041,280,34.14492,-117.21876,0.3303577423172772
6042,280,33.91677,-116.38979,-0.7165220746656858
6043,280,33.485,-115.866,-2.072055835898306
6044,280,33.834,-116.797,1.0819086789128942
6045,280,34.035,-116.808,-0.961544484076614
6046,280,33.829,-117.789,0.3918166616380765
6047,280,33.664,-117.769,0.8539583643071904
6048,280,34.106,-117.098,0.7127097503418899
6049,280,33.81663,-116.3945,-0.3885185436002756
6051,280,34.0869,-117.3114,0.1966492029933479
6052,280,34.205,-117.365,1.0107418556279142
6053,280,33.84447,-116.31079,0.6346269675145925
6054,280,33.941,-116.409,0.5547375050042279
6055,280,34.079,-117.045,1.3970699701633047
8159,280,32.864,-115.432,1.520331359988766
8160,280,32.718,-115.637,-0.6176307049276224
8161,280,33.6758,-116.68,-2.8497077152808306
8162,280,31.871,-115.816,-1.8296874152433664
8488,280,33.787,-118.356,-0.7802620588075602
8489,280,34.077,-118.286,-0.33419516048423
8491,280,33.1774,-115.616,-0.988034598569711
8493,280,34.07618,-118.3959,0.0064280946184595
8494,280,34.04905,-116.94032,-2.9999038054686564
8495,280,33.63461,-116.09534,-5.91437053534267
8496,280,34.55046,-117.43391,-0.1958415462082073
8500,280,32.68005,-116.67215,-0.3615113987828503
8501,280,34.2623,-116.92075,-0.5116994532840972
8504,280,34.23883,-117.65853,-2.036398291114261
8505,280,33.99053,-118.36171,0.238828984550036
8506,280,33.80776,-117.98116,-0.64417240362359
8507,280,33.01213,-115.21987,-1.19548564368169
8509,280,34.13678,-118.12199,-0.4643150129108537
8513,280,33.4019,-118.41502,-0.4667806354472955
8515,280,34.63745,-115.38115,-2.223167960320601
8516,280,34.25353,-118.33383,0.2129064348742631
8517,280,34.10618,-118.45505,-1.1759479060822546
8518,280,33.84822,-118.09624,0.6289401465009096
8521,280,33.11675,-115.82267,0.6083080260056839
8523,280,33.71264,-118.29381,-0.7710194181726772
8524,280,33.8717,-117.92251,0.989686235995382
8528,280,34.13677,-118.1283,0.8261148564292596
8530,280,34.8294,-116.335,-1.363807037370928
8531,280,34.17643,-118.35967,0.3934925307172678
8534,280,34.36622,-116.61266,-1.318321123795864
8535,280,34.15037,-118.10156,-0.5095920703565068
8536,280,33.86889,-118.33143,-0.5421998055921027
8537,280,33.798,-118.08837,0.6135115344982279
8538,280,34.00033,-118.37794,0.066643579171036
8540,280,35.13066,-115.18416,-1.6901969002515898
8544,280,33.9753,-118.14918,-0.4654149992082109
8547,280,34.31478,-117.54642,-0.3732076439991118
8548,280,33.881,-118.176,0.2666727301656326
8551,280,34.13688,-118.12601,1.3381063298204765
8553,280,33.74,-118.335,-3.5768779206078194
8560,280,34.22362,-118.05832,0.6597288558961673
8561,280,34.78035,-116.55798,-2.459522281695405
8562,280,34.76759,-114.61881,-1.242844494725083
8565,280,33.94539,-117.92372,1.111920398758424
8569,280,33.96273,-118.43702,-0.0971404758389225
8570,280,34.1207,-117.63808,-0.3387604452003834
8571,280,33.892,-117.1613,2.609853930307508
8572,280,33.7953,-117.60906,0.5564282757769059
8574,280,34.09181,-117.80709,-0.5966618549199108
8578,280,34.10473,-117.97956,-0.9693278328890363
8579,280,33.74346,-118.40412,0.5047616391929352
8580,280,34.87533,-116.99684,-1.2782520922614442
8581,280,34.05073,-118.08085,-0.0075679770239813
8582,280,33.99351,-117.37545,-1.8472688308922087
8586,280,32.915,-118.4879,-0.7349397385723404
8592,280,34.01438,-118.45617,-0.474907563807007
8596,280,32.94508,-115.79988,-0.4803718487738933
8597,280,34.38203,-117.67822,0.0654814252631063
8601,280,34.01919,-118.28631,-0.7280883506620804
8602,280,34.48364,-118.11783,0.2509335772078114
8605,280,32.75904,-115.73161,-0.7410902745770227
8607,280,34.00948,-117.95077,0.1964999448059231
8610,280,33.94869,-118.25547,0.5859021135396006
6878,281,-43.9041,171.7474,-0.2310684611369007
6881,281,-42.5257,171.4077,-0.1872062146371254
6885,281,-43.4848,172.5299,-0.3647460980874282
6886,281,-43.531,172.6197,-0.9209104030093798
6887,281,-43.5395,172.6464,0.3441887063717083
6888,281,-43.5355,172.6261,-0.3921487780318519
6889,281,-43.5673,172.6241,-0.0519316812726605
6890,281,-43.2282,171.7234,1.2148845262026444
6892,281,-43.4913,172.102,0.2534565149261518
6893,281,-45.8642,170.5138,1.1529513009648549
6894,281,-45.9038,170.4929,3.56513817789843
6895,281,-43.8984,172.0937,-1.1506731549182512
6896,281,-43.6692,172.1978,-0.578192601261673
6897,281,-41.7467,171.8045,0.1630914516110436
6898,281,-45.2327,169.3082,0.0414367587781875
6900,281,-44.1019,170.8285,1.9796872652970323
6901,281,-43.4649,170.0197,0.3189353168002658
6902,281,-43.3908,170.1841,0.059305785521743
6904,281,-43.5338,169.8154,-1.0571147214816312
6905,281,-43.588,172.0893,-0.5631738449956449
6906,281,-42.4509,171.2102,1.56070489555386
6907,281,-43.1506,170.556,-0.4575332161502871
6908,281,-43.8847,169.0441,-0.3283197631813289
6909,281,-42.7186,170.9638,-0.5626557136092885
6910,281,-43.5413,171.9598,0.5929540765552479
6911,281,-43.5016,172.7022,-0.8141260119659637
6912,281,-42.5249,172.8304,0.59369934951965
6914,281,-43.5798,172.7094,2.413188548052419
6921,281,-42.8934,171.1355,0.6111260458630133
6922,281,-43.3781,172.6636,1.6655075818928744
6923,281,-44.3872,170.1843,-0.6661884949496519
6926,281,-43.6248,172.4679,-1.4329262608124014
6927,281,-43.6056,172.7223,0.8217982937357382
6928,281,-43.7163,169.423,-0.0422392839344359
6929,281,-43.7311,171.7935,-2.6173546865998456
6930,281,-42.7834,172.2709,-0.4715642583906482
6932,281,-43.8247,171.4216,-1.428098840736688
6933,281,-43.7365,170.0972,0.4842925948942027
6934,281,-44.2321,169.2329,0.7454650555617562
6936,281,-42.0897,173.2573,0.2348655609535583
6938,281,-41.1264,173.0094,-0.136526873719404
6942,281,-41.2188,173.3793,-1.3263171682794646
6943,281,-43.9993,168.6605,0.7515192870622439
6944,281,-45.1014,170.969,0.5305068766881846
6945,281,-45.0456,170.6445,0.3891286840051445
6946,281,-45.886,170.5977,-0.5658259548338836
6947,281,-43.3259,172.0383,-0.1047021617244351
6948,281,-43.9253,171.2366,1.472071150887575
6951,281,-43.4945,172.6068,0.0885704021940417
6952,281,-43.527,172.7017,-0.153783830151112
6955,281,-41.2813,174.023,1.1549109847027326
6957,281,-42.1214,171.8643,0.4855604844024265
6959,281,-43.5362,172.5644,0.3728788856045649
6960,281,-43.7531,172.023,-0.9028558732062816
6961,281,-43.5945,172.381,-2.0949388453874267
6962,281,-43.7192,171.0539,-0.2907149970419598
6964,281,-43.8104,172.2523,-0.630099009402061
6965,281,-43.5053,172.6634,-0.5174019251137307
6966,281,-42.3356,172.1808,0.3031668536272364
6967,281,-45.9002,170.5096,2.8401857254911125
6968,281,-43.4675,172.6139,-0.2693184956856355
6970,281,-43.3396,171.9288,0.341803394162983
6973,281,-46.0737,170.1952,2.601858864529052
6974,281,-43.5517,172.4718,-1.7075919851070738
6975,281,-44.4045,171.2444,0.8683095827654055
6978,281,-44.2565,170.0982,-0.5797661230683714
6979,281,-42.9648,172.7051,2.045724596664651
6980,281,-41.7574,171.5997,0.0686620046618154
6981,281,-41.8291,174.1383,-0.2910203896575227
6983,281,-44.8287,169.0175,-0.1180924979528969
6986,281,-44.6963,169.1429,0.5444232104315657
6987,281,-43.839,171.6109,-1.7957933519883955
6988,281,-43.0731,170.737,0.119450483781368
6989,281,-41.622,173.3508,-0.6487494294434372
6990,281,-43.0764,170.7361,-1.1648547927036292
6991,281,-42.8712,172.5432,1.3712449462169245
8055,346,-43.9041,171.7474,1.0218262487046588
8056,346,-43.1564,172.7308,-1.315170238291183
8057,346,-42.9506,171.5676,0.939017563901508
8059,346,-43.2761,172.5958,-0.186291492997855
8061,346,-43.4848,172.5299,0.0356127616855761
8062,346,-43.531,172.6197,0.4354812572054162
8063,346,-43.5395,172.6464,-0.6373326354171626
8064,346,-42.8152,173.2747,0.0803567274824371
8065,346,-43.5355,172.6261,-0.0184871634276302
8066,346,-43.5673,172.6241,-0.8516983527851317
8067,346,-43.2282,171.7234,1.824890716857034
8068,346,-43.3139,172.3812,-0.1873192520036939
8070,346,-43.4913,172.102,0.7836320743724647
8073,346,-43.8984,172.0937,-0.5217512016792457
8074,346,-43.6692,172.1978,-0.2528362127327028
8075,346,-41.7467,171.8045,0.0403012975524202
8078,346,-44.1019,170.8285,1.278983682000129
8079,346,-43.4649,170.0197,0.1280801078719843
8080,346,-43.3908,170.1841,-0.1136123621025237
8081,346,-43.5338,169.8154,-0.981555682479051
8082,346,-42.5959,172.5109,0.937130574077044
8083,346,-42.4509,171.2102,1.5482166055511006
8085,346,-43.1506,170.556,-0.0910603933291078
8086,346,-43.8847,169.0441,0.1402769155473327
8087,346,-42.7186,170.9638,-0.7022399795662072
8088,346,-43.5413,171.9598,0.3728991102229156
8089,346,-43.5016,172.7022,-3.13105019581358
8090,346,-42.5249,172.8304,0.5991907656537795
8091,346,-42.7284,171.4727,-0.2195166479383997
8092,346,-41.8588,171.9524,0.0669521093138068
8093,346,-41.2511,172.1163,0.4900244005364362
8096,346,-42.8934,171.1355,-0.2008111572906206
8097,346,-43.3215,171.8549,2.115483879551728
8098,346,-43.3781,172.6636,0.3678079353311709
8099,346,-44.3872,170.1843,-0.3799460735431584
8101,346,-43.6248,172.4679,-1.4807698457680958
8102,346,-43.7163,169.423,-0.2947649688326827
8103,346,-42.8712,172.5432,1.1935561945970017
8104,346,-42.7834,172.2709,0.6871270089763749
8105,346,-43.8247,171.4216,-0.0109711449606547
8106,346,-41.8016,172.3279,0.7466979276842088
8107,346,-41.3166,174.8183,-1.367156130251662
8108,346,-42.0897,173.2573,-0.5439822543200065
8109,346,-43.7077,172.6536,-0.5216161349547243
8111,346,-41.2188,173.3793,-2.345380417504208
8112,346,-45.1014,170.969,0.9427662468205532
8113,346,-45.0456,170.6445,1.167038585810005
8114,346,-43.3259,172.0383,0.4502505452484333
8115,346,-43.9253,171.2366,1.5056281149895807
8117,346,-43.4945,172.6068,-0.8668358376516507
8118,346,-43.527,172.7017,-0.4115096895702846
8121,346,-42.1214,171.8643,0.2950031963257523
8123,346,-43.5362,172.5644,0.1651241411987322
8124,346,-43.7531,172.023,-0.5600516028643608
8125,346,-43.5945,172.381,-0.0654917607316446
8126,346,-43.8104,172.2523,0.1404139412009569
8127,346,-42.9403,172.9215,2.2800509941329894
8128,346,-43.3928,172.0256,0.3440361705082223
8129,346,-43.5053,172.6634,0.312903492039453
8130,346,-42.3356,172.1808,-0.2862588812497131
8132,346,-43.6751,172.3175,0.4546617748537527
8133,346,-43.4675,172.6139,-0.8278582770151419
8135,346,-43.3711,172.4952,1.7170852304509694
8138,346,-41.294,174.7811,-1.773946772560747
8141,346,-43.5517,172.4718,-1.1044440034046794
8142,346,-44.4045,171.2444,1.3829388345429028
8143,346,-40.8512,172.821,1.37082034100614
8145,346,-44.2565,170.0982,-0.1757268728441425
8146,346,-42.9648,172.7051,2.0096484128900984
8147,346,-41.7574,171.5997,-0.3722188347946488
8148,346,-41.2858,174.768,-0.1746491395090443
8150,346,-42.7029,172.8002,-0.2128127938959181
8155,346,-43.0731,170.737,-0.4898619645181026
8156,346,-43.5798,172.7094,1.991742382531901
8157,346,-43.6056,172.7223,0.3883481382288193
8158,346,-43.3396,171.9288,1.3432666443030576
8611,1001,38.441,-122.701,0.5545663649075631
8612,1001,38.233,-122.636,0.8420519917273311
8613,1001,37.76021,-122.41524,0.4856897600700456
8614,1001,37.77737,-122.39689,-0.3168310221432312
8615,1001,37.75094,-122.49072,1.4205895357430316
8616,1001,37.76386,-122.4736,0.6937199671059314
8617,1001,37.762,-122.505,0.1577000246110764
8618,1001,37.40701,-122.0946,-1.6202905625898685
8619,1001,37.30249,-121.97978,0.0051402642041292
8620,1001,37.26748,-121.86656,0.4143482631087818
8621,1001,37.26352,-121.91617,-0.5732016894912243
8622,1001,37.30143,-121.9039,0.9844943246682112
8623,1001,37.31816,-121.94354,0.948077543859802
8624,1001,37.3066,-121.84915,-0.0776383393023477
8625,1001,37.68,-121.739,-1.155755439421251
8626,1001,37.41702,-121.9154,0.4497393792068785
8627,1001,37.59094,-122.36741,0.5091151981054056
8628,1001,37.74766,-122.42528,1.072618355346015
8629,1001,37.34655,-121.80774,-0.1367592804751642
8630,1001,37.40718,-122.00001,-1.931862307436513
8631,1001,37.74664,-122.38679,0.2310428358057033
8632,1001,37.39415,-122.06041,-0.4854604328160743
8633,1001,37.27117,-121.98617,-0.3776533832139471
8634,1001,37.45098,-122.4287,1.5046576377579013
8635,1001,37.59268,-122.07449,-1.269519033203704
8636,1001,37.67928,-122.48405,1.218524189522238
8637,1001,37.91056,-122.53778,1.4953637277087286
8638,1001,37.88767,-122.29916,-0.338054627698871
8639,1001,38.03445,-122.27016,-0.4491207018720988
8640,1001,37.74484,-122.40134,-0.4022255724164239
8641,1001,37.77934,-122.486,0.5922081192904504
8642,1001,37.71633,-122.43117,0.8671461868716966
8643,1001,37.81076,-122.29252,-0.5964240380349736
8644,1001,37.8251,-122.27606,-0.1963813447874894
8645,1001,37.7986,-122.2684,-0.6888318443894009
8646,1001,37.72416,-122.44841,-0.167574534704419
8647,1001,37.41395,-121.87085,0.1044739028757969
8648,1001,37.6806,-121.92098,-0.4175455542639417
8649,1001,37.86059,-122.29327,-0.3677617677944522
8650,1001,37.85835,-122.25252,0.416122280669885
8651,1001,38.29027,-122.46125,-0.7306712588730654
8652,1001,37.37418,-122.0781,-1.7109544889732602
8653,1001,37.36408,-122.01817,-0.1321205959370162
8654,1001,37.42549,-122.07772,-1.5095347342656449
8655,1001,38.4421,-122.6068,-0.3616220460918862
8656,1001,37.23294,-121.77186,0.0124485983236778
8657,1001,37.38332,-121.91088,1.1922785235205569
8658,1001,37.28537,-121.93602,0.7567115242568021
8659,1001,37.35834,-121.97775,0.7904988397881952
8660,1001,37.68873,-121.78351,-1.7273608701635323
8661,1001,37.72688,-122.15092,-1.5841785385066074
8662,1001,37.8852,-122.03217,-0.1491803947949125
8663,1001,37.94215,-121.93047,-0.6085101814021916
8664,1001,38.01299,-122.13416,0.9657141406588212
8665,1001,38.36743,-122.52403,-0.379079453958103
8666,1001,37.66666,-121.85715,-2.5921375719890154
8667,1001,36.88311,-121.3908,2.359363373334433
8668,1001,36.61809,-121.31468,1.5612570206962078
8669,1001,37.16346,-121.62645,-0.0898140694871072
8670,1001,37.45035,-121.80037,-1.6461364318720904
8671,1001,37.74766,-121.70843,1.3344966051209823
8672,1001,37.7294,-121.83346,-0.5328838695193743
8673,1001,37.37289,-121.76887,0.4090895692159001
8674,1001,37.73786,-122.06486,0.0091597371702832
8675,1001,37.81041,-121.80272,-0.2271456722084142
8676,1001,37.9889,-122.2156,0.323753222905482
8677,1001,37.94906,-122.40851,0.6893870304492091
8678,1001,37.85884,-121.99264,0.2469792171933151
8679,1001,37.91233,-121.90716,0.3148136346287496
8680,1001,38.02691,-122.01599,-0.0996917838737228
8681,1001,38.34526,-122.4584,-0.675885329147644
8682,1001,37.80787,-122.3618,-0.9810474093328
8683,1001,38.71073,-122.75733,-1.2156018901354535
8684,1001,38.76927,-123.01486,-2.177543249651885
8685,1001,37.0254,-121.4845,2.176142911368712
8686,1001,36.82681,-121.64349,0.8733195104886775
8687,1001,37.34305,-122.33976,2.722242760655036
8688,1001,37.31861,-122.15314,-0.6107275135056067
8689,1001,37.17217,-122.01121,1.572589884690507
8690,1001,37.04922,-121.80722,-0.5079845634752765
8691,1001,36.92745,-121.82764,0.317823454926144
8692,1001,37.36045,-122.18986,0.0989562604508357
8693,1001,37.51604,-122.45815,0.413491025380926
8694,1001,37.21427,-122.17168,1.624648714647998
8695,1001,37.20631,-121.97726,0.2696035763454665
8696,1001,37.15432,-121.73467,0.6862125937114154
8697,1001,37.63719,-122.47482,-0.5091672139822229
8698,1001,37.2708,-122.21276,0.3568191806870751
8699,1001,37.79499,-122.4746,0.6337461127992722
8700,1001,37.19855,-122.34671,2.0364927378419795
8701,1001,37.40373,-122.23868,-0.7096043992051748
8702,1001,37.58225,-122.42006,0.6675886963166063
8703,1001,37.40372,-122.17596,-0.5462155654901245
8704,1001,37.28397,-122.05017,-0.846272595237021
8705,1001,37.58644,-122.50217,0.948518522889779
8706,1001,37.16067,-121.89899,0.786279806619609
8707,1001,37.6444,-118.89683,2.298565287999027
8708,1001,37.34164,-121.64257,0.828419836803235
8709,1001,37.65909,-118.97907,3.181653634911553
8710,1001,38.87874,-122.44277,-2.853519205995647
8711,1001,38.43951,-122.25272,-0.807855315592795
8712,1001,37.92144,-122.71806,0.9002963390001067
8713,1001,38.26021,-122.55179,-0.5503459468141108
8714,1001,38.00198,-122.47466,1.419458667847895
8715,1001,38.30988,-122.943,0.1196923587146912
8716,1001,38.33656,-122.81082,1.5335216267792855
8717,1001,38.46769,-122.89651,-0.3292065848702772
8718,1001,38.28043,-122.21582,-0.9451022396480518
8719,1001,38.15486,-121.80438,-1.119330143108497
8720,1001,38.16488,-122.71296,0.0393547806037291
8721,1001,38.12282,-122.14921,0.0829149100599826
8722,1001,38.07601,-122.2585,0.0148366233396053
8723,1001,38.04248,-122.79684,1.1576941259161293
8724,1001,37.99642,-123.01949,-0.6073902391208181
8725,1001,38.34878,-122.57795,0.4526119017083542
8726,1001,38.20025,-122.4644,0.1036517659851239
8727,1001,37.92371,-122.59649,-0.1254359987494395
8728,1001,38.14361,-122.44969,-0.0346248625455528
8729,1001,38.24039,-122.79842,-0.4375997763120152
8730,1001,38.38921,-122.66297,-0.0860300147123866
8731,1001,37.008,-121.287,2.38654562943822
8732,1001,35.73065,-120.24986,-0.6205280961768895
8733,1001,35.40773,-120.54556,0.807288267453362
8734,1001,35.86661,-120.4796,0.907576509264006
8735,1001,35.82404,-121.05393,0.9493925300160612
8737,1001,36.2159,-120.80126,0.3304618231784534
8738,1001,36.0688,-120.59618,0.9450028283076718
8739,1001,37.91608,-122.33607,-1.126667341289236
8740,1001,36.76403,-121.44722,0.6504948688763145
8741,1001,37.28744,-121.86422,0.3009734812082449
8743,1001,37.62211,-121.75697,-1.77276750414792
8744,1001,35.45883,-120.88167,1.6819494061210734
8745,1001,37.95397,-121.86554,-2.2705606343580964
8746,1001,37.87622,-122.23558,-1.3760349265698186
8747,1001,37.91881,-122.15176,-1.4780892886718116
8748,1001,37.87352,-122.26099,-1.388952166182479
8749,1001,38.03455,-120.38651,0.6296045631221663
8750,1001,37.69782,-123.0011,-2.017752525705031
8752,1001,38.14478,-122.88018,0.1445269867809794
8753,1001,35.63597,-120.86984,1.4606579949739769
20118,1001,39.65471,-122.71595,-3.703186927285935
20119,1001,38.99349,-123.07234,-2.843660577564852
20121,1001,39.55451,-121.50036,-2.005725729567109
20123,1001,37.81647,-122.06302,-1.1674671103036185
20124,1001,37.25898,-121.67311,1.9163526837376352
20125,1001,37.72416,-122.11929,-0.4179615816841335
20126,1001,37.12043,-122.1552,0.4122818486903115
20127,1001,37.51704,-122.37731,-0.1388621537819371
20128,1001,37.67433,-122.39855,0.1495174773347322
20129,1001,38.04962,-122.52331,2.420784525090735
20135,1001,38.80797,-122.7953,-2.788870486642133
20139,1001,39.68631,-123.58242,-3.1805923719549214
20150,1001,38.65651,-122.61441,-0.6513629649587442
20154,1001,34.9022,-120.6217,-0.3920723530104048
8754,1002,34.037,-118.178,1.2676612914205203
8755,1002,34.151,-119.198,0.6042416594811587
8756,1002,34.04905,-116.94032,-2.9597986466703192
8757,1002,34.55046,-117.43391,-0.3857032263157175
8758,1002,34.68708,-118.29946,0.8535589602825123
8759,1002,35.1269,-118.83009,-0.0489659666894553
8760,1002,35.34444,-119.10445,-0.6839703727853379
8761,1002,32.68005,-116.67215,0.0248396811922187
8762,1002,34.2623,-116.92075,-1.3296624418230103
8763,1002,33.921,-116.981,0.1960721483508291
8767,1002,34.23883,-117.65853,-0.092494349407417
8768,1002,34.069,-116.39,-0.7374998010345847
8769,1002,33.268,-116.417,-0.9164462498349328
8770,1002,33.80776,-117.98116,0.0744970775970402
8771,1002,34.68224,-118.57398,2.4290082339363104
8772,1002,33.4915,-116.667,-2.7481596483231594
8773,1002,34.13678,-118.12199,-0.0723237301048501
8775,1002,33.999,-117.68,0.4453743822349953
8776,1002,33.4019,-118.41502,0.7631374616278362
8777,1002,34.093,-117.317,-0.4508242198890298
8779,1002,33.655,-115.99,0.6605180994309942
8780,1002,33.35486,-118.44436,-0.0223760007050987
8781,1002,34.25353,-118.33383,0.7370235007093792
8782,1002,33.93597,-116.57794,-0.1993659972156435
8783,1002,33.65,-117.009,-0.288278200101763
8784,1002,34.10618,-118.45505,-0.6414613029889411
8785,1002,33.84822,-118.09624,0.3810460013436768
8786,1002,33.567,-116.631,1.5939218760866296
8787,1002,32.999,-116.942,-0.7041337963716777
8789,1002,32.65915,-116.10061,-0.820797182656746
8792,1002,33.71264,-118.29381,-1.09624406631381
8793,1002,34.1,-117.439,-0.0429864527058402
8794,1002,33.8717,-117.92251,-1.3866856188083012
8795,1002,33.1537,-117.22921,-1.3141740853938029
8796,1002,34.13677,-118.1283,1.9147366086382085
8797,1002,35.30177,-116.80574,1.0486460489928808
8798,1002,34.8294,-116.335,0.5461278595186598
8799,1002,34.17643,-118.35967,-0.2770150965160963
8800,1002,34.121,-117.219,0.0088109024983918
8801,1002,33.081,-116.598,-0.5066992770840182
8802,1002,34.36622,-116.61266,-0.4134315334932099
8803,1002,34.15037,-118.10156,-0.5745206782621378
8804,1002,33.597,-117.879,-1.544996397498274
8805,1002,34.9906,-118.34156,1.6824152575951852
8806,1002,34.61462,-118.29104,0.8459953091985671
8807,1002,34.30529,-118.48805,1.632378314634993
8808,1002,33.684,-117.943,-0.3796707938310154
8809,1002,35.47954,-117.68212,-0.168346557945228
8810,1002,34.3656,-117.36683,-0.6848282119688603
8812,1002,33.818,-116.369,-0.1639580166626638
8814,1002,34.005,-117.562,-1.2426079097970548
8815,1002,34.28085,-118.9049,1.2189621646960398
8816,1002,33.808,-116.968,0.5266829719937117
8817,1002,33.6,-117.195,2.942702477091763
8818,1002,34.22362,-118.05832,-0.4976697623523906
8819,1002,34.53412,-120.17737,0.4613598976292135
8820,1002,34.22869,-118.55829,2.7538754512616923
8821,1002,33.788,-117.844,0.0179981528445287
8822,1002,33.94539,-117.92372,-1.1580087835461867
8823,1002,32.608,-116.93,0.5259447249867031
8824,1002,34.6145,-118.7235,0.3369734443514572
8825,1002,34.44199,-118.58215,1.0675848756210846
8826,1002,34.1207,-117.63808,-0.2830120091823534
8827,1002,33.862,-117.205,-1.2520671879734346
8829,1002,33.354,-116.863,-0.5881880157666398
8830,1002,33.7953,-117.60906,-0.1416721661790839
8832,1002,34.09181,-117.80709,-0.3320100792068659
8833,1002,34.39558,-118.49837,-0.5654065991738728
8834,1002,33.63,-116.8478,0.2524284231366893
8835,1002,34.281,-118.478,3.392121966336984
8836,1002,34.10473,-117.97956,-1.5573778585416245
8837,1002,33.74346,-118.40412,-0.2045468523086606
8838,1002,33.973,-117.327,0.1911220663247815
8839,1002,33.97327,-117.32674,0.2760020410353814
8840,1002,34.05073,-118.08085,0.1300935028457903
8841,1002,33.99351,-117.37545,-1.113171906270246
8842,1002,33.70432,-117.88578,-0.3100228181563219
8845,1002,34.44076,-119.71492,0.7334505189206244
8847,1002,34.232,-117.235,-1.783113480140177
8848,1002,32.915,-118.4879,0.2115126880696224
8849,1002,33.99543,-119.6351,1.0345286941836465
8850,1002,33.553,-117.662,-0.7926052523486176
8851,1002,32.784,-117.13805,-0.2417603692594686
8853,1002,34.43692,-119.1375,-0.1656776738573396
8854,1002,35.8996,-116.27515,1.164277072011953
8855,1002,35.89095,-117.28332,0.5971410307525646
8856,1002,33.834,-116.797,-0.3601084876986931
8858,1002,34.01438,-118.45617,0.3969339224768523
8859,1002,34.05933,-118.64614,0.2609096194183214
8860,1002,33.829,-117.789,-0.4610200414844255
8861,1002,34.30302,-119.18676,2.3848996487693253
8862,1002,33.664,-117.769,-1.4956496569380606
8863,1002,34.106,-117.098,-0.8585399902139653
8864,1002,32.94508,-115.79988,-0.0057086743247828
8865,1002,34.52775,-119.97834,0.7374617565117305
8866,1002,34.38203,-117.67822,-0.0941317476153473
8870,1002,34.01919,-118.28631,-0.8358653997342108
8871,1002,34.48364,-118.11783,-0.1340330275291948
8872,1002,34.56065,-117.3296,-0.5537721695522534
8873,1002,35.53664,-118.14035,1.1131374416394113
8875,1002,34.00948,-117.95077,0.0836193735553958
8878,1002,32.692,-117.037,-0.02304875874838
8879,1002,33.787,-116.959,0.3142351969468087
8880,1002,33.744,-116.931,1.302305322386191
8881,1002,33.951,-117.446,-0.5021713038618716
8882,1002,33.854,-117.817,0.0759391879215632
8883,1002,33.933,-117.896,0.2798271732474885
8884,1002,33.932,-117.955,0.0901038334249505
8885,1002,33.927,-117.803,-1.0545832664551602
8886,1002,33.748,-117.844,0.5822772232317466
8887,1002,33.869,-118.368,-1.0993534743722675
8888,1002,33.876,-118.24,-0.6191356933023076
8889,1002,33.84,-118.194,0.0110065005576625
8890,1002,33.787,-118.356,-0.4421055353934613
8891,1002,33.818,-118.108,0.4687236660802011
8892,1002,33.873,-118.175,0.236799298488178
8893,1002,33.909,-118.315,-0.8434292886263121
8894,1002,34.134,-117.598,-0.8625055211691366
8895,1002,34.132,-117.911,0.1022080236397344
8896,1002,34.096,-117.906,-0.2205689926716916
8897,1002,34.425,-117.544,-0.3081513664090847
8898,1002,34.405,-117.313,-0.6133214105039894
8899,1002,34.1,-117.434,-0.4024772561722299
8900,1002,34.154,-118.463,1.6243590236071217
8901,1002,34.143,-118.304,-0.543302829913924
8902,1002,34.163,-118.5,0.5782872411301323
8903,1002,34.185,-118.623,1.85833093324616
8904,1002,34.096,-118.23,-0.7410716459325182
8905,1002,34.041,-118.348,-0.1019295807954778
8906,1002,34.062,-118.315,-0.4270279947901483
8907,1002,34.037,-118.263,-0.8641049215315206
8908,1002,34.077,-118.286,0.1820208949778743
8909,1002,34.03,-118.434,0.1698865096120826
8910,1002,34.172,-118.289,0.2516149230039063
8911,1002,34.1,-118.288,0.1686033065848331
8912,1002,34.051,-118.384,0.5788702571806853
8913,1002,34.222,-119.04,0.3457660128571689
8914,1002,34.208,-119.079,1.885319927981712
8915,1002,34.217,-119.153,1.0897168604051952
8916,1002,34.57806,-118.11401,0.5830399016841228
8917,1002,34.6172,-118.285,1.3130251973071845
8918,1002,34.4435,-117.853,-0.0073983531099447
8919,1002,34.393,-117.805,-1.0532105242085166
8920,1002,34.193,-117.427,-1.7761872792034092
8921,1002,34.04856,-116.57816,0.465291372821515
8924,1002,34.079,-117.045,-0.7200702000866944
8925,1002,34.052,-118.451,0.9382482712819444
8926,1002,34.136,-117.213,-0.6661060963457581
8928,1002,34.10922,-117.78362,-1.429629259626495
8929,1002,34.051,-117.25,-0.4728391018986022
8931,1002,33.896,-118.377,-1.1320010013056534
8932,1002,33.572,-116.076,0.3408904524700749
8933,1002,33.92024,-117.32066,-2.1367923750962787
8934,1002,34.36,-117.629,-0.5121079132793018
8935,1002,33.59967,-117.866,-0.6574338426729055
8936,1002,33.65829,-117.93174,-0.7590681822949968
8937,1002,33.82177,-116.96836,-0.9038141456277256
8939,1002,34.165,-117.288,-1.0434333112601475
8940,1002,34.103,-117.349,-0.4349677725244087
8942,1002,34.14492,-117.21876,0.6174209042256406
8943,1002,34.14,-117.294,-0.5155054275123299
8945,1002,34.205,-117.365,-0.2760521269170999
8946,1002,34.12288,-117.28792,-0.4209880848087957
8947,1002,34.233,-117.482,0.0224368627962214
8948,1002,33.83066,-118.32888,-1.4668817709523263
8949,1002,34.812,-118.945,0.8618496664289327
8950,1002,34.13065,-118.49205,-0.2195343936343744
8951,1002,34.1851,-118.447,0.167562510620094
8952,1002,34.3088,-118.448,1.7627706760464268
8953,1002,34.193,-118.51,1.06983466891635
8954,1002,34.2772,-118.56,1.83569958203545
8955,1002,34.28963,-118.50124,0.9792996100687368
8956,1002,34.24734,-118.60349,1.112927255856919
8957,1002,33.90386,-118.24532,-0.658990557882234
8959,1002,34.2186,-118.86804,-0.1416367773692382
8962,1002,33.91677,-116.38979,-0.2982849278458493
8963,1002,32.87514,-117.22977,0.0743934225428425
8964,1002,34.24892,-118.4789,1.770531655787249
8965,1002,34.063,-118.463,-0.0913520160078962
8966,1002,33.91175,-117.82041,-1.3545743400620285
8967,1002,33.852,-117.451,1.7811833872445118
8968,1002,34.049,-118.112,0.0631840307890185
8969,1002,33.58282,-117.07169,0.2326284804902273
8970,1002,34.09671,-118.47946,0.517377090161455
8971,1003,34.224,-117.331,0.0071807847341695
8972,1003,34.037,-118.178,1.5610497921646205
8973,1003,34.077,-118.286,1.4402055111351917
8974,1003,33.3527,-115.733,0.3396155011029361
8975,1003,34.155,-118.641,0.4727287950270292
8976,1003,34.55046,-117.43391,-0.5155743411369157
8977,1003,34.14647,-118.76699,0.3436510474931843
8978,1003,34.68708,-118.29946,-0.3474301173993897
8979,1003,35.1269,-118.83009,-0.2507728081850462
8980,1003,32.68005,-116.67215,-0.4849064555646022
8981,1003,34.2623,-116.92075,-0.9884714417694684
8982,1003,33.921,-116.981,0.2642874967515234
8984,1003,33.57508,-117.26119,-0.4263708995213918
8986,1003,34.23883,-117.65853,-1.3672404284775783
8987,1003,34.069,-116.39,-0.6387694912828726
8989,1003,33.268,-116.417,-0.617892536020815
8990,1003,34.68224,-118.57398,1.5718875481654906
8991,1003,34.13678,-118.12199,0.4071671827195444
8992,1003,33.38822,-117.19495,-1.705898257769263
8993,1003,35.52495,-117.36453,-1.0690352469840436
8994,1003,34.10521,-117.28264,0.8293766890312915
8997,1003,33.999,-117.68,1.0195165816804628
8998,1003,33.4019,-118.41502,-1.451415321945397
9000,1003,34.093,-117.317,1.2071046009597322
9001,1003,33.876,-117.561,0.998705058637735
9002,1003,33.655,-115.99,1.1533885451871029
9003,1003,34.63745,-115.38115,0.1067682175848834
9004,1003,34.25353,-118.33383,1.5120438728768435
9005,1003,33.65,-117.009,-0.8233560453934793
9006,1003,34.10618,-118.45505,-0.5261800972292632
9007,1003,33.84822,-118.09624,0.4786888876683624
9008,1003,33.567,-116.631,0.0227077045847823
9009,1003,32.999,-116.942,-1.4151139405682274
9010,1003,32.805,-115.447,-0.4105433293747512
9011,1003,32.65915,-116.10061,-0.7324929708061638
9014,1003,33.11675,-115.82267,0.59788948673974
9015,1003,33.71264,-118.29381,-1.037250870076314
9016,1003,34.1,-117.439,0.3290549641833816
9017,1003,33.8717,-117.92251,1.067842779434351
9018,1003,33.051,-114.827,-0.5712731573575018
9019,1003,33.1537,-117.22921,-0.9720673736367874
9020,1003,34.13677,-118.1283,1.1475682224875148
9021,1003,35.30177,-116.80574,-1.57396862581313
9022,1003,34.8294,-116.335,-0.4212514892538638
9023,1003,34.17643,-118.35967,-0.2960163124356803
9024,1003,34.121,-117.219,-1.0232985644748318
9026,1003,35.66278,-118.47403,-1.0475252389548335
9027,1003,34.31076,-118.49675,1.5148235671709145
9028,1003,33.0859,-116.5959,-0.1162385043261
9029,1003,34.31313,-118.49918,1.5676624884174502
9030,1003,35.98249,-117.80885,-0.5803159412589424
9031,1003,34.36622,-116.61266,-1.3340401468146617
9032,1003,34.15037,-118.10156,-0.0959927305760959
9033,1003,33.597,-117.879,-1.968554870550654
9034,1003,33.7141,-116.7119,-1.8558003273756896
9035,1003,33.86889,-118.33143,-0.7430511806037164
9036,1003,33.798,-118.08837,1.117300257115475
9037,1003,34.00033,-118.37794,0.4089308843719806
9038,1003,35.13066,-115.18416,0.2699984441382947
9039,1003,34.9906,-118.34156,-0.0607546988317502
9040,1003,33.9753,-118.14918,0.2956931405142708
9041,1003,34.10819,-119.06587,0.1316701443542827
9042,1003,34.80762,-118.86775,0.7992192697351793
9043,1003,33.684,-117.943,0.6978601407856232
9044,1003,34.93439,-117.69629,0.3264847267305285
9045,1003,33.881,-118.176,0.4490368883033832
9046,1003,34.3656,-117.36683,-0.5586645838856691
9047,1003,33.3516,-116.5615,-1.0823055669980548
9048,1003,35.36165,-118.92282,-1.3801184411864846
9050,1003,33.818,-116.369,0.6215797430116319
9051,1003,34.005,-117.562,2.1783018962390424
9052,1003,34.28085,-118.9049,-0.0388932083844385
9053,1003,36.05799,-117.48901,-1.636908437179557
9055,1003,33.808,-116.968,0.9031446846990244
9056,1003,34.22362,-118.05832,1.6000643006342556
9059,1003,34.22869,-118.55829,1.0219514002275143
9060,1003,33.556,-115.946,-0.2105263098593138
9061,1003,33.788,-117.844,0.565523179418787
9062,1003,33.94539,-117.92372,1.375430248209199
9063,1003,32.608,-116.93,0.261467765481606
9064,1003,34.6145,-118.7235,-1.1317019530895376
9065,1003,34.1484,-118.1711,-0.1676274100941027
9066,1003,34.44199,-118.58215,0.7702187448057267
9068,1003,34.1207,-117.63808,0.7831996830556575
9069,1003,33.862,-117.205,0.2186867027681775
9071,1003,33.354,-116.863,-0.8320265818917822
9072,1003,33.7953,-117.60906,1.0442558338809698
9073,1003,33.824,-116.55,-2.3316573830126823
9074,1003,34.39558,-118.49837,-0.9487767345166233
9075,1003,33.63,-116.8478,-0.3213147361020325
9076,1003,34.281,-118.478,1.6048741562939288
9077,1003,34.10473,-117.97956,-0.3704050200570016
9078,1003,33.74346,-118.40412,0.2038713513676572
9079,1003,34.87533,-116.99684,-1.6826827412870642
9080,1003,33.973,-117.327,1.3630534477626208
9081,1003,33.97327,-117.32674,1.2381443673529835
9082,1003,34.05073,-118.08085,0.4435573817394454
9083,1003,33.99351,-117.37545,-1.5107276204497324
9084,1003,33.183,-115.623,-2.1281677810791297
9085,1003,33.70432,-117.88578,-0.088630029880156
9089,1003,34.232,-117.235,-0.4910416887255129
9090,1003,33.99543,-119.6351,0.497125476477624
9091,1003,33.553,-117.662,-0.6266915647960698
9092,1003,32.784,-117.13805,-0.4272640965048388
9095,1003,34.43692,-119.1375,-0.9499535544528894
9096,1003,35.8996,-116.27515,-0.5006977489032531
9097,1003,35.89095,-117.28332,0.2828930994825248
9098,1003,33.834,-116.797,0.4240456866913591
9100,1003,34.01438,-118.45617,0.1007055212184247
9101,1003,34.27091,-118.74407,-0.5326592044736236
9102,1003,34.05933,-118.64614,0.3437687823648733
9104,1003,33.829,-117.789,-0.2662245779954463
9105,1003,34.30302,-119.18676,1.2492195199383136
9106,1003,34.106,-117.098,0.5061662308197955
9107,1003,32.94508,-115.79988,0.6544568696482364
9109,1003,34.38203,-117.67822,0.5077742189805838
9111,1003,33.63495,-116.16402,0.2052067164689867
9112,1003,34.15607,-118.82039,-1.1930925804100465
9114,1003,34.01919,-118.28631,0.1943186284539124
9115,1003,34.48364,-118.11783,0.6073134934467964
9117,1003,34.56065,-117.3296,-0.0710608966389587
9118,1003,35.53664,-118.14035,0.8238855912943089
9119,1003,32.75904,-115.73161,0.7752579521616226
9120,1003,34.51085,-119.27407,-0.9166132886840526
9121,1003,34.00948,-117.95077,1.229773905254089
9122,1003,34.1717,-118.64971,2.456207235625912
9146,1006,34.397,-118.918,0.949972161056064
9147,1006,34.55046,-117.43391,0.9392909976481596
9148,1006,33.63838,-116.4011,-0.022817018500718
9149,1006,34.68708,-118.29946,-1.5288722918984423
9150,1006,35.1269,-118.83009,-1.2339301797031017
9151,1006,35.34444,-119.10445,-0.2391698823160136
9153,1006,34.2623,-116.92075,1.9622476981250367
9155,1006,33.57508,-117.26119,-0.5846876135652268
9158,1006,34.23883,-117.65853,-1.750889666448772
9160,1006,34.069,-116.39,1.1668695424764566
9162,1006,33.80776,-117.98116,-1.057326964183838
9163,1006,34.68224,-118.57398,0.759142398642455
9164,1006,33.38822,-117.19495,-0.541963169507927
9165,1006,35.52495,-117.36453,-0.4060986425824428
9166,1006,36.5504,-117.80295,2.9289375505030963
9168,1006,33.999,-117.68,0.5723498279981699
9169,1006,33.4019,-118.41502,-1.4815411710586015
9174,1006,36.43988,-118.08016,1.9757562610596848
9176,1006,34.25353,-118.33383,-0.0800154009753165
9177,1006,33.93597,-116.57794,0.9504739093282376
9178,1006,33.65,-117.009,-0.3600283740730778
9179,1006,34.10618,-118.45505,-0.3206722086893029
9180,1006,33.84822,-118.09624,-0.2929951421371059
9181,1006,33.567,-116.631,0.8256978428527326
9189,1006,34.72832,-119.98803,-0.9462422051100612
9190,1006,33.71264,-118.29381,-0.7745329761282758
9191,1006,36.46719,-116.86322,-0.0465636628759764
9193,1006,33.1537,-117.22921,-0.3540577868587982
9194,1006,36.99608,-117.36621,1.7586091501177732
9195,1006,34.13677,-118.1283,-0.0513130218002526
9196,1006,35.30177,-116.80574,0.0971960291348458
9197,1006,34.8294,-116.335,1.1419899359428023
9198,1006,34.17643,-118.35967,-0.9841070460280308
9201,1006,35.66278,-118.47403,0.4865085865402873
9203,1006,35.98249,-117.80885,1.1794071158458
9205,1006,34.36622,-116.61266,1.443838223734849
9206,1006,33.86889,-118.33143,-0.9793305437902232
9207,1006,34.00033,-118.37794,-0.2869180684117007
9208,1006,34.73551,-120.27996,0.3555779340130254
9210,1006,34.9906,-118.34156,-0.0173003315855995
9211,1006,34.61462,-118.29104,-0.4094676584827487
9212,1006,34.30529,-118.48805,0.2249497563895648
9213,1006,33.9753,-118.14918,-0.5617982600179258
9214,1006,34.10819,-119.06587,1.016713277030051
9215,1006,34.80762,-118.86775,-0.0291383083961098
9216,1006,34.61594,-117.82493,0.5107344190371358
9217,1006,33.684,-117.943,-0.951510655138306
9218,1006,34.93439,-117.69629,-0.7125123976415993
9219,1006,35.47954,-117.68212,0.1727664905120616
9220,1006,33.881,-118.176,-0.0340091834798698
9221,1006,34.3656,-117.36683,-0.2617124314788353
9222,1006,35.36165,-118.92282,-1.5383846576123856
9224,1006,33.818,-116.369,0.3573886792042715
9226,1006,37.63019,-118.83605,3.635723695026561
9227,1006,34.005,-117.562,0.1910744331416612
9228,1006,34.28085,-118.9049,0.7929442587337481
9229,1006,36.05799,-117.48901,-0.6979281807625659
9230,1006,34.88848,-119.81362,0.2786915604144776
9231,1006,33.808,-116.968,0.3433468263874223
9233,1006,34.22362,-118.05832,0.0750072671697614
9234,1006,34.78035,-116.55798,0.311092545834153
9236,1006,34.53412,-120.17737,-0.377394698566412
9238,1006,33.94539,-117.92372,-0.3496750279989041
9240,1006,34.6145,-118.7235,-1.5471539677425024
9241,1006,34.1484,-118.1711,-1.1668317537052566
9242,1006,34.44199,-118.58215,-0.0748984236253101
9244,1006,33.96273,-118.43702,-0.7329877101831362
9245,1006,34.1207,-117.63808,-0.6296505039596283
9246,1006,33.862,-117.205,-1.6449142884329104
9248,1006,35.40773,-120.54556,0.3984766341855313
9249,1006,35.945,-120.542,-0.8427524230983651
9250,1006,33.82436,-116.51195,0.3735584229773602
9251,1006,33.354,-116.863,-0.5928343421365292
9252,1006,33.7953,-117.60906,0.421232565892456
9254,1006,34.39558,-118.49837,-0.968840226035808
9255,1006,36.30523,-119.24384,1.5202048884126895
9256,1006,33.63,-116.8478,-0.8942696712944027
9257,1006,34.10473,-117.97956,-0.8335013512865904
9258,1006,33.74346,-118.40412,0.2400369094243155
9259,1006,34.87533,-116.99684,0.5968539618741124
9260,1006,33.97327,-117.32674,-0.110645355882615
9261,1006,34.05073,-118.08085,-0.9016769210246895
9262,1006,33.99351,-117.37545,-2.018529226400342
9265,1006,36.76403,-121.44722,-0.8809230889317813
9266,1006,34.44076,-119.71492,0.3267810278801198
9268,1006,34.232,-117.235,0.6605927000523404
9269,1006,33.99543,-119.6351,-0.292972048362012
9270,1006,33.553,-117.662,-0.8112224511749231
9271,1006,34.56547,-120.50137,0.099592161495008
9273,1006,34.43692,-119.1375,-0.7247862344510666
9274,1006,35.8996,-116.27515,0.8491248902048397
9275,1006,35.89095,-117.28332,0.532737341738341
9276,1006,33.834,-116.797,-0.0083695019823432
9277,1006,35.3142,-119.99581,-1.577138331959817
9278,1006,34.01438,-118.45617,-0.2212936231068565
9279,1006,34.27091,-118.74407,-0.3952340852869957
9280,1006,33.24787,-119.52437,-1.1648300627755523
9281,1006,34.05933,-118.64614,-0.153242940683931
9282,1006,36.1355,-118.81099,0.3471275506083832
9283,1006,33.829,-117.789,-0.5633799387525736
9284,1006,34.30302,-119.18676,0.6354554285237964
9285,1006,33.664,-117.769,-1.1062740217222693
9286,1006,33.79033,-118.19878,-0.5427616586635542
9287,1006,34.106,-117.098,0.6719103767282874
9288,1006,34.52775,-119.97834,0.9152849262471144
9289,1006,34.38203,-117.67822,0.7054602170319523
9291,1006,35.14592,-119.41946,-0.8231936863391145
9292,1006,33.63495,-116.16402,0.4471338154003025
9293,1006,37.05422,-118.23009,2.518226551019536
9294,1006,34.15607,-118.82039,-0.7200300117796715
9296,1006,34.01919,-118.28631,-0.8622654226686599
9297,1006,34.48364,-118.11783,0.452195628665026
9298,1006,35.84089,-119.08469,0.4225946945708456
9299,1006,34.56065,-117.3296,1.04531369767472
9300,1006,35.53664,-118.14035,0.8224430036512141
9304,1006,34.51085,-119.27407,-0.9427371514087034
9305,1006,34.00948,-117.95077,0.8209753050541289
9306,1006,33.94869,-118.25547,-0.4218181103568508
9307,1007,34.224,-117.331,-0.6012977266477488
9308,1007,34.037,-118.178,1.6677204363744254
9309,1007,34.07,-118.346,0.8318648781594485
9310,1007,34.084,-118.6,0.4101323931166609
9311,1007,34.1949,-118.354,1.4101638095984257
9312,1007,34.155,-118.641,0.4053415936305362
9313,1007,34.55046,-117.43391,-0.6420145713415487
9314,1007,34.14647,-118.76699,0.3282414646804723
9315,1007,34.68708,-118.29946,0.4933244432181772
9316,1007,35.1269,-118.83009,-0.7114620770246706
9317,1007,32.68005,-116.67215,-0.4434833541702837
9318,1007,34.2623,-116.92075,-0.7093326987921469
9319,1007,33.921,-116.981,0.3766657987910006
9321,1007,33.57508,-117.26119,-0.8097091548921731
9323,1007,34.23883,-117.65853,-2.464648925074162
9324,1007,34.069,-116.39,-1.8655259400349145
9326,1007,33.268,-116.417,-0.4202180427536148
9327,1007,33.80776,-117.98116,0.295956497513344
9328,1007,34.68224,-118.57398,1.3878409506002132
9329,1007,34.13678,-118.12199,-0.200054492168219
9330,1007,33.38822,-117.19495,-1.164289407793012
9331,1007,34.10521,-117.28264,-0.4121797325186156
9333,1007,33.999,-117.68,-0.0613796445542937
9334,1007,33.4019,-118.41502,0.6549425022029882
9335,1007,34.093,-117.317,0.3131055033962629
9336,1007,33.876,-117.561,1.108980864723016
9337,1007,33.655,-115.99,0.2971888075844404
9338,1007,34.25353,-118.33383,1.363549741221029
9339,1007,33.65,-117.009,-1.518640428472178
9340,1007,34.10618,-118.45505,-0.0718934092400164
9341,1007,33.84822,-118.09624,1.1736387273446351
9342,1007,33.567,-116.631,-0.1823311966671653
9343,1007,32.999,-116.942,-2.1098264219851366
9345,1007,32.65915,-116.10061,-1.2197756038988885
9348,1007,33.71264,-118.29381,-0.2918343947356655
9349,1007,34.1,-117.439,-0.0555559380317527
9350,1007,33.8717,-117.92251,0.9788777805671296
9351,1007,33.1537,-117.22921,-1.6601720289657331
9352,1007,34.13677,-118.1283,0.70622840652684
9353,1007,35.30177,-116.80574,-0.2588038759941417
9354,1007,34.8294,-116.335,-0.5341201746422755
9355,1007,34.17643,-118.35967,0.012070867412382
9356,1007,34.121,-117.219,-1.7282567787291896
9358,1007,35.66278,-118.47403,-0.9724074976860528
9359,1007,34.31076,-118.49675,1.845954274250996
9360,1007,33.0859,-116.5959,-0.4308018547165371
9361,1007,35.98249,-117.80885,-1.2227334420611184
9362,1007,34.36622,-116.61266,-0.4091658228063929
9363,1007,34.15037,-118.10156,0.2891838876994765
9364,1007,33.7141,-116.7119,-1.6109156984272883
9365,1007,34.9906,-118.34156,1.1022232292967953
9366,1007,34.61462,-118.29104,1.057613405274877
9367,1007,33.9753,-118.14918,0.4383107606917091
9368,1007,34.10819,-119.06587,-0.0418510924903834
9369,1007,33.684,-117.943,1.4424315775890295
9370,1007,34.93439,-117.69629,-0.2824167591461263
9371,1007,35.47954,-117.68212,-0.7300400096985522
9372,1007,33.881,-118.176,2.396856194673949
9373,1007,34.3656,-117.36683,-0.771917898659363
9374,1007,33.3516,-116.5615,-0.1984596666950003
9376,1007,34.005,-117.562,0.0795230157890205
9377,1007,36.05799,-117.48901,-1.5973996735211349
9378,1007,33.808,-116.968,-1.2704092065581416
9379,1007,34.22362,-118.05832,1.2138705452676195
9380,1007,33.788,-117.844,1.6865214009632152
9381,1007,33.94539,-117.92372,1.778243352677854
9382,1007,32.608,-116.93,-1.3614155056710315
9383,1007,34.6145,-118.7235,-1.5812089845368869
9384,1007,34.1484,-118.1711,0.1114864131528651
9385,1007,33.96273,-118.43702,0.1155270495665694
9386,1007,34.1207,-117.63808,0.6153248489700641
9387,1007,33.862,-117.205,-0.3721630659270089
9389,1007,33.354,-116.863,-0.723052583816537
9390,1007,33.7953,-117.60906,1.0429669916374784
9391,1007,34.39558,-118.49837,-1.0549328682855903
9392,1007,33.63,-116.8478,-0.955279418421863
9393,1007,34.281,-118.478,1.0357329652718494
9394,1007,34.10473,-117.97956,-0.0554074933694282
9395,1007,33.74346,-118.40412,0.9227510031819134
9396,1007,34.87533,-116.99684,-0.3331710883803678
9397,1007,33.973,-117.327,0.7834174256535419
9398,1007,34.05073,-118.08085,0.2384655498724435
9399,1007,33.99351,-117.37545,-0.6557894047383098
9400,1007,33.2801,-115.98585,-0.086066206846368
9401,1007,33.70432,-117.88578,0.964191161409866
9403,1007,34.232,-117.235,-1.71391973711636
9404,1007,33.99543,-119.6351,0.5802094290801398
9405,1007,33.553,-117.662,-0.3554571089783452
9406,1007,32.784,-117.13805,-0.881058457038568
9408,1007,35.89095,-117.28332,0.5582001600731594
9409,1007,33.834,-116.797,-0.2283228387915631
9410,1007,34.01438,-118.45617,0.4539184448215912
9411,1007,32.841,-117.248,-0.4584806575284025
9412,1007,34.05933,-118.64614,0.4219231989884467
9413,1007,33.829,-117.789,0.2100279311767679
9414,1007,34.30302,-119.18676,0.8046580752598728
9415,1007,32.94508,-115.79988,0.2017563887053656
9416,1007,34.38203,-117.67822,0.0174916376892995
9418,1007,33.63495,-116.16402,-0.2820803286272308
9419,1007,34.15607,-118.82039,-1.2144233647127969
9421,1007,34.01919,-118.28631,0.0215604392825883
9422,1007,34.48364,-118.11783,1.1020492093345922
9423,1007,34.56065,-117.3296,-0.2884316364735418
9424,1007,35.53664,-118.14035,-0.000263262666517
9425,1007,34.00948,-117.95077,1.6142405352041531
9426,1007,34.1717,-118.64971,3.2423853702595675
9427,1007,33.94869,-118.25547,1.950681861849597
9428,1008,37.95397,-121.86554,-0.218603254432914
9429,1008,37.87622,-122.23558,0.4892403350193284
9430,1008,37.91881,-122.15176,-0.5648755393914883
9431,1008,37.87352,-122.26099,-0.4187206665705414
9432,1008,37.73786,-122.06486,0.8849444361735462
9433,1008,38.03455,-120.38651,-1.36541941409707
9434,1008,37.81041,-121.80272,1.635563635973578
9435,1008,38.02691,-122.01599,1.117030826312916
9436,1008,38.34526,-122.4584,-0.460107758839283
9438,1008,37.6444,-118.89683,-0.167123785661776
9439,1008,37.34164,-121.64257,-0.0216828565677666
9440,1008,38.87874,-122.44277,-0.9089184680908808
9441,1008,39.55451,-121.50036,-0.6617275818824809
9442,1008,40.57988,-122.54113,-1.250180566058057
9443,1008,39.3281,-120.117,-1.914624090827732
9444,1008,39.51627,-119.79895,-1.1221729454507188
9445,1008,39.185,-119.79,-2.0317082412238663
9446,1008,39.466,-119.773,-0.5346681424543926
9447,1008,39.586,-120.368,1.78331237915452
9448,1008,39.368,-120.115,-0.317778273372036
20777,1008,38.99349,-123.07234,-3.012908209651149
20779,1008,37.008,-121.287,0.793745567280814
20783,1008,37.25898,-121.67311,-1.403494214120313
20784,1008,37.9889,-122.2156,0.6151956136383462
20785,1008,37.94906,-122.40851,-0.3391743568914001
20786,1008,37.72416,-122.11929,1.199743799698172
20787,1008,37.80787,-122.3618,1.1443476840103968
20788,1008,37.67433,-122.39855,0.9055404613505984
20789,1008,37.16067,-121.89899,0.9931742852464468
20790,1008,37.92144,-122.71806,0.0710017158901735
20791,1008,38.04962,-122.52331,1.2443341173212596
20792,1008,38.12282,-122.14921,1.7511950735848405
20793,1008,38.20025,-122.4644,0.6904988738591576
20794,1008,38.233,-122.636,0.2983467785453436
20795,1008,37.76021,-122.41524,0.0454515843997184
20796,1008,37.762,-122.505,0.5918191035043404
20797,1008,37.54187,-122.30471,1.306471383458731
20798,1008,37.68,-121.739,-0.6461375215229529
20799,1008,37.39415,-122.06041,-0.3657445387621582
20800,1008,37.71737,-121.72701,0.1737082764843438
20801,1008,37.67928,-122.48405,1.7931584578318895
20802,1008,37.91056,-122.53778,-0.1357670310731132
20803,1008,38.03445,-122.27016,0.106017150026323
20804,1008,37.8251,-122.27606,0.2475660242571255
20805,1008,37.7986,-122.2684,0.3590941201599797
20806,1008,37.72416,-122.44841,0.2148856402146652
20807,1008,37.41395,-121.87085,-0.8848167082349725
20808,1008,37.6806,-121.92098,-0.3277350132022082
20809,1008,37.86059,-122.29327,0.9907402987254796
20810,1008,37.85835,-122.25252,0.8838130655803044
20811,1008,38.29027,-122.46125,-0.3512734813947518
20812,1008,37.38332,-121.91088,-1.271848631858017
20813,1008,37.68873,-121.78351,-1.0584280354769229
20814,1008,37.72688,-122.15092,-0.2887112425571353
20815,1008,37.8852,-122.03217,-0.638401870829648
20816,1008,37.94215,-121.93047,0.7090162986546583
20817,1008,38.01299,-122.13416,1.9714550504830537
20818,1008,37.16346,-121.62645,-1.7902356652981246
20819,1008,37.85727,-122.42266,1.2612969867032366
20820,1008,37.45035,-121.80037,-0.8201706248128513
20821,1008,37.74766,-121.70843,1.156000543513109
20822,1008,37.7294,-121.83346,0.4016842739644559
20823,1008,37.37289,-121.76887,-1.2576407327311363
20824,1008,37.85884,-121.99264,0.4877886936956817
20825,1008,37.91233,-121.90716,0.8516651273383654
20826,1008,38.76927,-123.01486,-2.2743049601404883
20827,1008,37.34305,-122.33976,0.8343407907673005
20828,1008,37.31861,-122.15314,-0.3833217780900582
20829,1008,37.17217,-122.01121,0.7474709693939197
20830,1008,37.04922,-121.80722,-1.2031801345879176
20831,1008,37.36045,-122.18986,-0.0723284147938521
20832,1008,37.51604,-122.45815,0.7017327950951808
20833,1008,37.21427,-122.17168,0.91543097616642
20834,1008,37.20631,-121.97726,0.5191033583459539
20835,1008,37.15432,-121.73467,-0.3779243657668086
20836,1008,37.63719,-122.47482,-0.1651350274147665
20837,1008,37.2708,-122.21276,0.7019960997663703
20839,1008,37.58225,-122.42006,1.68513460222395
20840,1008,37.40372,-122.17596,0.3527886214270756
20841,1008,37.28397,-122.05017,-0.1317211105586196
20842,1008,37.58644,-122.50217,1.435702373225932
20853,1008,37.65909,-118.97907,-0.1129865828200856
20854,1008,38.43951,-122.25272,-0.4122015492529477
20855,1008,38.26021,-122.55179,-0.14259024610666
20856,1008,38.30988,-122.943,-1.460789399447396
20857,1008,38.33656,-122.81082,0.5175693934314082
20858,1008,38.46769,-122.89651,-1.7050845316463314
20859,1008,38.28043,-122.21582,-0.5465580001854292
20860,1008,38.15486,-121.80438,0.9934963877252996
20861,1008,38.16488,-122.71296,-0.8927560495023237
20862,1008,38.6694,-122.6332,0.1381277536142077
20863,1008,38.07601,-122.2585,1.4878534718157632
20864,1008,38.04248,-122.79684,1.2608102629922366
20865,1008,37.99642,-123.01949,-0.4885620930161171
20866,1008,38.14361,-122.44969,-0.7215780399266012
20867,1008,38.24039,-122.79842,-1.8713192817191453
20868,1008,38.38921,-122.66297,-0.2854634637816274
9476,1011,33.787,-118.356,1.5898117263242284
9477,1011,34.077,-118.286,-1.3921607096034614
9478,1011,33.943,-118.411,-1.5975707822992282
9479,1011,34.07618,-118.3959,-0.8927350266689191
9480,1011,33.4019,-118.41502,-1.3277268205422257
9481,1011,32.8889,-117.1051,2.4843948422195528
9482,1011,33.876,-117.561,0.438335346073799
9483,1011,34.10618,-118.45505,-1.820686770662028
9484,1011,33.84822,-118.09624,1.7511679680966403
9485,1011,32.999,-116.942,1.6912862503766972
9487,1011,33.71264,-118.29381,0.3746427082158119
9488,1011,33.1537,-117.22921,1.5985742403571344
9489,1011,33.0262,-116.9596,-3.308397311737554
9490,1011,33.081,-116.598,1.848450900095696
9491,1011,33.597,-117.879,-0.0902017625766268
9492,1011,33.86889,-118.33143,0.6545697292745309
9493,1011,34.00033,-118.37794,-1.5329777561758318
9494,1011,33.9753,-118.14918,0.4554338076365432
9495,1011,34.93439,-117.69629,-0.3982326118314557
9496,1011,33.881,-118.176,0.5329070017468488
9497,1011,34.005,-117.562,0.0378180041899331
9498,1011,33.6,-117.195,3.181075601758661
9499,1011,33.96273,-118.43702,-1.2927940398479296
9500,1011,33.63,-116.8478,0.0084576863083149
9501,1011,33.74346,-118.40412,0.2644339890146416
9502,1011,33.99351,-117.37545,0.3453623160970567
9503,1011,33.70432,-117.88578,1.0216132799254338
9504,1011,33.79033,-118.19878,0.657349657206254
9505,1011,33.94869,-118.25547,-1.5091573324574017
9506,1011,33.482,-116.911,0.4312112153915419
9507,1011,33.787,-116.959,1.3027538654839923
9508,1011,33.744,-116.931,2.208989511355888
9509,1011,33.84,-117.957,0.9390638117249476
9510,1011,33.768,-117.85,-0.3543634129388632
9511,1011,33.485,-117.669,2.436487388117164
9512,1011,33.968,-117.252,1.088936229985239
9513,1011,33.699,-117.267,0.8097111931791295
9514,1011,33.604,-117.279,1.2683563500133144
9515,1011,33.884,-117.514,0.8214358370344614
9516,1011,33.951,-117.446,1.118746048741056
9517,1011,33.634,-117.902,1.5836260079859537
9518,1011,33.496,-117.149,2.125540368677546
9519,1011,33.989,-117.89,-0.5256437529658354
9520,1011,33.662,-117.997,0.3509990554706554
9521,1011,33.933,-117.896,0.4959228094404637
9522,1011,33.604,-117.906,2.1717082585087804
9523,1011,33.605,-117.89,2.0313442283651955
9524,1011,33.889,-117.886,0.8621725258882754
9525,1011,33.866,-117.958,0.1480416474740243
9526,1011,33.91,-117.93,-0.0054762970598744
9527,1011,33.932,-117.955,-0.1657882068844851
9528,1011,33.853,-117.857,-0.1882851267632539
9529,1011,33.766,-117.918,0.8133798559976706
9530,1011,33.757,-117.956,0.8237586583089761
9531,1011,33.791,-117.968,0.7260243674310776
9532,1011,33.676,-117.963,2.403131254055974
9533,1011,33.748,-117.844,0.0079242804324745
9534,1011,33.742,-117.894,1.192577618206901
9535,1011,33.7,-117.88,1.4596818227048098
9536,1011,33.785,-117.89,0.0861578692209067
9537,1011,33.789,-117.922,1.231525715687589
9538,1011,33.951,-117.388,0.4584552529101621
9539,1011,33.979,-117.344,1.071556996547722
9540,1011,33.895,-117.32,0.2474456162339451
9541,1011,33.904,-117.561,-1.2858542554324124
9542,1011,33.975,-117.486,0.9677883292422584
9543,1011,33.902,-117.234,0.9113171147697632
9544,1011,33.649,-117.205,-0.5025804151401689
9545,1011,33.802,-118.215,0.9436137175314292
9546,1011,33.785,-118.173,1.755565790721883
9547,1011,33.747,-118.26,1.1267596566202345
9548,1011,33.759,-118.131,1.8119970257341227
9549,1011,33.727,-118.001,1.105570454765718
9550,1011,33.723,-118.026,0.955641906457358
9551,1011,33.99,-118.312,-0.6160247670928258
9552,1011,33.889,-118.047,0.5556291283586656
9553,1011,33.929,-118.058,-0.3165577566949379
9554,1011,33.962,-118.065,-1.2895164171817608
9555,1011,33.993,-118.396,-2.3875729969992547
9556,1011,33.797,-118.338,2.156644008156116
9557,1011,33.991,-118.121,-0.114384497135107
9558,1011,33.976,-118.354,0.708227090764583
9559,1011,33.834,-118.356,0.8883084353992092
9560,1011,33.898,-118.209,1.180826471538614
9561,1011,33.876,-118.24,0.7211293672902265
9562,1011,33.999,-118.178,0.4529361000262533
9563,1011,33.819,-118.159,2.6455598345871603
9564,1011,33.722,-118.309,0.5191201761934192
9565,1011,33.931,-118.214,-0.4035058435221082
9566,1011,33.948,-118.184,1.0162224734849412
9567,1011,33.888,-118.409,-0.1954802983324674
9568,1011,33.924,-118.167,1.3890238504361945
9569,1011,33.837,-118.072,1.907521537423141
9570,1011,33.929,-118.26,-0.4007485170222494
9571,1011,33.746,-118.396,0.2357104847313153
9572,1011,33.952,-118.335,-1.826545626566564
9573,1011,33.768,-118.196,-0.3120374384588018
9574,1011,33.962,-118.378,-1.9478264095295872
9575,1011,33.92,-118.24,0.3861413178226943
9576,1011,33.993,-118.342,-1.27924217182557
9577,1011,33.968,-118.29,-2.6030313818607524
9578,1011,33.945,-118.38,-1.84196828216299
9579,1011,33.868,-118.289,1.2679090652436735
9580,1011,33.976,-118.208,0.1167644601572555
9581,1011,33.92,-118.126,0.7948933747211918
9582,1011,33.883,-118.117,1.5493993970571742
9583,1011,33.846,-118.107,1.3295100747275426
9584,1011,33.781,-118.261,1.2034701414143725
9585,1011,33.946,-118.0,0.3181868074897229
9586,1011,33.969,-118.149,1.3026357817332337
9587,1011,33.79,-118.296,0.6238989787345564
9588,1011,33.811,-118.276,0.9752400249123248
9589,1011,33.827,-118.216,1.5822661879251183
9590,1011,33.806,-118.163,0.6619699194417908
9591,1011,33.818,-118.108,0.8619661769367664
9592,1011,33.798,-118.137,0.7093930735723084
9593,1011,33.763,-118.168,0.9053555430408669
9594,1011,33.873,-118.175,0.4859257493156383
9595,1011,33.834,-118.161,2.473982793144741
9596,1011,33.991,-118.459,-3.2662558427141977
9597,1011,34.033,-117.312,1.1599243558900945
9598,1011,34.125,-117.454,-0.1535688931529923
9599,1011,34.123,-117.54,0.2905366508913625
9600,1011,34.065,-117.292,1.6347731096020546
9601,1011,34.021,-117.866,-0.1337114494839766
9602,1011,34.148,-118.371,-3.998936680837781
9603,1011,34.194,-118.589,-1.7032800895042888
9604,1011,34.045,-118.522,-2.509661481610615
9605,1011,34.025,-118.231,-1.5571804130233884
9606,1011,34.004,-118.287,-1.2054427553014797
9607,1011,34.031,-118.208,-1.5377257047185056
9608,1011,34.029,-118.483,-3.022575963943113
9609,1011,34.009,-118.361,-1.903767148220732
9610,1011,34.055,-118.251,-2.23600145597358
9611,1011,34.059,-118.246,-2.6932825380384253
9612,1011,34.043,-118.271,-3.278713116838124
9613,1011,34.154,-118.463,-1.8827667302328293
9614,1011,34.219,-118.627,-1.9104700934009653
9615,1011,34.222,-118.57,-0.2240183917495022
9616,1011,34.103,-118.316,-1.3015243237374194
9617,1011,34.084,-118.307,-1.3712495141242136
9618,1011,34.041,-118.348,-1.6277010374413188
9619,1011,34.06,-118.448,-2.186320500152952
9620,1011,34.037,-118.263,-3.520062989074804
9621,1011,34.058,-118.252,-2.461158743792941
9622,1011,34.002,-118.077,-1.0632084460980773
9623,1011,34.032,-118.019,-0.7162987700894548
9624,1011,34.07,-118.346,-1.981764322028352
9625,1011,34.024,-118.284,-2.563020646065227
9626,1011,34.03,-118.434,-2.933065541365444
9627,1011,34.018,-118.147,-1.260333760272403
9628,1011,34.041,-118.248,-1.5572603739049535
9629,1011,34.044,-118.443,-3.185002415712839
9630,1011,34.021,-118.325,-1.007646429997144
9631,1011,34.013,-118.257,-1.2907216858373756
9632,1011,34.193,-117.427,-0.4968735514510257
9633,1011,34.00469,-117.22393,0.6058663894121097
9634,1011,33.51237,-116.80035,1.5931495364384125
9635,1011,33.896,-118.377,-0.4673704876768903
9636,1011,34.165,-117.288,0.540484560289674
9637,1011,34.047,-117.277,1.0002077359952697
9639,1011,34.103,-117.349,0.2497894960179404
9640,1011,34.14492,-117.21876,0.318591567698257
9642,1011,34.058,-117.305,1.4228335567040666
9643,1011,34.205,-117.365,0.7062577001733883
9645,1011,33.83066,-118.32888,0.9367869865385332
9647,1011,34.193,-118.51,-2.4091272484270427
9649,1011,34.24734,-118.60349,-1.6033216818754066
9650,1011,33.90386,-118.24532,1.2277626234783374
9651,1012,34.07,-118.346,-0.2370519955836786
9652,1012,34.155,-118.641,-1.4826332854820063
9653,1012,35.06131,-119.02794,-0.4846290510730839
9654,1012,34.55046,-117.43391,0.8844556360516912
9655,1012,34.14647,-118.76699,-0.3981531501374756
9656,1012,34.68708,-118.29946,-0.2367228257474601
9657,1012,35.1269,-118.83009,-0.5646361008114776
9658,1012,35.34444,-119.10445,-1.2291466960388076
9660,1012,34.2623,-116.92075,0.5602347069164042
9661,1012,33.921,-116.981,1.244592995988825
9665,1012,34.23883,-117.65853,-0.0377538636276106
9667,1012,34.069,-116.39,0.1133658228820704
9670,1012,33.80776,-117.98116,-0.0361804424838683
9672,1012,34.68224,-118.57398,2.206285847507831
9673,1012,33.4915,-116.667,-2.371269224087035
9674,1012,34.13678,-118.12199,0.5918306807964314
9675,1012,33.38822,-117.19495,-0.6253030644728309
9676,1012,35.52495,-117.36453,-0.4744579076492929
9677,1012,36.5504,-117.80295,1.0229420220034309
9679,1012,33.999,-117.68,1.0018034405455924
9680,1012,33.4019,-118.41502,-0.613940047116006
9682,1012,34.093,-117.317,1.849336045096872
9686,1012,36.43988,-118.08016,0.1195142466699043
9688,1012,34.25353,-118.33383,0.4647276567662235
9689,1012,33.93597,-116.57794,0.7866108459180403
9690,1012,33.65,-117.009,1.1391719011803123
9691,1012,34.10618,-118.45505,-0.1148920122156218
9692,1012,33.84822,-118.09624,0.827136875520732
9693,1012,33.567,-116.631,1.905825499797563
9694,1012,32.999,-116.942,-1.095697965354696
9701,1012,34.72832,-119.98803,-1.8598862648388443
9702,1012,33.71264,-118.29381,-0.1008183199608132
9703,1012,36.46719,-116.86322,-0.6896659802870605
9705,1012,33.1537,-117.22921,-1.4610005604967489
9706,1012,36.99608,-117.36621,-0.5566701679016776
9707,1012,34.13677,-118.1283,1.102727514879652
9708,1012,35.30177,-116.80574,0.5677361595827025
9709,1012,34.8294,-116.335,1.7367446651580032
9712,1012,35.66278,-118.47403,-1.1433003295916144
9713,1012,34.31076,-118.49675,0.4773903258700278
9716,1012,35.98249,-117.80885,0.8979846195555098
9718,1012,34.36622,-116.61266,1.2163180859039822
9719,1012,34.15037,-118.10156,0.9440702426635518
9720,1012,33.86889,-118.33143,0.6252839285036423
9721,1012,34.00033,-118.37794,0.0600007010301914
9722,1012,34.73551,-120.27996,-0.3737205070732343
9724,1012,34.9906,-118.34156,-0.0706817737194781
9725,1012,34.61462,-118.29104,1.4787604900927165
9726,1012,34.30529,-118.48805,0.5978405125138274
9727,1012,33.9753,-118.14918,0.32938973343251
9728,1012,34.10819,-119.06587,-0.4434321816033421
9729,1012,34.80762,-118.86775,-0.6829427627318874
9730,1012,33.684,-117.943,0.2069536640216119
9731,1012,35.47954,-117.68212,-0.6179274209522185
9732,1012,33.881,-118.176,2.0465002003217743
9733,1012,34.3656,-117.36683,0.6446545329476444
9734,1012,33.3516,-116.5615,0.6417702145829064
9735,1012,35.36165,-118.92282,-1.7846240011526635
9737,1012,33.818,-116.369,0.6883678839651708
9739,1012,34.13688,-118.12601,1.935465615481041
9740,1012,37.63019,-118.83605,1.63769084881537
9741,1012,34.005,-117.562,0.4127079728283649
9742,1012,34.28085,-118.9049,-0.6254518441722177
9743,1012,36.05799,-117.48901,-1.0899568252523135
9744,1012,34.88848,-119.81362,-1.154613697864196
9745,1012,33.808,-116.968,1.46921204893223
9747,1012,34.22362,-118.05832,0.654714463623964
9748,1012,34.78035,-116.55798,0.6499221669208846
9749,1012,34.53412,-120.17737,-1.3911928353213607
9750,1012,34.22869,-118.55829,0.448218175913494
9751,1012,33.788,-117.844,0.075357825570846
9752,1012,33.94539,-117.92372,0.3400439158893694
9754,1012,34.6145,-118.7235,-1.4922329104376066
9755,1012,34.1484,-118.1711,-0.4537255123154968
9756,1012,34.44199,-118.58215,0.2769304793638122
9758,1012,33.96273,-118.43702,-0.0455619689818526
9759,1012,34.1207,-117.63808,0.7590779322359993
9760,1012,33.862,-117.205,-0.4496886475543012
9762,1012,35.40773,-120.54556,-0.2137760538047582
9763,1012,35.945,-120.542,-2.0980591842230134
9764,1012,33.354,-116.863,0.6609915592175525
9765,1012,33.7953,-117.60906,1.1116145975453808
9766,1012,33.824,-116.55,-0.4697113795504505
9767,1012,34.39558,-118.49837,-1.3324367443326277
9768,1012,36.30523,-119.24384,-0.2197745822010806
9769,1012,33.63,-116.8478,0.8367405530709733
9770,1012,34.281,-118.478,-0.2481070943662739
9771,1012,34.10473,-117.97956,0.0692548256491439
9772,1012,33.74346,-118.40412,0.9030818112285716
9773,1012,34.87533,-116.99684,0.361526948272099
9774,1012,33.97327,-117.32674,0.9767604385635242
9775,1012,34.05073,-118.08085,0.2550847440372737
9776,1012,33.99351,-117.37545,-0.5469920533827728
9779,1012,36.76403,-121.44722,-2.40438887088783
9781,1012,34.44076,-119.71492,-0.4619216742765294
9783,1012,34.232,-117.235,0.3113490524333212
9784,1012,32.915,-118.4879,-0.0860835369654088
9785,1012,33.99543,-119.6351,-1.1550493811096356
9786,1012,33.553,-117.662,0.1711366789961371
9788,1012,34.56547,-120.50137,-0.758103257216148
9790,1012,34.43692,-119.1375,-1.5833520738880271
9791,1012,35.8996,-116.27515,0.4503709144327645
9792,1012,34.293,-119.1646,-1.2871318008614572
9793,1012,35.89095,-117.28332,0.0096849405871232
9794,1012,33.834,-116.797,0.8937515182462462
9795,1012,35.3142,-119.99581,-1.668334884377835
9796,1012,34.27091,-118.74407,-1.1473314137322872
9797,1012,34.05933,-118.64614,0.9147376920285638
9798,1012,36.1355,-118.81099,-0.9102897433992948
9799,1012,33.829,-117.789,0.2892684255370307
9800,1012,34.30302,-119.18676,-0.6297139474612905
9801,1012,33.664,-117.769,-0.1206782303757474
9802,1012,34.106,-117.098,1.1238027593374529
9804,1012,34.52775,-119.97834,-1.485883623070512
9805,1012,34.38203,-117.67822,2.1304544129777767
9807,1012,35.14592,-119.41946,-0.9690480376836612
9808,1012,37.05422,-118.23009,0.5062962842372554
9809,1012,34.15607,-118.82039,-2.0391239923739857
9811,1012,34.01919,-118.28631,-0.8952197497008881
9812,1012,34.48364,-118.11783,0.8576278751455343
9813,1012,35.84089,-119.08469,-1.6327913613451166
9814,1012,34.56065,-117.3296,0.7626425697689132
9815,1012,35.53664,-118.14035,0.3485821413333383
9819,1012,34.51085,-119.27407,-2.093263100489805
9820,1012,34.00948,-117.95077,1.4299726195620024
9821,1012,34.1717,-118.64971,0.4338703086152314
9822,1013,35.1269,-118.83009,0.4517268944690663
9823,1013,38.03455,-120.38651,0.0287987481841452
9824,1013,36.3887,-121.5514,0.4489997858662192
9825,1013,36.68011,-119.02282,-0.692147324229151
9826,1013,35.66278,-118.47403,1.3612339568298142
9828,1013,37.6444,-118.89683,2.400251040370427
9829,1013,37.34164,-121.64257,-0.2437415854680082
9830,1013,37.65909,-118.97907,1.791275589834906
9831,1013,37.008,-121.287,2.175351155910687
9832,1013,35.40773,-120.54556,1.2281587579772106
9833,1013,36.0688,-120.59618,1.302116890985973
9834,1013,37.05422,-118.23009,-1.5578218478357075
9835,1013,37.67016,-119.80533,-0.3359367707293007
9836,1013,37.56957,-118.75278,-1.7503131728264576
9837,1013,37.614,-118.831,2.060026270565827
9838,1013,37.662,-118.398,-0.216283217231617
9839,1013,37.588,-118.703,0.138696968029105
9840,1013,37.861,-119.103,0.1362975357381374
9841,1013,37.783,-119.075,1.581688341647172
21201,1013,37.91881,-122.15176,-2.0353138211538524
21209,1013,35.945,-120.542,-0.9440175176093712
21210,1013,35.63597,-120.86984,0.8544704115397794
21211,1013,36.76403,-121.44722,0.2322053947949467
21212,1013,37.28744,-121.86422,-0.1520207117151363
21214,1013,37.81647,-122.06302,-0.2834314515145049
21215,1013,37.25898,-121.67311,-0.5916432893792115
21216,1013,37.72416,-122.11929,-0.3572292983325583
21217,1013,37.16067,-121.89899,1.312333922598483
21218,1013,37.30249,-121.97978,-1.0121248727727616
21219,1013,37.68,-121.739,0.1332964854850964
21220,1013,37.376,-121.84367,-1.4611649008033656
21221,1013,37.27117,-121.98617,-1.037020256974985
21225,1013,37.37418,-122.0781,-0.893787410431772
21229,1013,36.61809,-121.31468,0.2897300824022755
21230,1013,37.16346,-121.62645,-1.4158404083637084
21232,1013,37.45035,-121.80037,-0.8702515739560918
21233,1013,37.74766,-121.70843,0.9013149409837204
21234,1013,37.7294,-121.83346,0.2960787282269362
21235,1013,37.37289,-121.76887,-0.982020707976297
21236,1013,37.73786,-122.06486,0.6318763305730368
21237,1013,37.81041,-121.80272,1.0447063263436556
21238,1013,37.9889,-122.2156,-0.0869390706183346
21239,1013,37.85884,-121.99264,-0.1094277746385012
21240,1013,37.91233,-121.90716,-0.6452945628822185
21247,1013,37.0254,-121.4845,0.760744452808259
21250,1013,37.31861,-122.15314,-1.1697468143859482
21251,1013,37.17217,-122.01121,0.9978476690607744
21252,1013,37.04922,-121.80722,-1.0421292903213315
21253,1013,36.92745,-121.82764,-0.005282377374105
21254,1013,37.36045,-122.18986,-0.8517899250503056
21255,1013,37.21427,-122.17168,-0.0609218839393206
21256,1013,37.20631,-121.97726,-0.1087728670724925
21257,1013,37.15432,-121.73467,1.0569568732014214
21258,1013,37.2708,-122.21276,-0.137944673699107
21261,1013,37.40372,-122.17596,-0.3143272675679656
21277,1013,38.15486,-121.80438,0.2701791048946471
21280,1013,35.73065,-120.24986,-0.3435193011921777
21281,1013,39.7065,-119.3842,-2.7770991844685686
21282,1013,35.86661,-120.4796,0.3263164007880755
21284,1013,36.2159,-120.80126,-0.3024182717070789
21287,1013,35.45883,-120.88167,1.041683874331389
9842,1014,34.224,-117.331,0.3452583909740828
9843,1014,34.07,-118.346,-0.3197961276549396
9844,1014,34.5214,-117.991,1.295767346476645
9845,1014,34.397,-118.918,0.1358863719668092
9846,1014,34.07618,-118.3959,-0.1949065065616744
9847,1014,34.3968,-119.299,-1.9279220674314013
9848,1014,34.155,-118.641,-1.8761422552489824
9849,1014,34.55046,-117.43391,1.5391476142596818
9850,1014,33.63838,-116.4011,0.0259493393487255
9851,1014,34.14647,-118.76699,-1.1341149195432612
9852,1014,34.68708,-118.29946,0.5473886085131322
9853,1014,35.1269,-118.83009,0.4985308083083002
9854,1014,35.34444,-119.10445,-0.4313222636266406
9856,1014,34.2623,-116.92075,1.1662517224578892
9857,1014,33.921,-116.981,1.1363688548631763
9859,1014,33.57508,-117.26119,0.241708191196774
9862,1014,34.23883,-117.65853,-0.0499283504001251
9864,1014,34.069,-116.39,0.2902340002170039
9866,1014,33.80776,-117.98116,0.4417029094369459
9868,1014,34.68224,-118.57398,1.2148631992017005
9869,1014,34.13678,-118.12199,0.4207457285808825
9870,1014,33.38822,-117.19495,-0.7386586828657863
9871,1014,35.52495,-117.36453,0.2975558350769483
9872,1014,36.5504,-117.80295,1.1878288748439796
9874,1014,33.999,-117.68,0.66162513296782
9875,1014,33.4019,-118.41502,-1.5754744021948608
9877,1014,34.093,-117.317,1.548730338585662
9880,1014,36.43988,-118.08016,0.7919383715383496
9882,1014,34.25353,-118.33383,0.3728188918646093
9883,1014,33.93597,-116.57794,0.3942817378405453
9884,1014,33.65,-117.009,0.5250082459021813
9885,1014,34.10618,-118.45505,-0.4243205236350441
9886,1014,33.84822,-118.09624,0.6732924531577801
9887,1014,33.567,-116.631,1.3015576975042913
9894,1014,34.72832,-119.98803,-1.7979770820025252
9895,1014,33.71264,-118.29381,-0.5861868083423262
9896,1014,36.46719,-116.86322,-0.2594396143518286
9898,1014,33.1537,-117.22921,-1.2670293336010472
9899,1014,36.99608,-117.36621,-0.4326783424698733
9900,1014,34.13677,-118.1283,1.1614383899752214
9901,1014,35.30177,-116.80574,1.1226090992163915
9902,1014,34.8294,-116.335,1.6439375710434598
9903,1014,34.17643,-118.35967,-0.7570610133822206
9906,1014,35.66278,-118.47403,-0.0913053591441415
9907,1014,34.31076,-118.49675,0.9749509804641032
9909,1014,34.31313,-118.49918,0.5309418553817086
9910,1014,35.98249,-117.80885,1.6283282737847986
9912,1014,34.36622,-116.61266,0.8631628808382564
9913,1014,34.15037,-118.10156,0.7135224676930941
9914,1014,33.7141,-116.7119,-0.8641459885068206
9915,1014,33.86889,-118.33143,0.5717061659217152
9916,1014,34.00033,-118.37794,-0.2658465849886504
9917,1014,34.73551,-120.27996,-0.3519483227841739
9919,1014,34.9906,-118.34156,0.3435307388408153
9920,1014,34.61462,-118.29104,1.4316092197437909
9921,1014,34.30529,-118.48805,0.6455951047190789
9922,1014,33.9753,-118.14918,-0.0878885121017453
9923,1014,34.10819,-119.06587,-1.3648770493440403
9924,1014,34.80762,-118.86775,-0.6772482924788278
9925,1014,33.684,-117.943,-0.1813477667388313
9926,1014,34.93439,-117.69629,0.7278126959266539
9927,1014,35.47954,-117.68212,0.5576089682134513
9928,1014,33.881,-118.176,0.7098083985760826
9929,1014,34.3656,-117.36683,0.2497187510576307
9931,1014,35.36165,-118.92282,-1.0317163025059417
9933,1014,33.818,-116.369,0.798954604468975
9934,1014,34.13688,-118.12601,1.584984686392236
9935,1014,37.63019,-118.83605,1.1778159914128488
9936,1014,34.005,-117.562,0.7784802921158789
9937,1014,34.28085,-118.9049,-0.452316583980255
9938,1014,36.05799,-117.48901,-0.4612817506254655
9939,1014,34.88848,-119.81362,-1.3549761415291703
9940,1014,33.808,-116.968,1.5739370550084757
9941,1014,34.22362,-118.05832,0.7919028847623243
9942,1014,34.53412,-120.17737,-1.178218285230877
9943,1014,34.22869,-118.55829,1.0042461080349503
9944,1014,33.94539,-117.92372,0.3948464906437492
9946,1014,34.6145,-118.7235,-2.0928226265710417
9947,1014,34.1484,-118.1711,0.6713538203468106
9948,1014,34.44199,-118.58215,-0.2713148505935597
9949,1014,33.96273,-118.43702,-0.548132002305408
9950,1014,34.1207,-117.63808,0.7609072595745339
9951,1014,33.862,-117.205,-0.4135117535777485
9953,1014,35.40773,-120.54556,-0.4890786895013612
9954,1014,35.945,-120.542,-2.768917273132698
9955,1014,33.354,-116.863,0.1888537487762302
9956,1014,33.7953,-117.60906,0.974498834665855
9957,1014,34.39558,-118.49837,-1.5188140698091643
9958,1014,36.30523,-119.24384,-0.7601192490270157
9959,1014,33.63,-116.8478,0.9063642223562676
9960,1014,34.10473,-117.97956,0.4112399074376865
9961,1014,33.74346,-118.40412,0.3932008558994876
9962,1014,34.87533,-116.99684,0.4206349311436865
9963,1014,33.97327,-117.32674,1.2388857113308458
9964,1014,33.99351,-117.37545,-1.056271944302553
9966,1014,33.70432,-117.88578,0.003668087920583
9967,1014,36.76403,-121.44722,-2.817983950503954
9969,1014,34.44076,-119.71492,-2.075057433357171
9971,1014,34.232,-117.235,0.387503803765286
9972,1014,32.915,-118.4879,-0.961288008703702
9973,1014,33.99543,-119.6351,-0.6368659138909708
9974,1014,33.553,-117.662,0.0065704886455515
9976,1014,34.56547,-120.50137,-0.6969138825347073
9978,1014,34.43692,-119.1375,-1.6493368806925477
9979,1014,35.8996,-116.27515,1.3237489003349725
9980,1014,34.293,-119.1646,-1.7485589013822522
9981,1014,35.89095,-117.28332,1.1637823024069764
9982,1014,33.834,-116.797,0.3422362990244931
9983,1014,35.3142,-119.99581,-2.2766091240515824
9984,1014,34.01438,-118.45617,0.355678202363212
9985,1014,34.27091,-118.74407,-0.9573233068212592
9986,1014,33.24787,-119.52437,-2.391552930300525
9987,1014,32.841,-117.248,-0.0253357009874151
9988,1014,34.05933,-118.64614,0.2123316848603798
9989,1014,36.1355,-118.81099,-1.3412123755739915
9990,1014,33.829,-117.789,0.3002239946917673
9991,1014,34.30302,-119.18676,-0.1671240915274954
9992,1014,33.664,-117.769,-0.7395766535668614
9993,1014,34.106,-117.098,0.7888535241461492
9995,1014,34.52775,-119.97834,-1.1181305336759455
9996,1014,34.38203,-117.67822,1.4000930670534335
9998,1014,35.14592,-119.41946,-0.4460585657383225
10000,1014,37.05422,-118.23009,0.9217123665116572
10001,1014,34.15607,-118.82039,-2.5625073673621195
10003,1014,34.01919,-118.28631,-0.6666687878187962
10004,1014,34.48364,-118.11783,1.050717314438825
10005,1014,35.84089,-119.08469,-1.181281429426583
10006,1014,34.56065,-117.3296,0.6121579860831784
10010,1014,34.51085,-119.27407,-2.120717802951434
10011,1014,34.00948,-117.95077,1.4380481814959083
10012,1014,34.1717,-118.64971,-0.1984621398371572
10013,1014,33.94869,-118.25547,0.4715993432935805
10014,1014,34.674,-118.43,1.7052417131998143
10015,1014,34.749,-119.131,0.3386862737982547
10016,1014,35.225,-118.565,0.0484115149525703
10017,1014,35.355,-119.054,-0.4135905502598856
10018,1014,34.6172,-118.285,2.6168024032940504
10019,1014,34.812,-118.945,0.0427801229141934
10020,1014,35.06131,-119.02794,0.8270450940318688
10021,1015,34.55046,-117.43391,0.9555460675586306
10022,1015,33.63838,-116.4011,-0.8611448878816118
10023,1015,34.14647,-118.76699,0.7209285014141338
10024,1015,34.68708,-118.29946,-0.9647140359525548
10025,1015,35.34444,-119.10445,-0.0102221016795707
10026,1015,32.68005,-116.67215,0.1701571598508255
10027,1015,33.921,-116.981,0.1873397731648407
10028,1015,33.57508,-117.26119,-0.469523263630561
10030,1015,34.23883,-117.65853,0.0510952465266988
10031,1015,34.069,-116.39,-0.3983421485801486
10032,1015,33.268,-116.417,-1.0938710477287867
10034,1015,34.68224,-118.57398,1.1501895048737527
10035,1015,34.07618,-118.3959,-0.6361209414014171
10036,1015,33.4915,-116.667,-3.398959828510643
10037,1015,33.38822,-117.19495,-0.5685821477977081
10038,1015,35.52495,-117.36453,-0.0375028823454628
10040,1015,33.999,-117.68,-0.4699807538479053
10041,1015,33.4019,-118.41502,-0.2737849832685932
10043,1015,34.093,-117.317,1.4620580208017044
10044,1015,34.0602,-117.809,0.1020067009414256
10045,1015,33.655,-115.99,0.2703474435925492
10046,1015,36.43988,-118.08016,-0.4284871971373104
10048,1015,34.25353,-118.33383,-0.2890705196117666
10049,1015,33.65,-117.009,-0.4554828031327803
10050,1015,34.10618,-118.45505,-0.0407040093165083
10051,1015,33.84822,-118.09624,0.35419022143881
10052,1015,33.567,-116.631,0.6884455711322484
10053,1015,32.999,-116.942,-1.1802208356431363
10056,1015,34.88303,-117.99106,-1.126007091412092
10058,1015,33.11675,-115.82267,-0.3759252386622964
10059,1015,34.72832,-119.98803,-0.0608521876837588
10060,1015,34.397,-118.918,1.7419442055480248
10061,1015,33.71264,-118.29381,-0.0941131463928598
10062,1015,33.8717,-117.92251,0.0952546091224386
10063,1015,36.46719,-116.86322,-0.1955685172467253
10065,1015,33.1537,-117.22921,-1.511300638588236
10067,1015,34.13677,-118.1283,-0.1855377325329527
10068,1015,35.30177,-116.80574,0.1259634804205176
10069,1015,34.8294,-116.335,1.2233962665181684
10070,1015,34.17643,-118.35967,-1.2687408681345254
10071,1015,35.66278,-118.47403,-1.5122157065837978
10072,1015,33.0859,-116.5959,-0.254960726640913
10073,1015,35.9823,-117.8076,0.724824870977937
10074,1015,34.36622,-116.61266,0.1824638477879315
10075,1015,34.15037,-118.10156,-0.3869453043284257
10076,1015,33.7141,-116.7119,-1.2774483411551958
10077,1015,33.86889,-118.33143,0.3864134237911819
10078,1015,33.943,-118.411,-0.2164559090574765
10079,1015,34.00033,-118.37794,0.2328488847962065
10080,1015,34.73551,-120.27996,0.7021846091976269
10082,1015,34.9906,-118.34156,-0.2844835904326382
10083,1015,34.61462,-118.29104,0.5915705451343558
10084,1015,34.30529,-118.48805,0.975293916769528
10085,1015,33.9753,-118.14918,-1.1710618817812646
10086,1015,34.10819,-119.06587,1.8908511290443484
10087,1015,34.61594,-117.82493,0.3605681191576168
10088,1015,33.684,-117.943,0.4366703407241348
10089,1015,35.47954,-117.68212,0.073026051521789
10090,1015,33.881,-118.176,-0.055854400950668
10091,1015,34.3656,-117.36683,0.4106128023330078
10092,1015,33.3516,-116.5615,-0.7584804946719395
10093,1015,35.36165,-118.92282,-0.2838107377255663
10095,1015,33.818,-116.369,0.0369885723964381
10096,1015,34.13688,-118.12601,0.1292470572751272
10098,1015,34.005,-117.562,-0.8840126240217465
10099,1015,34.28085,-118.9049,2.6425452936100187
10100,1015,36.05799,-117.48901,-1.5184498468586358
10101,1015,33.808,-116.968,0.5772852813214641
10102,1015,34.22362,-118.05832,0.6313731967400515
10103,1015,34.22869,-118.55829,1.172892194048419
10104,1015,34.3968,-119.299,0.2309177913632246
10105,1015,33.94539,-117.92372,-0.0996291367990406
10106,1015,34.6145,-118.7235,-2.4836227329620653
10107,1015,34.1484,-118.1711,-0.8078413908467823
10108,1015,34.44199,-118.58215,0.6590740445853288
10109,1015,33.96273,-118.43702,-0.2284747319450498
10110,1015,34.1207,-117.63808,-0.3248722272298471
10111,1015,35.40773,-120.54556,0.6022486398734943
10112,1015,33.82436,-116.51195,0.4875422125152501
10113,1015,33.354,-116.863,-0.3325345103780346
10114,1015,33.7953,-117.60906,0.4113786030869075
10115,1015,34.39558,-118.49837,-0.759484040697172
10116,1015,36.30523,-119.24384,-0.1991094629987515
10117,1015,33.63,-116.8478,-0.2406177055772195
10118,1015,34.281,-118.478,0.0148467172269423
10119,1015,33.74346,-118.40412,0.5703152202224738
10120,1015,34.87533,-116.99684,0.8029881447819737
10121,1015,33.97327,-117.32674,0.1531236372274484
10122,1015,34.05073,-118.08085,-0.6952537111221371
10123,1015,33.99351,-117.37545,-1.5501146593161743
10124,1015,33.2801,-115.98585,-0.082869989302133
10125,1015,33.70432,-117.88578,-0.7392721801576105
10126,1015,34.44076,-119.71492,0.4179876541841644
10128,1015,34.43692,-119.1375,0.7036556747322696
10129,1015,35.8996,-116.27515,1.2497991237897907
10130,1015,34.293,-119.1646,0.1854381374057661
10131,1015,35.89095,-117.28332,0.6347302698630621
10132,1015,35.3142,-119.99581,-0.0956950701080586
10133,1015,34.01438,-118.45617,0.6919876361252392
10134,1015,34.27091,-118.74407,1.0925222059483537
10135,1015,33.24787,-119.52437,0.7001421129714406
10136,1015,34.05933,-118.64614,-0.1649934336410909
10137,1015,36.1355,-118.81099,-1.010450284922889
10138,1015,33.829,-117.789,0.1579027660343248
10139,1015,34.30302,-119.18676,1.751412474337671
10140,1015,33.664,-117.769,-0.6760534675522857
10141,1015,33.79033,-118.19878,0.3636619355258673
10142,1015,34.106,-117.098,0.8419585150003355
10144,1015,34.52775,-119.97834,1.5679589200199764
10145,1015,34.38203,-117.67822,0.5951775067350052
10146,1015,34.08377,-118.599,-0.2499271898639853
10148,1015,33.63495,-116.16402,-0.0283264036250874
10149,1015,34.15607,-118.82039,0.0525595986871056
10150,1015,34.01919,-118.28631,-1.5702758100114316
10151,1015,34.48364,-118.11783,0.2035213776230135
10152,1015,35.84089,-119.08469,-0.3987513023417161
10153,1015,34.56065,-117.3296,0.4373418183524861
10154,1015,35.53664,-118.14035,0.7351662973771851
10155,1015,35.06053,-119.02711,0.3476249265525542
10157,1015,34.00948,-117.95077,0.1107818890279969
10159,1015,34.1717,-118.64971,-0.1036153464077984
10160,1015,33.94869,-118.25547,-0.2449246044368797
10161,1016,34.55046,-117.43391,-0.2092630862822711
10162,1016,33.63838,-116.4011,-1.085947013417533
10163,1016,34.68708,-118.29946,-0.917417685296931
10164,1016,35.34444,-119.10445,-0.5603234646186112
10166,1016,34.2623,-116.92075,-0.26072233806215
10167,1016,33.921,-116.981,-0.3715141624811959
10169,1016,33.57508,-117.26119,-0.4661880349589328
10172,1016,34.23883,-117.65853,-1.195771906445849
10174,1016,34.069,-116.39,-0.9202803137382604
10176,1016,33.80776,-117.98116,-0.3364147851106588
10177,1016,34.68224,-118.57398,1.049494402864038
10178,1016,33.4915,-116.667,-3.253142245398688
10179,1016,33.38822,-117.19495,-1.1254045326324429
10180,1016,35.52495,-117.36453,-1.60384793810944
10181,1016,36.5504,-117.80295,1.0078478605519194
10183,1016,33.4019,-118.41502,-0.2875567185188189
10185,1016,34.093,-117.317,0.5868988868601059
10189,1016,36.43988,-118.08016,0.5834640503288109
10191,1016,34.25353,-118.33383,0.13278185703338
10192,1016,33.93597,-116.57794,-0.920086669498388
10193,1016,33.65,-117.009,-1.0508140543245064
10194,1016,34.10618,-118.45505,0.5339085075349476
10195,1016,33.84822,-118.09624,0.0944307241167196
10196,1016,33.567,-116.631,0.1554872114086651
10201,1016,34.88303,-117.99106,-1.8056928453014065
10204,1016,34.72832,-119.98803,0.6648981648154195
10205,1016,34.397,-118.918,0.554347878654562
10206,1016,33.71264,-118.29381,0.3379251743737363
10208,1016,33.1537,-117.22921,-1.6024394735842735
10209,1016,36.99608,-117.36621,-0.535814373728653
10210,1016,35.30177,-116.80574,-1.0446638765899268
10211,1016,34.8294,-116.335,-0.0612491520478815
10213,1016,35.66278,-118.47403,-1.691966531627276
10214,1016,34.31076,-118.49675,1.1936575354723111
10216,1016,35.98249,-117.80885,-0.1355978048099779
10218,1016,34.36622,-116.61266,-0.2371414051078617
10219,1016,33.86889,-118.33143,1.118976056189652
10220,1016,34.00033,-118.37794,0.4289615652714522
10221,1016,34.73551,-120.27996,2.5762728987856494
10223,1016,34.9906,-118.34156,-1.9459057346827369
10224,1016,34.61462,-118.29104,0.4216091547394697
10225,1016,34.30529,-118.48805,0.940115972343356
10226,1016,33.9753,-118.14918,0.277510545185084
10227,1016,34.10819,-119.06587,0.1514740213691412
10228,1016,34.80762,-118.86775,-1.1817575002254836
10229,1016,34.61594,-117.82493,0.6091051908777988
10230,1016,33.684,-117.943,0.112002647453779
10231,1016,34.93439,-117.69629,-1.3768969293960822
10232,1016,35.47954,-117.68212,-2.1429135721182875
10233,1016,34.5214,-117.991,-0.2776682570494957
10234,1016,33.881,-118.176,1.756519556854368
10235,1016,34.3656,-117.36683,-0.5185002990156974
10236,1016,35.36165,-118.92282,-1.8792743109165524
10238,1016,33.818,-116.369,-0.1541606778352955
10240,1016,34.13688,-118.12601,1.5025693441949632
10241,1016,37.63019,-118.83605,1.8302416636187413
10242,1016,34.005,-117.562,-0.931486404301046
10243,1016,34.28085,-118.9049,0.2774391183684266
10244,1016,36.05799,-117.48901,-1.724267603156466
10245,1016,34.88848,-119.81362,1.8490453524988355
10246,1016,33.808,-116.968,0.4206239664947909
10248,1016,34.22362,-118.05832,0.7730736055272119
10249,1016,34.53412,-120.17737,2.0904053606190787
10250,1016,34.22869,-118.55829,2.126210608727732
10251,1016,34.3968,-119.299,0.5255609949177336
10252,1016,33.94539,-117.92372,0.5019265668005408
10254,1016,34.6145,-118.7235,-1.760537317475367
10255,1016,34.1484,-118.1711,-0.5693406313443983
10256,1016,34.44199,-118.58215,-0.1452966837634283
10258,1016,33.96273,-118.43702,-0.0541662256527653
10259,1016,34.1207,-117.63808,-0.3477754646064614
10260,1016,35.40773,-120.54556,2.323866494701316
10261,1016,35.945,-120.542,-0.2476423486258667
10262,1016,33.354,-116.863,-0.9089949908874012
10263,1016,33.7953,-117.60906,0.3934786017245342
10265,1016,36.30523,-119.24384,0.2001536432201228
10266,1016,34.281,-118.478,0.0869515174835929
10267,1016,34.10473,-117.97956,-0.4213745470506212
10268,1016,33.74346,-118.40412,1.175230600271369
10269,1016,34.87533,-116.99684,-1.340048066309405
10270,1016,34.05073,-118.08085,-0.1968901385842137
10271,1016,33.99351,-117.37545,-1.484139904479557
10273,1016,36.76403,-121.44722,-0.6919573189490642
10274,1016,34.44076,-119.71492,1.170617794562767
10276,1016,34.232,-117.235,-0.8012188126325616
10277,1016,33.99543,-119.6351,1.6838955214458151
10278,1016,33.553,-117.662,-0.1882626227909575
10279,1016,34.56547,-120.50137,2.034904296076377
10281,1016,34.43692,-119.1375,1.0411766170218846
10282,1016,35.8996,-116.27515,-0.4947900950818124
10283,1016,34.293,-119.1646,-0.1399772395133931
10284,1016,35.89095,-117.28332,-0.1135278781345498
10285,1016,33.834,-116.797,-0.8290958854539241
10286,1016,35.3142,-119.99581,0.6217287308948278
10287,1016,34.01438,-118.45617,1.2458974321316294
10288,1016,33.24787,-119.52437,0.1728915955059597
10289,1016,34.05933,-118.64614,0.7049947905944606
10290,1016,36.1355,-118.81099,-1.4967817488361823
10291,1016,34.30302,-119.18676,0.982433236020334
10292,1016,33.664,-117.769,-0.3193467441518625
10293,1016,33.79033,-118.19878,0.4901164850447585
10294,1016,34.106,-117.098,-0.3107297655278911
10296,1016,34.52775,-119.97834,1.5617631033847144
10297,1016,34.38203,-117.67822,0.3443216105450547
10298,1016,34.08377,-118.599,-0.1845432998436643
10300,1016,35.14592,-119.41946,2.532459912804072
10302,1016,37.05422,-118.23009,0.6343146976242682
10303,1016,34.15607,-118.82039,-1.4473930058248874
10305,1016,34.01919,-118.28631,-0.221210184236948
10306,1016,34.48364,-118.11783,0.1204240849104866
10307,1016,35.84089,-119.08469,-0.8664611373338226
10308,1016,34.56065,-117.3296,-0.3220985845367909
10309,1016,35.53664,-118.14035,-0.5551099941933084
10311,1016,35.06053,-119.02711,-1.300141198237129
10313,1016,34.51085,-119.27407,0.9281395067054746
10314,1016,34.00948,-117.95077,0.4412474292666491
10315,1016,34.1717,-118.64971,1.0571534649263583
10316,1016,33.94869,-118.25547,0.8078151768843047
10386,1018,34.077,-118.286,0.9709313113054444
10387,1018,34.084,-118.6,-0.6583816855039102
10388,1018,34.07618,-118.3959,1.4043333899820447
10389,1018,34.04905,-116.94032,-3.728160363976115
10390,1018,33.63461,-116.09534,-2.3064829729051013
10391,1018,34.55046,-117.43391,-0.4468046016272493
10392,1018,34.68708,-118.29946,-0.7067356479132441
10393,1018,35.1269,-118.83009,-0.5059808927977895
10394,1018,32.68005,-116.67215,0.0737584415851296
10395,1018,34.2623,-116.92075,-1.020949369214812
10396,1018,33.921,-116.981,-0.7518865446459435
10398,1018,34.94009,-119.41313,0.0464404359120351
10400,1018,34.23883,-117.65853,-0.6561881454174435
10402,1018,33.268,-116.417,0.4943577821164968
10403,1018,33.80776,-117.98116,-0.9423691114169136
10404,1018,34.68224,-118.57398,1.7497612082438885
10405,1018,34.13678,-118.12199,-0.1342876432683525
10406,1018,35.30819,-119.84583,-1.2688820146940347
10407,1018,35.52495,-117.36453,0.6792513709946197
10408,1018,36.5504,-117.80295,0.6319303232437636
10410,1018,33.999,-117.68,-1.2494339355632704
10411,1018,33.4019,-118.41502,0.0634093128054949
10413,1018,34.093,-117.317,1.2536274216687069
10415,1018,32.8889,-117.1051,0.0732740241575691
10416,1018,33.876,-117.561,-0.7242387264842243
10417,1018,33.655,-115.99,1.001961910014293
10418,1018,34.63745,-115.38115,-0.0446290813079232
10419,1018,34.25353,-118.33383,1.3305874324759197
10420,1018,33.65,-117.009,0.1502379499833621
10421,1018,34.10618,-118.45505,0.0456766363443795
10422,1018,33.84822,-118.09624,-0.0237723452868089
10423,1018,33.567,-116.631,1.1985470752079923
10424,1018,32.999,-116.942,-0.3679326631119159
10426,1018,32.65915,-116.10061,-0.0339382819998899
10429,1018,33.11675,-115.82267,0.6909549837657498
10430,1018,34.72832,-119.98803,-1.598878022235423
10431,1018,33.71264,-118.29381,-0.5914785405794508
10432,1018,34.1,-117.439,-0.9234447173250412
10433,1018,33.8717,-117.92251,-0.547136111185371
10434,1018,36.46719,-116.86322,-0.4027710243417006
10435,1018,33.051,-114.827,-0.220321529994758
10437,1018,33.1537,-117.22921,-1.3279369151911935
10439,1018,34.13677,-118.1283,0.216483956423746
10440,1018,35.30177,-116.80574,-0.7345208939929807
10441,1018,34.8294,-116.335,-1.1100210660984662
10442,1018,34.17643,-118.35967,0.1810235334248786
10443,1018,34.121,-117.219,-0.0424724764899974
10444,1018,33.0262,-116.9596,-6.063100020568278
10446,1018,35.66278,-118.47403,-1.2813567901147391
10447,1018,33.081,-116.598,0.1550039401057093
10448,1018,35.98249,-117.80885,-0.0610532921188522
10449,1018,34.36622,-116.61266,-0.3218628269718813
10450,1018,34.15037,-118.10156,0.149750043785417
10451,1018,33.597,-117.879,-1.8187172459884169
10452,1018,33.86889,-118.33143,0.2927028595131439
10453,1018,33.798,-118.08837,-0.1203249188927146
10454,1018,34.00033,-118.37794,0.4390179575976174
10455,1018,34.73551,-120.27996,-0.3621721268098038
10456,1018,35.13066,-115.18416,-0.4074873019827514
10457,1018,34.9906,-118.34156,-0.2833627277834495
10458,1018,34.61462,-118.29104,0.2176112002359277
10459,1018,34.30529,-118.48805,1.6206181897555725
10460,1018,33.9753,-118.14918,-0.630244228306074
10461,1018,34.10819,-119.06587,0.2830844946146486
10462,1018,34.80762,-118.86775,1.091862927523447
10463,1018,33.684,-117.943,-0.3149095521427191
10464,1018,34.93439,-117.69629,0.1186704590821254
10465,1018,35.47954,-117.68212,-0.0325908604070384
10466,1018,33.881,-118.176,1.2734539504118714
10467,1018,34.3656,-117.36683,0.004956181470605
10469,1018,33.818,-116.369,0.2052510380608219
10470,1018,34.13688,-118.12601,0.2840767223063405
10472,1018,34.005,-117.562,-1.088377932425165
10473,1018,32.892,-116.4223,-0.8054186573159896
10474,1018,34.28085,-118.9049,0.452523410427008
10475,1018,34.81258,-119.1453,0.1405137076197114
10476,1018,36.05799,-117.48901,-0.2349610724226069
10477,1018,34.88848,-119.81362,-0.1676426627707843
10478,1018,33.808,-116.968,1.2980604597390273
10480,1018,33.6,-117.195,2.9123435882780635
10481,1018,34.22362,-118.05832,0.4829576133788064
10482,1018,34.78035,-116.55798,-1.614496635316387
10483,1018,34.76759,-114.61881,0.2706449119642271
10484,1018,34.53412,-120.17737,-0.6129401471272772
10485,1018,34.22869,-118.55829,1.308009779592368
10486,1018,33.556,-115.946,0.5244783287733871
10487,1018,33.788,-117.844,-0.3578600358361677
10488,1018,33.94539,-117.92372,-0.2409608235974873
10489,1018,32.608,-116.93,0.1168616831852147
10490,1018,34.6145,-118.7235,-0.7953277655227455
10491,1018,34.44199,-118.58215,0.5421384968075637
10493,1018,33.96273,-118.43702,-0.0958207428813355
10494,1018,34.1207,-117.63808,0.4796166908994768
10495,1018,33.862,-117.205,-1.389321978672902
10498,1018,33.354,-116.863,-0.8844377852686447
10499,1018,33.7953,-117.60906,-1.0082591159814407
10501,1018,33.824,-116.55,-1.3330997222847525
10502,1018,34.09181,-117.80709,-0.4231963479536789
10503,1018,34.39558,-118.49837,-0.2368234434613019
10504,1018,33.63,-116.8478,-0.3765930592580613
10505,1018,34.281,-118.478,1.1277855471977314
10506,1018,34.10473,-117.97956,-0.3282308880613321
10507,1018,33.74346,-118.40412,-0.3934740413665086
10508,1018,34.87533,-116.99684,0.2049611703007277
10509,1018,33.973,-117.327,-0.3098659397065877
10510,1018,33.97327,-117.32674,-0.3075018885679099
10511,1018,34.05073,-118.08085,-0.5858779824124651
10512,1018,33.99351,-117.37545,-1.2652810522927058
10513,1018,33.183,-115.623,-2.063600624211641
10514,1018,33.2801,-115.98585,0.2324228330543007
10515,1018,33.70432,-117.88578,-0.9968065500043624
10517,1018,34.44076,-119.71492,-0.3152128106873093
10519,1018,34.232,-117.235,-0.7849455010767019
10520,1018,32.915,-118.4879,-1.071857023051636
10521,1018,33.99543,-119.6351,0.6079471400026296
10522,1018,33.553,-117.662,-1.0431014253790991
10524,1018,34.43692,-119.1375,-0.698113917656686
10525,1018,35.8996,-116.27515,0.251127210443074
10526,1018,35.89095,-117.28332,1.0917084804928832
10527,1018,33.834,-116.797,-0.1804557573364439
10528,1018,35.3142,-119.99581,-1.9158098963259989
10530,1018,34.01438,-118.45617,0.5674979116333284
10531,1018,34.27091,-118.74407,-0.2047313884903545
10533,1018,34.035,-116.808,-2.156085061310064
10534,1018,34.05933,-118.64614,0.2551823040561765
10536,1018,33.829,-117.789,-1.113227528912581
10537,1018,34.30302,-119.18676,1.667970598984926
10538,1018,33.664,-117.769,-2.052400613903404
10539,1018,33.79033,-118.19878,-0.9311664645657918
10540,1018,34.106,-117.098,1.80038448448017
10541,1018,32.94508,-115.79988,-0.6067613104623255
10542,1018,34.52775,-119.97834,0.1794044734208024
10543,1018,34.38203,-117.67822,1.1786959912897637
10548,1018,34.01919,-118.28631,-0.515607710875826
10549,1018,35.84089,-119.08469,-0.9424064874838864
10550,1018,34.56065,-117.3296,0.6340113015190109
10551,1018,35.53664,-118.14035,0.274622909363465
10552,1018,34.51085,-119.27407,-1.1113526496602804
10553,1018,34.00948,-117.95077,1.209623509366608
10555,1018,34.1717,-118.64971,2.8466186253912062
10556,1018,33.94869,-118.25547,0.3872865713673344
10557,1018,33.482,-116.911,1.678713998542185
10558,1018,33.787,-116.959,0.9536674049857984
10559,1018,33.747,-116.715,1.976660933508487
10560,1018,33.729,-116.979,0.5062443669720769
10561,1018,33.706,-116.235,1.1778212016484102
10562,1018,33.744,-116.931,0.1328019967882583
10563,1018,33.671,-116.3,3.9971836409373176
10564,1018,33.787,-116.41,0.9087587825841098
10565,1018,33.723,-116.338,1.620748090966009
10566,1018,33.863,-117.742,0.3681764390826672
10567,1018,33.768,-117.85,-0.759593124828389
10568,1018,33.917,-117.443,-0.3290046083414701
10569,1018,33.968,-117.252,-0.1684901919327676
10570,1018,33.751,-117.015,0.6423168152782084
10571,1018,33.577,-117.131,-0.1131897872882858
10572,1018,33.699,-117.267,0.2175429846150695
10573,1018,33.604,-117.279,0.5206084542140592
10574,1018,33.884,-117.514,-0.9484288349766534
10575,1018,33.876,-117.593,-0.2396701841382657
10576,1018,33.951,-117.446,-0.9125611530424222
10577,1018,33.496,-117.149,0.9707701788963738
10578,1018,33.854,-117.817,0.2946154422245626
10579,1018,33.777,-117.834,-0.4650178054290068
10580,1018,33.927,-117.803,0.4566327770865427
10581,1018,33.919,-117.488,-0.6730112636027021
10582,1018,33.951,-117.388,0.3822392401091304
10583,1018,33.979,-117.344,-0.1791535467474844
10584,1018,33.895,-117.32,-0.0394489745437258
10585,1018,33.904,-117.561,-2.202276901353432
10586,1018,33.975,-117.486,-0.0848994386868804
10587,1018,33.669,-117.332,-0.2421033477349346
10588,1018,33.748,-117.127,-1.229581372414515
10589,1018,33.902,-117.234,-0.9407743986513166
10590,1018,33.921,-117.173,0.0143964531428422
10591,1018,33.787,-117.23,-1.6867152591278542
10592,1018,33.649,-117.205,-1.1378656939687393
10593,1018,33.715,-117.191,-1.0768724772825278
10594,1018,33.723,-118.026,1.9159163239802248
10595,1018,33.99,-118.312,1.0048773035350895
10596,1018,33.962,-118.065,0.8200674099685112
10597,1018,33.898,-118.209,1.6397455372907368
10598,1018,33.876,-118.24,0.9254411831395802
10599,1018,33.931,-118.214,1.807649090943741
10600,1018,33.92,-118.24,2.333165222457243
10601,1018,33.976,-118.208,1.1692578142832009
10602,1018,33.883,-118.117,0.6577885124338166
10603,1018,34.241,-116.872,0.9822594237240776
10604,1018,34.125,-117.777,0.3837342016619722
10605,1018,34.065,-117.893,0.6862769458810764
10606,1018,34.253,-117.174,0.0331165905417087
10607,1018,34.046,-117.035,-0.5444147004172367
10608,1018,34.057,-117.698,0.1205465475355445
10609,1018,34.033,-117.312,-0.1294664672921616
10610,1018,34.112,-117.681,0.3687190433169084
10611,1018,34.134,-117.598,-0.298013889102649
10612,1018,34.014,-117.511,-0.5152883130096165
10613,1018,34.104,-117.574,-0.2174860154058804
10614,1018,34.247,-117.301,-2.263379901216065
10615,1018,34.215,-117.121,0.1529548294070782
10616,1018,34.522,-117.214,0.7097156219326174
10617,1018,34.472,-117.207,-0.8002616269449934
10618,1018,34.125,-117.454,-1.0566554051813193
10619,1018,34.123,-117.54,0.1168997414295042
10620,1018,34.026,-117.155,-1.7962852786551848
10621,1018,34.074,-117.183,-0.2507946564871813
10622,1018,34.002,-117.814,0.0972342966690451
10623,1018,34.425,-117.544,0.264546758324706
10624,1018,34.056,-117.748,0.2930681574347056
10625,1018,34.405,-117.313,0.1276194750812928
10626,1018,34.096,-117.287,1.3000108761458644
10627,1018,34.0,-117.934,0.3616072849936837
10628,1018,34.076,-117.671,0.4156485364043574
10629,1018,34.077,-117.621,-0.3012714536096404
10630,1018,34.135,-117.322,0.086534601076025
10631,1018,34.069,-117.398,-0.2767168705871258
10632,1018,34.1,-117.434,-0.9312523462131416
10633,1018,34.004,-117.058,-0.7392034313986827
10634,1018,34.021,-117.866,2.000638245976115
10635,1018,34.121,-117.738,1.9396156689254287
10636,1018,34.096,-117.745,0.4484742468145605
10637,1018,34.439,-117.647,0.2034536836892261
10638,1018,34.207,-118.233,1.6468151609179973
10639,1018,34.139,-118.364,1.070462733986201
10640,1018,34.163,-118.255,1.3581328695922632
10641,1018,34.173,-118.229,2.232656309084755
10642,1018,34.041,-118.248,1.9986880443886124
10643,1018,34.051,-118.384,1.3196385470726752
10644,1018,33.81663,-116.3945,0.3058880471614713
10645,1018,34.04856,-116.57816,0.055007710221962
10646,1018,34.079,-117.045,-0.5428410321344778
10647,1018,34.136,-117.213,1.289969368323505
10648,1018,34.10922,-117.78362,0.8197853560634564
10649,1018,34.051,-117.25,-0.9597039811523794
10650,1018,34.235,-117.407,-0.0432263588391859
10651,1018,33.572,-116.076,1.4152510432790963
10652,1018,33.82177,-116.96836,-0.8751947699418442
10653,1018,34.10521,-117.28264,0.8873936793663857
10654,1018,34.047,-117.277,-0.3066311808436253
10656,1018,34.058,-117.305,-0.1544443780867856
10657,1018,34.12288,-117.28792,0.3502169916464527
10659,1018,34.0869,-117.3114,-0.4099358307625649
10660,1018,34.312,-118.496,1.0915458660829591
10661,1018,33.852,-117.451,0.2023602009521096
10662,1018,33.58282,-117.07169,0.2049703099255884
10663,1019,34.5214,-117.991,0.5198953651160981
10664,1019,33.943,-118.411,0.0879832068660908
10665,1019,34.07618,-118.3959,-0.6915032634695346
10666,1019,34.14647,-118.76699,-0.2610956013555062
10667,1019,34.68708,-118.29946,0.755198766502849
10668,1019,35.1269,-118.83009,-0.1409854659791499
10669,1019,32.68005,-116.67215,-0.4454486607443436
10670,1019,34.2623,-116.92075,0.1645799171374267
10671,1019,33.921,-116.981,-0.3227847832382804
10675,1019,34.23883,-117.65853,-1.0758730776791006
10677,1019,34.069,-116.39,-0.4470448601302113
10679,1019,33.268,-116.417,-1.2397440463672262
10680,1019,33.80776,-117.98116,-1.0776496916757865
10682,1019,34.68224,-118.57398,1.4947500488098313
10683,1019,33.4915,-116.667,-3.858504507461388
10684,1019,34.13678,-118.12199,-0.791407190656058
10685,1019,33.38822,-117.19495,-0.7936835226977679
10686,1019,35.30819,-119.84583,-0.692057237146984
10687,1019,35.52495,-117.36453,0.4768553237855634
10688,1019,36.5504,-117.80295,0.528936028431748
10690,1019,33.999,-117.68,-0.5806995224115457
10691,1019,33.4019,-118.41502,-0.0549164680781422
10693,1019,34.093,-117.317,0.339166728466485
10695,1019,33.655,-115.99,0.3995001841113297
10697,1019,36.43988,-118.08016,0.2528298869681062
10698,1019,34.63745,-115.38115,0.9144877701673664
10699,1019,34.25353,-118.33383,-1.0506070416066502
10700,1019,33.93597,-116.57794,-0.5434665252824232
10701,1019,33.65,-117.009,-0.2469371667896809
10702,1019,34.10618,-118.45505,0.4706706221395
10703,1019,33.84822,-118.09624,-0.8239172111625462
10704,1019,33.567,-116.631,-0.0299455235206086
10705,1019,32.999,-116.942,-1.1942691290179512
10708,1019,32.65915,-116.10061,-0.3439678178824937
10711,1019,33.11675,-115.82267,-0.79441348182168
10712,1019,34.72832,-119.98803,-0.653078667342177
10713,1019,33.71264,-118.29381,-0.5699177886040923
10714,1019,33.8717,-117.92251,-0.7073187549287004
10717,1019,33.1537,-117.22921,-1.9123981192128257
10718,1019,34.13677,-118.1283,-0.6508042327310565
10719,1019,35.30177,-116.80574,0.4538507232574737
10720,1019,34.8294,-116.335,0.8525227885283723
10721,1019,34.17643,-118.35967,-1.5974802719578172
10723,1019,35.66278,-118.47403,-1.6911100821416618
10724,1019,33.0859,-116.5959,-0.4224933866172294
10725,1019,35.98249,-117.80885,0.4637683341185541
10727,1019,34.36622,-116.61266,0.144463839690164
10728,1019,34.15037,-118.10156,-0.4717874081349841
10729,1019,33.86889,-118.33143,-0.3411833327457713
10730,1019,34.00033,-118.37794,0.4699174223082061
10731,1019,34.73551,-120.27996,0.2176511738334963
10733,1019,34.9906,-118.34156,-0.0155383258654763
10734,1019,34.61462,-118.29104,0.5178580824080662
10735,1019,34.30529,-118.48805,0.9982245487023024
10736,1019,33.9753,-118.14918,-1.4054026445457417
10737,1019,34.10819,-119.06587,1.8666012132605003
10738,1019,34.80762,-118.86775,0.6317760845958116
10739,1019,33.684,-117.943,-0.3616783269292441
10740,1019,34.93439,-117.69629,-0.309101905044327
10741,1019,35.47954,-117.68212,-0.0781034191996208
10742,1019,33.881,-118.176,-0.6582292955762258
10743,1019,34.3656,-117.36683,-0.1623985728124698
10745,1019,33.818,-116.369,-0.2642966189603699
10747,1019,34.13688,-118.12601,-0.4163434179381682
10750,1019,34.28085,-118.9049,1.1736151635660963
10751,1019,34.81258,-119.1453,0.952932646354246
10752,1019,36.05799,-117.48901,-1.2370641749277875
10753,1019,34.88848,-119.81362,0.2164938317902682
10754,1019,33.808,-116.968,0.3047602514665529
10756,1019,33.6,-117.195,1.4149777484837454
10757,1019,34.22362,-118.05832,0.2122715270001651
10758,1019,34.78035,-116.55798,0.5848173201317505
10760,1019,34.53412,-120.17737,0.6866478487727504
10761,1019,34.22869,-118.55829,-0.395305407982704
10762,1019,33.94539,-117.92372,0.1665535865622585
10764,1019,34.6145,-118.7235,-1.7783503488126775
10765,1019,34.17141,-118.18523,-4.093190282520063
10766,1019,34.44199,-118.58215,0.7911506267370375
10768,1019,33.96273,-118.43702,1.1285115976358984
10769,1019,34.1207,-117.63808,-0.5175137309406309
10770,1019,33.862,-117.205,-1.244851457625444
10772,1019,35.40773,-120.54556,0.5133882394644471
10773,1019,35.945,-120.542,-1.650712220574512
10774,1019,33.354,-116.863,-1.2485139835620007
10775,1019,33.7953,-117.60906,0.6692157946472104
10777,1019,33.824,-116.55,-1.5619992346373015
10778,1019,34.09181,-117.80709,-1.37247238313698
10779,1019,34.39558,-118.49837,-0.1240512562800278
10780,1019,36.30523,-119.24384,-0.17855705549651
10781,1019,33.63,-116.8478,-1.099291182201091
10782,1019,34.281,-118.478,0.7789360282039275
10783,1019,34.10473,-117.97956,-1.2676908857593323
10784,1019,33.74346,-118.40412,0.9470409250605368
10785,1019,34.87533,-116.99684,-0.2241487115600444
10786,1019,33.97327,-117.32674,-0.2716885324640215
10787,1019,34.05073,-118.08085,-1.196612361319741
10788,1019,33.99351,-117.37545,-1.5874288099902716
10790,1019,33.2801,-115.98585,-0.4995270354439212
10793,1019,34.44076,-119.71492,-0.3132193964766656
10795,1019,34.232,-117.235,-0.5280683550292452
10796,1019,32.915,-118.4879,1.330428430416846
10797,1019,33.99543,-119.6351,0.7450280483128303
10798,1019,32.784,-117.13805,-1.190887893670671
10800,1019,34.43692,-119.1375,0.6487392550831307
10803,1019,35.8996,-116.27515,1.174848371345551
10804,1019,34.293,-119.1646,-0.4007838979884245
10805,1019,33.834,-116.797,-0.3697878894633393
10806,1019,35.3142,-119.99581,-1.1172608517568663
10807,1019,34.01438,-118.45617,1.514793705290172
10808,1019,34.27091,-118.74407,1.1327050261369394
10809,1019,34.05933,-118.64614,-0.4047675753419762
10811,1019,33.829,-117.789,-0.8746510306759657
10812,1019,34.30302,-119.18676,1.1031702381532775
10813,1019,33.664,-117.769,-0.959999036492908
10814,1019,33.79033,-118.19878,-0.5107828281645905
10815,1019,34.106,-117.098,0.4316001690089607
10817,1019,34.52775,-119.97834,0.4814499899302294
10818,1019,34.38203,-117.67822,0.3715416789524726
10820,1019,35.14592,-119.41946,0.2046382720456603
10824,1019,34.01919,-118.28631,-1.7094289069108188
10825,1019,34.48364,-118.11783,0.1204339797310371
10826,1019,35.84089,-119.08469,-0.7874160415146721
10827,1019,34.56065,-117.3296,0.0066149796121917
10828,1019,35.53664,-118.14035,1.0198875212010887
10831,1019,34.51085,-119.27407,-0.3765842080630441
10832,1019,34.00948,-117.95077,-0.4015788321071866
10833,1019,34.1717,-118.64971,1.718062147928536
10834,1019,33.94869,-118.25547,-0.8760968905634566
10835,1019,33.99,-118.312,-0.0175256325986259
10836,1019,34.312,-118.496,0.5413227825913143
10837,1019,34.313,-118.498,-0.2936674655514509
10838,1019,34.3082,-118.5005,0.4279988214946793
10839,1019,34.148,-118.371,-0.9144124951931856
10840,1019,34.194,-118.589,-0.9340652647877936
10841,1019,34.045,-118.522,0.7446558012738004
10842,1019,34.196,-118.341,-0.7869105188668782
10843,1019,34.004,-118.287,0.3580654914922593
10844,1019,34.029,-118.483,3.038312453933961
10845,1019,34.25,-118.536,0.0334451690072774
10846,1019,34.434,-118.532,-0.0741826791962119
10847,1019,34.236,-118.439,-0.8035017523474118
10848,1019,34.296,-118.375,1.0876926637866422
10849,1019,34.289,-118.746,2.139248279929408
10850,1019,34.459,-118.65,0.7677508740742179
10851,1019,34.387,-118.533,2.114979306013061
10852,1019,34.013,-118.8,0.8455460625873447
10854,1019,34.154,-118.463,0.1328782535598882
10855,1019,34.327,-118.444,0.5418230091316473
10856,1019,34.219,-118.429,-0.8165110473699935
10857,1019,34.273,-118.464,-0.0308403618895871
10858,1019,34.146,-118.413,0.9660224657198654
10859,1019,34.163,-118.5,-0.0473668479469848
10860,1019,34.219,-118.627,0.2947217544992986
10861,1019,34.229,-118.527,1.6967603917539709
10862,1019,34.222,-118.57,-0.3897436211172412
10863,1019,34.167,-118.596,0.072449235805712
10864,1019,34.097,-118.352,0.5244060897519915
10865,1019,34.103,-118.316,0.39910380499853
10866,1019,34.084,-118.307,1.2347633419877304
10867,1019,34.199,-118.396,-0.4542697672787409
10868,1019,34.059,-118.479,0.3763144344348845
10869,1019,34.07,-118.346,-0.8998578657745072
10870,1019,34.413,-118.796,1.1194141053109026
10871,1019,34.185,-118.884,0.0936757639433822
10872,1019,34.186,-118.929,2.0508335113473204
10873,1019,34.18,-118.76,0.7982026110558044
10874,1019,34.271,-118.735,1.570830813376647
10875,1019,34.262,-118.669,0.4677947988530652
10876,1019,34.224,-118.994,1.2366300285321052
10877,1019,34.257,-118.995,1.6780055137576375
10878,1019,34.139,-118.364,-0.4126374772376803
10879,1019,34.193,-118.547,-0.2474151286179526
10880,1019,34.03,-118.434,1.1474082152230238
10881,1019,34.18,-118.336,-0.6267630852163099
10882,1019,34.007,-118.436,2.035803697783523
10883,1019,34.044,-118.443,1.358534987611911
10884,1019,34.168,-118.379,-0.5417797099332489
10885,1019,34.257,-118.503,-0.722062266825071
10886,1019,34.222,-119.04,0.7138073374175953
10887,1019,34.113,-119.119,2.1553374000130643
10888,1019,34.208,-119.079,1.305926949020258
10889,1019,34.6172,-118.285,0.8736275486499894
10891,1019,34.13065,-118.49205,-1.122686281393539
10892,1019,34.1851,-118.447,-1.0305828176567573
10894,1019,34.193,-118.51,-0.0203648744100352
10895,1019,34.2772,-118.56,1.3163681810639074
10896,1019,34.28963,-118.50124,-0.5652763138007617
10897,1019,34.24734,-118.60349,-0.379042645121423
10899,1019,34.24892,-118.4789,-0.6178018012213639
10900,1020,33.3527,-115.733,-1.3673151873274263
10901,1020,33.63461,-116.09534,-4.221585217389185
10902,1020,34.55046,-117.43391,-0.7470589114624466
10903,1020,34.68708,-118.29946,-0.9356671879670712
10904,1020,35.1269,-118.83009,-1.2190742294360797
10905,1020,32.68005,-116.67215,-0.7668086316570132
10906,1020,34.2623,-116.92075,-1.6909008402464136
10907,1020,33.921,-116.981,-0.0335487309611741
10910,1020,34.23883,-117.65853,-1.3202518369708658
10911,1020,34.069,-116.39,-0.4052555516640256
10913,1020,33.268,-116.417,-0.7500806367462568
10914,1020,33.80776,-117.98116,0.238727082326609
10915,1020,33.01213,-115.21987,-2.868202363748753
10916,1020,34.68224,-118.57398,0.8440515721712316
10917,1020,33.4915,-116.667,-3.3166172171302137
10918,1020,33.38822,-117.19495,2.452980324959809
10919,1020,35.52495,-117.36453,1.3867606581069771
10922,1020,33.999,-117.68,0.6536424263629717
10923,1020,33.4019,-118.41502,0.1440678720507122
10925,1020,33.655,-115.99,-0.798986673710974
10926,1020,34.63745,-115.38115,-1.2711189714501747
10927,1020,34.25353,-118.33383,1.364980822110159
10928,1020,33.93597,-116.57794,-0.7676364797470823
10929,1020,33.65,-117.009,0.3395235199191277
10930,1020,34.10618,-118.45505,-0.3686480292182714
10931,1020,33.567,-116.631,1.2518154539349555
10932,1020,32.999,-116.942,-0.0930981335359477
10936,1020,33.11675,-115.82267,-0.8255175956828498
10937,1020,33.71264,-118.29381,-0.6817840249288213
10938,1020,33.051,-114.827,-0.3141316386148704
10940,1020,33.1537,-117.22921,0.3582438182087121
10941,1020,35.30177,-116.80574,-1.0631380740519754
10942,1020,34.8294,-116.335,-0.9452962501435592
10944,1020,33.0859,-116.5959,0.3336146282486711
10945,1020,35.98249,-117.80885,0.1970545260190933
10946,1020,34.36622,-116.61266,-7.120882625679806e-05
10947,1020,35.13066,-115.18416,-0.185305619861907
10948,1020,34.9906,-118.34156,0.1068322453274202
10949,1020,34.80762,-118.86775,0.0820967474255045
10950,1020,33.684,-117.943,1.3067382574549382
10951,1020,34.3656,-117.36683,-0.2672486002483264
10952,1020,33.3516,-116.5615,-1.7846018496028166
10953,1020,33.818,-116.369,0.5684272544008372
10955,1020,34.005,-117.562,1.3154145957800023
10956,1020,36.05799,-117.48901,-1.1657478410491402
10957,1020,33.808,-116.968,0.6022144544319682
10958,1020,33.6,-117.195,3.01406562335633
10959,1020,34.78035,-116.55798,-0.9959161298180884
10960,1020,34.76759,-114.61881,-0.6161146851442414
10961,1020,33.556,-115.946,-1.949878648376356
10962,1020,33.94539,-117.92372,1.041808542713688
10963,1020,32.608,-116.93,-0.5091531702555914
10964,1020,34.6145,-118.7235,-1.715237423669956
10966,1020,34.1207,-117.63808,1.2437216111838103
10967,1020,33.862,-117.205,-0.0544043481678206
10969,1020,33.354,-116.863,1.2078605109654772
10970,1020,33.7953,-117.60906,1.2230469221142013
10972,1020,33.824,-116.55,-0.3709036234034681
10973,1020,34.09181,-117.80709,0.1404905290351401
10974,1020,33.63,-116.8478,-0.1116616567711688
10975,1020,34.281,-118.478,1.1599160937231852
10976,1020,34.10473,-117.97956,0.6745055343536759
10977,1020,33.74346,-118.40412,1.0947520470093708
10978,1020,34.87533,-116.99684,-0.3237686291917537
10979,1020,34.05073,-118.08085,0.3542461565918745
10980,1020,33.99351,-117.37545,0.1013666183975107
10981,1020,33.2801,-115.98585,1.4148533216116757
10983,1020,34.232,-117.235,-0.6764026966650097
10984,1020,33.553,-117.662,1.1656188971009995
10985,1020,32.784,-117.13805,0.6934627430580195
10987,1020,35.8996,-116.27515,-0.1207016540074174
10988,1020,35.89095,-117.28332,1.7195882454464275
10989,1020,33.834,-116.797,1.0272460103655916
10990,1020,34.05933,-118.64614,0.3347658128271317
10991,1020,33.829,-117.789,0.9364623521948322
10992,1020,33.664,-117.769,0.3076548338423203
10993,1020,34.106,-117.098,0.2184203274048113
10994,1020,32.94508,-115.79988,-1.1485532734807704
10995,1020,34.38203,-117.67822,0.4228736803762847
10999,1020,34.48364,-118.11783,-0.1167506921304594
11000,1020,34.56065,-117.3296,-0.0077030073280726
11001,1020,35.53664,-118.14035,0.5415714039819923
11002,1020,32.75904,-115.73161,0.1313233594862028
11003,1020,34.00948,-117.95077,1.630824250430108
11004,1020,34.1717,-118.64971,2.6625631329722643
11005,1021,37.41702,-121.9154,0.3397107268011016
11006,1021,37.34655,-121.80774,-0.7300987222508422
11007,1021,37.40718,-122.00001,-0.436774534386591
11008,1021,37.376,-121.84367,-1.5007564520704386
11009,1021,37.27117,-121.98617,-0.4694025073575065
11010,1021,37.45098,-122.4287,0.8871374427998561
11011,1021,37.71633,-122.43117,2.256197542435391
11012,1021,37.41395,-121.87085,-0.789773499238659
11013,1021,37.36408,-122.01817,0.4981184554972462
11014,1021,37.87622,-122.23558,-0.9650503234431816
11015,1021,37.91881,-122.15176,-1.1656601055172993
11016,1021,37.87352,-122.26099,-1.701898055463207
11017,1021,37.85727,-122.42266,1.7280656844047633
11018,1021,37.45035,-121.80037,-1.94458295231332
11019,1021,37.74766,-121.70843,0.0345885286894789
11020,1021,37.37289,-121.76887,-1.6285696805999867
11021,1021,37.73786,-122.06486,1.978975661320678
11022,1021,38.03455,-120.38651,-0.5341391984790784
11023,1021,37.81041,-121.80272,-0.491240106784029
11024,1021,37.69782,-123.0011,-1.4553216043190091
11025,1021,36.3887,-121.5514,0.4858613251377276
11026,1021,37.34305,-122.33976,1.559510730744362
11027,1021,37.31861,-122.15314,-1.0027985818044878
11028,1021,37.17217,-122.01121,1.6013068547819294
11029,1021,37.04922,-121.80722,0.277986474381628
11030,1021,37.36045,-122.18986,0.322625827054397
11031,1021,37.51604,-122.45815,0.81502169491844
11032,1021,37.21427,-122.17168,0.9856850748343589
11033,1021,37.20631,-121.97726,0.3976916289701146
11034,1021,37.15432,-121.73467,1.5872541626510963
11035,1021,37.63719,-122.47482,0.0777142425710127
11036,1021,37.2708,-122.21276,1.1124947821765618
11037,1021,37.19855,-122.34671,0.8553341213786039
11038,1021,37.40373,-122.23868,-0.3464505790502828
11039,1021,37.58225,-122.42006,2.0295689731367106
11040,1021,37.40372,-122.17596,0.8566388896918414
11041,1021,37.28397,-122.05017,-0.7407692359868203
11042,1021,37.58644,-122.50217,0.9773579095077064
11044,1021,37.6444,-118.89683,1.880302995221847
11045,1021,38.14478,-122.88018,-0.2388890884033774
11046,1021,37.34164,-121.64257,-0.4962046517032456
11047,1021,37.65909,-118.97907,1.7485099647210331
11048,1021,38.00198,-122.47466,1.930816427152339
11049,1021,38.33656,-122.81082,1.993505796732176
11050,1021,38.16488,-122.71296,0.2090293360120913
11051,1021,38.07601,-122.2585,0.4625031734513454
11052,1021,37.92371,-122.59649,0.5721893048879318
11053,1021,36.851,-121.402,0.9172338826337147
11054,1021,37.402,-122.025,0.1978275001454886
11055,1021,37.553,-122.091,0.449224535478602
11057,1021,36.891,-121.404,0.7420213633109077
11058,1021,36.973,-121.568,-0.0850949035862782
11059,1021,36.86,-121.54,0.0708005629512021
11060,1021,36.982,-121.556,-0.470839704595594
11061,1021,36.987,-121.536,-0.1205556844008907
11062,1021,37.05,-121.803,0.185875560159797
11063,1021,37.035,-121.57,-2.054377315799067
11064,1021,37.118,-121.55,-0.5738413527004618
11065,1021,37.026,-121.484,1.6215349420025829
11066,1021,37.008,-121.287,-0.3597626127444496
20927,1021,38.99349,-123.07234,-3.8391000613119175
20929,1021,38.87874,-122.44277,-3.2058183756315364
20930,1021,37.81647,-122.06302,-0.8446133482667512
20931,1021,37.25898,-121.67311,-1.033974703589801
20932,1021,37.9889,-122.2156,0.7376826338981181
20933,1021,37.94906,-122.40851,-0.0424892297040128
20934,1021,37.72416,-122.11929,1.1658127203680284
20935,1021,37.80787,-122.3618,1.3399126995548325
20936,1021,37.12043,-122.1552,-0.8364320150454232
20937,1021,37.51704,-122.37731,0.8020923413928192
20938,1021,37.67433,-122.39855,0.6880525318077884
20939,1021,37.16067,-121.89899,2.20906237347285
20940,1021,37.92144,-122.71806,0.6558259884663733
20941,1021,38.04962,-122.52331,1.86927325407594
20942,1021,38.12282,-122.14921,0.3837735609766575
20943,1021,38.233,-122.636,0.6928581128037817
20944,1021,37.76021,-122.41524,0.8912052935731101
20945,1021,37.77737,-122.39689,0.0250028039386415
20946,1021,37.76386,-122.4736,1.761242643990489
20947,1021,37.762,-122.505,1.4138365364791874
20948,1021,37.40701,-122.0946,-0.3890553488779777
20949,1021,37.4748,-122.2392,-0.3206375293008625
20950,1021,37.30249,-121.97978,-0.4811704445844226
20951,1021,37.26748,-121.86656,-1.127157187856324
20952,1021,37.26352,-121.91617,-1.2784160386941348
20953,1021,37.30143,-121.9039,-0.1229907999980735
20954,1021,37.31816,-121.94354,1.0807700240447755
20955,1021,37.3066,-121.84915,-0.7701700943653095
20956,1021,37.68,-121.739,-0.900864097808276
20957,1021,37.59094,-122.36741,1.347127836865324
20958,1021,37.74766,-122.42528,1.3076523085463825
20959,1021,37.74664,-122.38679,0.6843216417815743
20960,1021,37.39415,-122.06041,-0.1795022128615279
20961,1021,37.59268,-122.07449,1.0615358242024688
20962,1021,37.71737,-121.72701,-1.0028138833781186
20963,1021,37.67928,-122.48405,2.215635703802646
20964,1021,37.91056,-122.53778,1.125599770593552
20965,1021,37.88767,-122.29916,-0.3172867614570297
20966,1021,38.03445,-122.27016,-0.4743770882367884
20967,1021,37.74484,-122.40134,0.489790943832802
20968,1021,37.77934,-122.486,1.319553313032571
20969,1021,37.81076,-122.29252,-0.4493927826048114
20970,1021,37.8251,-122.27606,0.3980660315133728
20971,1021,37.7986,-122.2684,0.0238197899547978
20972,1021,37.72416,-122.44841,0.6355726256140062
20973,1021,37.6806,-121.92098,-0.5009978040902653
20974,1021,37.86059,-122.29327,-0.120533659124422
20975,1021,37.85835,-122.25252,0.502779373498672
20976,1021,38.29027,-122.46125,-1.2914797197926309
20977,1021,37.37418,-122.0781,-0.39492303072183
20978,1021,38.4421,-122.6068,-0.4280118200742164
20979,1021,37.69169,-122.16982,0.2705452981395537
20980,1021,37.23294,-121.77186,-0.934365265747174
20981,1021,37.38332,-121.91088,-0.8516802404004161
20982,1021,37.28537,-121.93602,-1.2354443814473155
20983,1021,37.35834,-121.97775,-0.599779567419593
20984,1021,37.68873,-121.78351,-1.229533503613669
20985,1021,37.72688,-122.15092,0.0285956220586053
20986,1021,37.8852,-122.03217,-0.937996677326144
20987,1021,37.16346,-121.62645,-3.12992571677777
20988,1021,37.7294,-121.83346,-0.1521544544251118
20989,1021,37.85884,-121.99264,-0.2575075260813219
20990,1021,37.91233,-121.90716,-1.0030419730498958
20991,1021,38.02691,-122.01599,-0.8569675596578537
20992,1021,38.80797,-122.7953,-2.5790422773388
20995,1021,38.43951,-122.25272,-1.5050125078403511
20996,1021,38.26021,-122.55179,-0.4045059709405326
20997,1021,38.30988,-122.943,0.1115634055799976
20998,1021,38.46769,-122.89651,-0.2335973893645335
20999,1021,38.28043,-122.21582,-1.3529972921219289
21000,1021,38.15486,-121.80438,-1.043156938564873
21001,1021,38.65651,-122.61441,-0.6138881743807392
21002,1021,38.04248,-122.79684,1.438899277694665
21003,1021,37.99642,-123.01949,-0.716358891412362
21004,1021,38.34878,-122.57795,0.3517387943295644
21005,1021,38.14361,-122.44969,-0.6526898584757049
21006,1021,38.24039,-122.79842,-0.1550460232172393
21007,1021,38.38921,-122.66297,0.1093282659573629
11067,1022,37.34655,-121.80774,0.5468573461435275
11068,1022,37.27117,-121.98617,0.3788093442546462
11069,1022,37.16346,-121.62645,-1.3767973863944638
11070,1022,37.85727,-122.42266,1.0719603424513513
11071,1022,37.04922,-121.80722,0.0210852759667208
11072,1022,37.21427,-122.17168,1.026865578561987
11073,1022,37.20631,-121.97726,0.4542459157315016
11074,1022,37.15432,-121.73467,1.7199044201730644
11075,1022,37.2708,-122.21276,0.9494298781673762
11076,1022,37.19855,-122.34671,0.7361718222897922
11077,1022,37.28397,-122.05017,0.2989018713640714
20610,1022,37.91881,-122.15176,-1.1716426466771186
20611,1022,37.87352,-122.26099,-2.255958110732917
20612,1022,38.03455,-120.38651,-0.8471580258226363
20613,1022,37.69782,-123.0011,-2.010494447049695
20615,1022,37.34164,-121.64257,-0.2831523112830479
20616,1022,38.87874,-122.44277,-2.860654803626946
20618,1022,37.008,-121.287,1.059832014369504
20619,1022,37.81647,-122.06302,-0.779153728525774
20620,1022,37.25898,-121.67311,0.4143358230109334
20621,1022,37.9889,-122.2156,-0.117719393932722
20622,1022,37.94906,-122.40851,-0.2993143158595007
20623,1022,37.72416,-122.11929,0.4404200798748732
20624,1022,37.80787,-122.3618,0.8420554942186049
20625,1022,37.12043,-122.1552,0.4544637323456492
20626,1022,37.51704,-122.37731,0.5968113230933028
20627,1022,37.16067,-121.89899,2.6182789800725823
20628,1022,37.92144,-122.71806,-0.2005552179197336
20629,1022,38.04962,-122.52331,0.9011817125661072
20630,1022,37.76021,-122.41524,0.1498348667071679
20631,1022,37.54187,-122.30471,0.183651908787604
20632,1022,37.26352,-121.91617,-0.0246498941224471
20633,1022,37.30143,-121.9039,0.3623005534430608
20634,1022,37.31816,-121.94354,0.9892815678696936
20635,1022,37.3066,-121.84915,-0.8252237811728598
20636,1022,37.68,-121.739,-1.0228253223422994
20637,1022,37.41702,-121.9154,0.0375180055770866
20638,1022,37.59094,-122.36741,0.5179744394320214
20639,1022,37.40718,-122.00001,-0.4337837270297794
20640,1022,37.39415,-122.06041,0.2805410991433807
20641,1022,37.376,-121.84367,-0.9881227808763248
20642,1022,37.59268,-122.07449,-0.4737693840544195
20643,1022,37.71737,-121.72701,-0.8975067441138334
20644,1022,37.67928,-122.48405,0.955746280111276
20645,1022,37.91056,-122.53778,0.3540160096976382
20646,1022,37.74484,-122.40134,-0.0196601541095124
20647,1022,37.71633,-122.43117,1.2193244398794576
20648,1022,37.81076,-122.29252,-0.7389630636691745
20649,1022,37.72416,-122.44841,-0.1654708745469658
20650,1022,37.41395,-121.87085,0.088169164530926
20651,1022,37.6806,-121.92098,-0.8394026072954732
20652,1022,37.69169,-122.16982,-0.1215407887829791
20653,1022,37.23294,-121.77186,0.6189034960794619
20654,1022,37.38332,-121.91088,0.1244762374050132
20655,1022,37.28537,-121.93602,-0.1605642454796141
20656,1022,37.35834,-121.97775,0.5461495072580504
20657,1022,37.68873,-121.78351,-1.287835893674831
20658,1022,37.8852,-122.03217,-0.8828385976027413
20659,1022,38.01299,-122.13416,0.4540823949836257
20660,1022,37.74766,-121.70843,-0.1319340115916775
20661,1022,37.7294,-121.83346,0.4813523067550832
20662,1022,37.37289,-121.76887,-0.8078956333361547
20663,1022,37.73786,-122.06486,0.933180230868479
20664,1022,37.85884,-121.99264,-0.1285168930129855
20665,1022,37.91233,-121.90716,-1.142467446564764
20666,1022,38.02691,-122.01599,-1.0492316079902837
20667,1022,37.34305,-122.33976,1.265995966765985
20668,1022,37.31861,-122.15314,-0.7227483113163018
20669,1022,37.17217,-122.01121,1.9192159571886025
20670,1022,37.36045,-122.18986,0.0581389310921225
20671,1022,37.51604,-122.45815,0.1254081950168215
20672,1022,37.63719,-122.47482,-1.1905653666661968
20673,1022,37.58225,-122.42006,0.3365918223939317
20674,1022,37.40372,-122.17596,0.4350935124881447
20675,1022,37.58644,-122.50217,-0.5535894138188237
20676,1022,38.26021,-122.55179,-0.8885861775378893
20677,1022,38.30988,-122.943,-0.4072547419338479
20678,1022,38.33656,-122.81082,1.115183111857134
20679,1022,38.15486,-121.80438,-0.7943260577612404
20680,1022,38.16488,-122.71296,-0.1919920732522688
20681,1022,38.07601,-122.2585,-0.4550575120511424
20682,1022,38.04248,-122.79684,0.2726319621325673
20683,1022,38.14361,-122.44969,-0.8534290251446801
20684,1022,38.38921,-122.66297,0.4822972066057276
11078,1023,38.441,-122.701,0.421291700611735
11079,1023,37.762,-122.505,1.2961049333848442
11080,1023,37.67928,-122.48405,2.058319551051345
11081,1023,37.91056,-122.53778,2.4001722925829827
11082,1023,38.03445,-122.27016,-0.2885290321871291
11083,1023,37.71633,-122.43117,2.449425448764524
11084,1023,38.29027,-122.46125,0.6063654039473719
11085,1023,38.4421,-122.6068,-0.7288929495282109
11086,1023,38.36743,-122.52403,0.8658213407928136
11087,1023,37.95397,-121.86554,-1.087423317264084
11088,1023,37.87622,-122.23558,-0.6819120775326999
11089,1023,37.91881,-122.15176,-0.9367823589889182
11090,1023,37.87352,-122.26099,-0.5141380460233888
11091,1023,37.85727,-122.42266,1.5860767902876225
11092,1023,37.74766,-121.70843,1.1224363723012072
11093,1023,37.7294,-121.83346,0.8997180516770776
11094,1023,37.37289,-121.76887,-0.8579051519297808
11095,1023,37.73786,-122.06486,0.6862527914887757
11096,1023,37.81041,-121.80272,1.048602360002796
11097,1023,37.85884,-121.99264,1.0021629810780648
11098,1023,37.91233,-121.90716,-0.107039970090451
11099,1023,38.02691,-122.01599,1.0303422784091936
11100,1023,38.34526,-122.4584,0.6334475189979945
11101,1023,37.69782,-123.0011,0.613989521723823
11102,1023,38.76927,-123.01486,-0.2807971152794465
11103,1023,38.80797,-122.7953,-0.8027697399964038
11104,1023,37.34305,-122.33976,0.512773807147741
11105,1023,37.31861,-122.15314,0.3428677710399644
11106,1023,37.17217,-122.01121,2.038677794740793
11107,1023,37.04922,-121.80722,-0.2769647627639783
11108,1023,37.36045,-122.18986,1.2125047546623051
11109,1023,37.51604,-122.45815,1.0529978856373112
11110,1023,37.21427,-122.17168,1.248231537765124
11111,1023,37.15432,-121.73467,1.2142103737222796
11112,1023,37.63719,-122.47482,0.637342084234525
11113,1023,37.2708,-122.21276,1.9214093635934453
11114,1023,37.19855,-122.34671,0.0247968184746705
11115,1023,37.40373,-122.23868,0.8522031638500431
11116,1023,37.58225,-122.42006,2.2221284516244806
11117,1023,37.40372,-122.17596,0.7662597730891978
11118,1023,37.28397,-122.05017,-0.1790479558549039
11119,1023,37.58644,-122.50217,2.31506395793922
11120,1023,38.87874,-122.44277,-1.8061625934466727
11121,1023,38.43951,-122.25272,0.7315031408489141
11122,1023,38.26021,-122.55179,0.0769990876253213
11123,1023,38.00198,-122.47466,1.6804408266846496
11124,1023,38.30988,-122.943,-0.5719600468578642
11125,1023,38.46769,-122.89651,0.2190215789425993
11126,1023,38.28043,-122.21582,-0.4642787229240437
11127,1023,38.65651,-122.61441,-0.2903088203803025
11128,1023,38.16488,-122.71296,-0.2620849285373714
11129,1023,38.07601,-122.2585,0.5512149022907993
11130,1023,38.04248,-122.79684,1.536213116202801
11131,1023,37.99642,-123.01949,-0.1073946392469357
11132,1023,38.34878,-122.57795,0.8079379190843509
11133,1023,37.92371,-122.59649,1.1554256573495354
11134,1023,38.24039,-122.79842,-0.747202033252403
11135,1023,38.38921,-122.66297,-0.2404281955155254
11136,1023,39.2291,-121.7861,-0.5956160666995061
11137,1023,37.62211,-121.75697,-0.9581389830111092
11138,1023,37.7934,-122.41636,0.3019616501653155
11139,1023,37.808,-122.476,1.499009090691756
11140,1023,38.267,-122.658,-0.0778069852301411
11142,1023,38.33,-122.318,0.5889596822596674
11143,1023,37.705,-122.467,2.294892986336887
11144,1023,38.27,-122.276,0.328043195121086
11145,1023,38.497,-122.759,-0.7674784159299489
11146,1023,38.438,-122.708,0.5701035195265145
11147,1023,38.471,-122.726,-0.3419243068790135
11148,1023,38.1157,-122.505,0.6972364580577096
19869,1023,38.03455,-120.38651,-1.7026861288035668
19870,1023,39.65471,-122.71595,-4.683754177672014
19872,1023,38.99349,-123.07234,-3.5963041399961586
19873,1023,40.81745,-124.02955,-5.022868653856792
19874,1023,38.14478,-122.88018,-0.0805724319501948
19875,1023,37.34164,-121.64257,-1.1152581791707634
19876,1023,39.55451,-121.50036,-2.6468286629267137
19877,1023,37.008,-121.287,0.1987640748487265
19880,1023,36.76403,-121.44722,-2.0081543895167067
19881,1023,37.81647,-122.06302,-0.1087835355696436
19882,1023,37.25898,-121.67311,-0.6254252333764625
19883,1023,37.9889,-122.2156,0.5276070051147801
19884,1023,37.94906,-122.40851,0.3778240886247397
19885,1023,37.72416,-122.11929,0.2855261162947641
19886,1023,37.80787,-122.3618,1.011476306159751
19887,1023,37.12043,-122.1552,-0.2151561773698121
19888,1023,37.51704,-122.37731,0.8430025973253259
19889,1023,37.67433,-122.39855,1.561638883674007
19890,1023,37.16067,-121.89899,2.161229859097879
19891,1023,38.04962,-122.52331,2.6779479753367705
19892,1023,38.12282,-122.14921,-0.0571157786918315
19893,1023,38.20025,-122.4644,1.6768437030261152
19894,1023,38.233,-122.636,-0.2932153919097911
19895,1023,37.76021,-122.41524,0.8295905436538376
19896,1023,37.77737,-122.39689,1.2765699083634263
19897,1023,37.76386,-122.4736,2.08619821180098
19898,1023,37.40701,-122.0946,-0.5892340630807728
19899,1023,37.4748,-122.2392,-0.159556818273249
19900,1023,37.16346,-121.62645,-1.2287241133411095
19901,1023,37.45035,-121.80037,-1.0485901573463163
19902,1023,37.20631,-121.97726,0.8654486966360502
19903,1023,40.4756,-124.3375,-3.4599571330594743
19904,1023,40.6599,-123.21966,-4.090352333795686
19905,1023,40.8748,-123.7325,-4.700482064275229
19906,1023,40.4175,-124.1206,-4.348111558677371
19907,1023,40.2022,-123.7086,-3.897261508517997
19911,1023,40.5119,-121.5816,-1.8541699729705288
19914,1023,38.15486,-121.80438,-0.8464445755000808
19915,1023,38.14361,-122.44969,0.2519566528113248
19917,1023,36.2159,-120.80126,-1.7378570043891182
11167,1025,34.084,-118.6,-0.681705190884521
11168,1025,34.14647,-118.76699,-0.7515710608453133
11169,1025,35.1269,-118.83009,-0.8028798217649366
11170,1025,34.2623,-116.92075,0.62308745809087
11171,1025,34.94009,-119.41313,-1.060262619098273
11172,1025,34.23883,-117.65853,0.0608425504227672
11173,1025,33.80776,-117.98116,0.5322047767786613
11174,1025,34.68224,-118.57398,0.7395046577243066
11175,1025,35.30819,-119.84583,-2.078372218374213
11177,1025,33.999,-117.68,0.3654714571326477
11178,1025,33.4019,-118.41502,0.4673700289862935
11179,1025,32.8889,-117.1051,-0.0423412332159274
11180,1025,34.25353,-118.33383,0.3226199861353725
11181,1025,33.65,-117.009,0.6037399141795401
11182,1025,34.10618,-118.45505,0.148925778510452
11183,1025,33.567,-116.631,1.2445840806530768
11184,1025,32.999,-116.942,-0.1489676959052882
11186,1025,34.72832,-119.98803,-1.1049964125393077
11187,1025,33.71264,-118.29381,1.437505356755315
11188,1025,34.55266,-120.50235,-0.3676566048251255
11189,1025,35.30177,-116.80574,0.6676781318240718
11190,1025,34.8294,-116.335,1.293558278798468
11191,1025,35.66278,-118.47403,-2.532127843664442
11192,1025,33.86889,-118.33143,0.7295611050881605
11193,1025,33.798,-118.08837,0.670583416835746
11194,1025,34.00033,-118.37794,1.0460104614546188
11195,1025,34.9906,-118.34156,-0.537264056612679
11196,1025,34.30529,-118.48805,-0.6226034691574113
11197,1025,33.9753,-118.14918,0.017976940385827
11198,1025,34.10819,-119.06587,-1.7414918956352785
11199,1025,33.684,-117.943,1.465505277254286
11200,1025,34.28085,-118.9049,-0.0722413685207486
11201,1025,34.88848,-119.81362,-1.556103632751237
11202,1025,34.22362,-118.05832,1.0541039294557806
11203,1025,34.53412,-120.17737,-0.6945253796129941
11204,1025,33.94539,-117.92372,1.68457210519295
11205,1025,34.6145,-118.7235,-1.9292506199649493
11206,1025,34.44199,-118.58215,0.1937126570476806
11207,1025,33.96273,-118.43702,1.2936179005985806
11208,1025,33.354,-116.863,-0.1237446376595908
11209,1025,33.7953,-117.60906,1.1253504768865676
11210,1025,34.09181,-117.80709,0.6687840152339413
11211,1025,34.39558,-118.49837,-0.5730025135803137
11212,1025,33.63,-116.8478,-0.365231978256658
11213,1025,34.10473,-117.97956,0.1750392324020884
11214,1025,33.74346,-118.40412,1.388624261930271
11215,1025,34.05073,-118.08085,1.0439906102716516
11216,1025,33.99351,-117.37545,-0.002934782941235
11218,1025,34.44076,-119.71492,-1.444593928691097
11220,1025,33.99543,-119.6351,-0.1490559455322026
11221,1025,33.553,-117.662,1.2095604600173155
11222,1025,34.43692,-119.1375,-1.9444376462581388
11223,1025,34.293,-119.1646,-1.969920548636581
11225,1025,34.01438,-118.45617,0.1402389824856622
11226,1025,34.27091,-118.74407,-0.4485501976426215
11227,1025,35.01108,-120.40997,-2.126131697649602
11228,1025,34.035,-116.808,0.0513095940186301
11229,1025,34.05933,-118.64614,-0.8702820771107338
11230,1025,33.829,-117.789,0.0978007980245879
11231,1025,34.30302,-119.18676,-0.1559704546994968
11232,1025,33.664,-117.769,0.3397484192932319
11233,1025,34.106,-117.098,1.3629018523724643
11234,1025,34.52775,-119.97834,-1.3073421393355578
11235,1025,34.38203,-117.67822,1.430532117559095
11237,1025,35.14592,-119.41946,-0.3907664362740378
11238,1025,34.01919,-118.28631,-0.3509857417938765
11239,1025,34.48364,-118.11783,1.0345823490341113
11240,1025,35.84089,-119.08469,-1.435468513071378
11241,1025,34.51085,-119.27407,-1.6712646426737985
11242,1025,34.00948,-117.95077,1.1060146079540216
11244,1025,33.813,-118.37,1.9937785271602548
11245,1025,33.948,-118.184,1.3470197710718437
11246,1025,34.289,-118.746,1.6441671145218348
11247,1025,34.013,-118.8,-0.3774514960251134
11248,1025,34.154,-118.463,0.8445682740665944
11249,1025,34.185,-118.623,0.1986180158782294
11250,1025,34.185,-118.884,-1.703169673722013
11251,1025,34.186,-118.929,-0.7138897099926123
11252,1025,34.141,-118.875,-1.8163113525061887
11253,1025,34.18,-118.76,-0.0303895041733457
11254,1025,34.271,-118.735,0.259771096763816
11255,1025,34.262,-118.669,0.2707678049198285
11256,1025,34.224,-118.994,-1.406519364860736
11257,1025,34.257,-118.995,0.2216864371796762
11258,1025,34.03,-118.434,1.7100971836155134
11259,1025,34.193,-118.51,0.2382742730979339
11284,1027,32.68005,-116.67215,0.1345925734250967
11285,1027,33.3527,-115.733,0.1632006922608446
11287,1027,35.2693,-116.0703,-0.329687901227333
11288,1027,34.68224,-118.57398,1.5395716899507992
11289,1027,34.155,-118.641,0.0156036090134084
11290,1027,33.44577,-118.483,-0.1811997124073082
11293,1027,34.0602,-117.809,0.0031850385021621
11294,1027,33.876,-117.561,1.2842045941362494
11295,1027,33.93597,-116.57794,-0.3436715611877492
11296,1027,33.65,-117.009,-1.2435361747332263
11297,1027,34.88303,-117.99106,0.0219103500742803
11298,1027,34.1,-117.439,-0.0531651160394182
11299,1027,35.082,-117.58267,-0.2908740539571843
11300,1027,33.8717,-117.92251,0.7412173228144125
11301,1027,36.46719,-116.86322,-1.514713372693688
11302,1027,33.051,-114.827,-1.0178338955188295
11304,1027,34.8294,-116.335,0.0844724834889845
11305,1027,35.9823,-117.8076,0.1992652766604623
11306,1027,34.15037,-118.10156,-0.6973730287602665
11307,1027,34.61462,-118.29104,0.957914201946297
11308,1027,34.61594,-117.82493,0.8984290681207742
11309,1027,35.47954,-117.68212,-0.4884959585024138
11310,1027,34.5214,-117.991,1.2444046663985546
11311,1027,34.3656,-117.36683,-1.0110211554994295
11313,1027,34.22362,-118.05832,0.6047402811632446
11314,1027,34.8249,-114.59941,-0.2591570407155155
11315,1027,33.788,-117.844,0.605304638513071
11316,1027,34.6145,-118.7235,-1.2381129267755728
11317,1027,34.1484,-118.1711,-0.8310046458439382
11318,1027,33.354,-116.863,-1.1566738272342934
11319,1027,33.7953,-117.60906,1.2425605403554758
11320,1027,33.74346,-118.40412,0.4140654285596597
11322,1027,34.05073,-118.08085,-0.429456557698065
11323,1027,33.99351,-117.37545,-0.6307103759271901
11324,1027,33.70432,-117.88578,0.9913181221720638
11326,1027,34.232,-117.235,-0.9452259140427006
11327,1027,35.8996,-116.27515,0.2740706753159497
11328,1027,33.48725,-117.68114,1.7545373851200108
11329,1027,34.01438,-118.45617,0.1030908076910046
11330,1027,34.416,-118.449,1.2034661004421066
11331,1027,33.1774,-115.616,-1.5186529245822549
11332,1027,34.106,-117.098,0.2871701945201734
11333,1027,32.94508,-115.79988,0.4739216636261264
11334,1027,34.08377,-118.599,-0.3214915587916239
11336,1027,34.15607,-118.82039,-1.56154421942221
11337,1027,34.48364,-118.11783,-0.186590674161241
11338,1027,34.56065,-117.3296,0.4609384198985865
11339,1028,34.224,-117.331,-0.2642718475855787
11340,1028,34.19988,-118.36201,-0.0942013932096639
11341,1028,34.68708,-118.29946,0.2149063389421754
11342,1028,35.1269,-118.83009,-0.0167803489727576
11343,1028,32.68005,-116.67215,1.3821393064427412
11344,1028,34.2623,-116.92075,-0.8882092294649153
11345,1028,33.921,-116.981,-0.7731236843417776
11346,1028,34.23883,-117.65853,-2.4099036728659904
11347,1028,34.069,-116.39,-0.3972067703710445
11349,1028,33.268,-116.417,-0.9269837442337728
11350,1028,33.80776,-117.98116,-0.2532366879396157
11351,1028,34.68224,-118.57398,1.8786120292175192
11352,1028,33.4915,-116.667,-3.61649030510092
11353,1028,34.13678,-118.12199,-0.4707646622682965
11354,1028,33.38822,-117.19495,0.2272537098544522
11355,1028,35.30819,-119.84583,-1.5515393260064725
11356,1028,35.52495,-117.36453,0.2643317713714372
11359,1028,33.999,-117.68,-0.7188666917644005
11360,1028,33.4019,-118.41502,-0.9463427349366508
11361,1028,34.093,-117.317,-0.2681791142602908
11363,1028,33.876,-117.561,1.025290709919472
11364,1028,33.655,-115.99,0.9540278903669658
11365,1028,34.63745,-115.38115,1.2412108988493729
11366,1028,34.25353,-118.33383,1.0999498756387454
11367,1028,33.93597,-116.57794,-0.4270756633558408
11368,1028,33.65,-117.009,0.8175048499368907
11369,1028,34.10618,-118.45505,-0.8734095786880847
11370,1028,33.84822,-118.09624,-0.5395801046304409
11371,1028,33.567,-116.631,0.1273500964473523
11372,1028,32.999,-116.942,-0.0619066829799712
11374,1028,32.65915,-116.10061,-0.0263521036962085
11377,1028,33.11675,-115.82267,-0.3566606624552764
11378,1028,34.72832,-119.98803,-1.5319012895372008
11379,1028,33.71264,-118.29381,-1.4533366877941336
11380,1028,33.8717,-117.92251,0.6809801595447885
11382,1028,33.051,-114.827,-0.19905893806731
11384,1028,33.1537,-117.22921,-1.0723138439797402
11385,1028,34.13677,-118.1283,0.9737906420006078
11386,1028,35.30177,-116.80574,-0.3457848924857335
11387,1028,34.8294,-116.335,0.0813110136781546
11388,1028,34.17643,-118.35967,-0.4873651637459971
11389,1028,34.121,-117.219,-0.6391562443907496
11391,1028,35.66278,-118.47403,-1.0183411117046195
11392,1028,33.0859,-116.5959,0.0042654212095364
11393,1028,35.98249,-117.80885,-0.2149635080143552
11394,1028,34.36622,-116.61266,0.5218520477646892
11395,1028,34.15037,-118.10156,-0.4623980867318362
11396,1028,33.597,-117.879,-1.831107430792714
11397,1028,33.86889,-118.33143,-0.762430996214623
11398,1028,34.00033,-118.37794,0.0756124583505145
11399,1028,34.9906,-118.34156,1.1155684882894732
11400,1028,34.30529,-118.48805,0.7492764516303795
11401,1028,33.9753,-118.14918,-0.1153007377327763
11402,1028,34.10819,-119.06587,0.0880675106377885
11403,1028,34.80762,-118.86775,0.0685534111484659
11404,1028,33.684,-117.943,-0.7802339096581183
11405,1028,35.47954,-117.68212,0.0329429780313954
11406,1028,33.881,-118.176,0.1743629736775818
11407,1028,34.3656,-117.36683,-0.7084379607476878
11408,1028,33.3516,-116.5615,-0.9240932352919116
11410,1028,33.818,-116.369,-0.4466221924041008
11411,1028,34.13688,-118.12601,0.4297518402696034
11413,1028,34.005,-117.562,-1.007390717445798
11414,1028,34.81258,-119.1453,-0.6358494574804213
11415,1028,36.05799,-117.48901,-0.997676049640597
11416,1028,34.88848,-119.81362,-0.8378595425911318
11417,1028,33.808,-116.968,0.8911608375603677
11418,1028,33.6,-117.195,3.851156043538616
11419,1028,34.22362,-118.05832,0.2723345695727525
11420,1028,34.78035,-116.55798,-0.4314801200531425
11421,1028,34.76759,-114.61881,0.3014697194770852
11422,1028,33.556,-115.946,0.4383577459174663
11423,1028,33.788,-117.844,0.1833972147084359
11424,1028,33.94539,-117.92372,1.3714352216376822
11425,1028,32.608,-116.93,0.290739708071737
11426,1028,34.6145,-118.7235,-1.1289437982101616
11427,1028,34.17141,-118.18523,-1.0016515766169176
11428,1028,34.44199,-118.58215,0.5927450239753773
11429,1028,34.1207,-117.63808,-0.6371378868697546
11430,1028,33.862,-117.205,-1.422526914579207
11432,1028,33.354,-116.863,-0.7661452620979058
11433,1028,33.7953,-117.60906,0.7170791927959459
11435,1028,33.824,-116.55,-1.4020150917731402
11436,1028,34.09181,-117.80709,-0.2613402917687289
11438,1028,33.63,-116.8478,-0.7898775151857997
11439,1028,34.281,-118.478,1.8036775760137915
11440,1028,34.10473,-117.97956,-1.4371836409401213
11441,1028,33.74346,-118.40412,0.1696414306248914
11442,1028,34.87533,-116.99684,0.8957213708395378
11443,1028,34.05073,-118.08085,-0.1784817223248562
11444,1028,33.99351,-117.37545,-0.841310187734282
11445,1028,33.183,-115.623,-1.890780650739456
11446,1028,33.2801,-115.98585,0.0028782220205846
11447,1028,33.70432,-117.88578,-0.9127947372684118
11450,1028,34.232,-117.235,-0.3077013037248104
11451,1028,32.915,-118.4879,0.3495354775291726
11452,1028,33.99543,-119.6351,0.425505420696592
11453,1028,33.553,-117.662,-1.5466953266090178
11454,1028,32.784,-117.13805,0.0481792276689365
11456,1028,34.43692,-119.1375,-1.6425743671736548
11457,1028,32.9333,-115.7039,-0.7434210773495098
11458,1028,32.944,-115.718,-2.4154121799707675
11459,1028,35.8996,-116.27515,1.8509012781632657
11460,1028,35.89095,-117.28332,0.8022679561433944
11461,1028,33.834,-116.797,-0.2215278435113623
11462,1028,35.3142,-119.99581,-1.6460105259653826
11463,1028,34.01438,-118.45617,-0.5689931922000727
11464,1028,34.05933,-118.64614,0.465938583996424
11466,1028,33.829,-117.789,-0.7407060033163038
11467,1028,34.30302,-119.18676,1.1280544851133223
11468,1028,33.664,-117.769,-1.9965945335035016
11469,1028,33.79033,-118.19878,-0.7840104457422096
11470,1028,34.106,-117.098,0.3715509695556836
11471,1028,32.94508,-115.79988,-0.7582510973747502
11472,1028,34.52775,-119.97834,-0.2628835673551014
11473,1028,34.38203,-117.67822,-0.157574347197527
11478,1028,34.01919,-118.28631,-0.3097847310130283
11479,1028,34.48364,-118.11783,1.2566427465382342
11480,1028,35.84089,-119.08469,-0.5471147258889169
11481,1028,34.56065,-117.3296,0.3000047794865361
11482,1028,35.53664,-118.14035,1.0591176797680342
11483,1028,32.75904,-115.73161,0.3664422818027692
11484,1028,34.51085,-119.27407,-1.2648993291509585
11485,1028,34.00948,-117.95077,-0.963470989772016
11486,1028,34.1717,-118.64971,2.5276188720173587
11487,1028,33.94869,-118.25547,0.1790121255838206
11488,1028,33.482,-116.911,2.74668569414451
11489,1028,33.787,-116.959,0.4982976813770854
11490,1028,33.729,-116.979,-0.1511782408633031
11491,1028,33.84,-117.957,-0.6746990658986826
11492,1028,33.786,-117.809,-0.3250844243603375
11493,1028,33.863,-117.742,0.3452238193002649
11494,1028,33.917,-117.443,0.5071147527951871
11495,1028,33.968,-117.252,0.5072579902305047
11496,1028,33.565,-117.264,0.9100632310865188
11497,1028,33.751,-117.015,1.1381528219635442
11498,1028,33.577,-117.131,-0.2533869308137934
11499,1028,33.818,-117.312,0.1958520476854598
11500,1028,33.699,-117.267,0.6775134187020115
11501,1028,33.604,-117.279,0.8023468239214324
11502,1028,33.884,-117.514,0.5865569984311361
11503,1028,33.876,-117.593,0.6018656046345358
11504,1028,33.951,-117.446,0.1031479811465992
11505,1028,33.496,-117.149,1.2616257401430817
11506,1028,33.662,-117.997,-0.5309300634349753
11507,1028,33.678,-117.753,-0.9326326740485564
11508,1028,33.8556,-117.54,1.475314658602752
11509,1028,33.933,-117.896,2.436784798078312
11510,1028,33.604,-117.906,-0.5288590203546238
11511,1028,33.889,-117.886,0.9561230457592002
11512,1028,33.932,-117.955,1.2500923596546607
11513,1028,33.927,-117.803,0.4254006256961035
11514,1028,33.791,-117.968,1.0263884662311653
11515,1028,33.676,-117.963,0.1054289272551107
11516,1028,33.819,-117.85,-0.2684528425750359
11517,1028,33.748,-117.844,-1.5167839248202577
11518,1028,33.742,-117.894,-1.0905776711785584
11519,1028,33.716,-117.904,-1.1955472387428736
11520,1028,33.7,-117.88,-0.3864134582018867
11521,1028,33.895,-117.32,-0.0318981225413066
11522,1028,33.975,-117.486,0.2811616711670899
11523,1028,33.669,-117.332,-1.312371916522546
11524,1028,33.748,-117.127,0.8323650846027609
11525,1028,33.787,-117.23,-0.0664276609573104
11526,1028,33.649,-117.205,0.6590812681193634
11527,1028,33.723,-118.026,0.9665525544252762
11528,1028,33.962,-118.065,0.2834404164057584
11529,1028,33.924,-118.167,0.9244479830784862
11530,1028,33.883,-118.117,0.2657434388763975
11531,1028,33.946,-118.0,1.0808906600822985
11532,1028,33.818,-118.108,1.1372898282283062
11533,1028,34.065,-117.893,0.9940099278599184
11534,1028,34.057,-117.698,0.5595750829181191
11535,1028,34.033,-117.312,0.3851548051309705
11536,1028,34.112,-117.681,-0.7884539868956649
11537,1028,34.014,-117.511,-0.3029171089196544
11538,1028,34.123,-117.54,-1.0450494582417225
11539,1028,34.056,-117.748,1.0722741432591902
11540,1028,34.096,-117.287,0.6440855306771222
11541,1028,34.063,-117.784,1.122664791300214
11542,1028,34.069,-117.398,-0.1723487267266086
11543,1028,34.1,-117.434,-0.5624521217882789
11544,1028,34.021,-117.866,1.6247990795507852
11545,1028,34.121,-117.738,0.8398759449809795
11546,1028,34.002,-118.077,0.8622225706339819
11547,1028,34.193,-117.427,-1.2634504911405526
11548,1028,34.00469,-117.22393,-0.4200980617790568
11549,1028,34.051,-117.25,0.6404699793352412
11550,1028,33.59967,-117.866,-0.4428357786960024
11551,1028,33.82177,-116.96836,0.6003662599627057
11552,1028,34.103,-117.349,-0.5046324122431638
11554,1028,34.14,-117.294,-0.5071513725494341
11555,1028,34.058,-117.305,1.6947241521836516
11556,1028,34.205,-117.365,0.0868854042684015
11558,1028,34.233,-117.482,0.2758814765994444
11559,1028,34.0869,-117.3114,-0.008315847340262
11560,1028,33.852,-117.451,2.5998057575227755
11584,1030,37.95397,-121.86554,-2.304495128975176
11585,1030,37.87622,-122.23558,-1.154811914201318
11586,1030,37.91881,-122.15176,-1.478962192404479
11587,1030,37.16346,-121.62645,-1.6568095493545076
11588,1030,37.74766,-121.70843,0.1542489044425334
11589,1030,37.7294,-121.83346,0.327204445661319
11590,1030,38.03455,-120.38651,-0.4644985097586561
11591,1030,37.34305,-122.33976,1.165083515266639
11592,1030,37.17217,-122.01121,1.2541646567595686
11593,1030,37.21427,-122.17168,1.4091637153455945
11594,1030,37.20631,-121.97726,0.5689058003603173
11595,1030,37.15432,-121.73467,0.6415278161902617
11596,1030,37.19855,-122.34671,0.4318940291944079
11597,1030,37.40373,-122.23868,-1.241935641118282
11598,1030,37.58225,-122.42006,0.2572528202692889
11599,1030,37.40372,-122.17596,0.5325476892242424
11600,1030,37.28397,-122.05017,-0.2092873203110423
11601,1030,37.6444,-118.89683,3.126306613442692
11602,1030,37.34164,-121.64257,-0.7220347976587891
11603,1030,37.65909,-118.97907,3.02899474387792
11605,1030,36.76403,-121.44722,0.6654265883264574
11606,1030,37.62211,-121.75697,-0.9897725887751244
11607,1030,36.851,-121.402,1.3522504403723297
11608,1030,36.891,-121.404,0.8364382312636388
19470,1030,37.87352,-122.26099,-2.137375767728299
19471,1030,37.69782,-123.0011,-1.7588462532937823
19472,1030,38.99349,-123.07234,-3.1872395473606834
19475,1030,37.28744,-121.86422,0.248033371753853
19476,1030,37.81647,-122.06302,-0.5305368828355815
19477,1030,37.9889,-122.2156,0.1785967590879899
19478,1030,37.72416,-122.11929,0.0048748783791506
19479,1030,37.12043,-122.1552,1.1437093221816703
19480,1030,37.51704,-122.37731,0.650490418192857
19481,1030,37.67433,-122.39855,-0.1072448877249295
19482,1030,37.16067,-121.89899,1.922031799272768
19483,1030,37.92144,-122.71806,-0.2111569259230477
19484,1030,38.04962,-122.52331,1.1901146006379335
19485,1030,38.12282,-122.14921,-0.2139561471599333
19486,1030,37.77737,-122.39689,-0.7974288641645181
19487,1030,37.76386,-122.4736,0.6937997062071678
19488,1030,37.762,-122.505,0.1554055664004512
19489,1030,37.40701,-122.0946,-0.5492228064064771
19490,1030,37.54187,-122.30471,0.2160341655617352
19491,1030,37.30249,-121.97978,-0.0653555598738864
19492,1030,37.26748,-121.86656,-0.886983178450027
19493,1030,37.26352,-121.91617,-0.9459469611268614
19494,1030,37.30143,-121.9039,-0.520560583490683
19495,1030,37.31816,-121.94354,0.3411995530783553
19496,1030,37.3066,-121.84915,-0.559852088414491
19497,1030,37.66,-121.873,-0.6228690534910827
19498,1030,37.68,-121.739,-0.4794750224724349
19499,1030,37.59094,-122.36741,0.6822062497498033
19500,1030,37.40718,-122.00001,-0.4496513502281832
19501,1030,37.74664,-122.38679,0.3729710490034847
19502,1030,37.39415,-122.06041,-0.1967844790018068
19503,1030,37.45098,-122.4287,0.4936887487250341
19504,1030,37.59268,-122.07449,-0.1248138832231025
19505,1030,37.71737,-121.72701,-0.6997828399283196
19506,1030,37.67928,-122.48405,0.8000204024587562
19507,1030,38.03445,-122.27016,-1.4142414374116392
19508,1030,37.85727,-122.42266,0.9644238083997546
19509,1030,37.85884,-121.99264,0.6318339176003713
19510,1030,37.31861,-122.15314,-0.7218743819903249
19511,1030,37.51604,-122.45815,0.2242440566149289
19512,1030,37.63719,-122.47482,-0.989864269557712
19513,1030,37.58644,-122.50217,-0.5081905820751472
19514,1030,38.04248,-122.79684,0.5381987363331702
19515,1030,37.9231,-122.5983,-0.5855034675016733
19516,1030,38.38921,-122.66297,-0.2146843884352366
11609,1031,37.27117,-121.98617,-0.8566222901722848
11610,1031,37.16346,-121.62645,-0.8492232041410116
11611,1031,37.45035,-121.80037,0.2219600407501054
11612,1031,37.34305,-122.33976,1.4180635573036686
11613,1031,37.21427,-122.17168,0.9992459382805
11614,1031,37.20631,-121.97726,-0.1143857822566482
11615,1031,37.15432,-121.73467,0.8417042152371171
11616,1031,37.2708,-122.21276,0.5858753532180112
11617,1031,37.40372,-122.17596,0.5382161093101723
11618,1031,37.008,-121.287,-0.2503683168912826
11619,1031,36.851,-121.402,0.2655823257613394
11620,1031,37.141,-121.663,0.7459033015006763
11621,1031,36.891,-121.404,0.2666568786211897
19676,1031,37.91881,-122.15176,-0.6291986329047219
19677,1031,37.87352,-122.26099,-1.9596096977292463
19678,1031,38.03455,-120.38651,-1.8326981695073423
19679,1031,37.69782,-123.0011,-2.1180968804690403
19680,1031,38.99349,-123.07234,-2.488970336645376
19682,1031,37.34164,-121.64257,-1.081905358050654
19683,1031,38.87874,-122.44277,-2.6338924391224228
19685,1031,35.945,-120.542,-0.6613562609491779
19686,1031,37.28744,-121.86422,0.5918403037026598
19687,1031,37.81647,-122.06302,0.070937848919483
19688,1031,37.25898,-121.67311,-0.2835098140140506
19689,1031,37.9889,-122.2156,0.9822993376928748
19690,1031,37.94906,-122.40851,0.1082076592719867
19691,1031,37.72416,-122.11929,0.5757887121235311
19692,1031,37.80787,-122.3618,1.3572496403436354
19693,1031,37.12043,-122.1552,-0.5192987082718484
19694,1031,37.51704,-122.37731,0.4032371018859071
19695,1031,37.16067,-121.89899,1.9219049931708128
19696,1031,37.92144,-122.71806,0.5336619704685406
19697,1031,38.04962,-122.52331,1.4152161751405008
19698,1031,38.233,-122.636,0.6049900410478168
19699,1031,37.76021,-122.41524,0.2577697665390331
19700,1031,37.77737,-122.39689,-0.4131367883306046
19701,1031,37.75094,-122.49072,1.6834916215926976
19702,1031,37.76386,-122.4736,0.814047633099055
19703,1031,37.762,-122.505,1.1368208251425156
19704,1031,37.40701,-122.0946,-0.2945439959908756
19705,1031,37.4748,-122.2392,-0.7593045467364327
19706,1031,37.54187,-122.30471,0.2404553475106518
19707,1031,37.26352,-121.91617,-1.1512400773737086
19708,1031,37.30143,-121.9039,-0.3158190524940826
19709,1031,37.31816,-121.94354,0.1982898858915052
19710,1031,37.3066,-121.84915,-0.7990946384233688
19711,1031,37.66,-121.873,-0.127100266180024
19712,1031,37.68,-121.739,-0.1124372362468473
19713,1031,37.41702,-121.9154,-0.0170732622019622
19714,1031,37.59094,-122.36741,0.8916176275119609
19715,1031,37.74766,-122.42528,0.7714668276701784
19716,1031,37.85727,-122.42266,1.4944022656020493
19717,1031,37.74766,-121.70843,0.3634956070083912
19718,1031,37.7294,-121.83346,0.3840825926701752
19719,1031,37.85884,-121.99264,-0.0530725625950252
19720,1031,37.91233,-121.90716,-0.6589711376324129
19721,1031,38.02691,-122.01599,-0.5094356978077189
19722,1031,37.31861,-122.15314,-0.8493094484492754
19723,1031,37.17217,-122.01121,1.1334872415946848
19724,1031,37.04922,-121.80722,-0.3733613043956277
19725,1031,37.36045,-122.18986,-0.9509055190263032
19726,1031,37.51604,-122.45815,0.191346078304548
19727,1031,37.63719,-122.47482,-0.8498416168140404
19728,1031,37.19855,-122.34671,-0.2189754336588138
19729,1031,37.58225,-122.42006,0.9285532561392574
19730,1031,37.28397,-122.05017,-0.2096989510728553
19731,1031,37.58644,-122.50217,-0.4317650834241185
19733,1031,37.6444,-118.89683,1.699481679289831
19734,1031,37.65909,-118.97907,1.6476511204790991
19735,1031,38.26021,-122.55179,-0.5822918899252344
19736,1031,38.30988,-122.943,-0.6034139096273529
19737,1031,38.33656,-122.81082,0.8319706632630186
19738,1031,38.46769,-122.89651,-0.3433137066741514
19739,1031,38.28043,-122.21582,-1.3663059025934283
19740,1031,38.15486,-121.80438,-0.933972908985408
19741,1031,38.16488,-122.71296,-0.0235970036757742
19742,1031,38.07601,-122.2585,-0.2021811645839802
19743,1031,38.04248,-122.79684,0.7938758446378921
19744,1031,37.99642,-123.01949,-1.4622603344601497
19745,1031,38.34878,-122.57795,0.9175328127484376
19746,1031,38.14361,-122.44969,-0.6953741244230359
19747,1031,38.38921,-122.66297,-0.0827541363112584
11622,1032,37.27117,-121.98617,-1.1603528074703775
11623,1032,36.61809,-121.31468,1.9945985632898384
11624,1032,37.16346,-121.62645,-2.583064994641316
11625,1032,37.45035,-121.80037,-1.2191222874309156
11626,1032,37.73786,-122.06486,0.7232228333373335
11627,1032,36.68011,-119.02282,1.3162412916530923
11628,1032,37.17217,-122.01121,0.8815985434386024
11629,1032,36.92745,-121.82764,-1.64640982523285
11630,1032,37.21427,-122.17168,0.4509032427405507
11631,1032,37.20631,-121.97726,-0.491623636918197
11632,1032,37.15432,-121.73467,0.7803074515825591
11633,1032,37.2708,-122.21276,-0.1476372076043487
11634,1032,37.40373,-122.23868,-1.685331034402628
11636,1032,37.34164,-121.64257,-1.832273050999685
11637,1032,37.65909,-118.97907,3.4939610370907674
11638,1032,37.008,-121.287,1.6596495751138425
11640,1032,36.2159,-120.80126,1.7849621024771054
11641,1032,36.0688,-120.59618,1.9775143170531504
11642,1032,35.63597,-120.86984,2.464677733619343
11643,1032,37.28744,-121.86422,0.4474279644207984
11644,1032,37.62211,-121.75697,-0.6922580597881005
11645,1032,36.851,-121.402,2.8591367944624446
11646,1032,36.891,-121.404,1.8247482582042784
11647,1032,36.86,-121.54,0.7893053494744076
11648,1032,36.671,-121.642,1.2847234779460075
11649,1032,36.807,-121.778,-0.4241084204277012
11650,1032,36.862,-121.578,1.196404504708651
11651,1032,36.987,-121.536,-0.5527037285851119
11652,1032,36.848,-121.397,3.160294281272205
21288,1032,37.91881,-122.15176,-1.9103405556402624
21289,1032,37.87352,-122.26099,-2.1906903598814167
21290,1032,38.03455,-120.38651,-0.7638849923089108
21291,1032,37.69782,-123.0011,-2.046694391210141
21293,1032,36.3887,-121.5514,2.3277106134616825
21294,1032,38.99349,-123.07234,-3.0934353849244145
21296,1032,38.14478,-122.88018,-1.290968587958515
21297,1032,38.87874,-122.44277,-3.1506043966903072
21298,1032,39.55451,-121.50036,-1.401878035576507
21300,1032,39.2291,-121.7861,-0.3780684487100786
21301,1032,37.25898,-121.67311,-1.1060600961308056
21302,1032,37.72416,-122.11929,0.1504853543213886
21303,1032,37.12043,-122.1552,-0.6180019774821518
21304,1032,37.16067,-121.89899,1.2513983066983134
21305,1032,37.40701,-122.0946,-0.8282334532243717
21307,1032,37.85727,-122.42266,0.9855677465150144
21308,1032,37.74766,-121.70843,0.0284520940106905
21309,1032,37.7294,-121.83346,0.0983463615389836
21310,1032,37.37289,-121.76887,-0.9361451472958202
21311,1032,37.81041,-121.80272,-0.4623776482752538
21312,1032,37.9889,-122.2156,0.4395025072583574
21313,1032,37.85884,-121.99264,0.0336152160475629
21314,1032,37.91233,-121.90716,-0.9183713705527004
21315,1032,38.02691,-122.01599,-1.0673689827056767
21316,1032,37.0254,-121.4845,-0.272449643674174
21317,1032,37.34305,-122.33976,0.8116241031668173
21318,1032,37.31861,-122.15314,-1.590446206951042
21320,1032,37.36045,-122.18986,-0.7805019474902278
21321,1032,37.51604,-122.45815,-0.3469467745581409
21322,1032,37.63719,-122.47482,-1.7545939331697296
21323,1032,37.79499,-122.4746,0.4106911143992273
21324,1032,37.19855,-122.34671,-0.1614886938380046
21325,1032,37.58225,-122.42006,-0.0574891132735887
21326,1032,37.40372,-122.17596,-0.0425869984886011
21327,1032,37.58644,-122.50217,-0.5581845413968014
21328,1032,37.6444,-118.89683,2.6245988622429355
21329,1032,38.26021,-122.55179,-0.9128020395278438
21330,1032,38.00198,-122.47466,0.7064617966108373
21331,1032,38.15486,-121.80438,-1.140785477789657
21332,1032,38.07601,-122.2585,-0.5713419447086313
21333,1032,37.92371,-122.59649,-0.3967420980107652
21334,1032,35.73065,-120.24986,0.0413685921788301
21335,1032,35.40773,-120.54556,2.507955964743513
21336,1032,35.86661,-120.4796,1.6361091232847098
21337,1032,35.82404,-121.05393,-3.421857046702892
11653,1033,37.40718,-122.00001,-0.0122276680451534
11654,1033,37.376,-121.84367,-1.9906027625578584
11655,1033,37.27117,-121.98617,-1.7489178170813913
11656,1033,37.87622,-122.23558,0.2950857307553426
11657,1033,37.87352,-122.26099,-1.2017715306233736
11658,1033,37.16346,-121.62645,-1.6096956720399038
11659,1033,37.85727,-122.42266,1.8395615211726857
11660,1033,37.45035,-121.80037,-0.9512542577413596
11661,1033,37.74766,-121.70843,0.333013535955679
11662,1033,37.25898,-121.67311,-0.7330819671489729
11663,1033,37.37289,-121.76887,-1.316467719991048
11664,1033,37.73786,-122.06486,0.5477090287199741
11665,1033,37.81041,-121.80272,0.0559737731030608
11666,1033,37.94906,-122.40851,0.6492638062135054
11667,1033,37.91233,-121.90716,-1.0443234148217453
11668,1033,36.3887,-121.5514,0.4971593937143426
11669,1033,37.0254,-121.4845,-0.2410643225638346
11670,1033,37.34305,-122.33976,1.0945910525792564
11671,1033,37.17217,-122.01121,0.2193805715965293
11672,1033,37.04922,-121.80722,-1.876339899510702
11673,1033,36.92745,-121.82764,-1.811898640813933
11674,1033,37.36045,-122.18986,-0.6415348460742141
11675,1033,37.51604,-122.45815,1.1592116067490268
11676,1033,37.21427,-122.17168,-0.5098585005537478
11677,1033,37.20631,-121.97726,-0.1925495464552988
11678,1033,37.15432,-121.73467,-0.8465111176043602
11679,1033,37.63719,-122.47482,-0.0575014059501499
11680,1033,37.79499,-122.4746,1.1500502473616958
11681,1033,37.19855,-122.34671,-0.9281385014117624
11682,1033,37.58225,-122.42006,0.9759135466016192
11683,1033,37.67433,-122.39855,0.3023107368928903
11684,1033,37.58644,-122.50217,0.8618272659332995
11685,1033,37.34164,-121.64257,1.4742099311905223
11686,1033,38.00198,-122.47466,1.1962801513038956
11687,1033,38.33656,-122.81082,1.8714888293697869
11688,1033,38.04962,-122.52331,2.572251071265232
11689,1033,37.92371,-122.59649,0.563435021608871
11690,1033,37.008,-121.287,0.307907553959083
11691,1033,37.28744,-121.86422,-0.2473944242297337
11692,1033,37.62211,-121.75697,-2.062293009239359
11693,1033,37.39631,-121.75803,-1.3124460423755164
11694,1033,37.468,-122.308,1.4049572885297987
11696,1033,37.79202,-122.26382,2.074921106971819
11697,1033,37.118,-121.55,0.4109460188381285
11698,1033,37.224,-121.74,1.8642409712886168
11699,1033,37.29,-121.764,-0.5907124844696304
11700,1033,37.001,-121.522,0.6004596393635744
11701,1033,37.124,-121.551,-1.8279052955512616
11702,1033,37.21,-121.803,-0.1000293139607404
11703,1033,37.329,-121.937,-0.4407116502744216
11704,1033,37.484,-122.313,2.130454467739185
11705,1034,33.3527,-115.733,-1.0899647890026043
11707,1034,35.2693,-116.0703,0.1040603667587054
11708,1034,34.68224,-118.57398,1.848098090601446
11709,1034,33.4019,-118.41502,0.470588865009181
11711,1034,34.0602,-117.809,0.44352960483228
11712,1034,33.876,-117.561,-0.1323173273323314
11713,1034,34.63745,-115.38115,0.1368923588344553
11714,1034,33.93597,-116.57794,-0.6477969003752664
11715,1034,33.65,-117.009,-1.5534529169286102
11716,1034,32.805,-115.447,-2.9563667695591347
11717,1034,34.88303,-117.99106,0.5160620570036978
11718,1034,34.1,-117.439,-0.3685803224445417
11719,1034,35.082,-117.58267,2.034717703289988
11720,1034,33.8717,-117.92251,0.4602065768694714
11721,1034,36.46719,-116.86322,-0.4659080207781946
11722,1034,33.051,-114.827,-0.8475417031543666
11724,1034,35.30177,-116.80574,-0.3442401942282242
11725,1034,34.8294,-116.335,0.9239825412507578
11726,1034,33.0859,-116.5959,-0.48799351886715
11727,1034,34.15037,-118.10156,0.3361712927212499
11728,1034,34.61462,-118.29104,1.0323025149375449
11729,1034,34.61594,-117.82493,2.4058276711229607
11730,1034,34.5214,-117.991,1.1547567945883714
11731,1034,34.3656,-117.36683,-0.6643582720957808
11732,1034,34.005,-117.562,0.5368873109116864
11734,1034,34.22362,-118.05832,0.2795303271528176
11735,1034,34.8249,-114.59941,0.1031294157354015
11736,1034,34.6145,-118.7235,-1.1759000265593322
11737,1034,34.1484,-118.1711,-0.2137577498239684
11739,1034,33.354,-116.863,-1.430125765498195
11740,1034,33.7953,-117.60906,0.4309099019884653
11741,1034,33.74346,-118.40412,0.1478706825337548
11743,1034,34.05073,-118.08085,0.7068684163765012
11744,1034,33.99351,-117.37545,-0.7449885754995339
11745,1034,33.70432,-117.88578,0.2286753562850129
11746,1034,34.44076,-119.71492,-0.3456880722504518
11747,1034,34.232,-117.235,-1.1683311380625416
11748,1034,32.9799,-118.54697,-0.2074894535141576
11749,1034,35.8996,-116.27515,1.384673146516334
11750,1034,34.01438,-118.45617,0.651935381194056
11751,1034,34.27091,-118.74407,-0.5815354305867193
11752,1034,32.841,-117.248,0.9708360204430736
11753,1034,34.416,-118.449,0.9282636117406944
11754,1034,34.106,-117.098,1.866662069716057
11755,1034,32.94508,-115.79988,-1.0012012021297836
11756,1034,34.38203,-117.67822,0.5029241140605437
11757,1034,34.15607,-118.82039,-1.9309871600360424
11758,1034,34.01919,-118.28631,-0.2891109210635547
11759,1034,34.48364,-118.11783,-1.1259813960761336
11760,1034,34.56065,-117.3296,0.4719310348133393
11761,1035,34.312,-118.496,-0.0005473379016256
11762,1035,34.313,-118.498,-0.3056092673061509
11763,1035,34.258,-118.301,-0.034070166597971
11764,1035,34.207,-118.233,0.0251242720172723
11765,1035,34.127,-118.346,-0.7433029367902197
11766,1035,34.148,-118.371,0.425364938783402
11767,1035,34.196,-118.341,-0.8251747664066068
11768,1035,34.174,-118.2,0.082924310039136
11769,1035,34.387,-118.533,-0.0383449943069366
11770,1035,34.143,-118.304,-1.4054783159300182
11771,1035,34.327,-118.444,0.2809708589527077
11772,1035,34.219,-118.429,-0.2605221797349469
11773,1035,34.172,-118.42,-0.6780840524598838
11774,1035,34.084,-118.307,0.259132670821586
11775,1035,34.199,-118.396,-0.8624973413212019
11776,1035,34.07,-118.346,0.0247402338810589
11777,1035,34.271,-118.735,0.5929378418180429
11778,1035,34.262,-118.669,0.7057272401996285
11779,1035,34.139,-118.364,1.3084912809752374
11780,1035,34.18,-118.336,-0.6951842719206326
11781,1035,34.044,-118.443,0.5844139194435253
11782,1035,34.029,-118.409,0.4170933634827382
11783,1035,34.056,-118.274,0.2815038653195891
11784,1035,34.6172,-118.285,0.61428162327173
11785,1035,34.19658,-118.02307,2.4233158264460104
11786,1035,34.073,-118.117,-0.5393690964734654
11787,1035,34.09671,-118.47946,1.730574845900962
11788,1035,34.14647,-118.76699,-0.0186596956871337
11789,1035,34.68708,-118.29946,-1.263426020009201
11790,1035,32.68005,-116.67215,0.2761427036724406
11791,1035,34.1949,-118.354,0.1881120212526634
11792,1035,34.2623,-116.92075,1.0191808410931902
11793,1035,33.57508,-117.26119,-0.2070503165074868
11794,1035,34.069,-116.39,0.2420784084616819
11795,1035,33.268,-116.417,-0.9141052702463376
11796,1035,34.68224,-118.57398,0.9241810526250626
11797,1035,33.38822,-117.19495,-0.5646406663348461
11799,1035,33.999,-117.68,-0.4509526937241823
11800,1035,33.4019,-118.41502,-0.187467578715657
11801,1035,34.093,-117.317,0.9121507702292886
11802,1035,33.655,-115.99,0.6013803233698861
11803,1035,33.93597,-116.57794,0.1359152910693189
11804,1035,33.65,-117.009,1.0371769713962935
11805,1035,34.10618,-118.45505,-0.4789316702780261
11806,1035,34.88303,-117.99106,-1.209409717867125
11807,1035,35.082,-117.58267,2.044681402942409
11808,1035,33.1537,-117.22921,-1.273581040950628
11810,1035,34.1192,-117.809,-0.261290822889391
11811,1035,34.13677,-118.1283,-0.8891624910429861
11812,1035,35.30177,-116.80574,1.363389274823286
11813,1035,34.8294,-116.335,1.8886563442494584
11814,1035,34.17643,-118.35967,-1.042461347647452
11815,1035,35.66278,-118.47403,-1.1369435703114767
11816,1035,33.0859,-116.5959,-0.0677729181432897
11817,1035,35.9823,-117.8076,1.9367770847101504
11818,1035,34.15037,-118.10156,-0.9297017930865576
11819,1035,33.7141,-116.7119,-0.7653836180848564
11820,1035,34.00033,-118.37794,0.5001954052643761
11821,1035,34.61462,-118.29104,0.8272058088945606
11822,1035,34.30529,-118.48805,0.2991909158087127
11823,1035,34.10819,-119.06587,1.1516829437332088
11824,1035,34.61594,-117.82493,0.0452154658180534
11825,1035,34.5214,-117.991,-0.29737538135321
11826,1035,34.3656,-117.36683,0.9480105047772808
11827,1035,33.3516,-116.5615,0.2105676789819077
11828,1035,33.818,-116.369,0.2044218326270244
11829,1035,34.005,-117.562,-0.1491799871280111
11830,1035,34.28085,-118.9049,0.6303199348558359
11831,1035,33.808,-116.968,0.957736332439204
11832,1035,34.22869,-118.55829,0.9109777160375182
11833,1035,33.94539,-117.92372,-0.4114717844064732
11834,1035,34.6145,-118.7235,-1.4864141314814234
11835,1035,34.1484,-118.1711,-2.365077879838908
11836,1035,34.44199,-118.58215,0.714213293775527
11837,1035,34.1207,-117.63808,0.4181745334175968
11839,1035,35.40773,-120.54556,-0.1680203044379729
11840,1035,33.82436,-116.51195,0.5123912134091596
11841,1035,33.354,-116.863,-0.6247077836320323
11842,1035,33.7953,-117.60906,1.3924793182129616
11843,1035,36.30523,-119.24384,-0.5933054530640058
11844,1035,34.10473,-117.97956,-0.866780865783972
11845,1035,33.74346,-118.40412,0.0287294825468625
11846,1035,34.05073,-118.08085,-1.7000589071220236
11847,1035,33.99351,-117.37545,-1.5033312437230766
11848,1035,34.44076,-119.71492,0.3117702801987161
11849,1035,34.232,-117.235,0.0662328566994133
11850,1035,33.99543,-119.6351,0.5337738482325584
11851,1035,33.553,-117.662,-0.3700321300607274
11852,1035,34.293,-119.1646,-0.8278648253215454
11853,1035,35.89095,-117.28332,0.8381001126350356
11854,1035,34.01438,-118.45617,-0.1504874513048683
11855,1035,33.24787,-119.52437,-0.6436479593475981
11856,1035,34.416,-118.449,-0.3866540531599948
11857,1035,36.1355,-118.81099,-0.814591134101995
11858,1035,33.829,-117.789,-0.309646286923819
11859,1035,34.30302,-119.18676,1.533556659152385
11860,1035,34.106,-117.098,0.8639743254551977
11861,1035,34.38203,-117.67822,0.2626821135714184
11862,1035,34.08377,-118.599,0.2132250846192385
11863,1035,34.15607,-118.82039,-1.6420019249302915
11864,1035,34.01919,-118.28631,-1.611711936574453
11865,1035,34.48364,-118.11783,-0.4471478491768227
11866,1035,35.84089,-119.08469,-0.2559400901657719
11867,1035,34.56065,-117.3296,0.7069563887225847
11868,1035,33.94869,-118.25547,-1.1426767088236989
11885,1038,34.084,-118.6,0.5972607563689044
11886,1038,34.3968,-119.299,0.4684075688142126
11887,1038,34.155,-118.641,-0.3771758571580759
11888,1038,34.55046,-117.43391,1.038968385997141
11889,1038,34.14647,-118.76699,0.8042919687286629
11890,1038,34.68708,-118.29946,0.4638387927832723
11891,1038,35.1269,-118.83009,-1.8154561014170365
11892,1038,35.34444,-119.10445,-1.391796146007822
11894,1038,34.2623,-116.92075,0.1906646278897942
11896,1038,34.23883,-117.65853,0.7814258609933726
11897,1038,34.069,-116.39,-0.7559637478594123
11899,1038,34.68224,-118.57398,1.2443553592286434
11900,1038,35.52495,-117.36453,-0.1454658217598912
11901,1038,36.5504,-117.80295,0.0270912312672809
11903,1038,33.999,-117.68,-0.1166274643544976
11904,1038,33.4019,-118.41502,-0.4249774092232165
11908,1038,34.25353,-118.33383,0.6613062109712716
11909,1038,33.65,-117.009,0.0730362446972604
11910,1038,34.10618,-118.45505,0.2322877436039591
11911,1038,33.567,-116.631,0.5325330962972576
11913,1038,34.88303,-117.99106,-0.6094712714361104
11917,1038,34.72832,-119.98803,-1.557419388396184
11918,1038,33.71264,-118.29381,-0.0123605448960775
11920,1038,35.30177,-116.80574,-0.4603013477756265
11921,1038,34.8294,-116.335,1.196548809642182
11923,1038,35.66278,-118.47403,-1.758003197603628
11924,1038,33.0859,-116.5959,-0.3580332485895462
11925,1038,35.98249,-117.80885,-0.1023444411228794
11926,1038,33.86889,-118.33143,1.2559734869797017
11927,1038,34.00033,-118.37794,0.5730295784126783
11928,1038,34.73551,-120.27996,-0.3355329410159871
11930,1038,34.9906,-118.34156,-0.4751266460652695
11931,1038,34.30529,-118.48805,1.5261312126441418
11932,1038,34.10819,-119.06587,-0.4760063826665053
11933,1038,34.80762,-118.86775,-0.2379477606795899
11934,1038,34.61594,-117.82493,2.12399091514688
11935,1038,33.684,-117.943,0.3296386561502378
11936,1038,34.93439,-117.69629,-0.3060956313162806
11937,1038,35.47954,-117.68212,-1.2115988048771045
11938,1038,34.3656,-117.36683,-0.0504348746526993
11942,1038,34.005,-117.562,-0.1217503911062785
11943,1038,34.28085,-118.9049,0.717679862345398
11944,1038,34.81258,-119.1453,-1.3237967800336845
11945,1038,36.05799,-117.48901,-1.9459700783882488
11947,1038,34.22362,-118.05832,1.3367422149801245
11948,1038,34.53412,-120.17737,0.1206590947631374
11949,1038,33.94539,-117.92372,1.0829374018362383
11950,1038,34.6145,-118.7235,-1.0195998821837116
11951,1038,34.1484,-118.1711,-0.3876851827626125
11952,1038,34.44199,-118.58215,1.3248131322715653
11954,1038,35.40773,-120.54556,-0.5297599211431727
11955,1038,35.945,-120.542,-2.415068743818144
11956,1038,33.354,-116.863,-0.9161492397697786
11957,1038,33.7953,-117.60906,0.5105116956467254
11958,1038,33.63,-116.8478,-0.6115660706744414
11959,1038,34.281,-118.478,1.2249959406907214
11960,1038,33.74346,-118.40412,0.5326094718724237
11961,1038,34.87533,-116.99684,-0.0287989133896593
11962,1038,34.05073,-118.08085,-0.0506989630930801
11963,1038,33.99351,-117.37545,-0.9602511723563204
11966,1038,34.44076,-119.71492,-1.580254860275489
11968,1038,33.99543,-119.6351,0.1828561862483008
11969,1038,33.553,-117.662,0.0200807960687065
11970,1038,34.56547,-120.50137,0.3417947819617469
11972,1038,34.43692,-119.1375,0.5066692287074033
11973,1038,34.293,-119.1646,0.2897648218027526
11974,1038,35.89095,-117.28332,-0.2999567578065192
11975,1038,33.834,-116.797,-0.2167344889667896
11976,1038,34.90218,-120.44709,-1.5401471282484194
11977,1038,35.3142,-119.99581,-0.9855915274997012
11978,1038,34.01438,-118.45617,0.0468904514106393
11979,1038,33.24787,-119.52437,-0.3937616210843102
11980,1038,34.05933,-118.64614,0.6922413349642165
11981,1038,36.1355,-118.81099,-0.2034622975950184
11982,1038,33.829,-117.789,0.1103429354235477
11983,1038,34.30302,-119.18676,2.283127309336487
11984,1038,33.664,-117.769,-0.6630056120236676
11985,1038,34.106,-117.098,0.3337720737364955
11986,1038,34.52775,-119.97834,-0.5243790749089331
11987,1038,34.38203,-117.67822,1.7440032796259102
11989,1038,35.14592,-119.41946,-0.5102250908673022
11991,1038,34.15607,-118.82039,-0.2042033883776172
11993,1038,34.413,-119.8427,-0.5996756059195858
11994,1038,34.48364,-118.11783,0.4123783760165763
11995,1038,35.84089,-119.08469,-1.096480155971838
11996,1038,35.53664,-118.14035,0.0790224747831998
11997,1038,34.51085,-119.27407,1.3131008251474956
11998,1038,34.00948,-117.95077,0.7554200270305096
11999,1038,34.1717,-118.64971,1.7721299058859763
12065,1042,34.55046,-117.43391,0.6604971056460566
12066,1042,34.68708,-118.29946,-0.2247339191418524
12067,1042,34.2623,-116.92075,0.5600030125238802
12068,1042,33.921,-116.981,0.5482201028905136
12069,1042,34.069,-116.39,-0.1214670501405976
12070,1042,34.68224,-118.57398,1.588477294287871
12071,1042,33.38822,-117.19495,-1.006704825683563
12072,1042,33.999,-117.68,-0.4125128782302232
12074,1042,34.25353,-118.33383,-0.2026770606279826
12075,1042,33.65,-117.009,0.0790965261839448
12076,1042,34.10618,-118.45505,-0.716872611237495
12077,1042,34.88303,-117.99106,-0.3096095407265633
12078,1042,34.397,-118.918,0.9710779699823844
12079,1042,33.71264,-118.29381,-0.8462727561147231
12080,1042,34.8294,-116.335,1.2293595378904385
12081,1042,34.17643,-118.35967,-0.9453528483714198
12082,1042,35.9823,-117.8076,1.2933611302646664
12083,1042,33.7141,-116.7119,-0.9306988115523126
12084,1042,33.86889,-118.33143,0.3138490118515085
12085,1042,34.00033,-118.37794,-0.1338986674132158
12086,1042,33.9753,-118.14918,-0.5707403779529194
12087,1042,34.10819,-119.06587,0.5323300184174924
12088,1042,33.684,-117.943,-0.9996125587672372
12089,1042,33.881,-118.176,0.8054255150301247
12090,1042,34.28085,-118.9049,0.3406970009970515
12091,1042,36.05799,-117.48901,-1.7578872072317369
12092,1042,33.808,-116.968,0.9945073385117568
12094,1042,34.22362,-118.05832,0.3182333842218312
12095,1042,34.44199,-118.58215,-0.8633745611397952
12097,1042,35.40773,-120.54556,1.1838615419543617
12098,1042,33.7953,-117.60906,0.3550241513729373
12099,1042,33.74346,-118.40412,0.6519394981580015
12100,1042,34.05073,-118.08085,-0.539521628569779
12101,1042,34.44076,-119.71492,-0.0287994984525233
12102,1042,33.553,-117.662,-0.7788973852132771
12103,1042,35.3142,-119.99581,-0.7632069934997217
12104,1042,34.01438,-118.45617,-0.6607391265702064
12105,1042,34.05933,-118.64614,-0.4050330785747408
12106,1042,33.664,-117.769,-1.1013539584556655
12107,1042,34.106,-117.098,0.4071182898756306
12108,1042,34.01919,-118.28631,-1.1813151047253008
12109,1042,35.84089,-119.08469,-0.0778289469635881
12110,1042,34.56065,-117.3296,0.7917954947455145
12111,1043,38.441,-122.701,0.9074585456474769
12112,1043,37.75094,-122.49072,1.0281949928582914
12113,1043,37.762,-122.505,0.5153378421066467
12114,1043,37.54187,-122.30471,0.7382216118999632
12115,1043,37.68,-121.739,-1.7173953318235944
12116,1043,37.59094,-122.36741,0.7569416831650535
12117,1043,37.27117,-121.98617,0.2659717022138007
12118,1043,37.71737,-121.72701,-1.3107371811072763
12119,1043,37.67928,-122.48405,0.914218982409414
12120,1043,37.91056,-122.53778,1.0194592763741177
12121,1043,38.03445,-122.27016,-0.8691479351939286
12122,1043,37.74484,-122.40134,-0.027326653515167
12123,1043,37.71633,-122.43117,2.1303195897557434
12124,1043,38.29027,-122.46125,-1.3416330801848764
12125,1043,37.85727,-122.42266,1.6875816474033525
12126,1043,37.45035,-121.80037,-1.042213461023712
12127,1043,37.7294,-121.83346,0.5488584392339827
12128,1043,37.85884,-121.99264,0.1222530928248516
12129,1043,37.91233,-121.90716,-0.2610896443635504
12130,1043,38.02691,-122.01599,1.0849112605254092
12131,1043,37.34305,-122.33976,-0.0911605552050436
12132,1043,37.31861,-122.15314,-0.1841875893652144
12133,1043,37.51604,-122.45815,-0.3371427623509764
12134,1043,37.21427,-122.17168,0.6914289457308509
12135,1043,37.20631,-121.97726,0.4813924111406977
12136,1043,37.15432,-121.73467,0.4409469153750701
12137,1043,37.63719,-122.47482,-0.3055288859581709
12138,1043,37.2708,-122.21276,0.744898452662712
12139,1043,37.19855,-122.34671,-0.7816041369174697
12140,1043,37.58225,-122.42006,1.065376863527273
12141,1043,37.40372,-122.17596,-0.3326921115041611
12142,1043,37.58644,-122.50217,0.7449480053966081
12143,1043,39.68631,-123.58242,-2.5317579137613184
12146,1043,38.43951,-122.25272,-0.5027948200178919
12147,1043,38.26021,-122.55179,0.4796319542333377
12148,1043,38.33656,-122.81082,0.5313659863224418
12149,1043,38.46769,-122.89651,-0.8582934298898085
12150,1043,38.28043,-122.21582,-1.2965611202827958
12151,1043,38.16488,-122.71296,-1.4834467362350126
12152,1043,38.07601,-122.2585,0.6326664218126112
12153,1043,38.04248,-122.79684,1.382720634044923
12154,1043,37.99642,-123.01949,0.2015475360094554
12155,1043,38.34878,-122.57795,0.1790275230841197
12156,1043,38.38921,-122.66297,0.4893866951733928
20356,1043,37.81647,-122.06302,0.0813370249521375
20357,1043,37.9889,-122.2156,1.058489690026594
20358,1043,37.94906,-122.40851,0.0414981856815252
20359,1043,37.72416,-122.11929,-0.2182806283005
20360,1043,37.12043,-122.1552,-1.3051284173156246
20361,1043,37.51704,-122.37731,0.1391118887757516
20362,1043,37.67433,-122.39855,0.5372595096592768
20363,1043,37.16067,-121.89899,1.834280950704761
20364,1043,37.92144,-122.71806,0.8102394271104815
20365,1043,38.04962,-122.52331,0.4796609366757949
20366,1043,38.12282,-122.14921,0.9282199775444352
20367,1043,38.20025,-122.4644,0.5081778683899156
20368,1043,38.233,-122.636,-0.7304837431408768
20369,1043,37.76021,-122.41524,0.5339275654029669
20370,1043,37.77737,-122.39689,-0.0554639534183894
20371,1043,37.76386,-122.4736,0.9496084084533886
20372,1043,37.4748,-122.2392,-0.4598286141792869
20373,1043,37.30249,-121.97978,-0.4482112304963032
20374,1043,37.26352,-121.91617,-0.8572566670240648
20375,1043,37.30143,-121.9039,-0.759837942994778
20376,1043,37.74766,-122.42528,0.7150081660326144
20377,1043,37.16346,-121.62645,-1.2561323123981856
20378,1043,37.74766,-121.70843,0.5764394401123674
20379,1043,37.17217,-122.01121,1.3677561279435204
20380,1043,37.28397,-122.05017,0.2200091302280086
20381,1043,40.4756,-124.3375,-3.5911747997864194
20382,1043,40.4175,-124.1206,-3.859604548808419
20383,1043,38.15486,-121.80438,-0.8218037216389461
20384,1043,37.9231,-122.5983,0.6592798167726538
12157,1044,37.91056,-122.53778,0.2132589663348726
12158,1044,38.03445,-122.27016,-0.1255305917785289
12159,1044,37.95397,-121.86554,0.0179713197593351
12160,1044,37.87622,-122.23558,-0.6403615586809273
12161,1044,37.91881,-122.15176,-1.877797813636247
12162,1044,37.87352,-122.26099,-1.2549187082423063
12163,1044,37.85727,-122.42266,0.8328446006936391
12164,1044,37.85884,-121.99264,0.1849683200807455
12165,1044,37.91233,-121.90716,1.2172961443278407
12166,1044,38.02691,-122.01599,2.20646295461799
12167,1044,38.34526,-122.4584,-1.3428722597934568
12168,1044,37.69782,-123.0011,-1.5447848767381842
12169,1044,37.34305,-122.33976,0.8431165202037225
12170,1044,37.51604,-122.45815,1.267323212587524
12171,1044,37.20631,-121.97726,0.7423292395427545
12172,1044,37.2708,-122.21276,0.5306610896560346
12173,1044,37.40373,-122.23868,-1.202627399317017
12174,1044,37.58225,-122.42006,1.3325234778811574
12175,1044,37.58644,-122.50217,1.390888805913338
12176,1044,38.87874,-122.44277,-1.0168974037482592
12177,1044,38.43951,-122.25272,0.6015371366254088
12178,1044,38.26021,-122.55179,-1.1942764896726892
12179,1044,38.30988,-122.943,-0.592570717087063
12180,1044,38.33656,-122.81082,0.8993456948146782
12181,1044,38.28043,-122.21582,-0.0327549739106809
12182,1044,38.15486,-121.80438,0.839523491291313
12183,1044,38.16488,-122.71296,-0.3332171786847874
12184,1044,38.07601,-122.2585,0.4238831252506097
12185,1044,38.04248,-122.79684,0.9589654401271676
12186,1044,37.99642,-123.01949,1.112141631937407
12187,1044,38.14361,-122.44969,-1.5474767672128518
12188,1044,38.38921,-122.66297,-0.6502181690649416
19748,1044,38.03455,-120.38651,-1.6535571560351765
19750,1044,38.99349,-123.07234,-3.958103961145424
19752,1044,37.34164,-121.64257,-1.3400344508752944
19753,1044,39.55451,-121.50036,-2.082607150955243
19754,1044,37.008,-121.287,-0.6629875951056391
19757,1044,36.76403,-121.44722,-3.1690802386378127
19758,1044,37.9889,-122.2156,0.4356635937550857
19759,1044,37.94906,-122.40851,-1.019322918543418
19760,1044,37.72416,-122.11929,-0.2093565421601377
19761,1044,37.80787,-122.3618,0.2714237701036099
19762,1044,37.67433,-122.39855,0.8386112223901415
19763,1044,37.16067,-121.89899,2.060196903899262
19764,1044,37.92144,-122.71806,0.6086558982724147
19765,1044,38.04962,-122.52331,0.3995999419088556
19766,1044,38.12282,-122.14921,0.980620980400298
19767,1044,38.20025,-122.4644,0.6761024741733836
19768,1044,37.762,-122.505,0.5401396339948303
19769,1044,37.54187,-122.30471,1.199004641843023
19770,1044,37.45098,-122.4287,0.365258362028365
19771,1044,37.71737,-121.72701,-1.2024859584802934
19772,1044,37.67928,-122.48405,0.7493935577705614
19773,1044,38.29027,-122.46125,-1.5494092633082597
19774,1044,38.4421,-122.6068,0.998547101351602
19775,1044,37.72688,-122.15092,-1.369160540462969
19776,1044,37.8852,-122.03217,0.0291417597740005
19777,1044,37.94215,-121.93047,0.5162460146910799
19778,1044,38.01299,-122.13416,1.1903911362996298
19779,1044,38.36743,-122.52403,0.5755816629786435
19780,1044,37.74766,-121.70843,-0.1212944207738491
19781,1044,37.7294,-121.83346,0.4653215210350551
19782,1044,37.73786,-122.06486,0.2727057072351728
19783,1044,37.17217,-122.01121,1.152418747205749
19784,1044,37.36045,-122.18986,0.2141698738892185
19785,1044,37.21427,-122.17168,0.8378459977191948
19786,1044,37.15432,-121.73467,0.7678171879047679
19787,1044,37.63719,-122.47482,0.0865188361115131
19788,1044,37.6444,-118.89683,1.0722629139023454
19789,1044,37.65909,-118.97907,1.3452384501006365
19790,1044,38.46769,-122.89651,-0.4591095175207809
19791,1044,38.34878,-122.57795,0.3611668025410586
19792,1044,38.24039,-122.79842,-1.6863565740168824
19793,1044,36.2159,-120.80126,-2.49361654257524
12189,1045,37.76021,-122.41524,0.5276623670063473
12190,1045,37.77737,-122.39689,1.124978685119552
12191,1045,37.76386,-122.4736,0.7139237634475634
12192,1045,37.54187,-122.30471,0.0956359955455778
12193,1045,37.74664,-122.38679,0.2934184257369821
12194,1045,37.45098,-122.4287,-0.3779010597965344
12195,1045,37.67928,-122.48405,0.1198552117120716
12196,1045,37.88767,-122.29916,1.4727809533708491
12197,1045,38.03445,-122.27016,2.264969445681696
12198,1045,37.71633,-122.43117,0.7641684606184541
12199,1045,37.81076,-122.29252,0.1097647130835265
12200,1045,37.8251,-122.27606,0.6702330429489411
12201,1045,37.72416,-122.44841,-0.4079059237821777
12202,1045,37.86059,-122.29327,0.8605704082028283
12203,1045,37.85835,-122.25252,3.80481754599665
12204,1045,37.72688,-122.15092,-2.486752617252147
12205,1045,37.8852,-122.03217,1.0193468124148588
12206,1045,38.01299,-122.13416,2.096778663699652
12207,1045,37.87352,-122.26099,2.6327980141629688
12208,1045,37.85727,-122.42266,1.9167470832362807
12209,1045,37.74766,-121.70843,-0.0505853991828589
12210,1045,37.7294,-121.83346,-0.9711246376239658
12211,1045,37.73786,-122.06486,-0.453745746165707
12212,1045,37.81041,-121.80272,0.3335118367126579
12213,1045,37.9889,-122.2156,1.6507275316922183
12214,1045,37.85884,-121.99264,-0.2673688229681121
12215,1045,37.91233,-121.90716,0.9605988649066128
12216,1045,37.34305,-122.33976,0.7305837632618394
12217,1045,37.17217,-122.01121,0.7620251222650986
12218,1045,37.36045,-122.18986,-1.5042124398450851
12219,1045,37.51604,-122.45815,0.2770603906193641
12220,1045,37.63719,-122.47482,-0.1053526949420872
12221,1045,37.2708,-122.21276,-0.1383467257616399
12222,1045,37.79499,-122.4746,0.2373159562381106
12223,1045,37.19855,-122.34671,0.0728227778688155
12224,1045,37.58225,-122.42006,1.2932308813944298
12225,1045,37.40372,-122.17596,-0.9215171459196148
12226,1045,37.58644,-122.50217,0.386474204840025
12227,1045,38.43951,-122.25272,0.3654606453553961
12228,1045,38.00198,-122.47466,2.193676824765144
12229,1045,38.30988,-122.943,2.3975354605567074
12230,1045,38.33656,-122.81082,2.711871372890696
12231,1045,38.28043,-122.21582,-0.3009028169068661
12232,1045,38.16488,-122.71296,1.5236453142536226
12233,1045,38.12282,-122.14921,1.264068334832038
12234,1045,38.07601,-122.2585,2.2122013095881248
12235,1045,38.04248,-122.79684,1.906975840928797
12236,1045,37.99642,-123.01949,1.1455683100870913
12237,1045,38.20025,-122.4644,1.4539755930146352
12238,1045,37.92371,-122.59649,0.3184908471431576
12239,1045,38.14361,-122.44969,0.4052951980488773
12240,1045,38.24039,-122.79842,0.8465959331412387
12241,1045,38.38921,-122.66297,1.356425098332151
12243,1045,37.8965,-122.322,0.7636508597810329
12244,1045,37.75896,-122.19756,-0.0407410052873585
12245,1045,37.80285,-122.23033,1.120135010312731
12247,1045,37.7934,-122.41636,-0.4898589232810505
12248,1045,37.927,-122.078,0.7261122934739497
12250,1045,37.804,-122.443,0.6976577422909196
12251,1045,37.95,-122.417,1.5982831793400305
12252,1045,37.763,-122.244,-2.4025568665548365
12253,1045,38.108,-122.248,2.0952763539886106
12254,1045,38.33,-122.318,0.898222534324081
12255,1045,37.91056,-122.53778,1.8747524190367928
12256,1045,37.7986,-122.2684,0.1561059785842854
12257,1045,37.7897,-122.277,2.1600093096457664
12258,1045,37.879,-122.183,2.454146392147315
12259,1045,37.848,-122.16,1.907752993198638
12260,1045,37.848,-122.228,4.124991522207357
12261,1045,37.697,-122.08,0.36943282563159
12262,1045,37.876,-122.249,4.0475173160418905
12263,1045,37.935,-122.342,1.6381219185053402
12264,1045,37.978,-122.329,1.820326510675566
12265,1045,37.973,-122.036,1.895329644317984
12266,1045,37.821,-122.234,3.166062388148183
12267,1045,37.822,-122.319,0.880650576229923
12268,1045,38.1217,-122.275,0.911267572753037
12269,1045,37.87622,-122.23558,2.1567111422922256
20026,1045,37.91881,-122.15176,-0.8008915156099754
20027,1045,38.03455,-120.38651,-1.9809785067399568
20028,1045,37.69782,-123.0011,0.0510412361509172
20029,1045,39.65471,-122.71595,-4.152524584994712
20030,1045,36.3887,-121.5514,-1.524121666944768
20032,1045,38.99349,-123.07234,-2.380449673335998
20034,1045,38.14478,-122.88018,1.6032745863028648
20035,1045,37.34164,-121.64257,-1.6614102172975485
20036,1045,38.87874,-122.44277,-1.2770979533071196
20037,1045,39.55451,-121.50036,-2.1472578461096417
20038,1045,37.008,-121.287,-0.4051725620345757
20039,1045,35.945,-120.542,-2.727588423631178
20040,1045,35.63597,-120.86984,-1.1266625057395252
20041,1045,37.91608,-122.33607,0.1961691378298459
20042,1045,36.76403,-121.44722,-2.6248640517676103
20043,1045,37.28744,-121.86422,-0.8986876189488553
20044,1045,39.2291,-121.7861,-0.9463007632317604
20045,1045,37.81647,-122.06302,-1.6146430276298027
20046,1045,37.94906,-122.40851,0.9700293489602732
20047,1045,37.80787,-122.3618,1.0510792480352815
20048,1045,37.12043,-122.1552,-0.8537752133156526
20049,1045,37.51704,-122.37731,-0.401106144193362
20050,1045,37.16067,-121.89899,0.8488178076877885
20051,1045,37.92144,-122.71806,1.0551286673656624
20052,1045,38.04962,-122.52331,2.4005777901968584
20053,1045,38.441,-122.701,1.6567623144314545
20054,1045,38.233,-122.636,1.6283332989406756
20055,1045,37.762,-122.505,0.2698875878760595
20056,1045,37.40701,-122.0946,-2.6369308803075096
20057,1045,37.30249,-121.97978,-2.326345336946906
20058,1045,37.26748,-121.86656,-2.05658614125493
20059,1045,37.26352,-121.91617,-2.182921158893467
20060,1045,37.30143,-121.9039,-2.247108310457788
20061,1045,37.31816,-121.94354,-1.0918647923453748
20062,1045,37.68,-121.739,-2.3625600718845434
20063,1045,37.41702,-121.9154,-1.7932546895117167
20064,1045,37.59094,-122.36741,0.1805759714260915
20065,1045,37.74766,-122.42528,-0.2671281726015806
20066,1045,37.40718,-122.00001,-2.5047673417763527
20067,1045,37.39415,-122.06041,-1.8018134128366228
20068,1045,37.376,-121.84367,-2.302027780042896
20069,1045,37.59268,-122.07449,-1.8051981003066235
20070,1045,37.71737,-121.72701,-1.4496072985730752
20071,1045,37.74484,-122.40134,-0.2259959160719503
20072,1045,37.77934,-122.486,0.3444992801228028
20073,1045,37.41395,-121.87085,-1.958921665421561
20074,1045,37.6806,-121.92098,-2.475297375401942
20075,1045,38.29027,-122.46125,0.1035024063311713
20076,1045,37.37418,-122.0781,-2.5036736734669405
20077,1045,38.4421,-122.6068,1.0550512551152251
20078,1045,37.69169,-122.16982,-0.7118429575748833
20079,1045,37.23294,-121.77186,-1.161159855974911
20080,1045,37.38332,-121.91088,-0.8826993950035418
20081,1045,37.28537,-121.93602,-2.640816333215915
20082,1045,37.35834,-121.97775,-1.5675486157157137
20083,1045,37.68873,-121.78351,-1.7170890170738096
20084,1045,37.94215,-121.93047,0.1590819621615002
20085,1045,38.36743,-122.52403,1.0271798210905452
20086,1045,37.66666,-121.85715,-2.75364405678376
20087,1045,36.88311,-121.3908,-1.2712547740507203
20088,1045,37.16346,-121.62645,-1.934492430957441
20089,1045,37.45035,-121.80037,-2.482522466445485
20090,1045,37.37289,-121.76887,-2.6276780189226323
20091,1045,38.02691,-122.01599,0.8784124947409138
20092,1045,38.76927,-123.01486,-0.7382066278001365
20093,1045,38.80797,-122.7953,-0.5492697561216735
20094,1045,37.0254,-121.4845,-0.619226014962025
20095,1045,37.31861,-122.15314,-1.6065142504519851
20096,1045,37.04922,-121.80722,-1.2268121264895917
20097,1045,36.92745,-121.82764,-0.7005457314664125
20098,1045,37.21427,-122.17168,-0.0899848111849338
20099,1045,37.20631,-121.97726,-0.6532333468487589
20100,1045,37.15432,-121.73467,-0.138550163168
20101,1045,37.28397,-122.05017,-2.086861334731547
20102,1045,39.68631,-123.58242,-2.530602142683756
20110,1045,37.6444,-118.89683,-0.0520715267707621
20111,1045,37.65909,-118.97907,0.4787245238536872
20112,1045,38.26021,-122.55179,0.1998669156721104
20113,1045,38.46769,-122.89651,1.8062232789720487
20114,1045,38.15486,-121.80438,-0.8840724071182745
20115,1045,38.65651,-122.61441,1.3444515708512883
20116,1045,38.34878,-122.57795,1.125156197456516
20117,1045,35.73065,-120.24986,-2.842236019199473
12270,1046,37.54187,-122.30471,-1.3388535123780383
12271,1046,37.27117,-121.98617,0.9225478387460362
12272,1046,37.45098,-122.4287,-1.1074624577064127
12273,1046,37.71633,-122.43117,-0.6917979553705469
12274,1046,37.41395,-121.87085,-0.0672804438520783
12275,1046,37.6806,-121.92098,-0.9115271712110876
12276,1046,37.95397,-121.86554,-0.7052250308127875
12277,1046,37.87622,-122.23558,0.8580375623246775
12278,1046,37.91881,-122.15176,0.0610997801351399
12279,1046,37.16346,-121.62645,-0.6970362919988978
12280,1046,37.85727,-122.42266,0.8443215150263014
12281,1046,37.45035,-121.80037,-1.7944551692983193
12282,1046,37.74766,-121.70843,0.8678538314751555
12283,1046,37.73786,-122.06486,1.738127638353396
12284,1046,37.81041,-121.80272,1.3173540679166749
12285,1046,37.85884,-121.99264,1.819071396196961
12286,1046,37.91233,-121.90716,-0.0153304806052463
12287,1046,38.02691,-122.01599,0.1219691823710699
12288,1046,38.34526,-122.4584,-0.7277438309325623
12289,1046,37.69782,-123.0011,-0.190879056745664
12290,1046,36.3887,-121.5514,-0.768190388934422
12291,1046,37.34305,-122.33976,0.6723429060631498
12292,1046,37.31861,-122.15314,-0.6023115340224428
12293,1046,37.17217,-122.01121,2.364932722824756
12294,1046,37.04922,-121.80722,0.6609510471071119
12295,1046,37.36045,-122.18986,-0.6416395727943256
12296,1046,37.51604,-122.45815,-1.3244542844953326
12297,1046,37.21427,-122.17168,0.9010819521361474
12298,1046,37.20631,-121.97726,0.7056054013504244
12299,1046,37.15432,-121.73467,2.2259456732612803
12300,1046,37.63719,-122.47482,-1.719344239361281
12301,1046,37.2708,-122.21276,1.859716584994361
12302,1046,37.79499,-122.4746,0.8959854457021461
12303,1046,37.40373,-122.23868,-1.1844036546836656
12304,1046,37.58225,-122.42006,-0.2020396044617007
12305,1046,37.40372,-122.17596,-0.6835792716038129
12306,1046,37.58644,-122.50217,0.038290739860502
12307,1046,37.34164,-121.64257,-0.9184037330086364
12308,1046,38.43951,-122.25272,-0.2297705831873689
12309,1046,38.26021,-122.55179,-1.776210595892548
12310,1046,38.00198,-122.47466,-0.7087535555950927
12311,1046,38.30988,-122.943,-0.1395713888576095
12312,1046,38.33656,-122.81082,0.725316625430548
12313,1046,38.28043,-122.21582,-0.9637162437559068
12314,1046,38.15486,-121.80438,-1.517062750839737
12315,1046,38.16488,-122.71296,-1.1024071247523208
12316,1046,38.07601,-122.2585,0.2869466609138677
12317,1046,38.04248,-122.79684,1.227237090064965
12318,1046,37.92371,-122.59649,-0.5339792378116534
12319,1046,38.14361,-122.44969,-1.3132509218813515
12320,1046,38.24039,-122.79842,-1.3160360537798446
12321,1046,38.38921,-122.66297,-0.5126721977325897
12322,1046,37.91608,-122.33607,0.0544965616493478
12323,1046,37.28744,-121.86422,2.228187444620501
12324,1046,37.62211,-121.75697,-2.2649074103581577
12325,1046,37.709,-121.932,-0.2237719137108224
12327,1046,37.934,-122.3,0.935848037548898
12328,1046,37.672,-122.081,-0.00303903771441
12329,1046,38.108,-122.248,0.5366915140418721
12331,1046,38.33,-122.318,0.4467663361783189
12332,1046,37.77737,-122.39689,-0.1183277751978707
12333,1046,37.76386,-122.4736,0.5550707642789732
12334,1046,37.762,-122.505,0.2006775442544028
12335,1046,37.26748,-121.86656,0.9393495671783042
12336,1046,37.59268,-122.07449,-0.053694206572736
12337,1046,37.91056,-122.53778,-0.1584178841027201
12338,1046,37.88767,-122.29916,-0.2687226915680639
12339,1046,38.03445,-122.27016,-0.4516972856097522
12340,1046,37.81076,-122.29252,-0.4404848984607021
12341,1046,37.7986,-122.2684,-0.1265999849834104
12342,1046,37.99448,-122.11472,2.1915219389321945
12343,1046,37.86059,-122.29327,0.6999444742445141
12344,1046,37.85835,-122.25252,2.0952140792741023
12345,1046,37.36408,-122.01817,1.148401576773176
12346,1046,37.69169,-122.16982,0.4200298026758702
12347,1046,37.38332,-121.91088,0.9048187805044318
12348,1046,37.35834,-121.97775,0.5063348100674053
12349,1046,37.72688,-122.15092,-0.9659592350407616
12350,1046,37.8852,-122.03217,0.3732346170381452
12351,1046,37.94215,-121.93047,0.4732483211881106
12352,1046,38.01299,-122.13416,1.875593588589166
12353,1046,37.75896,-122.19756,-1.0347666023576432
12354,1046,37.7696,-122.1734,-0.6514873660757626
12355,1046,37.80285,-122.23033,-1.0361075109866185
12356,1046,37.72983,-122.20137,-0.6902548936373568
12357,1046,37.74485,-122.17054,-0.0850242255480276
12358,1046,37.81,-121.992,-0.6318533778368374
12359,1046,37.804,-122.443,0.7299614687656306
12360,1046,37.763,-122.244,-2.686577804713352
12361,1046,37.78446,-122.30297,-0.8590870711159398
12362,1046,37.8965,-122.322,0.4320540219310146
12363,1046,37.78566,-122.19729,-1.3219633446262269
12364,1046,37.972,-121.829,0.5051196358458846
12365,1046,37.879,-122.183,1.1711197430398177
12366,1046,37.848,-122.16,0.5927670958580901
12368,1046,37.876,-122.249,0.6659618424389996
12369,1046,37.935,-122.342,-0.9434539412172356
12370,1046,37.973,-122.036,2.375992657881524
12371,1046,37.821,-122.234,-0.146681372290858
12372,1046,37.822,-122.319,-0.6168049527180774
12373,1046,37.7294,-121.83346,0.1610564232622616
12381,1048,34.68708,-118.29946,0.0028226183309454
12382,1048,35.1269,-118.83009,-0.7680102452553129
12383,1048,35.34444,-119.10445,-0.0182090753186908
12384,1048,34.2623,-116.92075,0.5951995132210467
12385,1048,34.23883,-117.65853,0.2938805624050958
12386,1048,34.68224,-118.57398,1.1083688285645232
12388,1048,35.52495,-117.36453,0.3787034884029268
12389,1048,36.5504,-117.80295,-0.0391054351936862
12392,1048,38.03455,-120.38651,0.6880602941053988
12393,1048,36.43988,-118.08016,-0.2828492508812027
12394,1048,34.25353,-118.33383,0.2657881031241311
12395,1048,33.65,-117.009,-0.0491093348000299
12396,1048,34.10618,-118.45505,-0.2631451059529616
12399,1048,34.72832,-119.98803,-1.2941703373761024
12400,1048,36.46719,-116.86322,-0.8259150688791762
12401,1048,36.99608,-117.36621,-1.0513095640040904
12402,1048,35.30177,-116.80574,-0.3061989169601049
12403,1048,34.8294,-116.335,0.2042586575331821
12404,1048,35.66278,-118.47403,-0.4684377617101176
12405,1048,35.98249,-117.80885,0.8052457110879644
12406,1048,34.36622,-116.61266,0.0415397797022413
12407,1048,34.9906,-118.34156,0.4634148940168754
12408,1048,34.80762,-118.86775,0.0704194420746725
12409,1048,34.93439,-117.69629,0.0995719794712067
12410,1048,35.47954,-117.68212,0.1976499990462207
12411,1048,37.63019,-118.83605,1.328159622177916
12412,1048,36.05799,-117.48901,-1.6670691187938749
12413,1048,34.88848,-119.81362,0.0689947033057688
12414,1048,34.22362,-118.05832,-0.1740560895835995
12415,1048,34.53412,-120.17737,-0.4715624361665991
12416,1048,34.6145,-118.7235,-1.463901952956442
12417,1048,35.40773,-120.54556,1.847438263701633
12419,1048,34.87533,-116.99684,-0.353568780351393
12420,1048,34.44076,-119.71492,-0.3183312766095201
12421,1048,34.43692,-119.1375,-0.60779206586242
12422,1048,35.89095,-117.28332,0.0511233169561831
12423,1048,35.3142,-119.99581,-0.5537422290820853
12424,1048,34.05933,-118.64614,-0.1122387100457765
12425,1048,34.106,-117.098,1.559061371424169
12426,1048,34.52775,-119.97834,-0.1606059285708495
12427,1048,34.38203,-117.67822,1.4193630473059642
12429,1048,35.14592,-119.41946,-0.3798955722311166
12430,1048,37.05422,-118.23009,-1.225704700284964
12431,1048,34.48364,-118.11783,0.6278116853207131
12432,1048,35.53664,-118.14035,1.018018801737464
12433,1048,34.51085,-119.27407,-0.9944719460551386
12434,1049,37.66,-121.873,-1.1572648032012889
12435,1049,37.67928,-122.48405,0.9834640090131525
12436,1049,37.91056,-122.53778,2.104765377102845
12437,1049,37.95397,-121.86554,-1.7848807639554611
12438,1049,37.87622,-122.23558,0.2221660561559905
12439,1049,37.91881,-122.15176,-0.0032954319584474
12440,1049,37.87352,-122.26099,0.6027334535653005
12441,1049,37.16346,-121.62645,-2.7492443226347363
12442,1049,37.85727,-122.42266,1.2250821243755328
12443,1049,37.45035,-121.80037,-0.9410602213229932
12444,1049,37.74766,-121.70843,-0.7548914277229077
12445,1049,38.03455,-120.38651,-1.16231240613218
12446,1049,37.85884,-121.99264,1.1324668281051056
12447,1049,37.91233,-121.90716,-0.1517320502639142
12448,1049,38.34526,-122.4584,0.7561999320826073
12449,1049,37.69782,-123.0011,0.5863596067656446
12450,1049,37.34305,-122.33976,0.5756745570773494
12451,1049,37.17217,-122.01121,0.9047615123810214
12452,1049,37.51604,-122.45815,0.397091662158043
12453,1049,37.21427,-122.17168,-0.350267322141255
12454,1049,37.20631,-121.97726,0.0210255499572684
12455,1049,37.63719,-122.47482,-1.0847315054943554
12456,1049,37.19855,-122.34671,-0.0882377154640864
12457,1049,37.58225,-122.42006,0.4438983552631662
12458,1049,37.40372,-122.17596,-2.117049903075647
12459,1049,37.58644,-122.50217,0.0359045453128099
12460,1049,37.34164,-121.64257,-2.2860338892389893
12461,1049,37.65909,-118.97907,0.9598739023008968
12462,1049,38.33656,-122.81082,2.577161230836088
12463,1049,38.28043,-122.21582,1.4519527352809851
12464,1049,38.16488,-122.71296,2.035014593585761
12465,1049,38.07601,-122.2585,0.550139001433835
12466,1049,37.99642,-123.01949,0.6544931103680629
12467,1049,38.34878,-122.57795,1.9485897724678207
12468,1049,38.38921,-122.66297,0.8383612932270508
12469,1049,38.2026,-121.9354,1.8164451124235133
12470,1049,36.76403,-121.44722,-3.01184187588513
12471,1049,37.62211,-121.75697,-1.0753186554458172
12472,1049,37.844,-122.295,-0.4409502752389743
12473,1049,37.515,-121.83,0.3000514418853536
12474,1049,37.597,-121.88,0.4933519401503668
12475,1049,37.709,-121.932,-0.6214988696980411
12476,1049,37.81,-121.992,0.6897487938906113
12477,1049,37.927,-122.078,1.7434328944467463
12478,1049,37.95,-122.417,1.6829081447941834
12479,1049,37.672,-122.081,0.1458663326563193
12480,1049,37.68,-121.739,-1.7071958332393928
12481,1049,37.59268,-122.07449,-0.938556865987571
12482,1049,37.71737,-121.72701,-2.3127066185423195
20338,1049,38.99349,-123.07234,-3.6057996588258905
20339,1049,35.945,-120.542,-3.546513097015569
20340,1049,37.91608,-122.33607,0.2484278354703558
20341,1049,37.28744,-121.86422,-1.6131024331837656
20342,1049,37.81647,-122.06302,-0.1381580193699196
20343,1049,37.25898,-121.67311,-2.601390861793737
20344,1049,37.9889,-122.2156,1.133165827239502
20345,1049,37.94906,-122.40851,0.4414232064913726
20346,1049,37.72416,-122.11929,1.1398461650846974
20347,1049,37.80787,-122.3618,-0.1904073450022196
20348,1049,37.12043,-122.1552,-0.930812186463334
20349,1049,37.51704,-122.37731,-1.034086543959117
20350,1049,37.67433,-122.39855,-0.094135754729594
20351,1049,37.16067,-121.89899,0.9359751490303052
20352,1049,37.92144,-122.71806,3.1820915063773514
20353,1049,38.04962,-122.52331,2.3564859770275186
20354,1049,38.12282,-122.14921,0.6783004363275958
20355,1049,38.20025,-122.4644,1.2229323390262263
12483,1050,37.376,-121.84367,-1.636860647830812
12484,1050,37.27117,-121.98617,0.0147314853165343
12485,1050,37.85727,-122.42266,0.8992589228435657
12486,1050,37.45035,-121.80037,-2.1992178272252585
12487,1050,37.74766,-121.70843,0.2306336722382613
12488,1050,37.37289,-121.76887,-0.557793375291091
12489,1050,37.73786,-122.06486,0.2283878489482034
12490,1050,37.34305,-122.33976,2.835109187281556
12491,1050,37.17217,-122.01121,3.397558696496038
12492,1050,37.36045,-122.18986,1.1759008028478195
12493,1050,37.51604,-122.45815,1.3019603023995263
12494,1050,37.21427,-122.17168,2.54734427545252
12495,1050,37.20631,-121.97726,1.1001258149734756
12496,1050,37.15432,-121.73467,0.7931475765246221
12497,1050,37.2708,-122.21276,1.796063071788342
12498,1050,37.19855,-122.34671,2.0467562731417366
12499,1050,37.58225,-122.42006,0.8570541234870793
12500,1050,37.40372,-122.17596,0.6319673850613123
12501,1050,37.28397,-122.05017,0.410453973890389
12502,1050,37.58644,-122.50217,0.4267445464160849
20685,1050,37.91881,-122.15176,-1.910905985361658
20686,1050,37.87352,-122.26099,-2.3723054408544346
20687,1050,38.03455,-120.38651,0.794727835478542
20688,1050,37.69782,-123.0011,-1.5212133952233016
20689,1050,38.99349,-123.07234,-3.733903014516909
20690,1050,38.87874,-122.44277,-2.7096400008825507
20691,1050,39.55451,-121.50036,-0.6831884208494228
20692,1050,37.008,-121.287,3.518204434435213
20693,1050,35.945,-120.542,-1.0945866542114846
20694,1050,35.63597,-120.86984,0.9815006435323042
20695,1050,36.76403,-121.44722,0.6679104162351128
20696,1050,37.25898,-121.67311,-0.2482180363102489
20697,1050,37.9889,-122.2156,-0.1631762605706089
20698,1050,37.94906,-122.40851,0.0099927328927495
20699,1050,37.72416,-122.11929,-0.5681286292423722
20700,1050,37.80787,-122.3618,1.177500971692453
20701,1050,37.12043,-122.1552,2.2513497368809348
20702,1050,37.51704,-122.37731,0.3578981418511737
20703,1050,37.16067,-121.89899,3.1530548200084296
20704,1050,37.92144,-122.71806,-0.1116301835063928
20705,1050,38.04962,-122.52331,1.394756383202522
20706,1050,38.20025,-122.4644,-0.1128203836517133
20707,1050,37.76021,-122.41524,-0.0065830779245081
20708,1050,37.75094,-122.49072,1.1973494684826598
20709,1050,37.76386,-122.4736,0.4523469316226467
20710,1050,37.762,-122.505,0.871977152070092
20711,1050,37.40701,-122.0946,-0.8728253363355118
20712,1050,37.4748,-122.2392,-1.3865428867879597
20713,1050,37.54187,-122.30471,0.2606761956254939
20714,1050,37.30249,-121.97978,-0.5831158255268238
20715,1050,37.26748,-121.86656,-0.6628595579085873
20716,1050,37.26352,-121.91617,-1.0544794693127688
20717,1050,37.30143,-121.9039,-0.5065077952633513
20718,1050,37.31816,-121.94354,-0.2223753320928612
20719,1050,37.3066,-121.84915,-0.6064023247058896
20720,1050,37.68,-121.739,-1.164729769527018
20721,1050,37.41702,-121.9154,-1.2508238560383107
20722,1050,37.59094,-122.36741,1.126368380217997
20723,1050,37.40718,-122.00001,-0.1492812646260375
20724,1050,37.74664,-122.38679,0.4177367668736423
20725,1050,37.39415,-122.06041,0.2776126276996828
20726,1050,37.45098,-122.4287,1.5141215109466304
20727,1050,37.59268,-122.07449,-0.8126019513227953
20728,1050,37.71737,-121.72701,-1.331482719411499
20729,1050,37.67928,-122.48405,0.8902361480990302
20730,1050,37.91056,-122.53778,0.7357917795010941
20731,1050,38.03445,-122.27016,-0.8606641620128338
20732,1050,37.74484,-122.40134,0.1904483619728084
20733,1050,37.71633,-122.43117,0.8118536035978808
20734,1050,37.72416,-122.44841,0.1344189926924596
20735,1050,37.41395,-121.87085,-1.1301351290164965
20736,1050,37.6806,-121.92098,-1.2234687644651674
20737,1050,37.86059,-122.29327,-0.9282052223057788
20738,1050,37.69169,-122.16982,-0.5752048732400793
20739,1050,37.23294,-121.77186,0.2696185656357276
20740,1050,37.38332,-121.91088,-0.5714185217029752
20741,1050,37.28537,-121.93602,-1.2482025433679935
20742,1050,37.35834,-121.97775,-0.6149486259289275
20743,1050,37.68873,-121.78351,-1.6705623148129405
20744,1050,37.72688,-122.15092,-1.460644492040057
20745,1050,37.8852,-122.03217,-0.5814899678765298
20746,1050,37.94215,-121.93047,-1.2422847132285757
20747,1050,38.01299,-122.13416,0.2970259660124846
20748,1050,37.16346,-121.62645,-0.5098686243810447
20749,1050,37.7294,-121.83346,0.5038992230026035
20750,1050,37.85884,-121.99264,-0.4135578053491694
20751,1050,37.91233,-121.90716,-0.8848094028935797
20752,1050,38.02691,-122.01599,-0.9705191228952672
20753,1050,37.31861,-122.15314,-0.1912953623935777
20754,1050,37.04922,-121.80722,-0.1220472369087014
20755,1050,37.63719,-122.47482,-0.5931623295304023
20758,1050,37.6444,-118.89683,2.5666881328853965
20759,1050,37.65909,-118.97907,2.9542768599760527
20760,1050,38.26021,-122.55179,-1.2607869044754656
20761,1050,38.30988,-122.943,-0.7193472952388947
20762,1050,38.33656,-122.81082,0.8259984611460844
20763,1050,38.28043,-122.21582,-1.0791488531627609
20764,1050,38.15486,-121.80438,0.346283700823771
20765,1050,38.16488,-122.71296,-0.4223869482958619
20766,1050,38.07601,-122.2585,0.5699363262255549
20767,1050,38.04248,-122.79684,0.5697927466803923
20768,1050,37.99642,-123.01949,-1.1738993416592585
20769,1050,38.34878,-122.57795,0.223925041881698
20770,1050,37.9231,-122.5983,-0.1367088171109349
20771,1050,38.14361,-122.44969,-1.0058147044996864
20772,1050,38.24039,-122.79842,-1.114750254867365
20773,1050,38.38921,-122.66297,-0.3175065119275809
20774,1050,35.86661,-120.4796,-0.1738140228763541
20775,1050,36.2159,-120.80126,-0.5010044777922997
12503,1051,38.94596,-120.96897,-1.653715314968928
12504,1051,37.95397,-121.86554,-1.67243664250837
12505,1051,37.87622,-122.23558,-0.4730112243955098
12506,1051,37.91881,-122.15176,-1.2659284232176655
12507,1051,37.87352,-122.26099,-0.5392811471533848
12508,1051,37.16346,-121.62645,-0.9387377120604976
12509,1051,37.85727,-122.42266,0.377973411648242
12510,1051,37.45035,-121.80037,-0.2282804090605454
12511,1051,37.74766,-121.70843,1.0707599956646967
12512,1051,37.25898,-121.67311,-1.2035546774900825
12513,1051,37.7294,-121.83346,2.017967596389954
12514,1051,37.37289,-121.76887,-0.683897214417843
12515,1051,37.81041,-121.80272,2.972883680584044
12516,1051,37.9889,-122.2156,0.0934790500222368
12517,1051,37.94906,-122.40851,-0.9186202297909616
12518,1051,37.85884,-121.99264,1.2627927323031147
12519,1051,37.91233,-121.90716,0.8370546628584689
12520,1051,38.02691,-122.01599,0.1355109570870606
12521,1051,38.34526,-122.4584,-0.952506186098396
12522,1051,37.80787,-122.3618,-0.2402506776896602
12523,1051,37.69782,-123.0011,0.8186079204362768
12524,1051,36.3887,-121.5514,-0.7431589269865813
12525,1051,37.34305,-122.33976,0.6698494507778581
12526,1051,37.31861,-122.15314,-0.035482805754519
12527,1051,37.12043,-122.1552,-0.5613034849462173
12528,1051,37.17217,-122.01121,2.7181854740029694
12529,1051,36.92745,-121.82764,0.3438271641240805
12530,1051,37.36045,-122.18986,-0.6496716868031663
12531,1051,37.51604,-122.45815,1.1009970107950913
12532,1051,37.21427,-122.17168,0.8271321968942563
12533,1051,37.20631,-121.97726,0.6016652902117319
12534,1051,37.15432,-121.73467,1.7933428211199844
12535,1051,37.63719,-122.47482,1.0697702847120494
12536,1051,37.2708,-122.21276,1.1229199147320117
12537,1051,37.40373,-122.23868,-1.3971217165710743
12538,1051,37.58225,-122.42006,2.3954084698340763
12539,1051,37.40372,-122.17596,-0.7034423113142949
12540,1051,37.28397,-122.05017,-1.61808448017025
12541,1051,37.58644,-122.50217,1.8994421817033724
12542,1051,37.16067,-121.89899,0.9392286059612872
12543,1051,38.14478,-122.88018,-0.1212559507180311
12544,1051,37.34164,-121.64257,-0.5639591387639589
12545,1051,37.65909,-118.97907,1.540704295133984
12546,1051,38.87874,-122.44277,-2.5459818968652463
12547,1051,37.92144,-122.71806,1.081360552583299
12548,1051,38.26021,-122.55179,-1.1041944785294566
12549,1051,38.00198,-122.47466,-0.3131982919243186
12550,1051,38.30988,-122.943,0.0204103865049835
12551,1051,38.33656,-122.81082,1.6799283154121936
12552,1051,38.46769,-122.89651,-0.3404561782472049
12553,1051,38.28043,-122.21582,-1.0281985568436312
12554,1051,37.008,-121.287,0.3434437759424005
12555,1051,37.91608,-122.33607,0.6913720165303201
12556,1051,37.28744,-121.86422,0.778961614703365
12557,1051,37.62211,-121.75697,-0.4943618725521154
12559,1051,37.709,-121.932,1.3975084903544994
12560,1051,37.81,-121.992,1.87183148847508
12561,1051,37.927,-122.078,1.907431520101984
12562,1051,37.934,-122.3,0.3236886198569008
12563,1051,37.804,-122.443,1.0542896210357409
12564,1051,37.553,-122.091,-1.1794831452375794
12565,1051,37.763,-122.244,0.2044869151284936
12566,1051,38.33,-122.318,-0.6529797395333273
12567,1051,37.59268,-122.07449,-0.3909326698251099
12568,1051,37.99448,-122.11472,0.829127785895511
12569,1051,37.75896,-122.19756,0.4143169769238665
12570,1051,37.80285,-122.23033,-0.743474879664013
12571,1051,37.79202,-122.26382,1.1213699762733986
12572,1051,37.753,-121.773,0.7236674113664842
12573,1051,37.7897,-122.277,1.455980336734032
12574,1051,37.879,-122.183,2.026974314189361
12575,1051,37.848,-122.16,2.663659786016717
12576,1051,37.657,-122.061,1.1417962961360355
12577,1051,37.705,-122.467,1.825835933967056
12578,1051,37.848,-122.228,0.391276021863548
12579,1051,37.763,-122.455,1.843597367295177
12580,1051,37.697,-122.08,0.771079112081007
12582,1051,37.68,-122.126,-0.0363750505679075
12583,1051,37.675,-122.108,-0.2619455360157587
12584,1051,37.695,-122.113,1.4470690172624785
12585,1051,37.9,-122.17,3.4642747656741184
12586,1051,37.981,-122.271,0.624447845376908
12587,1051,37.915,-122.017,2.6690798105207243
12588,1051,37.821,-122.234,0.1466951675199608
12589,1051,37.822,-122.319,0.6588602641782668
21399,1051,38.03455,-120.38651,-0.6653912132785198
21400,1051,39.65471,-122.71595,-4.19150932194061
21401,1051,36.68011,-119.02282,-0.4100143341215962
21402,1051,38.99349,-123.07234,-4.16987039833413
21403,1051,39.55451,-121.50036,-2.1401059978150694
21404,1051,35.945,-120.542,-2.6233698290006595
21405,1051,35.63597,-120.86984,-0.8583229406536846
21406,1051,36.76403,-121.44722,-2.194102757542153
21407,1051,39.2291,-121.7861,-0.9657355583307434
21408,1051,37.81647,-122.06302,2.962969598347105
21409,1051,37.72416,-122.11929,2.600098361517427
21410,1051,37.51704,-122.37731,-0.4731735119387529
21411,1051,37.67433,-122.39855,0.8490661783687974
21412,1051,38.441,-122.701,0.4162408156802893
21413,1051,38.233,-122.636,-0.2461259613585701
21414,1051,37.76021,-122.41524,0.8651215715161953
21415,1051,37.77737,-122.39689,0.6552696003158325
21416,1051,37.75094,-122.49072,0.8423966597494869
21417,1051,37.76386,-122.4736,1.3905587725656434
21418,1051,37.762,-122.505,0.2103523854177958
21419,1051,37.40701,-122.0946,-1.2985840236108712
21420,1051,37.4748,-122.2392,-1.863267534248578
21422,1051,36.57849,-121.03956,-1.441982069997193
21423,1051,36.61809,-121.31468,-0.9619199348137912
21424,1051,38.76927,-123.01486,-2.286014410777598
21425,1051,38.80797,-122.7953,-1.775732533294431
21426,1051,37.0254,-121.4845,-0.1457012458019247
21428,1051,36.82681,-121.64349,-0.8164957034017083
21429,1051,37.19855,-122.34671,0.8473227430819342
21430,1051,39.68631,-123.58242,-3.858238834721903
21431,1051,40.2022,-123.7086,-4.0466126379402185
21432,1051,40.5119,-121.5816,-1.7927969870111435
21433,1051,37.6444,-118.89683,0.8105131096298089
21434,1051,38.43951,-122.25272,-0.8424195308519066
21435,1051,38.15486,-121.80438,-1.031772201901071
21436,1051,38.65651,-122.61441,-0.528201738074129
21437,1051,38.16488,-122.71296,-0.8277023656364777
21438,1051,38.12282,-122.14921,-0.0542018666883201
21439,1051,38.07601,-122.2585,-0.547401145784543
21440,1051,38.04248,-122.79684,0.7593394039721013
21441,1051,37.99642,-123.01949,0.6017663756403325
21442,1051,38.34878,-122.57795,-0.3080390739727923
21443,1051,38.20025,-122.4644,-0.1869769320892063
21444,1051,37.92371,-122.59649,-0.2934368882852395
21445,1051,38.14361,-122.44969,-1.1957427969900456
21446,1051,38.24039,-122.79842,-0.5099593989134231
21447,1051,38.38921,-122.66297,-0.2160041971561033
21448,1051,35.73065,-120.24986,-2.19412781691008
21450,1051,36.0688,-120.59618,-0.9833101093492264
12590,1052,32.68005,-116.67215,-0.4208175641891121
12591,1052,33.921,-116.981,-1.0178236650236538
12593,1052,34.23883,-117.65853,-1.7375735361340028
12594,1052,34.069,-116.39,0.2826105212655467
12595,1052,33.268,-116.417,0.0310061976892725
12597,1052,33.999,-117.68,-0.5722255652031012
12598,1052,34.093,-117.317,0.9319910159981786
12599,1052,32.8889,-117.1051,0.9470343021283868
12600,1052,33.876,-117.561,0.0191042917091686
12601,1052,33.655,-115.99,-0.6159696047448964
12602,1052,34.63745,-115.38115,0.5865164872896507
12603,1052,33.93597,-116.57794,0.7824779379515098
12604,1052,33.65,-117.009,-0.9690374246305328
12605,1052,33.567,-116.631,0.9676982972162352
12606,1052,32.999,-116.942,-0.0681319200773488
12609,1052,33.1537,-117.22921,-0.3103330032646264
12610,1052,33.0262,-116.9596,-5.736064346173042
12611,1052,33.081,-116.598,0.3878998024273646
12612,1052,35.13066,-115.18416,1.1225708068033533
12613,1052,34.9906,-118.34156,0.151925958912585
12614,1052,33.684,-117.943,-0.2265129231976817
12615,1052,34.93439,-117.69629,-0.3318129814055841
12616,1052,35.47954,-117.68212,0.2163880877425858
12617,1052,34.3656,-117.36683,-0.9947294046254862
12619,1052,33.818,-116.369,1.3179279439149232
12620,1052,33.808,-116.968,0.4874695951930027
12621,1052,33.6,-117.195,0.8715841481493505
12622,1052,34.22362,-118.05832,0.7803072499530533
12623,1052,33.556,-115.946,-0.7762854622568229
12624,1052,33.788,-117.844,-0.0236782246066975
12625,1052,33.94539,-117.92372,0.9327382076432236
12626,1052,32.608,-116.93,0.0925300846234458
12627,1052,34.1207,-117.63808,0.2072854398440526
12628,1052,33.862,-117.205,-0.9894185224788912
12630,1052,33.354,-116.863,0.0319735098188984
12632,1052,33.824,-116.55,-0.3502117269135891
12633,1052,33.63,-116.8478,-0.5537749664131024
12634,1052,34.87533,-116.99684,-0.9470964071155318
12635,1052,33.973,-117.327,0.3993897218147605
12636,1052,33.97327,-117.32674,0.2110410221347362
12637,1052,33.99351,-117.37545,-2.140904390420129
12640,1052,33.834,-116.797,-0.2098159591104846
12641,1052,33.829,-117.789,-0.2864933596852829
12642,1052,33.664,-117.769,-0.8736109060836525
12643,1052,34.106,-117.098,-0.4280144166847705
12644,1052,32.94508,-115.79988,-0.0567878513297721
12645,1052,34.38203,-117.67822,1.608619228282849
12648,1052,34.48364,-118.11783,0.8414806435718379
12649,1052,34.56065,-117.3296,0.006680121210345
12650,1052,32.813,-116.975,0.636016404498228
12651,1052,33.482,-116.911,0.7404812890522283
12652,1052,33.815,-116.461,0.3834882951939384
12653,1052,33.747,-116.715,1.7273902995112904
12654,1052,33.605,-116.938,-0.7879785427021996
12655,1052,33.76,-116.96,-0.0937349297791007
12656,1052,33.729,-116.979,0.4156678146458605
12657,1052,33.744,-116.931,0.805054445390443
12658,1052,33.748,-117.127,0.962431369576234
12659,1052,33.6022,-116.756,-0.1901911289352256
12662,1052,33.91677,-116.38979,1.3641637776306947
12663,1053,34.55046,-117.43391,0.9480321311364284
12664,1053,34.68708,-118.29946,-2.016053145901845
12665,1053,35.1269,-118.83009,-1.7295409415561764
12666,1053,35.34444,-119.10445,0.5967468007874381
12667,1053,34.2623,-116.92075,0.4538034883789127
12668,1053,34.23883,-117.65853,-1.584545713539858
12669,1053,34.069,-116.39,-0.1051602566892584
12670,1053,35.30819,-119.84583,1.063049665992041
12671,1053,35.52495,-117.36453,0.1767849163067255
12672,1053,36.5504,-117.80295,0.7962417698371456
12676,1053,33.655,-115.99,0.2486729388448097
12677,1053,36.43988,-118.08016,0.4525383319576583
12678,1053,34.63745,-115.38115,1.187730310493362
12679,1053,34.25353,-118.33383,-0.2031270543316494
12680,1053,33.93597,-116.57794,0.3560904814339065
12681,1053,33.65,-117.009,-0.6387193115649177
12682,1053,34.10618,-118.45505,-1.2049315753858167
12683,1053,33.567,-116.631,0.7593001855998295
12686,1053,36.46719,-116.86322,0.4237501752213228
12688,1053,36.99608,-117.36621,-0.5539890267596883
12689,1053,35.30177,-116.80574,-0.1604433404217971
12690,1053,34.8294,-116.335,1.1674847273304858
12691,1053,35.66278,-118.47403,0.1961683387007654
12692,1053,35.98249,-117.80885,0.156696590136872
12693,1053,34.36622,-116.61266,0.0924287432575588
12694,1053,35.13066,-115.18416,-0.2264449322004366
12695,1053,34.9906,-118.34156,-0.930445924460084
12696,1053,34.93439,-117.69629,-1.2130529662419902
12697,1053,35.47954,-117.68212,-0.49784760052491
12699,1053,33.818,-116.369,0.2095333743647114
12700,1053,37.63019,-118.83605,1.2760132067181815
12701,1053,36.05799,-117.48901,-0.3005943017909939
12702,1053,34.88848,-119.81362,0.0200953612445447
12703,1053,34.22362,-118.05832,-0.1628320890892312
12705,1053,34.53412,-120.17737,-0.963999965244526
12706,1053,34.17141,-118.18523,-1.6210588957520733
12707,1053,34.1207,-117.63808,-0.2978345526835076
12708,1053,34.09181,-117.80709,-0.3353022392933505
12709,1053,34.87533,-116.99684,-0.0411533926437113
12711,1053,33.553,-117.662,0.1836086609073841
12712,1053,35.8996,-116.27515,2.182695884707581
12713,1053,35.89095,-117.28332,0.8118126575024852
12714,1053,35.3142,-119.99581,-0.607387454705304
12716,1053,34.106,-117.098,1.014597802478319
12717,1053,34.38203,-117.67822,1.206654159583452
12719,1053,35.14592,-119.41946,-0.3438471745860274
12720,1053,37.05422,-118.23009,0.2352119406731132
12722,1053,35.84089,-119.08469,-0.3616905260856677
12723,1053,35.53664,-118.14035,0.7584907737650941
12724,1053,34.51085,-119.27407,-1.4026942840751258
12725,1054,34.55046,-117.43391,-1.3743225732421964
12726,1054,33.63838,-116.4011,-1.0475174908905085
12727,1054,34.68708,-118.29946,-1.6441990335122223
12728,1054,32.68005,-116.67215,-0.2358564861305712
12729,1054,33.921,-116.981,-0.1704446859915098
12730,1054,33.57508,-117.26119,1.3825710610063215
12732,1054,34.23883,-117.65853,-1.3044205847549273
12733,1054,34.069,-116.39,-2.020911341814548
12734,1054,33.38822,-117.19495,0.9403761887168608
12735,1054,35.52495,-117.36453,0.6237001796876293
12736,1054,34.10521,-117.28264,-0.0014215900805435
12738,1054,33.999,-117.68,-0.1725127813642203
12740,1054,33.655,-115.99,-0.0252625440288326
12741,1054,34.63745,-115.38115,1.1841801014052455
12742,1054,34.25353,-118.33383,0.2731485601636774
12743,1054,33.93597,-116.57794,-0.486229279301704
12744,1054,33.65,-117.009,0.3843117019378135
12745,1054,34.10618,-118.45505,-0.7412823692320277
12746,1054,33.567,-116.631,0.7896282982622325
12747,1054,32.999,-116.942,-0.1937523532218392
12751,1054,33.11675,-115.82267,1.0647838397687006
12752,1054,33.71264,-118.29381,-0.6019729183463177
12753,1054,33.051,-114.827,1.0272977098360985
12754,1054,33.1537,-117.22921,-0.5119932243555548
12755,1054,35.30177,-116.80574,-0.6866707906790102
12756,1054,34.8294,-116.335,-1.199095214337936
12758,1054,33.0859,-116.5959,0.5474396883738707
12759,1054,34.36622,-116.61266,0.2015368623361786
12760,1054,35.13066,-115.18416,1.548152036462867
12761,1054,34.9906,-118.34156,0.2457793776772976
12762,1054,33.684,-117.943,0.8467720019384721
12763,1054,34.93439,-117.69629,-2.4709699585628444
12764,1054,35.47954,-117.68212,0.0266418479417441
12765,1054,34.3656,-117.36683,-0.807263050982954
12767,1054,33.818,-116.369,0.0918734523279282
12768,1054,34.005,-117.562,-0.0203810854537004
12769,1054,33.808,-116.968,-0.1825942342352536
12770,1054,34.22362,-118.05832,0.5873090985172893
12771,1054,33.94539,-117.92372,0.9695839777592192
12772,1054,32.608,-116.93,0.8683673729362564
12773,1054,34.1484,-118.1711,-1.1386314946414684
12775,1054,34.1207,-117.63808,0.3493492494734113
12776,1054,33.862,-117.205,-0.9095649266925978
12778,1054,33.354,-116.863,-0.1388895741927653
12779,1054,33.7953,-117.60906,0.4167821538800122
12780,1054,33.63,-116.8478,0.6088570815360044
12781,1054,33.74346,-118.40412,0.6312035419308599
12782,1054,34.87533,-116.99684,-1.0876841412845082
12783,1054,33.97327,-117.32674,-0.1452008962079485
12784,1054,34.05073,-118.08085,-0.2430453647683713
12785,1054,33.99351,-117.37545,-1.135811518627743
12786,1054,33.2801,-115.98585,1.5397948527333043
12787,1054,34.232,-117.235,-1.505054282000104
12788,1054,32.784,-117.13805,0.7583113237849026
12790,1054,35.89095,-117.28332,1.6283502980449531
12791,1054,33.834,-116.797,0.286680526849861
12792,1054,34.05933,-118.64614,-0.4073305161886399
12793,1054,33.829,-117.789,0.1429159100445669
12794,1054,33.664,-117.769,0.5141941770241272
12795,1054,34.106,-117.098,-0.398702005232893
12796,1054,34.38203,-117.67822,0.44910562124369
12797,1054,33.63495,-116.16402,0.1801198193992206
12798,1054,34.48364,-118.11783,-0.4289232072506057
12799,1054,34.56065,-117.3296,0.1061893532577871
12800,1054,34.1717,-118.64971,1.92337033978967
12801,1054,33.607,-116.453,-0.2192758589313878
12802,1054,34.04856,-116.57816,0.4929847953240008
12803,1054,33.99,-116.656,-0.2492908302661328
12804,1054,33.92474,-116.54794,0.0350080344326843
12805,1054,33.91677,-116.38979,-0.8497416982033762
12936,1059,37.27117,-121.98617,0.1710365035909576
12937,1059,37.91056,-122.53778,0.916126365958402
12938,1059,38.03445,-122.27016,0.3149920869139914
12939,1059,37.71633,-122.43117,1.4750463519625043
12940,1059,38.29027,-122.46125,-0.1967426663452785
12941,1059,37.95397,-121.86554,-1.5481267037209558
12942,1059,37.87622,-122.23558,-0.2908036575861156
12943,1059,37.85727,-122.42266,1.6746312462872526
12944,1059,37.7294,-121.83346,-0.0637192920641095
12945,1059,37.85884,-121.99264,0.3798120990172947
12946,1059,38.02691,-122.01599,1.6892591218442476
12947,1059,38.34526,-122.4584,-0.2012051048330785
12948,1059,38.99349,-123.07234,-1.4365602715736974
12949,1059,37.51604,-122.45815,0.5185839016985423
12950,1059,37.21427,-122.17168,0.7113440864145144
12951,1059,37.63719,-122.47482,0.7569955693482204
12952,1059,37.2708,-122.21276,1.415828857011776
12953,1059,37.40372,-122.17596,0.2528806619454813
12954,1059,37.28397,-122.05017,0.1997619603325649
12955,1059,37.58644,-122.50217,0.497157744277682
12956,1059,39.68631,-123.58242,-0.3707351581444111
12957,1059,38.87874,-122.44277,-1.815056233623746
12958,1059,38.43951,-122.25272,0.4388083851981037
12959,1059,38.26021,-122.55179,0.5706676782571517
12960,1059,38.33656,-122.81082,1.0179334447497708
12961,1059,38.46769,-122.89651,-1.6309989797376865
12962,1059,38.28043,-122.21582,-0.0607296732694242
12963,1059,38.16488,-122.71296,-0.3637231811676195
12964,1059,38.6694,-122.6332,-0.5408475465208533
12965,1059,38.07601,-122.2585,1.6277721858417613
12966,1059,38.04248,-122.79684,1.7122023486763396
12967,1059,37.99642,-123.01949,0.3689314009375051
12968,1059,38.34878,-122.57795,1.3137813124142248
12969,1059,37.9231,-122.5983,0.3471924050090147
12970,1059,38.38921,-122.66297,0.8514315756110908
12971,1059,37.62211,-121.75697,-1.6626714906454378
12972,1059,38.71606,-122.9965,0.9971547831909362
12973,1059,38.61618,-122.87231,-0.198264656422216
12974,1059,38.71385,-123.00887,-0.1177715606062798
12975,1059,38.72258,-123.00804,0.6489875052767395
12976,1059,38.71616,-123.00227,2.2585589279558738
19517,1059,37.91881,-122.15176,-1.1589244717353158
19518,1059,37.87352,-122.26099,-0.9347791444724722
19519,1059,38.03455,-120.38651,-2.3948155932226065
19520,1059,37.69782,-123.0011,-0.653180511651382
19521,1059,40.81745,-124.02955,-4.781791634034269
19522,1059,37.34164,-121.64257,-0.8505520925980076
19523,1059,39.55451,-121.50036,-4.673868725021206
19525,1059,37.9889,-122.2156,1.9655036196589104
19526,1059,37.94906,-122.40851,1.4492212571113277
19527,1059,37.51704,-122.37731,0.202786707067971
19528,1059,37.67433,-122.39855,1.207729568528511
19529,1059,37.16067,-121.89899,1.4376448208956554
19530,1059,37.92144,-122.71806,1.154775988154657
19531,1059,38.441,-122.701,0.8701299642648855
19532,1059,38.233,-122.636,1.52461892613683
19533,1059,37.76021,-122.41524,0.8381041062128551
19534,1059,37.77737,-122.39689,0.6841446249972408
19535,1059,37.75094,-122.49072,1.324364939904508
19536,1059,37.76386,-122.4736,1.072995154498824
19537,1059,37.762,-122.505,1.0191664364630015
19538,1059,37.4748,-122.2392,-1.0204668666470744
19539,1059,37.54187,-122.30471,0.6003832494245652
19540,1059,37.30249,-121.97978,-0.3941873316921404
19541,1059,37.26352,-121.91617,-0.5713330193330144
19542,1059,37.31816,-121.94354,0.1956090462844152
19543,1059,37.3066,-121.84915,-0.4698982468504196
19544,1059,37.68,-121.739,-1.923700630434632
19545,1059,37.41702,-121.9154,0.1952152756749778
19546,1059,37.59094,-122.36741,0.4909790973877596
19547,1059,37.74766,-122.42528,0.9619533217660864
19548,1059,37.74664,-122.38679,1.2521583359276398
19549,1059,37.39415,-122.06041,0.7069944192497357
19550,1059,37.376,-121.84367,-0.2889184212949073
19551,1059,37.45098,-122.4287,0.4425338523101323
19552,1059,37.59268,-122.07449,-0.5759623551855664
19553,1059,37.71737,-121.72701,-1.693196598108106
19554,1059,37.67928,-122.48405,1.1153567809685463
19555,1059,37.88767,-122.29916,-0.1068394389598169
19556,1059,37.74484,-122.40134,0.5665776949802112
19557,1059,37.77934,-122.486,1.4588466070625885
19558,1059,37.81076,-122.29252,-0.9967973764727328
19559,1059,37.8251,-122.27606,1.0135234523491854
19560,1059,37.7986,-122.2684,0.0348636777291983
19561,1059,37.41395,-121.87085,0.6573250872879385
19562,1059,37.86059,-122.29327,-0.1827295835771573
19563,1059,37.85835,-122.25252,-0.2533560237135134
19564,1059,37.37418,-122.0781,-0.7106427818288431
19565,1059,37.45035,-121.80037,-1.6840601585331822
19566,1059,37.74766,-121.70843,0.3852727262001122
19567,1059,37.91233,-121.90716,-0.1455288317985997
19568,1059,37.34305,-122.33976,0.3361980617320215
19569,1059,37.31861,-122.15314,-0.4683707344002875
19570,1059,37.17217,-122.01121,2.17287365376724
19571,1059,37.36045,-122.18986,0.3732981365283734
19572,1059,37.20631,-121.97726,1.1879257520596118
19573,1059,37.15432,-121.73467,0.7645166138043563
19574,1059,37.58225,-122.42006,1.1197775515529356
19575,1059,40.4756,-124.3375,-2.788765755433039
19576,1059,40.8748,-123.7325,-3.390144999387513
19577,1059,40.4175,-124.1206,-2.267745059987898
19578,1059,40.2022,-123.7086,-1.7939607455746438
19580,1059,41.1577,-124.0233,-4.265019276440237
19581,1059,38.15486,-121.80438,-1.060501420497741
12977,1060,37.76021,-122.41524,-0.0551255859493656
12978,1060,37.77737,-122.39689,0.9929299110193516
12979,1060,37.76386,-122.4736,1.0678951069061755
12980,1060,37.762,-122.505,0.687541694845657
12981,1060,37.54187,-122.30471,0.0840077679518355
12982,1060,37.74766,-122.42528,-0.4340860883018407
12983,1060,37.34655,-121.80774,0.8232531908556959
12984,1060,37.40718,-122.00001,-0.620342107980788
12985,1060,37.39415,-122.06041,0.6315985917622735
12986,1060,37.376,-121.84367,0.7111151279219678
12987,1060,37.27117,-121.98617,1.3183535759083644
12988,1060,37.67928,-122.48405,1.303753880715126
12989,1060,37.91056,-122.53778,-0.0413785496949969
12990,1060,37.88767,-122.29916,1.0068660508804383
12991,1060,38.03445,-122.27016,-1.293643957287297
12992,1060,37.71633,-122.43117,0.1752368494984666
12993,1060,37.81076,-122.29252,-0.2618784209608918
12994,1060,37.8251,-122.27606,0.7413244132790457
12995,1060,37.7986,-122.2684,0.7849753444336298
12996,1060,37.41395,-121.87085,0.6497365563195752
12997,1060,37.86059,-122.29327,-0.5786906001636157
12998,1060,37.85835,-122.25252,0.6662824613495445
12999,1060,37.36408,-122.01817,1.0038688821114947
13000,1060,37.42549,-122.07772,-1.0947787874494153
13001,1060,37.85727,-122.42266,-0.5094016996399104
13002,1060,37.45035,-121.80037,-1.0260707094362571
13003,1060,37.74766,-121.70843,-0.4555477803359822
13004,1060,37.7294,-121.83346,-0.4727041005569962
13005,1060,38.03455,-120.38651,-0.3941234613193485
13006,1060,37.85884,-121.99264,0.4427120080787373
13007,1060,37.91233,-121.90716,0.4752149424769606
13008,1060,38.02691,-122.01599,0.3008051318237402
13009,1060,38.99349,-123.07234,-4.003804206538149
13010,1060,37.34305,-122.33976,1.7579211365191083
13011,1060,37.31861,-122.15314,0.5704410324010954
13012,1060,37.17217,-122.01121,3.247944635534042
13013,1060,37.36045,-122.18986,1.5071360131120852
13014,1060,37.51604,-122.45815,-0.0914413253334591
13015,1060,37.21427,-122.17168,2.3680609783434914
13016,1060,37.20631,-121.97726,1.943102770914928
13017,1060,37.15432,-121.73467,2.289754361868721
13018,1060,37.63719,-122.47482,0.2002676696932707
13019,1060,37.2708,-122.21276,1.9565731223518203
13020,1060,37.19855,-122.34671,0.8111309681435418
13021,1060,37.40373,-122.23868,-0.8733559892843543
13022,1060,37.58225,-122.42006,1.503170049153482
13023,1060,37.40372,-122.17596,0.0671096369756237
13024,1060,37.28397,-122.05017,0.7141954436588869
13025,1060,37.58644,-122.50217,1.0981128454163247
13026,1060,37.34164,-121.64257,1.283061756838858
13027,1060,37.65909,-118.97907,1.4019984428569334
13028,1060,38.43951,-122.25272,-1.1983254177997833
13029,1060,38.26021,-122.55179,-0.8525510489014401
13030,1060,38.30988,-122.943,0.6799056033600311
13031,1060,38.33656,-122.81082,1.946070205386772
13032,1060,38.46769,-122.89651,0.5664564404950277
13033,1060,38.16488,-122.71296,-0.4832767614059899
13034,1060,38.07601,-122.2585,-0.3379067605912695
13035,1060,38.04248,-122.79684,0.7040021012324309
13036,1060,37.99642,-123.01949,-0.4621584948831511
13037,1060,38.34878,-122.57795,0.2948512311455254
13038,1060,37.9231,-122.5983,-1.105094274221001
13039,1060,38.38921,-122.66297,0.066079548164793
13040,1060,35.945,-120.542,-1.5402092605732234
13041,1060,37.62211,-121.75697,-1.5083433557211678
13042,1060,37.95397,-121.86554,-1.0511622197683883
13043,1060,37.87622,-122.23558,-1.405300561245003
13044,1060,37.91881,-122.15176,0.4150871209625817
13045,1060,37.87352,-122.26099,-0.8359979526861359
13046,1060,38.34526,-122.4584,-0.9387471277474642
13047,1060,38.87874,-122.44277,-3.1730498532238656
13048,1060,38.2026,-121.9354,-0.8244407997410582
13049,1060,36.76403,-121.44722,-0.9815756364959448
19582,1060,37.69782,-123.0011,-0.9686202733741948
19583,1060,39.55451,-121.50036,-1.9631441958332043
19584,1060,37.28744,-121.86422,1.7820663044032368
19585,1060,37.81647,-122.06302,-1.5991301401753222
19586,1060,37.25898,-121.67311,0.8380426765839932
19587,1060,37.9889,-122.2156,0.2017070926495682
19588,1060,37.94906,-122.40851,-1.3533505444076654
19589,1060,37.72416,-122.11929,0.1728093200398876
19590,1060,37.12043,-122.1552,0.9071618391437496
19591,1060,38.441,-122.701,0.5693164265027628
19592,1060,38.233,-122.636,0.5344277590420149
19593,1060,37.75094,-122.49072,0.6191352761087957
19594,1060,37.40701,-122.0946,-1.3311356016684783
19595,1060,37.4748,-122.2392,-1.3744942578222732
19596,1060,37.30249,-121.97978,0.9893551204228918
19597,1060,37.26748,-121.86656,0.665675517397792
19598,1060,37.26352,-121.91617,0.0575591166969849
19599,1060,37.30143,-121.9039,0.617180023613421
19600,1060,37.31816,-121.94354,1.8023120185881003
19601,1060,37.3066,-121.84915,0.0833988260448247
19602,1060,37.66,-121.873,0.2402786915217276
19603,1060,37.68,-121.739,-1.5957642392212754
19604,1060,37.41702,-121.9154,-0.1300740349155305
19605,1060,37.59094,-122.36741,0.3533061141342053
19606,1060,37.74664,-122.38679,0.0169953904514534
19607,1060,37.45098,-122.4287,0.109995323618574
19608,1060,37.59268,-122.07449,0.0565815502952506
19609,1060,37.71737,-121.72701,-1.470267917866264
19610,1060,37.74484,-122.40134,-0.7762485706034707
19611,1060,38.29027,-122.46125,-1.676896984520015
19612,1060,37.37418,-122.0781,-0.5780560690932794
19613,1060,37.16346,-121.62645,0.1126221395843353
19614,1060,37.04922,-121.80722,0.7145900285270853
19615,1060,39.68631,-123.58242,-2.576267097244923
19617,1060,40.2022,-123.7086,-3.5760686248788747
19618,1060,37.6444,-118.89683,0.876954708648094
19619,1060,38.28043,-122.21582,-2.042477937998424
19620,1060,38.15486,-121.80438,-1.1769085352952158
19621,1060,38.6694,-122.6332,-0.0894084480772614
13050,1061,34.1949,-118.354,0.6740228549733216
13052,1061,35.2693,-116.0703,0.5314215986439632
13053,1061,34.68224,-118.57398,0.3789027015752529
13054,1061,34.155,-118.641,0.45212118302031
13055,1061,33.44577,-118.483,-0.2181784036501332
13058,1061,34.0602,-117.809,-0.671249686785391
13059,1061,33.876,-117.561,0.9939800504312608
13060,1061,33.93597,-116.57794,0.1951806676686591
13061,1061,33.65,-117.009,1.218647700833574
13062,1061,34.88303,-117.99106,-0.6637292027294841
13063,1061,34.1,-117.439,-0.4044782213620245
13064,1061,35.082,-117.58267,0.5469746093060194
13065,1061,33.8717,-117.92251,-0.4107887554169181
13066,1061,36.46719,-116.86322,0.2442072333989177
13067,1061,33.051,-114.827,-0.1126682162078084
13069,1061,34.8294,-116.335,1.7638169684559668
13070,1061,35.9823,-117.8076,0.6713647434279407
13071,1061,34.15037,-118.10156,0.3052360931788767
13072,1061,34.61462,-118.29104,-0.6554633973535001
13073,1061,34.61594,-117.82493,1.4099687463792423
13074,1061,35.47954,-117.68212,1.25198450547561
13075,1061,34.3656,-117.36683,-0.3038441106610369
13077,1061,36.05799,-117.48901,-0.1652075102962193
13079,1061,34.22362,-118.05832,0.3398566038433399
13080,1061,33.788,-117.844,-0.3724175028506282
13081,1061,34.6145,-118.7235,-1.177826914943251
13082,1061,34.1484,-118.1711,-1.1475179595266
13083,1061,33.354,-116.863,1.2481145404022085
13084,1061,33.7953,-117.60906,0.8688563807772228
13085,1061,33.74346,-118.40412,0.6114527704549128
13087,1061,34.05073,-118.08085,-0.7724190321169827
13088,1061,33.99351,-117.37545,-1.774275408513749
13089,1061,34.44076,-119.71492,-0.0584407825917316
13090,1061,34.232,-117.235,-1.7767791411095697
13091,1061,35.8996,-116.27515,1.9729921574419016
13092,1061,34.01438,-118.45617,0.7742763507268883
13093,1061,33.24787,-119.52437,-0.5185278717561973
13094,1061,34.416,-118.449,0.325962551143221
13095,1061,32.94508,-115.79988,-0.329305320714867
13097,1061,34.15607,-118.82039,-1.4541193175369729
13098,1061,34.01919,-118.28631,-0.78318903445561
13099,1061,34.48364,-118.11783,-2.4028588782860183
13100,1061,34.56065,-117.3296,1.0146718260130811
13101,1062,33.3527,-115.733,0.1064573243585747
13102,1062,34.55046,-117.43391,0.4472415850662623
13103,1062,34.68708,-118.29946,-0.1292798508660935
13104,1062,32.68005,-116.67215,-0.6462079087206297
13105,1062,34.2623,-116.92075,0.9624990924143376
13106,1062,33.921,-116.981,0.6658868561001833
13109,1062,34.069,-116.39,-0.464407525786229
13111,1062,33.268,-116.417,-3.09578847081258
13112,1062,33.01213,-115.21987,-2.429977904100875
13113,1062,34.68224,-118.57398,1.0286186396952302
13114,1062,33.38822,-117.19495,-1.4274302257795115
13116,1062,33.999,-117.68,0.9240467411327008
13117,1062,33.655,-115.99,0.23374948761681
13118,1062,34.63745,-115.38115,-0.4951572895589044
13119,1062,34.25353,-118.33383,1.301939887802038
13120,1062,33.65,-117.009,-0.3386073820240437
13121,1062,33.567,-116.631,0.4249942659619841
13122,1062,32.999,-116.942,-0.9229625298339508
13123,1062,32.805,-115.447,-0.0892581246667278
13124,1062,32.65915,-116.10061,-0.7674610971698015
13127,1062,33.11675,-115.82267,-0.3910238422535753
13128,1062,33.051,-114.827,-1.806769823020396
13129,1062,33.1537,-117.22921,-0.4908714205049877
13130,1062,35.30177,-116.80574,-0.7900777203551935
13132,1062,33.0859,-116.5959,-0.3167856460889384
13133,1062,34.36622,-116.61266,-0.328814970650235
13134,1062,34.9906,-118.34156,0.4574053030792275
13135,1062,33.684,-117.943,-0.1894211223817937
13136,1062,34.93439,-117.69629,1.1927412841039244
13137,1062,35.47954,-117.68212,-0.1362566424640105
13138,1062,34.3656,-117.36683,-0.240097637453436
13140,1062,33.818,-116.369,0.6004796194601331
13141,1062,34.005,-117.562,2.207925225979088
13143,1062,33.808,-116.968,1.3109566286413832
13144,1062,34.22362,-118.05832,0.9801846149576108
13145,1062,33.556,-115.946,-0.4325328418169517
13146,1062,33.94539,-117.92372,1.0649323925454997
13147,1062,32.608,-116.93,0.4445979757416154
13148,1062,34.6145,-118.7235,-1.5370917634897994
13149,1062,34.1484,-118.1711,-0.7119913852781279
13150,1062,34.1207,-117.63808,0.955238309332136
13151,1062,33.862,-117.205,-0.3638989975042871
13153,1062,33.354,-116.863,-1.8065375233049268
13154,1062,33.63,-116.8478,-0.4833013605858369
13155,1062,34.87533,-116.99684,-0.2969074039068891
13156,1062,33.97327,-117.32674,1.8682999934234856
13157,1062,33.99351,-117.37545,-0.8403653174925928
13158,1062,33.183,-115.623,-1.816748038735897
13159,1062,33.2801,-115.98585,-0.3534832741347806
13161,1062,33.553,-117.662,-0.6924236680251245
13163,1062,33.834,-116.797,1.3117420211806252
13164,1062,34.05933,-118.64614,0.199352544956836
13165,1062,33.829,-117.789,-0.1720239834804144
13166,1062,33.664,-117.769,-0.8304858863260774
13167,1062,34.106,-117.098,1.8612177549177125
13168,1062,32.94508,-115.79988,1.5612734340934136
13169,1062,34.38203,-117.67822,0.7466877567419808
13171,1062,33.63495,-116.16402,-1.986210747380604
13172,1062,34.48364,-118.11783,1.7135678605811084
13173,1062,34.56065,-117.3296,1.2258869251924676
13174,1062,32.75904,-115.73161,1.7523858247043298
13175,1062,34.00948,-117.95077,0.9753835845443352
13201,1064,34.55046,-117.43391,-0.0427091723331222
13202,1064,33.63838,-116.4011,-0.4608969641882911
13203,1064,34.68708,-118.29946,-0.1084135073675389
13204,1064,35.1269,-118.83009,-0.5339601067971957
13205,1064,32.68005,-116.67215,-0.1815649101789715
13207,1064,33.57508,-117.26119,-1.421757077119686
13209,1064,34.23883,-117.65853,-0.7610916366354388
13210,1064,34.069,-116.39,0.0465625567098535
13211,1064,33.268,-116.417,-0.2400390193081337
13212,1064,33.80776,-117.98116,-0.4483663589361891
13213,1064,34.68224,-118.57398,1.5663739832749544
13214,1064,33.38822,-117.19495,-0.7313703677783039
13215,1064,35.52495,-117.36453,1.3990011071358914
13216,1064,36.5504,-117.80295,1.723500401088755
13218,1064,33.999,-117.68,-1.4234303245217537
13219,1064,33.4019,-118.41502,-0.7000656237241127
13221,1064,34.093,-117.317,-0.3309895677300754
13222,1064,33.655,-115.99,1.6504406322557093
13223,1064,34.63745,-115.38115,2.3217517106629404
13224,1064,34.25353,-118.33383,0.9324072211077976
13225,1064,33.93597,-116.57794,-0.6540560395307552
13226,1064,33.65,-117.009,-1.7249601113245083
13227,1064,34.10618,-118.45505,-0.5402595552132794
13228,1064,33.567,-116.631,-0.6438732822779826
13229,1064,32.999,-116.942,-0.9916962900363908
13231,1064,32.65915,-116.10061,-0.7793074697132027
13234,1064,33.11675,-115.82267,1.0995892157847735
13235,1064,33.71264,-118.29381,-1.3129627518351432
13236,1064,33.051,-114.827,0.7014664578513126
13237,1064,33.1537,-117.22921,-1.562853852937594
13238,1064,36.99608,-117.36621,0.7753666322978437
13239,1064,35.30177,-116.80574,0.534551124800072
13240,1064,34.8294,-116.335,1.732315431522132
13241,1064,34.121,-117.219,-1.382223054450601
13243,1064,35.66278,-118.47403,0.3678004493688737
13244,1064,33.0859,-116.5959,0.7501182604200174
13245,1064,35.98249,-117.80885,1.365966721195762
13246,1064,34.36622,-116.61266,-0.6226392087420607
13247,1064,35.13066,-115.18416,1.392177624538889
13248,1064,34.9906,-118.34156,1.4134270925942218
13249,1064,34.30529,-118.48805,0.4982466222465168
13250,1064,33.9753,-118.14918,-0.7905299381979402
13251,1064,34.10819,-119.06587,0.0810223216425451
13252,1064,34.80762,-118.86775,0.7346814352722787
13253,1064,34.61594,-117.82493,0.8719377711310268
13254,1064,34.93439,-117.69629,-0.0207078074462563
13255,1064,35.47954,-117.68212,0.7893936398687381
13256,1064,34.3656,-117.36683,-0.499450503117574
13258,1064,33.818,-116.369,-0.3961375419786844
13260,1064,34.005,-117.562,-0.703469343176025
13261,1064,36.05799,-117.48901,0.4056116153554097
13262,1064,33.808,-116.968,-1.339598430567282
13264,1064,34.22362,-118.05832,0.4525929945050831
13265,1064,34.78035,-116.55798,0.9724575495707852
13267,1064,33.556,-115.946,-0.4489773492862197
13268,1064,33.94539,-117.92372,0.1992923134710305
13269,1064,32.608,-116.93,-0.3160025999641477
13270,1064,34.6145,-118.7235,-1.0551506210923125
13271,1064,34.1484,-118.1711,-0.9092121119417482
13272,1064,34.1207,-117.63808,-1.2309565378173415
13273,1064,33.862,-117.205,-1.2580727743443925
13275,1064,33.82436,-116.51195,-0.5849749980394511
13276,1064,33.354,-116.863,-0.363675984376715
13277,1064,33.7953,-117.60906,-0.3131302768767317
13278,1064,33.63,-116.8478,-0.7632795205947233
13279,1064,34.87533,-116.99684,0.2490120201341255
13280,1064,33.97327,-117.32674,-0.6712131348225943
13281,1064,34.05073,-118.08085,-0.0719523288529714
13282,1064,33.99351,-117.37545,-2.4113332752451444
13283,1064,33.2801,-115.98585,1.3279661787302668
13284,1064,34.232,-117.235,-1.7149738820351723
13285,1064,33.99543,-119.6351,-0.1137445365015017
13286,1064,33.553,-117.662,-0.9174085484810812
13287,1064,32.784,-117.13805,0.478955588291913
13289,1064,34.43692,-119.1375,-0.820122206379645
13290,1064,35.8996,-116.27515,2.19567925167089
13291,1064,35.89095,-117.28332,3.0539206307033373
13292,1064,33.834,-116.797,-0.9224709985918
13294,1064,34.01438,-118.45617,0.8091910712906721
13295,1064,34.05933,-118.64614,-0.2784912913651402
13296,1064,36.1355,-118.81099,-0.7411604382445262
13297,1064,33.829,-117.789,-1.0302434366535609
13298,1064,34.30302,-119.18676,0.8562915345773823
13299,1064,33.664,-117.769,-0.4460800369766596
13300,1064,34.106,-117.098,1.064982906033527
13301,1064,32.94508,-115.79988,0.2493134818335332
13302,1064,34.52775,-119.97834,-0.9278185118746618
13303,1064,34.38203,-117.67822,1.0729805454381742
13305,1064,33.63495,-116.16402,-0.0308686146419335
13307,1064,34.48364,-118.11783,-0.0621281314301694
13308,1064,34.56065,-117.3296,0.8508225128392614
13309,1064,35.53664,-118.14035,1.6877747013826203
13310,1064,32.75904,-115.73161,0.8840511558375039
13311,1064,34.51085,-119.27407,-1.3436522645279525
13312,1064,34.00948,-117.95077,0.7804378059244201
13313,1065,34.68708,-118.29946,-0.7283985862494841
13314,1065,32.68005,-116.67215,0.566138756050957
13315,1065,34.23883,-117.65853,-1.1339878617071393
13316,1065,34.68224,-118.57398,1.1337632264953983
13317,1065,33.38822,-117.19495,0.3061700231303905
13319,1065,33.876,-117.561,-0.2794927051584294
13320,1065,34.10618,-118.45505,-0.0564062870788663
13321,1065,32.999,-116.942,0.4709209067493787
13323,1065,33.71264,-118.29381,0.5425239362437293
13324,1065,33.1537,-117.22921,-0.6449064218497383
13325,1065,35.66278,-118.47403,-0.3988802781787131
13326,1065,34.9906,-118.34156,0.8115790675375718
13327,1065,33.9753,-118.14918,0.3160178238735453
13328,1065,34.80762,-118.86775,0.7024602515083441
13329,1065,34.005,-117.562,-0.1528933708050351
13330,1065,33.6,-117.195,2.0831368093597686
13331,1065,34.22362,-118.05832,0.5291801156813954
13332,1065,33.94539,-117.92372,-0.330011861421152
13333,1065,34.6145,-118.7235,-1.1369098985230244
13334,1065,34.17141,-118.18523,-3.912048943938644
13335,1065,34.1207,-117.63808,-1.2276046264996356
13336,1065,33.354,-116.863,0.0491790320237788
13337,1065,34.09181,-117.80709,-0.1751328967390122
13338,1065,33.63,-116.8478,-0.365870214875344
13339,1065,34.281,-118.478,0.8114915874611675
13340,1065,34.87533,-116.99684,0.8440969874185411
13341,1065,34.05073,-118.08085,-0.8336421983334872
13342,1065,33.99351,-117.37545,-2.311176132288337
13344,1065,34.232,-117.235,-1.8685415918446
13345,1065,34.05933,-118.64614,0.0417878469862535
13346,1065,34.106,-117.098,-1.027219338954496
13347,1065,34.38203,-117.67822,0.3894074190422025
13350,1065,34.48364,-118.11783,-1.5941912876466475
13351,1065,34.56065,-117.3296,0.3925204294076926
13352,1065,34.00948,-117.95077,1.7160928496684955
13353,1065,34.1717,-118.64971,2.7054641552683774
13354,1065,33.939,-118.098,1.278414901673613
13355,1065,34.425,-117.544,-0.1662378608819176
13356,1065,34.439,-117.647,0.8468559503319371
13357,1065,34.144,-118.262,1.8043764188776288
13358,1065,34.393,-117.805,-1.6609820027046485
13360,1065,33.852,-117.451,1.7849039557642694
13361,1066,34.55046,-117.43391,0.2051391543919681
13362,1066,33.63838,-116.4011,-0.8695518002329563
13363,1066,34.14647,-118.76699,0.7168814630637951
13364,1066,34.68708,-118.29946,-1.090048928022482
13365,1066,32.68005,-116.67215,-0.1265654912613158
13366,1066,34.2623,-116.92075,0.1759565899041053
13367,1066,33.921,-116.981,0.4896475034396044
13369,1066,33.57508,-117.26119,0.3144445283475468
13371,1066,34.23883,-117.65853,-0.673136045941866
13372,1066,34.069,-116.39,-0.9609100763800236
13373,1066,33.268,-116.417,-0.7407011535467909
13374,1066,33.80776,-117.98116,-0.00388780071114
13375,1066,33.4915,-116.667,-3.2321944501638407
13376,1066,33.38822,-117.19495,-0.5395028048409559
13377,1066,35.52495,-117.36453,0.0221550671019299
13378,1066,36.5504,-117.80295,0.2131522784613963
13380,1066,33.4019,-118.41502,-0.2671827694936979
13382,1066,34.093,-117.317,1.2184736370228466
13383,1066,33.655,-115.99,0.7421498481762976
13385,1066,34.25353,-118.33383,0.2467884312643056
13386,1066,33.93597,-116.57794,-0.2225253961718835
13387,1066,34.10618,-118.45505,0.7455734565464139
13388,1066,33.567,-116.631,0.8838786952344024
13389,1066,32.999,-116.942,-1.134704417194411
13390,1066,34.88303,-117.99106,-1.098947808761819
13392,1066,34.72832,-119.98803,-0.5732544139633315
13393,1066,33.71264,-118.29381,-0.4584924403925084
13394,1066,33.1537,-117.22921,-1.569489446229641
13396,1066,35.30177,-116.80574,-0.492653017347775
13397,1066,34.8294,-116.335,0.2793416131143065
13398,1066,34.17643,-118.35967,1.4446961762777288
13400,1066,34.31076,-118.49675,1.5824041738680836
13401,1066,33.0859,-116.5959,0.0302085557297007
13402,1066,35.9823,-117.8076,1.7906688896861496
13403,1066,34.36622,-116.61266,-0.3219678767947948
13404,1066,34.15037,-118.10156,0.2967954181047254
13405,1066,33.86889,-118.33143,0.0853096551438045
13406,1066,34.00033,-118.37794,0.3077140544023751
13407,1066,34.73551,-120.27996,0.3210609221256859
13408,1066,34.9906,-118.34156,0.6027562256750173
13409,1066,33.9753,-118.14918,-0.6250293701159658
13410,1066,34.10819,-119.06587,0.894760616774783
13411,1066,34.80762,-118.86775,0.1886129080496313
13412,1066,34.61594,-117.82493,0.385159617179127
13413,1066,33.684,-117.943,0.0431517776485673
13414,1066,34.93439,-117.69629,-0.5301463618303858
13415,1066,33.881,-118.176,0.4608491152545677
13416,1066,34.3656,-117.36683,0.2347397935850888
13419,1066,34.005,-117.562,-0.5358310454572378
13420,1066,34.28085,-118.9049,-0.1286288312766394
13421,1066,34.81258,-119.1453,-0.6452666938267401
13422,1066,36.05799,-117.48901,-1.7066383310537736
13423,1066,34.88848,-119.81362,0.0429657930689433
13424,1066,33.808,-116.968,0.6878400424034026
13426,1066,34.22362,-118.05832,0.1632924446931739
13427,1066,34.53412,-120.17737,0.8549088346041097
13428,1066,33.94539,-117.92372,0.8470308260790527
13429,1066,34.6145,-118.7235,-2.3010911978932547
13430,1066,34.1484,-118.1711,-0.2231184613668534
13431,1066,34.44199,-118.58215,1.2736963460588675
13432,1066,33.96273,-118.43702,-0.3374568465127864
13433,1066,34.1207,-117.63808,0.402178380817319
13434,1066,33.862,-117.205,-0.71149222115907
13435,1066,35.40773,-120.54556,0.4162783516388343
13436,1066,35.945,-120.542,-1.8357312540010644
13437,1066,33.354,-116.863,-0.1991181683198868
13438,1066,33.7953,-117.60906,0.8546804864995692
13439,1066,34.281,-118.478,1.403347624259237
13440,1066,34.10473,-117.97956,-0.901663735630172
13441,1066,33.74346,-118.40412,0.4446476298801127
13442,1066,34.87533,-116.99684,-0.4479803712446036
13443,1066,34.05073,-118.08085,-0.3901183126570717
13444,1066,33.99351,-117.37545,-1.3613667717018425
13445,1066,33.2801,-115.98585,-0.4221593798210702
13446,1066,34.44076,-119.71492,1.941715661672328
13448,1066,34.232,-117.235,-0.4767171733068218
13449,1066,33.553,-117.662,0.1204046849665216
13450,1066,34.56547,-120.50137,1.2379717295509698
13451,1066,34.43692,-119.1375,-0.6479150328291208
13452,1066,35.89095,-117.28332,-0.2875864557984705
13453,1066,33.834,-116.797,-0.330366814679133
13454,1066,35.3142,-119.99581,-1.120999803921066
13455,1066,34.01438,-118.45617,0.8347368952212796
13456,1066,34.27091,-118.74407,-0.905389382016215
13457,1066,33.24787,-119.52437,-1.0888830119166844
13458,1066,34.05933,-118.64614,0.8665222698372727
13459,1066,33.829,-117.789,0.1770663507293992
13460,1066,34.30302,-119.18676,0.2186059190146951
13461,1066,33.664,-117.769,-0.2591970189679575
13462,1066,33.79033,-118.19878,0.4491194069510411
13463,1066,34.106,-117.098,0.7141023651344253
13464,1066,34.52775,-119.97834,2.074504895652825
13465,1066,34.38203,-117.67822,0.3263027133669564
13467,1066,35.14592,-119.41946,-0.7863130612251203
13468,1066,33.63495,-116.16402,-0.1038055382453785
13469,1066,37.05422,-118.23009,-0.0328893050358279
13470,1066,34.15607,-118.82039,-0.033729723945993
13472,1066,34.01919,-118.28631,-0.0635996342909494
13473,1066,34.48364,-118.11783,-0.3489308536702255
13474,1066,35.84089,-119.08469,-0.8055897846652518
13475,1066,34.56065,-117.3296,0.1104564644672547
13476,1066,35.53664,-118.14035,1.125655717101467
13478,1066,34.51085,-119.27407,-0.7591030929831935
13479,1066,34.00948,-117.95077,0.3213710321250974
13480,1066,34.1717,-118.64971,2.2492815703362714
13481,1066,33.94869,-118.25547,0.1315218215294717
13502,1068,35.1269,-118.83009,-1.0429237096706303
13503,1068,34.2623,-116.92075,-0.2752236384355909
13504,1068,34.23883,-117.65853,-0.5120769327408179
13505,1068,34.069,-116.39,-0.1812007189249055
13506,1068,33.268,-116.417,-1.2118852758368823
13507,1068,33.01213,-115.21987,-1.5196676327324834
13508,1068,34.68224,-118.57398,0.6398617170730909
13509,1068,33.4915,-116.667,-4.320121413402929
13510,1068,33.38822,-117.19495,0.2687076501562124
13513,1068,33.4019,-118.41502,-0.0629230516726466
13515,1068,33.655,-115.99,-0.2401954075612971
13516,1068,34.25353,-118.33383,0.3144065924087891
13517,1068,33.93597,-116.57794,0.0572411795966123
13518,1068,33.65,-117.009,-0.4811848655990313
13519,1068,34.10618,-118.45505,-0.3091645330273085
13520,1068,33.567,-116.631,0.5438535261231937
13521,1068,32.999,-116.942,-1.316453484771788
13522,1068,32.65915,-116.10061,0.3604917991335258
13524,1068,33.11675,-115.82267,-0.368857746736511
13525,1068,33.71264,-118.29381,-0.0633205537981824
13526,1068,33.051,-114.827,-0.5500900564856942
13528,1068,33.1537,-117.22921,-1.768830307993304
13529,1068,35.30177,-116.80574,-0.1094556692777423
13530,1068,34.8294,-116.335,0.6649989738998431
13532,1068,33.0859,-116.5959,0.0250852486089615
13533,1068,34.36622,-116.61266,0.6595596249755677
13535,1068,34.9906,-118.34156,0.2174201232289671
13536,1068,34.3656,-117.36683,0.1669077105293571
13538,1068,33.818,-116.369,0.1531201399456861
13540,1068,33.808,-116.968,1.531965855570216
13541,1068,33.6,-117.195,1.1071931001812891
13542,1068,32.608,-116.93,-0.6504074765382257
13543,1068,34.6145,-118.7235,-1.7391828879104032
13544,1068,34.17141,-118.18523,-0.92678796793245
13545,1068,34.1207,-117.63808,0.6849908330719248
13547,1068,33.354,-116.863,-1.314177180071505
13548,1068,33.7953,-117.60906,0.2202844027093821
13550,1068,34.09181,-117.80709,-0.1179053651696078
13551,1068,33.63,-116.8478,1.1769492170498117
13552,1068,34.87533,-116.99684,0.3005253707272781
13553,1068,33.99351,-117.37545,0.2021698022849965
13554,1068,33.2801,-115.98585,0.0506569497804706
13556,1068,34.232,-117.235,0.0957636619626229
13557,1068,33.99543,-119.6351,0.8438407502216617
13558,1068,33.553,-117.662,1.409199059434992
13560,1068,32.944,-115.718,0.3259729962717007
13561,1068,33.834,-116.797,0.634129223401092
13562,1068,34.05933,-118.64614,0.6292509646333218
13563,1068,33.829,-117.789,-0.0829992895295663
13564,1068,34.106,-117.098,1.1837794311594585
13565,1068,32.94508,-115.79988,0.2334115257391311
13566,1068,34.38203,-117.67822,0.9299296054329076
13570,1068,32.75904,-115.73161,0.5885867778529313
13571,1069,37.75094,-122.49072,0.9440433409519302
13572,1069,37.54187,-122.30471,0.9550505712278812
13573,1069,37.26352,-121.91617,-1.4605932394949224
13574,1069,37.66,-121.873,-0.4801332032270534
13575,1069,37.68,-121.739,-1.047798297365963
13576,1069,37.59094,-122.36741,2.234939695666524
13577,1069,37.39415,-122.06041,-1.687937811661895
13578,1069,37.27117,-121.98617,-1.2404752364171263
13579,1069,37.59268,-122.07449,-0.3548091243451051
13580,1069,37.71737,-121.72701,-0.8441355764154226
13581,1069,37.67928,-122.48405,1.3789448119106804
13582,1069,37.91056,-122.53778,2.7172340649896563
13583,1069,38.03445,-122.27016,0.282025195038088
13584,1069,37.95397,-121.86554,-2.1972494479413416
13585,1069,37.87622,-122.23558,-1.1266565224043263
13586,1069,37.91881,-122.15176,-1.2744586519051575
13587,1069,37.87352,-122.26099,-0.2847773472205277
13589,1069,37.85727,-122.42266,0.6771325050932981
13590,1069,37.45035,-121.80037,-1.698282509775145
13591,1069,37.74766,-121.70843,0.8527970471846018
13592,1069,37.7294,-121.83346,0.2506371541831967
13593,1069,37.85884,-121.99264,1.1186322038759118
13594,1069,37.91233,-121.90716,-0.2134910414767578
13595,1069,38.02691,-122.01599,0.1255375411778947
13596,1069,38.34526,-122.4584,-0.2986250965091613
13597,1069,38.99349,-123.07234,-3.807657542526441
13598,1069,37.34305,-122.33976,0.6576538871867678
13599,1069,37.31861,-122.15314,-1.5520970822242186
13600,1069,37.17217,-122.01121,1.5387877606737164
13601,1069,37.51604,-122.45815,1.5668997274195022
13602,1069,37.21427,-122.17168,0.704129429326805
13603,1069,37.20631,-121.97726,0.4096591276114594
13604,1069,37.15432,-121.73467,0.6120874644059634
13605,1069,37.63719,-122.47482,0.1657740033375501
13606,1069,37.2708,-122.21276,-0.6100993672052731
13607,1069,37.19855,-122.34671,-0.167243346594279
13608,1069,37.40373,-122.23868,-2.684386117533523
13609,1069,37.58225,-122.42006,2.3481969111864087
13610,1069,37.40372,-122.17596,-1.4798904330383045
13611,1069,37.28397,-122.05017,-1.1893682604767446
13612,1069,37.58644,-122.50217,1.4100139341858682
13613,1069,37.6444,-118.89683,1.3534804702027712
13614,1069,37.34164,-121.64257,-1.2099469294127518
13615,1069,37.65909,-118.97907,2.4095902164592338
13616,1069,38.33656,-122.81082,2.3554809496260094
13617,1069,38.28043,-122.21582,-0.4720167052534998
13618,1069,38.16488,-122.71296,0.5980074463171091
13619,1069,38.6694,-122.6332,0.0592210036607783
13620,1069,38.07601,-122.2585,0.353836093700637
13621,1069,38.04248,-122.79684,1.6150123984051905
13622,1069,37.99642,-123.01949,1.6688097737867662
13623,1069,38.34878,-122.57795,1.4705675214763223
13624,1069,37.9231,-122.5983,0.937568667632769
13625,1069,38.38921,-122.66297,0.4004572618333791
13626,1069,39.55451,-121.50036,-1.7357252321923484
13627,1069,35.945,-120.542,-2.6378709403508083
13628,1069,38.2026,-121.9354,-0.208007437831851
13629,1069,36.76403,-121.44722,-2.134087235200926
13630,1069,37.62211,-121.75697,-1.5359675740676764
19409,1069,38.03455,-120.38651,-0.6578004751584843
19410,1069,37.81647,-122.06302,-1.1942109869631587
19411,1069,37.9889,-122.2156,1.6211385885387115
19412,1069,37.94906,-122.40851,-0.5738002733727057
19413,1069,37.72416,-122.11929,1.7014996044895698
19414,1069,37.80787,-122.3618,-1.1720622521664696
19415,1069,37.12043,-122.1552,-0.6097425640708932
19416,1069,37.51704,-122.37731,-0.1567882252709052
19417,1069,37.67433,-122.39855,1.3784401363324856
19418,1069,37.16067,-121.89899,1.9317305271089784
19419,1069,37.92144,-122.71806,1.5603064686058297
19420,1069,38.04962,-122.52331,1.914606688234793
19421,1069,38.12282,-122.14921,1.250684074580492
19422,1069,38.20025,-122.4644,0.4700641522465739
19423,1069,38.233,-122.636,1.1078695142907575
19424,1069,37.76021,-122.41524,0.2458350869080036
19425,1069,37.77737,-122.39689,-0.7763911487880575
19426,1069,37.76386,-122.4736,0.2029274449645725
19427,1069,37.762,-122.505,-0.1868341640140107
19428,1069,37.40701,-122.0946,-2.255471081886085
19429,1069,37.4748,-122.2392,-2.1253752868643714
19430,1069,37.30249,-121.97978,-0.8157405752418734
19431,1069,37.30143,-121.9039,-1.4434588430470128
19432,1069,37.31816,-121.94354,-0.7932788685344777
19433,1069,37.41702,-121.9154,-1.340733253575182
19434,1069,37.74766,-122.42528,0.8232946358764955
19435,1069,38.46769,-122.89651,-0.0647833555629692
13631,1070,37.27117,-121.98617,-0.7957644853197066
13632,1070,37.91056,-122.53778,0.0351431160118235
13633,1070,38.03445,-122.27016,-0.8665354061484939
13634,1070,37.72416,-122.44841,-0.5343659025652397
13635,1070,37.86059,-122.29327,-1.0459051250189082
13636,1070,38.29027,-122.46125,-0.156250600689129
13637,1070,37.94215,-121.93047,-0.2593217649651618
13638,1070,38.36743,-122.52403,0.2642902465737369
13639,1070,37.95397,-121.86554,-0.5390077708805108
13640,1070,37.87622,-122.23558,-1.6624170748419982
13641,1070,37.91881,-122.15176,-2.241073575157025
13642,1070,37.87352,-122.26099,-1.94024080059802
13643,1070,37.85727,-122.42266,0.5508829033423139
13644,1070,37.74766,-121.70843,-0.3687705292008539
13645,1070,37.7294,-121.83346,-0.5623883067777998
13646,1070,37.73786,-122.06486,-0.0203956620815975
13647,1070,37.9889,-122.2156,-0.6892960675030747
13648,1070,37.94906,-122.40851,-0.4025830397221369
13649,1070,37.91233,-121.90716,0.1332425510071334
13650,1070,38.02691,-122.01599,0.9222517484231688
13651,1070,37.62359,-121.83641,-0.5810553977152244
13652,1070,38.34526,-122.4584,0.8816349981130934
13653,1070,37.69782,-123.0011,0.014621992234913
13654,1070,38.71073,-122.75733,1.843255058963948
13655,1070,38.80797,-122.7953,1.1525359907182275
13656,1070,37.34305,-122.33976,0.8527724051767319
13657,1070,37.36045,-122.18986,-0.0053070923190639
13658,1070,37.51604,-122.45815,1.1030391456963018
13659,1070,37.21427,-122.17168,0.403499910123482
13660,1070,37.20631,-121.97726,0.32627565559689
13661,1070,37.15432,-121.73467,0.7303635569485337
13662,1070,37.63719,-122.47482,0.0264173161434812
13663,1070,37.2708,-122.21276,0.8303998671061972
13664,1070,37.79499,-122.4746,0.991612905305881
13665,1070,37.40373,-122.23868,-1.1377360320309131
13666,1070,37.58225,-122.42006,1.0226313288899656
13667,1070,37.40372,-122.17596,-0.6135883465431065
13668,1070,37.58644,-122.50217,1.547680086589995
13669,1070,37.16067,-121.89899,0.5327530700145762
13670,1070,38.14478,-122.88018,1.5312533671530133
13671,1070,38.87874,-122.44277,-0.0645188935508862
13672,1070,38.43951,-122.25272,0.9938500269097178
13673,1070,37.92144,-122.71806,0.9618848409178872
13674,1070,38.26021,-122.55179,1.0872014288638738
13675,1070,38.00198,-122.47466,0.1714732881007803
13676,1070,38.30988,-122.943,1.0913519751573315
13677,1070,38.33656,-122.81082,2.3980833611703374
13678,1070,38.46769,-122.89651,0.727118628150972
13679,1070,38.04962,-122.52331,1.9597355567782253
13680,1070,38.15486,-121.80438,0.3244358960140732
13681,1070,38.16488,-122.71296,1.2000979788371493
13682,1070,38.12282,-122.14921,0.5024306137479064
13683,1070,38.07601,-122.2585,0.1684138481274351
13684,1070,38.34878,-122.57795,0.7221132558400207
13685,1070,38.20025,-122.4644,1.1908847195320904
13686,1070,37.92371,-122.59649,1.4181656142993213
13687,1070,38.14361,-122.44969,-0.3028944890228759
13688,1070,38.24039,-122.79842,-0.0099154484968234
13689,1070,38.38921,-122.66297,0.6613730487722435
13690,1070,37.91608,-122.33607,-1.3063179308010466
13691,1070,37.62211,-121.75697,-1.7888538233724651
21339,1070,38.03455,-120.38651,-1.4401834089951355
21340,1070,39.65471,-122.71595,-3.073685187149391
21341,1070,36.3887,-121.5514,-1.7267101952193094
21343,1070,38.99349,-123.07234,-2.310566825247032
21345,1070,37.34164,-121.64257,-1.5080441660205877
21346,1070,39.55451,-121.50036,-1.939463123516513
21347,1070,35.945,-120.542,-2.6743072926808296
21348,1070,37.72416,-122.11929,-1.0597040644576832
21349,1070,37.51704,-122.37731,0.297690688215165
21350,1070,37.75094,-122.49072,0.527516150835335
21351,1070,37.762,-122.505,0.1890021150794289
21352,1070,37.67928,-122.48405,0.7002409365798714
21353,1070,37.74484,-122.40134,-0.4801493685016755
21354,1070,37.71633,-122.43117,0.3276034191903403
21355,1070,37.8251,-122.27606,-1.172125858006703
21356,1070,37.41395,-121.87085,-0.5285021100245062
21357,1070,37.6806,-121.92098,-1.642252836010754
21358,1070,37.85835,-122.25252,-1.0577049551986804
21359,1070,37.81041,-121.80272,-0.166121983210598
21360,1070,37.85884,-121.99264,-0.7630862697168147
21361,1070,37.80787,-122.3618,-2.1627233132993955
21362,1070,38.76927,-123.01486,0.2462785638560384
21363,1070,37.19855,-122.34671,-0.7972070753617365
21364,1070,38.28043,-122.21582,1.2872720017093984
21365,1070,38.65651,-122.61441,1.5854133442910203
21366,1070,38.04248,-122.79684,2.401248285198869
21367,1070,37.99642,-123.01949,1.9778147584519927
13809,1075,34.55046,-117.43391,-1.3351447644543992
13810,1075,34.68708,-118.29946,-0.5848828874963548
13811,1075,35.1269,-118.83009,-0.5606856225904242
13812,1075,32.68005,-116.67215,0.0068253702650492
13813,1075,34.2623,-116.92075,-0.0065774980271122
13814,1075,33.921,-116.981,-0.8826651053085164
13817,1075,34.23883,-117.65853,-1.7578850300301232
13818,1075,34.069,-116.39,-1.0080136638633324
13820,1075,33.268,-116.417,-0.0387373599345738
13821,1075,33.80776,-117.98116,0.0997172640108381
13822,1075,34.68224,-118.57398,0.7210344798841902
13823,1075,33.38822,-117.19495,-0.6991580333893641
13824,1075,35.52495,-117.36453,1.446976286508424
13825,1075,36.5504,-117.80295,1.5555018922317845
13827,1075,33.999,-117.68,-0.751953197924471
13828,1075,33.4019,-118.41502,0.6146000890152221
13830,1075,34.093,-117.317,1.839940715546128
13831,1075,34.63745,-115.38115,0.74702583992898
13832,1075,34.25353,-118.33383,0.7115569713760282
13833,1075,33.93597,-116.57794,0.2008731520041949
13834,1075,33.65,-117.009,-1.3791304458680844
13835,1075,34.10618,-118.45505,-1.208152572363172
13836,1075,33.567,-116.631,-0.1786660674189598
13837,1075,32.999,-116.942,-1.4361395446393028
13841,1075,33.71264,-118.29381,-0.5868572671965937
13842,1075,33.051,-114.827,-0.4917461218371923
13843,1075,33.1537,-117.22921,-1.4052657561373536
13845,1075,35.30177,-116.80574,0.8462122583003675
13846,1075,34.8294,-116.335,0.979616993831814
13848,1075,35.66278,-118.47403,-0.1414631749158994
13849,1075,33.0859,-116.5959,0.044225647357998
13850,1075,35.98249,-117.80885,0.7481266800819275
13851,1075,34.36622,-116.61266,0.3860627378601231
13852,1075,35.13066,-115.18416,0.3865382337157723
13853,1075,34.9906,-118.34156,1.822282152466398
13854,1075,34.80762,-118.86775,-0.2113951547419068
13855,1075,33.684,-117.943,0.6127071743408075
13856,1075,35.47954,-117.68212,0.5003210464626142
13857,1075,34.3656,-117.36683,-0.2724715608157644
13859,1075,33.818,-116.369,-0.3084327614401597
13860,1075,34.005,-117.562,0.5841223274786863
13861,1075,36.05799,-117.48901,-0.0372261878045152
13862,1075,33.808,-116.968,-1.5937167255052729
13864,1075,33.6,-117.195,1.3832588082693111
13865,1075,34.22362,-118.05832,0.2658008718552516
13867,1075,33.94539,-117.92372,0.2596292415759882
13868,1075,34.6145,-118.7235,-1.7333886169301589
13869,1075,34.1484,-118.1711,-0.7357040221602993
13870,1075,33.96273,-118.43702,-0.2228626967580452
13871,1075,34.1207,-117.63808,-1.02837812928134
13872,1075,33.862,-117.205,-0.1948652929572656
13874,1075,33.354,-116.863,-0.6294772350172689
13875,1075,33.7953,-117.60906,0.77046904887965
13877,1075,33.824,-116.55,-1.895747436707533
13878,1075,34.09181,-117.80709,-1.083911509821678
13879,1075,33.63,-116.8478,-0.4515957302894117
13880,1075,33.74346,-118.40412,-0.0127089134434159
13881,1075,34.87533,-116.99684,-0.1911856750049719
13882,1075,33.97327,-117.32674,1.4404335127227557
13883,1075,34.05073,-118.08085,0.5792804650140391
13884,1075,33.99351,-117.37545,-0.694626910953657
13885,1075,33.2801,-115.98585,1.418745275755218
13887,1075,34.232,-117.235,-0.3416018631151084
13888,1075,33.553,-117.662,0.1128015055083838
13889,1075,32.784,-117.13805,-0.4523978490690594
13891,1075,34.43692,-119.1375,-1.7599551093036032
13892,1075,35.8996,-116.27515,0.387307053999323
13893,1075,35.89095,-117.28332,1.9924252593222185
13894,1075,33.834,-116.797,-0.4341796815662151
13895,1075,34.01438,-118.45617,0.5996797512091434
13896,1075,34.05933,-118.64614,-0.4518388575330559
13897,1075,36.1355,-118.81099,-1.5228132486916768
13898,1075,33.829,-117.789,-0.216485470597551
13899,1075,34.30302,-119.18676,0.8500299165482706
13900,1075,33.664,-117.769,-0.1789708395100182
13901,1075,34.106,-117.098,2.1283502830167653
13902,1075,32.94508,-115.79988,0.0128994874288875
13903,1075,34.38203,-117.67822,1.2240780856471292
13905,1075,33.63495,-116.16402,-0.3976719703937895
13907,1075,34.48364,-118.11783,-0.0981815162839755
13908,1075,34.56065,-117.3296,0.0443708859142675
13909,1075,35.53664,-118.14035,1.4878564849646478
13910,1075,32.75904,-115.73161,0.1908270405403762
13911,1075,34.51085,-119.27407,-1.6082516811223715
13912,1075,34.00948,-117.95077,0.8649967969986447
13913,1075,34.1717,-118.64971,2.324799004669216
13914,1076,34.55046,-117.43391,-0.5851500059543386
13915,1076,33.63838,-116.4011,0.2438860570480678
13916,1076,34.68708,-118.29946,-0.160717301785287
13917,1076,32.68005,-116.67215,1.3183935566449894
13918,1076,34.2623,-116.92075,1.0768971541057637
13920,1076,34.069,-116.39,-0.7667043578900751
13921,1076,33.268,-116.417,-0.3421993389569081
13922,1076,34.68224,-118.57398,0.8896106922796628
13923,1076,33.38822,-117.19495,1.2706877247818018
13924,1076,35.52495,-117.36453,0.8848822631932446
13926,1076,33.999,-117.68,-1.3447864192141294
13928,1076,34.093,-117.317,2.045776431751404
13929,1076,33.876,-117.561,0.1101512785085152
13930,1076,33.655,-115.99,0.5985767017669454
13931,1076,34.63745,-115.38115,0.9799140415182512
13932,1076,34.25353,-118.33383,0.0301497036973216
13933,1076,34.10618,-118.45505,-0.0252492622877737
13934,1076,32.999,-116.942,0.1108451965158825
13936,1076,33.71264,-118.29381,0.1663192685584125
13937,1076,33.051,-114.827,-0.1326803465021768
13938,1076,33.1537,-117.22921,-0.2834616369298645
13939,1076,35.30177,-116.80574,1.21032221421443
13940,1076,34.8294,-116.335,0.718982400703978
13941,1076,34.121,-117.219,-1.4909494060452384
13942,1076,35.66278,-118.47403,-0.4793801438971751
13943,1076,33.0859,-116.5959,1.1875321961982988
13944,1076,35.9823,-117.8076,1.2130044544134313
13945,1076,34.36622,-116.61266,0.4883787098555939
13946,1076,35.13066,-115.18416,0.9346792290626744
13947,1076,34.61594,-117.82493,0.9922421915764432
13948,1076,33.684,-117.943,-0.88226990644059
13949,1076,35.47954,-117.68212,0.5903010179897147
13950,1076,34.3656,-117.36683,0.0745476565670548
13952,1076,33.818,-116.369,-0.5508028496505774
13954,1076,34.005,-117.562,-0.3053762851926749
13955,1076,36.05799,-117.48901,-0.3698859927873905
13957,1076,34.22362,-118.05832,-0.1169240415947125
13958,1076,34.22869,-118.55829,0.4740404125910742
13959,1076,33.94539,-117.92372,0.0201521468308723
13960,1076,32.608,-116.93,1.2421304140120584
13961,1076,34.6145,-118.7235,-1.2775297764474602
13962,1076,34.1484,-118.1711,-1.9155592585729737
13963,1076,34.1207,-117.63808,-0.8669943154779771
13964,1076,33.354,-116.863,-0.3347108582211405
13965,1076,33.7953,-117.60906,0.0508276324399641
13967,1076,33.74346,-118.40412,1.168728754425057
13968,1076,34.87533,-116.99684,0.2289500512349506
13969,1076,34.05073,-118.08085,-0.9134602070180158
13970,1076,33.99351,-117.37545,-1.2996302545658445
13971,1076,33.2801,-115.98585,0.4155701616514879
13972,1076,34.44076,-119.71492,-0.4800315585842912
13973,1076,34.232,-117.235,-0.4146067352931231
13975,1076,35.8996,-116.27515,1.3948418911777225
13976,1076,35.89095,-117.28332,1.728222634425856
13977,1076,35.3142,-119.99581,-1.9661518527973167
13978,1076,34.05933,-118.64614,-0.1758456704770888
13979,1076,33.829,-117.789,-1.2999138290294558
13980,1076,34.30302,-119.18676,1.4319890724010722
13981,1076,33.664,-117.769,-1.4806190506162829
13982,1076,34.106,-117.098,-0.0211256123757724
13983,1076,32.94508,-115.79988,-0.4563185177596441
13984,1076,34.52775,-119.97834,-0.562748586678642
13985,1076,34.38203,-117.67822,-1.1538663432102323
13987,1076,34.48364,-118.11783,-0.7689823526604727
13988,1076,34.56065,-117.3296,-0.8274410487979962
14023,1079,37.77737,-122.39689,-1.4746204771414486
14024,1079,37.762,-122.505,-0.4139655398043643
14025,1079,37.54187,-122.30471,1.6992167997824743
14026,1079,37.376,-121.84367,-1.2487484030127844
14027,1079,37.27117,-121.98617,0.0349310100731559
14028,1079,37.67928,-122.48405,1.9293828410937763
14029,1079,38.03445,-122.27016,-0.3591766064984081
14030,1079,37.71633,-122.43117,1.0944204502457502
14031,1079,37.81076,-122.29252,-1.649281795700841
14032,1079,37.8251,-122.27606,-0.7966814232556224
14033,1079,37.72416,-122.44841,-0.7476527191818062
14034,1079,37.86059,-122.29327,-1.3707121305160308
14035,1079,37.85835,-122.25252,0.0201037014053893
14036,1079,37.36408,-122.01817,-0.9587042946586696
14037,1079,37.69169,-122.16982,2.4173630474577976
14038,1079,37.68873,-121.78351,0.045274522247118
14039,1079,37.72688,-122.15092,1.155203070887936
14040,1079,37.8852,-122.03217,1.0813031365374906
14041,1079,37.94215,-121.93047,0.0929602505986356
14042,1079,37.95397,-121.86554,-1.186658974855851
14043,1079,37.87622,-122.23558,-0.8569586016457245
14044,1079,37.91881,-122.15176,-1.5512166438110675
14045,1079,37.87352,-122.26099,-1.8051195885286109
14046,1079,37.16346,-121.62645,-0.8185390834129621
14047,1079,37.85727,-122.42266,-0.2110535105070872
14048,1079,37.45035,-121.80037,-0.6358922765696778
14049,1079,37.74766,-121.70843,-0.0429086427476561
14050,1079,37.7294,-121.83346,0.2917868592006329
14051,1079,37.37289,-121.76887,-1.177200491452752
14052,1079,37.73786,-122.06486,1.8723419550306764
14053,1079,37.81041,-121.80272,1.006798856304608
14054,1079,37.85884,-121.99264,1.4470295248758036
14055,1079,37.91233,-121.90716,0.8515185547295433
14056,1079,38.02691,-122.01599,-0.4932183452566195
14057,1079,38.34526,-122.4584,-0.5216686178433486
14058,1079,37.69782,-123.0011,-0.4199035107820228
14059,1079,36.3887,-121.5514,-0.7071039873741808
14060,1079,37.34305,-122.33976,2.22614400568219
14061,1079,37.31861,-122.15314,-1.15463180662944
14062,1079,37.17217,-122.01121,2.315289032829679
14063,1079,37.36045,-122.18986,-0.2577746695785287
14064,1079,37.51604,-122.45815,1.2375235344545428
14065,1079,37.21427,-122.17168,1.3648167838635783
14066,1079,37.20631,-121.97726,0.137907093730813
14067,1079,37.15432,-121.73467,1.511777174342348
14068,1079,37.63719,-122.47482,0.9671661940309602
14069,1079,37.2708,-122.21276,1.4808364278786932
14070,1079,37.19855,-122.34671,1.695036237795733
14071,1079,37.40373,-122.23868,-0.9954747424128054
14072,1079,37.58225,-122.42006,1.619833097791225
14073,1079,37.40372,-122.17596,-0.6740124630900117
14074,1079,37.58644,-122.50217,1.4099095597478233
14075,1079,38.14478,-122.88018,0.1833378876471802
14076,1079,37.34164,-121.64257,-0.7818105605316671
14077,1079,38.87874,-122.44277,-2.01971261755302
14078,1079,38.43951,-122.25272,-0.4730776395085979
14079,1079,38.26021,-122.55179,-0.96062944261039
14080,1079,38.33656,-122.81082,2.145618788291628
14081,1079,38.46769,-122.89651,0.7052595350243851
14082,1079,38.28043,-122.21582,-1.0908578529832935
14083,1079,38.15486,-121.80438,-1.739416433003966
14084,1079,38.16488,-122.71296,0.0419173398858614
14085,1079,38.07601,-122.2585,0.1660771366423397
14086,1079,38.04248,-122.79684,1.6544582845654152
14087,1079,37.99642,-123.01949,0.1154127936498478
14088,1079,37.92371,-122.59649,-0.8562757515700726
14089,1079,38.14361,-122.44969,-0.6895604737598559
14090,1079,38.24039,-122.79842,0.1231078052451033
14091,1079,38.38921,-122.66297,0.358352067787786
20870,1079,38.03455,-120.38651,-1.861059279778495
20871,1079,36.68011,-119.02282,-1.4425230905246798
20872,1079,38.99349,-123.07234,-3.698895975135051
20873,1079,39.55451,-121.50036,-2.154264012119367
20874,1079,37.81647,-122.06302,-0.7456573652038604
20875,1079,37.25898,-121.67311,0.0579210450028343
20876,1079,37.9889,-122.2156,0.64924148305003
20877,1079,37.94906,-122.40851,-1.7126330753166332
20878,1079,37.72416,-122.11929,2.021840410634003
20879,1079,37.80787,-122.3618,-0.1729240250724242
20880,1079,37.12043,-122.1552,0.2905594328158283
20881,1079,37.51704,-122.37731,0.6912700704802982
20882,1079,37.67433,-122.39855,0.9566732857644302
20883,1079,37.16067,-121.89899,1.817959461642904
20884,1079,37.92144,-122.71806,1.4023103643117671
20885,1079,38.04962,-122.52331,0.8599137852517169
20886,1079,38.12282,-122.14921,-0.709756092989401
20887,1079,38.20025,-122.4644,-0.1754842699983259
20888,1079,37.76021,-122.41524,-0.5236091858810308
20889,1079,37.75094,-122.49072,0.451765070493299
20890,1079,37.76386,-122.4736,-0.1939317618997318
20891,1079,37.40701,-122.0946,-1.3468579164186685
20892,1079,37.4748,-122.2392,-0.7850824747231716
20893,1079,37.68,-121.739,-1.167800479224994
20894,1079,37.41702,-121.9154,-1.012292687291176
20895,1079,37.59094,-122.36741,1.3489229107358105
20896,1079,37.04922,-121.80722,-0.0668435613812452
20897,1079,37.28397,-122.05017,-0.4286030338433776
20898,1079,37.6444,-118.89683,0.4983774925274777
20899,1079,37.65909,-118.97907,0.3525006094657573
20900,1079,38.30988,-122.943,0.779928749451568
14117,1081,37.0254,-121.4845,-0.3790178752714004
14118,1081,36.68011,-119.02282,0.5865445863647973
14119,1081,37.21427,-122.17168,0.5339445847583095
14120,1081,37.2708,-122.21276,0.2324120142578369
14122,1081,37.6444,-118.89683,3.2030639244192765
14123,1081,37.34164,-121.64257,-0.9340989051644052
14124,1081,37.65909,-118.97907,3.265902396153952
14125,1081,35.73065,-120.24986,0.4168348556432489
14126,1081,35.40773,-120.54556,2.6581966452758907
14127,1081,35.945,-120.542,1.6177974917937945
14128,1081,36.2159,-120.80126,0.3319540671385713
14129,1081,36.0688,-120.59618,1.6080881509540783
14130,1081,37.28744,-121.86422,0.6793846251835064
14131,1081,36.88311,-121.3908,0.147441089125745
14132,1081,36.61809,-121.31468,2.7422114309473136
14133,1081,36.3887,-121.5514,2.1473234427032537
14134,1081,36.82681,-121.64349,-1.741738807952164
14135,1081,37.15432,-121.73467,0.6620990503384938
14136,1081,37.40373,-122.23868,-1.5718047493659677
14137,1081,37.008,-121.287,0.4656900582311575
14138,1081,35.82404,-121.05393,1.7437577657514656
14139,1081,35.63597,-120.86984,2.5634705921672976
14140,1081,36.76403,-121.44722,-3.8264480531742366
14141,1081,37.62211,-121.75697,-2.2833219276489665
20227,1081,37.91881,-122.15176,-2.2918109209818947
20228,1081,37.87352,-122.26099,-2.664195164388918
20229,1081,38.03455,-120.38651,-0.5926887707211128
20230,1081,37.69782,-123.0011,-2.6416573155205723
20231,1081,38.99349,-123.07234,-3.5933218345362103
20232,1081,38.14478,-122.88018,-1.3798810200583569
20233,1081,38.87874,-122.44277,-3.236922127559226
20235,1081,39.2291,-121.7861,0.108596457071749
20236,1081,37.26748,-121.86656,-1.5111176195641949
20237,1081,37.68,-121.739,-1.461994332722369
20238,1081,37.74664,-122.38679,1.314918609920794
20239,1081,37.376,-121.84367,-1.637685665727338
20240,1081,37.27117,-121.98617,-0.691835824067322
20242,1081,38.94596,-120.96897,-1.162732378106114
20243,1081,35.53383,-120.90667,1.4586930443430366
20244,1081,37.16346,-121.62645,-1.6781704197290532
20245,1081,37.37289,-121.76887,-1.569025046358097
20246,1081,37.73786,-122.06486,0.1590546684928315
20247,1081,37.62359,-121.83641,-0.6893180107069979
20248,1081,35.233,-120.78167,2.9231820108218085
20249,1081,35.66278,-118.47403,0.8349607692821174
20250,1081,37.34305,-122.33976,0.6783246091176927
20251,1081,37.12043,-122.1552,-0.3615477253175783
20252,1081,37.17217,-122.01121,1.2926720664173723
20253,1081,36.92745,-121.82764,-1.1530976260428585
20254,1081,37.36045,-122.18986,-1.1415395179643366
20255,1081,37.20631,-121.97726,-0.257382477718211
20256,1081,37.16067,-121.89899,-0.1047530290269583
20257,1081,35.86661,-120.4796,1.8607350157761555
20258,1081,37.05422,-118.23009,1.4793476190177408
14209,1085,33.3527,-115.733,1.9802097672651413
14210,1085,33.63838,-116.4011,-2.0439663733791
14211,1085,32.68005,-116.67215,0.6520634915344905
14212,1085,34.2623,-116.92075,-0.9476256389256504
14213,1085,33.921,-116.981,-0.9220599092681634
14215,1085,33.57508,-117.26119,1.477416441657353
14217,1085,34.23883,-117.65853,-1.24115817182537
14218,1085,34.069,-116.39,-1.41208337110842
14219,1085,33.268,-116.417,0.0578233355430217
14220,1085,33.01213,-115.21987,-0.964797648731574
14221,1085,33.38822,-117.19495,0.6059288755326384
14224,1085,33.4019,-118.41502,-1.1847874619082204
14225,1085,33.655,-115.99,0.3754007318463837
14226,1085,34.25353,-118.33383,-0.0245670314880753
14227,1085,33.93597,-116.57794,-0.1532952566119436
14228,1085,33.65,-117.009,-0.6149218571680903
14229,1085,33.567,-116.631,0.3092101042846324
14230,1085,32.999,-116.942,1.2116276562136044
14231,1085,32.805,-115.447,0.042883709314342
14233,1085,32.65915,-116.10061,0.6397462506144156
14235,1085,33.051,-114.827,0.0473020646345113
14236,1085,33.1537,-117.22921,0.2007088657173988
14237,1085,34.8294,-116.335,-0.9631665041250062
14239,1085,33.0859,-116.5959,0.9286403689682816
14240,1085,34.36622,-116.61266,0.2546874615843729
14242,1085,33.684,-117.943,0.3516816120642374
14243,1085,34.93439,-117.69629,-1.2710521472928675
14245,1085,33.818,-116.369,0.4916810520662626
14246,1085,33.808,-116.968,0.1171807298282118
14247,1085,34.22362,-118.05832,-0.0681446212791284
14248,1085,33.94539,-117.92372,0.8964582619767596
14249,1085,32.608,-116.93,1.1086620661052262
14250,1085,34.1484,-118.1711,-0.9471578032330236
14251,1085,34.1207,-117.63808,-0.1030232643239389
14252,1085,33.862,-117.205,-1.0490808600191437
14254,1085,33.354,-116.863,-0.1531068093849598
14255,1085,33.7953,-117.60906,0.9410951940071552
14256,1085,33.63,-116.8478,-0.9338831410801616
14257,1085,33.74346,-118.40412,0.2458419141103693
14258,1085,33.99351,-117.37545,-1.550066947251416
14259,1085,33.183,-115.623,0.0361476470364955
14260,1085,33.2801,-115.98585,0.5733463549236572
14262,1085,33.553,-117.662,-0.0090599407197862
14263,1085,32.784,-117.13805,-1.0693495628500818
14265,1085,33.834,-116.797,-0.4137104407631305
14266,1085,34.05933,-118.64614,-0.5665113105364318
14267,1085,33.829,-117.789,0.3280333898223558
14268,1085,33.664,-117.769,-0.1770471180586277
14269,1085,32.94508,-115.79988,1.175307979912258
14270,1085,34.38203,-117.67822,0.8611298948233567
14272,1085,33.63495,-116.16402,-0.420585925700342
14273,1085,34.48364,-118.11783,-0.0869060357451631
14274,1085,34.56065,-117.3296,0.2374127504640127
14275,1085,32.75904,-115.73161,1.0063636242380514
14276,1086,33.1774,-115.616,-3.731108156415425
14277,1086,33.63461,-116.09534,-2.034924902731807
14278,1086,34.68708,-118.29946,0.2134688721404373
14279,1086,35.1269,-118.83009,-0.1742856046693696
14280,1086,32.68005,-116.67215,-0.6096840551041531
14281,1086,34.2623,-116.92075,0.5098247951944163
14282,1086,33.921,-116.981,-0.2594699975188561
14285,1086,34.23883,-117.65853,-1.558677838273421
14286,1086,34.069,-116.39,-1.2228692019617944
14288,1086,33.268,-116.417,-0.4794176545644236
14289,1086,33.01213,-115.21987,-1.0815707160299417
14290,1086,34.68224,-118.57398,1.7212447564733393
14291,1086,33.4915,-116.667,-3.876702086958911
14292,1086,35.52495,-117.36453,1.0903536509269576
14295,1086,33.999,-117.68,0.741218580166047
14296,1086,33.655,-115.99,0.4977007865471603
14297,1086,34.63745,-115.38115,-0.0800742173650438
14298,1086,34.25353,-118.33383,1.5768982480024265
14299,1086,33.93597,-116.57794,-0.975783213762194
14300,1086,33.65,-117.009,-1.356743881323369
14301,1086,34.10618,-118.45505,-0.4445116765384531
14302,1086,33.567,-116.631,0.9792436891719204
14303,1086,32.999,-116.942,-0.4444318924578306
14304,1086,32.805,-115.447,-0.5310849442373653
14306,1086,33.11675,-115.82267,0.7366202921574204
14307,1086,33.051,-114.827,-0.1425182307043236
14308,1086,33.1537,-117.22921,0.4379589413605757
14309,1086,35.30177,-116.80574,-0.5888919424007328
14313,1086,34.36622,-116.61266,0.4639877473400984
14314,1086,35.13066,-115.18416,-0.5401318547111522
14315,1086,34.9906,-118.34156,0.4889055606224428
14316,1086,33.684,-117.943,0.0784490311822492
14317,1086,34.3656,-117.36683,0.4502703841151424
14320,1086,33.818,-116.369,-0.0513475960310485
14321,1086,34.005,-117.562,0.5817113742539833
14323,1086,33.808,-116.968,0.6379834901773339
14324,1086,33.6,-117.195,0.8039099447035751
14325,1086,34.22362,-118.05832,1.7557083497860595
14326,1086,34.76759,-114.61881,1.4891292899247954
14327,1086,33.94539,-117.92372,1.2161784924615089
14328,1086,32.608,-116.93,0.0166973595009972
14329,1086,34.6145,-118.7235,-1.0407721400001206
14330,1086,34.1207,-117.63808,0.0641968347776449
14331,1086,33.862,-117.205,-0.935598394906336
14333,1086,33.354,-116.863,-0.5186830131110529
14334,1086,33.7953,-117.60906,0.6159201618402786
14336,1086,33.824,-116.55,-1.138975220387634
14337,1086,34.09181,-117.80709,0.1418244794858043
14338,1086,33.63,-116.8478,0.212078753647061
14339,1086,34.87533,-116.99684,0.1699836091927095
14340,1086,33.97327,-117.32674,1.4066709838844162
14341,1086,33.99351,-117.37545,-1.217795348460572
14342,1086,33.183,-115.623,-1.7569420496425094
14343,1086,33.2801,-115.98585,0.3569042381376079
14345,1086,34.232,-117.235,0.500955748101479
14346,1086,33.553,-117.662,-0.7666596783439303
14347,1086,32.784,-117.13805,0.8272939559611533
14349,1086,32.9333,-115.7039,-0.0199594234406154
14350,1086,32.944,-115.718,-0.1630419803847582
14351,1086,33.834,-116.797,1.1478641852913154
14352,1086,34.05933,-118.64614,-0.022040823153829
14353,1086,33.829,-117.789,-0.650553886547512
14354,1086,33.664,-117.769,-1.2557532809992265
14355,1086,34.106,-117.098,1.3915629773584242
14356,1086,32.94508,-115.79988,0.5663001914103365
14357,1086,34.38203,-117.67822,0.9599529701548112
14360,1086,34.48364,-118.11783,1.421471365658419
14361,1086,32.75904,-115.73161,1.960385137559076
14362,1087,37.16346,-121.62645,-0.8705472349864366
14363,1087,37.85727,-122.42266,1.2604473019549305
14364,1087,37.45035,-121.80037,-0.3120309848284334
14365,1087,37.7294,-121.83346,0.8897515190672891
14366,1087,37.85884,-121.99264,0.3390978260946836
14367,1087,37.34305,-122.33976,0.7184768283048366
14368,1087,37.21427,-122.17168,0.5473093110171593
14369,1087,37.20631,-121.97726,0.140483516180472
14370,1087,37.2708,-122.21276,0.6091742734114871
14371,1087,37.19855,-122.34671,-0.0543471177726973
14372,1087,37.40372,-122.17596,0.0853003183641008
14373,1087,37.28397,-122.05017,-0.2218443232959537
14374,1087,37.34164,-121.64257,-0.4014163692613511
14375,1087,36.76403,-121.44722,-2.0580134525563105
14376,1087,37.62211,-121.75697,-1.014065386552594
20313,1087,37.91881,-122.15176,-0.8254998136627466
20314,1087,37.87352,-122.26099,-1.559851389259363
20315,1087,38.03455,-120.38651,-1.407989993921334
20316,1087,37.69782,-123.0011,-2.1066794203478074
20317,1087,35.945,-120.542,-0.103561517229587
20318,1087,37.28744,-121.86422,0.6872645826700112
20319,1087,37.81647,-122.06302,0.0106636904571242
20320,1087,37.25898,-121.67311,-0.1785019842236911
20321,1087,37.9889,-122.2156,1.1317815302846868
20322,1087,37.12043,-122.1552,-0.359706360042243
20323,1087,37.51704,-122.37731,0.1097798947937696
20324,1087,37.4046,-122.1741,-0.1664443852545896
20325,1087,37.74766,-121.70843,0.559116913151181
20326,1087,37.91233,-121.90716,-0.56557452020338
20327,1087,37.31861,-122.15314,-0.961455090505888
20328,1087,37.17217,-122.01121,0.98608457538824
20329,1087,37.51604,-122.45815,0.3550664340153421
20330,1087,37.63719,-122.47482,-1.0259068686743795
20331,1087,37.58225,-122.42006,0.7545789482522742
20332,1087,37.58644,-122.50217,-0.3448188965444427
20333,1087,37.6444,-118.89683,1.498964217832675
20334,1087,37.65909,-118.97907,1.3744362120657727
20335,1087,38.33656,-122.81082,1.1801232042735583
20336,1087,38.07601,-122.2585,0.08766505114615
20337,1087,38.34878,-122.57795,0.7049002015697479
14425,1089,32.68005,-116.67215,-1.5108969668182068
14426,1089,34.2623,-116.92075,0.2841147693399196
14428,1089,34.23883,-117.65853,-1.4874471533164044
14430,1089,33.268,-116.417,-0.8168252472033872
14431,1089,33.01213,-115.21987,-0.1972738553984393
14433,1089,33.4915,-116.667,-4.19429343034316
14434,1089,33.38822,-117.19495,0.0512385271033643
14436,1089,33.4019,-118.41502,0.1114305224427317
14437,1089,33.655,-115.99,-0.9801743417502976
14438,1089,34.25353,-118.33383,0.5505352314293863
14439,1089,33.65,-117.009,-0.1955915515173945
14440,1089,32.999,-116.942,-0.8083644147492223
14441,1089,32.805,-115.447,0.0859759209735696
14442,1089,32.65915,-116.10061,0.0645300987983405
14445,1089,33.11675,-115.82267,-0.5097245460257532
14446,1089,33.051,-114.827,0.5618323507775689
14447,1089,33.1537,-117.22921,-1.1635429505185615
14448,1089,33.0859,-116.5959,0.2443422132229974
14449,1089,34.36622,-116.61266,-0.5243980306003797
14451,1089,35.13066,-115.18416,-2.496986506597212
14452,1089,34.93439,-117.69629,6.1302003102736125
14453,1089,34.3656,-117.36683,0.4631807068692506
14455,1089,33.818,-116.369,-0.424207456043342
14456,1089,33.808,-116.968,1.5837501480891327
14457,1089,33.6,-117.195,1.0338899916410813
14458,1089,34.22362,-118.05832,0.3651115622924538
14459,1089,33.556,-115.946,-0.8734335580282788
14460,1089,33.94539,-117.92372,1.4199072362357306
14461,1089,32.608,-116.93,-0.7154263816900873
14462,1089,34.1484,-118.1711,-0.8341614097395955
14463,1089,34.1207,-117.63808,1.326792784589991
14464,1089,33.862,-117.205,-0.7259562119266801
14466,1089,33.354,-116.863,-0.1360249697205402
14468,1089,33.824,-116.55,-1.5663382805568788
14469,1089,34.09181,-117.80709,-0.4626519831626359
14470,1089,33.63,-116.8478,0.5247340651377406
14471,1089,33.97327,-117.32674,1.3713719350206393
14472,1089,33.99351,-117.37545,-0.8186558801291619
14473,1089,33.183,-115.623,-0.8462147648974898
14474,1089,33.2801,-115.98585,0.8916621545419627
14475,1089,33.553,-117.662,0.7301801668844663
14476,1089,32.784,-117.13805,0.240692185741705
14478,1089,33.834,-116.797,0.3211660411646734
14480,1089,34.05933,-118.64614,-0.2073139257451342
14481,1089,33.829,-117.789,0.4088565266890299
14482,1089,33.664,-117.769,0.8568202229340678
14483,1089,34.106,-117.098,1.833433386600843
14484,1089,32.94508,-115.79988,0.1731377680106886
14485,1089,34.38203,-117.67822,1.2808345840233697
14487,1089,32.75904,-115.73161,-1.0971664517273556
14522,1091,34.55046,-117.43391,-0.8271225034560844
14523,1091,33.63838,-116.4011,0.0034949863339894
14524,1091,32.68005,-116.67215,0.7539337493595081
14525,1091,34.2623,-116.92075,-0.8528404635835087
14526,1091,33.921,-116.981,-0.1202965564243645
14527,1091,33.57508,-117.26119,0.0387650054715436
14529,1091,34.069,-116.39,-0.5032335588640032
14530,1091,33.268,-116.417,0.4019425799392206
14531,1091,33.4915,-116.667,-3.202803446295961
14532,1091,33.38822,-117.19495,1.0773500476399545
14534,1091,33.655,-115.99,0.9771933813601132
14535,1091,34.25353,-118.33383,0.3198074308961647
14536,1091,33.93597,-116.57794,-0.0670278331044514
14537,1091,33.65,-117.009,0.2117354480673038
14538,1091,32.999,-116.942,0.1287381122015293
14540,1091,33.11675,-115.82267,0.3635403356933467
14541,1091,33.051,-114.827,0.2176064040863091
14542,1091,33.1537,-117.22921,1.036619286555155
14543,1091,35.30177,-116.80574,-0.6544853445541299
14544,1091,34.8294,-116.335,-1.48714063286145
14545,1091,33.0859,-116.5959,0.7670025594475699
14546,1091,34.36622,-116.61266,0.1004969307187879
14547,1091,33.7141,-116.7119,0.3426691388172266
14548,1091,34.3656,-117.36683,-1.5696127791764825
14550,1091,33.818,-116.369,0.8768485237354939
14551,1091,33.808,-116.968,0.1590282196910601
14552,1091,34.22362,-118.05832,0.793359362085638
14553,1091,33.94539,-117.92372,0.466446474787261
14554,1091,32.608,-116.93,0.726728500138609
14555,1091,34.6145,-118.7235,-2.0090770302843235
14556,1091,34.1484,-118.1711,-1.1499418272034323
14559,1091,33.82436,-116.51195,2.245575689407938
14560,1091,33.354,-116.863,0.1000381581522878
14561,1091,33.7953,-117.60906,2.1320683759504706
14562,1091,34.87533,-116.99684,-1.1912058727378332
14563,1091,33.2801,-115.98585,0.5198914915237978
14564,1091,34.232,-117.235,-1.3389921488035283
14566,1091,34.106,-117.098,-0.3949154790126178
14567,1091,32.94508,-115.79988,0.6215405602927864
14568,1091,34.38203,-117.67822,0.2183490908455236
14570,1091,33.63495,-116.16402,0.6736496973573657
14571,1091,34.48364,-118.11783,-0.4939687478073264
14572,1091,34.56065,-117.3296,-0.4796550449912665
14616,1094,34.55046,-117.43391,0.9527950729649296
14617,1094,34.68708,-118.29946,-1.9443081974999368
14618,1094,35.1269,-118.83009,0.2553330023134688
14619,1094,35.34444,-119.10445,-0.3298391874061429
14620,1094,34.2623,-116.92075,0.7642980389008356
14621,1094,34.23883,-117.65853,-1.0034605981510267
14622,1094,34.069,-116.39,0.7455263851311008
14623,1094,34.68224,-118.57398,0.257357446274367
14624,1094,35.30819,-119.84583,-1.4581097717043494
14625,1094,35.52495,-117.36453,-1.1445128045424326
14626,1094,36.5504,-117.80295,1.2000755982751747
14629,1094,36.43988,-118.08016,1.5694406583518823
14630,1094,34.25353,-118.33383,-0.1887806381068624
14631,1094,33.93597,-116.57794,0.5314618842728299
14632,1094,33.65,-117.009,-0.091673291059424
14633,1094,33.567,-116.631,0.87086392494775
14636,1094,34.72832,-119.98803,-0.676247719475932
14638,1094,36.99608,-117.36621,-0.6581478407880654
14639,1094,35.30177,-116.80574,-0.5799016589986143
14640,1094,34.8294,-116.335,1.0064359806563563
14641,1094,35.66278,-118.47403,-0.536553196660438
14642,1094,35.98249,-117.80885,1.7784718577359528
14643,1094,34.36622,-116.61266,1.495730105177247
14644,1094,34.73551,-120.27996,0.9505595090600896
14646,1094,34.9906,-118.34156,1.419880386210653
14647,1094,34.10819,-119.06587,0.6550301069653556
14648,1094,34.80762,-118.86775,-0.4428173469936401
14649,1094,34.93439,-117.69629,-0.6662035696551366
14650,1094,35.47954,-117.68212,-0.7807859089187736
14651,1094,34.3656,-117.36683,-0.5208446812891034
14652,1094,35.36165,-118.92282,-0.967363808142107
14654,1094,37.63019,-118.83605,1.3975176814267012
14655,1094,34.28085,-118.9049,1.0699279346069304
14656,1094,34.81258,-119.1453,-0.7961043386248705
14657,1094,36.05799,-117.48901,-0.711882420975485
14658,1094,34.88848,-119.81362,-0.0088277463208355
14659,1094,33.6,-117.195,1.87835999558546
14660,1094,34.22362,-118.05832,-0.1258771778655125
14661,1094,34.53412,-120.17737,-0.9557178074444538
14662,1094,34.6145,-118.7235,-2.04439639387205
14663,1094,34.44199,-118.58215,-1.0528276063991406
14664,1094,34.1207,-117.63808,-0.557930383365158
14665,1094,35.40773,-120.54556,-0.3053127068203379
14666,1094,35.945,-120.542,-1.564789680083562
14667,1094,33.354,-116.863,-0.3791106233847822
14668,1094,33.7953,-117.60906,0.3796956731011109
14670,1094,34.09181,-117.80709,-0.3006555124477386
14671,1094,36.30523,-119.24384,1.1990052437618628
14672,1094,33.74346,-118.40412,0.1138854916928933
14673,1094,34.87533,-116.99684,0.1261327669407346
14675,1094,34.43692,-119.1375,0.0735384395337278
14676,1094,35.8996,-116.27515,0.2181802084535852
14677,1094,35.89095,-117.28332,0.145501402347338
14678,1094,33.834,-116.797,0.3441794817644842
14679,1094,35.3142,-119.99581,-1.8454989266523207
14680,1094,34.05933,-118.64614,-0.3081554536373503
14682,1094,34.30302,-119.18676,1.1724663490560845
14683,1094,34.52775,-119.97834,-0.2143797797183404
14684,1094,34.38203,-117.67822,1.3220358321228771
14686,1094,35.14592,-119.41946,-1.3885574790058068
14687,1094,37.05422,-118.23009,-0.4037851687893475
14689,1094,34.48364,-118.11783,0.1960536183870482
14690,1094,35.84089,-119.08469,-0.081807704308581
14691,1094,35.53664,-118.14035,0.8509738322263133
14692,1094,34.51085,-119.27407,-0.7208692635029764
14693,1094,34.1717,-118.64971,0.02161421818532
14694,1095,34.55046,-117.43391,-1.6176037309574458
14695,1095,33.63838,-116.4011,-0.5302929726643634
14696,1095,34.68708,-118.29946,-1.195921478081642
14697,1095,32.68005,-116.67215,1.6653997156891187
14698,1095,34.2623,-116.92075,0.6559979018025941
14700,1095,34.069,-116.39,-0.5658614934985907
14701,1095,33.268,-116.417,-0.3134378464284403
14702,1095,34.68224,-118.57398,0.6271825894284857
14703,1095,33.38822,-117.19495,0.8037518506779275
14705,1095,33.999,-117.68,0.5860478629483016
14706,1095,33.4019,-118.41502,0.8757871044739628
14708,1095,34.093,-117.317,1.1203963926268012
14709,1095,34.0602,-117.809,1.4139597167621625
14710,1095,33.876,-117.561,0.89725444133362
14711,1095,33.655,-115.99,0.7957370655210072
14712,1095,34.63745,-115.38115,1.713741519320194
14713,1095,34.25353,-118.33383,0.2608726634332795
14714,1095,33.93597,-116.57794,-0.9416592140688398
14715,1095,33.65,-117.009,0.0489973969923795
14716,1095,34.10618,-118.45505,-1.3234310000631746
14717,1095,32.999,-116.942,0.0074106950688994
14718,1095,34.88303,-117.99106,-1.5720145656768023
14720,1095,33.11675,-115.82267,-0.536646324814903
14721,1095,33.71264,-118.29381,-0.3633151160121969
14722,1095,34.1,-117.439,-1.1465948416395546
14723,1095,35.082,-117.58267,-0.1446287604879539
14724,1095,33.051,-114.827,-0.2086860577037069
14725,1095,33.1537,-117.22921,0.1364387942644205
14727,1095,35.30177,-116.80574,0.3769629620564195
14728,1095,34.8294,-116.335,1.0011591903276846
14729,1095,33.0859,-116.5959,0.7520510785281429
14730,1095,34.36622,-116.61266,0.4237687551712683
14731,1095,34.00033,-118.37794,-0.4607089710304765
14732,1095,35.13066,-115.18416,0.4802005027545824
14733,1095,33.9753,-118.14918,-0.8696768715415825
14734,1095,34.10819,-119.06587,-0.5218525039999546
14735,1095,34.61594,-117.82493,1.251734270920925
14736,1095,33.684,-117.943,0.4553485297732587
14737,1095,35.47954,-117.68212,-0.6197252355745262
14738,1095,34.3656,-117.36683,-0.1003082846584777
14741,1095,34.005,-117.562,-0.1434048653992947
14742,1095,36.05799,-117.48901,-1.4950138796148915
14743,1095,33.808,-116.968,-0.3311220822387175
14744,1095,34.22362,-118.05832,-0.0393220446249245
14745,1095,34.6145,-118.7235,-2.023006246955042
14746,1095,34.1484,-118.1711,-1.1954604844592858
14748,1095,34.44199,-118.58215,0.0648385219736766
14749,1095,34.1207,-117.63808,-0.5108503219607591
14751,1095,33.82436,-116.51195,0.1470958171710063
14752,1095,33.354,-116.863,-0.3872401058062664
14753,1095,33.7953,-117.60906,0.4396210558287113
14754,1095,33.63,-116.8478,-0.0187839286185134
14755,1095,34.10473,-117.97956,-1.0183731857741851
14756,1095,34.87533,-116.99684,0.7252169985144825
14757,1095,33.99351,-117.37545,-1.486278706107855
14758,1095,33.2801,-115.98585,0.1644826464927669
14759,1095,33.553,-117.662,-0.4108442426028945
14760,1095,35.8996,-116.27515,1.4141866307351674
14761,1095,35.89095,-117.28332,0.906812756463291
14762,1095,34.05933,-118.64614,-0.4664605454706994
14763,1095,33.829,-117.789,0.7414041331301753
14764,1095,34.30302,-119.18676,1.3436469391665555
14765,1095,33.664,-117.769,-0.2905367799532344
14766,1095,34.106,-117.098,0.0239396722409293
14767,1095,32.94508,-115.79988,-0.71280958553812
14768,1095,34.38203,-117.67822,0.7461992740942556
14769,1095,33.63495,-116.16402,0.8122247367190192
14770,1095,34.01919,-118.28631,-0.7859767099984776
14771,1095,34.48364,-118.11783,-0.7987013393485142
14772,1095,34.00948,-117.95077,0.6646896971356281
14773,1095,34.1717,-118.64971,2.036691380172062
14774,1096,37.34655,-121.80774,-0.9196596158835052
14775,1096,37.40718,-122.00001,-0.6683436537554285
14776,1096,37.39415,-122.06041,-0.062704195255095
14777,1096,37.27117,-121.98617,-0.960300640171026
14778,1096,37.91056,-122.53778,1.902879439893999
14779,1096,38.03445,-122.27016,-0.503461073135243
14780,1096,37.71633,-122.43117,2.6030790999739515
14781,1096,37.36408,-122.01817,-0.2949250205164861
14782,1096,37.42549,-122.07772,-1.5620267135254902
14783,1096,37.87622,-122.23558,-0.5873040467234981
14784,1096,37.91881,-122.15176,-0.8346997317448944
14785,1096,37.85727,-122.42266,2.1999955330145
14786,1096,37.45035,-121.80037,-1.8793963472833275
14787,1096,37.74766,-121.70843,0.3774366786610453
14788,1096,37.7294,-121.83346,-0.1735555432167413
14789,1096,38.03455,-120.38651,-1.9483003617160848
14790,1096,37.85884,-121.99264,-0.02112451799812
14791,1096,37.91233,-121.90716,-0.6713399323689421
14792,1096,38.02691,-122.01599,-0.8237365622581464
14793,1096,37.34305,-122.33976,1.02514835203792
14794,1096,37.31861,-122.15314,-1.02660158656956
14795,1096,37.17217,-122.01121,0.9355903856483572
14796,1096,37.04922,-121.80722,-0.1856327801177748
14797,1096,37.36045,-122.18986,0.2662387866373674
14798,1096,37.51604,-122.45815,1.0700452781322358
14799,1096,37.21427,-122.17168,0.0572086249907942
14800,1096,37.20631,-121.97726,-0.3200168879135971
14801,1096,37.15432,-121.73467,0.6301568099504812
14802,1096,37.63719,-122.47482,0.4099753557488411
14803,1096,37.2708,-122.21276,0.8152965849237954
14804,1096,37.19855,-122.34671,-0.1477349453678453
14805,1096,37.40373,-122.23868,-0.6141573261690119
14806,1096,37.58225,-122.42006,1.859954134992701
14807,1096,37.40372,-122.17596,0.0182761925083042
14808,1096,37.28397,-122.05017,-0.8616395153991292
14809,1096,37.58644,-122.50217,0.2244511152785685
14810,1096,37.34164,-121.64257,-0.4354656804798665
14811,1096,38.15486,-121.80438,-0.9624962220771944
14812,1096,38.16488,-122.71296,0.4073184149914642
14813,1096,38.07601,-122.2585,0.2738120323273486
14814,1096,37.008,-121.287,-0.9471176491733247
14815,1096,36.76403,-121.44722,-3.5879607844199475
14816,1096,37.62211,-121.75697,-1.7758528551671795
19622,1096,37.87352,-122.26099,-1.6034214908054694
19623,1096,37.69782,-123.0011,-1.9011940633187232
19624,1096,39.55451,-121.50036,-2.305979973155817
19625,1096,35.945,-120.542,-3.181704835189623
19626,1096,37.25898,-121.67311,1.3378883954082006
19627,1096,37.9889,-122.2156,0.9468348437594364
19628,1096,37.94906,-122.40851,0.6265981990803949
19629,1096,37.80787,-122.3618,1.6379187350807158
19630,1096,37.12043,-122.1552,-0.9671770896915588
19631,1096,37.51704,-122.37731,0.7720655400706231
19632,1096,37.67433,-122.39855,1.622613589603856
19633,1096,37.16067,-121.89899,0.7705037032126221
19634,1096,37.92144,-122.71806,1.1863464282387806
19635,1096,38.04962,-122.52331,2.6488207247772384
19636,1096,38.233,-122.636,1.1788908313964708
19637,1096,37.76021,-122.41524,1.150817594674407
19638,1096,37.75094,-122.49072,2.124325999579947
19639,1096,37.76386,-122.4736,1.4905594040303032
19640,1096,37.762,-122.505,1.572696330226383
19641,1096,37.40701,-122.0946,-0.8049353093708612
19642,1096,37.4748,-122.2392,-1.4399368749849792
19643,1096,37.54187,-122.30471,0.9352044327601172
19644,1096,37.30249,-121.97978,-0.759935079518756
19645,1096,37.26352,-121.91617,-1.6149073723670868
19646,1096,37.30143,-121.9039,-0.9404544473946236
19647,1096,37.31816,-121.94354,0.2527584752614851
19648,1096,37.3066,-121.84915,-1.583136686612333
19649,1096,37.68,-121.739,-0.7406087074835375
19650,1096,37.41702,-121.9154,-0.3037587577961437
19651,1096,37.59094,-122.36741,1.5843458136453912
19652,1096,37.74766,-122.42528,1.4740621436286596
19653,1096,37.74664,-122.38679,0.893120503870191
19654,1096,37.376,-121.84367,-1.373789754440036
19655,1096,37.45098,-122.4287,0.2511588214678401
19656,1096,37.59268,-122.07449,0.5184719049197968
19657,1096,37.71737,-121.72701,-0.7022726449193958
19658,1096,37.67928,-122.48405,2.0264272265440577
19659,1096,37.88767,-122.29916,-0.3809731130053992
19660,1096,37.74484,-122.40134,0.8446967242857139
19661,1096,37.81076,-122.29252,-0.035223869095367
19662,1096,37.8251,-122.27606,0.5743560877613106
19663,1096,37.7986,-122.2684,0.1240217054738716
19664,1096,37.72416,-122.44841,0.904005774271636
19665,1096,37.41395,-121.87085,-0.5264274927862606
19666,1096,37.6806,-121.92098,-0.326312706340958
19667,1096,37.86059,-122.29327,-0.0124096892155181
19668,1096,37.85835,-122.25252,0.5344266251440378
19669,1096,37.37418,-122.0781,-1.044591704005811
19671,1096,37.16346,-121.62645,-1.5745678517807695
19673,1096,38.33656,-122.81082,2.2613634114204992
19674,1096,38.04248,-122.79684,1.6891644602065543
19675,1096,38.38921,-122.66297,0.8032937643447919
14817,1097,37.26352,-121.91617,-0.9301039000341176
14818,1097,37.30143,-121.9039,0.1240081037708084
14819,1097,37.68,-121.739,-0.0235027516264217
14820,1097,37.27117,-121.98617,-0.5841052132264027
14821,1097,37.95397,-121.86554,-2.3195836943667825
14822,1097,37.87622,-122.23558,-1.333893154394338
14823,1097,37.91881,-122.15176,-1.1757128144068971
14824,1097,37.45035,-121.80037,-0.6232817036085374
14825,1097,37.37289,-121.76887,-0.1070163564158661
14826,1097,38.03455,-120.38651,-0.9599827349253276
14827,1097,37.34305,-122.33976,1.4052605731458363
14828,1097,37.17217,-122.01121,1.291652222525077
14829,1097,37.04922,-121.80722,0.025258686855621
14830,1097,37.36045,-122.18986,-0.6918839341457648
14831,1097,37.51604,-122.45815,0.3801877911199076
14832,1097,37.21427,-122.17168,0.409413855204231
14833,1097,37.20631,-121.97726,-0.1067446044686861
14834,1097,37.15432,-121.73467,2.4607565012022907
14835,1097,37.2708,-122.21276,0.2930080221594947
14836,1097,37.19855,-122.34671,-0.0538085228713394
14837,1097,37.40373,-122.23868,-0.6885637093611634
14838,1097,37.40372,-122.17596,0.3469935718516143
14839,1097,37.28397,-122.05017,-0.6884438310867921
14841,1097,37.6444,-118.89683,2.320128814664754
14842,1097,37.34164,-121.64257,-0.6769763730489337
14843,1097,37.65909,-118.97907,2.626388782894334
14844,1097,37.008,-121.287,1.3318208621179002
14846,1097,36.2159,-120.80126,0.7634820108981749
14847,1097,36.76403,-121.44722,-0.3680242451877679
14848,1097,37.62211,-121.75697,-0.8168009389137542
20500,1097,37.87352,-122.26099,-1.9391936361621835
20501,1097,37.69782,-123.0011,-2.79818639628427
20502,1097,38.99349,-123.07234,-3.5857752616851424
20503,1097,38.87874,-122.44277,-3.0890814375578657
20506,1097,37.25898,-121.67311,0.041059605608102
20507,1097,37.16067,-121.89899,1.8817218939935016
20508,1097,37.76386,-122.4736,0.6735188464451594
20509,1097,37.762,-122.505,0.4264190440547222
20510,1097,37.54187,-122.30471,0.4071540421889359
20511,1097,37.30249,-121.97978,-0.5861941958039033
20512,1097,37.31816,-121.94354,0.4214982841318823
20513,1097,37.3066,-121.84915,-0.2248193877806026
20514,1097,37.41702,-121.9154,0.1544424215341099
20515,1097,37.39415,-122.06041,0.0519301023951585
20516,1097,37.91056,-122.53778,0.6295477210840004
20517,1097,37.23294,-121.77186,0.5632267001701485
20518,1097,37.28537,-121.93602,-0.9654097794477684
20519,1097,37.85727,-122.42266,1.4798929416857731
20520,1097,37.74766,-121.70843,0.1255429950582817
20521,1097,37.7294,-121.83346,0.1422178647039685
20522,1097,37.85884,-121.99264,-0.0407838555374874
20523,1097,37.31861,-122.15314,-0.7420425974180337
20524,1097,37.63719,-122.47482,-1.0702631940461982
20525,1097,37.58225,-122.42006,0.4701231659133338
20526,1097,35.86661,-120.4796,2.0291847650057417
14849,1098,37.27117,-121.98617,-0.5860615016708881
14850,1098,37.95397,-121.86554,-2.144352210857023
14851,1098,37.87622,-122.23558,-0.6321100541522334
14852,1098,37.91881,-122.15176,-1.147830789980108
14853,1098,37.87352,-122.26099,-1.3862699149172804
14854,1098,37.16346,-121.62645,-1.864521056998612
14855,1098,37.85727,-122.42266,2.6883163647137738
14856,1098,37.74766,-121.70843,0.8693453947299807
14857,1098,37.37289,-121.76887,-1.5808800980427844
14858,1098,37.73786,-122.06486,2.0645973350309834
14859,1098,37.85884,-121.99264,0.5683419783375446
14860,1098,38.34526,-122.4584,-0.6540881015082518
14861,1098,37.69782,-123.0011,-1.692721545066136
14862,1098,37.34305,-122.33976,1.4075608633575127
14863,1098,37.17217,-122.01121,1.4248505924146213
14864,1098,37.04922,-121.80722,-0.8700998105965813
14865,1098,37.36045,-122.18986,-0.4100992770258315
14866,1098,37.51604,-122.45815,0.3204170291391012
14867,1098,37.21427,-122.17168,0.3381248049376598
14868,1098,37.20631,-121.97726,0.161859452668951
14869,1098,37.15432,-121.73467,-0.0583254385098777
14870,1098,37.63719,-122.47482,-0.6561095927303586
14871,1098,37.2708,-122.21276,0.3819243139606305
14872,1098,37.19855,-122.34671,0.2522876272412421
14873,1098,37.40373,-122.23868,-1.0412559076374173
14874,1098,37.40372,-122.17596,0.7104039762153174
14875,1098,37.28397,-122.05017,0.4014124438621788
14876,1098,37.58644,-122.50217,0.1101121027344877
14878,1098,37.6444,-118.89683,1.2750333628560542
14879,1098,37.34164,-121.64257,-1.494526342596467
20527,1098,38.03455,-120.38651,-1.5814158296375738
20528,1098,38.99349,-123.07234,-4.0274050290877454
20529,1098,37.81647,-122.06302,-0.4116890936993344
20530,1098,37.25898,-121.67311,-1.3223306889081403
20531,1098,37.9889,-122.2156,0.6730882068717362
20532,1098,37.94906,-122.40851,0.3081068802335483
20533,1098,37.72416,-122.11929,0.8877160070913104
20534,1098,37.80787,-122.3618,1.2645851871138851
20535,1098,37.12043,-122.1552,-0.6259060006849553
20536,1098,37.51704,-122.37731,0.5137545180231489
20537,1098,37.16067,-121.89899,2.3777872978361643
20538,1098,37.76021,-122.41524,0.8341999730086966
20539,1098,37.75094,-122.49072,1.5972924816271523
20540,1098,37.76386,-122.4736,1.6245100327383055
20541,1098,37.762,-122.505,1.69063980429852
20542,1098,37.40701,-122.0946,-0.3713208330328508
20543,1098,37.54187,-122.30471,0.7644257331283633
20544,1098,37.30249,-121.97978,0.0914138979408199
20545,1098,37.26352,-121.91617,-1.4350277500294115
20546,1098,37.30143,-121.9039,-0.054577081580027
20547,1098,37.31816,-121.94354,0.6940599191261941
20548,1098,37.3066,-121.84915,-1.1513137935452935
20549,1098,37.68,-121.739,0.1569830665674949
20550,1098,37.41702,-121.9154,0.3525697458695296
20551,1098,37.59094,-122.36741,0.816079426006955
20552,1098,37.74766,-122.42528,1.5941955102095833
20553,1098,37.40718,-122.00001,-0.2889206916641726
20554,1098,37.39415,-122.06041,0.4919165483470354
20555,1098,37.376,-121.84367,-1.2782156470701194
20556,1098,37.45098,-122.4287,0.482160408023651
20557,1098,37.59268,-122.07449,0.1223908076522162
20558,1098,37.71737,-121.72701,-0.3059339850697936
20559,1098,37.67928,-122.48405,1.294978471948056
20560,1098,37.91056,-122.53778,1.5440954948495094
20561,1098,38.03445,-122.27016,-0.9620890008842844
20562,1098,37.74484,-122.40134,0.2751910981301266
20563,1098,37.71633,-122.43117,2.385495934230832
20564,1098,37.72416,-122.44841,1.1832443057812696
20565,1098,37.41395,-121.87085,-0.3459163784183998
20566,1098,37.6806,-121.92098,0.3448513458868079
20567,1098,37.86059,-122.29327,0.0091852683154323
20568,1098,37.85835,-122.25252,0.5433308979756096
20569,1098,37.37418,-122.0781,-1.2430381210629915
20570,1098,37.23294,-121.77186,-0.864468030269093
20571,1098,37.38332,-121.91088,-0.851613480582962
20572,1098,37.28537,-121.93602,-1.0095234452346058
20573,1098,37.35834,-121.97775,0.4505458820045279
20574,1098,37.68873,-121.78351,-0.6831636117110367
20575,1098,37.72688,-122.15092,-0.7194615443655512
20576,1098,37.8852,-122.03217,-0.440702987542848
20577,1098,37.94215,-121.93047,-0.903073863805251
20578,1098,38.01299,-122.13416,0.6819693583907785
20579,1098,37.7294,-121.83346,0.7145821903032775
20580,1098,37.91233,-121.90716,-0.8304285890343863
20581,1098,38.02691,-122.01599,-0.4034486328127172
20582,1098,37.31861,-122.15314,-0.85833745716315
20583,1098,37.58225,-122.42006,0.770437029494673
20584,1098,37.65909,-118.97907,1.2951021456686684
14880,1099,37.87622,-122.23558,-0.4943576861552949
14881,1099,37.91881,-122.15176,-1.277868734090748
14882,1099,37.85727,-122.42266,2.240646960624238
14883,1099,37.73786,-122.06486,1.2743381892456709
14884,1099,38.34526,-122.4584,-0.8910858233409364
14885,1099,37.69782,-123.0011,0.5555221765866537
14886,1099,39.65471,-122.71595,-1.5922364357447456
14887,1099,38.80797,-122.7953,-1.8002351590376426
14888,1099,38.99349,-123.07234,-1.5255037132642946
14889,1099,37.40373,-122.23868,0.1613841735160201
14890,1099,37.58644,-122.50217,0.7922323694681404
14891,1099,38.14478,-122.88018,0.1860302430253342
14892,1099,38.87874,-122.44277,-3.333397472468091
14893,1099,38.00198,-122.47466,2.096691946880115
14894,1099,38.33656,-122.81082,2.2197067311775083
14895,1099,38.46769,-122.89651,-0.2846441730534965
14896,1099,38.16488,-122.71296,2.062930018224181
14897,1099,38.07601,-122.2585,1.172247780926007
14898,1099,37.99642,-123.01949,1.4093283598464066
21008,1099,37.87352,-122.26099,-0.9140944644302704
21009,1099,38.03455,-120.38651,-1.4736594426940357
21010,1099,36.3887,-121.5514,-0.6803137812568311
21011,1099,40.81745,-124.02955,-4.550122198916333
21012,1099,37.34164,-121.64257,-0.4347858450931182
21013,1099,37.80787,-122.3618,2.135118839204192
21014,1099,37.67433,-122.39855,2.152935145065288
21015,1099,37.92144,-122.71806,0.8644026445025736
21016,1099,38.04962,-122.52331,2.43173659476304
21017,1099,38.20025,-122.4644,1.7761563461734278
21018,1099,37.67928,-122.48405,1.5049061069983265
21019,1099,37.91056,-122.53778,1.5835773757713525
21020,1099,38.03445,-122.27016,-0.4510862208312673
21021,1099,37.71633,-122.43117,1.8933650307209384
21023,1099,38.76927,-123.01486,-0.6494628806026441
21024,1099,37.34305,-122.33976,0.5826583726636706
21025,1099,37.17217,-122.01121,1.896737764250341
21026,1099,37.36045,-122.18986,0.6619522667579126
21027,1099,37.40372,-122.17596,0.827824099266527
21028,1099,40.4756,-124.3375,-2.119355204006302
21029,1099,40.6599,-123.21966,-3.467021264841591
21030,1099,40.2022,-123.7086,-2.684029519712053
21031,1099,41.1577,-124.0233,-4.032343435039819
21033,1099,38.43951,-122.25272,-0.1267165813476814
21034,1099,38.26021,-122.55179,0.114849102110733
21035,1099,38.30988,-122.943,-0.6083126675267985
21036,1099,38.65651,-122.61441,-0.5192792055258155
21037,1099,38.04248,-122.79684,3.1241401875041603
14899,1100,37.95397,-121.86554,-2.0614121060618658
14900,1100,37.87622,-122.23558,-0.4989842804642214
14901,1100,37.91881,-122.15176,-0.2255671592143968
14902,1100,37.85727,-122.42266,1.6811590988013003
14903,1100,37.73786,-122.06486,1.5981722808752807
14904,1100,38.03455,-120.38651,-1.6176984154351266
14905,1100,36.3887,-121.5514,0.426722875590786
14906,1100,37.17217,-122.01121,1.5821332457991082
14907,1100,36.92745,-121.82764,-0.1485536900230454
14908,1100,37.20631,-121.97726,0.6704605504991633
14909,1100,37.15432,-121.73467,0.7155751062846959
14910,1100,37.2708,-122.21276,0.8301141676862085
14911,1100,37.40373,-122.23868,-0.6304986564892645
14912,1100,37.40372,-122.17596,1.2293728079659458
14913,1100,37.6444,-118.89683,1.627143073143996
14914,1100,37.34164,-121.64257,-0.7823911543868945
14915,1100,37.65909,-118.97907,1.529400254288123
14916,1100,37.008,-121.287,-0.1572627025772482
14917,1100,35.945,-120.542,-0.6915640146249526
14918,1100,36.2159,-120.80126,-0.977968207145642
14919,1100,35.63597,-120.86984,0.8571499603287808
14920,1100,36.76403,-121.44722,-1.230692122267483
14921,1100,37.62211,-121.75697,-0.956969243951936
14922,1100,36.851,-121.402,1.7359512375104866
14923,1100,36.891,-121.404,1.6154587079377702
14924,1100,36.86,-121.54,1.1813264353487645
14925,1100,36.848,-121.397,1.6120740674679563
19935,1100,37.87352,-122.26099,-1.752434218507022
19936,1100,37.69782,-123.0011,-1.4794388177306927
19938,1100,36.68011,-119.02282,-1.150863190828877
19939,1100,38.99349,-123.07234,-2.1630275560071017
19940,1100,38.87874,-122.44277,-2.387359646686304
19942,1100,39.2291,-121.7861,-0.6172035010148171
19943,1100,37.25898,-121.67311,-0.7771947832431024
19944,1100,37.16346,-121.62645,-1.3897883484120428
19945,1100,37.7294,-121.83346,0.7708301251617826
19946,1100,37.37289,-121.76887,-0.1992040775387975
19947,1100,37.91233,-121.90716,-0.6978644916237682
19948,1100,38.02691,-122.01599,-0.5494582603967368
19949,1100,37.34305,-122.33976,1.2144233840788916
19950,1100,37.31861,-122.15314,-0.5048231235261966
19951,1100,37.36045,-122.18986,-0.2671204501587438
19952,1100,37.21427,-122.17168,0.7174257664691522
19953,1100,37.19855,-122.34671,0.232494782778725
19954,1100,37.58225,-122.42006,1.1182006330280592
19955,1100,38.33656,-122.81082,1.9192436248722569
19956,1100,35.73065,-120.24986,-1.4619659636504585
14926,1101,38.441,-122.701,1.1875093019840748
14927,1101,37.762,-122.505,1.3704887160160448
14928,1101,38.29027,-122.46125,-0.3105713704984166
14929,1101,38.4421,-122.6068,-0.9316222351889712
14930,1101,38.36743,-122.52403,1.6091464489210805
14931,1101,37.87622,-122.23558,-0.4679121065531982
14932,1101,37.91881,-122.15176,-1.3844867294985868
14933,1101,37.87352,-122.26099,-1.2228337794997317
14934,1101,37.85727,-122.42266,1.498392976072472
14935,1101,37.73786,-122.06486,0.366245149605215
14936,1101,38.02691,-122.01599,0.4478805393862118
14937,1101,38.34526,-122.4584,0.6858519264340751
14938,1101,37.69782,-123.0011,-0.545057626203917
14939,1101,38.76927,-123.01486,-0.7601296443538271
14940,1101,38.80797,-122.7953,-1.5460504768467225
14941,1101,37.63719,-122.47482,0.49375539692573
14942,1101,37.2708,-122.21276,1.7580791626739871
14943,1101,37.79499,-122.4746,2.910404788120576
14944,1101,37.40373,-122.23868,0.8043106625108671
14945,1101,37.58225,-122.42006,2.209889068737039
14946,1101,38.14478,-122.88018,-0.5938485949479844
14947,1101,38.87874,-122.44277,-1.6732954112172385
14948,1101,38.26021,-122.55179,-0.5865629436239418
14949,1101,38.00198,-122.47466,1.1711679176654328
14950,1101,38.30988,-122.943,-0.45813519911476
14951,1101,38.33656,-122.81082,1.157244961449462
14952,1101,38.46769,-122.89651,0.251522134654942
14953,1101,38.28043,-122.21582,0.0831793882865521
14954,1101,38.16488,-122.71296,-0.9361315360584188
14955,1101,38.07601,-122.2585,0.0503143391586226
14956,1101,38.04248,-122.79684,0.6722478968976401
14957,1101,37.99642,-123.01949,-0.1820334552450164
14958,1101,38.34878,-122.57795,0.0036571509073013
14959,1101,37.92371,-122.59649,0.1203400725542516
14960,1101,38.14361,-122.44969,-0.2721109073317203
14961,1101,38.24039,-122.79842,0.1042514827371506
14962,1101,38.38921,-122.66297,-0.1992787491300738
14963,1101,37.91608,-122.33607,0.0929942791608844
14964,1101,39.2291,-121.7861,-0.328401243350378
21038,1101,38.03455,-120.38651,-1.5682464426250848
21039,1101,39.65471,-122.71595,-4.705720647075658
21040,1101,36.3887,-121.5514,-0.7566118021468963
21042,1101,38.99349,-123.07234,-3.700127583453944
21043,1101,37.34164,-121.64257,-1.1033237771904838
21044,1101,39.55451,-121.50036,-2.513021549347619
21045,1101,37.008,-121.287,-0.0657785388054415
21047,1101,36.76403,-121.44722,-2.4111941568736524
21048,1101,37.28744,-121.86422,0.4180575959369094
21049,1101,37.81647,-122.06302,-0.3860854300751534
21050,1101,37.9889,-122.2156,0.3948802390886626
21051,1101,37.94906,-122.40851,0.2228954000516896
21052,1101,37.72416,-122.11929,0.535457682983188
21053,1101,37.80787,-122.3618,1.1923603180482036
21054,1101,37.51704,-122.37731,0.6561660592432719
21055,1101,37.67433,-122.39855,1.2275225336572413
21056,1101,37.16067,-121.89899,1.5308365079318775
21057,1101,37.92144,-122.71806,1.0790615293710462
21058,1101,38.04962,-122.52331,0.6550403177009592
21059,1101,38.12282,-122.14921,-0.197569929235911
21060,1101,38.20025,-122.4644,0.9558644339010026
21061,1101,38.233,-122.636,-0.7286844443575187
21062,1101,37.76021,-122.41524,0.8631874690333069
21063,1101,37.76386,-122.4736,1.9333295185964687
21064,1101,37.40701,-122.0946,-0.75439627046577
21065,1101,37.4748,-122.2392,-0.1707561345952035
21066,1101,37.31816,-121.94354,0.4227610333767557
21067,1101,37.68,-121.739,-1.894698821809849
21068,1101,37.59094,-122.36741,1.332561076718502
21069,1101,37.74766,-122.42528,1.1707897426051592
21070,1101,37.74664,-122.38679,0.6663241255236191
21071,1101,37.39415,-122.06041,0.8325634470920155
21072,1101,37.376,-121.84367,-0.3087942389821709
21073,1101,37.27117,-121.98617,-0.1517243941478075
21074,1101,37.45098,-122.4287,0.7881235340367928
21075,1101,37.71737,-121.72701,-1.5116649530200257
21076,1101,37.67928,-122.48405,1.5233638486398933
21077,1101,37.91056,-122.53778,1.4100669060533246
21078,1101,37.88767,-122.29916,-0.3469303370348632
21079,1101,38.03445,-122.27016,-1.0670511045373636
21080,1101,37.74484,-122.40134,0.9381689045582317
21081,1101,37.77934,-122.486,0.8187898504850841
21082,1101,37.71633,-122.43117,2.2344660329657486
21083,1101,37.81076,-122.29252,-1.1932746820317468
21084,1101,37.8251,-122.27606,0.5265167639908643
21085,1101,37.7986,-122.2684,-0.1114728123516019
21086,1101,37.72416,-122.44841,0.6045883781769196
21087,1101,37.41395,-121.87085,0.1499562721610406
21088,1101,37.6806,-121.92098,-0.1296955754957583
21089,1101,37.86059,-122.29327,-0.1157150564750581
21090,1101,37.85835,-122.25252,-0.4060326107544769
21091,1101,37.37418,-122.0781,-0.8128178768256777
21092,1101,37.72688,-122.15092,-0.364559028737043
21093,1101,37.8852,-122.03217,-0.20707358668724
21094,1101,38.01299,-122.13416,0.540849158257807
21096,1101,37.16346,-121.62645,-1.7333209902472837
21097,1101,37.45035,-121.80037,-1.3888216376404188
21098,1101,37.74766,-121.70843,0.4114663371263178
21099,1101,37.7294,-121.83346,0.4523326398434723
21100,1101,37.37289,-121.76887,-0.6840436040854544
21101,1101,37.81041,-121.80272,0.1833638679702336
21102,1101,37.85884,-121.99264,0.5383329481059739
21103,1101,37.91233,-121.90716,-0.9336885487205114
21104,1101,37.34305,-122.33976,0.3129592619651404
21105,1101,37.31861,-122.15314,-0.1146386546295298
21106,1101,37.17217,-122.01121,1.2073362849077731
21107,1101,37.04922,-121.80722,-0.8299491791114609
21108,1101,36.92745,-121.82764,-0.8563620631469344
21109,1101,37.36045,-122.18986,0.1914104213763243
21110,1101,37.51604,-122.45815,1.287630431720041
21111,1101,37.21427,-122.17168,0.7605983298011773
21112,1101,37.20631,-121.97726,0.6765153922792609
21113,1101,37.15432,-121.73467,0.8865967390143306
21114,1101,37.19855,-122.34671,-0.3560508286596879
21115,1101,37.40372,-122.17596,0.0426987676695355
21116,1101,37.58644,-122.50217,2.358116832612355
21119,1101,38.43951,-122.25272,-0.8631778845307109
21120,1101,38.15486,-121.80438,-0.4434826277306007
21121,1101,38.65651,-122.61441,-0.8057353897699379
21123,1101,36.2159,-120.80126,-2.351649150730247
14979,1103,32.68005,-116.67215,1.076311132142445
14980,1103,34.2623,-116.92075,-0.6136743947032941
14981,1103,33.921,-116.981,1.0118587428694878
14983,1103,34.23883,-117.65853,-2.0553182350785737
14984,1103,34.069,-116.39,-0.7817662559569828
14985,1103,33.268,-116.417,1.0599851386361805
14986,1103,34.68224,-118.57398,0.4734541099600678
14987,1103,33.4915,-116.667,-3.1956522655969524
14988,1103,33.38822,-117.19495,0.889650957452315
14989,1103,33.999,-117.68,0.9518437009736596
14990,1103,34.093,-117.317,0.6692580707207239
14991,1103,33.876,-117.561,0.4949499148050389
14992,1103,34.25353,-118.33383,0.3672796555088712
14993,1103,33.65,-117.009,1.136783502448097
14994,1103,33.1537,-117.22921,-0.245275485279313
14995,1103,35.30177,-116.80574,-0.0673016826276053
14996,1103,34.8294,-116.335,-0.0416194009437665
14997,1103,34.121,-117.219,-0.7645421936481781
14998,1103,33.0859,-116.5959,1.5008454713340305
14999,1103,34.9906,-118.34156,-0.8756893869475527
15000,1103,34.3656,-117.36683,-0.8232621049997013
15001,1103,34.005,-117.562,0.9926719141703404
15002,1103,33.94539,-117.92372,1.3785917429346344
15003,1103,34.1484,-118.1711,-0.975281649799334
15005,1103,34.1207,-117.63808,0.2084973505078103
15006,1103,33.354,-116.863,-0.2249128518350853
15007,1103,34.87533,-116.99684,-0.1360350033312743
15008,1103,33.973,-117.327,0.9559264577433254
15009,1103,33.97327,-117.32674,0.7281580789096268
15010,1103,33.99351,-117.37545,-0.5867330907666258
15011,1103,33.834,-116.797,0.753505543789866
15012,1103,34.106,-117.098,-0.4129695281072876
15013,1103,34.38203,-117.67822,0.025212671587113
15014,1103,34.48364,-118.11783,-0.576094933552419
15015,1103,34.00948,-117.95077,1.424873189413104
15016,1103,34.55046,-117.43391,-2.211699555214454
15017,1103,33.63838,-116.4011,0.281756777007378
15018,1103,35.52495,-117.36453,-1.059992707548541
15019,1103,34.10521,-117.28264,0.5774772404073938
15020,1103,33.4019,-118.41502,1.04254257963053
15022,1103,34.0602,-117.809,0.657622466092394
15023,1103,33.93597,-116.57794,-0.8005016915211949
15024,1103,34.10618,-118.45505,-1.1622551580995262
15025,1103,32.999,-116.942,0.5911316639441898
15027,1103,33.11675,-115.82267,0.680913251532411
15028,1103,33.71264,-118.29381,0.9208481504418328
15029,1103,34.36622,-116.61266,-0.009679042521461
15030,1103,34.10819,-119.06587,-0.0258450690239837
15031,1103,34.61594,-117.82493,0.5066618680444631
15032,1103,33.684,-117.943,0.1538875115570065
15033,1103,35.47954,-117.68212,-1.008552762040693
15034,1103,33.818,-116.369,0.3863902935503254
15035,1103,34.81258,-119.1453,-0.5797851078776832
15036,1103,36.05799,-117.48901,-2.2946200529266205
15037,1103,33.808,-116.968,0.5099622589495799
15039,1103,34.22362,-118.05832,-1.0079328894642106
15040,1103,34.6145,-118.7235,-1.83224261817926
15042,1103,34.10473,-117.97956,-0.9454265112352234
15043,1103,33.74346,-118.40412,0.4928495639100251
15044,1103,34.05073,-118.08085,-1.0654389486669429
15045,1103,33.2801,-115.98585,0.6238026266196786
15046,1103,33.553,-117.662,-0.7692315145325589
15048,1103,34.01438,-118.45617,0.15958990969569
15049,1103,34.05933,-118.64614,0.1582007209699982
15050,1103,34.30302,-119.18676,0.3443652889591527
15051,1103,33.664,-117.769,-0.7234310570890192
15053,1103,33.63495,-116.16402,1.2223890215564468
15055,1103,35.53664,-118.14035,0.0524631682802294
15056,1103,34.1717,-118.64971,1.5913408394049855
15093,1107,35.1269,-118.83009,-0.2929358595383922
15094,1107,32.68005,-116.67215,0.3465501311552629
15095,1107,34.2623,-116.92075,-1.3220356370780653
15097,1107,34.68224,-118.57398,1.0746803342859816
15098,1107,33.38822,-117.19495,0.2707532046604571
15100,1107,33.999,-117.68,0.1498980351026413
15101,1107,33.4019,-118.41502,0.4668063849761952
15102,1107,33.655,-115.99,1.1329736032013389
15103,1107,33.65,-117.009,-0.1787964133701418
15104,1107,33.567,-116.631,1.1973426641253933
15106,1107,33.71264,-118.29381,1.5108082207005655
15107,1107,35.30177,-116.80574,0.2473651057521199
15108,1107,34.36622,-116.61266,-0.171479372451547
15109,1107,33.7141,-116.7119,-1.411673425003142
15110,1107,34.80762,-118.86775,0.7174520680184279
15111,1107,34.61594,-117.82493,0.532630031895622
15112,1107,34.93439,-117.69629,0.1434216965783651
15113,1107,34.3656,-117.36683,-0.9672828742261153
15114,1107,34.005,-117.562,0.2494101854279809
15115,1107,34.81258,-119.1453,-0.2264542490574277
15116,1107,34.22362,-118.05832,-0.4872052539004634
15117,1107,33.94539,-117.92372,1.3478439658896202
15118,1107,34.6145,-118.7235,-1.34766644944527
15119,1107,34.1484,-118.1711,-1.548048670990667
15120,1107,34.1207,-117.63808,-1.468408472205054
15122,1107,33.354,-116.863,-0.4775305300006424
15123,1107,33.7953,-117.60906,0.4577323463557828
15124,1107,33.63,-116.8478,1.1892678241357524
15125,1107,33.74346,-118.40412,1.5205851927900664
15126,1107,34.87533,-116.99684,0.2750625033120009
15127,1107,33.973,-117.327,0.0171836392926277
15128,1107,33.97327,-117.32674,-0.231589106119247
15129,1107,33.99351,-117.37545,-0.8816557432201105
15130,1107,34.232,-117.235,-1.1545689705365731
15131,1107,33.834,-116.797,-0.7226498244072903
15132,1107,34.05933,-118.64614,0.1601981137233634
15133,1107,33.829,-117.789,1.2297353028737583
15134,1107,34.106,-117.098,0.2782758523045388
15135,1107,34.38203,-117.67822,0.7008012220135824
15137,1107,34.23883,-117.65853,-2.384327685561955
15138,1107,34.069,-116.39,-0.0412129699368509
15139,1107,33.4915,-116.667,1.548184171301757
15140,1107,34.9906,-118.34156,0.4098251669797628
15141,1107,33.862,-117.205,-0.9683823550716184
15142,1108,34.04905,-116.94032,-1.933238762229863
15143,1108,34.55046,-117.43391,-0.7966544079318081
15144,1108,32.68005,-116.67215,-0.3212673992375933
15145,1108,34.2623,-116.92075,-0.0581474671323966
15146,1108,33.921,-116.981,0.3947992458048538
15148,1108,34.23883,-117.65853,-2.070231075661343
15149,1108,34.069,-116.39,0.2885071198082321
15150,1108,33.268,-116.417,0.1805140505116862
15151,1108,33.4915,-116.667,-3.265532851818424
15152,1108,33.38822,-117.19495,-0.3762004626953003
15154,1108,33.999,-117.68,0.0391089156789295
15155,1108,33.876,-117.561,-0.544726774904374
15156,1108,34.25353,-118.33383,-0.1387501030432123
15157,1108,33.93597,-116.57794,0.0177486645411897
15158,1108,33.65,-117.009,-0.5922362844512662
15159,1108,33.567,-116.631,1.31836682126249
15160,1108,32.999,-116.942,-0.444574480204912
15162,1108,33.1537,-117.22921,-0.6944599399756222
15163,1108,35.30177,-116.80574,-0.1415918912290626
15164,1108,34.8294,-116.335,1.26493454024374
15166,1108,33.0859,-116.5959,-0.1598590188561478
15167,1108,34.36622,-116.61266,0.7532578699691501
15168,1108,34.9906,-118.34156,0.0268634166164436
15169,1108,33.684,-117.943,0.378105431016011
15170,1108,34.93439,-117.69629,5.856011763597539
15171,1108,35.47954,-117.68212,0.4105739419441355
15172,1108,34.3656,-117.36683,-1.2405958405134156
15174,1108,33.818,-116.369,0.3923672949357333
15175,1108,33.808,-116.968,2.342298817431609
15176,1108,33.6,-117.195,1.203559561051904
15177,1108,34.22362,-118.05832,-0.3620476045820882
15178,1108,33.94539,-117.92372,0.1281251194476365
15179,1108,34.1207,-117.63808,-1.5351669884596992
15180,1108,33.862,-117.205,-0.7459196125840307
15182,1108,33.354,-116.863,-0.7451770283399234
15184,1108,33.824,-116.55,-0.6003623659871441
15185,1108,33.63,-116.8478,0.0514193131449698
15186,1108,34.87533,-116.99684,0.2960722537071892
15187,1108,33.973,-117.327,2.0286657851686103
15188,1108,33.97327,-117.32674,1.958293003229996
15189,1108,33.99351,-117.37545,-1.5556786879585136
15190,1108,34.232,-117.235,-1.086532006219541
15191,1108,33.553,-117.662,0.4808555265861672
15193,1108,33.834,-116.797,0.6056795414950537
15194,1108,34.05933,-118.64614,-0.1211257437364773
15195,1108,33.829,-117.789,-0.6930066459239307
15196,1108,33.664,-117.769,-0.6459648107590205
15197,1108,34.106,-117.098,0.1402050567729789
15200,1108,34.48364,-118.11783,0.8428861064193316
15201,1108,34.00948,-117.95077,-0.1543646688546024
15202,1108,34.68708,-118.29946,-0.0460061112415269
15203,1108,35.1269,-118.83009,-0.6408405255784037
15204,1108,33.80776,-117.98116,-0.6173194939147324
15205,1108,35.52495,-117.36453,-0.0965638120642088
15206,1108,33.4019,-118.41502,-0.2257974120524269
15208,1108,34.093,-117.317,-0.1654920981602798
15209,1108,33.655,-115.99,2.198085571380721
15211,1108,33.11675,-115.82267,0.0186221763308058
15212,1108,33.71264,-118.29381,-1.0467268277691404
15213,1108,33.051,-114.827,0.5522110678564462
15214,1108,35.98249,-117.80885,0.3938347423896544
15215,1108,35.13066,-115.18416,1.8489200294731003
15216,1108,33.9753,-118.14918,-0.1753137510042421
15217,1108,34.80762,-118.86775,-0.1408896917072349
15218,1108,34.005,-117.562,-1.2782281502551445
15219,1108,36.05799,-117.48901,-0.7845061965368001
15220,1108,34.88848,-119.81362,-0.8724501271387803
15222,1108,34.53412,-120.17737,-0.6363176447252228
15223,1108,33.556,-115.946,0.6457457276884
15224,1108,34.1484,-118.1711,-1.6897930517595643
15225,1108,34.44199,-118.58215,-0.0881479035238106
15226,1108,34.09181,-117.80709,-1.6598298045799365
15227,1108,34.281,-118.478,0.7609671880855206
15228,1108,34.10473,-117.97956,-0.9633229000901524
15229,1108,33.74346,-118.40412,0.679140992898126
15230,1108,34.05073,-118.08085,-0.8589012080748293
15231,1108,33.2801,-115.98585,0.4908269844929149
15232,1108,32.915,-118.4879,1.1530722566965013
15233,1108,34.43692,-119.1375,-1.5649600847813263
15234,1108,35.8996,-116.27515,1.735783333348308
15235,1108,35.89095,-117.28332,0.7595367290505963
15236,1108,34.30302,-119.18676,0.5739006219357746
15237,1108,32.94508,-115.79988,-0.260145358772686
15238,1108,34.38203,-117.67822,0.5852580726544446
15239,1108,35.53664,-118.14035,0.7345442024217704
15245,1110,34.55046,-117.43391,-0.9689760626354128
15246,1110,34.68708,-118.29946,-0.4408182165517831
15247,1110,32.68005,-116.67215,0.1839584701543181
15248,1110,34.2623,-116.92075,-1.1650009635692098
15249,1110,33.921,-116.981,1.6040355464280682
15251,1110,34.23883,-117.65853,-1.5834140522879685
15252,1110,33.268,-116.417,0.5173805486109566
15253,1110,33.80776,-117.98116,-0.3771960882953049
15254,1110,34.68224,-118.57398,0.6380252990245955
15255,1110,35.52495,-117.36453,0.0845467616189929
15257,1110,33.999,-117.68,-0.0029682013068319
15258,1110,33.4019,-118.41502,-0.6371929822543437
15260,1110,34.093,-117.317,1.2405709385262007
15261,1110,33.876,-117.561,0.6179210017015601
15262,1110,33.655,-115.99,0.8697277138323196
15263,1110,34.25353,-118.33383,0.1720931568901561
15264,1110,33.93597,-116.57794,-0.1950566544477864
15265,1110,33.65,-117.009,-0.5038742684925591
15266,1110,34.10618,-118.45505,-1.1851515949334956
15267,1110,33.567,-116.631,1.0445994881951557
15268,1110,32.999,-116.942,-0.898546144341481
15270,1110,33.71264,-118.29381,0.0276279776049281
15272,1110,35.30177,-116.80574,0.2612351179464307
15273,1110,34.8294,-116.335,0.833327698015025
15274,1110,33.0859,-116.5959,-0.0111680339395966
15275,1110,34.36622,-116.61266,-0.3055261596894306
15276,1110,35.13066,-115.18416,0.2646093519475223
15277,1110,34.9906,-118.34156,0.6813068535967007
15278,1110,33.9753,-118.14918,-0.4582826427672118
15279,1110,34.80762,-118.86775,0.7183900512999247
15280,1110,33.684,-117.943,0.2240793399907935
15281,1110,34.93439,-117.69629,-0.1734170105322253
15282,1110,35.47954,-117.68212,-0.213851542568775
15283,1110,34.3656,-117.36683,-0.6428152607139044
15284,1110,33.818,-116.369,0.4062827523532329
15285,1110,34.005,-117.562,0.0297247103528371
15286,1110,33.6,-117.195,2.505337244402288
15287,1110,34.22362,-118.05832,-0.8319890626293291
15288,1110,33.94539,-117.92372,1.0194146579877184
15289,1110,34.6145,-118.7235,-0.7386645108215139
15290,1110,34.1207,-117.63808,0.1176070430198347
15292,1110,33.354,-116.863,-1.2222120441359856
15293,1110,33.7953,-117.60906,0.7559574567323273
15295,1110,34.09181,-117.80709,-0.9555951031720814
15296,1110,33.74346,-118.40412,1.598129163304883
15297,1110,34.87533,-116.99684,0.7886064582559854
15298,1110,33.97327,-117.32674,-0.9610088369008352
15299,1110,34.05073,-118.08085,-0.8611148723451992
15300,1110,33.99351,-117.37545,-2.789267954712096
15302,1110,34.232,-117.235,-1.816205405759288
15303,1110,33.553,-117.662,-0.6316738597981439
15304,1110,35.89095,-117.28332,1.3095577331009678
15305,1110,33.834,-116.797,0.1616843425541637
15306,1110,34.05933,-118.64614,-0.3028234551457757
15307,1110,33.829,-117.789,0.1281657014919192
15308,1110,33.664,-117.769,-0.561413102841428
15309,1110,34.106,-117.098,0.050769556706914
15310,1110,34.38203,-117.67822,1.1715541555399136
15312,1110,34.48364,-118.11783,0.2068827525455478
15313,1110,34.56065,-117.3296,0.0579622163416305
15314,1110,35.53664,-118.14035,1.2166412377131
15380,1113,34.55046,-117.43391,-0.2994526398477333
15381,1113,32.68005,-116.67215,0.8150835205243641
15382,1113,33.921,-116.981,-0.437224481539069
15385,1113,34.23883,-117.65853,-2.433349921052647
15386,1113,34.069,-116.39,-0.2845255765387223
15387,1113,33.268,-116.417,0.4010233171199272
15388,1113,35.52495,-117.36453,0.865071285356026
15390,1113,33.4019,-118.41502,0.3278828166712478
15392,1113,34.093,-117.317,-0.2362249287108563
15393,1113,33.655,-115.99,0.3784086974234296
15394,1113,34.25353,-118.33383,0.6265558513458747
15395,1113,33.65,-117.009,0.2946047128017214
15396,1113,34.10618,-118.45505,-0.5187047734623391
15397,1113,33.567,-116.631,1.8295918850766368
15398,1113,32.999,-116.942,0.2952149759128024
15401,1113,33.71264,-118.29381,0.1215361752649129
15402,1113,33.051,-114.827,-0.3054919368985138
15404,1113,33.1537,-117.22921,-0.634540112218148
15405,1113,35.30177,-116.80574,-0.5197934527131248
15406,1113,34.8294,-116.335,-0.7160336672282325
15408,1113,35.66278,-118.47403,-1.58424610707291
15409,1113,33.081,-116.598,0.7541047400700233
15410,1113,35.98249,-117.80885,0.7374997680921582
15411,1113,34.36622,-116.61266,0.0979439351708386
15412,1113,35.13066,-115.18416,-0.6893712472150317
15413,1113,34.9906,-118.34156,0.1536744557933549
15414,1113,34.80762,-118.86775,0.1779893017530489
15415,1113,34.93439,-117.69629,0.7234094089433359
15416,1113,35.47954,-117.68212,0.7191890401419492
15417,1113,34.3656,-117.36683,0.7614559696463213
15418,1113,33.818,-116.369,-0.1702640096980264
15419,1113,34.005,-117.562,-0.6862204628112806
15420,1113,36.05799,-117.48901,-0.8488397038503601
15421,1113,33.808,-116.968,0.8132788905684321
15422,1113,33.6,-117.195,2.572648091464596
15423,1113,34.22362,-118.05832,0.3989854996528584
15424,1113,34.76759,-114.61881,1.139385214755939
15425,1113,33.94539,-117.92372,0.7806410053389995
15426,1113,32.608,-116.93,0.8329769038427247
15427,1113,34.1207,-117.63808,0.541156574965845
15428,1113,33.862,-117.205,-0.972919104159774
15430,1113,33.354,-116.863,-0.0044833354237422
15431,1113,33.7953,-117.60906,0.0409403550275349
15433,1113,33.824,-116.55,-1.0168147934146734
15434,1113,33.63,-116.8478,-0.0365207572938733
15435,1113,33.74346,-118.40412,0.7867190352604084
15436,1113,34.87533,-116.99684,-0.4703162382189771
15437,1113,33.97327,-117.32674,-0.8119420706329145
15438,1113,33.99351,-117.37545,-1.7643421269411077
15439,1113,34.232,-117.235,-1.1627727903036902
15440,1113,33.553,-117.662,-1.3998590672932545
15441,1113,35.89095,-117.28332,0.7478861512816549
15442,1113,33.834,-116.797,0.4342910042106487
15443,1113,34.05933,-118.64614,0.1475675287886126
15444,1113,33.829,-117.789,-0.0135931921456841
15445,1113,33.664,-117.769,-1.1516354191104865
15446,1113,34.106,-117.098,0.0893509530148463
15447,1113,34.38203,-117.67822,0.0544520770993814
15450,1113,34.48364,-118.11783,0.3815968660374592
15451,1113,35.53664,-118.14035,0.9081423033483714
15452,1113,34.1717,-118.64971,2.75775713843237
15453,1113,33.917,-117.443,0.2848772882890325
15454,1113,33.968,-117.252,0.4279375686823179
15455,1113,33.751,-117.015,1.5870343056320773
15456,1113,33.699,-117.267,0.5020942499271489
15457,1113,33.951,-117.446,0.3091380220195467
15458,1113,33.951,-117.388,-0.874972039648371
15459,1113,33.979,-117.344,-0.9878168069328864
15460,1113,33.975,-117.486,0.4216399787751275
15461,1113,33.902,-117.234,-0.4789450520842905
15462,1113,33.921,-117.173,0.880815701892636
15463,1113,34.014,-117.511,0.1693403127041843
15464,1113,34.074,-117.183,-0.1164824749552173
15465,1113,34.096,-117.287,-0.5759944165785283
15466,1113,34.133,-117.253,-1.046564529767437
15467,1113,34.069,-117.398,-0.7839314401517389
15468,1113,34.004,-117.058,0.3847318674225529
15469,1113,34.00469,-117.22393,-1.705438657642513
15471,1113,34.136,-117.213,-1.3659877687041633
15473,1113,33.92024,-117.32066,-1.720132850080958
15476,1113,34.14,-117.294,-0.6537227925700725
15478,1113,34.205,-117.365,1.0257368659492838
15479,1113,34.12288,-117.28792,-0.9568331743634748
15480,1113,34.0869,-117.3114,-0.6721054241512069
15481,1113,33.852,-117.451,0.955697887315637
15550,1118,32.68005,-116.67215,-0.4991272873841194
15551,1118,34.2623,-116.92075,-0.6869931057548884
15552,1118,33.921,-116.981,-0.3808188595622692
15555,1118,34.23883,-117.65853,-0.7573490153437343
15557,1118,33.268,-116.417,-1.117039691579662
15558,1118,33.01213,-115.21987,-1.196902602759056
15559,1118,33.38822,-117.19495,0.1829885861655793
15562,1118,33.655,-115.99,0.6971825469790337
15563,1118,34.63745,-115.38115,-1.208963050799008
15564,1118,34.25353,-118.33383,0.8948082371980269
15565,1118,33.65,-117.009,-0.4549489109648618
15566,1118,34.10618,-118.45505,-0.6884112712567432
15567,1118,33.567,-116.631,-0.1275477226690686
15568,1118,32.999,-116.942,-0.2771083744159309
15569,1118,32.805,-115.447,-0.9778236663530816
15572,1118,33.11675,-115.82267,0.7130693539893943
15573,1118,33.71264,-118.29381,-0.1348017121411469
15574,1118,33.051,-114.827,-0.6982711503170602
15576,1118,35.30177,-116.80574,-1.0671139872103323
15578,1118,33.0859,-116.5959,-0.1515310344873503
15580,1118,33.684,-117.943,1.5044708655545331
15581,1118,33.818,-116.369,-0.9221369378224786
15583,1118,33.808,-116.968,0.6530511635851277
15584,1118,33.6,-117.195,1.9647533440086336
15585,1118,34.76759,-114.61881,-0.8517117429476264
15586,1118,33.94539,-117.92372,1.224523932877417
15587,1118,32.608,-116.93,-0.4993127521300143
15589,1118,34.1207,-117.63808,0.6377567070420991
15591,1118,33.354,-116.863,0.420704805313806
15593,1118,33.63,-116.8478,-0.3791371657854803
15594,1118,33.74346,-118.40412,0.7973778202675511
15595,1118,33.99351,-117.37545,-0.5551566930156955
15596,1118,33.183,-115.623,-0.6076386015235611
15597,1118,33.2801,-115.98585,0.8151090938196792
15598,1118,33.553,-117.662,0.9328684454959794
15600,1118,33.834,-116.797,-0.3596552748992058
15601,1118,34.05933,-118.64614,0.0324971764067846
15602,1118,33.829,-117.789,0.5010287189454634
15603,1118,33.664,-117.769,1.1032724472362216
15604,1118,34.106,-117.098,0.8568963628975225
15605,1118,32.94508,-115.79988,-0.7274391726875786
15606,1118,34.38203,-117.67822,0.5475111531613704
15607,1118,34.48364,-118.11783,1.0205097195422668
15608,1118,32.75904,-115.73161,-0.8462771735090232
15753,1123,37.76021,-122.41524,-0.2617591493249692
15754,1123,37.75094,-122.49072,-0.1074038816018396
15755,1123,37.762,-122.505,-0.0993857977607639
15756,1123,37.54187,-122.30471,-0.3612893101713595
15757,1123,37.59094,-122.36741,0.3991307957039077
15758,1123,37.40718,-122.00001,-0.7627873713623455
15759,1123,37.39415,-122.06041,-0.9942431863654276
15760,1123,37.45098,-122.4287,-0.8268171824201461
15761,1123,37.59268,-122.07449,-1.0337652906363504
15762,1123,37.67928,-122.48405,-0.220630220759825
15763,1123,37.91056,-122.53778,0.6966116671108508
15764,1123,38.03445,-122.27016,1.761606572041039
15765,1123,37.95397,-121.86554,-1.318262610482445
15766,1123,37.87622,-122.23558,-1.0770001189480594
15767,1123,37.91881,-122.15176,0.2022286665100528
15768,1123,37.87352,-122.26099,-1.604911175321073
15769,1123,37.16346,-121.62645,-0.6014702202572069
15770,1123,37.85727,-122.42266,0.5555214664903729
15771,1123,37.74766,-121.70843,2.572482477441405
15772,1123,37.7294,-121.83346,1.0734397758931862
15773,1123,37.85884,-121.99264,1.65609862963468
15774,1123,37.91233,-121.90716,1.58131813017363
15775,1123,38.02691,-122.01599,2.345162269723465
15776,1123,38.34526,-122.4584,0.1008062370936221
15777,1123,37.34305,-122.33976,-1.1786709782498053
15778,1123,37.31861,-122.15314,-2.136065920642935
15779,1123,37.51604,-122.45815,-0.9884820106832132
15780,1123,37.21427,-122.17168,-0.3486722289166394
15781,1123,37.20631,-121.97726,0.177973438617811
15782,1123,37.15432,-121.73467,1.63407421581058
15783,1123,37.63719,-122.47482,-1.0202800393975329
15784,1123,37.19855,-122.34671,-1.555779954284164
15785,1123,37.58225,-122.42006,-0.8431681945459295
15786,1123,37.40372,-122.17596,-1.2037707045117751
15787,1123,37.28397,-122.05017,-0.1813672445078447
15788,1123,37.58644,-122.50217,1.155072393704086
15789,1123,38.33656,-122.81082,2.0099946413089933
15790,1123,38.28043,-122.21582,-0.2611290518717564
15791,1123,38.16488,-122.71296,1.04481756370532
15792,1123,38.07601,-122.2585,2.3292590076935245
15793,1123,37.99642,-123.01949,0.245350938491511
15794,1123,38.34878,-122.57795,1.7069369267341448
15795,1123,37.9231,-122.5983,-0.5786398383107189
15796,1123,38.38921,-122.66297,1.222455355773479
15797,1123,37.62211,-121.75697,-0.8299034114321725
19436,1123,38.03455,-120.38651,0.0103668684602616
19437,1123,37.69782,-123.0011,-0.9973310142917968
19438,1123,37.34164,-121.64257,-0.27073756296869
19439,1123,37.91608,-122.33607,-0.9480372993604134
19440,1123,37.81647,-122.06302,-0.9265728191131064
19441,1123,37.9889,-122.2156,1.0401957903346803
19442,1123,37.94906,-122.40851,-1.075834797520181
19443,1123,37.72416,-122.11929,0.2552494212035407
19444,1123,37.80787,-122.3618,-2.437879333668172
19445,1123,37.12043,-122.1552,-0.9913502339042956
19446,1123,37.51704,-122.37731,0.2380289746661907
19447,1123,37.67433,-122.39855,0.0858033887596227
19448,1123,37.4046,-122.1741,-1.9577314525338168
19449,1123,37.16067,-121.89899,1.2634920737757211
19450,1123,37.92144,-122.71806,-0.8975989726161052
19451,1123,38.04962,-122.52331,1.921640350952395
19452,1123,38.12282,-122.14921,1.7956723070808691
19453,1123,38.20025,-122.4644,1.402203241868036
19454,1123,38.233,-122.636,1.7171915524087549
19455,1123,37.77737,-122.39689,-0.0358413354328868
19456,1123,37.76386,-122.4736,-0.5915202031006976
19457,1123,37.40701,-122.0946,-2.178811401399125
19458,1123,37.4748,-122.2392,-0.30959004402285
19459,1123,37.30249,-121.97978,-0.7263226284068238
19460,1123,37.26352,-121.91617,-1.1757574659483498
19461,1123,37.30143,-121.9039,-0.6984978266412907
19462,1123,37.31816,-121.94354,0.580200876516018
19463,1123,37.3066,-121.84915,-0.3357063074454104
19464,1123,37.41702,-121.9154,0.2881310660773385
19465,1123,37.74766,-122.42528,-0.7382979056962597
19466,1123,37.17217,-122.01121,1.0394174567654828
19469,1123,38.46769,-122.89651,0.2758426296083433
15798,1124,37.26352,-121.91617,-1.0611924474525334
15799,1124,37.27117,-121.98617,0.3731397697342118
15800,1124,37.91056,-122.53778,0.1890871538430877
15801,1124,37.87622,-122.23558,-0.0690361519473302
15802,1124,37.91881,-122.15176,-0.6367859129582174
15803,1124,37.16346,-121.62645,0.3686346003749974
15804,1124,37.85727,-122.42266,0.498234711343427
15805,1124,37.37289,-121.76887,-1.4237426167328535
15806,1124,37.91233,-121.90716,0.5268550272606611
15807,1124,37.34305,-122.33976,0.8531049636619722
15808,1124,37.31861,-122.15314,-0.6598927913474271
15809,1124,37.17217,-122.01121,1.7693230109760874
15810,1124,37.36045,-122.18986,-0.6487579120914913
15811,1124,37.51604,-122.45815,-1.0145276137595065
15812,1124,37.21427,-122.17168,2.614826609905436
15813,1124,37.20631,-121.97726,0.6654181778853614
15814,1124,37.15432,-121.73467,1.86671159677122
15815,1124,37.63719,-122.47482,-1.408506318293646
15816,1124,37.2708,-122.21276,0.7663645777050839
15817,1124,37.19855,-122.34671,-0.2511328756431036
15818,1124,37.40373,-122.23868,-1.0199779906209472
15819,1124,37.40372,-122.17596,0.0746998830813355
15820,1124,37.28397,-122.05017,-0.0054740033044478
20585,1124,37.87352,-122.26099,-1.0877545532705002
20586,1124,37.69782,-123.0011,-1.727701231625499
20587,1124,38.99349,-123.07234,-4.069500940730406
20588,1124,37.34164,-121.64257,-0.45293611075225
20589,1124,37.25898,-121.67311,-0.0809227000329564
20590,1124,37.9889,-122.2156,0.6837864650293591
20591,1124,37.80787,-122.3618,0.2172306780225708
20592,1124,37.12043,-122.1552,1.833141033592261
20593,1124,37.51704,-122.37731,-0.523931726412508
20594,1124,37.16067,-121.89899,1.9665411313277896
20595,1124,37.31816,-121.94354,-0.4224122707556645
20596,1124,37.40718,-122.00001,-1.5508715631986194
20597,1124,37.39415,-122.06041,-1.5090352779603744
20598,1124,37.45098,-122.4287,-0.5138837605657045
20599,1124,37.71633,-122.43117,0.4713857934996244
20600,1124,37.72416,-122.44841,-0.7415262893202373
20601,1124,37.23294,-121.77186,0.2136730146365407
20602,1124,37.28537,-121.93602,-0.9142870468955864
20603,1124,37.74766,-121.70843,1.3429273411274247
20604,1124,37.7294,-121.83346,2.1278343787868352
20605,1124,37.73786,-122.06486,1.1172983362604054
20606,1124,37.85884,-121.99264,-0.1680249798273223
20607,1124,37.04922,-121.80722,1.6808674830710586
20608,1124,37.58225,-122.42006,-0.274441218104306
20609,1124,37.58644,-122.50217,-0.760582372674946
15821,1125,37.54187,-122.30471,0.1091744165346883
15822,1125,37.26748,-121.86656,-1.4027589632555673
15823,1125,37.30143,-121.9039,0.505571158667246
15824,1125,37.41702,-121.9154,-0.1756866994140395
15825,1125,37.59094,-122.36741,0.5776307033410594
15826,1125,37.34655,-121.80774,-0.5555436281762104
15827,1125,37.40718,-122.00001,0.1429539238856254
15828,1125,37.39415,-122.06041,-0.5601252998737366
15829,1125,37.376,-121.84367,-1.7282134470027395
15830,1125,37.27117,-121.98617,-0.9272759794030908
15831,1125,37.71737,-121.72701,0.9821575635121744
15832,1125,37.91056,-122.53778,2.2163985274871263
15833,1125,38.03445,-122.27016,-0.4570487600335903
15834,1125,37.41395,-121.87085,0.1884914815544553
15835,1125,37.36408,-122.01817,-0.1345391634290628
15836,1125,37.42549,-122.07772,-1.1935145671180347
15837,1125,37.38332,-121.91088,-0.2591568077930518
15838,1125,37.28537,-121.93602,-1.38408020365924
15839,1125,37.68873,-121.78351,-0.5728600889388001
15840,1125,37.66666,-121.85715,-0.928014351164137
15841,1125,37.87622,-122.23558,-1.093887443081467
15842,1125,37.85727,-122.42266,2.2569803149688523
15843,1125,37.45035,-121.80037,-0.8490332216656372
15844,1125,37.74766,-121.70843,1.1557583719948512
15845,1125,37.7294,-121.83346,0.9007147423201401
15846,1125,37.73786,-122.06486,0.717085586671869
15847,1125,38.03455,-120.38651,-0.5301241605020796
15848,1125,37.85884,-121.99264,0.8725135510393233
15849,1125,37.91233,-121.90716,-0.2765126966651209
15850,1125,38.02691,-122.01599,0.3120585390735118
15851,1125,37.34305,-122.33976,1.5161117443650736
15852,1125,37.31861,-122.15314,-0.7722414151996262
15853,1125,37.17217,-122.01121,1.9501598394654824
15854,1125,37.36045,-122.18986,0.0379044002203601
15855,1125,37.51604,-122.45815,1.4200931941789847
15856,1125,37.20631,-121.97726,-0.576352987147743
15857,1125,37.15432,-121.73467,-1.3104928628621784
15858,1125,37.2708,-122.21276,-0.0381652874042724
15859,1125,37.19855,-122.34671,0.5027855891073321
15860,1125,37.58225,-122.42006,1.0721658917623154
15861,1125,37.28397,-122.05017,-0.8225783044064449
15862,1125,37.58644,-122.50217,0.5413464897285073
15863,1125,37.34164,-121.64257,0.0186130380779157
15864,1125,38.33656,-122.81082,1.8184199494206057
15865,1125,38.15486,-121.80438,0.5566006665806649
15866,1125,38.07601,-122.2585,0.7598161638844122
15867,1125,37.008,-121.287,0.9070475274715274
15868,1125,35.63597,-120.86984,-1.180399246581049
15869,1125,39.2291,-121.7861,-0.1379026533349374
15870,1125,37.62211,-121.75697,-0.1375827345650845
19794,1125,37.91881,-122.15176,-1.247346568735215
19795,1125,36.68011,-119.02282,-0.3552516371466093
19796,1125,38.87874,-122.44277,-2.850784813875499
19797,1125,39.55451,-121.50036,-0.3719447497351355
19798,1125,35.945,-120.542,-3.014798728851771
19799,1125,36.76403,-121.44722,-2.7001803569911664
19800,1125,37.9889,-122.2156,0.3672684696054352
19801,1125,37.94906,-122.40851,0.2444163006390605
19802,1125,37.12043,-122.1552,-0.5564621920229504
19803,1125,37.51704,-122.37731,0.6652255990043341
19804,1125,37.16067,-121.89899,-0.0131427209828044
19805,1125,37.92144,-122.71806,1.0747025470300762
19806,1125,38.04962,-122.52331,2.3680445291203887
19807,1125,38.12282,-122.14921,0.5412459885689217
19808,1125,38.233,-122.636,0.560265714036866
19809,1125,37.76021,-122.41524,1.2839031401831065
19810,1125,37.77737,-122.39689,0.0818724766304123
19811,1125,37.75094,-122.49072,1.3962356640214897
19812,1125,37.76386,-122.4736,1.0489854932608038
19813,1125,37.762,-122.505,0.780770006617326
19814,1125,37.40701,-122.0946,-1.248896783717555
19815,1125,37.4748,-122.2392,-1.664510123277379
19816,1125,37.30249,-121.97978,-1.2624804077628278
19817,1125,37.26352,-121.91617,-2.1743465875079355
19818,1125,37.31816,-121.94354,-0.3956661239878958
19819,1125,37.3066,-121.84915,-0.5740735810858295
19820,1125,37.68,-121.739,1.3545947104666278
19821,1125,37.74766,-122.42528,1.1985341711735529
19822,1125,37.74664,-122.38679,1.512909531521857
19823,1125,37.45098,-122.4287,1.0231199313844737
19824,1125,37.59268,-122.07449,-0.7361353628016076
19825,1125,37.67928,-122.48405,1.1598425986530674
19826,1125,37.88767,-122.29916,-0.225936616683759
19827,1125,37.74484,-122.40134,1.1999181607675389
19828,1125,37.77934,-122.486,1.0839465129576058
19829,1125,37.71633,-122.43117,1.0689908949887772
19830,1125,37.8251,-122.27606,0.3033784251622519
19831,1125,37.7986,-122.2684,0.6077413880117332
19832,1125,37.72416,-122.44841,0.2824755403063498
19833,1125,37.6806,-121.92098,-0.1842736829168379
19834,1125,37.86059,-122.29327,-0.2443609483760185
19835,1125,37.85835,-122.25252,0.0242554979585378
19836,1125,37.37418,-122.0781,-0.8729301536359568
19837,1125,37.69169,-122.16982,0.1452035830052315
19838,1125,37.23294,-121.77186,-0.7597335302432288
19839,1125,37.35834,-121.97775,0.5075734547348036
19840,1125,37.72688,-122.15092,-1.2332649233659017
19841,1125,37.8852,-122.03217,0.248050970657111
19842,1125,37.94215,-121.93047,-0.6593391841956975
19843,1125,38.01299,-122.13416,0.949076789324836
19844,1125,37.16346,-121.62645,-2.147010973529036
19845,1125,37.37289,-121.76887,-0.7698377455020815
19846,1125,37.81041,-121.80272,0.7174844476604969
19847,1125,37.04922,-121.80722,-2.4023031038458567
19848,1125,37.21427,-122.17168,1.1984716846384185
19849,1125,37.63719,-122.47482,-0.5939996750943602
19850,1125,37.40372,-122.17596,0.0909096704980961
19851,1125,37.6444,-118.89683,1.2774672517983907
19852,1125,37.65909,-118.97907,1.5445770222845
19853,1125,38.30988,-122.943,-0.3247056572905208
19854,1125,38.16488,-122.71296,0.0490641325916726
19855,1125,38.04248,-122.79684,0.963184061997689
19856,1125,37.92371,-122.59649,0.5996521740131554
19857,1125,38.14361,-122.44969,-0.5107860991417462
19858,1125,38.24039,-122.79842,-0.3491552578251518
19859,1125,38.38921,-122.66297,0.2762108013060342
19860,1125,36.2159,-120.80126,-2.469353093993154
15922,1128,34.55046,-117.43391,-0.1680716670058931
15923,1128,33.63838,-116.4011,-1.1956348422568952
15924,1128,34.68708,-118.29946,0.7041726807023848
15925,1128,32.68005,-116.67215,0.5010598478441836
15926,1128,34.2623,-116.92075,-1.362929727412551
15927,1128,33.921,-116.981,-0.7700986337925296
15928,1128,33.57508,-117.26119,-1.3783520280932968
15929,1128,33.80776,-117.98116,-0.5662328436011768
15930,1128,34.68224,-118.57398,1.7883944742221047
15931,1128,33.38822,-117.19495,-0.2950488054003127
15933,1128,33.999,-117.68,-0.1704717243651508
15934,1128,33.4019,-118.41502,0.0776621384172238
15936,1128,34.093,-117.317,-0.0750728198264275
15937,1128,34.0602,-117.809,0.912197949316748
15938,1128,33.655,-115.99,0.6371846559050424
15939,1128,34.25353,-118.33383,0.3321098024382501
15940,1128,33.93597,-116.57794,-1.2225759433993229
15941,1128,33.65,-117.009,-1.5560159112329646
15942,1128,34.10618,-118.45505,-1.007574691463917
15943,1128,32.999,-116.942,-0.6086457653566931
15944,1128,34.88303,-117.99106,0.0161328327904197
15945,1128,34.72832,-119.98803,0.1616185465065032
15946,1128,33.71264,-118.29381,-1.2824549116542516
15947,1128,33.8717,-117.92251,1.6789131809143247
15948,1128,33.1537,-117.22921,-0.7186031750956943
15949,1128,35.30177,-116.80574,0.1558204915162765
15950,1128,34.8294,-116.335,-0.0094954148057631
15951,1128,33.7141,-116.7119,-1.7446926030213878
15952,1128,33.86889,-118.33143,-0.3524372518186363
15953,1128,34.00033,-118.37794,0.3923066069682379
15954,1128,35.13066,-115.18416,-0.117076846836703
15955,1128,34.30529,-118.48805,1.6369929015618807
15956,1128,33.9753,-118.14918,1.4170291371747747
15957,1128,34.10819,-119.06587,1.0989418564625584
15958,1128,34.61594,-117.82493,1.5063508332062865
15959,1128,33.684,-117.943,-0.3284300348803527
15960,1128,35.47954,-117.68212,0.5688762473626862
15961,1128,33.881,-118.176,0.9817348086945878
15962,1128,34.3656,-117.36683,-0.799363509341138
15963,1128,33.3516,-116.5615,-0.3922146661710015
15964,1128,34.005,-117.562,0.0814673893155712
15965,1128,33.808,-116.968,-0.6004646321363474
15966,1128,34.22362,-118.05832,0.3212485490096711
15967,1128,33.788,-117.844,0.2858180692787235
15968,1128,33.94539,-117.92372,1.5139405889444577
15969,1128,32.608,-116.93,0.4375380562227182
15970,1128,34.1484,-118.1711,-1.3972925299600722
15972,1128,33.96273,-118.43702,0.1379910811302526
15973,1128,34.1207,-117.63808,-0.9018399487720568
15975,1128,33.354,-116.863,-1.4621189496811442
15976,1128,33.7953,-117.60906,0.1833491413032029
15977,1128,33.63,-116.8478,-0.5108136495533536
15979,1128,34.10473,-117.97956,-0.0314171151164202
15980,1128,33.74346,-118.40412,0.2209238730135377
15981,1128,34.87533,-116.99684,0.6550818470267911
15982,1128,33.97327,-117.32674,-0.3069626631885313
15983,1128,34.05073,-118.08085,-0.8036996289672045
15984,1128,33.99351,-117.37545,-1.903786848889796
15985,1128,33.70432,-117.88578,-0.5458372938555962
15986,1128,34.232,-117.235,-0.8811445155266848
15987,1128,33.553,-117.662,-1.4121575706170433
15988,1128,35.89095,-117.28332,1.5306792565274985
15989,1128,34.01438,-118.45617,-0.2350049703116778
15990,1128,34.05933,-118.64614,0.3932196310831599
15991,1128,33.829,-117.789,0.5709304766782134
15992,1128,34.30302,-119.18676,2.4887634672820944
15993,1128,33.664,-117.769,-1.339079682559274
15994,1128,34.38203,-117.67822,0.6965743272124173
15995,1128,34.08377,-118.599,0.5246374433015023
15996,1128,33.63495,-116.16402,-0.49128725672997
15997,1128,34.01919,-118.28631,-0.2585695577814091
15998,1128,34.48364,-118.11783,1.5066857368215183
15999,1128,34.00948,-117.95077,-0.1774589005359461
16001,1128,34.1717,-118.64971,3.4814370395690912
16033,1130,37.40701,-122.0946,-0.0895525561809563
16034,1130,37.54187,-122.30471,1.7912244701682525
16035,1130,37.66,-121.873,-0.8990453276224213
16036,1130,37.68,-121.739,-0.9847669025790192
16037,1130,37.40718,-122.00001,-1.822009961165585
16038,1130,37.27117,-121.98617,-0.1773329499729028
16039,1130,37.59268,-122.07449,1.2255940650440031
16040,1130,37.71737,-121.72701,-1.110193343349588
16041,1130,37.67928,-122.48405,1.63316814474663
16042,1130,37.91056,-122.53778,1.4793134688374097
16043,1130,38.03445,-122.27016,-1.3067501033372702
16044,1130,37.71633,-122.43117,1.124582894837845
16045,1130,37.72416,-122.44841,-0.2007594882723805
16046,1130,37.95397,-121.86554,-2.467770746451741
16047,1130,37.87622,-122.23558,-0.8984428908008919
16048,1130,37.91881,-122.15176,-1.1916519101590612
16049,1130,37.87352,-122.26099,-1.116018944337034
16050,1130,37.16346,-121.62645,-1.2976058418683905
16051,1130,37.85727,-122.42266,0.4277008043861359
16052,1130,37.45035,-121.80037,-0.7844681408048759
16053,1130,37.74766,-121.70843,1.8022595863433413
16054,1130,37.7294,-121.83346,1.5230438842801228
16055,1130,38.03455,-120.38651,-1.746174752540364
16056,1130,37.85884,-121.99264,1.0634944671984918
16057,1130,37.91233,-121.90716,-0.7549688037842301
16058,1130,38.02691,-122.01599,0.0806196791542245
16059,1130,37.34305,-122.33976,2.3091054247004474
16060,1130,37.31861,-122.15314,0.0709790535975863
16061,1130,37.17217,-122.01121,2.4491448189592577
16062,1130,37.04922,-121.80722,0.0858016970434813
16063,1130,37.36045,-122.18986,-0.4271018011873071
16064,1130,37.51604,-122.45815,0.8089785829381938
16065,1130,37.21427,-122.17168,1.8874928906780315
16066,1130,37.20631,-121.97726,0.9541602676106464
16067,1130,37.63719,-122.47482,0.320993182368582
16068,1130,37.2708,-122.21276,1.9137644656790287
16069,1130,37.19855,-122.34671,0.6580614957147833
16070,1130,37.40373,-122.23868,-0.8156668731840453
16071,1130,37.58225,-122.42006,1.0347265625391708
16072,1130,37.40372,-122.17596,0.0279253172252654
16073,1130,37.28397,-122.05017,0.2134955301268319
16074,1130,37.58644,-122.50217,1.2371423049957355
16075,1130,37.34164,-121.64257,-0.3019001568173317
16076,1130,38.28043,-122.21582,-1.1419952370130528
16077,1130,38.16488,-122.71296,-0.0241626072426742
16078,1130,38.07601,-122.2585,-0.7265286475308729
16079,1130,37.99642,-123.01949,-0.3227115889560225
16080,1130,38.2026,-121.9354,-1.6931324727989514
16081,1130,37.62211,-121.75697,-0.7542540346729861
20456,1130,37.69782,-123.0011,-1.0098829908818352
20457,1130,38.87874,-122.44277,-2.9840733638299963
20458,1130,39.55451,-121.50036,-2.294232106779848
20459,1130,37.008,-121.287,0.1481022611748772
20460,1130,35.945,-120.542,1.956911728064303
20461,1130,36.76403,-121.44722,-1.165684758553564
20462,1130,37.28744,-121.86422,-0.534049338821128
20463,1130,37.81647,-122.06302,0.4600882925316848
20464,1130,37.25898,-121.67311,-1.3280255633605147
20465,1130,37.9889,-122.2156,0.3102437370675456
20466,1130,37.94906,-122.40851,-0.7648946120333754
20467,1130,37.72416,-122.11929,0.7991170472414217
20468,1130,37.80787,-122.3618,-0.1176049171238388
20469,1130,37.12043,-122.1552,0.5272524098846565
20470,1130,37.51704,-122.37731,0.5232700172295877
20471,1130,37.67433,-122.39855,0.6156905541711443
20472,1130,37.16067,-121.89899,2.12013226504634
20473,1130,37.92144,-122.71806,0.8959499742304813
20474,1130,38.04962,-122.52331,1.0373539190294083
20475,1130,38.12282,-122.14921,-0.9244880298264574
20476,1130,37.75094,-122.49072,0.4641315543067872
20477,1130,37.76386,-122.4736,0.2811823865490364
20478,1130,37.762,-122.505,-0.1981563334726159
20479,1130,37.4748,-122.2392,-1.167348323193314
20480,1130,37.30249,-121.97978,-0.6070705731313222
20481,1130,37.26352,-121.91617,-0.8358430955050198
20482,1130,37.30143,-121.9039,-1.136000016419767
20483,1130,37.31816,-121.94354,0.1332707336170189
20484,1130,37.3066,-121.84915,-0.203731097660492
20485,1130,37.41702,-121.9154,-0.334227016050529
20486,1130,37.59094,-122.36741,1.2083834225070078
20487,1130,37.39415,-122.06041,-0.4034168341076543
20488,1130,37.376,-121.84367,-1.7391916866233517
20489,1130,37.45098,-122.4287,0.7257664257979067
20490,1130,37.7986,-122.2684,-0.2486255508545462
20491,1130,37.41395,-121.87085,0.1682325530057777
20492,1130,37.6806,-121.92098,0.4394985602114581
20493,1130,37.85835,-122.25252,0.7897556900028702
20494,1130,37.37418,-122.0781,-1.322779200512462
20495,1130,37.6444,-118.89683,0.3866309865868681
20496,1130,38.30988,-122.943,-0.0221979282621065
20497,1130,38.33656,-122.81082,0.8186608756036194
20498,1130,38.04248,-122.79684,0.9728773066652492
20499,1130,38.38921,-122.66297,-0.4103862945501243
16082,1131,33.63838,-116.4011,-1.4008097559378982
16083,1131,32.68005,-116.67215,0.2579054654119695
16084,1131,34.2623,-116.92075,-1.7715181061682563
16085,1131,33.921,-116.981,0.2222379617231094
16086,1131,33.57508,-117.26119,-0.9706264409742856
16088,1131,34.23883,-117.65853,-1.7292649607649604
16089,1131,34.069,-116.39,-0.2051435280194671
16090,1131,33.268,-116.417,0.9006536617729802
16091,1131,33.38822,-117.19495,0.1673415196163088
16094,1131,33.876,-117.561,0.5350815970591224
16095,1131,33.655,-115.99,0.9276640601107072
16096,1131,33.93597,-116.57794,0.2125875628997119
16097,1131,33.65,-117.009,-0.9689975253036002
16098,1131,33.567,-116.631,1.5847308482655622
16099,1131,32.999,-116.942,-0.3176928477704307
16100,1131,33.1537,-117.22921,0.074505450587371
16101,1131,34.8294,-116.335,0.0225765348034466
16102,1131,33.0859,-116.5959,1.0430763981695947
16103,1131,34.36622,-116.61266,-0.2893952320436182
16104,1131,33.597,-117.879,-1.3980056475199845
16105,1131,34.93439,-117.69629,-0.4571855591322648
16106,1131,34.3656,-117.36683,-0.9666707309646152
16108,1131,33.818,-116.369,0.6917474678229634
16109,1131,34.005,-117.562,-0.0261643326723939
16110,1131,33.808,-116.968,0.3349808937879648
16111,1131,34.22362,-118.05832,0.717230227510716
16112,1131,34.78035,-116.55798,-0.99058839113661
16113,1131,32.608,-116.93,0.8467956000555233
16114,1131,34.6145,-118.7235,-1.8595865411367003
16115,1131,34.1207,-117.63808,-0.2992363071041942
16116,1131,33.862,-117.205,-2.0889213628927057
16117,1131,33.82436,-116.51195,0.1563090645100202
16118,1131,33.354,-116.863,1.8060739167162432
16119,1131,33.74346,-118.40412,1.269528172475474
16120,1131,34.87533,-116.99684,-0.0630041907545656
16121,1131,33.973,-117.327,0.8059278011732348
16122,1131,33.97327,-117.32674,0.8127217455154454
16123,1131,34.05073,-118.08085,0.2928258233285089
16124,1131,33.99351,-117.37545,-2.212339855637305
16125,1131,33.2801,-115.98585,0.7061609444415621
16126,1131,34.232,-117.235,-0.7718510356017192
16127,1131,33.553,-117.662,-0.6737662628949113
16128,1131,32.784,-117.13805,0.3620883752142023
16130,1131,33.834,-116.797,1.9695512428033783
16131,1131,34.05933,-118.64614,-0.0869821554768824
16132,1131,33.664,-117.769,-0.6272894414475715
16133,1131,34.106,-117.098,0.3829320972693981
16134,1131,34.38203,-117.67822,0.0736490726690378
16135,1131,34.48364,-118.11783,1.6978575703553374
16136,1131,34.56065,-117.3296,1.1035035446722998
16137,1132,33.787,-118.356,-0.239640378145039
16138,1132,34.084,-118.6,-1.819364176775312
16139,1132,33.943,-118.411,0.1852822382011003
16140,1132,34.155,-118.641,-1.8172034925351648
16141,1132,34.14647,-118.76699,-1.2117184091999411
16142,1132,34.68708,-118.29946,0.2483989253586221
16143,1132,35.1269,-118.83009,-0.6271983857902352
16144,1132,34.2623,-116.92075,0.7251692436709739
16145,1132,33.80776,-117.98116,0.7674938648329205
16146,1132,33.38822,-117.19495,0.4430936405933344
16148,1132,33.4019,-118.41502,0.3589990153437672
16149,1132,34.25353,-118.33383,-0.1598877784008684
16150,1132,33.65,-117.009,0.4531510938929977
16151,1132,34.10618,-118.45505,-0.60280176209005
16153,1132,33.71264,-118.29381,-0.1821871545062121
16154,1132,33.1537,-117.22921,-0.5682940933479781
16155,1132,34.13677,-118.1283,-0.1074026376164173
16156,1132,33.86889,-118.33143,-0.9274259552644416
16157,1132,34.00033,-118.37794,-0.1229801086155071
16158,1132,34.9906,-118.34156,0.739347915906213
16159,1132,34.30529,-118.48805,-0.2676259845895862
16160,1132,33.9753,-118.14918,-0.5389506477935889
16161,1132,34.10819,-119.06587,-1.464768601304201
16162,1132,34.80762,-118.86775,-0.7496373893503847
16163,1132,33.684,-117.943,2.0403881309373952
16164,1132,34.93439,-117.69629,0.4908395373754862
16165,1132,34.3656,-117.36683,0.8899339710451094
16166,1132,34.22362,-118.05832,0.7939752373155221
16167,1132,34.53412,-120.17737,-0.6754971886129026
16168,1132,34.22869,-118.55829,0.1623400714187606
16169,1132,33.94539,-117.92372,0.7017595427355914
16170,1132,34.6145,-118.7235,-2.917797533955038
16171,1132,34.1484,-118.1711,-1.718702553468792
16172,1132,34.44199,-118.58215,0.270792391908735
16173,1132,33.96273,-118.43702,0.2909170704915371
16174,1132,34.1207,-117.63808,0.8243110030886461
16175,1132,34.281,-118.478,1.1037698941878409
16176,1132,33.74346,-118.40412,0.7503768646932529
16177,1132,34.87533,-116.99684,1.140668551764456
16178,1132,33.97327,-117.32674,1.5514564758990474
16179,1132,34.05073,-118.08085,1.540374729450625
16180,1132,33.99351,-117.37545,-0.5703542968527187
16183,1132,32.915,-118.4879,2.6617613721839195
16184,1132,33.99543,-119.6351,0.7388463935914789
16185,1132,33.553,-117.662,1.4690253005692524
16187,1132,34.43692,-119.1375,-1.9966668060085195
16188,1132,34.01438,-118.45617,-0.103619901279598
16189,1132,34.27091,-118.74407,-1.9849422021507188
16190,1132,33.24787,-119.52437,0.6601194939965466
16191,1132,34.05933,-118.64614,-0.7523203214530934
16192,1132,33.829,-117.789,0.4324335285362519
16193,1132,34.30302,-119.18676,-0.46428042557609
16194,1132,33.664,-117.769,0.7104507669755287
16195,1132,33.79033,-118.19878,-0.0166638888577116
16196,1132,34.106,-117.098,0.8276100568559652
16197,1132,34.38203,-117.67822,1.2958547630722297
16198,1132,34.15607,-118.82039,-2.6605492699787616
16199,1132,34.01919,-118.28631,-0.8656531689323487
16200,1132,34.48364,-118.11783,0.443232077643778
16201,1132,34.56065,-117.3296,1.4032659990755216
16202,1132,34.51085,-119.27407,-1.2883426963578246
16203,1132,34.00948,-117.95077,-0.1045907891049555
16204,1132,34.1717,-118.64971,-0.5834271423399363
16238,1134,33.1774,-115.616,-4.881192262848548
16239,1134,34.04905,-116.94032,-2.646059424437549
16240,1134,32.68005,-116.67215,-0.6374649634154763
16241,1134,34.2623,-116.92075,-0.4357857396193675
16242,1134,33.921,-116.981,0.5264230288611792
16245,1134,34.069,-116.39,-0.736411609750919
16246,1134,33.268,-116.417,-1.726819336429971
16248,1134,33.999,-117.68,-0.0616758103854239
16249,1134,33.655,-115.99,0.1101183029721304
16250,1134,34.63745,-115.38115,-0.3617843666876716
16251,1134,34.25353,-118.33383,0.5366140464922212
16252,1134,33.93597,-116.57794,-0.6241277423810145
16253,1134,33.65,-117.009,1.4866093341300444
16254,1134,33.567,-116.631,-0.063735603119146
16255,1134,32.999,-116.942,0.5118280456800255
16256,1134,32.65915,-116.10061,0.3548546063679748
16259,1134,33.11675,-115.82267,-0.3061456660600394
16260,1134,33.71264,-118.29381,-0.6582565779242061
16261,1134,33.051,-114.827,-0.6119322331206777
16263,1134,33.1537,-117.22921,-0.17133042007901
16264,1134,34.8294,-116.335,-0.9016464968446958
16266,1134,34.36622,-116.61266,0.0770215841199711
16267,1134,34.9906,-118.34156,0.3724854776956558
16268,1134,33.684,-117.943,1.073259123862205
16269,1134,34.3656,-117.36683,-0.3674062463304051
16271,1134,33.808,-116.968,1.5107554945889263
16272,1134,33.6,-117.195,1.9431789476113068
16273,1134,34.22362,-118.05832,0.469874327303526
16274,1134,34.76759,-114.61881,1.927433304675336
16275,1134,33.556,-115.946,0.2473015547677128
16276,1134,33.94539,-117.92372,1.832421666726928
16277,1134,32.608,-116.93,0.173611109295797
16278,1134,34.1207,-117.63808,0.9101048740165408
16279,1134,33.862,-117.205,-0.4011366336888486
16281,1134,33.354,-116.863,0.6068078767632766
16282,1134,33.7953,-117.60906,0.3336187495291612
16284,1134,33.824,-116.55,-1.174641819501654
16285,1134,34.09181,-117.80709,-0.9017600324126712
16286,1134,33.63,-116.8478,0.4887090787587458
16287,1134,33.74346,-118.40412,0.8479996147844184
16288,1134,33.97327,-117.32674,0.8799225352298613
16289,1134,33.99351,-117.37545,-0.9264499621598152
16290,1134,33.183,-115.623,-1.7668841564186737
16291,1134,33.2801,-115.98585,0.187575076581438
16293,1134,34.232,-117.235,-0.3492988713736761
16294,1134,33.553,-117.662,0.446168414894689
16295,1134,32.784,-117.13805,0.7363193174866866
16297,1134,32.9333,-115.7039,-1.1935718404752014
16298,1134,32.944,-115.718,-0.9290438352072984
16299,1134,33.834,-116.797,0.3334650757741579
16300,1134,34.05933,-118.64614,-0.3497314628142661
16301,1134,33.829,-117.789,0.6631279590910965
16302,1134,33.664,-117.769,0.7783335823800287
16303,1134,34.106,-117.098,1.0972963780940974
16304,1134,32.94508,-115.79988,-0.8747651568426588
16305,1134,34.38203,-117.67822,1.1627302427958504
16307,1134,34.48364,-118.11783,0.524803771755054
16308,1134,34.56065,-117.3296,0.1825887454853484
16309,1134,32.75904,-115.73161,0.1529504151262227
16310,1134,34.00948,-117.95077,0.314609977807784
16311,1135,34.3968,-119.299,-0.4110215550400188
16312,1135,34.68708,-118.29946,-0.6922556850745127
16313,1135,35.1269,-118.83009,-1.569735347954175
16314,1135,34.2623,-116.92075,-0.2436400036443011
16315,1135,34.23883,-117.65853,-0.1417117963544253
16316,1135,34.68224,-118.57398,1.0936768005363335
16317,1135,33.38822,-117.19495,-0.5162055532670853
16318,1135,35.30819,-119.84583,-0.4967164819354447
16319,1135,36.5504,-117.80295,1.0784938641858497
16321,1135,33.4019,-118.41502,-0.9395617666026932
16322,1135,36.43988,-118.08016,0.7969541249281876
16323,1135,34.25353,-118.33383,0.1342944864454757
16324,1135,33.65,-117.009,-0.5951514221522909
16325,1135,34.10618,-118.45505,0.3892449128065086
16326,1135,33.567,-116.631,0.4578180653163286
16328,1135,34.72832,-119.98803,-1.5233837322510888
16329,1135,33.71264,-118.29381,-0.6535448273519439
16330,1135,33.1537,-117.22921,-1.5075768842743844
16331,1135,35.66278,-118.47403,0.1572197661054862
16332,1135,33.86889,-118.33143,0.7225615746842605
16333,1135,34.73551,-120.27996,0.7616371421979492
16334,1135,34.9906,-118.34156,0.4318863170870089
16335,1135,34.30529,-118.48805,1.3879032882068616
16336,1135,34.10819,-119.06587,-1.2541063251425992
16337,1135,34.80762,-118.86775,-0.26557167330795
16338,1135,34.93439,-117.69629,-0.4382532138286334
16339,1135,34.3656,-117.36683,-0.4571634310242286
16340,1135,34.005,-117.562,-0.0255883325373805
16341,1135,34.28085,-118.9049,-0.360906352846166
16342,1135,34.81258,-119.1453,0.6103931330486594
16343,1135,34.88848,-119.81362,0.321085262603706
16344,1135,33.6,-117.195,2.2592348798776483
16345,1135,34.53412,-120.17737,0.4489963698039372
16346,1135,33.94539,-117.92372,0.586389690427721
16347,1135,34.6145,-118.7235,-1.0101092629910997
16348,1135,34.44199,-118.58215,-0.3170075337992398
16349,1135,34.1207,-117.63808,0.6514166413915756
16350,1135,35.40773,-120.54556,1.4520647787381196
16351,1135,35.945,-120.542,-1.4616234559109582
16352,1135,34.09181,-117.80709,0.0479056178513003
16353,1135,34.39558,-118.49837,-0.5340328658219841
16354,1135,36.30523,-119.24384,0.3100692618525459
16355,1135,34.281,-118.478,0.6334852782128787
16356,1135,34.10473,-117.97956,0.3347134441193756
16357,1135,33.74346,-118.40412,1.577073537956542
16358,1135,34.05073,-118.08085,0.139275035802675
16359,1135,33.99351,-117.37545,-1.049614884926376
16361,1135,34.44076,-119.71492,0.3640194827203588
16362,1135,33.99543,-119.6351,0.5229854093205348
16363,1135,34.43692,-119.1375,0.1161072300084103
16364,1135,34.293,-119.1646,-1.3265660951714524
16365,1135,35.3142,-119.99581,-0.3685030183419657
16366,1135,34.05933,-118.64614,0.0053195998934403
16368,1135,33.829,-117.789,-0.0567735164617433
16369,1135,34.30302,-119.18676,0.0631140561493722
16370,1135,34.106,-117.098,0.2051154985819733
16371,1135,34.52775,-119.97834,-0.1572119658797866
16372,1135,34.38203,-117.67822,0.9196451722746176
16374,1135,35.14592,-119.41946,-0.7814853134255471
16375,1135,34.48364,-118.11783,0.3022170173759687
16376,1135,35.84089,-119.08469,-0.7874055716196288
16377,1135,35.53664,-118.14035,-0.2565344443445479
16378,1135,34.51085,-119.27407,-0.98989166966535
16379,1135,34.00948,-117.95077,1.2318799990539593
16380,1135,34.1717,-118.64971,0.1167273422390616
16397,1137,37.27117,-121.98617,-1.0093752935786908
16398,1137,37.67928,-122.48405,-0.3994812353838767
16399,1137,38.03445,-122.27016,0.8130265470232053
16400,1137,37.86059,-122.29327,0.0599018943625532
16401,1137,37.85835,-122.25252,1.0622280509579105
16402,1137,37.87622,-122.23558,0.8659102425231956
16403,1137,37.91881,-122.15176,1.803984513627164
16404,1137,37.87352,-122.26099,-0.5915479265988174
16405,1137,37.16346,-121.62645,-0.4455361691383225
16406,1137,37.85727,-122.42266,1.5018528387974646
16407,1137,37.45035,-121.80037,-0.9819729847304488
16408,1137,37.74766,-121.70843,0.8882343848563758
16409,1137,37.7294,-121.83346,0.8836806588541981
16410,1137,37.85884,-121.99264,0.6641635386895441
16411,1137,37.91233,-121.90716,1.0487586777182405
16412,1137,38.02691,-122.01599,0.2342320663870549
16413,1137,37.17217,-122.01121,1.6215717458876815
16414,1137,37.51604,-122.45815,-0.5187307239710638
16415,1137,37.21427,-122.17168,0.7488478410092284
16416,1137,37.20631,-121.97726,0.1656571727158968
16417,1137,37.63719,-122.47482,-1.2706371077534913
16418,1137,37.2708,-122.21276,0.1911335699745604
16419,1137,37.19855,-122.34671,-0.1887757884819167
16420,1137,37.40372,-122.17596,-0.9144384786662348
16421,1137,37.58644,-122.50217,-0.1965769508230931
16422,1137,38.30988,-122.943,0.7545645990452247
16423,1137,38.33656,-122.81082,1.603669019998961
16424,1137,38.28043,-122.21582,-0.0051136971852948
16425,1137,38.16488,-122.71296,-0.6690696335076733
16426,1137,38.6694,-122.6332,0.6539118916680343
16427,1137,38.07601,-122.2585,0.9725426127782824
20400,1137,38.03455,-120.38651,-1.0941008360435436
20401,1137,37.69782,-123.0011,-0.7825708541173678
20402,1137,38.99349,-123.07234,-3.4514094970605376
20403,1137,37.34164,-121.64257,-1.0286422889403586
20404,1137,38.87874,-122.44277,-0.7925018834713471
20405,1137,37.008,-121.287,0.1059020397811649
20406,1137,37.91608,-122.33607,-1.1183854185684718
20407,1137,36.76403,-121.44722,-1.932543049002897
20408,1137,37.81647,-122.06302,-0.7020055057764988
20409,1137,37.94906,-122.40851,0.4466852335552345
20410,1137,37.72416,-122.11929,0.2236742876922067
20411,1137,37.80787,-122.3618,1.7480656236426275
20412,1137,37.12043,-122.1552,-0.3206579171700837
20413,1137,37.51704,-122.37731,-0.9134387021429148
20414,1137,37.67433,-122.39855,-0.9941515953845328
20415,1137,37.16067,-121.89899,1.4456483441804602
20416,1137,38.12282,-122.14921,1.848927588786191
20417,1137,37.76021,-122.41524,0.009402256999659
20418,1137,37.77737,-122.39689,0.2183716970305576
20419,1137,37.75094,-122.49072,-0.0793092439114592
20420,1137,37.76386,-122.4736,0.2014615120838852
20421,1137,37.762,-122.505,-0.298114147197667
20422,1137,37.54187,-122.30471,-0.5587083483180728
20423,1137,37.74664,-122.38679,-0.6862111578477534
20424,1137,37.376,-121.84367,-1.4767311066970683
20425,1137,37.45098,-122.4287,-0.416811359824095
20426,1137,37.59268,-122.07449,0.1779092758979379
20427,1137,37.71737,-121.72701,-0.8406430247285736
20428,1137,37.91056,-122.53778,0.8794799767595354
20429,1137,37.88767,-122.29916,0.4126435240839878
20430,1137,37.74484,-122.40134,-1.0567732616832204
20431,1137,37.77934,-122.486,-0.1351771685771493
20432,1137,37.81076,-122.29252,-1.0513878244971202
20433,1137,37.8251,-122.27606,-0.3158310352374761
20434,1137,37.7986,-122.2684,-0.6778513030991715
20435,1137,37.41395,-121.87085,-0.9529503005199944
20436,1137,37.6806,-121.92098,-0.4856039556443952
20437,1137,37.34305,-122.33976,0.4150733976370496
20438,1137,37.15432,-121.73467,1.1267386651561313
20439,1137,37.58225,-122.42006,-0.1104120555959771
20440,1137,37.28397,-122.05017,-0.9962653780711392
20441,1137,37.65909,-118.97907,1.1375927269011847
20442,1137,38.43951,-122.25272,0.4886059241983937
20443,1137,38.46769,-122.89651,0.0952422111845428
20444,1137,38.15486,-121.80438,0.1146408872088525
20445,1137,38.04248,-122.79684,1.7055231384520655
16428,1138,37.75094,-122.49072,0.0855894353897431
16429,1138,37.54187,-122.30471,-0.3136208154243555
16430,1138,37.30143,-121.9039,-1.2382986667656737
16431,1138,37.68,-121.739,-0.7010375688630455
16432,1138,37.34655,-121.80774,-0.6146302358884792
16433,1138,37.27117,-121.98617,-1.122979770091106
16434,1138,37.67928,-122.48405,0.3459739501604479
16435,1138,37.91056,-122.53778,0.9858979971758778
16436,1138,38.03445,-122.27016,0.2580450033919975
16437,1138,37.71633,-122.43117,0.3052984559153507
16438,1138,37.7986,-122.2684,0.3080314579417663
16439,1138,37.6806,-121.92098,0.3442576069159237
16440,1138,37.86059,-122.29327,-0.9379564804121184
16441,1138,37.85835,-122.25252,0.4341613259330429
16442,1138,37.68873,-121.78351,0.5287447975992124
16443,1138,37.72688,-122.15092,-0.9897270329209488
16444,1138,37.8852,-122.03217,0.7132996653254763
16445,1138,37.94215,-121.93047,0.5250932848361176
16446,1138,38.01299,-122.13416,1.660448760530942
16447,1138,37.66666,-121.85715,0.0694715979860614
16448,1138,37.95397,-121.86554,-0.8621240252410426
16449,1138,37.91881,-122.15176,-0.3600483911334503
16450,1138,37.87352,-122.26099,-0.7654502416503028
16451,1138,37.16346,-121.62645,-0.5524197134868716
16452,1138,37.85727,-122.42266,0.5259557958835287
16453,1138,37.45035,-121.80037,-1.0113643935439796
16454,1138,37.74766,-121.70843,1.4224240630719425
16455,1138,37.7294,-121.83346,1.04029700294201
16456,1138,37.73786,-122.06486,1.3495576903148234
16457,1138,37.81041,-121.80272,1.2620319733814875
16458,1138,37.9889,-122.2156,1.4904044407630703
16459,1138,37.94906,-122.40851,0.0178907167810916
16460,1138,37.85884,-121.99264,2.3470324054168628
16461,1138,37.91233,-121.90716,1.2074289817478827
16462,1138,38.02691,-122.01599,0.675665818387078
16463,1138,37.62359,-121.83641,1.3461700668212953
16464,1138,38.34526,-122.4584,0.3404292158386615
16465,1138,37.80787,-122.3618,-0.6282688027318944
16466,1138,37.69782,-123.0011,0.2754657950054107
16467,1138,36.3887,-121.5514,-0.8190050251370491
16468,1138,37.34305,-122.33976,0.8397648662764947
16469,1138,37.31861,-122.15314,-1.6310100326449553
16470,1138,37.17217,-122.01121,1.99815116246624
16471,1138,37.36045,-122.18986,-0.9818962294837108
16472,1138,37.51604,-122.45815,-0.1568864523838399
16473,1138,37.21427,-122.17168,1.0828623490146043
16474,1138,37.20631,-121.97726,0.0421109833030222
16475,1138,37.15432,-121.73467,1.4213767933632435
16476,1138,37.63719,-122.47482,0.7136768074154182
16477,1138,37.2708,-122.21276,0.14050769142155
16478,1138,37.79499,-122.4746,0.4961018122056819
16479,1138,37.19855,-122.34671,0.6523172072111043
16480,1138,37.58225,-122.42006,2.331962522088654
16481,1138,37.40372,-122.17596,-0.8714395801057903
16482,1138,37.58644,-122.50217,0.5635373225226333
16483,1138,37.16067,-121.89899,0.2395963137831624
16484,1138,38.14478,-122.88018,0.337247259455549
16485,1138,37.34164,-121.64257,-0.8802495345045408
16486,1138,38.87874,-122.44277,-1.0053016673168635
16487,1138,38.43951,-122.25272,0.509197617066608
16488,1138,37.92144,-122.71806,0.2305835575486087
16489,1138,38.26021,-122.55179,-0.3888345779583792
16490,1138,38.00198,-122.47466,0.0282490890259422
16491,1138,38.30988,-122.943,0.4826103392180643
16492,1138,38.33656,-122.81082,1.7274955606363966
16493,1138,38.46769,-122.89651,0.2294095923660292
16494,1138,38.28043,-122.21582,0.143722952965153
16495,1138,38.04962,-122.52331,0.9423023282135676
16496,1138,38.16488,-122.71296,-0.1181911013131012
16497,1138,38.12282,-122.14921,1.484198084096687
16498,1138,38.07601,-122.2585,1.2311162146371617
16499,1138,38.04248,-122.79684,1.3017405847766497
16500,1138,37.99642,-123.01949,0.7540204782022562
16501,1138,37.92371,-122.59649,-0.6569137845105438
16502,1138,38.14361,-122.44969,-0.6159686887266304
16503,1138,38.24039,-122.79842,-0.3316438666549101
16504,1138,38.38921,-122.66297,0.235461413056114
16505,1138,37.91608,-122.33607,-0.6218928869619801
16506,1138,37.28744,-121.86422,-0.2560396527647071
16507,1138,37.62211,-121.75697,-0.2096267556819935
21368,1138,38.03455,-120.38651,-1.2495990208978376
21369,1138,36.68011,-119.02282,-0.7337404873164781
21370,1138,38.99349,-123.07234,-3.753260121390521
21371,1138,39.55451,-121.50036,-1.261707551058877
21372,1138,37.008,-121.287,0.4869534141278605
21373,1138,35.945,-120.542,-2.6106735694393817
21374,1138,37.81647,-122.06302,0.0110361414387029
21375,1138,37.72416,-122.11929,0.7593139909067889
21376,1138,37.51704,-122.37731,-0.8715991812065121
21377,1138,37.67433,-122.39855,0.0096745961043609
21378,1138,38.233,-122.636,0.4446640437634903
21379,1138,37.76021,-122.41524,-0.1580486552300469
21380,1138,37.76386,-122.4736,0.7758190500594627
21381,1138,37.762,-122.505,-0.118429106002971
21382,1138,37.4748,-122.2392,-0.6530086974527534
21383,1138,37.26352,-121.91617,-1.5148422853051249
21384,1138,37.31816,-121.94354,-1.1807616279597393
21385,1138,37.59094,-122.36741,0.2741995402336245
21386,1138,37.74664,-122.38679,-0.355288499681987
21387,1138,37.376,-121.84367,-1.845947940177341
21388,1138,37.59268,-122.07449,-1.01939012110651
21389,1138,37.71737,-121.72701,-0.4953691940602877
21390,1138,37.74484,-122.40134,-0.9678379337374572
21391,1138,37.81076,-122.29252,-0.651361944030877
21392,1138,37.8251,-122.27606,-0.3203465769736672
21393,1138,37.41395,-121.87085,-0.8178615282266964
21394,1138,38.29027,-122.46125,-0.2198468025258698
21395,1138,37.37289,-121.76887,-0.8601608638221904
21396,1138,37.12043,-122.1552,-0.5515655073056257
21397,1138,38.15486,-121.80438,-1.2043109657606637
21398,1138,38.20025,-122.4644,0.4954399656182146
16508,1139,34.68708,-118.29946,-0.6299820504031888
16509,1139,35.1269,-118.83009,-1.1652668826676684
16510,1139,33.921,-116.981,0.28884804563332
16512,1139,33.268,-116.417,-0.1504930119200825
16513,1139,34.68224,-118.57398,0.7082475427677785
16514,1139,33.38822,-117.19495,1.93724189420109
16515,1139,35.52495,-117.36453,0.6722446384146643
16517,1139,33.999,-117.68,-0.9342234709569278
16518,1139,33.4019,-118.41502,0.9300899098734818
16519,1139,34.093,-117.317,1.4266216921251982
16520,1139,33.876,-117.561,0.0836468052188417
16521,1139,33.655,-115.99,0.2804160584182036
16522,1139,34.25353,-118.33383,1.3371518094056838
16523,1139,33.65,-117.009,0.1198830580227132
16524,1139,34.10618,-118.45505,-1.0384745425320652
16525,1139,33.567,-116.631,0.1864204424108948
16526,1139,32.999,-116.942,-0.0442142277491885
16529,1139,33.71264,-118.29381,-0.5569632284154313
16530,1139,34.1,-117.439,0.3040900923710558
16531,1139,33.1537,-117.22921,-0.3935001117873994
16532,1139,35.30177,-116.80574,-0.0467246382062566
16533,1139,34.8294,-116.335,0.1092796107785763
16534,1139,33.0859,-116.5959,0.8339594124816868
16535,1139,34.36622,-116.61266,-0.2194084372937893
16536,1139,34.9906,-118.34156,-0.8321187887543684
16537,1139,34.80762,-118.86775,0.1427005237493659
16538,1139,33.684,-117.943,0.1333375582257166
16539,1139,35.47954,-117.68212,0.2564356868650479
16540,1139,34.3656,-117.36683,-1.0494767415213233
16541,1139,34.005,-117.562,-0.0931516483270339
16542,1139,33.6,-117.195,3.451867413050885
16543,1139,34.22362,-118.05832,-0.1333435004323019
16544,1139,33.94539,-117.92372,1.3128936164634126
16545,1139,34.1484,-118.1711,-1.3433501171146056
16546,1139,34.1207,-117.63808,-0.9073863912819228
16547,1139,33.862,-117.205,-0.4534943501050428
16549,1139,33.354,-116.863,-0.7287228569641747
16550,1139,33.7953,-117.60906,-0.1017941745718454
16551,1139,34.09181,-117.80709,-1.3425463210690491
16552,1139,33.63,-116.8478,-0.193926862554242
16553,1139,33.74346,-118.40412,1.23322425894091
16554,1139,34.87533,-116.99684,0.3082431709718503
16555,1139,33.973,-117.327,0.0374902117531729
16556,1139,33.97327,-117.32674,-0.3195487428080352
16557,1139,33.99351,-117.37545,-0.6484310795261296
16559,1139,33.553,-117.662,-1.083618066391842
16561,1139,35.89095,-117.28332,1.1576313485918572
16562,1139,33.834,-116.797,-0.0298775711791098
16563,1139,33.829,-117.789,-0.2332186867525741
16564,1139,33.664,-117.769,-1.122140272829267
16565,1139,34.38203,-117.67822,0.1421288055534986
16567,1139,34.48364,-118.11783,-0.6921849493944205
16568,1140,34.224,-117.331,-0.6463073410950363
16569,1140,34.037,-118.178,1.194209086586944
16570,1140,34.04905,-116.94032,-2.638238673358132
16571,1140,34.55046,-117.43391,0.3583674847156137
16572,1140,34.68708,-118.29946,0.6786384843278218
16573,1140,35.1269,-118.83009,0.3204986814311389
16574,1140,32.68005,-116.67215,1.3762051196529377
16575,1140,34.2623,-116.92075,-0.6488527465724903
16576,1140,33.921,-116.981,-0.9308753543950394
16578,1140,34.23883,-117.65853,-1.4107537232595546
16579,1140,34.069,-116.39,-1.0980352255839818
16580,1140,33.268,-116.417,-1.1736401521162263
16581,1140,33.80776,-117.98116,-0.2244137716908947
16582,1140,34.68224,-118.57398,2.423849417819575
16583,1140,33.38822,-117.19495,1.0269094243037171
16584,1140,35.52495,-117.36453,0.0573868207301748
16586,1140,33.999,-117.68,-0.967928133615362
16587,1140,33.4019,-118.41502,0.34433748537519
16589,1140,34.093,-117.317,-0.1103244836874094
16590,1140,33.876,-117.561,0.3222806949715308
16591,1140,34.25353,-118.33383,1.040296195598415
16592,1140,33.93597,-116.57794,-0.1708296378987063
16593,1140,33.65,-117.009,0.848573528382688
16594,1140,34.10618,-118.45505,-0.846029831279456
16595,1140,33.567,-116.631,0.2272527663217321
16596,1140,32.999,-116.942,0.8753293540062629
16597,1140,32.65915,-116.10061,0.1431457505914644
16600,1140,33.71264,-118.29381,-1.0199538050083774
16601,1140,34.1,-117.439,-0.5750983873502193
16602,1140,33.8717,-117.92251,0.6419389186113444
16603,1140,33.1537,-117.22921,-0.1243935129744706
16604,1140,35.66278,-118.47403,-0.4393511222679667
16605,1140,33.0859,-116.5959,-0.2533798159870248
16606,1140,34.36622,-116.61266,0.4648214513623825
16607,1140,33.7141,-116.7119,-0.0479529855595978
16608,1140,33.798,-118.08837,0.9254094590333868
16609,1140,35.13066,-115.18416,0.0722410696414194
16610,1140,33.9753,-118.14918,-0.107577080965705
16611,1140,34.80762,-118.86775,0.0305393919813597
16612,1140,33.684,-117.943,-0.7147142415986651
16613,1140,34.93439,-117.69629,-5.30339694420214
16614,1140,35.47954,-117.68212,0.5962231577136216
16615,1140,34.3656,-117.36683,0.1453650697158288
16616,1140,33.3516,-116.5615,-0.5852949848863771
16618,1140,33.818,-116.369,-0.1644281681178221
16619,1140,34.005,-117.562,-0.9631062716931846
16620,1140,33.808,-116.968,0.8442610026577287
16621,1140,33.6,-117.195,3.445194548790717
16622,1140,34.22362,-118.05832,0.4818280928594394
16623,1140,33.94539,-117.92372,1.1256425754494588
16624,1140,32.608,-116.93,1.257732228729782
16625,1140,34.1484,-118.1711,-0.7256055271303913
16626,1140,34.1207,-117.63808,-0.1114892717386021
16627,1140,33.862,-117.205,-0.2487694243827704
16629,1140,33.354,-116.863,-0.8068195249811613
16630,1140,33.7953,-117.60906,0.3187875303146592
16632,1140,33.824,-116.55,-1.359783219355761
16633,1140,34.09181,-117.80709,-0.0599733709502289
16634,1140,33.63,-116.8478,0.3832019123561713
16635,1140,34.281,-118.478,1.759881333775199
16636,1140,33.74346,-118.40412,0.1293877430288744
16637,1140,34.87533,-116.99684,0.9123648953888585
16638,1140,34.05073,-118.08085,-0.4950711502763976
16639,1140,33.99351,-117.37545,-0.5252339710520093
16641,1140,34.232,-117.235,-0.1330063321584952
16642,1140,32.915,-118.4879,0.7363283277075511
16643,1140,33.553,-117.662,-1.0082482842100051
16645,1140,33.834,-116.797,0.0747444693439688
16646,1140,34.01438,-118.45617,-0.4013118162346907
16647,1140,32.841,-117.248,0.5249521895820872
16648,1140,34.05933,-118.64614,0.1966688651778085
16650,1140,33.829,-117.789,-0.5514219689956519
16651,1140,34.30302,-119.18676,1.0530093577659123
16652,1140,33.664,-117.769,-1.6783094168253587
16653,1140,34.106,-117.098,0.6940526111566881
16654,1140,34.38203,-117.67822,0.4152243487251472
16656,1140,34.15607,-118.82039,-1.735865056403007
16658,1140,34.48364,-118.11783,1.7611947715123606
16659,1140,35.53664,-118.14035,1.0160388487370895
16660,1140,34.00948,-117.95077,-0.4413344195351155
16806,1145,34.55046,-117.43391,0.005682584415601
16807,1145,33.63838,-116.4011,-0.2644985860135278
16808,1145,32.68005,-116.67215,0.6254360258655043
16809,1145,34.2623,-116.92075,-1.02348460559628
16810,1145,33.921,-116.981,0.0406342328039523
16812,1145,34.23883,-117.65853,-2.4561924325108944
16813,1145,34.069,-116.39,1.082971965082774
16814,1145,33.268,-116.417,-0.4008729475984091
16815,1145,33.38822,-117.19495,0.4359832482084455
16817,1145,33.655,-115.99,1.5520748852102622
16818,1145,33.93597,-116.57794,1.1498039904768411
16819,1145,33.65,-117.009,-0.4780342798088674
16820,1145,33.567,-116.631,-0.1523073291760577
16822,1145,33.1537,-117.22921,0.288830184987763
16823,1145,35.30177,-116.80574,-0.3407598524890787
16824,1145,34.8294,-116.335,0.4347848874647456
16826,1145,34.9906,-118.34156,2.145800147694274
16827,1145,34.93439,-117.69629,-0.4609488305580536
16828,1145,35.47954,-117.68212,-0.0048876639039378
16829,1145,34.3656,-117.36683,-0.2264984835321294
16831,1145,34.22362,-118.05832,-0.27770873226964
16832,1145,34.78035,-116.55798,1.1171379047716876
16833,1145,33.94539,-117.92372,0.058603469174585
16834,1145,34.6145,-118.7235,-1.4368887527829837
16835,1145,34.1484,-118.1711,-1.4160094779916463
16836,1145,34.1207,-117.63808,-1.4069535031910791
16837,1145,33.862,-117.205,0.5859369687327871
16839,1145,33.354,-116.863,-0.1072699096691724
16840,1145,33.7953,-117.60906,0.4849870928978964
16841,1145,33.63,-116.8478,-0.6045727206203837
16842,1145,34.87533,-116.99684,-0.7709116769491
16843,1145,33.97327,-117.32674,0.4670306359520405
16844,1145,33.99351,-117.37545,-1.6652377377802134
16845,1145,33.2801,-115.98585,1.6909039508988797
16846,1145,34.232,-117.235,-0.8343410797149636
16847,1145,33.553,-117.662,-0.1783427648367634
16849,1145,35.89095,-117.28332,1.075440170026153
16850,1145,33.834,-116.797,-0.4823785119747827
16851,1145,33.829,-117.789,-0.1514596457893179
16852,1145,32.94508,-115.79988,0.8284201556782612
16853,1145,34.38203,-117.67822,0.9472384327405784
16856,1145,35.53664,-118.14035,1.2697482273452068
16857,1146,34.04905,-116.94032,-3.5920589062723214
16858,1146,34.55046,-117.43391,-0.9582936465463232
16859,1146,34.68708,-118.29946,-1.0151950113720596
16860,1146,35.1269,-118.83009,-0.5232142072709208
16861,1146,32.68005,-116.67215,1.8579396411932565
16862,1146,34.2623,-116.92075,0.1021112095965689
16864,1146,34.069,-116.39,-0.4225587875411981
16865,1146,34.68224,-118.57398,0.791270911172149
16866,1146,33.38822,-117.19495,1.4678881948289002
16868,1146,33.999,-117.68,-1.465463138665708
16869,1146,33.4019,-118.41502,0.8457442059568828
16871,1146,34.25353,-118.33383,-0.1458210567408793
16872,1146,33.65,-117.009,0.2255202437366743
16873,1146,34.10618,-118.45505,-1.288572474364046
16874,1146,33.567,-116.631,1.443707894819345
16877,1146,33.71264,-118.29381,0.2820063488271388
16878,1146,33.1537,-117.22921,-0.1392639868558135
16879,1146,35.30177,-116.80574,-0.14159996207596
16880,1146,34.8294,-116.335,1.2288885060807262
16882,1146,35.66278,-118.47403,-0.870724871362744
16883,1146,34.36622,-116.61266,-0.0333940911677203
16884,1146,35.13066,-115.18416,0.7376592506465257
16885,1146,34.9906,-118.34156,1.0241515804127097
16886,1146,34.80762,-118.86775,0.7989607561014065
16887,1146,34.93439,-117.69629,-6.705166313435252
16888,1146,35.47954,-117.68212,0.3608876931673396
16889,1146,34.3656,-117.36683,0.1231225873046654
16891,1146,34.005,-117.562,0.1112941260132555
16892,1146,33.808,-116.968,0.0893899127972079
16893,1146,33.6,-117.195,2.4918623682536545
16894,1146,34.22362,-118.05832,-0.8582945957576665
16895,1146,34.78035,-116.55798,0.7185709396400094
16896,1146,33.94539,-117.92372,1.1566715517862296
16897,1146,34.6145,-118.7235,-1.0452491069574237
16898,1146,34.1207,-117.63808,-0.117662409975089
16899,1146,33.862,-117.205,-0.8140425039969684
16901,1146,33.354,-116.863,0.5422473135205876
16902,1146,33.7953,-117.60906,-0.533766040154622
16904,1146,34.09181,-117.80709,-0.1306981299589659
16905,1146,33.63,-116.8478,0.1059965905587857
16906,1146,33.74346,-118.40412,1.631530977398457
16907,1146,34.87533,-116.99684,0.2193252849820296
16908,1146,33.97327,-117.32674,0.1409121481269137
16909,1146,34.05073,-118.08085,-0.8320657794410719
16910,1146,33.99351,-117.37545,-1.3118589727267154
16912,1146,34.232,-117.235,-0.6908662593749189
16914,1146,35.89095,-117.28332,0.5810711160582462
16915,1146,33.834,-116.797,0.0177362785144222
16916,1146,34.05933,-118.64614,0.0233221732078488
16917,1146,33.829,-117.789,0.1842961744456565
16918,1146,34.30302,-119.18676,1.957929882017899
16919,1146,33.664,-117.769,-1.3955428940485817
16920,1146,34.106,-117.098,0.2794902970309061
16921,1146,34.38203,-117.67822,0.7798160678777935
16924,1146,34.48364,-118.11783,0.0267226745363939
16925,1146,34.56065,-117.3296,-0.2380330263308793
16926,1146,35.53664,-118.14035,0.883988649540574
16927,1146,34.00948,-117.95077,1.4425774038272012
17064,1151,33.63838,-116.4011,-0.984365350752244
17065,1151,32.68005,-116.67215,-0.2820207578581605
17066,1151,34.2623,-116.92075,-1.3379677858132015
17067,1151,33.921,-116.981,0.6308333256710499
17070,1151,34.069,-116.39,0.0032020705094218
17072,1151,35.52495,-117.36453,1.5946141872424824
17074,1151,33.655,-115.99,0.4287149145704288
17075,1151,34.63745,-115.38115,-0.0432955647844069
17076,1151,33.93597,-116.57794,-0.4867765660104102
17077,1151,33.65,-117.009,-1.129711489210244
17078,1151,34.10618,-118.45505,0.2135416987834262
17079,1151,33.567,-116.631,0.1770234190639487
17080,1151,33.051,-114.827,1.857907249111251
17081,1151,33.1537,-117.22921,-0.8396144044531891
17082,1151,35.30177,-116.80574,-0.2858263200076226
17083,1151,34.8294,-116.335,0.6224313711300316
17085,1151,33.0859,-116.5959,0.0452068806552534
17086,1151,34.36622,-116.61266,0.3701242256541279
17087,1151,35.13066,-115.18416,-0.6992893067248787
17088,1151,34.9906,-118.34156,1.2018392965982307
17089,1151,34.93439,-117.69629,-0.8865291076706013
17090,1151,34.3656,-117.36683,0.0547061511046231
17092,1151,33.818,-116.369,0.1442998811685011
17093,1151,36.05799,-117.48901,-0.0439541137311625
17095,1151,34.78035,-116.55798,-0.9709553813410288
17096,1151,33.94539,-117.92372,1.175558410769651
17097,1151,34.6145,-118.7235,-1.3335431059626333
17098,1151,34.1484,-118.1711,-0.4250326761266482
17099,1151,33.82436,-116.51195,-0.302083393839779
17100,1151,34.87533,-116.99684,-0.2046082272913494
17101,1151,33.99351,-117.37545,-0.6065294254175689
17102,1151,33.553,-117.662,-0.3151677488374025
17104,1151,35.89095,-117.28332,2.059468055444635
17105,1151,33.834,-116.797,-0.1018932465303538
17106,1151,34.05933,-118.64614,0.0740328402475225
17107,1151,33.664,-117.769,-0.0311841765970015
17108,1151,34.106,-117.098,0.2856145400371206
17109,1151,34.38203,-117.67822,1.3161850122761052
17111,1151,33.63495,-116.16402,0.3617420056830179
17113,1151,34.48364,-118.11783,-0.2744502694874171
17114,1151,34.56065,-117.3296,-0.1096767905284269
17115,1151,34.00948,-117.95077,0.7754498436839486
17116,1152,34.55046,-117.43391,-0.0684896287243587
17117,1152,34.68708,-118.29946,-0.2961512811158046
17118,1152,34.2623,-116.92075,-2.578332933194586e-05
17120,1152,34.23883,-117.65853,0.2227103894062653
17121,1152,34.069,-116.39,-0.4247698215775057
17122,1152,33.80776,-117.98116,0.5511289427401413
17123,1152,34.68224,-118.57398,0.9791521153908762
17125,1152,33.38822,-117.19495,1.5544772338432464
17126,1152,35.52495,-117.36453,0.7231821469866433
17128,1152,33.999,-117.68,-1.727970629018794
17129,1152,33.4019,-118.41502,0.2488791225576815
17130,1152,33.876,-117.561,-0.4331340868854898
17131,1152,33.655,-115.99,0.8829691645551995
17132,1152,33.93597,-116.57794,-0.3204939256064823
17133,1152,33.65,-117.009,-0.1226209412444086
17134,1152,34.10618,-118.45505,-2.1697231536626105
17135,1152,33.84822,-118.09624,0.0322997885645711
17136,1152,33.567,-116.631,1.4172646600088663
17137,1152,32.999,-116.942,1.101823698243949
17138,1152,34.88303,-117.99106,0.0304844129201149
17140,1152,33.71264,-118.29381,-1.442746670040222
17141,1152,34.1,-117.439,0.0527352760505369
17142,1152,33.8717,-117.92251,-0.9132858857852396
17143,1152,33.1537,-117.22921,0.5059276532886244
17144,1152,34.13677,-118.1283,1.7936033540835996
17145,1152,35.30177,-116.80574,0.5612272796210247
17146,1152,34.8294,-116.335,1.2008382817178525
17147,1152,34.31076,-118.49675,1.25982785982447
17148,1152,33.0859,-116.5959,0.4302102532534289
17149,1152,34.36622,-116.61266,1.120630437160707
17150,1152,34.15037,-118.10156,-0.0561113892196283
17151,1152,33.597,-117.879,-2.6398387355133406
17152,1152,33.86889,-118.33143,-1.164703571999201
17153,1152,34.9906,-118.34156,0.8153455261164921
17154,1152,34.30529,-118.48805,0.7309878545053403
17155,1152,33.9753,-118.14918,-1.0119410004912468
17156,1152,34.80762,-118.86775,0.7830003767867288
17157,1152,33.684,-117.943,-0.2950478683094922
17158,1152,34.93439,-117.69629,-0.0634385519629305
17159,1152,35.47954,-117.68212,0.3428893983331261
17160,1152,33.881,-118.176,0.0283507076448746
17161,1152,34.3656,-117.36683,-0.5947638618854996
17162,1152,33.3516,-116.5615,0.2695070380357635
17164,1152,34.28085,-118.9049,-0.1487681866829023
17165,1152,34.88848,-119.81362,-0.6782899004488534
17166,1152,33.808,-116.968,1.5329550220708252
17167,1152,34.22362,-118.05832,0.7459698871278714
17168,1152,33.94539,-117.92372,0.8358171039490134
17169,1152,32.608,-116.93,2.102096950362941
17170,1152,34.6145,-118.7235,-0.9699354377875012
17171,1152,34.1484,-118.1711,-0.1480910562318947
17172,1152,34.44199,-118.58215,0.190570088940856
17173,1152,33.96273,-118.43702,-0.8905917969569273
17174,1152,34.1207,-117.63808,-0.7401928446967938
17175,1152,33.862,-117.205,-0.4329642411575747
17176,1152,33.7953,-117.60906,-0.915291591589456
17177,1152,34.281,-118.478,1.6009580538519192
17178,1152,34.10473,-117.97956,-0.8819074066669343
17179,1152,33.74346,-118.40412,-0.6174204933157063
17180,1152,34.87533,-116.99684,1.217560055098322
17181,1152,33.973,-117.327,-0.7227022619083358
17182,1152,33.97327,-117.32674,-0.8549350719425466
17183,1152,34.05073,-118.08085,-0.1645767614760557
17184,1152,33.99351,-117.37545,-1.8781801251365555
17185,1152,33.2801,-115.98585,0.3321558228003863
17186,1152,34.232,-117.235,-1.0612257962698155
17187,1152,32.915,-118.4879,-0.1787594950640056
17188,1152,33.553,-117.662,-0.5598489477089817
17189,1152,32.784,-117.13805,1.646761250427937
17191,1152,33.834,-116.797,0.2271163178762089
17192,1152,34.01438,-118.45617,-1.11926279586775
17193,1152,34.05933,-118.64614,-0.8335800192598308
17194,1152,33.829,-117.789,-1.085816725854443
17195,1152,33.664,-117.769,-1.7414245551562637
17196,1152,34.106,-117.098,-0.2044253234050963
17197,1152,34.38203,-117.67822,-0.4506109485566813
17199,1152,33.63495,-116.16402,0.5725075988704883
17200,1152,34.01919,-118.28631,-1.7306303325654329
17201,1152,34.48364,-118.11783,1.0274435305589094
17202,1152,34.56065,-117.3296,-0.3251890185275298
17203,1152,35.53664,-118.14035,0.7462049040221598
17204,1152,34.00948,-117.95077,-0.342091217498258
17205,1152,34.1717,-118.64971,1.804781133263484
17206,1152,33.94869,-118.25547,1.1871861512830326
17231,1154,34.224,-117.331,0.6091311006059508
17232,1154,34.04905,-116.94032,-3.352529111352838
17233,1154,34.55046,-117.43391,-0.9606651787283276
17234,1154,32.68005,-116.67215,-0.3454303141989431
17235,1154,34.2623,-116.92075,-0.2131029423556888
17236,1154,33.921,-116.981,0.4162716570756949
17238,1154,34.069,-116.39,-0.503980930950153
17239,1154,33.268,-116.417,-0.4941447177495365
17240,1154,33.38822,-117.19495,0.1265565783774986
17243,1154,34.093,-117.317,1.0449829886653623
17244,1154,33.655,-115.99,1.094691693582756
17245,1154,34.63745,-115.38115,0.9480171156162416
17246,1154,34.25353,-118.33383,0.4175291532800098
17247,1154,33.93597,-116.57794,0.6790177848990401
17248,1154,33.65,-117.009,-0.5086634471159077
17249,1154,33.567,-116.631,-0.117828108794065
17250,1154,32.999,-116.942,-0.6838600598935165
17254,1154,33.11675,-115.82267,0.4818293637309273
17255,1154,33.1537,-117.22921,0.0793681911947748
17256,1154,34.8294,-116.335,0.7229143682011727
17258,1154,33.0859,-116.5959,0.1298908771302541
17259,1154,35.98249,-117.80885,-0.011317175369482
17260,1154,34.36622,-116.61266,-0.1462619523657564
17261,1154,33.7141,-116.7119,-1.0792478078329328
17262,1154,35.13066,-115.18416,0.9094400600388632
17263,1154,34.9906,-118.34156,1.5571143714863842
17264,1154,33.684,-117.943,0.2885182091901649
17265,1154,34.93439,-117.69629,-5.852874432253421
17266,1154,34.3656,-117.36683,-1.7310912896190531
17267,1154,33.3516,-116.5615,-1.38118758807186
17269,1154,33.818,-116.369,0.3502850266270496
17270,1154,33.808,-116.968,-0.3469424886229088
17272,1154,33.6,-117.195,2.267032836223939
17273,1154,34.22362,-118.05832,0.4826782732487404
17275,1154,32.608,-116.93,-0.4859715135668623
17276,1154,34.6145,-118.7235,-1.7253578690331783
17277,1154,34.1207,-117.63808,-0.5199478248879181
17278,1154,33.862,-117.205,0.8380750561622409
17280,1154,33.354,-116.863,-0.7570401130664383
17281,1154,33.7953,-117.60906,1.001538469628445
17283,1154,33.824,-116.55,-1.1113969708271287
17284,1154,34.09181,-117.80709,-0.9361108636588218
17285,1154,33.63,-116.8478,-0.7814930088270808
17286,1154,34.87533,-116.99684,0.3498513142648596
17287,1154,33.973,-117.327,1.897832805340517
17288,1154,33.97327,-117.32674,1.9305909227913056
17289,1154,33.99351,-117.37545,0.1367334124967994
17290,1154,33.2801,-115.98585,1.9706088135777184
17292,1154,34.232,-117.235,-0.7147399882892006
17293,1154,33.553,-117.662,0.087747619033998
17294,1154,33.834,-116.797,-0.8046864693331578
17295,1154,34.01438,-118.45617,-0.1020810548099449
17296,1154,33.829,-117.789,-0.439951854181022
17297,1154,33.664,-117.769,-0.076191978873029
17298,1154,34.106,-117.098,1.9571291459830045
17299,1154,34.38203,-117.67822,-0.0996347684546441
17301,1154,34.56065,-117.3296,0.5029862418336616
17302,1154,32.75904,-115.73161,0.8025387569292625
17303,1154,34.00948,-117.95077,0.6333753312811596
17304,1154,34.1717,-118.64971,1.9072263086422847
17307,1156,34.04905,-116.94032,-2.214933138250258
17308,1156,32.68005,-116.67215,-0.7904567561181354
17309,1156,34.2623,-116.92075,-0.4749109341790095
17310,1156,33.921,-116.981,-0.8595520470388173
17313,1156,34.23883,-117.65853,-0.7809854207252838
17314,1156,34.069,-116.39,-0.8522331921768848
17315,1156,33.268,-116.417,-0.757742657147281
17316,1156,33.38822,-117.19495,-0.8604385019772586
17318,1156,33.655,-115.99,0.2988515450758447
17319,1156,34.25353,-118.33383,0.9063219168975228
17320,1156,33.93597,-116.57794,-0.2955088617190375
17321,1156,33.65,-117.009,-0.6442295925399344
17322,1156,33.567,-116.631,0.2612845752175647
17323,1156,32.999,-116.942,-0.4730278667684658
17325,1156,33.11675,-115.82267,0.2140469541548671
17326,1156,33.1537,-117.22921,-1.0284262347416906
17328,1156,33.0859,-116.5959,-0.9920324529781124
17329,1156,34.36622,-116.61266,-0.408537350600797
17331,1156,33.818,-116.369,1.425873893147265
17332,1156,33.6,-117.195,1.195032576070283
17333,1156,34.22362,-118.05832,1.6877583211399765
17334,1156,34.76759,-114.61881,1.5792376200961404
17335,1156,33.556,-115.946,-0.4456433929233958
17336,1156,33.94539,-117.92372,1.4243685643258637
17337,1156,32.608,-116.93,0.0719539164621219
17338,1156,34.1207,-117.63808,0.754655162987056
17339,1156,33.862,-117.205,0.0072905664793748
17341,1156,33.354,-116.863,-1.109707176845783
17342,1156,33.7953,-117.60906,0.7264486307258697
17344,1156,33.824,-116.55,-1.1902521400486008
17345,1156,34.09181,-117.80709,1.1082398573455936
17346,1156,33.63,-116.8478,1.228293730690979
17347,1156,33.97327,-117.32674,1.8703370565146409
17348,1156,33.99351,-117.37545,-0.958975083562544
17349,1156,33.183,-115.623,-2.342317578088928
17350,1156,33.2801,-115.98585,0.0149674576201538
17351,1156,33.553,-117.662,-0.3465589560238736
17353,1156,33.834,-116.797,0.7543012633853393
17354,1156,33.664,-117.769,-0.5074131377160654
17355,1156,34.106,-117.098,0.7779413987023366
17356,1156,32.94508,-115.79988,0.1233571569511465
17357,1156,34.38203,-117.67822,1.4411654201131583
17442,1160,37.16346,-121.62645,-2.636203205397387
17443,1160,37.34305,-122.33976,1.3193272816815125
17444,1160,37.04922,-121.80722,0.4434987414265317
17445,1160,36.92745,-121.82764,0.8095967624834906
17446,1160,37.36045,-122.18986,-0.3375869607195447
17447,1160,37.20631,-121.97726,0.4369960330728607
17448,1160,37.15432,-121.73467,0.3983646212062254
17449,1160,37.28744,-121.86422,0.0204142672954499
21125,1160,37.91881,-122.15176,-1.5122791386962418
21126,1160,37.87352,-122.26099,-1.916381250751605
21127,1160,38.03455,-120.38651,-0.0830683841958886
21128,1160,36.3887,-121.5514,1.3446905870920294
21129,1160,36.68011,-119.02282,-0.0509618020001818
21130,1160,38.14478,-122.88018,-0.4219986499770918
21131,1160,37.34164,-121.64257,-2.120989903001089
21132,1160,37.008,-121.287,1.155890497840127
21133,1160,35.945,-120.542,-0.9268391910546262
21134,1160,35.63597,-120.86984,0.2751255970488612
21135,1160,36.76403,-121.44722,-0.6044957554662047
21136,1160,37.25898,-121.67311,-0.3266781148831116
21137,1160,37.80787,-122.3618,1.2724178025949675
21138,1160,37.12043,-122.1552,0.2020462424948982
21139,1160,37.16067,-121.89899,2.231936808027672
21140,1160,37.40701,-122.0946,-0.9940750962256272
21141,1160,37.30249,-121.97978,-0.4988306562075492
21142,1160,37.26748,-121.86656,-1.3758258859196235
21143,1160,37.26352,-121.91617,-1.6186593971100416
21144,1160,37.30143,-121.9039,-1.035598441770026
21145,1160,37.31816,-121.94354,0.2098537896327149
21146,1160,37.41702,-121.9154,-0.6354195420732577
21147,1160,37.59094,-122.36741,0.7418669677850163
21148,1160,37.40718,-122.00001,-0.1831887069979195
21149,1160,37.39415,-122.06041,-0.5394749442269572
21150,1160,37.376,-121.84367,-2.026112340353309
21151,1160,37.27117,-121.98617,-0.8968677803924928
21152,1160,37.67928,-122.48405,1.8857982376213147
21153,1160,37.71633,-122.43117,1.90801420024386
21154,1160,37.37418,-122.0781,-0.4816378570791577
21155,1160,37.23294,-121.77186,-0.975912870133254
21156,1160,37.28537,-121.93602,-1.515371598246836
21160,1160,37.85727,-122.42266,1.6464110564803944
21161,1160,37.45035,-121.80037,-2.539087881944146
21162,1160,37.7294,-121.83346,-0.0462247846332885
21163,1160,37.37289,-121.76887,-1.3937061767109145
21164,1160,37.73786,-122.06486,1.3177737522820887
21165,1160,37.81041,-121.80272,-0.2710146518202669
21166,1160,37.85884,-121.99264,-0.2577830349694007
21167,1160,37.91233,-121.90716,-1.094757987899688
21170,1160,37.31861,-122.15314,-0.5832142370927397
21171,1160,37.17217,-122.01121,1.1878668803830643
21172,1160,37.51604,-122.45815,0.5395398407101356
21173,1160,37.21427,-122.17168,1.013545642214355
21174,1160,37.63719,-122.47482,-0.8918063939381093
21175,1160,37.2708,-122.21276,0.6905217104136264
21176,1160,37.79499,-122.4746,1.0769279011675297
21177,1160,37.19855,-122.34671,0.789404805192111
21178,1160,37.58225,-122.42006,1.0098454832740862
21179,1160,37.40372,-122.17596,0.5608060313888963
21180,1160,37.58644,-122.50217,-0.0941158311104196
21181,1160,37.6444,-118.89683,1.5836908392734173
21182,1160,37.65909,-118.97907,2.072602965015665
21183,1160,38.00198,-122.47466,1.2432956395477055
21184,1160,38.30988,-122.943,0.1664063230420374
21185,1160,38.33656,-122.81082,1.530348533568233
21186,1160,38.16488,-122.71296,-0.0408848073094086
21187,1160,37.92371,-122.59649,0.3706325022037433
21189,1160,35.40773,-120.54556,1.2245442540059277
21191,1160,36.2159,-120.80126,-1.251204702239885
17450,1161,36.61809,-121.31468,1.8043494764171089
17451,1161,36.82681,-121.64349,-0.0319141785102019
17452,1161,37.15432,-121.73467,1.975860675680104
17453,1161,37.2708,-122.21276,0.7502099471928679
17454,1161,37.19855,-122.34671,0.4223581642547699
17455,1161,37.008,-121.287,1.0171581497939466
17456,1161,35.63597,-120.86984,-0.9219061944000873
17457,1161,36.76403,-121.44722,-0.7912718997232752
17458,1161,37.28744,-121.86422,1.0223116876347738
20157,1161,37.91881,-122.15176,-2.181597643247683
20158,1161,37.87352,-122.26099,-3.00616897921111
20159,1161,38.03455,-120.38651,-1.7239278882990832
20160,1161,37.34164,-121.64257,-1.1621263415701748
20161,1161,35.945,-120.542,-1.9099511223395265
20162,1161,37.12043,-122.1552,0.7164522051458051
20163,1161,37.31816,-121.94354,1.201529037399456
20164,1161,37.39415,-122.06041,0.0563284446646689
20165,1161,37.27117,-121.98617,0.3691088050256033
20166,1161,37.45098,-122.4287,0.2893282670462026
20167,1161,37.91056,-122.53778,0.8274541808020914
20169,1161,37.41395,-121.87085,0.3011183874043137
20170,1161,37.23294,-121.77186,0.1010115913162476
20171,1161,37.28537,-121.93602,-0.462523172999169
20172,1161,36.88311,-121.3908,1.615875240375973
20173,1161,37.16346,-121.62645,-0.6650897151356177
20174,1161,37.85727,-122.42266,0.810549712006611
20175,1161,37.45035,-121.80037,-1.1549072976630803
20176,1161,37.7294,-121.83346,-0.6520328977722498
20177,1161,37.37289,-121.76887,-1.1367970417855484
20178,1161,37.73786,-122.06486,0.3858248976598014
20179,1161,37.0254,-121.4845,1.6578332733897791
20180,1161,37.34305,-122.33976,1.243967991300282
20181,1161,37.17217,-122.01121,2.04451004034278
20182,1161,37.04922,-121.80722,-0.0885188924114086
20183,1161,36.92745,-121.82764,-0.081642941719483
20184,1161,37.36045,-122.18986,-0.1519660273103911
20185,1161,37.51604,-122.45815,0.207108977760706
20186,1161,37.21427,-122.17168,1.379341405127385
20187,1161,37.20631,-121.97726,0.864557449708974
20188,1161,37.40372,-122.17596,0.7279597849070355
20189,1161,37.16067,-121.89899,1.3517085031111429
20190,1161,37.6444,-118.89683,0.8313736258918406
20191,1161,37.65909,-118.97907,1.0654012957964547
20192,1161,35.73065,-120.24986,-2.105571294415332
20193,1161,35.82404,-121.05393,-1.459847991842974
20194,1161,36.2159,-120.80126,-3.174230989564532
20195,1161,36.0688,-120.59618,-1.218052738098748
17475,1163,34.55046,-117.43391,-0.3071675816300639
17476,1163,32.68005,-116.67215,-0.0383958049215212
17477,1163,34.2623,-116.92075,-0.8388063897224382
17478,1163,33.921,-116.981,-0.0638613726772775
17480,1163,34.069,-116.39,-0.9953946133246856
17482,1163,33.268,-116.417,-1.0539735951959244
17483,1163,33.38822,-117.19495,0.9037913402882214
17484,1163,35.52495,-117.36453,0.9774391102217516
17487,1163,33.655,-115.99,-0.5716480071765505
17488,1163,34.25353,-118.33383,0.55904407569736
17489,1163,33.93597,-116.57794,0.2218812866006104
17490,1163,33.65,-117.009,0.3198534224588027
17491,1163,32.999,-116.942,-0.4048150350043965
17494,1163,33.11675,-115.82267,0.2132343671911984
17495,1163,33.051,-114.827,-0.0398950336146866
17497,1163,33.1537,-117.22921,-0.1032311501479669
17498,1163,35.30177,-116.80574,-0.0708753514000282
17499,1163,34.8294,-116.335,-0.9092563331494576
17500,1163,33.0859,-116.5959,-0.1403037686804395
17501,1163,34.36622,-116.61266,0.2902816367634623
17502,1163,35.13066,-115.18416,1.3638173588723883
17503,1163,34.9906,-118.34156,0.57386592917334
17504,1163,34.93439,-117.69629,-6.387257075972564
17505,1163,35.47954,-117.68212,0.6267740392718142
17506,1163,33.3516,-116.5615,-2.674807529805144
17508,1163,33.818,-116.369,-0.4465612749947366
17509,1163,33.808,-116.968,0.1808681839350012
17510,1163,33.6,-117.195,2.769755644197921
17511,1163,34.22362,-118.05832,1.0559162085046216
17512,1163,33.556,-115.946,-1.235911532693544
17513,1163,33.94539,-117.92372,1.0098893262252062
17515,1163,33.354,-116.863,-0.3990955438896265
17516,1163,33.7953,-117.60906,0.8348527417768649
17518,1163,33.824,-116.55,0.2235488317013933
17519,1163,33.63,-116.8478,0.4065169034592086
17520,1163,34.87533,-116.99684,-0.2732381016605544
17521,1163,33.973,-117.327,0.2207134811408421
17522,1163,33.97327,-117.32674,0.0659381323531159
17523,1163,33.99351,-117.37545,-0.97010077074459
17524,1163,33.2801,-115.98585,1.6460931221357833
17525,1163,34.232,-117.235,-1.1540498627106035
17526,1163,33.553,-117.662,0.5522799498283671
17528,1163,35.89095,-117.28332,2.028963657029367
17529,1163,33.834,-116.797,0.9363581265497564
17530,1163,33.829,-117.789,0.6048216099566159
17531,1163,33.664,-117.769,-0.1982619837591241
17532,1163,34.106,-117.098,-0.3482648620639832
17533,1163,34.38203,-117.67822,0.5252036822465138
17535,1163,34.56065,-117.3296,0.1030227091038975
17553,1166,34.14647,-118.76699,0.4469763500060117
17554,1166,34.68708,-118.29946,-0.6264685641926098
17555,1166,34.23883,-117.65853,-0.8979282376651245
17556,1166,34.68224,-118.57398,0.1235043617694225
17559,1166,33.4019,-118.41502,0.5712954435218819
17560,1166,34.25353,-118.33383,1.061626732810193
17561,1166,34.10618,-118.45505,-0.5853976069795395
17562,1166,33.567,-116.631,0.8850094409443255
17564,1166,34.72832,-119.98803,0.1605045875525253
17565,1166,33.71264,-118.29381,0.2990128345784769
17566,1166,33.86889,-118.33143,0.6981397637095276
17567,1166,34.00033,-118.37794,0.3126628191003369
17568,1166,34.9906,-118.34156,-0.989270884486751
17569,1166,34.30529,-118.48805,-0.8596824264791227
17570,1166,34.80762,-118.86775,-0.9623279368791636
17571,1166,34.93439,-117.69629,0.7372580597162056
17572,1166,34.28085,-118.9049,1.162745506153931
17573,1166,34.81258,-119.1453,-1.3425129255356227
17574,1166,34.22362,-118.05832,0.6495625060725416
17575,1166,34.22869,-118.55829,0.4437845274620866
17576,1166,33.94539,-117.92372,1.1014651377726712
17577,1166,34.6145,-118.7235,-2.798179021126991
17578,1166,34.1484,-118.1711,-1.793265270919464
17579,1166,34.44199,-118.58215,0.8489128171410858
17580,1166,33.96273,-118.43702,-0.657415178380559
17581,1166,33.7953,-117.60906,1.3217582359902014
17582,1166,33.63,-116.8478,0.7671562592358364
17583,1166,34.281,-118.478,-0.201270000162451
17584,1166,33.74346,-118.40412,1.807487083334561
17585,1166,33.99351,-117.37545,-0.9795634326522518
17586,1166,33.99543,-119.6351,-0.0276354291879725
17587,1166,34.01438,-118.45617,-0.9010170289311966
17588,1166,34.05933,-118.64614,-1.5558559827087657
17589,1166,33.829,-117.789,0.846770122576192
17590,1166,34.30302,-119.18676,0.6824237420666471
17591,1166,34.106,-117.098,0.9039019135897594
17592,1166,34.38203,-117.67822,0.3833495185603017
17593,1166,34.08377,-118.599,-0.6787292185138678
17595,1166,34.15607,-118.82039,0.1762718305504976
17596,1166,34.01919,-118.28631,-0.3219861370787918
17597,1166,34.48364,-118.11783,0.1436844739489565
17598,1166,34.51085,-119.27407,-1.2525879568505132
17599,1166,34.1717,-118.64971,1.5748977737520569
17702,1170,37.76021,-122.41524,0.829879441907742
17703,1170,37.762,-122.505,0.9929627359805548
17704,1170,37.67928,-122.48405,1.7821214525844848
17705,1170,37.91056,-122.53778,0.2187869899511605
17706,1170,37.88767,-122.29916,0.5775646673604611
17707,1170,38.03445,-122.27016,0.8109741964067804
17708,1170,37.74484,-122.40134,0.2840472260313426
17709,1170,37.7986,-122.2684,0.022023407142976
17710,1170,37.86059,-122.29327,-0.0937393950902799
17711,1170,37.85835,-122.25252,0.291414193832324
17712,1170,38.01299,-122.13416,0.8189801966749726
17713,1170,37.87622,-122.23558,-2.4613782426920072
17715,1170,37.87352,-122.26099,-2.1749306840957527
17716,1170,37.85727,-122.42266,0.5707117394470913
17717,1170,37.73786,-122.06486,0.2971129660060169
17718,1170,37.81041,-121.80272,0.6549820047328717
17719,1170,37.85884,-121.99264,-0.517495924449932
17720,1170,37.91233,-121.90716,-0.2082351639963248
17721,1170,38.02691,-122.01599,0.8786465261933839
17722,1170,38.34526,-122.4584,-0.7550054691769363
17723,1170,37.34305,-122.33976,0.9984468668325986
17724,1170,37.36045,-122.18986,0.7980781167166775
17725,1170,37.21427,-122.17168,2.103965768554648
17726,1170,37.20631,-121.97726,1.151931912915057
17727,1170,37.63719,-122.47482,0.1888705767221111
17728,1170,37.79499,-122.4746,1.24692076549052
17729,1170,37.58225,-122.42006,1.0309752022319223
17730,1170,37.40372,-122.17596,-0.9369889361131516
17731,1170,38.00198,-122.47466,-0.7515462299941216
17732,1170,38.16488,-122.71296,-0.7717812707109515
17733,1170,38.07601,-122.2585,0.1542572786089116
17734,1170,38.04248,-122.79684,1.1192673936604391
17735,1170,37.92371,-122.59649,-1.5718518831332011
17736,1170,38.24039,-122.79842,-0.3985087965019947
17737,1170,37.91608,-122.33607,-0.6997138026359737
19957,1170,38.03455,-120.38651,-1.0941196743390469
19958,1170,37.69782,-123.0011,-0.4004190393083496
19959,1170,36.3887,-121.5514,0.0475455490840177
19960,1170,38.14478,-122.88018,0.1073689806692567
19961,1170,37.34164,-121.64257,0.0111454216371085
19962,1170,38.87874,-122.44277,-2.7080906966962046
19963,1170,37.28744,-121.86422,0.5495511844519775
19964,1170,37.81647,-122.06302,-1.426463495490779
19965,1170,37.9889,-122.2156,-0.1812070043824171
19966,1170,37.94906,-122.40851,-0.5348952749112961
19967,1170,37.72416,-122.11929,0.0430909974316034
19968,1170,37.80787,-122.3618,1.876194270770782
19969,1170,37.12043,-122.1552,0.5462688833572931
19970,1170,37.67433,-122.39855,-0.6470010358073248
19971,1170,37.16067,-121.89899,2.721790131918876
19972,1170,37.92144,-122.71806,-0.0462281675428338
19973,1170,38.04962,-122.52331,0.36169993555127
19974,1170,38.20025,-122.4644,0.0454738251098271
19975,1170,38.233,-122.636,1.1274542759078248
19976,1170,37.77737,-122.39689,1.5956608345393697
19977,1170,37.76386,-122.4736,1.006238404258165
19978,1170,37.40701,-122.0946,-1.4314818933333129
19979,1170,37.68,-121.739,-1.2793920424144256
19980,1170,37.59094,-122.36741,-0.5264770010329368
19981,1170,37.74766,-122.42528,0.2585837618218545
19982,1170,37.40718,-122.00001,-1.5270211153417896
19983,1170,37.74664,-122.38679,0.619506666805397
19984,1170,37.39415,-122.06041,-0.3441179820933902
19985,1170,37.376,-121.84367,0.3580362773438478
19986,1170,37.27117,-121.98617,0.2461204923614088
19987,1170,37.45098,-122.4287,-0.2243492592504048
19988,1170,37.59268,-122.07449,-0.2712029982160632
19989,1170,37.71737,-121.72701,-1.84164110510212
19990,1170,37.77934,-122.486,0.8586667744664412
19991,1170,37.71633,-122.43117,0.9734334028102122
19992,1170,37.81076,-122.29252,-0.5151443781943047
19993,1170,37.8251,-122.27606,-0.4756316936081591
19994,1170,37.72416,-122.44841,-0.173753214302011
19995,1170,38.29027,-122.46125,-1.1731610859601
19996,1170,37.37418,-122.0781,-1.4748983506347952
19997,1170,37.69169,-122.16982,0.1493083805980886
19998,1170,37.68873,-121.78351,-1.1155726152735383
19999,1170,37.72688,-122.15092,-0.4366723718727471
20000,1170,37.8852,-122.03217,0.0535401054973062
20001,1170,37.94215,-121.93047,-0.2584490500212952
20002,1170,37.16346,-121.62645,0.0360587126250502
20003,1170,37.45035,-121.80037,-1.830255786739756
20004,1170,37.74766,-121.70843,-0.8081907490249447
20005,1170,37.7294,-121.83346,-0.4133230429645263
20006,1170,37.37289,-121.76887,-0.7415721385539609
20007,1170,37.31861,-122.15314,-0.0231780964755786
20008,1170,37.17217,-122.01121,2.598456505457184
20009,1170,37.04922,-121.80722,-0.1306490528979687
20010,1170,36.92745,-121.82764,0.1481294700689852
20011,1170,37.51604,-122.45815,-0.5443902601638383
20012,1170,37.15432,-121.73467,1.1962968626022903
20013,1170,37.2708,-122.21276,1.4318595103961718
20014,1170,37.19855,-122.34671,-0.0416388079756559
20015,1170,37.58644,-122.50217,1.076442462293817
20016,1170,38.43951,-122.25272,-0.6097676056008974
20017,1170,38.26021,-122.55179,-0.9001377128014345
20018,1170,38.30988,-122.943,1.857101323261354
20019,1170,38.33656,-122.81082,2.4640639999608087
20020,1170,38.46769,-122.89651,0.4186676713951866
20021,1170,38.28043,-122.21582,-1.703196580385179
20022,1170,38.15486,-121.80438,-1.1582385255324217
20023,1170,37.99642,-123.01949,-0.7165917349455501
20024,1170,38.14361,-122.44969,-1.2668770006171726
20025,1170,38.38921,-122.66297,0.2043108311193488
17890,1178,34.68708,-118.29946,-1.3315494370152483
17891,1178,35.1269,-118.83009,-1.488208978061921
17892,1178,34.2623,-116.92075,0.2952700537501094
17893,1178,34.94009,-119.41313,-0.0626376806850358
17896,1178,34.23883,-117.65853,-1.0365196974017372
17897,1178,34.069,-116.39,0.2900130678638782
17899,1178,34.68224,-118.57398,0.4809849734217878
17900,1178,35.30819,-119.84583,0.9851675484180692
17901,1178,35.52495,-117.36453,0.8727681785023624
17902,1178,36.5504,-117.80295,0.4319571491144909
17905,1178,38.03455,-120.38651,0.9002948781122502
17906,1178,36.43988,-118.08016,-0.8463208101330759
17907,1178,34.25353,-118.33383,0.458143935306721
17909,1178,34.10618,-118.45505,-0.8310397429981301
17912,1178,34.72832,-119.98803,-0.0465517708925183
17917,1178,35.30177,-116.80574,-0.2091185292516151
17918,1178,34.8294,-116.335,1.118586419079021
17919,1178,35.66278,-118.47403,-1.158430836894219
17921,1178,35.98249,-117.80885,1.259628438149044
17922,1178,34.36622,-116.61266,0.6109884122199674
17923,1178,35.13066,-115.18416,-0.204490981824825
17924,1178,34.9906,-118.34156,-0.0742656142492094
17925,1178,34.80762,-118.86775,-0.9506265928965209
17926,1178,35.47954,-117.68212,-0.301012438054936
17928,1178,37.63227,-119.07935,-0.0163941376714721
17930,1178,37.63019,-118.83605,0.0856060312215368
17932,1178,34.28085,-118.9049,-0.2553603551766239
17933,1178,36.05799,-117.48901,-0.9892982219321108
17934,1178,34.88848,-119.81362,0.119543789981071
17935,1178,34.039,-116.648,2.762081365430587
17938,1178,34.22362,-118.05832,0.6213704252652786
17939,1178,34.78035,-116.55798,0.1434590113770646
17940,1178,34.53412,-120.17737,-0.3410984061317954
17941,1178,33.94539,-117.92372,-0.3728585938895291
17943,1178,34.6145,-118.7235,-2.291440034474216
17944,1178,36.38562,-117.85973,-2.1150502276571586
17945,1178,35.40773,-120.54556,1.2019590173388728
17947,1178,33.7953,-117.60906,1.1409989427450615
17949,1178,34.09181,-117.80709,-0.1713734001041371
17951,1178,34.87533,-116.99684,-0.0549997099542975
17952,1178,33.99351,-117.37545,-1.9562312942236944
17955,1178,34.44076,-119.71492,-0.2267685226918074
17957,1178,34.43692,-119.1375,-1.5290732521220527
17958,1178,35.8996,-116.27515,0.8864362774064902
17959,1178,35.89095,-117.28332,0.7539906080100602
17961,1178,35.3142,-119.99581,-0.4241400019813812
17963,1178,35.01108,-120.40997,-0.0646280556408754
17964,1178,34.035,-116.808,0.2743268111104795
17965,1178,34.05933,-118.64614,-0.4985595624644882
17967,1178,33.829,-117.789,0.9363975624612296
17968,1178,34.30302,-119.18676,-0.3113319832328339
17970,1178,34.106,-117.098,1.3300662255946305
17971,1178,34.52775,-119.97834,0.1442071341813049
17972,1178,34.38203,-117.67822,1.301119952141291
17973,1178,35.14592,-119.41946,0.316856342223059
17974,1178,37.05422,-118.23009,0.5402477139712146
17977,1178,34.48364,-118.11783,0.8454718794963211
17978,1178,35.84089,-119.08469,-0.2912871869730831
17979,1178,35.53664,-118.14035,1.379173716634701
17980,1178,34.51085,-119.27407,-1.3242199743971437
17982,1178,36.601,-118.06,0.5807167296336941
17983,1178,36.279,-118.007,0.0494573643005923
18051,1186,35.263,-119.815,2.690776086924328
18052,1186,34.55046,-117.43391,-0.0888511942711751
18053,1186,34.68708,-118.29946,-1.4904182942835098
18054,1186,35.1269,-118.83009,-0.5515332710900145
18055,1186,35.34444,-119.10445,0.237858592606095
18056,1186,34.2623,-116.92075,0.4820221375245114
18057,1186,33.921,-116.981,-0.3040869543151505
18059,1186,34.94009,-119.41313,-0.0240484538159822
18061,1186,34.23883,-117.65853,-1.7012648240910888
18062,1186,34.069,-116.39,0.127483655547945
18064,1186,34.68224,-118.57398,0.7233252537947523
18066,1186,35.30819,-119.84583,0.5736615113059245
18067,1186,35.52495,-117.36453,0.9493689396566264
18068,1186,36.5504,-117.80295,0.7785996615917417
18069,1186,33.999,-117.68,-0.8351363636221488
18072,1186,38.03455,-120.38651,2.2387132805149563
18074,1186,36.43988,-118.08016,0.6614016617369998
18075,1186,34.63745,-115.38115,0.4919214790604383
18076,1186,34.25353,-118.33383,-0.1863296932664818
18077,1186,33.93597,-116.57794,0.1082293904654804
18078,1186,34.10618,-118.45505,-0.9178039194117706
18082,1186,34.094,-116.936,0.8457798950744644
18083,1186,34.72832,-119.98803,-0.2658470463847687
18084,1186,36.46719,-116.86322,0.0881688143438317
18088,1186,36.99608,-117.36621,0.675301980301085
18089,1186,35.30177,-116.80574,-0.3252063438151244
18090,1186,34.8294,-116.335,0.314648537528101
18091,1186,35.66278,-118.47403,-1.696968911545791
18092,1186,35.98249,-117.80885,0.3810163150489337
18093,1186,34.36622,-116.61266,0.1576562054760558
18094,1186,34.73551,-120.27996,0.7119534033906467
18095,1186,35.13066,-115.18416,0.0558797076537902
18096,1186,34.9906,-118.34156,0.3572010509299253
18097,1186,34.30529,-118.48805,0.5056558585910527
18098,1186,34.10819,-119.06587,-0.3758651704781214
18099,1186,34.80762,-118.86775,0.0507223724167691
18100,1186,34.93439,-117.69629,-1.4601531569296782
18101,1186,35.47954,-117.68212,-1.426014070446048
18103,1186,37.63227,-119.07935,0.5392513277199121
18105,1186,37.63019,-118.83605,0.3885054792787252
18106,1186,34.005,-117.562,-0.5462397364089955
18107,1186,34.28085,-118.9049,-0.0538313712497564
18108,1186,34.81258,-119.1453,-1.2348601462164963
18109,1186,36.05799,-117.48901,-1.304501960123425
18110,1186,34.88848,-119.81362,0.2472906548517643
18111,1186,34.039,-116.648,2.313619142982636
18112,1186,33.808,-116.968,0.55466740921501
18115,1186,34.22362,-118.05832,0.0339549691090338
18116,1186,34.78035,-116.55798,-0.664121477022537
18117,1186,34.53412,-120.17737,0.0049517999473266
18118,1186,34.6145,-118.7235,-1.2700074804529338
18119,1186,34.44199,-118.58215,-0.5619070961116062
18121,1186,34.1207,-117.63808,-0.9314687411452032
18123,1186,35.40773,-120.54556,0.7295247161466111
18127,1186,34.09181,-117.80709,-1.0239924399233913
18128,1186,36.30523,-119.24384,-0.1764962340770074
18130,1186,34.10473,-117.97956,-0.6768650603918711
18131,1186,33.74346,-118.40412,-0.6115897305199254
18132,1186,34.87533,-116.99684,-0.5277467147067679
18133,1186,33.99351,-117.37545,-2.02292554698979
18136,1186,34.44076,-119.71492,0.4749699466051604
18137,1186,34.232,-117.235,-0.5487898042413781
18139,1186,34.43692,-119.1375,-1.5504874264530368
18140,1186,35.8996,-116.27515,0.6372723504446536
18141,1186,35.89095,-117.28332,1.0437730818577988
18142,1186,35.3142,-119.99581,-0.6480022307049378
18143,1186,34.035,-116.808,-0.5547390200599852
18144,1186,34.05933,-118.64614,-0.7732811721793855
18146,1186,33.829,-117.789,-0.2168995680215086
18147,1186,34.30302,-119.18676,0.124342428508539
18149,1186,34.106,-117.098,0.2203941541960217
18150,1186,34.52775,-119.97834,1.0334947862728057
18151,1186,34.38203,-117.67822,0.4615109450223563
18153,1186,35.14592,-119.41946,0.6396557989819789
18154,1186,37.05422,-118.23009,-0.1021891696121584
18156,1186,34.48364,-118.11783,0.2498569472261787
18157,1186,35.84089,-119.08469,-0.0286830559545213
18158,1186,35.53664,-118.14035,1.0308374907497009
18159,1186,34.51085,-119.27407,-1.3646220725427636
18160,1186,34.00948,-117.95077,0.1366364275061627
18162,1186,36.80179,-118.20398,-0.2244641642392444
18164,1186,36.601,-118.06,0.5691624463899936
18165,1186,36.279,-118.007,0.6796267897632146
18239,1190,35.1269,-118.83009,-1.060598136221405
18240,1190,35.34444,-119.10445,0.8728027217301476
18241,1190,34.2623,-116.92075,-0.1199072771655945
18242,1190,34.94009,-119.41313,0.5569642127897982
18243,1190,34.68224,-118.57398,0.3757353660093541
18244,1190,35.30819,-119.84583,1.558404106492379
18245,1190,35.52495,-117.36453,-0.0017225201734126
18246,1190,36.5504,-117.80295,-0.7615498633573456
18248,1190,38.03455,-120.38651,1.8853260492212072
18249,1190,34.25353,-118.33383,-0.3825835129792006
18253,1190,36.46719,-116.86322,-1.5966043953131743
18256,1190,36.99608,-117.36621,-1.6393740754837305
18257,1190,35.30177,-116.80574,-1.088834951574734
18258,1190,34.8294,-116.335,0.2867582191764862
18259,1190,35.66278,-118.47403,-0.8762434572058608
18260,1190,35.98249,-117.80885,0.4088859987819287
18261,1190,34.36622,-116.61266,-0.218814186211474
18262,1190,34.73551,-120.27996,1.509022395181915
18263,1190,35.13066,-115.18416,-1.812898611670637
18264,1190,34.9906,-118.34156,-0.6629605984329751
18265,1190,34.80762,-118.86775,-0.070228661858479
18266,1190,37.63227,-119.07935,1.2660770367186498
18267,1190,37.63019,-118.83605,1.7637715559521037
18268,1190,36.05799,-117.48901,-1.0613437232289222
18269,1190,34.88848,-119.81362,0.9551102943606752
18270,1190,34.039,-116.648,1.923085052676583
18271,1190,34.78035,-116.55798,-1.0189829412814388
18272,1190,34.53412,-120.17737,0.4755521468213042
18274,1190,34.6145,-118.7235,-2.2465711088524407
18275,1190,35.40773,-120.54556,1.8313797608251632
18276,1190,33.7953,-117.60906,0.2115351579297758
18277,1190,34.09181,-117.80709,-1.0921447830369533
18278,1190,36.30523,-119.24384,0.5409093552666757
18279,1190,34.87533,-116.99684,-0.7487958769403029
18281,1190,34.44076,-119.71492,0.0563715313860582
18282,1190,35.8996,-116.27515,-1.019153287638696
18283,1190,35.89095,-117.28332,0.3145724560920535
18284,1190,35.3142,-119.99581,-0.1711734737940282
18285,1190,34.035,-116.808,-0.5494308115265282
18288,1190,34.52775,-119.97834,0.8356128991618293
18290,1190,35.14592,-119.41946,0.7361847061352992
18291,1190,37.05422,-118.23009,1.2346042819107663
18293,1190,34.48364,-118.11783,-0.0211228150777701
18294,1190,35.84089,-119.08469,0.1628095757632076
18295,1190,35.53664,-118.14035,0.2600353509051842
18296,1190,34.51085,-119.27407,-0.7660855244376591
18298,1190,36.80179,-118.20398,0.5963535567838841
18299,1190,36.601,-118.06,0.1929190619097733
18300,1190,36.279,-118.007,0.2193805595842811
18565,1215,37.68,-121.739,0.0944177760778495
18566,1215,37.41702,-121.9154,0.2768646017030677
18567,1215,37.59094,-122.36741,0.0939317117785609
18568,1215,37.34655,-121.80774,-0.976170324317566
18569,1215,37.40718,-122.00001,-0.362739897936122
18570,1215,37.39415,-122.06041,-0.6127188963665877
18571,1215,37.376,-121.84367,-1.4621603709032622
18572,1215,37.71737,-121.72701,-0.6674796229111082
18573,1215,37.67928,-122.48405,1.3375426750580532
18574,1215,37.41395,-121.87085,-0.3417965836714496
18575,1215,37.85835,-122.25252,-0.1568423628756252
18576,1215,37.36408,-122.01817,-0.506213612586891
18577,1215,37.28537,-121.93602,-0.3404225408495185
18578,1215,37.35834,-121.97775,-0.6058470331757085
18579,1215,37.91881,-122.15176,-1.7556113378427325
18580,1215,37.16346,-121.62645,-1.4229142227846523
18581,1215,37.85727,-122.42266,1.335953194228744
18582,1215,37.45035,-121.80037,-0.1956199126105963
18583,1215,37.7294,-121.83346,-0.1856632055827535
18584,1215,37.73786,-122.06486,0.476988673682614
18585,1215,38.03455,-120.38651,-0.9829789277538684
18586,1215,37.81041,-121.80272,0.5352871088206733
18587,1215,37.69782,-123.0011,-1.3545175802155422
18588,1215,36.3887,-121.5514,0.0836013662015587
18589,1215,37.34305,-122.33976,1.1338071612479057
18590,1215,37.17217,-122.01121,1.3634005529928384
18591,1215,37.36045,-122.18986,-0.4818974400667954
18592,1215,37.20631,-121.97726,1.0542021191575317
18593,1215,37.15432,-121.73467,-0.6770575757689926
18594,1215,37.63719,-122.47482,-0.561649328242591
18595,1215,37.79499,-122.4746,0.8720816157774397
18596,1215,37.19855,-122.34671,1.3780024657544496
18597,1215,37.58225,-122.42006,0.4900177855987468
18598,1215,37.40372,-122.17596,-0.2690962780336228
18599,1215,37.58644,-122.50217,0.6889191666962636
18600,1215,37.34164,-121.64257,-0.3868966724184676
18601,1215,38.00198,-122.47466,1.866873579073573
18602,1215,38.07601,-122.2585,0.7963491696267581
18603,1215,37.008,-121.287,0.65683109065335
18604,1215,37.28744,-121.86422,0.960648261681448
18605,1215,37.62211,-121.75697,-0.8598819806699887
18606,1216,37.68,-121.739,-1.0523525530261406
18607,1216,37.41702,-121.9154,0.0530568041417482
18608,1216,37.34655,-121.80774,-0.9921175117670992
18609,1216,37.40718,-122.00001,-1.441437742534801
18610,1216,37.39415,-122.06041,0.876711561990008
18611,1216,37.27117,-121.98617,-0.4033406051609641
18612,1216,37.67928,-122.48405,0.6563982014148829
18613,1216,37.71633,-122.43117,0.6992233342783537
18614,1216,37.41395,-121.87085,0.8447316077997029
18615,1216,37.36408,-122.01817,0.2436553459078431
18616,1216,37.42549,-122.07772,-1.356602229244204
18617,1216,37.38332,-121.91088,1.7915078652090666
18618,1216,37.28537,-121.93602,0.3449311696558466
18619,1216,37.74766,-121.70843,1.0403856123944455
18620,1216,37.37289,-121.76887,0.0822068057936697
18621,1216,37.73786,-122.06486,0.1123267768679636
18622,1216,38.03455,-120.38651,-0.9308533579056884
18623,1216,37.9889,-122.2156,-0.1882943170465751
18624,1216,37.94906,-122.40851,0.181719480804963
18625,1216,37.91233,-121.90716,-0.2360424689029911
18626,1216,38.34526,-122.4584,-0.5672339208599003
18627,1216,37.0254,-121.4845,0.7529004446766981
18628,1216,37.34305,-122.33976,1.1838387083188513
18629,1216,37.31861,-122.15314,-0.5928241630750616
18630,1216,37.36045,-122.18986,-0.4701546903609181
18631,1216,37.51604,-122.45815,0.4797542470372636
18632,1216,37.21427,-122.17168,0.4180873851395682
18633,1216,37.20631,-121.97726,-0.5697880302468497
18634,1216,37.15432,-121.73467,0.7928405018233678
18635,1216,37.40373,-122.23868,-1.893607993122431
18636,1216,37.58225,-122.42006,0.1057577572896507
18637,1216,37.40372,-122.17596,-0.5050800797072712
18638,1216,37.58644,-122.50217,0.0091448420061005
18639,1216,37.16067,-121.89899,0.3359373384041812
18640,1216,37.34164,-121.64257,-0.8949085197449366
18641,1216,37.92144,-122.71806,0.0708594819846995
18642,1216,38.00198,-122.47466,0.4753108298575365
18643,1216,38.33656,-122.81082,1.1731014104365949
18644,1216,38.16488,-122.71296,0.2314918033776897
18645,1216,37.92371,-122.59649,0.3118621942087152
18646,1216,37.008,-121.287,1.521174083453762
18647,1216,37.28744,-121.86422,0.0035104807635196
18648,1216,37.62211,-121.75697,-1.9668441797322904
18748,1221,37.54187,-122.30471,-0.0859595364839122
18749,1221,37.30249,-121.97978,-1.430845664933723
18750,1221,37.26748,-121.86656,0.7023206266230692
18751,1221,37.26352,-121.91617,-0.721794169871094
18752,1221,37.31816,-121.94354,-0.7925059413813955
18753,1221,37.3066,-121.84915,0.1688109523707325
18754,1221,37.68,-121.739,-0.9787594881965118
18755,1221,37.41702,-121.9154,-0.2279555897307268
18756,1221,37.59094,-122.36741,0.1329010481854138
18757,1221,37.34655,-121.80774,-0.3885081098860019
18758,1221,37.40718,-122.00001,-1.3820497657125974
18759,1221,37.39415,-122.06041,1.702631453329203
18760,1221,37.376,-121.84367,-0.7348495008599395
18761,1221,37.27117,-121.98617,-1.3972497223914868
18762,1221,37.71737,-121.72701,-0.8033901512795487
18763,1221,37.67928,-122.48405,1.1057779977709543
18764,1221,37.91056,-122.53778,2.0915461728561584
18765,1221,38.03445,-122.27016,0.3715600953908833
18766,1221,37.71633,-122.43117,0.8359255072918943
18767,1221,37.72416,-122.44841,0.0407030481047145
18768,1221,37.41395,-121.87085,-0.166009008479248
18769,1221,37.6806,-121.92098,0.4998775020472062
18770,1221,37.37418,-122.0781,0.0620391195961667
18771,1221,37.38332,-121.91088,0.6034375531548652
18772,1221,37.28537,-121.93602,-0.7698577180063942
18773,1221,37.35834,-121.97775,-0.4276833270278248
18774,1221,37.68873,-121.78351,-1.2716214428727943
18775,1221,37.66666,-121.85715,-1.63328465956301
18776,1221,36.88311,-121.3908,0.5305655695281435
18777,1221,38.94596,-120.96897,-0.8594419165710796
18778,1221,36.57849,-121.03956,-0.3706776262722429
18779,1221,37.95397,-121.86554,-1.8011259225212413
18780,1221,36.61809,-121.31468,0.2401584341137231
18781,1221,37.87622,-122.23558,-1.6880123127787232
18782,1221,37.91881,-122.15176,-1.055996162181496
18783,1221,37.87352,-122.26099,-1.9131288716436217
18784,1221,37.5215,-121.93376,1.5568492146558273
18785,1221,37.55845,-122.03451,-0.2343964428224579
18786,1221,37.84406,-122.21795,-0.4407589979860585
18787,1221,37.81075,-122.23608,-0.4750013796743752
18788,1221,37.59178,-122.05824,0.4274594930273727
18789,1221,37.89557,-122.2628,-0.4699367159431005
18790,1221,37.89565,-122.29359,-1.3248002713862537
18791,1221,37.944,-122.00993,-1.3459861990474589
18792,1221,37.92636,-122.31248,0.3126080822425355
18793,1221,37.68269,-122.06,0.2865081622657607
18794,1221,37.55944,-121.99373,-0.897747926222671
18795,1221,37.39635,-121.86703,-0.0332406633405268
18796,1221,37.50649,-121.9262,0.3421356133391534
18797,1221,37.80085,-122.20752,-1.234632397065221
18798,1221,37.695,-122.06376,-1.8878401679795025
18799,1221,37.53614,-121.97495,0.0766337998744572
18800,1221,37.51044,-121.954,-0.0447150748704962
18801,1221,37.64372,-121.90046,0.4034700824507275
18802,1221,37.87052,-122.05135,-0.084736189447998
18803,1221,37.85095,-122.24588,-0.3681532800628336
18804,1221,37.78882,-121.97125,-0.689492329445352
18805,1221,37.15491,-121.60989,0.9463899697676093
18806,1221,38.08251,-122.15759,0.3639647127668141
18807,1221,37.16346,-121.62645,-1.6523481848102244
18808,1221,37.85727,-122.42266,2.036155392288168
18809,1221,37.45035,-121.80037,-0.1520828956428439
18810,1221,37.74766,-121.70843,1.7592784257696314
18811,1221,37.81647,-122.06302,-2.0296265210487623
18812,1221,37.25898,-121.67311,-0.3847204073765114
18813,1221,37.7294,-121.83346,0.2729212147150062
18814,1221,37.37289,-121.76887,0.2235721181803245
18815,1221,37.73786,-122.06486,-0.0875553951910423
18816,1221,38.03455,-120.38651,-0.8433734062680617
18817,1221,37.81041,-121.80272,-0.1279649857204587
18818,1221,37.9889,-122.2156,0.6292682237208499
18819,1221,37.94906,-122.40851,1.546330091491082
18820,1221,37.85884,-121.99264,0.1485014232760637
18821,1221,37.91233,-121.90716,-0.1414837504577138
18822,1221,37.72416,-122.11929,0.1141087414855836
18823,1221,38.02691,-122.01599,0.6561748986981661
18824,1221,38.34526,-122.4584,0.2878365907529143
18825,1221,37.80787,-122.3618,-0.5629883022116469
18826,1221,37.69782,-123.0011,-0.8795495857849832
18827,1221,36.3887,-121.5514,1.4885757227971572
18828,1221,37.0254,-121.4845,1.0111573955945543
18829,1221,36.68011,-119.02282,-0.8507687491454681
18830,1221,36.82681,-121.64349,-0.6044776995932493
18831,1221,37.36775,-122.15358,1.097204201672767
18832,1221,37.31746,-122.03644,-0.0985018909282266
18833,1221,37.29606,-121.96046,-1.670585381832259
18834,1221,37.49236,-122.24467,-0.6013323939973538
18835,1221,37.51974,-122.51173,1.4676757740946145
18836,1221,37.45796,-122.43623,0.5487975882023058
18837,1221,37.40599,-122.10693,-0.979804227052512
18838,1221,37.33187,-121.87612,-0.5923494726996326
18839,1221,37.45744,-122.25167,0.8897923748272065
18840,1221,37.31959,-122.07355,0.1952305550432184
18841,1221,37.43433,-122.19835,0.3492362371703613
18842,1221,37.76603,-122.44114,0.6137437671092165
18843,1221,37.35655,-122.23656,1.9319802997125413
18844,1221,37.39475,-122.07255,0.6067909779471056
18845,1221,37.3476,-122.08417,-0.3857632529548331
18846,1221,37.5813,-122.48242,1.5820378371739852
18847,1221,37.45286,-122.19582,-0.9320157454614296
18848,1221,37.37023,-122.11345,0.1284546550914534
18849,1221,37.34305,-122.33976,2.045250795989955
18850,1221,37.31861,-122.15314,-0.3778203450700301
18851,1221,37.12043,-122.1552,-0.8831000460760552
18852,1221,37.17217,-122.01121,0.9153333597931876
18853,1221,37.51704,-122.37731,0.6768347267002736
18854,1221,36.92745,-121.82764,0.6514405760075587
18855,1221,37.36045,-122.18986,0.3796811763422176
18856,1221,37.51604,-122.45815,1.4277987416297306
18857,1221,37.21427,-122.17168,0.5342867687090936
18858,1221,37.20631,-121.97726,-0.5046338911322767
18859,1221,37.15432,-121.73467,0.4849774493271857
18860,1221,37.63719,-122.47482,-0.982176712287909
18861,1221,37.2708,-122.21276,0.3087606503561023
18862,1221,37.79499,-122.4746,1.124866481668412
18863,1221,37.19855,-122.34671,0.6520308498826605
18864,1221,37.40373,-122.23868,-0.9254951257914272
18865,1221,37.58225,-122.42006,0.686460992952474
18866,1221,37.67433,-122.39855,0.2969030588496834
18867,1221,37.40372,-122.17596,0.5322239556114511
18868,1221,37.28397,-122.05017,-1.2957683831920552
18869,1221,37.58644,-122.50217,1.1526439265896804
18870,1221,37.16067,-121.89899,0.0470922095973371
18872,1221,37.6444,-118.89683,0.7170148751882567
18873,1221,38.14478,-122.88018,0.1942003898716119
18874,1221,37.34164,-121.64257,-0.3843908651924139
18875,1221,37.65909,-118.97907,1.3493416571828154
18876,1221,38.87874,-122.44277,-2.691352282100747
18877,1221,37.92144,-122.71806,0.9326548368080824
18878,1221,38.26021,-122.55179,0.2038167270049475
18879,1221,38.00198,-122.47466,1.2157472318047085
18880,1221,38.30988,-122.943,0.3495787248687699
18881,1221,38.33656,-122.81082,2.706446805665452
18882,1221,38.46769,-122.89651,0.2884963816020119
18883,1221,38.04962,-122.52331,2.915136482726959
18884,1221,38.15486,-121.80438,-0.3466227546268027
18885,1221,38.16488,-122.71296,0.7413296970280235
18886,1221,38.12282,-122.14921,0.6257022138968995
18887,1221,38.07601,-122.2585,0.3598826333621897
18888,1221,37.99642,-123.01949,-0.2520752682737699
18889,1221,38.20025,-122.4644,1.1062257182442663
18890,1221,37.92371,-122.59649,1.0868991665122942
18891,1221,38.14361,-122.44969,0.0666784946447323
18892,1221,38.24039,-122.79842,-0.0274971501586494
18893,1221,38.38921,-122.66297,0.6006417728673383
18894,1221,39.55451,-121.50036,-1.9319466127579377
18895,1221,37.008,-121.287,1.59686550531292
18896,1221,35.945,-120.542,-1.72155558039494
18897,1221,36.2159,-120.80126,-1.819052516686637
18898,1221,35.63597,-120.86984,0.0842325640480388
18899,1221,37.91608,-122.33607,-1.2875078802112434
18900,1221,36.76403,-121.44722,-0.2675479214298361
18901,1221,37.28744,-121.86422,0.8209213346056947
18902,1221,37.62211,-121.75697,-1.5970334221854623
19352,1264,34.224,-117.331,-0.8410037334351769
19353,1264,34.55046,-117.43391,-0.802318552520536
19354,1264,34.68708,-118.29946,0.1213770696919967
19355,1264,35.1269,-118.83009,0.7354707829599826
19356,1264,32.68005,-116.67215,0.0776569913101408
19357,1264,34.2623,-116.92075,-1.0779842464605045
19358,1264,33.921,-116.981,-0.5500528070520978
19359,1264,34.23883,-117.65853,-1.3351858374071586
19360,1264,34.069,-116.39,0.2091559625965561
19361,1264,33.268,-116.417,0.2650509490186556
19363,1264,33.999,-117.68,0.3676289529768983
19364,1264,33.4019,-118.41502,1.732287214468888
19365,1264,34.093,-117.317,-0.0034998337350532
19366,1264,34.25353,-118.33383,1.5261321656655946
19367,1264,33.65,-117.009,-0.801121540414173
19368,1264,33.567,-116.631,0.9969395631768536
19371,1264,33.71264,-118.29381,0.8765501711969399
19372,1264,34.1,-117.439,-1.1232324258525546
19373,1264,33.1537,-117.22921,-0.9293180439022488
19374,1264,35.30177,-116.80574,0.989470374381008
19375,1264,34.36622,-116.61266,-0.6566801848324737
19376,1264,33.7141,-116.7119,-1.6453713861632169
19377,1264,33.86889,-118.33143,0.2138148425176984
19378,1264,34.9906,-118.34156,1.1670138726478585
19379,1264,34.80762,-118.86775,1.5882699680552228
19380,1264,34.93439,-117.69629,0.563647534211245
19381,1264,34.3656,-117.36683,0.3874384575764658
19383,1264,33.6,-117.195,0.9227117953786352
19384,1264,33.94539,-117.92372,1.5144637738582123
19385,1264,34.6145,-118.7235,-0.3687520678059998
19386,1264,34.1207,-117.63808,-1.2573886141985164
19388,1264,33.354,-116.863,-0.7896070752689214
19389,1264,33.7953,-117.60906,0.3522692085152704
19391,1264,34.09181,-117.80709,-1.0837075246599348
19392,1264,33.63,-116.8478,0.6226708058986214
19393,1264,34.10473,-117.97956,-0.962679303769902
19394,1264,33.74346,-118.40412,1.577640787016649
19395,1264,34.87533,-116.99684,1.6245480008967743
19396,1264,33.973,-117.327,-0.7464995477212043
19397,1264,33.97327,-117.32674,-0.7595953768503179
19398,1264,34.05073,-118.08085,-0.7479583125801629
19399,1264,33.99351,-117.37545,-2.3956737120513285
19401,1264,33.829,-117.789,1.058054751591339
19402,1264,33.664,-117.769,-0.7655291134734691
19403,1264,34.106,-117.098,0.6501543189690935
19404,1264,34.38203,-117.67822,0.7555299382657876
19406,1264,34.48364,-118.11783,0.9352910309468428
19407,1264,34.56065,-117.3296,0.2038360924433622
19408,1264,34.00948,-117.95077,1.6803651945892268
