recid,eqid,station_latitude,station_longitude,scaled_deltaW
50,30,33.801,-118.387,-1.5169893302652189
51,30,33.5556,-116.674,2.212122362993313
52,30,35.37,-119.021,-2.881086629088421
53,30,33.26,-116.37,0.5209945985373721
54,30,35.16,-119.35,-1.4673834881501562
55,30,33.9121,-117.838,0.4160400162343222
56,30,34.564,-118.642,1.236037929118193
57,30,34.31,-117.3,-0.2012145661173203
59,30,35.733,-120.29,-0.8735151659710202
60,30,35.671,-120.359,-0.4736761942026696
61,30,34.059,-117.312,0.1923102797713569
62,30,34.704,-118.426,-0.024665159985538
63,30,34.87,-118.9,-1.35213921264375
64,30,34.808,-118.72,0.5367494320829105
65,30,33.729,-116.979,1.802551679712304
66,30,35.644,-118.474,-1.250315382134744
67,30,34.09,-118.339,1.0157971620049624
68,30,33.77,-118.23,-1.87405883287732
69,30,34.674,-118.43,-0.4324223855209292
70,30,34.571,-118.56,1.6125489965493889
71,30,34.65,-118.478,0.9888635438624528
72,30,34.608,-118.558,1.657780930186034
73,30,35.997,-119.486,0.1728448067730193
74,30,35.04,-119.429,-1.5340864510831165
75,30,35.078,-119.401,-1.653816423873499
77,30,34.57806,-118.11401,0.0942995128216585
78,30,34.139,-118.121,-0.5650610959024176
80,30,34.5083,-117.922,1.7173925334079243
81,30,34.145,-119.206,-1.4662045269549835
82,30,34.091,-117.808,-0.215446727045951
83,30,32.719,-117.163,-0.5616011735413308
84,30,33.4894,-117.671,0.9200403496404836
85,30,33.37,-117.56,-0.5873770967404618
86,30,34.185,-118.018,1.6583685980414462
87,30,34.46,-118.753,0.4854982346444376
88,30,34.9417,-118.827,0.7625636665554303
89,30,34.41,-119.85,-0.4481939940883136
90,30,34.155,-117.675,0.6837971850250244
91,30,35.027,-118.791,0.0468599524084956
92,30,34.02,-118.053,0.2962588593157966
93,30,34.36,-117.63,-0.0389926776968407
321,76,36.503,-120.32,1.193015248834226
322,76,35.639,-120.404,-0.4244814579221058
323,76,35.743,-120.277,0.2679348356027847
324,76,35.751,-120.259,-1.5600079119036148
326,76,35.77,-120.247,-1.0932106629971616
327,76,35.724,-120.294,0.2839161755309838
328,76,35.707,-120.316,-0.3262094867188124
329,76,35.718,-120.304,1.2474200313817492
330,76,35.697,-120.328,1.2429094349422811
331,76,35.684,-120.342,1.0913135037067572
332,76,35.671,-120.359,0.7394959315137242
334,76,35.872,-120.422,-0.3357693761561811
335,76,35.896,-120.398,-0.8167410136866362
336,76,35.899,-120.433,-0.4292863175023976
337,76,35.908,-120.458,1.4304385613359665
338,76,35.921,-120.481,0.3916756866996694
339,76,35.927,-120.456,0.3495010840743632
340,76,35.787,-120.334,0.4859961400556548
341,76,35.803,-120.334,0.96116453005698
342,76,35.836,-120.395,-0.3742925438340334
343,76,35.859,-120.42,-1.6036655461914886
344,76,35.871,-120.404,-0.0691142987714735
345,76,35.878,-120.381,-0.033352987896968
346,76,35.879,-120.445,-1.6870112825764805
347,76,35.818,-120.378,-0.2684701270841135
348,76,35.843,-120.348,-0.4187282246871483
349,76,35.812,-120.391,-0.4034498553341089
350,76,35.87,-120.334,-0.5353119532431809
351,76,35.796,-120.411,0.8831150877930799
352,76,35.785,-120.444,-0.0090733621991403
353,76,35.77,-120.477,-0.126616327856555
354,76,35.738,-120.507,0.2162410774930752
355,76,35.81,-120.282,-0.2829885869080774
356,76,35.833,-120.27,0.5209201933146599
357,76,35.855,-120.281,-0.9499506681557546
358,76,35.957,-120.481,0.355348751821018
359,76,35.934,-120.497,-0.917583623878751
361,76,35.927,-120.509,-0.5421648607369551
362,76,35.922,-120.534,0.0787172855980198
363,76,35.905,-120.55,-1.4900548905287994
365,76,35.861,-120.6,-0.2468038363401174
368,76,36.034,-120.59,0.4715851395436573
588,113,34.07,-118.15,0.7163883770517527
589,113,34.177,-118.096,0.1114916725077179
590,113,33.817,-117.951,-1.5966301414605035
591,113,34.13,-118.036,0.0081104287547684
592,113,34.236,-118.439,-0.1023837800348042
593,113,34.1,-117.974,-1.096660065853207
594,113,33.965,-118.158,0.4034132482904838
595,113,34.127,-118.405,-0.1055811130497535
596,113,34.132,-118.439,-0.2794581853859072
597,113,34.286,-118.225,0.6596925415922205
598,113,33.916,-117.896,-0.8094671487950663
599,113,33.89,-117.927,0.8854865639930102
600,113,33.8904,-117.9258,-0.2472402101176165
601,113,34.168,-118.331,0.8688369755454254
602,113,34.15,-118.696,-0.4819812902369762
603,113,34.212,-118.606,1.012376105487533
604,113,34.419,-118.426,0.5618417508943181
605,113,33.9121,-117.838,0.9721324809529018
606,113,33.812,-118.27,-0.6838000104730151
608,113,34.459,-118.65,-0.5841728851285866
609,113,34.564,-118.642,0.8485578736407496
610,113,33.899,-118.196,1.6318205045090437
611,113,34.078,-117.871,-0.9500523869144047
612,113,34.087,-117.915,-1.4219816606300937
613,113,33.92,-118.137,1.1419398881996512
614,113,33.924,-118.167,-0.0616682754339711
615,113,34.093,-118.019,-0.2968487671779752
616,113,33.869,-117.709,-0.4651991289591318
617,113,33.719,-117.937,-0.5767837725450521
618,113,34.049,-118.112,1.022446066141429
619,113,34.2,-118.231,1.113888530000697
620,113,34.137,-117.883,-0.6249798723875524
621,113,33.99,-117.943,0.3311580564638541
622,113,33.729,-116.979,1.5095397091296396
623,113,33.662,-117.997,-0.0909032050558255
624,113,33.905,-118.279,1.428725009759129
625,113,33.929,-118.26,1.654006450321013
626,113,34.009,-118.361,0.3376642444377749
627,113,34.001,-118.431,-0.8127399181276395
628,113,34.063,-118.418,0.2413540960578748
629,113,34.062,-118.416,-1.2273633730252564
630,113,34.086,-118.481,-1.7768100024107754
631,113,34.088,-118.222,-0.7616296992803487
632,113,34.004,-118.23,-0.5367525740011528
633,113,34.115,-118.244,0.2331988686513402
634,113,34.09,-118.339,0.371082143140978
635,113,34.089,-118.435,-1.6377044465282802
636,113,34.111,-118.189,-0.2108550911818648
637,113,34.082,-118.298,0.4391172767974752
638,113,34.037,-118.178,1.0593456253927636
639,113,34.005,-118.279,0.8705637958222066
640,113,34.046,-118.355,0.2098855350474499
641,113,33.976,-118.289,-0.2026549308098557
643,113,33.754,-118.2,-1.2272549501394605
644,113,33.881,-118.176,0.6340850382848184
645,113,33.84,-118.194,0.6061085677511844
646,113,33.778,-118.133,-1.280365364738973
647,113,34.238,-118.254,0.2525535853943997
648,113,33.921,-117.973,-0.4775702439230542
649,113,34.026,-117.918,-1.1968616349802887
650,113,34.674,-118.43,-0.1573936225999444
651,113,33.846,-118.099,1.0243615399301351
652,113,34.688,-118.156,0.7702141563257735
653,113,33.897,-118.346,-1.2286692943375492
654,113,34.6,-118.241,-0.1355170397767882
655,113,34.604,-118.244,0.1390983016551225
656,113,34.045,-118.638,-0.1742269582241937
657,113,34.013,-118.8,-0.2438987957094052
658,113,34.024,-118.788,-0.3314642607365102
660,113,34.39,-118.08,0.0699358396263756
661,113,34.288,-118.881,0.1168177333434357
662,113,34.224,-118.057,1.2447539509075511
663,113,34.194,-118.412,0.8224977276108498
664,113,34.387,-118.533,-0.4915062724717277
665,113,34.391,-118.622,0.2242437900260785
666,113,34.209,-118.517,0.8199241810624661
667,113,33.915,-118.07,-0.1709029807512055
668,113,33.9354,-117.884,0.3901716438098699
669,113,34.042,-118.554,-1.502231961467188
670,113,34.296,-118.375,0.9424663289312348
671,113,34.25,-118.42,0.8971710905640448
672,113,34.222,-118.442,0.131944958386732
674,113,34.139,-118.121,-1.168889094203743
682,113,34.168,-118.078,0.3384203365503226
683,113,33.96,-118.432,-1.9521715067656111
684,113,34.056,-117.748,-0.9349808690494078
685,113,34.104,-117.574,1.1341737787020092
686,113,33.74,-118.335,-2.3290998009073185
687,113,33.951,-117.446,1.1561377435309843
688,113,34.827,-118.265,0.874438819161133
689,113,34.091,-118.093,-0.1169553955303978
690,113,34.115,-118.13,-0.1137677861978618
691,113,33.944,-118.087,1.2464050097776982
692,113,34.005,-118.485,-0.9695782531099084
693,113,34.146,-118.412,1.214864498631142
694,113,34.221,-118.421,1.1745809282101478
695,113,34.235,-118.366,0.2261450812649817
696,113,34.269,-118.303,-0.7737655861910498
697,113,34.326,-118.444,-0.5721715141147119
698,113,34.306,-118.437,-1.1822787848610008
699,113,34.16,-118.534,4.033433506103307
700,113,33.736,-118.269,-1.5193756240297922
701,113,33.822,-118.356,-1.6763919587879652
703,113,33.821,-117.818,-0.6930481504359057
704,113,34.064,-117.952,-0.8124404671190499
705,113,34.02,-118.053,1.2548374842048893
706,114,34.07,-118.15,0.4576009503122308
707,114,34.177,-118.096,1.085895911355657
708,114,33.924,-118.167,-0.7807734354592257
709,114,33.905,-118.279,1.005271266736642
710,114,33.929,-118.26,0.9956268595782496
711,114,34.009,-118.361,0.6052882710028465
712,114,34.09,-118.339,-0.0437965105302466
713,114,34.037,-118.178,1.3347704313534643
714,114,34.224,-118.057,1.1100380705937325
715,114,34.115,-118.13,0.0478600556417789
716,114,34.16,-118.534,1.863341249762488
3683,114,33.817,-117.951,-1.3901522736024263
3684,114,34.13,-118.036,0.1529798338699389
3685,114,34.1,-117.974,-1.080665268422451
3686,114,33.965,-118.158,0.2765484248159804
3687,114,34.127,-118.405,-0.2286250475854056
3688,114,34.286,-118.225,2.053925542685662
3689,114,33.916,-117.896,-0.2817289757453375
3690,114,33.847,-118.018,1.0611778683789588
3691,114,34.168,-118.331,0.6846794136194083
3692,114,34.15,-118.696,-1.0732514442119916
3693,114,34.212,-118.606,-0.1248811795111827
3694,114,34.419,-118.426,0.0584754371487423
3695,114,33.812,-118.27,-1.404670547171356
3697,114,33.899,-118.196,0.7429286649774712
3698,114,34.078,-117.871,-1.9408874350159515
3699,114,34.087,-117.915,-0.9423593663071252
3700,114,33.92,-118.137,1.061078671268028
3701,114,34.093,-118.019,0.113219545796052
3702,114,33.719,-117.937,-0.2711780194240881
3703,114,34.2,-118.231,1.4223980094539768
3704,114,33.79,-118.012,-0.0327009460857642
3705,114,34.137,-117.883,-1.505441343218337
3706,114,33.99,-117.943,-0.3087952179501507
3707,114,34.001,-118.431,-0.7756505499791156
3708,114,34.088,-118.222,-0.7723312019007391
3709,114,34.004,-118.23,-0.2435968304751206
3710,114,34.115,-118.244,-0.2388527241294939
3711,114,34.089,-118.435,-1.3848205017832065
3712,114,34.111,-118.189,-0.5403189607627072
3713,114,34.082,-118.298,0.2491535206027603
3714,114,34.005,-118.279,0.8103440192029489
3715,114,34.046,-118.355,0.5468391960612564
3716,114,33.976,-118.289,0.4601085621060956
3718,114,34.238,-118.254,1.1187167688305255
3719,114,33.921,-117.973,-0.1525646381256859
3720,114,34.026,-117.918,-0.7269045113583774
3721,114,33.846,-118.099,1.2441814357901575
3722,114,33.897,-118.346,-1.1346877988723754
3723,114,33.881,-118.176,-0.0269041046404058
3724,114,34.024,-118.788,-1.171153844082523
3725,114,33.886,-118.389,-0.4530600334325094
3726,114,34.39,-118.08,0.3660885369804982
3727,114,34.194,-118.412,-0.0867923571422704
3728,114,34.209,-118.517,-0.1726174608617942
3729,114,34.042,-118.554,-1.938673290117374
3730,114,34.25,-118.42,0.7358887932668084
3731,114,34.222,-118.442,-0.3991396580248586
3732,114,34.168,-118.078,1.8985068948318136
3733,114,34.091,-118.093,-0.6695421669992048
3734,114,33.944,-118.087,1.7457449918762078
3735,114,34.146,-118.412,0.9343760304382126
3736,114,34.221,-118.421,0.8369245354378578
3737,114,34.235,-118.366,-0.0540898256475464
3738,114,34.269,-118.303,-0.3879964173465427
3739,114,34.306,-118.437,-1.7100909849332326
3740,114,33.822,-118.356,-1.4124472247117374
3741,114,33.821,-117.818,-0.3932482945358755
3742,114,34.064,-117.952,-1.2546565664285834
730,118,37.465,-122.342,-1.0582184157897656
732,118,37.657,-122.082,0.6919742641208592
733,118,37.657,-122.061,-0.4282539754635139
734,118,37.484,-122.313,-0.5101133674414237
735,118,37.47,-122.32,-0.6698181480308051
736,118,37.397,-121.952,-0.7337523167308196
737,118,37.785,-122.303,1.8927437811724208
740,118,37.047,-121.984,0.3961502780888306
741,118,36.573,-121.184,-0.2637086832606087
742,118,36.532,-121.143,0.20154265833982
743,118,36.658,-121.249,0.3265533093110025
744,118,36.569,-121.043,0.3153242636402885
745,118,36.673,-121.195,-0.9961761863102624
746,118,36.483,-121.18,-0.2962489086060662
747,118,37.512,-122.308,-0.3581306892938216
748,118,37.87,-122.24,-0.5902942749838264
749,118,37.876,-122.249,0.5289258005914677
750,118,37.452,-121.807,-1.0306959822153532
751,118,36.973,-121.953,1.2231465843937352
752,118,37.05,-121.803,-0.7071456989654206
753,118,37.124,-121.551,-1.083837003795832
754,118,37.118,-121.55,0.4196250300935528
755,118,37.709,-121.932,-0.9689166534828252
756,118,37.492,-122.136,-0.9347834652259128
757,118,37.844,-122.295,2.2450492069765846
760,118,37.535,-121.929,-0.0554119172370614
761,118,37.53,-121.919,-0.2212591524493426
762,118,36.973,-121.568,-0.0245839710821986
763,118,37.009,-121.569,-1.2591416432495297
765,118,36.982,-121.556,-0.1890520091563567
766,118,36.987,-121.536,0.7554601936006174
767,118,37.001,-121.522,-0.2800525094662783
768,118,37.026,-121.484,-1.0906237483624763
769,118,37.033,-121.434,0.689675675452957
770,118,37.808,-122.476,1.6438053726394166
771,118,37.338,-121.714,-1.2597400470155071
772,118,37.67,-122.086,1.0319253621673994
773,118,37.679,-122.082,-0.3472420219139678
774,118,36.765,-121.446,-2.116946345655332
775,118,36.848,-121.397,0.430755062368496
776,118,36.85,-121.4,0.0734049276865464
777,118,36.888,-121.413,0.2942601014949477
778,118,37.172,-122.01,0.5612227542707674
780,118,37.529,-122.361,-0.7603045238717966
781,118,36.597,-121.897,-0.9848535916520316
782,118,37.813,-122.314,2.5239366120204227
783,118,37.806,-122.267,1.7135701648899933
784,118,38.043,-122.797,2.171423764309416
785,118,37.453,-122.112,0.0075811959051153
786,118,37.42,-122.21,0.2820846725898679
789,118,37.935,-122.342,1.1125155197998426
790,118,36.753,-121.395,-1.8361463445957096
791,118,37.728,-122.385,0.0575404982979871
792,118,37.778,-122.513,0.4498870338323037
793,118,37.74,-122.432,0.753029472175666
795,118,37.792,-122.457,1.4615468565700902
797,118,37.803,-122.408,-0.3217957653753184
798,118,37.622,-122.398,2.131646159049528
799,118,36.671,-121.642,-1.5276814976901807
800,118,37.21,-121.803,0.2708775975330239
801,118,37.255,-122.031,-0.4472658835466446
802,118,37.262,-122.009,-1.331095130241159
805,118,37.402,-122.025,-0.2887216935065336
806,118,37.597,-121.88,-1.137107924954882
808,118,37.001,-122.062,1.2838252221551747
809,118,37.001,-122.06,0.8645962636325437
810,118,36.972,-121.995,1.996624815280594
811,118,37.429,-122.258,-1.7465671232475672
812,118,37.807,-122.361,-0.1092138676354426
831,125,34.56,-115.743,0.6630239729484934
832,125,33.817,-117.951,-0.1291913142954902
833,125,34.127,-118.059,-0.7095920191310245
834,125,34.13,-118.036,0.2690257011321875
835,125,35.271,-116.066,0.752031811793588
836,125,34.1,-117.974,-0.6825310661196649
837,125,34.887,-117.047,-0.7355529247046616
838,125,33.965,-118.158,0.0679576758444457
839,125,34.286,-118.225,-0.1077596909174427
840,125,35.002,-117.65,0.7586443961870402
841,125,33.916,-117.896,-0.1121822681996768
842,125,33.847,-118.018,0.1565143456220244
843,125,34.168,-118.331,1.1423992049577525
844,125,34.15,-118.696,-0.4829795494806481
845,125,34.358,-118.571,0.1631475387968612
846,125,33.899,-118.196,1.2438408938395984
847,125,34.851,-116.858,0.4758384110107745
848,125,34.087,-117.915,0.1020279929020307
849,125,33.962,-116.509,-1.378639757706162
850,125,33.924,-118.167,0.4634721217249382
851,125,34.15,-117.939,-1.235411896119716
852,125,34.093,-118.019,-0.1745766799914609
853,125,33.869,-117.709,0.0544822973720828
854,125,35.268,-116.684,0.5605226678665922
855,125,33.719,-117.937,0.9549704494043064
856,125,34.2,-118.231,0.7300314803533723
857,125,34.137,-117.883,0.2684289645479484
858,125,33.99,-117.943,0.2614299271470593
859,125,33.729,-116.979,0.0433621134935022
860,125,33.727,-118.044,0.9434101856459342
861,125,33.717,-116.155,-0.2218763010762248
862,125,33.905,-118.279,0.4503049589144978
863,125,34.13,-116.314,-1.221660871832042
864,125,33.929,-118.26,0.4972332426823871
865,125,34.004,-118.23,0.1043556707819553
866,125,34.115,-118.244,0.2172481429777072
867,125,34.111,-118.189,-0.1346903628149293
868,125,34.082,-118.298,0.1075146430713463
869,125,34.037,-118.178,0.5814028123630333
870,125,34.005,-118.279,0.1451448116052234
871,125,34.045,-118.298,-0.1920877390389727
872,125,33.976,-118.289,1.03569565976448
873,125,33.881,-118.176,1.1627575662781102
874,125,34.238,-118.254,-0.5541708590309753
875,125,33.921,-117.973,0.0314453860318475
876,125,34.026,-117.918,-0.2609130373800962
877,125,33.846,-118.099,0.8069109674517517
879,125,33.905,-116.419,-0.6509456331030647
880,125,34.04856,-116.57816,-1.2069820999760228
881,125,33.924,-116.543,-0.6071352535147727
882,125,34.209,-118.517,0.3811588401464917
883,125,33.829,-116.512,-1.0772352568972412
884,125,34.056,-117.748,0.2923927338886127
885,125,33.324,-116.683,0.2033538436527739
886,125,33.951,-117.446,-0.2815011818699894
887,125,34.065,-117.292,-0.0001677576299306
888,125,34.091,-118.093,0.2695091587136844
889,125,33.944,-118.087,0.849889362845753
890,125,33.851,-116.852,-0.7938777457656696
891,125,34.221,-118.421,-0.1045548684822882
892,125,34.235,-118.366,-0.815039784520386
893,125,34.269,-118.303,-0.2311103749378833
894,125,34.16,-118.534,1.0897533398199526
895,125,33.7278,-117.824,-0.1400273282358062
896,125,34.021,-116.009,-0.8295720115088089
897,125,33.821,-117.818,-0.544479256777657
898,125,34.064,-117.952,0.1533405439392619
899,125,34.904,-116.823,-0.4525160706528132
3751,125,34.088,-116.919,-0.3787424488261345
3752,125,33.925,-116.389,-0.4051708905964878
3753,125,33.74624,-116.2163,0.9172564903823296
3755,125,35.043,-116.572,0.0635168173389009
3756,125,33.92474,-116.54794,-0.9189870825109296
3757,125,33.81663,-116.3945,-0.8510002150804414
3758,125,33.99,-116.656,-0.7594390523068035
3759,125,34.238,-116.935,0.7012001918321239
900,126,34.238,-116.935,-0.3261337767980992
901,126,33.962,-116.509,0.5252694679047779
902,126,33.426,-116.078,1.492889852316122
903,126,34.662,-118.387,-0.0673953457910645
904,126,33.869,-117.709,-1.2415721729389773
905,126,33.729,-116.979,-0.1361186984292002
906,126,34.405,-117.313,-1.3272661459680588
907,126,33.717,-116.155,0.0322739036961678
908,126,33.715,-116.221,0.5258391778995478
909,126,34.13,-116.314,-1.7249566879288556
910,126,34.04,-118.445,-0.081138477436467
911,126,34.053,-118.171,0.7684517045109373
912,126,34.059,-118.246,-0.216264799303302
913,126,34.062,-118.198,0.6868308066897877
914,126,33.628,-116.28,0.631581692407576
915,126,33.564,-115.987,0.7508902993595254
916,126,34.233,-117.661,-0.5610268436923673
917,126,33.634,-117.902,0.0958534662594538
918,126,33.421,-115.831,1.0480243166166288
919,126,33.504,-115.913,1.424081832273464
920,126,33.829,-116.512,0.6364396529488408
921,126,34.458,-117.909,-0.3623778460850989
922,126,34.467,-117.52,0.0796397189876894
923,126,33.324,-116.683,1.718714131999469
924,126,34.169,-117.579,-1.18699547011976
925,126,34.104,-117.574,-1.3621335335284264
926,126,33.951,-117.446,-0.2831866064829609
927,126,33.58,-116.931,3.305360407399338
928,126,33.28,-115.984,1.73216020202844
929,126,34.103,-117.288,-1.1195802970867648
930,126,34.065,-117.292,-1.3695230666586842
931,126,33.76,-116.96,-1.347439637362876
932,126,33.757,-118.084,0.0782973464553441
933,126,33.851,-116.852,-0.756465470721675
934,126,33.888,-116.684,0.7668794769797078
935,126,34.16,-118.534,0.4507819939227645
936,126,33.496,-117.149,-0.843276630631997
937,126,33.64,-117.094,0.7981537165488752
938,126,34.314,-117.545,0.4982660851447613
939,126,34.369,-117.658,0.9244548739822284
940,126,34.904,-116.823,-0.6346694222856297
6056,126,34.136,-117.213,-0.9062143829774052
6057,126,33.925,-116.389,0.4382154822706763
6058,126,34.04856,-116.57816,-0.8887876866876776
6059,126,33.92474,-116.54794,0.3590834819703472
941,127,34.07,-118.15,-0.9976938236013426
942,127,34.016,-119.362,-0.6405476995871744
943,127,33.817,-117.951,-0.3781644062667805
944,127,34.58,-118.199,-2.127526426542476
945,127,34.758,-118.361,-1.2683983808521315
946,127,34.127,-118.059,-0.7212619570695683
947,127,34.13,-118.036,-0.6119139017836572
948,127,34.236,-118.439,-0.7894742259242391
949,127,34.1,-117.974,0.4049817120683918
950,127,33.965,-118.158,-1.0481052299027298
951,127,34.127,-118.405,1.1656789525489986
952,127,34.132,-118.439,0.6044123116656288
953,127,34.286,-118.225,-0.1753166077814454
954,127,33.916,-117.896,0.4165115885917931
955,127,33.847,-118.018,0.5778104825556319
956,127,34.204,-118.302,-1.2325357643648365
957,127,34.208,-119.079,-0.4337176055145956
958,127,34.212,-118.606,-0.5579902403266109
959,127,34.419,-118.426,0.2986844572840014
960,127,33.812,-118.27,-0.3554437324743635
962,127,34.564,-118.642,1.4236704171316383
963,127,33.899,-118.196,0.1152761779271957
964,127,34.078,-117.871,-0.6570984856131948
965,127,34.087,-117.915,-0.3663172983453175
966,127,33.92,-118.137,0.3509705315665907
967,127,33.924,-118.167,1.1699936456234368
968,127,34.15,-117.939,-1.1922648222294114
969,127,34.093,-118.019,0.4705656520792549
970,127,34.662,-118.387,-0.184755074020425
971,127,33.869,-117.709,0.8356812537534075
972,127,33.79,-118.012,0.5579639982910414
973,127,34.2,-118.231,1.1353319919484148
974,127,34.137,-117.883,-0.8498004169972365
975,127,33.99,-117.943,-0.8340863872845732
976,127,33.731,-117.023,1.2662183790118644
977,127,34.088,-118.365,-0.5570528376090778
978,127,33.727,-118.044,0.119744180820071
979,127,33.662,-117.997,0.212141556517354
980,127,33.905,-118.279,-0.0343253371900921
981,127,34.312,-118.496,-0.7592377153932045
982,127,34.313,-118.498,0.1865828935387257
983,127,33.929,-118.26,0.3595700433225394
984,127,34.009,-118.361,0.4384932636190851
985,127,34.063,-118.463,-0.6558107590047184
986,127,34.001,-118.431,1.7286184029939493
987,127,34.063,-118.418,0.0537250309982749
988,127,34.086,-118.481,-0.2221660289017086
989,127,34.053,-118.171,1.758967480886148
990,127,34.088,-118.222,0.446804050590772
991,127,34.004,-118.23,-0.2980027466403085
992,127,34.115,-118.244,0.0034189750510341
994,127,34.09,-118.339,0.6411717604165971
995,127,34.089,-118.435,0.0570924636797008
996,127,34.111,-118.189,-0.3100251238953099
997,127,34.082,-118.298,1.347535655657227
998,127,34.037,-118.178,2.45649618591672
999,127,34.043,-118.271,-0.2912447694915374
1000,127,34.005,-118.279,0.9112392730936404
1001,127,34.021,-118.287,-0.3010911669362582
1002,127,34.046,-118.355,1.8845687777682067
1003,127,34.24892,-118.4789,0.6841750340453829
1004,127,34.059,-118.246,0.5788905422141167
1005,127,34.068,-118.439,1.446388096405852
1006,127,34.062,-118.198,1.9470868609758027
1007,127,34.045,-118.298,-0.3935020891651004
1011,127,34.106,-118.454,0.6744699706851802
1012,127,34.294,-118.483,-1.2732599094831616
1013,127,33.768,-118.196,-1.5294239611427922
1014,127,33.84,-118.194,-0.8934499549417083
1015,127,34.238,-118.254,-0.6029135890507166
1016,127,33.921,-117.973,1.1011981550813676
1017,127,34.026,-117.918,0.1513104677510338
1018,127,34.674,-118.43,-1.2988135766479076
1019,127,34.571,-118.56,0.1316469338661586
1020,127,34.65,-118.478,-1.324746893198513
1021,127,34.65,-118.477,-1.9866520718772136
1022,127,34.608,-118.558,-0.0423878600499272
1023,127,33.846,-118.099,0.5474164890423914
1024,127,34.739,-118.214,-0.8897603014461758
1025,127,33.897,-118.346,0.0105216102191251
1026,127,34.594,-118.242,-1.156826195744206
1027,127,34.595,-118.243,-1.1616305840303216
1028,127,34.596,-118.243,-1.002647656120239
1029,127,34.598,-118.242,-1.3228934502375027
1030,127,34.6,-118.241,-0.3664737006258296
1031,127,34.604,-118.244,-0.1640012566862207
1032,127,34.486,-117.98,-1.0403521946830132
1033,127,34.013,-118.8,-1.1519617748428772
1034,127,33.886,-118.389,0.3736507757641923
1035,127,35.07,-118.175,-0.4855452347049546
1036,127,35.042,-118.377,-0.5039341874442672
1037,127,33.99,-118.114,0.7463054723435667
1038,127,34.288,-118.881,-0.050719582353693
1039,127,34.233,-117.661,0.6788675034618854
1040,127,34.224,-118.057,0.838130321043201
1041,127,34.194,-118.412,-0.9689421181075104
1042,127,34.848,-118.536,-1.2140396709984318
1043,127,34.387,-118.533,0.4403447165335984
1044,127,34.391,-118.622,-1.404993355196883
1045,127,33.634,-117.902,-0.5040756343844369
1046,127,33.623,-117.931,0.8061923537273363
1047,127,34.209,-118.517,-0.6781036509232876
1048,127,34.042,-118.554,1.0160353071373642
1051,127,34.296,-118.375,-1.1491319059674403
1052,127,34.581,-118.135,-0.801265234062251
1053,127,34.435,-118.582,-0.4090207786250233
1054,127,34.168,-118.078,0.8809074579935294
1055,127,34.467,-117.52,-0.0415822749810927
1056,127,33.96,-118.432,-1.0708522395950284
1057,127,34.109,-119.065,0.5558653080045853
1058,127,34.145,-119.206,-0.5548313054296703
1059,127,34.169,-117.579,0.2703707601594046
1060,127,33.746,-118.396,-0.808871267063571
1061,127,33.74,-118.335,0.7070004802469206
1062,127,34.281,-118.478,0.396707583598706
1063,127,33.951,-117.446,0.4646101237538049
1064,127,33.787,-118.356,-0.009025538422764
1065,127,34.87,-118.206,-0.931926167235813
1066,127,34.183,-117.321,0.4054547144579511
1068,127,34.065,-117.292,1.4568632876642007
1069,127,34.091,-118.093,0.9753234176855368
1070,127,33.787,-116.958,2.164520641118372
1071,127,34.115,-118.13,0.1256079646896782
1072,127,33.722,-118.309,0.0954107597367874
1073,127,34.743,-118.724,-0.8450917809589915
1074,127,34.422,-119.851,0.906022092147274
1075,127,33.944,-118.087,0.6649272071103857
1076,127,34.011,-118.49,2.6244466280087653
1077,127,34.232,-118.71,-0.7914244577885898
1078,127,33.757,-118.084,-0.0891870033587868
1079,127,34.264,-118.666,0.3071428794316264
1081,127,34.221,-118.421,-0.2674373619646459
1082,127,34.269,-118.303,-2.170008387994074
1083,127,34.311,-118.49,0.9296336843696602
1084,127,34.312,-118.481,0.0501690218975885
1085,127,34.326,-118.444,0.1339082170414623
1086,127,34.16,-118.534,4.444225167981752
1087,127,33.736,-118.269,1.1033767720036372
1088,127,34.084,-118.6,-0.280781878270545
1089,127,33.7278,-117.824,0.1843469465162001
1091,127,34.276,-119.293,-0.6589207977960417
1092,127,33.821,-117.818,-0.629178088178606
1093,127,34.064,-117.952,-1.131464340238432
1094,127,34.015,-118.029,-0.9287746837159208
1095,127,34.381,-117.737,-0.8166844378526537
1096,127,34.314,-117.545,-0.478434730167946
1097,127,34.369,-117.658,0.1983111693910716
1179,137,23.7192,120.4125,-0.3053201808047039
1180,137,23.6013,120.1715,0.0293044809456485
1181,137,23.5815,120.552,0.7919255995868612
1182,137,23.4853,120.2692,0.7377138045738303
1183,137,23.4653,120.544,0.3909177283791669
1184,137,23.3328,120.1523,-0.7773034344764553
1185,137,23.2963,120.5828,1.676631219629997
1186,137,23.355,120.4052,1.0577023017107534
1187,137,23.2212,120.1532,0.8775980594023219
1188,137,23.2147,120.268,-0.6344924552269426
1189,137,23.1795,120.4778,-0.6215747450967812
1190,137,23.0457,120.4615,-0.0757334426771171
1191,137,22.9655,120.28,-0.2001760138250481
1192,137,23.757,120.6062,-0.2112339468430567
1193,137,23.7795,120.5137,-0.0655667654772471
1194,137,23.7987,120.4113,-1.4192866428628887
1195,137,23.752,120.2468,-0.816026099486722
1196,137,23.632,120.6052,1.724828713348827
1197,137,23.6135,120.5282,0.2096088135917422
1198,137,23.5799,120.291,-0.1343387187703353
1199,137,23.5407,120.2153,-0.6043120058280163
1200,137,23.5212,120.5443,0.7386910811903786
1201,137,23.52,120.584,0.8978337695612283
1202,137,23.6073,120.4788,1.1756679148828908
1203,137,23.5207,120.344,-0.1721403443297534
1204,137,23.4388,120.5957,2.2307588069779785
1205,137,23.3583,120.5833,-0.9315417337061808
1206,137,23.3832,120.1635,-0.6093212313748961
1207,137,23.4765,120.4632,0.48346678338692
1209,137,23.2803,120.4083,0.0339012346968284
1210,137,23.2878,120.501,0.2473942115654956
1212,137,23.2698,120.2705,0.4639961543746355
1213,137,23.1495,120.4098,-0.9619846931929176
1214,137,23.1725,120.3192,-0.7743504359750106
1215,137,23.184,120.1025,-0.4596021149588577
1216,137,23.1243,120.2392,-0.8534067210492655
1217,137,23.0768,120.5107,-1.29072608289412
1218,137,23.1213,120.45,-0.5467242437040791
1219,137,23.027,120.3402,0.0336121005833879
1220,137,22.906,120.345,1.3120558365239234
1221,137,22.9205,120.2078,-0.1502247580934018
1222,137,22.999,120.1837,0.1387582825986019
1223,137,22.9737,120.1815,-0.5818843432052033
1224,137,22.971,120.2286,-0.6820953903719501
1225,137,23.0648,120.1645,0.1455088612756442
1226,137,23.5103,120.8052,-0.5798751340837295
1229,137,23.1848,120.528,-1.150411733752215
1230,137,23.5972,120.6777,1.886873362121271
1231,137,23.267,120.488,-1.3345219758252562
1232,137,23.7237,120.2975,0.1187454023545891
1233,137,23.351,120.5932,0.4558091447491993
1234,137,23.3845,120.519,0.1080965575397561
1235,137,23.3462,120.4293,1.20821516806288
1236,137,23.2673,120.2163,0.0526900710069042
1237,137,23.7913,120.4783,-1.0337730422593137
1238,137,23.6538,120.1472,-0.3316990239132357
1239,137,23.7935,120.3205,-1.3335145723251427
1240,137,22.983,120.2327,-0.6113413759005941
1241,137,23.1373,120.2802,-0.4070196438510851
1242,137,23.2272,120.3418,-0.3247253806322028
1243,137,23.6862,120.5622,1.7521018466299405
1245,137,23.6695,120.4648,-0.0404426146940594
1249,137,23.0775,120.1082,0.0382846602018348
1257,137,23.6608,121.414,0.972655362681601
1258,137,23.6732,121.4173,0.1907950979722974
1259,137,23.9877,121.6173,-0.2595169596217274
1260,137,23.9925,121.6165,0.4506879716492838
1261,137,23.9962,121.5858,0.4153599784869491
1262,137,23.993,121.6233,-0.1679744046466753
1263,137,23.978,121.591,1.001227671975344
1264,137,23.9732,121.5993,0.5193679911909649
1265,137,23.9757,121.553,0.1279933147815905
1266,137,23.9648,121.56,0.2766675813039452
1267,137,23.9497,121.5392,0.2164072369405799
1268,137,23.977,121.605,1.0932094438026605
1269,137,23.8137,121.4328,0.2255789519878067
1270,137,24.2675,121.7325,1.053250715467716
1271,137,24.08,121.5955,-1.1574619690414258
1272,137,23.3522,121.297,-2.3170399208949988
1273,137,24.163,121.6447,-0.0355755243900386
1274,137,24.1185,121.6165,-0.4789723113730279
1275,137,24.055,121.591,0.6488711966797306
1276,137,24.0172,121.6013,0.7501836804755205
1277,137,23.9373,121.5702,0.2397026150770384
1278,137,23.7852,121.4488,0.0692190546137587
1279,137,23.7653,121.4922,0.593393665852156
1280,137,23.7108,121.412,1.9071594717669125
1281,137,23.6867,121.4747,1.4913437147984243
1282,137,23.5905,121.3772,1.323485238557084
1283,137,23.732,121.4362,1.586365749838369
1284,137,23.4995,121.367,-0.7129053541165071
1285,137,23.4542,121.384,0.560496384360277
1286,137,23.4615,121.3445,-1.2863637517694924
1287,137,23.3845,121.3523,-0.2825957924870985
1288,137,23.2675,121.2942,-0.1482396595116249
1289,137,23.7092,121.54,-0.0425537555459752
1290,137,23.6538,121.5268,-0.3211870226048839
1291,137,24.3095,121.7405,1.7440473313061762
1292,137,24.1492,121.6213,0.4922940282143709
1293,137,24.0113,121.5715,1.153925307659429
1294,137,23.9952,121.5577,0.2909358002760069
1295,137,23.9897,121.584,0.5022052305530637
1296,137,23.8703,121.548,1.359997776626107
1298,137,23.4317,121.3398,-1.8181163505284768
1299,137,23.3232,121.3323,-0.07055273977652
1300,137,24.1795,121.5077,0.6888615433371911
1301,137,24.16,121.61,0.9433229872291272
1302,137,23.9672,121.484,0.7616739074710003
1303,137,23.8713,121.5005,1.148036759807234
1304,137,23.8703,121.59,-0.9775063870387428
1307,137,24.845,121.7973,0.508712226636459
1308,137,24.7982,121.7813,0.5611733140318569
1310,137,24.6978,121.8052,0.6472438779060202
1311,137,24.6412,121.825,0.6755933199766188
1312,137,24.5943,121.8462,0.8650813042064223
1313,137,24.7088,121.7628,0.5815005617253393
1314,137,24.619,121.7812,0.1507847405336401
1315,137,24.7807,121.7335,0.6977589904646705
1316,137,24.732,121.7294,2.0676676675399737
1317,137,24.6945,121.7202,0.3467533269254134
1319,137,24.749,121.684,0.6160496306258348
1320,137,24.7135,121.644,0.4537581438643183
1321,137,24.6448,121.588,-0.6332694391307832
1322,137,24.6893,121.7603,1.1283105906496849
1323,137,24.7278,121.755,1.5180438362565984
1324,137,24.5995,121.8337,0.9971838699554456
1325,137,24.6242,121.8272,-0.0834102565768117
1326,137,24.8241,121.7603,0.294751397284004
1327,137,24.7883,121.7513,0.1922653483638366
1328,137,24.7455,121.7142,0.771079809575982
1329,137,24.765,121.7212,-0.071754890919184
1330,137,24.7233,121.7917,1.1449396672633367
1331,137,24.6903,121.792,0.7209189888793828
1332,137,24.629,121.7347,0.2697863213842039
1334,137,24.666,121.7338,0.550360721604588
1335,137,24.7663,121.7612,1.0306293315202504
1336,137,24.7655,121.748,0.5091734175370193
1337,137,24.428,121.7407,0.7498696041968939
1338,137,24.7212,121.667,0.3072882918856585
1339,137,24.6092,121.8488,-0.65061183280682
1340,137,24.9732,121.9183,-0.5263019525366802
1341,137,24.7387,121.8083,0.8440956946064165
1342,137,24.7622,121.8088,0.5023678276621765
1343,137,24.6667,121.8205,0.3900280834569001
1344,137,24.5233,121.825,-0.1978832985055589
1345,137,24.4677,121.7933,0.6814782970654574
1347,137,24.477,121.7787,0.2001598686690567
1348,137,24.4473,121.7707,0.7527266642456053
1349,137,24.44,121.3728,1.5207542715126472
1350,137,23.1618,120.6355,-1.805835071243975
1352,137,22.591,120.3173,-1.197072702520834
1353,137,22.6462,120.3585,-1.1063440193846978
1354,137,22.6295,120.3672,-0.8465489340752208
1355,137,22.7873,120.279,-0.9464745211040472
1357,137,22.8797,120.3707,0.5435103766587679
1358,137,22.656,120.3317,-0.7885568656420866
1359,137,22.891,120.4738,-1.288037297784822
1360,137,22.902,120.5352,-0.0361598521570307
1361,137,22.6707,120.491,-0.9224644571233124
1362,137,22.6108,120.5588,-0.5606077540152176
1363,137,22.5462,120.4528,-0.3600515827642171
1364,137,22.4643,120.4535,-1.033932935771613
1366,137,22.2617,120.6432,-0.529490333056182
1367,137,22.1922,120.6853,-1.7675181884863165
1368,137,22.0982,120.7418,-1.6532655691747458
1369,137,22.1905,120.8703,-2.2145215204898707
1371,137,21.9137,120.8403,-0.297555153694012
1372,137,22.4397,120.5028,-0.1775434244380188
1373,137,22.0055,120.738,-0.2011214806015544
1374,137,23.0817,120.5827,-1.3317657597696304
1375,137,22.7252,120.4908,-0.6240821124837967
1376,137,23.1625,120.7573,-1.2249997509776949
1378,137,21.9433,120.8053,-1.2229078464510108
1379,137,23.2777,120.7128,-0.7838048407785958
1380,137,22.6342,120.2633,-1.4702730176681833
1381,137,22.6495,120.3203,-1.0509363429072347
1382,137,22.6237,120.2843,-0.4757049320257846
1383,137,22.9053,120.1732,-0.533832872280789
1384,137,22.7852,120.2385,-0.4331665068575476
1385,137,22.7303,120.3412,-0.4354536129391588
1386,137,22.8873,120.6567,-0.9952858865596632
1387,137,22.5348,120.5362,-0.8646745912896595
1388,137,22.574,120.5663,-0.9330478234748776
1389,137,22.4903,120.499,-0.4450873725158107
1390,137,22.747,120.7233,-1.347200155964277
1391,137,22.7112,120.6412,-0.3584879881114867
1392,137,22.0095,120.7367,-0.1087471261477377
1393,137,21.9428,120.7238,0.1827597344539119
1394,137,22.5673,120.4475,-1.1674528486062872
1395,137,22.8858,120.3222,-0.095142895294679
1396,137,22.795,120.295,-0.4815468995165713
1397,137,22.6128,120.3113,-0.6396493469159312
1398,137,22.6461,120.306,-0.9483837014025174
1401,137,24.6312,121.0005,3.539873551916484
1403,137,23.5672,119.5552,0.7349718587619868
1405,137,22.746,120.632,-1.219939277565237
1408,137,25.0392,121.507,0.02727346006363
1409,137,25.0863,121.45,1.976638999190011
1411,137,25.0947,121.5093,1.249296736566489
1412,137,25.0758,121.5083,1.718509861426004
1413,137,25.0758,121.5273,0.8243355855305045
1414,137,25.063,121.4813,1.6544409785893237
1415,137,25.0563,121.5078,1.2058556237452724
1416,137,25.0572,121.5253,1.1534361110689757
1417,137,25.0578,121.5442,1.556163185349747
1418,137,25.0528,121.448,1.7182903390834834
1419,137,25.0388,121.5263,0.6126739645408381
1421,137,25.0203,121.4652,0.5705300742981246
1422,137,25.017,121.5027,0.990640550675249
1423,137,25.0045,121.5073,0.1361922418159622
1424,137,25.0007,121.4748,1.766412226972284
1425,137,24.955,121.5303,0.5976061750692752
1426,137,24.9239,121.535,0.9098054449067255
1427,137,24.9043,121.5447,-0.4052149857477714
1428,137,25.183,121.4167,1.4271519835494078
1429,137,25.1255,121.4532,1.5622495185504663
1430,137,24.9913,121.41,0.818504393863252
1432,137,24.9538,121.3375,0.1125371582119037
1433,137,25.148,121.4365,1.8050964431467056
1434,137,25.1008,121.4403,1.6470235581250836
1435,137,25.0817,121.3828,1.902525627874784
1436,137,24.959,121.5143,1.2902977137191949
1437,137,25.1565,121.6855,-0.0882730675599735
1438,137,25.1572,121.7237,0.3138534032178109
1440,137,25.1865,121.5202,1.0327185713659814
1442,137,25.0082,121.9882,0.0554028115077312
1443,137,24.9913,121.65,0.1256674043840379
1446,137,25.056,121.872,0.6892020812547343
1447,137,25.0237,121.906,-0.4316763671804195
1448,137,25.0182,121.9808,-0.2672099553528727
1449,137,25.2595,121.4938,0.9939906643094736
1450,137,25.2252,121.6295,-0.2146417191875711
1452,137,25.1008,121.4177,1.0284889816128018
1453,137,25.0573,121.5945,1.8330892039315336
1454,137,25.141,121.4758,1.338758663221428
1455,137,25.1353,121.4913,2.4229398280358523
1456,137,25.0207,121.5299,0.923621190269613
1457,137,25.103,121.5395,0.9729076525935016
1458,137,25.0351,121.519,1.0659021095902803
1459,137,25.071,121.781,2.5511446025179527
1462,137,25.0473,121.1357,0.5600510054692823
1463,137,24.9118,121.1405,0.5547397728667905
1464,137,25.0015,121.3097,0.5799804934964858
1465,137,25.0092,121.2062,0.6525605604501279
1466,137,24.9655,121.22,0.4956049049850333
1467,137,25.0003,121.1533,0.92785556442348
1468,137,24.8855,121.2783,0.4519578237692479
1469,137,25.0463,121.3075,0.8035664067324391
1470,137,24.7572,120.9345,1.0666207102261998
1471,137,24.7808,121.0068,0.3338746313404562
1472,137,24.88,121.0535,-0.1778854558485854
1473,137,24.7065,121.176,0.0241419437975079
1474,137,24.7757,121.075,0.8664994056968618
1475,137,24.5588,120.7492,0.5836330101083079
1476,137,24.5615,120.701,-0.1701623220516759
1477,137,24.6855,120.8623,1.1419943615747157
1478,137,24.639,120.8568,1.533660398224987
1479,137,24.4488,120.6963,-0.6476465729237034
1480,137,24.4912,120.663,0.0070939818423252
1481,137,24.4917,120.7837,0.2535031034005927
1482,137,24.4497,120.6455,-0.1585308112950799
1483,137,24.5542,120.8077,0.8844871218382775
1484,137,24.5412,120.9137,2.687048839941122
1485,137,24.4683,120.8543,-0.8926240532367263
1486,137,24.6188,120.9387,3.0743610245483795
1487,137,24.18,120.594,-0.47957767616013
1488,137,24.179,120.6902,-0.3949373794000296
1489,137,24.1815,120.6338,-1.2553030106308662
1490,137,24.1603,120.6518,-0.5955992536012393
1491,137,24.198,120.7393,-0.8033838836754559
1492,137,24.1935,120.6688,-0.9376137175490772
1493,137,24.1612,120.675,-1.1410239213017244
1494,137,24.1392,120.6643,-0.616338750878517
1495,137,24.1588,120.6238,-0.8547605929578974
1496,137,24.1732,120.6107,-1.5818195221864866
1497,137,24.2687,120.5637,-0.2899024895792175
1498,137,24.2247,120.644,-1.3013717523212611
1499,137,24.1355,120.549,-0.5607589936144447
1500,137,24.1083,120.6158,-0.9629267371631414
1501,137,24.3457,120.61,-1.130624058288569
1502,137,24.0588,120.6912,1.7055317134572712
1503,137,24.0912,120.72,-0.2171908150275696
1504,137,24.2772,120.7658,0.19153178238624
1505,137,24.196,120.5403,0.0832812371777782
1506,137,23.9855,120.7883,0.0702674304278126
1507,137,24.0407,120.8488,0.0975440127225118
1508,137,23.9622,120.9618,0.1152799363533607
1509,137,23.9827,120.6778,-0.458444279772501
1510,137,23.9077,120.6757,0.6666540907495484
1511,137,23.812,120.8455,-0.5453426589397867
1512,137,23.8395,120.8942,0.6210467531826444
1513,137,24.8022,120.9695,0.1406042260087597
1514,137,24.1475,120.676,-0.8105119440604777
1515,137,24.97,121.1867,1.0387664168424655
1516,137,23.883,120.8998,0.594467521178736
1518,137,24.3482,120.7733,-2.016263484531994
1519,137,24.2533,121.1758,3.2885353594732525
1520,137,23.9037,120.8565,-1.3993154090938669
1521,137,25.0117,121.2792,0.8296596272351991
1522,137,24.7695,121.0488,0.3636334509677095
1523,137,24.6917,121.0135,4.33033427289402
1524,137,24.7957,120.9558,0.2250557055889148
1525,137,24.7433,120.899,0.4671243993584321
1526,137,24.1858,120.6153,-1.463264225108
1527,137,24.242,120.7092,-0.5106967760890874
1528,137,24.2493,120.7208,-0.957565726947152
1529,137,24.3098,120.7072,-1.4095091475949466
1530,137,24.2455,120.6018,-1.4961228531774446
1531,137,24.239,120.559,-0.952033793056368
1532,137,24.0833,120.5518,-0.6260009222654795
1533,137,24.0727,120.5402,-0.8323526923142764
1534,137,24.0848,120.5713,-0.686372976380878
1535,137,23.9622,120.5695,-0.1614960261973358
1536,137,24.1137,120.4872,-0.7948263007121914
1537,137,24.0557,120.424,-0.9528443116607132
1538,137,23.8928,120.3865,-0.2437485327358527
1539,137,23.9595,120.4693,-0.5359951736849409
1540,137,23.8568,120.5803,-0.7192270649319882
1541,137,24.1335,120.4598,0.031955152967456
1542,137,24.0027,120.4235,-0.1107173980911884
1543,137,23.9242,120.3122,-0.8354540083579478
1544,137,23.9803,120.613,-0.3348997069516357
1545,137,23.8128,120.6097,0.0372741478977764
1546,137,24.0187,120.5437,-0.6854754131598463
1547,137,24.4162,120.7607,-0.7842486387221397
1548,137,23.8783,120.6843,1.7393682545239733
1549,137,24.2603,120.6518,-1.2258418160573428
1550,137,23.9223,120.5955,-0.3576824022122999
1551,137,23.9578,120.3593,-1.151594407462463
1552,137,23.8338,120.464,-0.9924523412768862
1553,137,23.98,120.3368,-1.0817206364890302
1554,137,24.8592,121.2475,1.3555027449438486
1556,137,23.3178,121.4425,-0.0591553255797499
1557,137,22.9738,121.2968,-1.4478261612070669
1558,137,22.6178,120.9975,-1.4670971847568457
1559,137,22.9102,121.1287,-0.8547365259412788
1560,137,22.7568,121.1403,-1.511448058490576
1561,137,22.7717,121.1378,-1.8800324320298465
1562,137,22.7647,121.1427,-1.943645178634768
1563,137,22.7602,121.1517,-1.6839953749474463
1564,137,22.7488,121.1442,-1.1814346439257066
1565,137,22.74,121.1135,-1.4896303613336874
1566,137,22.7662,121.133,-1.79067279186134
1567,137,22.7678,121.1277,-2.6423593329565147
1568,137,23.0992,121.3653,-0.6726165898461128
1569,137,22.754,121.1465,-1.2953754082409008
1571,137,22.8207,121.0717,-1.4168974935797674
1572,137,23.1268,121.2057,-2.0066314119500994
1573,137,23.0973,121.2105,-0.3095981771851416
1574,137,23.053,121.1557,-0.5097322926030049
1575,137,22.9725,121.1083,-1.676282455648579
1576,137,22.9045,121.072,-0.4045043760035111
1577,137,22.863,121.083,-1.3780913850482748
1578,137,22.8078,121.086,-1.2487944218102924
1579,137,22.779,121.0543,-1.9639582005800496
1580,137,23.3563,121.4603,0.2216797622209309
1581,137,23.2462,121.4055,0.0707491513615162
1582,137,23.193,121.3878,-1.2316135990107342
1583,137,22.7988,121.1855,-1.3312195593093146
1584,137,23.1512,121.198,-1.5823521226675086
1585,137,23.1342,121.1177,-0.3654373104192951
1587,137,23.0068,121.1655,-0.621953707287601
1588,137,22.9757,121.1478,-1.3542907367977712
1589,137,22.9658,121.232,0.8961409099067804
1590,137,22.8402,121.131,-1.5464395969007725
1591,137,22.773,121.0827,-1.6736033639788226
1592,137,22.674,121.0293,-1.212425081643101
1593,137,23.1887,121.0168,-1.6470812954198728
1597,137,23.8635,120.2812,-1.2222615586664924
1690,151,34.016,-119.362,-0.1533939788112928
1691,151,34.58,-118.199,-0.8082040842589758
1692,151,34.236,-118.439,-0.8388745243438838
1693,151,34.127,-118.405,0.2274535699623009
1694,151,34.286,-118.225,0.9927666583889422
1695,151,34.204,-118.302,-0.8939901126631042
1696,151,34.168,-118.331,1.0395651729419324
1697,151,34.15,-118.696,0.7305690142537875
1698,151,34.564,-118.642,-0.2497529978812384
1699,151,34.662,-118.387,-0.5770342418167889
1700,151,34.088,-118.365,-0.4175692845715907
1701,151,33.905,-118.279,-1.1371419282303332
1702,151,34.312,-118.496,0.3472067828733797
1703,151,34.313,-118.498,0.5035743682423524
1704,151,33.929,-118.26,-0.8990732847723315
1705,151,34.009,-118.361,-0.1002386672911855
1706,151,34.063,-118.418,0.4198949280761766
1707,151,34.053,-118.171,0.3321447865400573
1709,151,34.09,-118.339,1.4382667687986002
1710,151,34.089,-118.435,-0.760970594609784
1711,151,34.059,-118.246,-0.5684991544904212
1712,151,34.062,-118.198,0.2833586646363437
1713,151,33.976,-118.289,-0.5548528066882723
1715,151,34.238,-118.254,-0.2136380103697668
1716,151,34.571,-118.56,-0.4292455435828195
1717,151,34.486,-117.98,-0.8392351641451583
1718,151,34.013,-118.8,-0.4790911658442098
1719,151,34.39,-118.08,0.7227261498465268
1720,151,34.387,-118.533,-1.4225251388994755
1721,151,34.209,-118.517,-0.2821265556406518
1722,151,34.296,-118.375,0.1418194680484909
1723,151,34.581,-118.135,-0.7382172620379948
1724,151,34.222,-118.442,-0.8583234150651047
1725,151,34.1367,-118.129,-0.0368660669124987
1726,151,34.169,-117.579,0.1417279420495595
1727,151,34.281,-118.478,1.8637664031279475
1728,151,34.115,-118.13,0.1161650469273806
1729,151,34.011,-118.49,0.3269910650767471
1730,151,33.757,-118.084,-1.2028173312019128
1731,151,34.264,-118.666,-0.1990990931440177
1732,151,34.221,-118.421,-0.7450842413476174
1733,151,34.235,-118.366,1.0498357983279305
1734,151,34.269,-118.303,-0.5759203750803095
1735,151,34.311,-118.49,0.2530540672534423
1736,151,34.312,-118.481,-0.0858685235023205
1737,151,34.306,-118.437,0.5562443611976786
1738,151,34.16,-118.534,0.9854958196822942
3765,151,34.425,-117.964,0.2153356209868548
3766,151,34.326,-118.444,-0.1985870400559942
3767,151,34.16,-118.532,1.1809921106424126
3768,151,34.068,-118.439,0.439570801453077
3769,151,34.04,-118.445,0.299689667466437
3770,151,34.24892,-118.4789,0.0803752378712623
3773,151,34.086,-118.481,-0.8374347863027769
3774,151,34.212,-118.606,0.3656700699104485
3775,151,34.146,-118.412,1.3712619220612494
3776,151,34.194,-118.412,-1.0128408480471542
3777,151,34.358,-118.571,1.0320244835837873
3778,151,34.2,-118.231,1.943030360661024
1758,158,33.915,-118.066,-0.3183110531758342
1759,158,34.0842,-118.152,-0.2478371791859092
1760,158,34.177,-118.096,0.3116547347347297
1761,158,34.56,-115.743,0.574370329092874
1762,158,33.607,-116.453,-0.0006841445283666
1763,158,33.6022,-116.756,-0.6081191511262134
1764,158,34.236,-118.439,0.1509419588550308
1765,158,35.271,-116.066,0.3862725882170472
1766,158,33.869,-116.824,-2.089773936595371
1767,158,34.887,-117.047,-1.0307680272573432
1768,158,34.07618,-118.3959,-0.4001654211258383
1769,158,34.241,-116.872,0.7465764668810413
1770,158,33.3527,-115.733,-0.2017246912166377
1771,158,34.1949,-118.354,0.7657377242424915
1772,158,33.91761,-116.78329,-1.041979721275874
1773,158,34.155,-118.641,-0.7373193409948099
1774,158,34.564,-118.642,1.6321945352507503
1775,158,33.962,-116.509,-0.9429811390370432
1776,158,34.235,-117.407,-0.2943232442754369
1778,158,32.7806,-115.5681,-1.301363877055494
1779,158,33.869,-117.709,0.2802879935772363
1780,158,34.397,-118.918,1.5115908983167168
1781,158,34.088,-116.919,-0.3184079655868062
1782,158,35.268,-116.684,0.8195850498238244
1783,158,33.398,-115.657,0.7233391775797083
1784,158,33.925,-116.389,-0.0884524485949087
1785,158,34.161,-116.799,0.1177736875260551
1786,158,34.8294,-116.335,-0.6394892522578128
1787,158,33.729,-116.979,0.0992723159005549
1788,158,34.405,-117.313,-0.3257121910697921
1789,158,33.662,-117.997,0.1431333063895705
1790,158,33.717,-116.155,-0.0726828747085127
1791,158,33.715,-116.221,-0.0471628287541038
1792,158,34.313,-118.498,1.418739126269435
1793,158,34.13,-116.314,-0.8667962303490289
1794,158,33.925,-116.172,-0.6939231765153971
1796,158,34.053,-118.171,0.9173231448450754
1798,158,34.037,-118.178,0.4722393035547106
1799,158,34.043,-118.271,-0.9003266850994358
1800,158,34.059,-118.246,0.1839327536411289
1801,158,33.943,-118.411,-0.578530509089934
1802,158,33.768,-118.196,-0.4648371100549241
1803,158,34.2096,-118.186,-0.1295812031766997
1804,158,34.674,-118.43,1.448732904715631
1805,158,34.6172,-118.285,1.3826115870911493
1806,158,34.5214,-117.991,0.9254315745374924
1807,158,34.073,-118.117,1.0533537329343667
1808,158,34.233,-117.482,0.172405816719434
1809,158,33.564,-115.987,0.4819383629531853
1810,158,34.067,-117.117,-0.8893206308219277
1811,158,34.079,-117.045,-0.3163560142778572
1812,158,34.04856,-116.57816,-0.9921971671248776
1813,158,34.387,-118.533,-0.308996985797396
1815,158,33.92474,-116.54794,-0.9133601997183242
1816,158,33.421,-115.831,0.3007586489485579
1817,158,34.296,-118.375,0.8544085624439196
1818,158,34.57806,-118.11401,0.5843168697756156
1819,158,34.149,-118.15,0.6935752506854967
1820,158,34.056,-117.748,0.0055726822214127
1821,158,33.951,-117.446,-0.3552118601376732
1822,158,33.28,-115.984,0.0644029910810382
1823,158,34.1663,-117.251,-1.1796160522725945
1824,158,34.065,-117.292,0.0406242500898942
1825,158,34.091,-117.289,-0.4361739472848873
1826,158,34.14,-117.294,-0.5049638798733317
1827,158,34.103,-117.349,-0.6972853742406188
1828,158,34.047,-117.277,1.1929765693118792
1829,158,34.205,-117.365,-0.4303001277707375
1830,158,33.797,-116.88,0.2726405534149464
1831,158,34.1105,-117.099,-0.0772662601160351
1832,158,33.888,-116.684,-1.2132898810325794
1833,158,34.327,-118.444,0.7835516724565916
1834,158,33.496,-117.149,0.6443476888880451
1835,158,34.021,-116.009,-0.8448567346198563
1836,158,34.4435,-117.853,0.8234084719801881
1837,158,33.99,-116.656,-0.7845520586031778
1839,158,34.02,-118.053,1.3915265681784224
1840,158,34.314,-117.545,0.6207619718185584
1841,158,34.36,-117.629,0.4303317212402385
3779,158,34.07,-118.15,0.2225015898118238
3780,158,33.853,-117.857,0.1539767211140318
3781,158,33.854,-117.817,0.9300576854435196
3782,158,33.93,-116.972,-0.3607143951462263
3783,158,34.208,-119.079,0.7792435623482034
3784,158,34.224,-118.994,0.7043116736911785
3785,158,34.459,-118.65,0.4482914215466733
3786,158,33.8556,-117.54,-0.2022744712198673
3787,158,34.096,-118.23,-0.1018850701315068
3788,158,33.939,-118.098,0.6551005062249904
3789,158,33.889,-117.886,0.4126035851159987
3790,158,33.766,-117.918,-0.1435357551721445
3791,158,34.103,-118.316,0.7024764008413399
3792,158,34.097,-118.352,-0.607258172272262
3793,158,34.19897,-118.1737,-0.1187407672986167
3794,158,34.058,-118.252,-0.0696295281900881
3795,158,34.07,-118.346,-0.0876804163835554
3796,158,34.077,-118.286,0.3282857477638728
3797,158,34.14,-118.21,-0.173079917336432
3799,158,34.037,-118.263,-0.4586797469495606
3800,158,34.059,-118.479,-1.509371040195797
3801,158,34.049,-118.29,-0.52222522972928
3802,158,34.06,-118.448,-0.5597630408661851
3803,158,34.041,-118.348,-0.5459470870993236
3804,158,34.036,-117.95,0.4519276045338455
3805,158,34.013,-118.8,-0.4340645681918473
3806,158,34.273,-118.464,0.3202280710069456
3807,158,34.288,-118.881,0.271172081785694
3808,158,33.604,-117.906,-0.0700321354297987
3809,158,33.605,-117.89,0.4914838701862508
3810,158,34.199,-118.396,0.4906304584447456
3811,158,33.777,-117.834,0.3829351168849833
3812,158,34.002,-118.077,-0.747775785015235
3813,158,34.063,-117.784,-0.1298320095543398
3814,158,33.919,-117.488,0.1349400010602585
3815,158,33.979,-117.344,-0.0109800747253622
3816,158,33.895,-117.32,-0.2163061704744036
3817,158,33.975,-117.486,-0.5719588174729212
3818,158,32.754,-117.164,-0.0044993671025006
3819,158,34.115,-118.13,-0.7185746511778037
3820,158,33.722,-118.309,-1.2928647846673769
3821,158,34.084,-118.6,-1.820980475795944
3822,158,34.139,-118.364,1.051841996818611
3823,158,34.184,-118.447,0.410078783265478
3824,158,34.219,-118.627,1.309561048027608
3825,158,34.185,-118.623,0.8806981123208786
1867,161,34.074,-117.35,-2.1634188168821047
1868,161,34.058,-117.305,-0.3104019195610255
1869,161,34.235,-117.407,-0.4943388872283915
1870,161,34.088,-116.919,-0.1833107346216108
1871,161,34.744,-117.334,0.6999005744524124
1872,161,33.729,-116.979,1.1379215558200866
1873,161,34.405,-117.313,-0.8733471151709804
1874,161,34.136,-117.213,0.1163300688030008
1875,161,33.748,-117.127,1.1580726466181182
1876,161,33.74624,-116.2163,1.0298671463783386
1877,161,33.706,-116.235,1.1755836977007124
1878,161,34.282,-116.453,0.8298244706835233
1879,161,34.05,-117.264,-0.2822022453545315
1880,161,34.233,-117.482,0.1931723815676593
1881,161,34.067,-117.117,-0.7918687876979109
1882,161,34.079,-117.045,0.0880781442657287
1883,161,33.921,-117.173,0.8774305182278982
1884,161,33.902,-117.234,0.2272857131976794
1885,161,34.04856,-116.57816,0.996040924218118
1886,161,33.92474,-116.54794,0.2848338928991575
1887,161,34.439,-117.647,1.137757343608417
1888,161,34.00469,-117.22393,0.0787958051818797
1889,161,33.979,-117.344,0.1731621343406456
1890,161,34.1663,-117.251,-1.5937632905344514
1891,161,34.065,-117.292,-0.2663230615268787
1892,161,34.091,-117.289,-0.4313259442390068
1893,161,34.069,-117.275,-0.5216180508742887
1894,161,34.14,-117.294,-0.7596057622099258
1895,161,34.165,-117.288,-0.5330936352742598
1896,161,34.103,-117.349,-1.2578685195081745
1897,161,34.12288,-117.28792,-0.6606680535446966
1898,161,34.135,-117.322,-0.4380804984530865
1899,161,34.047,-117.277,0.6567364380603083
1900,161,34.096,-117.287,-0.1970588473955988
1901,161,34.14492,-117.21876,-0.1576449755885221
1904,161,33.715,-117.191,1.313193894271253
1905,161,34.4435,-117.853,0.865509189081097
1906,161,33.99,-116.656,0.5947293787478182
1907,161,34.36,-117.629,1.079684028472859
1908,161,34.904,-116.823,1.595474553311208
1909,161,34.004,-117.058,-1.1893476407478991
1916,163,32.838,-116.775,1.1991532320741638
1917,163,33.607,-116.453,1.1310855491686538
1918,163,33.6022,-116.756,1.7435724191971451
1919,163,33.5558,-116.674,-0.9408125820760248
1920,163,33.93,-116.972,-0.8072599453210261
1921,163,34.241,-116.872,-0.1793118379875729
1922,163,33.19373,-116.3289,-0.934774820160654
1923,163,33.91761,-116.78329,-0.1110747319697346
1924,163,32.6695,-115.493,0.4125124068243502
1925,163,33.699,-117.267,3.63246255260324
1926,163,33.678,-116.178,0.731308288161547
1927,163,33.876,-117.593,1.4095339236778914
1928,163,33.884,-117.514,0.3021824841929695
1929,163,32.8,-115.473,0.1947675777764231
1930,163,32.7806,-115.5681,0.5907948300549036
1931,163,32.75172,-115.59516,0.856516046631462
1932,163,32.829,-115.504,-0.4544412522770448
1933,163,33.925,-116.389,0.1747235727688508
1934,163,33.744,-116.931,0.5720253465333969
1935,163,33.751,-117.015,1.840682856208676
1936,163,33.729,-116.979,1.5018881232132475
1937,163,34.136,-117.213,-0.4343905649562244
1938,163,33.708,-115.628,-0.2692178705107622
1939,163,33.748,-117.127,2.3338320341546086
1940,163,33.6758,-116.68,0.2138289990992798
1941,163,33.747,-116.715,1.10181572223747
1943,163,33.6159,-116.621,1.624199099044481
1944,163,33.723,-116.338,0.0264254632669061
1945,163,33.74624,-116.2163,1.448912881406889
1946,163,34.13,-116.314,-1.1816202516369103
1947,163,33.671,-116.3,2.488135822263781
1948,163,33.669,-117.332,1.415157895392104
1949,163,33.572,-116.076,-0.2694923884157327
1950,163,33.649,-117.205,1.288712343528618
1951,163,34.079,-117.045,-0.0320952458965555
1952,163,34.014,-117.511,1.337421050772878
1953,163,33.921,-117.173,1.696396054001487
1954,163,33.902,-117.234,0.5310455219289855
1955,163,33.968,-117.252,0.3512238460614669
1956,163,34.04856,-116.57816,-0.1491547623380981
1957,163,33.57783,-116.58987,0.2697509369972826
1958,163,33.239,-115.512,-0.5236611832064608
1959,163,33.92474,-116.54794,-0.2103478543428539
1960,163,33.818,-117.312,2.22299824251247
1961,163,33.15569,-116.1679,-0.3998325092384971
1962,163,33.758,-116.374,0.3308574639123988
1963,163,33.787,-117.23,1.220058855796082
1964,163,32.954,-117.04,1.8783638466897072
1965,163,33.482,-116.911,1.201276418269242
1966,163,33.787,-116.41,1.2657070389458431
1967,163,34.00469,-117.22393,0.1243669249041343
1968,163,33.919,-117.488,2.011903812769919
1969,163,33.917,-117.443,1.4304381807139688
1970,163,33.975,-117.486,1.450212954024002
1971,163,33.895,-117.32,0.96197260472525
1972,163,33.951,-117.446,1.747509090892623
1973,163,33.58,-116.931,2.0631346811460087
1974,163,34.1663,-117.251,0.140030179095584
1975,163,34.091,-117.289,-0.5078233330024183
1976,163,34.069,-117.275,-0.8230128424920145
1977,163,34.14,-117.294,0.0878532869204345
1978,163,34.165,-117.288,0.0702130403303579
1979,163,34.12288,-117.28792,-0.4455633717015002
1980,163,34.047,-117.277,-0.057569269342321
1981,163,34.14492,-117.21876,-0.4016137844226033
1982,163,33.82177,-116.96836,-0.9747603260496472
1983,163,33.787,-116.959,0.8350892299994374
1984,163,34.1105,-117.099,0.7918979451716455
1985,163,33.715,-117.191,2.3044632339812723
1986,163,33.496,-117.149,0.0959809752494747
1987,163,34.149,-116.084,0.4939130701217231
1988,163,33.99,-116.656,0.8284754847127866
8169,163,34.55046,-117.43391,-0.180665363551387
8170,163,33.63838,-116.4011,2.422091443661955
8171,163,34.68708,-118.29946,-1.2257036501150886
8173,163,32.68005,-116.67215,0.6031780362280758
8174,163,33.3527,-115.733,0.3406052538300452
8175,163,34.2623,-116.92075,-0.4067764023457152
8176,163,33.921,-116.981,-1.4811169863064109
8177,163,33.57508,-117.26119,0.7997341338313354
8179,163,34.23883,-117.65853,-0.4131916394159039
8180,163,35.2693,-116.0703,-0.5823017955406349
8181,163,34.069,-116.39,-0.6006567081843396
8182,163,33.268,-116.417,1.2419790862185789
8183,163,33.80776,-117.98116,-1.548835981334319
8184,163,33.01213,-115.21987,-1.1602910378838014
8185,163,34.68224,-118.57398,-0.089099536492756
8186,163,33.38822,-117.19495,0.924871250013314
8187,163,35.52495,-117.36453,-0.3227408923455038
8189,163,33.999,-117.68,-0.568988242402423
8190,163,33.4019,-118.41502,-1.2480053234965602
8192,163,34.093,-117.317,-0.0768399286576394
8193,163,34.0602,-117.809,0.2859224699986309
8194,163,33.876,-117.561,1.038783661493013
8195,163,33.655,-115.99,-0.9517386706870992
8197,163,34.63745,-115.38115,0.95796454231092
8198,163,34.25353,-118.33383,-0.8244394877932621
8199,163,33.93597,-116.57794,0.3168830840749536
8200,163,33.65,-117.009,0.7253145864910777
8201,163,34.10618,-118.45505,-2.289152942907568
8202,163,33.84822,-118.09624,-1.0190296598949042
8203,163,33.567,-116.631,1.0037785584436618
8204,163,32.999,-116.942,1.174051588850764
8205,163,32.805,-115.447,-0.3194857770536108
8206,163,32.65915,-116.10061,-0.0597194844958335
8207,163,34.88303,-117.99106,-0.382460786183334
8209,163,33.11675,-115.82267,0.8090742833056642
8211,163,33.71264,-118.29381,-2.8239138863145965
8212,163,34.1,-117.439,-0.6084826848250421
8213,163,33.8717,-117.92251,-0.4938772745636875
8215,163,33.051,-114.827,-1.9753716211600871
8216,163,33.1537,-117.22921,0.2639264862544158
8217,163,35.30177,-116.80574,-1.5422668569647635
8218,163,34.8294,-116.335,-1.89799190165062
8219,163,34.17643,-118.35967,-1.1034241474427802
8220,163,34.121,-117.219,-1.2678766294862165
8221,163,33.0859,-116.5959,0.2033189096705982
8222,163,35.9823,-117.8076,-0.091937133930572
8223,163,34.36622,-116.61266,-0.0495521521218139
8224,163,33.7141,-116.7119,1.5076008106365226
8225,163,33.86889,-118.33143,-0.9637970177390086
8226,163,34.00033,-118.37794,-1.2900061739935254
8227,163,35.13066,-115.18416,-0.1162386588562594
8228,163,34.30529,-118.48805,-0.4091770510844927
8229,163,33.9753,-118.14918,-1.0746960419513565
8230,163,34.10819,-119.06587,-1.5854289345318984
8231,163,34.61594,-117.82493,0.3731943860457927
8232,163,33.684,-117.943,-1.05582385868201
8233,163,35.47954,-117.68212,0.4149936369772066
8234,163,33.881,-118.176,-0.8541157691990386
8235,163,34.3656,-117.36683,-1.5681332237836632
8236,163,33.3516,-116.5615,-0.6857003950876653
8239,163,33.818,-116.369,0.7409974332171881
8240,163,34.13688,-118.12601,-0.0043873484543331
8242,163,34.005,-117.562,1.0613271804786852
8243,163,34.28085,-118.9049,-0.225447418225491
8244,163,33.808,-116.968,0.7363996612653554
8246,163,34.22362,-118.05832,-0.024567897634713
8247,163,34.8249,-114.59941,0.4905110179965594
8248,163,33.556,-115.946,0.1290142515272473
8249,163,33.788,-117.844,-0.9249723217411912
8250,163,33.94539,-117.92372,-0.2632120023551211
8251,163,32.608,-116.93,1.4859312915986416
8252,163,34.1484,-118.1711,-2.409255960373044
8253,163,34.44199,-118.58215,-0.7063501653630815
8254,163,34.1207,-117.63808,-0.8463862253545248
8256,163,33.82436,-116.51195,0.7154278404051003
8257,163,33.354,-116.863,0.1146788265589661
8258,163,33.7953,-117.60906,-0.8005195307739711
8260,163,33.63,-116.8478,1.3011809409497928
8261,163,34.281,-118.478,0.5212786611679338
8262,163,34.10473,-117.97956,-1.212871185887827
8263,163,33.74346,-118.40412,-1.0195210958849494
8264,163,34.87533,-116.99684,-0.4427913930488824
8265,163,34.05073,-118.08085,-0.7382399470168745
8266,163,33.99351,-117.37545,0.5703856926153459
8267,163,33.70432,-117.88578,-1.5865364768998718
8269,163,34.232,-117.235,-0.7419511132524624
8270,163,32.9799,-118.54697,-0.6154978139410974
8272,163,34.43692,-119.1375,-0.9304417446683072
8273,163,35.8996,-116.27515,-0.2232296612287319
8274,163,33.48725,-117.68114,-1.5195612399886589
8276,163,34.01438,-118.45617,-1.0674485858940317
8277,163,34.27091,-118.74407,-0.9164106462018088
8278,163,33.24787,-119.52437,-2.251354234782583
8279,163,32.841,-117.248,0.313950055968178
8280,163,34.416,-118.449,-0.1416128385049818
8281,163,34.05933,-118.64614,-1.4131830040176403
8283,163,33.829,-117.789,-1.6230146291830427
8284,163,33.1774,-115.616,-0.942146258836593
8285,163,34.30302,-119.18676,-0.3186122228509694
8286,163,33.664,-117.769,-2.148365580959777
8287,163,33.79033,-118.19878,-1.5241641696423864
8288,163,34.106,-117.098,0.3754863369385907
8289,163,32.94508,-115.79988,-0.348275371562405
8291,163,34.38203,-117.67822,-0.6909466268979001
8292,163,34.08377,-118.599,-1.6518924151695598
8294,163,33.63495,-116.16402,0.6282828317479885
8296,163,34.15607,-118.82039,-1.834766520299344
8297,163,34.01919,-118.28631,-1.6704749602172448
8298,163,34.48364,-118.11783,-0.2444281100042188
8300,163,34.56065,-117.3296,1.2612526281632312
8301,163,32.75904,-115.73161,0.5857499151745312
8302,163,34.00948,-117.95077,-0.3798587082238501
8303,163,34.1717,-118.64971,0.7174924270423582
8304,163,33.94869,-118.25547,-0.4808964377584405
2046,167,33.84,-117.957,-1.467921701791438
2047,167,33.863,-117.742,-0.3969025529406973
2048,167,33.854,-117.817,0.4018085275289488
2049,167,33.933,-117.896,1.894406907661324
2050,167,34.018,-118.147,-0.4780490168739076
2051,167,33.876,-117.593,-0.9432792584151894
2052,167,33.875,-117.636,-0.4504442337041251
2053,167,33.889,-117.886,-0.4189289376675421
2054,167,33.91,-117.93,-1.0065851911015902
2055,167,33.866,-117.958,-0.894355452002132
2056,167,33.932,-117.955,-0.443053463589281
2057,167,33.917,-117.443,0.1721295413522295
6065,167,34.136,-117.213,0.5399079847108438
6068,167,34.069,-117.275,0.5338247998728324
6069,167,34.103,-117.349,-0.3282304155735131
6070,167,34.14492,-117.21876,1.3181132088763972
6071,167,34.14,-117.294,0.3897264667807149
6072,167,34.091,-117.289,1.1244220325930625
6073,167,34.073,-118.117,0.572183242029192
6074,167,34.2096,-118.186,0.4373891854689133
6075,167,34.233,-117.482,1.8783157213860848
6076,167,33.927,-117.803,-1.0163682743173386
6084,167,33.919,-117.488,1.615482706165612
6085,167,33.904,-117.561,0.4403719841272462
6086,167,33.975,-117.486,-0.0388008950453216
6087,167,33.889,-118.047,-1.4896154485597737
6088,167,33.962,-118.065,0.1778876988471085
6089,167,33.991,-118.121,0.3694959398515605
6090,167,33.898,-118.209,-0.2687277568806421
6091,167,33.999,-118.178,0.1209664521650543
6092,167,33.837,-118.072,-1.2247527419724642
6093,167,33.92,-118.24,0.5955033155377528
6094,167,33.944,-118.246,1.128747056969066
6095,167,33.939,-118.098,0.5718948642274271
6096,167,33.846,-118.107,-0.8399778701377142
6097,167,33.946,-118.0,0.7762184645517453
6098,167,33.969,-118.149,0.6685572822735464
6099,167,33.818,-118.108,-0.6225295408643993
6100,167,33.798,-118.137,-0.0878266169264501
6101,167,34.125,-117.777,-0.9917177293200676
6102,167,34.065,-117.893,0.0435818023383568
6103,167,34.422,-117.572,1.736876789348944
6104,167,34.112,-117.681,1.795591719922807
6105,167,34.014,-117.511,0.6740261260802854
6106,167,34.125,-117.454,0.597609719818256
6107,167,34.056,-117.748,0.6961526435861547
6108,167,34.073,-117.938,-1.3097709129539066
6109,167,34.096,-117.287,1.4296031256342314
6110,167,34.063,-117.784,-0.3385669431951423
6111,167,34.036,-117.95,-0.5477052467305517
6112,167,34.076,-117.671,0.0443269088382511
6113,167,34.077,-117.621,0.8291315938518734
6114,167,34.133,-117.253,1.4637129513893634
6115,167,34.135,-117.322,0.4548661463543274
6116,167,34.069,-117.398,0.5999817521931284
6117,167,34.1,-117.434,0.5210271930222364
6118,167,34.121,-117.738,0.5556845586949661
6119,167,34.096,-117.745,0.6699390155312566
6120,167,34.031,-118.208,0.141353792324725
6121,167,34.005,-118.231,1.00882953211722
6122,167,34.037,-118.178,1.0629481404658072
6123,167,34.103,-118.316,0.0588953939976099
6124,167,34.058,-118.252,-0.4685270388960192
6125,167,34.002,-118.077,1.4042555870657876
6126,167,34.041,-118.248,0.5662001023820697
8312,167,34.14647,-118.76699,-0.5846662610708928
8313,167,35.34444,-119.10445,-0.4916642215532372
8314,167,32.68005,-116.67215,0.947209292374579
8315,167,34.2623,-116.92075,0.077460543320266
8317,167,34.07618,-118.3959,-0.7148043872016568
8318,167,34.10521,-117.28264,-0.1875982114483491
8319,167,33.876,-117.561,-0.3098238476428792
8320,167,36.43988,-118.08016,0.5229687893044093
8321,167,32.999,-116.942,1.092037712831288
8322,167,34.72832,-119.98803,-1.0307545757445364
8323,167,33.71264,-118.29381,-3.417030088677396
8324,167,33.8717,-117.92251,-2.2256990209385976
8325,167,34.13677,-118.1283,-0.4212472107611479
8326,167,35.30177,-116.80574,1.6974527732124476
8327,167,34.8294,-116.335,1.0289552588127029
8328,167,34.121,-117.219,0.0279746544931879
8329,167,35.66278,-118.47403,-1.2922975080805637
8330,167,34.15037,-118.10156,-1.3434815674386906
8331,167,33.7141,-116.7119,0.9436604119346936
8332,167,33.798,-118.08837,0.1409885972154376
8333,167,34.61462,-118.29104,0.0607199727831441
8334,167,33.3516,-116.5615,-0.0639308978730951
8335,167,35.36165,-118.92282,-1.2870014619295955
8336,167,33.74,-118.335,-4.796437262141624
8337,167,34.88848,-119.81362,-0.0933604378049445
8338,167,34.53412,-120.17737,0.0580586618691407
8339,167,34.22869,-118.55829,-0.4466419215114034
8340,167,33.788,-117.844,-1.09270502118263
8341,167,33.94539,-117.92372,-0.3439707502710666
8342,167,34.1484,-118.1711,-1.8619862823870093
8345,167,33.354,-116.863,-0.5951232551982935
8346,167,33.7953,-117.60906,-1.7175051006109163
8347,167,33.63,-116.8478,1.843884239553013
8348,167,33.973,-117.327,0.9657610103831372
8349,167,33.99351,-117.37545,0.6466947831968256
8350,167,34.44076,-119.71492,0.0681563668260795
8351,167,33.553,-117.662,-2.369687982916154
8352,167,35.3142,-119.99581,-0.2043463529393009
8353,167,34.27091,-118.74407,-1.7070557193648408
8354,167,34.52775,-119.97834,-0.0754615745224124
8356,167,35.84089,-119.08469,-0.2398703657451537
8358,167,34.193,-117.427,1.218427057591433
8359,167,34.00469,-117.22393,0.5880810448491168
8360,167,34.235,-117.407,1.0929322014469864
8361,167,34.36,-117.63,1.5457298039083085
8362,167,34.1367,-118.129,-0.3608351020602038
8363,167,34.165,-117.288,1.081342194504516
8364,167,34.1663,-117.251,0.936657816131518
8365,167,34.058,-117.305,0.1824830719732693
8366,167,34.205,-117.365,1.5590268386644044
8367,167,34.12288,-117.28792,0.2086923964003769
8368,167,33.91175,-117.82041,-2.270129690599796
8369,167,34.049,-118.112,0.0303839720746609
2118,170,33.6022,-116.756,0.0521992280760344
2119,170,33.91761,-116.78329,-1.3209666226250452
2120,170,34.058,-117.305,-0.5990911919398674
2121,170,34.235,-117.407,-0.1076572875678379
2122,170,34.088,-116.919,-0.2191085606884031
2123,170,34.136,-117.213,-0.2206965065954798
2124,170,33.74624,-116.2163,-0.0659085119742419
2125,170,34.6172,-118.285,2.112703250658705
2126,170,34.05,-117.264,-0.762183643468145
2127,170,34.073,-118.117,1.0533162341617404
2128,170,34.067,-117.117,-1.0102993287385056
2129,170,34.079,-117.045,-0.1512988535627869
2130,170,34.04856,-116.57816,-0.6135400716175343
2131,170,33.92474,-116.54794,-0.5723877749972109
2132,170,34.57806,-118.11401,0.8864803779485929
2133,170,34.393,-117.805,0.4726602320495844
2134,170,34.1367,-118.129,0.8682649002705733
2136,170,34.106,-117.287,-0.5038527311358111
2137,170,34.1663,-117.251,-1.4346260696609583
2138,170,34.091,-117.289,-0.7054859554373193
2139,170,34.069,-117.275,-0.2955199222437644
2140,170,34.14,-117.294,-0.6523985888664374
2141,170,34.165,-117.288,-0.5313367024723515
2142,170,34.103,-117.349,-0.8331742619408031
2143,170,34.12288,-117.28792,-0.6054531626628233
2144,170,34.047,-117.277,0.0259776585844652
2145,170,34.205,-117.365,-0.5666851731820626
2146,170,34.14492,-117.21876,-0.5660773489973804
2147,170,34.193,-117.427,-1.0652160903666228
2150,170,33.91677,-116.38979,-0.3023814068691207
2151,170,34.3088,-118.448,1.052212822017549
2152,170,34.4435,-117.853,2.250804483267443
2153,170,33.99,-116.656,-0.5284886591381516
2154,170,34.36,-117.629,1.775113740141348
8370,170,34.14647,-118.76699,-0.0561409516401513
8371,170,35.34444,-119.10445,0.2788053680785581
8372,170,32.68005,-116.67215,-0.2125251971551917
8373,170,34.1949,-118.354,1.5551082959819722
8374,170,33.3527,-115.733,-0.0354826345488788
8375,170,34.2623,-116.92075,-0.297386938395944
8377,170,34.07618,-118.3959,0.8540095470479033
8378,170,34.10521,-117.28264,-0.8475609213578531
8380,170,33.876,-117.561,-0.4086902606735337
8382,170,36.43988,-118.08016,-0.4454217590595822
8383,170,32.999,-116.942,0.6708761639485804
8384,170,32.805,-115.447,-1.2026639555717462
8385,170,34.88303,-117.99106,0.7620246304271926
8386,170,34.72832,-119.98803,-0.1564310041122475
8387,170,34.397,-118.918,1.859187446237089
8388,170,33.71264,-118.29381,-1.5520562123792945
8389,170,34.1,-117.439,-0.8505899277631399
8390,170,33.8717,-117.92251,0.0532336258980337
8391,170,34.13677,-118.1283,1.0926314647119872
8392,170,35.30177,-116.80574,-0.1535767202022139
8393,170,34.8294,-116.335,-0.549450102247813
8394,170,34.121,-117.219,-1.0205794942554092
8396,170,35.66278,-118.47403,-0.5891675692129584
8397,170,34.31076,-118.49675,1.4767982264257125
8398,170,34.15037,-118.10156,0.5257188441029961
8399,170,33.943,-118.411,0.0292727996050331
8400,170,33.798,-118.08837,0.4167973949969839
8402,170,34.61462,-118.29104,1.2490133057678798
8403,170,34.5214,-117.991,1.8893912799831
8404,170,35.36165,-118.92282,-0.1999730109446051
8406,170,34.13688,-118.12601,2.0378867494296333
8407,170,33.74,-118.335,-3.848298610830189
8409,170,34.81258,-119.1453,0.4767639336290489
8410,170,34.88848,-119.81362,0.5178738615985535
8412,170,34.22869,-118.55829,0.8811749414643261
8413,170,33.788,-117.844,-0.3383281763150986
8414,170,34.3968,-119.299,-0.026634077886893
8416,170,34.1484,-118.1711,-0.7731872521237438
8418,170,33.354,-116.863,-0.1231482265156137
8419,170,34.39558,-118.49837,-0.6899881182979191
8421,170,34.281,-118.478,1.609616520680448
8422,170,33.973,-117.327,0.9551308572887348
8423,170,33.99351,-117.37545,-0.1950253330791404
8424,170,33.70432,-117.88578,-0.5942313930486367
8426,170,34.44076,-119.71492,0.0972509262115463
8427,170,34.293,-119.1646,0.0061573501839357
8429,170,34.27091,-118.74407,0.4566774853542863
8430,170,34.52775,-119.97834,0.9235967909722596
8431,170,34.08377,-118.599,-0.4265647842027738
8432,170,35.14592,-119.41946,0.4747404766148717
8434,170,35.84089,-119.08469,0.8375169590607259
2155,171,23.2147,120.268,-0.1141581094702049
2156,171,23.1795,120.4778,0.1111933290943424
2157,171,23.0457,120.4615,0.3339817657474976
2158,171,23.757,120.6062,-0.8333586622420379
2159,171,23.7795,120.5137,0.6016363213220096
2160,171,23.7987,120.4113,-0.3135169806428046
2161,171,23.752,120.2468,0.2334808168009439
2162,171,23.632,120.6052,1.6792984913600446
2163,171,23.6135,120.5282,0.6473270282952772
2164,171,23.5799,120.291,0.6311674736697769
2165,171,23.5407,120.2153,0.4577360667404258
2166,171,23.5212,120.5443,-0.0946997354828641
2167,171,23.52,120.584,0.0546098386745554
2168,171,23.6073,120.4788,2.0193437198290485
2169,171,23.5207,120.344,-0.0449547014372007
2170,171,23.4388,120.5957,0.9878722234467244
2171,171,23.3583,120.5833,-0.9225298305525468
2172,171,23.3832,120.1635,0.2198123953127045
2173,171,23.4765,120.4632,0.46734612716736
2175,171,23.2803,120.4083,0.1767531287443365
2176,171,23.2878,120.501,-0.0400231806822903
2178,171,23.2698,120.2705,1.229668374136106
2179,171,23.2627,120.1315,0.8242871349964259
2180,171,23.1495,120.4098,-0.1723598704218107
2181,171,23.1725,120.3192,0.146340203598397
2182,171,23.1243,120.2392,-0.1380812306594384
2183,171,23.0768,120.5107,-0.541658072373052
2184,171,23.1213,120.45,-0.1534832521181066
2185,171,23.027,120.3402,-0.3319495827661246
2186,171,22.906,120.345,0.3656393152875871
2187,171,22.999,120.1837,0.1779192569351013
2188,171,23.0648,120.1645,0.2950560509559444
2189,171,23.5103,120.8052,-0.3957006042991431
2190,171,23.5672,119.5552,1.95669072329009
2193,171,23.1848,120.528,-0.8466731636321791
2194,171,23.5972,120.6777,0.0578214690103226
2195,171,23.267,120.488,-1.7442346794852537
2196,171,23.7237,120.2975,0.3676310675782896
2197,171,23.351,120.5932,-0.2904742455973396
2198,171,23.3462,120.4293,0.7909919570426135
2199,171,23.2673,120.2163,1.6054232983250456
2200,171,23.7913,120.4783,-1.1832649532762654
2201,171,23.6538,120.1472,0.716374792705254
2202,171,23.7935,120.3205,-0.3912209224148523
2203,171,23.1373,120.2802,-0.1100477352212648
2204,171,23.2272,120.3418,0.1570320587575137
2205,171,23.6862,120.5622,0.2413765324798724
2207,171,23.6695,120.4648,1.1039076462321626
2209,171,23.7912,120.2273,0.9774113715612708
2210,171,23.7035,120.183,1.1373652001344856
2211,171,23.0372,120.1187,-0.0278743571654148
2212,171,23.149,120.079,0.5075703553894717
2213,171,23.0775,120.1082,0.2801459142828013
2215,171,23.6608,121.414,0.4780039230651504
2216,171,23.6732,121.4173,-1.0211731666209387
2217,171,23.9877,121.6173,-0.499077595327569
2218,171,23.9925,121.6165,-0.2114425017456027
2219,171,23.9962,121.5858,0.2623450399463821
2220,171,23.993,121.6233,-0.7894725475110523
2221,171,23.978,121.591,0.0127347827739547
2222,171,23.9732,121.5993,-0.4123343610052406
2223,171,23.9757,121.553,-0.738773844651611
2224,171,23.9648,121.56,-1.068866458145445
2225,171,23.9497,121.5392,-0.9505853794279694
2226,171,23.977,121.605,0.012408123228405
2227,171,23.8137,121.4328,-0.8543584466387057
2228,171,24.2675,121.7325,0.9219125493695752
2229,171,24.08,121.5955,-1.6044325630455434
2230,171,23.3522,121.297,-2.272084309668811
2231,171,24.163,121.6447,-0.5276037797439749
2232,171,24.1185,121.6165,-0.4504578169131983
2233,171,24.055,121.591,-0.0317212442654282
2234,171,24.0172,121.6013,0.2549773082799252
2235,171,23.9373,121.5702,-1.1929127152665904
2236,171,23.7852,121.4488,-0.8386743607414865
2237,171,23.7653,121.4922,-0.9680962371766724
2238,171,23.7108,121.412,0.7640808831033356
2239,171,23.6867,121.4747,-0.2663102858251446
2240,171,23.5905,121.3772,-0.1670333090960165
2241,171,23.732,121.4362,0.3920046576852425
2242,171,23.4995,121.367,-1.61638123516473
2243,171,23.4542,121.384,-0.8365102672980222
2244,171,23.4615,121.3445,-1.7266897240190668
2245,171,23.3845,121.3523,-0.9943646151247746
2246,171,23.2675,121.2942,-0.6873224038515867
2247,171,23.7092,121.54,-1.1094865151758646
2248,171,23.6538,121.5268,-1.98448646321869
2249,171,24.3095,121.7405,0.9716106723391874
2250,171,24.1492,121.6213,0.0199846309437691
2251,171,24.0113,121.5715,-0.1111223906824124
2252,171,23.9952,121.5577,0.2261124993433333
2253,171,23.9897,121.584,-0.3157121292640527
2254,171,23.8703,121.548,0.3620570272521733
2255,171,23.3232,121.3323,-1.1035293317318005
2256,171,24.1795,121.5077,-0.1146997594095958
2257,171,24.16,121.61,0.8405418193316211
2258,171,23.9672,121.484,-0.0187861713477204
2259,171,23.8713,121.5005,-0.3298359700485681
2260,171,23.8703,121.59,-2.117609119156397
2263,171,24.845,121.7973,0.0296105207330027
2264,171,24.7982,121.7813,0.7161010905464806
2266,171,24.6978,121.8052,0.3970282149564803
2267,171,24.6412,121.825,0.800174740209586
2268,171,24.5943,121.8462,1.1061611242615308
2269,171,24.7088,121.7628,0.624110703393251
2270,171,24.619,121.7812,0.7669271092317106
2271,171,24.7807,121.7335,0.7241658234183462
2272,171,24.732,121.7294,1.5960902375014792
2273,171,24.6945,121.7202,-0.0662616623590959
2275,171,24.749,121.684,0.4881788787022529
2276,171,24.7135,121.644,0.2192416655352342
2277,171,24.6448,121.588,-0.9846299990979588
2278,171,24.7278,121.755,1.1055440194173152
2279,171,24.5995,121.8337,0.818375172048937
2280,171,24.7455,121.7142,0.8142946553684359
2281,171,24.7233,121.7917,0.6112749621012098
2282,171,24.6903,121.792,0.3102782524371328
2284,171,24.666,121.7338,0.0627463160057462
2285,171,24.7663,121.7612,1.006433640994755
2286,171,24.7655,121.748,0.4005738186395594
2287,171,24.428,121.7407,0.7864119646405038
2289,171,24.6092,121.8488,-0.4268010162950916
2290,171,24.7387,121.8083,0.9625374791500704
2291,171,24.7622,121.8088,0.196893493486314
2292,171,24.6667,121.8205,0.4678300734148893
2293,171,24.5233,121.825,0.1972598717827707
2294,171,24.4677,121.7933,0.3297989858783409
2296,171,24.477,121.7787,0.1781075749604956
2297,171,24.4473,121.7707,0.6339968199530236
2298,171,24.44,121.3728,0.8504919084836496
2299,171,23.1618,120.6355,-1.8191481937092004
2300,171,22.7873,120.279,-1.6923085414164507
2301,171,22.902,120.5352,0.3374444887324235
2302,171,23.1625,120.7573,-0.6960791969607882
2303,171,23.2777,120.7128,-0.9479924004250854
2304,171,22.8873,120.6567,-0.6094524607359157
2305,171,22.7112,120.6412,-0.2031445807722142
2306,171,22.8858,120.3222,-0.3433128208314257
2307,171,25.0863,121.45,0.8392937564989545
2309,171,25.0758,121.5083,0.1767249224674364
2310,171,25.0758,121.5273,0.3230123870744479
2311,171,25.063,121.4813,0.5370742457710251
2312,171,25.0572,121.5253,0.4410557103395816
2313,171,25.0578,121.5442,0.6039618642236353
2314,171,25.0528,121.448,1.0282764271597586
2315,171,25.0388,121.5263,0.5049581140398941
2317,171,25.0203,121.4652,0.2406751722698966
2318,171,25.017,121.5027,0.715987831978259
2319,171,25.0045,121.5073,0.0951743452246166
2320,171,25.0007,121.4748,1.3681845609488448
2321,171,24.9803,121.5293,1.0086857954132675
2322,171,24.955,121.5303,0.4249416541445633
2323,171,24.9239,121.535,1.7531920675446868
2324,171,25.183,121.4167,0.3081210995894203
2325,171,25.1255,121.4532,0.8453920954142918
2326,171,24.9913,121.41,0.4744201870314788
2328,171,25.148,121.4365,1.095330011808102
2329,171,25.1008,121.4403,0.3937860503840057
2330,171,25.0817,121.3828,0.5310432452201724
2331,171,24.959,121.5143,1.1382738065790363
2332,171,25.1865,121.5202,-0.2426713004096806
2336,171,25.056,121.872,1.0148677524734853
2337,171,25.0237,121.906,-0.0816749827132961
2339,171,25.1008,121.4177,-0.1226581635193408
2340,171,25.0385,121.5762,1.573575617014566
2341,171,25.027,121.5595,0.7582367127766911
2342,171,25.0573,121.5945,1.188415397701951
2343,171,25.141,121.4758,0.6070208156358095
2344,171,25.1353,121.4913,1.3676099816655236
2345,171,25.103,121.5395,0.7590264346732585
2346,171,25.0351,121.519,0.5225112384041344
2347,171,25.071,121.781,1.581662671785261
2348,171,25.158,121.7202,-0.2503559378329279
2349,171,25.0473,121.1357,-0.0540354932764658
2350,171,24.9118,121.1405,1.291640502497353
2351,171,25.0015,121.3097,0.0794696865898745
2352,171,25.0092,121.2062,0.5484538139930216
2353,171,25.0003,121.1533,0.3468005870798163
2354,171,25.0463,121.3075,0.0340248977988987
2355,171,24.7757,121.075,0.3320385264366196
2356,171,24.5588,120.7492,-0.40941848342767
2357,171,24.5615,120.701,0.1158093842914317
2358,171,24.6855,120.8623,0.2474321591825927
2359,171,24.639,120.8568,0.0917590393124184
2360,171,24.6157,120.7877,-0.4884890512808921
2361,171,24.4488,120.6963,0.2222375091019236
2362,171,24.4912,120.663,1.016336490927597
2363,171,24.4917,120.7837,0.9899784812794328
2364,171,24.4497,120.6455,0.7559604740380238
2365,171,24.5542,120.8077,0.8469072331950689
2366,171,24.5412,120.9137,-0.204540385977672
2367,171,24.4683,120.8543,-0.4695922270686133
2368,171,24.18,120.594,1.6809773746866767
2369,171,24.1815,120.6338,-0.6884730879479583
2370,171,24.1603,120.6518,-0.6440929914549699
2371,171,24.198,120.7393,0.4676421349046819
2372,171,24.1935,120.6688,-0.7688470559048005
2373,171,24.1612,120.675,-1.1670832597994385
2374,171,24.1392,120.6643,0.3235524360602326
2375,171,24.1588,120.6238,-0.8009167985867444
2376,171,24.1732,120.6107,-1.1222812133819997
2377,171,24.2687,120.5637,1.2013076317328564
2378,171,24.2247,120.644,-0.8290941840890684
2379,171,24.1355,120.549,-0.2901766541440042
2380,171,24.1083,120.6158,-0.0269885021642728
2381,171,24.0588,120.6912,1.4718452721127442
2382,171,24.0912,120.72,1.3248373494919232
2383,171,24.2772,120.7658,-1.273264315992575
2384,171,23.9855,120.7883,-0.3043216173534828
2385,171,24.014,120.9492,0.0842145968723936
2386,171,23.9622,120.9618,-0.7957299818064054
2387,171,23.9827,120.6778,-0.53509356155432
2388,171,23.9077,120.6757,0.0021105640196151
2389,171,23.812,120.8455,-2.0268210280924173
2390,171,23.8395,120.8942,1.2340882207504806
2391,171,24.8022,120.9695,-0.2836867384890602
2392,171,24.1475,120.676,-0.7120027123211629
2393,171,24.97,121.1867,0.3755477989257139
2394,171,23.883,120.8998,-2.0053394468885326
2396,171,24.3482,120.7733,-1.215265844635092
2397,171,24.2533,121.1758,1.214274443771222
2398,171,23.9037,120.8565,-2.58747679822614
2399,171,25.0117,121.2792,0.3068356339915302
2400,171,24.7695,121.0488,-0.1389680068586758
2401,171,24.7433,120.899,0.5422175595700176
2402,171,24.1858,120.6153,-0.921607090185334
2403,171,24.3098,120.7072,-0.9948657662610652
2404,171,24.2455,120.6018,-0.1598607538421863
2405,171,24.239,120.559,0.4222491889029121
2406,171,24.0833,120.5518,0.2135054453196503
2407,171,24.0727,120.5402,-0.1882704989526139
2408,171,24.0848,120.5713,0.0268397376800775
2409,171,23.9622,120.5695,0.2627081402633982
2410,171,24.1137,120.4872,-0.7835205274506549
2411,171,24.0557,120.424,-0.2320665953357523
2412,171,23.8928,120.3865,0.0098209778606594
2413,171,23.9595,120.4693,-0.1660253683696655
2414,171,23.8568,120.5803,-0.478065905585811
2415,171,24.1335,120.4598,0.427644289151905
2416,171,24.0027,120.4235,-0.6010875040863038
2417,171,23.9242,120.3122,-0.1340565647722761
2418,171,23.9803,120.613,-0.3449267059334658
2419,171,23.8128,120.6097,0.6297582732896201
2420,171,24.0187,120.5437,-0.5367079805294277
2421,171,24.4162,120.7607,-0.3116485253663672
2422,171,23.8783,120.6843,0.8859398476275925
2423,171,24.5673,120.8165,-0.6834726938683741
2424,171,24.2603,120.6518,-0.5539576954108338
2425,171,24.185,120.922,-0.9593093291800356
2426,171,23.9223,120.5955,-0.1679587458956233
2427,171,23.9578,120.3593,-0.3333787606995523
2428,171,23.8338,120.464,-0.6880884624314371
2429,171,23.98,120.3368,-0.0673655107979023
2430,171,24.8592,121.2475,0.6029721430032987
2431,171,23.3178,121.4425,-1.467413357290913
2432,171,22.9102,121.1287,-0.6081610639561823
2433,171,23.0992,121.3653,-0.71829197701793
2434,171,23.1268,121.2057,-2.062501998578816
2435,171,23.0973,121.2105,-0.8978575308743779
2436,171,23.053,121.1557,-0.427480425474214
2437,171,22.9725,121.1083,-1.2227221790196243
2438,171,22.9045,121.072,-0.808945514602467
2439,171,22.863,121.083,-1.1386319145338637
2440,171,22.8078,121.086,-0.6087875253263763
2441,171,23.3563,121.4603,-0.8048295119993245
2442,171,23.2462,121.4055,-0.8329173051321013
2443,171,23.193,121.3878,-1.8246815025151848
2444,171,23.1512,121.198,-1.445226110943387
2445,171,23.1342,121.1177,0.1316425115654972
2447,171,23.0068,121.1655,-1.1823679588611304
2448,171,22.9757,121.1478,-1.6091992670423998
2449,171,22.9658,121.232,-1.074245318236602
2450,171,23.1887,121.0168,-0.0983174715402131
3835,171,23.6013,120.1715,1.1878645222696875
3836,171,23.4853,120.2692,0.2575269009674857
3837,171,23.4653,120.544,-0.0603516815156118
3838,171,23.3328,120.1523,0.2015977302269511
3839,171,23.2963,120.5828,-0.3702176842488507
3840,171,23.355,120.4052,0.2131462676357209
3841,171,23.2212,120.1532,0.5254657715712835
2451,172,23.355,120.4052,0.9762598508730036
2452,172,23.2212,120.1532,1.4727666689835357
2453,172,23.2147,120.268,0.8181482098521357
2454,172,23.1795,120.4778,0.4872115951598234
2455,172,23.0457,120.4615,0.351571690821093
2456,172,23.757,120.6062,0.70003641289705
2457,172,23.7795,120.5137,1.3641415469807792
2458,172,23.7987,120.4113,-0.3845730653480295
2459,172,23.752,120.2468,0.0830255478432739
2460,172,23.632,120.6052,1.4282168811725722
2461,172,23.6135,120.5282,0.6791621054425022
2462,172,23.5799,120.291,0.8363042035219734
2463,172,23.5407,120.2153,0.9622643605956598
2464,172,23.5212,120.5443,0.8409756426689072
2465,172,23.52,120.584,2.0629312440961525
2466,172,23.6073,120.4788,1.453765773111219
2467,172,23.5207,120.344,0.2293457875428981
2468,172,23.4388,120.5957,2.078812757200352
2469,172,23.3583,120.5833,0.6765612993380544
2470,172,23.3832,120.1635,0.1565676786444853
2471,172,23.4765,120.4632,0.7607962109672627
2473,172,23.2803,120.4083,0.2893383239567373
2474,172,23.2878,120.501,1.1657249971081054
2476,172,23.2698,120.2705,1.9122262546206628
2477,172,23.2627,120.1315,1.0992018293560792
2478,172,23.1495,120.4098,0.2598814387741076
2479,172,23.1725,120.3192,0.5913442248943965
2480,172,23.1243,120.2392,0.1944404383613581
2481,172,23.0768,120.5107,-0.490932443254474
2482,172,23.1213,120.45,0.6493458374810233
2483,172,23.027,120.3402,0.7467915924672259
2484,172,22.906,120.345,1.2160760785102631
2485,172,22.9205,120.2078,0.6988734090219793
2486,172,22.999,120.1837,0.6515302914694675
2487,172,22.9737,120.1815,0.4217906361045896
2488,172,22.971,120.2286,0.201225227415484
2489,172,23.5103,120.8052,0.4713454643866023
2490,172,23.5672,119.5552,1.6771398219415965
2493,172,23.1848,120.528,-0.2424554409106541
2494,172,23.5972,120.6777,2.6793613362898925
2495,172,23.267,120.488,0.0654692666737833
2496,172,23.7237,120.2975,0.6586401394511666
2497,172,23.351,120.5932,1.8965896700876224
2498,172,23.3845,120.519,0.5097672505512644
2499,172,23.3462,120.4293,1.6196880704584886
2500,172,23.2673,120.2163,2.009432035959371
2501,172,23.6538,120.1472,0.4054435530874697
2502,172,23.7935,120.3205,-0.7169273224616959
2503,172,22.983,120.2327,0.3450275170369024
2504,172,23.1373,120.2802,0.2079991460453505
2505,172,23.2272,120.3418,0.4494165019421665
2506,172,23.6862,120.5622,1.5910561995711467
2508,172,23.6695,120.4648,0.8871281265243444
2510,172,23.0372,120.1187,0.7659573273712774
2511,172,23.149,120.079,0.3909119128936053
2512,172,23.0775,120.1082,0.9303695483475716
2514,172,23.6608,121.414,-0.7830289622347532
2515,172,23.6732,121.4173,-0.7043795082814607
2516,172,23.9925,121.6165,-1.4793370029252078
2517,172,23.9962,121.5858,-1.0542756705711842
2518,172,23.993,121.6233,-1.8288788182307087
2519,172,23.978,121.591,-1.0344744067931932
2520,172,23.9732,121.5993,-1.5768741878364627
2521,172,23.9757,121.553,-2.043690057766707
2522,172,23.9648,121.56,-2.341536468440228
2523,172,23.9497,121.5392,-2.0080288726021065
2524,172,23.977,121.605,-1.28163334129218
2525,172,23.8137,121.4328,-2.1468919210724584
2526,172,24.2675,121.7325,-0.1669929484482436
2527,172,23.3522,121.297,-1.5560546384498684
2528,172,24.163,121.6447,-1.965180069439108
2529,172,24.055,121.591,-2.0313287520642627
2530,172,24.0172,121.6013,-1.4168805915811808
2531,172,23.9373,121.5702,-1.9966309769923984
2532,172,23.7852,121.4488,-2.2884982310893665
2533,172,23.7653,121.4922,-1.8722455642831708
2534,172,23.7108,121.412,0.160317669051764
2535,172,23.6867,121.4747,-1.2759502850553068
2536,172,23.5905,121.3772,-1.0961393186320745
2537,172,23.732,121.4362,-0.2747894165585595
2538,172,23.4995,121.367,-1.7149150976651817
2539,172,23.4542,121.384,-0.7532379835882408
2540,172,23.4615,121.3445,-1.7652783610420146
2541,172,23.3845,121.3523,-0.5713594221088769
2542,172,23.2675,121.2942,0.5930753769638075
2543,172,23.7092,121.54,-2.342737051797771
2544,172,23.6538,121.5268,-2.2474044212090267
2545,172,24.3095,121.7405,-0.3936508140594362
2546,172,24.1492,121.6213,-1.2070866689991024
2547,172,24.0113,121.5715,-0.7768588632709241
2548,172,23.9952,121.5577,-1.313450165309077
2549,172,23.9897,121.584,-2.032648453947678
2550,172,23.8703,121.548,-1.2097337151478058
2551,172,24.1795,121.5077,-1.0403648986256846
2552,172,24.16,121.61,-0.5223046700833656
2553,172,23.9672,121.484,-1.440471369569473
2554,172,23.8713,121.5005,-1.6944606963780109
2556,172,24.6412,121.825,-0.3794586220160212
2557,172,24.5943,121.8462,-0.210176814234345
2558,172,24.732,121.7294,0.3726808189786635
2559,172,24.7455,121.7142,-0.5223228956326686
2561,172,24.7663,121.7612,-0.0726720076889283
2562,172,24.4677,121.7933,-0.1556252995958431
2563,172,24.477,121.7787,-0.6864764726086761
2564,172,24.4473,121.7707,0.3161926726814682
2565,172,24.44,121.3728,0.4820258790298268
2566,172,23.1618,120.6355,-1.0112399968421597
2567,172,22.7873,120.279,0.3980162805570334
2568,172,22.8797,120.3707,0.8978255190340435
2569,172,22.891,120.4738,-0.4643061276696169
2570,172,22.902,120.5352,0.989363684722914
2571,172,22.6707,120.491,0.3430181924019212
2572,172,23.1625,120.7573,-0.0411137778625584
2573,172,23.2777,120.7128,0.2200808054238644
2574,172,22.9053,120.1732,0.5884607983561748
2575,172,22.7852,120.2385,0.0556757855650892
2576,172,22.7303,120.3412,0.2201678955009075
2577,172,22.8873,120.6567,-0.3720742552864354
2578,172,22.574,120.5663,0.1901913857763489
2579,172,22.747,120.7233,-0.262226029555833
2580,172,22.7112,120.6412,0.0470149448365116
2581,172,22.8858,120.3222,0.5986817334561135
2582,172,22.6461,120.306,-0.1755596931349227
2583,172,24.955,121.5303,0.2667439618110271
2584,172,24.959,121.5143,0.7724655489548956
2585,172,24.9118,121.1405,-0.5126631817647541
2586,172,24.7572,120.9345,0.2312381936193263
2587,172,24.7808,121.0068,-0.6288699867316005
2588,172,24.7757,121.075,-0.4473964095762477
2589,172,24.5588,120.7492,0.1165103807809572
2590,172,24.5615,120.701,0.1271472354942288
2591,172,24.523,120.8148,-0.3026684792637311
2592,172,24.6855,120.8623,1.992206610706944
2593,172,24.639,120.8568,0.6377046476585536
2594,172,24.6157,120.7877,-0.0145402832109116
2595,172,24.4488,120.6963,-0.2073143341979522
2596,172,24.4912,120.663,0.2647274047815788
2597,172,24.4917,120.7837,0.2395785048724703
2598,172,24.4497,120.6455,0.0348360153811541
2599,172,24.5542,120.8077,0.6652569796247809
2600,172,24.5412,120.9137,-0.9868291039416272
2601,172,24.4683,120.8543,-0.8337551954156296
2602,172,24.6188,120.9387,0.402111535234996
2603,172,24.18,120.594,1.3123241252633342
2604,172,24.179,120.6902,-0.3943391786786343
2605,172,24.1815,120.6338,-0.5458340365790194
2606,172,24.1603,120.6518,-0.2314462967579444
2607,172,24.198,120.7393,-0.3574088737571181
2608,172,24.1935,120.6688,-0.3467914020444563
2609,172,24.1612,120.675,-0.3165012328019683
2610,172,24.1588,120.6238,0.03570167997924
2611,172,24.1732,120.6107,-0.5226615219119665
2612,172,24.2687,120.5637,0.9523256603583076
2613,172,24.2247,120.644,-0.8600312737129036
2614,172,24.1355,120.549,0.9420854849965494
2615,172,24.1083,120.6158,-0.0232697513815882
2616,172,24.3457,120.61,-0.768378378660511
2617,172,24.0588,120.6912,3.3666943759116204
2618,172,24.0912,120.72,2.6111772635609536
2619,172,24.2772,120.7658,-0.6891565221917082
2620,172,24.196,120.5403,0.7389002182041713
2621,172,23.9855,120.7883,2.387775077644433
2622,172,24.0407,120.8488,1.3997610054233192
2623,172,24.014,120.9492,-1.5967606689516918
2624,172,23.9622,120.9618,-1.428991766374621
2625,172,23.9827,120.6778,1.4242482532784964
2626,172,23.9077,120.6757,2.497054070209469
2627,172,23.812,120.8455,1.503013807302782
2628,172,23.8395,120.8942,1.4862198682829908
2629,172,24.8022,120.9695,-0.553519532056672
2630,172,24.1475,120.676,-0.0465149022824835
2631,172,23.883,120.8998,-0.8862039825037854
2633,172,24.3482,120.7733,-0.6905226645184347
2634,172,23.9037,120.8565,-1.167538234044334
2635,172,24.7695,121.0488,-0.3874451386964696
2636,172,24.6917,121.0135,0.6175676076627307
2637,172,24.7433,120.899,0.301336210955145
2638,172,24.1858,120.6153,-0.5137696201047753
2639,172,24.2493,120.7208,-0.7735111919358186
2640,172,24.3098,120.7072,-0.8805164793670123
2641,172,24.2455,120.6018,-1.072170449825371
2642,172,24.239,120.559,-0.0981320855942034
2643,172,24.0833,120.5518,0.4018991628269173
2644,172,24.0727,120.5402,0.8523276010064209
2645,172,24.0848,120.5713,1.2730524528857707
2646,172,24.0557,120.424,-0.3745459774051159
2647,172,23.8928,120.3865,-0.3532000962157552
2648,172,23.9595,120.4693,-0.0886441821238982
2649,172,23.8568,120.5803,0.8136460748126211
2650,172,24.1335,120.4598,0.2958661960265912
2651,172,24.0027,120.4235,0.2987953571658314
2652,172,23.9242,120.3122,-0.6155555940300558
2653,172,23.9803,120.613,0.376764183341961
2654,172,23.8128,120.6097,1.5627962039783438
2655,172,24.0187,120.5437,0.1297533994592926
2656,172,24.4162,120.7607,-0.8884790754698918
2657,172,23.8783,120.6843,3.284986239405608
2658,172,24.5673,120.8165,-0.5049248022384054
2659,172,24.2603,120.6518,-0.8425918226682432
2660,172,23.9223,120.5955,1.0351528221802857
2661,172,23.9578,120.3593,-0.1595062345473742
2662,172,23.8338,120.464,0.2729000696735295
2663,172,23.98,120.3368,0.1544659064442803
2664,172,24.8592,121.2475,0.1115961191937402
2665,172,23.3178,121.4425,-1.1968002663923492
2666,172,22.6178,120.9975,0.18094215183367
2667,172,22.9102,121.1287,-0.6501402213134005
2668,172,22.7488,121.1442,-1.1485175067355238
2669,172,22.74,121.1135,-0.8845665561630918
2670,172,22.7662,121.133,-1.4199982909318285
2671,172,23.0992,121.3653,-0.2742195816999188
2672,172,22.8207,121.0717,-1.226909410858445
2673,172,23.1268,121.2057,-1.931190233800013
2674,172,23.0973,121.2105,-0.8719355714134605
2675,172,22.9725,121.1083,-1.0005248315016686
2676,172,22.9045,121.072,-0.4834313799029723
2677,172,22.863,121.083,-0.650287802680331
2678,172,22.8078,121.086,-0.2332412443948503
2679,172,22.779,121.0543,-1.471106138075656
2680,172,23.3563,121.4603,-0.5597589213479344
2681,172,23.2462,121.4055,-1.031130953887474
2682,172,23.193,121.3878,-1.488137838326984
2683,172,22.7988,121.1855,-1.0270295679957933
2684,172,23.1512,121.198,-1.680939959482135
2685,172,23.1342,121.1177,0.1450861235784488
2687,172,23.0068,121.1655,-0.9537925885519009
2688,172,22.9757,121.1478,-1.5808107236045106
2689,172,22.9658,121.232,-0.0367862926451649
2690,172,22.773,121.0827,-0.8740535365820437
2691,172,22.674,121.0293,0.4741703055043242
2692,172,23.1887,121.0168,-0.4657225979129814
3842,172,23.7192,120.4125,0.4786286625892857
3843,172,23.6013,120.1715,1.7058900120542368
3844,172,23.5815,120.552,1.669598361501369
3845,172,23.4853,120.2692,0.3846863320782177
3846,172,23.4653,120.544,1.285991536110416
3847,172,23.3328,120.1523,0.9079337842941844
3848,172,23.2963,120.5828,1.7836719951725064
2693,173,23.355,120.4052,1.7663256979099724
2694,173,23.2212,120.1532,1.1912476650655244
2695,173,23.2147,120.268,-0.1354978175762383
2696,173,23.1795,120.4778,0.2970021375176201
2697,173,23.0457,120.4615,0.287345550616946
2698,173,23.757,120.6062,-0.7014246347048423
2699,173,23.7795,120.5137,-0.1277100326916468
2700,173,23.7987,120.4113,-0.7015844116978914
2701,173,23.752,120.2468,-0.0360069342598203
2702,173,23.632,120.6052,1.023138242364363
2703,173,23.6135,120.5282,-0.1254441916450472
2704,173,23.6443,120.4758,0.2333737534569574
2705,173,23.5799,120.291,-0.0262361901552734
2706,173,23.5407,120.2153,0.3337282523874558
2707,173,23.5212,120.5443,0.7183666763255305
2708,173,23.52,120.584,1.0971350812151983
2709,173,23.6073,120.4788,0.7487744887098208
2710,173,23.5207,120.344,0.3956636509159473
2711,173,23.3583,120.5833,1.1892189107198594
2712,173,23.3832,120.1635,0.7624082926092042
2713,173,23.4765,120.4632,1.769447189506162
2715,173,23.2803,120.4083,0.3289821938940543
2716,173,23.2878,120.501,0.9723594909751212
2718,173,23.2698,120.2705,0.7372440940528301
2719,173,23.2627,120.1315,1.7284803852215305
2720,173,23.1495,120.4098,-0.0773536735983031
2721,173,23.1725,120.3192,0.9565165089426912
2722,173,23.184,120.1025,0.5556725084592324
2723,173,23.1243,120.2392,0.2211993071329505
2724,173,23.0768,120.5107,-0.2426592161604786
2725,173,23.1213,120.45,1.011419520259862
2726,173,23.027,120.3402,0.0942969539454092
2727,173,22.906,120.345,0.9878332380836664
2728,173,22.9205,120.2078,0.0990070562651343
2729,173,22.999,120.1837,0.9274204676851112
2730,173,22.9737,120.1815,0.2473648361734851
2731,173,22.971,120.2286,-0.0360955382719776
2732,173,23.0648,120.1645,1.2254293301289136
2733,173,23.5103,120.8052,0.5381847289205198
2734,173,23.5672,119.5552,1.337743677729513
2737,173,23.1848,120.528,-0.4009035124602316
2738,173,23.5972,120.6777,-0.425992040602264
2739,173,23.267,120.488,-0.778298321707962
2740,173,23.7237,120.2975,0.4574415640277451
2741,173,23.351,120.5932,1.4032270048582207
2742,173,23.3845,120.519,1.2152667448041476
2743,173,23.3462,120.4293,1.40044764575114
2744,173,23.2673,120.2163,0.6447259674747823
2745,173,23.7913,120.4783,-0.4237408830363249
2746,173,23.6538,120.1472,-0.705089117536645
2747,173,23.7935,120.3205,-0.2747343077926258
2748,173,22.983,120.2327,-0.0371275981340503
2749,173,23.1373,120.2802,0.1717411673237664
2750,173,23.2272,120.3418,0.6313432092593365
2751,173,23.6862,120.5622,1.5726857281042532
2753,173,23.6695,120.4648,-0.6612727813554891
2755,173,23.0372,120.1187,1.4279432395848044
2756,173,23.149,120.079,1.3728788191480965
2757,173,23.0775,120.1082,0.8338770904214899
2759,173,23.6608,121.414,0.5665238211861271
2760,173,23.6732,121.4173,-0.2473523714410297
2761,173,23.9877,121.6173,-1.5082901017361787
2762,173,23.9925,121.6165,-0.9773679898627547
2763,173,23.9962,121.5858,-0.46486553356384
2764,173,23.978,121.591,-0.6731940355578838
2765,173,23.9732,121.5993,-0.8516698265947799
2766,173,23.9757,121.553,-1.218460615596925
2767,173,23.9648,121.56,-1.6257809971370198
2768,173,23.9497,121.5392,-1.3334374198239962
2769,173,23.977,121.605,-0.0017321965039194
2770,173,23.8137,121.4328,-0.4202421265581149
2771,173,23.3522,121.297,-0.6014697737217353
2772,173,24.163,121.6447,-1.032309882461848
2773,173,24.1185,121.6165,-1.3326119815674795
2774,173,24.055,121.591,-1.2238923313085892
2775,173,24.0172,121.6013,-0.5654532354989483
2776,173,23.9373,121.5702,-1.255266615217539
2777,173,23.7852,121.4488,-0.9908323009091824
2778,173,23.7653,121.4922,-0.443336163355616
2779,173,23.7108,121.412,1.142803142740534
2780,173,23.6867,121.4747,-0.0174646389378937
2781,173,23.5905,121.3772,0.1776575151211266
2782,173,23.732,121.4362,0.336278737492006
2783,173,23.4995,121.367,-0.9033636499688272
2784,173,23.4542,121.384,0.0904887699903439
2785,173,23.4615,121.3445,-1.4297373905136943
2786,173,23.3845,121.3523,-0.8394504438434851
2787,173,23.2675,121.2942,-0.0535861544246733
2788,173,23.7092,121.54,-0.9778114540992774
2789,173,23.6538,121.5268,-1.248017989424186
2790,173,24.3095,121.7405,0.0643807774704793
2791,173,24.1492,121.6213,-0.6105067974073054
2792,173,24.0113,121.5715,-0.0352219215677331
2793,173,23.9952,121.5577,-0.6022908565850228
2794,173,23.9897,121.584,-1.506045312688161
2795,173,23.8703,121.548,-0.0499888222084828
2796,173,23.3232,121.3323,-0.5860034792863635
2797,173,24.1795,121.5077,-1.348432320378522
2798,173,24.16,121.61,-0.6002127069041084
2799,173,23.9672,121.484,-0.5505978383716534
2800,173,23.8713,121.5005,-0.5240234905728022
2802,173,24.44,121.3728,0.2991483531051761
2803,173,23.1618,120.6355,-0.5098149897972143
2805,173,22.591,120.3173,-0.7107116403703997
2806,173,22.6462,120.3585,-0.3800971480275246
2807,173,22.6295,120.3672,0.1135270880477732
2808,173,22.8797,120.3707,0.6212793264814247
2809,173,22.656,120.3317,0.0931099051377566
2810,173,22.509,120.3862,0.2906297366481278
2811,173,22.891,120.4738,-1.0512448168517827
2812,173,22.902,120.5352,0.3307776560337901
2813,173,22.6707,120.491,-0.4136788185231161
2814,173,22.5462,120.4528,0.4635766016334127
2815,173,22.2617,120.6432,-0.1041294076981305
2816,173,22.1922,120.6853,-0.1910362822693302
2818,173,22.7252,120.4908,-0.5655969346524798
2819,173,23.1625,120.7573,2.00475767042303
2820,173,23.2777,120.7128,0.9407260913993116
2821,173,22.5747,120.3353,-0.1352416751955459
2822,173,22.6495,120.3203,-0.2636576629596829
2823,173,22.6237,120.2843,0.3516886122658996
2824,173,22.9053,120.1732,-0.1766440072267066
2825,173,22.7852,120.2385,0.9857135143483516
2826,173,22.7303,120.3412,0.5348288940365796
2827,173,22.8873,120.6567,0.1289827956636631
2828,173,22.5348,120.5362,-0.0343206641419942
2829,173,22.574,120.5663,0.1534449860198107
2830,173,22.4903,120.499,0.7128792488667001
2831,173,22.747,120.7233,-0.1914244277652483
2832,173,22.7112,120.6412,0.1710638405223716
2833,173,22.0095,120.7367,0.6730557090074126
2834,173,22.5673,120.4475,-0.0046912160151145
2835,173,22.8858,120.3222,0.5184150643120504
2836,173,22.6128,120.3113,-0.2814918841484519
2837,173,22.6461,120.306,-0.1463412796929564
2838,173,22.4805,120.403,-0.4370998637219477
2839,173,25.017,121.5027,0.1503373935521723
2840,173,25.0385,121.5762,1.3499830446741483
2841,173,24.7808,121.0068,0.3954830680823205
2842,173,24.7757,121.075,0.4475022143936076
2843,173,24.5588,120.7492,0.8982958119049707
2844,173,24.5615,120.701,0.4845108803692481
2845,173,24.6855,120.8623,1.5483715764652082
2846,173,24.6157,120.7877,0.201104136058717
2847,173,24.4488,120.6963,-0.0670093781370219
2848,173,24.4912,120.663,-0.0823184587162746
2849,173,24.4917,120.7837,0.970070381780235
2850,173,24.4497,120.6455,0.1731470794153156
2851,173,24.5542,120.8077,1.1106348691395678
2852,173,24.4683,120.8543,-0.7543532655757945
2853,173,24.18,120.594,0.7242063050096555
2854,173,24.179,120.6902,-0.5342817479061965
2855,173,24.1815,120.6338,-0.3587523948351774
2856,173,24.1603,120.6518,-0.8284323768270139
2857,173,24.198,120.7393,-0.7779922364736369
2858,173,24.1935,120.6688,-1.484414166886047
2859,173,24.1612,120.675,-1.1211546159421124
2860,173,24.1588,120.6238,-0.7743184617173728
2861,173,24.1732,120.6107,-1.223323924003033
2862,173,24.2687,120.5637,0.4126546181224598
2863,173,24.2247,120.644,-1.3220301928566276
2864,173,24.1355,120.549,-0.3880827254177943
2865,173,24.3457,120.61,-0.5292590015558207
2866,173,24.0912,120.72,-0.943758917213387
2867,173,24.2772,120.7658,-1.0175061709440538
2868,173,24.196,120.5403,-0.1726919286423559
2869,173,24.1475,120.676,-1.1497197036821345
2870,173,23.883,120.8998,-0.5337023497532872
2871,173,24.3482,120.7733,-0.5759139632200473
2872,173,23.9037,120.8565,-1.80887118385413
2873,173,24.6917,121.0135,1.203339125362737
2874,173,24.7433,120.899,1.120713650697552
2875,173,24.1858,120.6153,-1.0685900308210454
2876,173,24.2493,120.7208,-0.4109880684534832
2877,173,24.3098,120.7072,-0.7579408887747505
2878,173,24.2455,120.6018,-1.018782594457186
2879,173,24.239,120.559,-1.3216267782088522
2880,173,24.0833,120.5518,-0.1990047098273232
2881,173,24.0727,120.5402,-0.1197501205433672
2882,173,24.0848,120.5713,0.0949144175565971
2883,173,23.9622,120.5695,0.0170358015712132
2884,173,24.0557,120.424,0.1405849189975996
2885,173,23.8928,120.3865,-0.5431517899866734
2886,173,23.9595,120.4693,-0.0835634033182876
2887,173,23.8568,120.5803,0.6214564338854864
2888,173,24.1335,120.4598,-0.4787265796034076
2889,173,24.0027,120.4235,0.1938702342751246
2890,173,23.9242,120.3122,-0.1858196507517256
2891,173,23.9803,120.613,-0.5436824354744005
2892,173,23.8128,120.6097,0.7373716835635489
2893,173,24.0187,120.5437,-0.4462707061469198
2894,173,24.5673,120.8165,0.0234510466097689
2895,173,24.2603,120.6518,-0.6308431830373256
2896,173,23.9223,120.5955,-0.0947569074145815
2897,173,23.9578,120.3593,0.3061688971926327
2898,173,23.8338,120.464,-0.2613428089340314
2899,173,23.98,120.3368,0.8911081312254812
2900,173,23.3178,121.4425,0.0038186026499997
2901,173,22.9738,121.2968,-0.6294537568342075
2902,173,22.6178,120.9975,-0.4177695805588521
2903,173,22.9102,121.1287,-0.1142445794776349
2904,173,22.7568,121.1403,-0.5478587455280554
2905,173,22.7717,121.1378,-0.8813086479229502
2906,173,22.7647,121.1427,-0.8899996281111986
2907,173,22.7602,121.1517,-0.2036857317530436
2908,173,22.7488,121.1442,-0.6874572048172336
2909,173,22.74,121.1135,-0.8565204999451281
2910,173,22.7662,121.133,-1.0657777311287362
2911,173,23.0992,121.3653,0.5069959223583871
2912,173,22.754,121.1465,-0.3533080653956862
2913,173,22.8207,121.0717,-0.8229727791575495
2914,173,23.1268,121.2057,-0.0787845533684292
2915,173,23.0973,121.2105,0.3333571656885144
2916,173,23.053,121.1557,0.7922193628310311
2917,173,22.9725,121.1083,0.1487083857683934
2918,173,22.9045,121.072,0.2069509194866515
2919,173,22.863,121.083,-0.6854608221731926
2920,173,22.8078,121.086,-0.3692409950420046
2921,173,22.779,121.0543,-0.8313948842817154
2922,173,23.3563,121.4603,-1.0265835565022836
2923,173,23.2462,121.4055,0.6712506955412596
2924,173,23.193,121.3878,-1.025261828129361
2925,173,22.7988,121.1855,-0.7675129746630337
2926,173,23.1512,121.198,0.7706568881215168
2927,173,23.1342,121.1177,2.1649521250658657
2929,173,23.0068,121.1655,0.763800732112893
2930,173,22.9757,121.1478,-0.4983076262801169
2931,173,22.9658,121.232,0.852030935820141
2932,173,22.773,121.0827,-1.06995377579136
2933,173,22.674,121.0293,-0.0399264486031146
2934,173,23.1887,121.0168,2.327508259586934
3849,173,23.7192,120.4125,-0.2479536983963025
3850,173,23.6013,120.1715,-0.1210861933191155
3851,173,23.5815,120.552,0.8168166690064621
3852,173,23.4853,120.2692,0.602116818001014
3853,173,23.4653,120.544,1.1616601754158833
3854,173,23.3328,120.1523,0.4540871861134887
3855,173,23.2963,120.5828,1.7088851811905257
2935,174,23.2963,120.5828,1.1170656002738324
2936,174,23.355,120.4052,0.7830624893258091
2937,174,23.2212,120.1532,0.8033442440309851
2938,174,23.2147,120.268,0.0490625478470454
2939,174,23.1795,120.4778,1.0016828702241387
2940,174,23.0457,120.4615,1.3731154643772747
2941,174,23.757,120.6062,1.6808611881652842
2942,174,23.7795,120.5137,1.86069791467042
2943,174,23.7987,120.4113,1.5985439291752208
2944,174,23.752,120.2468,2.082854585680317
2945,174,23.6135,120.5282,1.2388641935741709
2946,174,23.6443,120.4758,1.7853043361387058
2947,174,23.5799,120.291,1.2126063534415437
2948,174,23.5407,120.2153,1.4017460203994128
2949,174,23.52,120.584,1.2364424464529145
2950,174,23.5207,120.344,0.9553931579883737
2951,174,23.3583,120.5833,-0.4464585158629192
2952,174,23.3832,120.1635,0.5160738876366696
2953,174,23.4765,120.4632,1.5027616613087849
2955,174,23.2803,120.4083,0.7143170656467801
2956,174,23.2878,120.501,1.0603370320041672
2958,174,23.2698,120.2705,1.4996447760234044
2959,174,23.2627,120.1315,0.59942659836397
2960,174,23.1495,120.4098,0.982905859537103
2961,174,23.1725,120.3192,0.5734214278177371
2962,174,23.184,120.1025,-0.0026306735388602
2963,174,23.1243,120.2392,-0.1205852447550829
2964,174,23.0768,120.5107,0.0921286798066571
2965,174,23.1213,120.45,0.3394951581855766
2966,174,23.027,120.3402,0.1225267042737175
2967,174,22.906,120.345,1.162378912760094
2968,174,22.9205,120.2078,-0.1265012509002297
2969,174,22.999,120.1837,0.2774660542466874
2970,174,22.9737,120.1815,-0.1819171992710026
2971,174,22.971,120.2286,-0.2590302160571132
2972,174,23.0648,120.1645,0.1577034410519001
2973,174,23.5672,119.5552,3.5488474700323747
2976,174,23.1848,120.528,0.2511569387422671
2977,174,23.267,120.488,-0.8018555409525585
2978,174,23.7237,120.2975,2.233309352736424
2979,174,23.351,120.5932,0.1285004857192359
2980,174,23.3845,120.519,0.8323605962645357
2981,174,23.3462,120.4293,1.3568456044191373
2982,174,23.2673,120.2163,1.4396410930327903
2983,174,23.6538,120.1472,1.9494983766833995
2984,174,23.7935,120.3205,1.77664995237454
2985,174,22.983,120.2327,-0.4543023091643474
2986,174,23.1373,120.2802,0.3229684544591928
2987,174,23.2272,120.3418,0.5619357368849837
2990,174,23.7912,120.2273,2.600026400201348
2991,174,23.0372,120.1187,0.2802484408180993
2992,174,23.149,120.079,1.056946353371485
2993,174,23.0775,120.1082,0.8050896974644476
2996,174,23.6608,121.414,-1.0961588881966862
2997,174,23.9877,121.6173,-1.8206323754207787
2998,174,23.9925,121.6165,-0.4342437763879805
2999,174,23.9962,121.5858,-0.133966037308756
3000,174,23.993,121.6233,-1.667873694673859
3001,174,23.978,121.591,-0.4343432700275499
3002,174,23.9732,121.5993,-0.8785962847418897
3003,174,23.9757,121.553,-1.2707213198082492
3004,174,23.9648,121.56,-1.423788511557636
3005,174,23.9497,121.5392,-1.2250659977913751
3006,174,23.977,121.605,0.6047617879961877
3007,174,23.8137,121.4328,-0.9820562656501493
3008,174,24.2675,121.7325,-0.1892169160852653
3009,174,24.08,121.5955,-2.2473190586987064
3010,174,23.3522,121.297,-1.441079786004129
3011,174,24.163,121.6447,-1.4590641871729062
3012,174,24.1185,121.6165,-0.89805631838702
3013,174,24.055,121.591,-1.19685013258048
3014,174,24.0172,121.6013,-0.5489976831786192
3015,174,23.9373,121.5702,-1.1007982943939505
3016,174,23.7852,121.4488,-1.1317336138809648
3017,174,23.7653,121.4922,-0.835279450413901
3018,174,23.7108,121.412,-0.0004662217817618
3019,174,23.6867,121.4747,-0.9127450285042352
3020,174,23.5905,121.3772,-0.1377962341442174
3021,174,23.732,121.4362,-0.7442111019298857
3022,174,23.4995,121.367,-1.7611041706874515
3023,174,23.4542,121.384,-0.9251137430193358
3024,174,23.4615,121.3445,-1.656375302474162
3025,174,23.3845,121.3523,-0.5695496568069606
3026,174,23.2675,121.2942,-0.3280325603999701
3027,174,23.7092,121.54,-1.1427478705539698
3028,174,23.6538,121.5268,-1.927192370464752
3029,174,24.3095,121.7405,-0.2477936858147865
3030,174,24.1492,121.6213,-0.9251544330632268
3031,174,24.0113,121.5715,0.4781989800322642
3032,174,23.9952,121.5577,-0.6463881933193469
3033,174,23.9897,121.584,-1.1664559596210191
3034,174,23.8703,121.548,-0.2589459480456849
3035,174,24.1795,121.5077,-0.6609531146003782
3036,174,24.16,121.61,-0.2141426587191894
3037,174,23.9672,121.484,-0.8098804760402971
3038,174,23.8713,121.5005,-0.9602745010420052
3039,174,23.8703,121.59,-2.4481655257449564
3042,174,24.845,121.7973,-0.6421033448380878
3044,174,24.6978,121.8052,-0.7573583540751987
3045,174,24.6412,121.825,-0.5037588033598535
3046,174,24.5943,121.8462,0.0271465805941776
3047,174,24.7088,121.7628,-0.6320811791827569
3048,174,24.619,121.7812,-0.4532791636101214
3049,174,24.7807,121.7335,-0.5802184759746427
3050,174,24.732,121.7294,0.6132580493049108
3051,174,24.6945,121.7202,-0.9909806181334946
3053,174,24.749,121.684,-0.5259408955218473
3054,174,24.7135,121.644,-0.7760035076122124
3055,174,24.6448,121.588,-1.5585235125775792
3056,174,24.7278,121.755,-0.1456499474704494
3057,174,24.5995,121.8337,0.0458884653370901
3058,174,24.7455,121.7142,-0.7005234075453604
3059,174,24.7233,121.7917,-0.336964753004358
3060,174,24.6903,121.792,-0.5929705970094556
3062,174,24.7663,121.7612,-0.2575147083491274
3063,174,24.7655,121.748,-1.5780524652851864
3064,174,24.7212,121.667,-0.677680809797938
3065,174,24.6092,121.8488,-1.6921337348083418
3066,174,24.9732,121.9183,-1.0256375764221597
3067,174,24.7387,121.8083,0.3270952512431457
3068,174,24.7622,121.8088,-0.7210155304241309
3069,174,24.6667,121.8205,-0.9388879272105064
3070,174,24.5233,121.825,-1.0784253968770787
3071,174,24.4677,121.7933,-0.1976107941611756
3072,174,24.477,121.7787,-0.9395442944042088
3073,174,24.4473,121.7707,-0.0586065902096846
3074,174,23.1618,120.6355,-0.3068326977427499
3075,174,22.6462,120.3585,-0.3305835864167363
3076,174,22.8797,120.3707,0.7493723166902403
3077,174,22.656,120.3317,-0.4520371937454847
3078,174,22.891,120.4738,-0.0793272898311146
3079,174,22.902,120.5352,1.0097892538204976
3080,174,22.6707,120.491,-0.2475604756233524
3081,174,22.6108,120.5588,-0.0720862749174666
3082,174,22.5462,120.4528,-0.2055183805594118
3083,174,22.4643,120.4535,-0.1249653994074028
3084,174,22.5488,120.5327,-0.0749135575541289
3085,174,22.473,120.5427,0.3869528541003688
3086,174,22.2617,120.6432,-0.0091054234696265
3087,174,22.1922,120.6853,-1.111618365989502
3088,174,22.0982,120.7418,-0.6346677384148184
3089,174,22.1905,120.8703,-0.9835067292286416
3091,174,22.7252,120.4908,-0.0493627265692486
3092,174,23.1625,120.7573,1.2416417299573734
3094,174,23.2777,120.7128,0.4183613125018758
3095,174,22.5538,120.3437,-0.583775847061422
3096,174,22.6342,120.2633,-0.4634844908860556
3097,174,22.6495,120.3203,-0.3848339787429247
3098,174,22.6237,120.2843,0.2836692262068149
3099,174,22.9053,120.1732,-0.4015153960811297
3100,174,22.7852,120.2385,-0.4578896135213778
3101,174,22.7303,120.3412,0.1759867878624107
3102,174,22.8873,120.6567,0.5892534740789711
3103,174,22.5348,120.5362,-0.0215417634642355
3104,174,22.574,120.5663,0.3673426062760336
3105,174,22.4903,120.499,0.0210766255127652
3106,174,22.747,120.7233,-0.121907734069776
3107,174,22.7112,120.6412,0.8830172762301622
3108,174,22.0095,120.7367,-0.0990120950285284
3109,174,22.5673,120.4475,-0.5685080120994828
3110,174,22.8858,120.3222,0.6465131120853858
3111,174,22.6128,120.3113,0.1029559566050427
3112,174,22.6461,120.306,-0.287093374331286
3113,174,22.4805,120.403,-0.3248660583913584
3114,174,25.063,121.4813,-0.4163970890058479
3115,174,25.0572,121.5253,-0.4358339829767879
3117,174,25.017,121.5027,-0.4027958953496136
3118,174,25.0045,121.5073,-1.46939477860462
3119,174,25.0007,121.4748,0.6606420226155263
3120,174,24.9803,121.5293,0.2384563762571368
3121,174,24.955,121.5303,-0.0455370850084608
3122,174,24.9239,121.535,0.4972201523378575
3123,174,24.9043,121.5447,-1.1829609349379455
3124,174,25.183,121.4167,-0.287446920024748
3125,174,25.1255,121.4532,0.1341859999583833
3126,174,24.9913,121.41,-0.9214818847664904
3127,174,25.148,121.4365,-0.2309777276232934
3128,174,25.1008,121.4403,-0.0554939992650504
3129,174,25.0817,121.3828,-0.0201363398786068
3130,174,24.959,121.5143,0.6021942698502403
3131,174,25.1565,121.6855,-1.4374075955746768
3132,174,25.1572,121.7237,-1.5042464923338554
3133,174,25.1865,121.5202,-1.1890997104644192
3135,174,25.0082,121.9882,-1.8302884470922047
3136,174,24.9913,121.65,-0.4496656497465962
3139,174,25.056,121.872,-0.2402431525010426
3140,174,25.0237,121.906,-1.6855409304098248
3141,174,25.0182,121.9808,-1.9107252768803864
3142,174,25.2595,121.4938,-1.637563508407825
3143,174,25.2252,121.6295,-1.813236652954423
3145,174,25.1008,121.4177,-1.4283094778602294
3146,174,25.0385,121.5762,0.3211147345036548
3147,174,25.0573,121.5945,0.1643796867037886
3148,174,25.0608,121.582,-0.3342255289593678
3149,174,25.141,121.4758,-0.5537141287476149
3150,174,25.1353,121.4913,-0.3838489290429209
3151,174,25.0207,121.5299,-0.7359332675159733
3152,174,25.103,121.5395,0.172068198844889
3153,174,25.0351,121.519,-0.6495838523087633
3154,174,25.071,121.781,0.3035262024816857
3155,174,25.1053,121.2373,-1.5528713525428517
3156,174,24.9118,121.1405,-0.6694854477539613
3157,174,25.0015,121.3097,-0.8722121090872258
3158,174,25.0092,121.2062,-0.498541939676465
3159,174,25.0463,121.3075,-0.430195951502605
3160,174,24.88,121.0535,-1.056741089899958
3161,174,24.7757,121.075,-0.2212435090643059
3162,174,24.5588,120.7492,1.0598582805439312
3163,174,24.5615,120.701,-0.4232816049942257
3164,174,24.6855,120.8623,0.6801163535305113
3165,174,24.4488,120.6963,0.1315267301539823
3166,174,24.4912,120.663,0.4692532781571465
3167,174,24.4917,120.7837,0.5686400544334798
3168,174,24.4497,120.6455,1.7015376369550137
3169,174,24.5542,120.8077,0.9565611276637038
3170,174,24.4032,120.7578,-0.3263541480820741
3171,174,24.5412,120.9137,-0.0607930748948264
3172,174,24.4683,120.8543,-1.1291027604347252
3173,174,24.18,120.594,2.1302199641497848
3174,174,24.179,120.6902,0.6327740255663215
3175,174,24.1815,120.6338,1.3952812770181575
3176,174,24.1603,120.6518,1.186209136034977
3177,174,24.198,120.7393,-0.6397658842173847
3178,174,24.1935,120.6688,0.3581958599975608
3179,174,24.1612,120.675,-0.2628148512706661
3180,174,24.1392,120.6643,0.5627950554208948
3181,174,24.1588,120.6238,1.62806698526356
3182,174,24.1732,120.6107,0.2601080956983524
3183,174,24.2687,120.5637,1.1425667497401872
3184,174,24.2247,120.644,0.2763381474919912
3185,174,24.1355,120.549,1.918266012921673
3186,174,24.3457,120.61,-0.0670418481668315
3187,174,24.0912,120.72,0.0322506026735715
3188,174,24.2772,120.7658,-0.9526371478264302
3189,174,24.196,120.5403,1.0840263415618194
3190,174,24.8022,120.9695,-0.8245329484411071
3191,174,24.1475,120.676,0.3611253548150275
3192,174,24.97,121.1867,-0.6577216957051231
3194,174,24.3482,120.7733,-1.257808149907277
3195,174,25.0117,121.2792,-1.0168198066666352
3196,174,24.7695,121.0488,-0.6723088766722276
3197,174,24.6917,121.0135,0.9971701370073562
3198,174,24.7957,120.9558,-0.1373375784987393
3199,174,24.7433,120.899,0.8007309479243128
3200,174,24.242,120.7092,0.409916119114298
3201,174,24.2493,120.7208,-0.1381469840883096
3202,174,24.3098,120.7072,-0.2738482547614397
3203,174,24.2455,120.6018,0.9677130034538108
3204,174,24.239,120.559,0.6723411225466
3205,174,24.0833,120.5518,1.6623513475453533
3206,174,24.0727,120.5402,1.312998782871304
3207,174,24.0848,120.5713,1.8495626331413395
3208,174,24.0557,120.424,1.5274732346412077
3209,174,23.8928,120.3865,1.895140766592627
3210,174,23.9595,120.4693,1.4270896430761428
3211,174,24.1335,120.4598,1.2398593593767266
3212,174,24.0027,120.4235,1.7863241051458407
3213,174,23.9242,120.3122,1.861392812491257
3214,174,24.0187,120.5437,0.6279758282890627
3215,174,24.4162,120.7607,0.1585677899804847
3216,174,23.8783,120.6843,2.460194057428916
3217,174,24.5673,120.8165,0.2822470262950899
3218,174,24.2603,120.6518,0.9905117523515824
3219,174,23.9223,120.5955,2.182425632092997
3220,174,23.9578,120.3593,2.1369996771123283
3221,174,23.8338,120.464,2.593222886381418
3222,174,23.98,120.3368,1.911359659187945
3223,174,23.3178,121.4425,-1.3470122251853704
3224,174,22.9738,121.2968,-0.8343694240897476
3225,174,22.6178,120.9975,0.2254511415846997
3226,174,22.9102,121.1287,0.310122021431384
3227,174,22.7568,121.1403,-0.6184793246993933
3228,174,22.7647,121.1427,-1.548789508060044
3229,174,22.7602,121.1517,-1.352850277905147
3230,174,22.7488,121.1442,-0.890570818599992
3231,174,22.74,121.1135,-0.8410151895168773
3232,174,22.7662,121.133,-1.3062032111796074
3233,174,22.7678,121.1277,-2.231589344543997
3234,174,23.0992,121.3653,-0.3195404477839947
3235,174,22.754,121.1465,-1.0510864279999617
3236,174,22.8207,121.0717,-0.2195654684201836
3237,174,23.1268,121.2057,-0.6591236837168891
3238,174,23.0973,121.2105,-0.0041877704044236
3239,174,23.053,121.1557,0.7008658463662657
3240,174,22.9045,121.072,0.2278567644017937
3241,174,22.863,121.083,0.2665600083504684
3242,174,22.8078,121.086,0.2924962279217391
3243,174,22.779,121.0543,-0.6313050759843285
3244,174,23.3563,121.4603,-0.8051462111650709
3245,174,23.2462,121.4055,-0.8274764163640221
3246,174,23.193,121.3878,-1.4356475679975094
3247,174,22.7988,121.1855,-0.6938758672066793
3248,174,23.1512,121.198,-0.2351191577172504
3249,174,23.1342,121.1177,1.5156603444564791
3251,174,23.0068,121.1655,-0.0800161892168934
3252,174,22.9757,121.1478,-0.7142117940141326
3253,174,22.9658,121.232,0.1540837171510502
3254,174,22.773,121.0827,-0.5005772896282047
3255,174,22.674,121.0293,0.5600347146733746
3256,174,23.1887,121.0168,1.7374750080537182
3856,174,23.7192,120.4125,1.7003871056737234
3857,174,23.6013,120.1715,1.5477341485710894
3858,174,23.5815,120.552,1.1170081474204565
3859,174,23.4853,120.2692,1.9794973009658168
3860,174,23.4653,120.544,1.4658590711851138
3861,174,23.3328,120.1523,0.3274978956829945
3257,175,23.2963,120.5828,1.206482573021897
3258,175,23.355,120.4052,1.9316270079445423
3259,175,23.2212,120.1532,1.29318975320355
3260,175,23.2147,120.268,0.4563629988793901
3261,175,23.1795,120.4778,1.0085163651119395
3262,175,23.0457,120.4615,0.8967569583249808
3263,175,23.757,120.6062,0.7150929809653999
3264,175,23.7795,120.5137,1.1463115378943949
3265,175,23.7987,120.4113,1.1354002211600411
3266,175,23.752,120.2468,1.949779540055056
3267,175,23.632,120.6052,1.1015258694851342
3268,175,23.6135,120.5282,2.5367115939785903
3269,175,23.6443,120.4758,0.8070238719631229
3270,175,23.5799,120.291,2.612660584306459
3271,175,23.5407,120.2153,1.3681408593024234
3272,175,23.5212,120.5443,0.7763602467853175
3273,175,23.52,120.584,1.681445516979955
3274,175,23.6073,120.4788,2.378374943339054
3275,175,23.5562,120.4202,1.970869212893238
3276,175,23.5207,120.344,1.5202327670410405
3277,175,23.4388,120.5957,2.2384727109996345
3278,175,23.3583,120.5833,0.7395781787334533
3279,175,23.3832,120.1635,0.8046157650255208
3280,175,23.4765,120.4632,1.7848888861487666
3282,175,23.2803,120.4083,0.5795512086341366
3283,175,23.2878,120.501,1.5452058305472591
3285,175,23.2698,120.2705,1.842214976413625
3286,175,23.1495,120.4098,0.3831328280155074
3287,175,23.1725,120.3192,0.5398310800492286
3288,175,23.184,120.1025,0.4321589554803118
3289,175,23.1243,120.2392,0.2208079169491794
3290,175,23.0768,120.5107,-0.250791979421778
3291,175,23.1213,120.45,0.8546012377397341
3292,175,23.027,120.3402,0.3211316481385137
3293,175,22.906,120.345,1.5046863555072885
3294,175,22.9205,120.2078,0.2673049395854682
3295,175,22.999,120.1837,0.5089684260542303
3296,175,22.9737,120.1815,0.1533662581211459
3297,175,22.971,120.2286,0.2807005805108353
3298,175,23.0648,120.1645,0.5662748798598876
3299,175,23.5103,120.8052,0.551943277919288
3300,175,23.5672,119.5552,2.4720677629765464
3303,175,23.1848,120.528,0.6867577578502226
3304,175,23.267,120.488,-0.2921517896540977
3305,175,23.7237,120.2975,3.548984965856906
3306,175,23.351,120.5932,1.5844783443545176
3307,175,23.3845,120.519,1.28972389588097
3308,175,23.3462,120.4293,3.0622620992770804
3309,175,23.2673,120.2163,1.5743706971093256
3310,175,23.7913,120.4783,0.0860782043671263
3311,175,23.6538,120.1472,2.1181813514064536
3312,175,23.7935,120.3205,0.9298768885914842
3313,175,22.983,120.2327,-0.1675926393759266
3314,175,23.1373,120.2802,0.908048328159481
3315,175,23.2272,120.3418,1.0820734526229416
3316,175,23.6862,120.5622,1.152246375185923
3319,175,23.7912,120.2273,2.2463405031747574
3320,175,23.0372,120.1187,0.648053622500594
3321,175,23.149,120.079,0.940640680211146
3322,175,23.0775,120.1082,1.4939291640275594
3325,175,23.9877,121.6173,-1.3703627374327352
3326,175,23.9925,121.6165,-0.8564739956924161
3327,175,23.9962,121.5858,-0.2411176781275362
3328,175,23.993,121.6233,-1.404815229950693
3329,175,23.9732,121.5993,-0.2213967332221049
3330,175,23.9757,121.553,-0.9754086253190836
3331,175,23.9648,121.56,-0.967292742661346
3332,175,23.977,121.605,0.2209120248779375
3333,175,23.8137,121.4328,-1.0187991413602924
3334,175,24.2675,121.7325,0.0720928274135074
3335,175,24.08,121.5955,-2.354865485735274
3336,175,23.3522,121.297,-1.54704916597164
3337,175,24.163,121.6447,-0.3836006015993096
3338,175,24.1185,121.6165,-0.639169700230033
3339,175,24.055,121.591,-0.54422391015557
3340,175,24.0172,121.6013,-0.1021387973271963
3341,175,23.9373,121.5702,-0.8485397696556587
3342,175,23.7852,121.4488,-1.301612978438859
3343,175,23.7653,121.4922,-0.8067166709329805
3344,175,23.6867,121.4747,0.0411055087919951
3345,175,23.5905,121.3772,-0.1348251199220758
3346,175,23.732,121.4362,-0.7047494771515015
3347,175,23.4995,121.367,-1.8137486407858443
3348,175,23.4542,121.384,-0.6307337321744063
3349,175,23.4615,121.3445,-1.5503704912796068
3350,175,23.2675,121.2942,0.0233765275445314
3351,175,23.7092,121.54,-1.3987425574274286
3352,175,23.6538,121.5268,-2.02273329033594
3353,175,24.3095,121.7405,0.3213159230142802
3354,175,24.1492,121.6213,-0.3646174042737529
3355,175,23.9897,121.584,-1.1596738167505345
3356,175,23.8703,121.548,-0.2368475571916388
3357,175,23.3232,121.3323,-0.3658339689575969
3358,175,24.1795,121.5077,-0.6285626767716197
3359,175,24.16,121.61,-0.1324407425608047
3360,175,23.9672,121.484,-0.7194468449703264
3361,175,23.8713,121.5005,-0.5195066098413108
3362,175,23.8703,121.59,-2.124634838470247
3364,175,24.845,121.7973,-1.0977310247559702
3365,175,24.7982,121.7813,-0.3770669311409866
3366,175,24.6412,121.825,-0.1276650932368897
3367,175,24.5943,121.8462,0.2920912853868987
3368,175,24.7088,121.7628,-0.5008944473325869
3369,175,24.619,121.7812,-1.049326019361403
3370,175,24.7807,121.7335,-0.5604117558663856
3371,175,24.732,121.7294,0.1475170979095463
3372,175,24.6945,121.7202,-0.8807416587968031
3374,175,24.749,121.684,-0.6221336281282597
3375,175,24.6437,121.6912,-0.8331281789172937
3376,175,24.7135,121.644,-0.8172518466389829
3377,175,24.6448,121.588,-1.748979755963136
3378,175,24.7555,121.747,0.2035055131636321
3379,175,24.7278,121.755,-0.6312480706701403
3380,175,24.7233,121.7917,-0.7789565134310942
3381,175,24.7663,121.7612,-0.1078881587128516
3382,175,24.7212,121.667,-0.7110037788760464
3383,175,24.6092,121.8488,-1.936518353179561
3384,175,24.7387,121.8083,-0.365509606638903
3385,175,24.7622,121.8088,-0.625858787323469
3386,175,24.6667,121.8205,-0.7365654313923418
3387,175,24.5233,121.825,-1.3401696190900734
3388,175,24.4677,121.7933,-0.4603566188553099
3390,175,24.477,121.7787,-0.6663605830172682
3391,175,24.4473,121.7707,0.4509569730855851
3392,175,23.1618,120.6355,-0.6111736147512427
3393,175,22.591,120.3173,-0.0146343781698253
3394,175,22.6462,120.3585,-0.3087678381593427
3395,175,22.6295,120.3672,0.6317127718243989
3396,175,22.8797,120.3707,0.7302873863783234
3397,175,22.891,120.4738,-0.7163044673948565
3398,175,22.902,120.5352,0.6970011308597674
3399,175,22.6707,120.491,0.1020109892245769
3400,175,22.6108,120.5588,0.0921934169796465
3401,175,22.473,120.5427,0.5132048679775004
3403,175,23.2777,120.7128,-0.0961161423540316
3404,175,22.6342,120.2633,-0.5919467120434773
3405,175,22.6495,120.3203,-0.0927329308780829
3406,175,22.9053,120.1732,0.1152582695892606
3407,175,22.7852,120.2385,0.2257618981845349
3408,175,22.7303,120.3412,0.4970427014699503
3409,175,22.8873,120.6567,-0.3973321281298199
3410,175,22.5348,120.5362,0.132492144723607
3411,175,22.574,120.5663,-0.0971450213382346
3412,175,22.4903,120.499,0.3459032248208622
3413,175,22.747,120.7233,-0.4680728525632346
3414,175,22.7112,120.6412,-0.2148927734787017
3415,175,22.8858,120.3222,0.7790494687256243
3416,175,22.6461,120.306,-0.1363953250889869
3417,175,25.063,121.4813,-0.1449390387907079
3418,175,25.0572,121.5253,-0.4307920645654015
3420,175,25.017,121.5027,-0.6351426639789947
3421,175,25.0045,121.5073,-0.982637861547683
3422,175,24.9239,121.535,0.1855345479777917
3423,175,25.1758,121.434,-0.3012149890415468
3424,175,25.1255,121.4532,-0.3968186548624079
3425,175,24.9538,121.3375,-1.6171809769272287
3426,175,25.1523,121.3955,0.5852551183996123
3427,175,25.0817,121.3828,-0.3399014246570132
3430,175,25.0385,121.5762,0.0048122197769368
3431,175,25.0573,121.5945,0.3959106429148093
3432,175,25.141,121.4758,-0.1829888063044268
3433,175,25.1353,121.4913,0.5785945771380276
3434,175,25.0207,121.5299,-0.3390882415659045
3435,175,25.103,121.5395,-0.0894998131718358
3436,175,25.0351,121.519,-0.388419395426234
3437,175,25.071,121.781,0.7604130532099292
3438,175,25.0473,121.1357,-1.0098140249197625
3439,175,24.9118,121.1405,-0.0078571521730952
3440,175,25.0015,121.3097,-0.8675470842629519
3441,175,25.0092,121.2062,-0.6099455197616729
3442,175,25.0003,121.1533,-0.9929245171561142
3443,175,25.0463,121.3075,-0.4660540767713022
3444,175,24.5588,120.7492,-0.1865390244751257
3445,175,24.5615,120.701,-0.6343974509121096
3446,175,24.523,120.8148,-0.3591196456399445
3447,175,24.4488,120.6963,-0.7823810898743394
3448,175,24.4912,120.663,0.3354247005544472
3449,175,24.4917,120.7837,-0.1094036039290946
3450,175,24.4497,120.6455,0.3503778792946094
3451,175,24.5542,120.8077,0.8074685672626322
3452,175,24.4032,120.7578,-1.3017339071502645
3453,175,24.4683,120.8543,-1.6554202708547745
3454,175,24.18,120.594,1.555401440680944
3455,175,24.179,120.6902,-1.6790342443648072
3456,175,24.1815,120.6338,-1.3246629712052442
3457,175,24.1603,120.6518,-1.1521389706136531
3458,175,24.198,120.7393,-0.9697929346585912
3459,175,24.1935,120.6688,-1.6846335217686637
3460,175,24.1588,120.6238,-0.9462320205498704
3461,175,24.1732,120.6107,-1.3865319824912703
3462,175,24.2687,120.5637,0.2923238199470336
3463,175,24.2247,120.644,-1.8299623739403013
3464,175,24.1355,120.549,0.0928809398897661
3465,175,24.3457,120.61,-0.8498188531368914
3466,175,24.0588,120.6912,0.0063215048708992
3467,175,24.0912,120.72,-1.825797129008897
3468,175,24.2772,120.7658,-1.4255427156066234
3469,175,24.0407,120.8488,-2.174841118341996
3470,175,23.9827,120.6778,0.1584298103987411
3471,175,23.9077,120.6757,0.941053043620816
3472,175,23.812,120.8455,0.6318094884469091
3473,175,23.8395,120.8942,2.502806306932877
3474,175,23.9,120.93,2.1696580809563195
3475,175,24.8022,120.9695,-0.6839188284915987
3476,175,24.1475,120.676,-1.6570476127251157
3477,175,24.97,121.1867,-0.7136575694285526
3479,175,23.8635,120.2812,1.0410469228413912
3480,175,24.3482,120.7733,-1.934068235825952
3481,175,24.9823,121.2625,-0.404455570855228
3482,175,25.0117,121.2792,-0.4595753731749751
3483,175,24.7695,121.0488,-0.2185731034684941
3484,175,24.6917,121.0135,0.5908973912328115
3485,175,24.7957,120.9558,-0.2890173590976226
3486,175,24.7433,120.899,0.4812135084396457
3487,175,24.1858,120.6153,-1.255698293330635
3488,175,24.2493,120.7208,-0.7156643365801715
3489,175,24.3098,120.7072,-0.9980240312314996
3490,175,24.2455,120.6018,-1.2714361581551066
3491,175,24.239,120.559,0.4462309046754653
3492,175,24.0727,120.5402,0.2892523169146219
3493,175,24.0865,120.5235,-0.1143129454718823
3494,175,24.0848,120.5713,0.4773034645570768
3495,175,23.9622,120.5695,-0.4395837251554732
3496,175,24.0557,120.424,0.197629221059403
3497,175,23.8928,120.3865,0.5326327036552257
3498,175,23.9595,120.4693,-0.2558829645127676
3499,175,24.0027,120.4235,0.6980415685960859
3500,175,23.9242,120.3122,0.5493292396597431
3501,175,23.9803,120.613,-0.2163436331562895
3502,175,23.8128,120.6097,0.8980478969275655
3503,175,24.0187,120.5437,-0.1353557295208835
3504,175,23.9552,120.6822,-0.1008536726283923
3505,175,24.4162,120.7607,-0.6322597370738938
3506,175,23.8783,120.6843,1.4693901267893277
3507,175,24.2603,120.6518,-1.4621191848884003
3508,175,23.9223,120.5955,0.2930825036012991
3509,175,23.9217,120.5403,-0.4651881820558299
3510,175,23.9578,120.3593,1.041238372379628
3511,175,23.8338,120.464,2.544550989571443
3512,175,23.98,120.3368,0.7336533392195979
3513,175,24.8592,121.2475,-0.2765398037404813
3514,175,23.3178,121.4425,-0.8075735074139856
3515,175,22.9738,121.2968,-0.6770811288859205
3516,175,22.6178,120.9975,-0.8286807768427596
3517,175,22.9102,121.1287,0.2826688285986825
3518,175,22.7568,121.1403,-0.9308087679124436
3519,175,22.7717,121.1378,-1.273441339748597
3520,175,22.7647,121.1427,-0.9736533904052008
3521,175,22.7602,121.1517,-1.178963187985779
3522,175,22.7488,121.1442,-0.3856483740889065
3523,175,22.7662,121.133,-1.325729990661084
3524,175,23.0992,121.3653,-0.569845725006749
3525,175,22.754,121.1465,-0.5226646854287498
3526,175,22.8207,121.0717,-0.7538258530213533
3527,175,23.1268,121.2057,-1.3104413907515349
3528,175,23.0973,121.2105,-0.3656022585798463
3529,175,23.053,121.1557,0.3374410075669679
3530,175,22.9725,121.1083,-0.7593740251309844
3531,175,22.9045,121.072,-0.159004183362266
3532,175,22.863,121.083,-0.4065755933836876
3533,175,22.8078,121.086,-0.4097645693606926
3534,175,22.779,121.0543,-0.987924738292102
3535,175,23.3563,121.4603,-0.574232477025079
3536,175,23.2462,121.4055,-0.6071735112982383
3537,175,23.193,121.3878,-1.3991382961270598
3538,175,22.7988,121.1855,-0.906671016628778
3539,175,23.1512,121.198,-0.8263266038732711
3540,175,23.1342,121.1177,0.5949691007107316
3542,175,23.0068,121.1655,-0.4128476396735601
3543,175,22.9757,121.1478,-0.8042913335032116
3544,175,22.9658,121.232,-0.1341216951256603
3545,175,22.773,121.0827,-0.6973936041488242
3546,175,22.674,121.0293,-0.2436726758560189
3862,175,23.7192,120.4125,2.590962557921956
3863,175,23.6013,120.1715,1.8858496430203289
3864,175,23.5815,120.552,1.523484051151042
3865,175,23.4853,120.2692,2.417678375969167
3866,175,23.4653,120.544,0.9742301466576618
3867,175,23.3328,120.1523,0.9088729110409736
3868,175,24.5673,120.8165,-0.8348243846986082
3869,176,35.0305,132.9044,1.6738865315064244
3870,176,34.8919,133.2781,1.532081822478197
3871,176,34.8111,132.8444,-0.4003402380982281
3872,176,34.723,132.2797,1.5964925711588014
3873,176,34.7738,133.2833,1.3130895652044432
3874,176,34.6627,132.4102,1.5004724832590404
3875,176,34.7,133.0972,0.1891104633484255
3876,176,34.6075,132.7219,0.7801499351852933
3877,176,34.5855,133.0527,-0.8055070858556916
3878,176,34.5644,133.2388,-0.5332944566461982
3879,176,34.4244,132.7447,0.7274192413732425
3880,176,34.4816,133.3641,-0.0762200440082834
3881,176,34.4166,133.1997,-0.3823846985238163
3882,176,34.4008,133.0858,1.492761548019198
3883,176,34.9497,133.1197,0.1227900440818382
3884,176,34.3704,133.0259,1.4019348131741307
3885,176,34.545,132.9506,0.2520903253794654
3886,176,34.515,133.1401,1.3268562526482033
3887,176,34.3753,133.3519,-1.316852272446794
3888,176,34.5534,133.4205,-0.3874489901300796
3889,176,34.9105,132.9149,-0.175480485618265
3890,176,34.6983,132.955,0.2207157339895913
3891,176,35.6163,134.4527,1.2077996730211065
3893,176,35.3294,134.668,1.4049209715431108
3895,176,34.9816,134.3255,1.5577309550299363
3896,176,34.9927,134.5547,-0.4612265380655855
3897,176,34.7519,134.3927,-0.6337852914541863
3898,176,35.0639,134.4261,-0.9252909173374524
3899,176,35.2161,134.5264,1.6638525270146765
3900,176,34.8963,134.3311,1.594197138870688
3901,176,34.7903,134.4819,0.0944922377353187
3902,176,35.0278,134.6736,0.8429962147223534
3903,176,34.9281,134.545,1.053375793682497
3904,176,35.1755,134.0527,0.0211582893514428
3905,176,35.1705,134.3413,0.2412138338938163
3906,176,34.9547,133.5044,0.1505737513021083
3907,176,35.0066,133.7344,-0.5051798918939229
3908,176,35.0652,134.0077,-0.420754356578916
3909,176,34.7775,133.6147,-0.8551030100419126
3910,176,34.8669,133.9063,0.6988027525503716
3911,176,34.9144,134.095,0.3457931966669391
3912,176,34.7422,134.1911,0.7518056408175086
3913,176,34.6508,133.9094,0.6000084189260805
3914,176,34.5861,133.7572,-1.4880409514348183
3915,176,34.5063,133.5125,0.2835172145099274
3916,176,34.443,133.7902,-0.2301708044073298
3917,176,35.2761,133.9283,-0.7782657917308259
3918,176,34.5036,133.8931,0.3568590006397633
3920,176,34.775,133.7917,-1.0266971913041798
3921,176,34.6397,133.6886,-1.988560802929588
3922,176,34.8652,133.8554,0.083253887410701
3923,176,34.6724,133.5309,-1.0495010669027425
3925,176,34.9071,133.4081,-0.73237421877758
3926,176,35.1777,133.6792,-1.4760798308835197
3927,176,35.2794,133.929,-0.1862817883873722
3928,176,35.07,134.1189,-0.4113412636541916
3929,176,35.0967,134.3217,0.5719517950206087
3930,176,34.7251,134.2771,-0.1485390417909694
3931,176,34.9331,133.6232,0.1927083787465046
3932,176,35.5341,133.1638,-2.646351995436166
3934,176,35.1763,133.0955,0.6646145668401732
3935,176,35.285,132.903,-0.0443331104773851
3936,176,35.358,132.7475,-1.4251989897084727
3937,176,35.1911,132.5003,-0.5491345032638406
3938,176,35.0775,132.5939,0.8995503257305368
3939,176,34.8491,132.5333,1.4629410655730226
3940,176,35.008,132.2252,0.8666831737117497
3941,176,34.8838,132.0808,-0.948125313669638
3942,176,35.3613,133.173,-2.879985352227349
3943,176,35.1925,132.8172,-0.0947958912497007
3944,176,36.0902,132.9866,-2.085290138813953
3945,176,36.1894,133.2358,-0.3585651137822754
3946,176,35.2931,133.263,-1.6354140531031032
3947,176,35.2203,133.0882,-0.5394970500429368
3948,176,35.2212,132.7249,-0.6724506443138223
3949,176,35.0886,132.5333,-0.8040284693565097
3950,176,34.8665,132.6422,1.599369652730415
3951,176,34.8807,132.2051,0.395846905805253
3952,176,34.8769,132.4233,1.2458148863078713
3954,176,35.4228,132.8033,-2.0569663951182875
3955,176,35.1603,132.8583,0.3823734640359082
3956,176,35.0056,132.3094,1.2349896370302014
3957,176,35.3383,134.4002,0.0719971061501832
3958,176,35.4822,134.2225,-1.563627622200515
3959,176,35.34,134.2102,-0.0483361154223024
3960,176,35.46,134.0711,-1.6122713809073688
3962,176,35.5075,133.633,-0.01466545961492
3963,176,35.2794,133.4902,-0.5173223653473664
3965,176,35.1676,133.3139,-1.2689679058900214
3966,176,35.2572,134.22,-0.8042833344382797
3967,176,35.2281,133.3937,-2.383472365138735
3968,176,35.4636,133.6333,-1.3301352499988643
6137,176,33.981,133.549,-0.5581061195169512
6138,176,33.9216,133.3074,-1.022976903102972
6139,176,33.9266,133.0843,-0.5180606940617621
6140,176,34.0624,132.9982,0.1518522045412758
6141,176,33.7974,132.9141,-1.2930433311684073
6142,176,33.641,133.0082,0.5967366455858341
6143,176,33.9621,132.7722,-0.0314122828304923
6144,176,33.8198,132.7282,0.0297674619485784
6145,176,33.6324,132.7963,-0.975427280585564
6146,176,33.4512,132.6882,-0.07308593081245
6147,176,33.4496,132.4336,-0.1888730671876488
6148,176,33.2217,132.5727,0.7821453284570598
6149,176,33.3924,132.1141,-0.4801505794185925
6150,176,32.9453,132.5047,-0.2364173790349369
6151,176,33.6094,132.4768,-0.4596540100830168
6152,176,33.7658,132.7088,0.0385491955106503
6153,176,33.9121,133.6523,0.5886124284609844
6154,176,33.899,133.0684,-1.0290772489331306
6155,176,33.7079,132.8057,-0.4057449748784803
6156,176,33.3314,132.8005,-0.5139280243108912
6157,176,33.4988,132.7505,-0.5767045255199617
6158,176,33.5354,133.0042,-0.3005455210457388
6159,176,36.2161,136.1571,-0.6813457620707088
6160,176,36.0386,136.0137,-0.762086743901365
6162,176,35.9789,136.4865,0.2846358492096736
6163,176,35.9067,136.1743,0.0473062753376531
6164,176,35.7731,136.1998,-0.0259366766301082
6165,176,35.6447,136.0575,0.1998720675062276
6166,176,35.5479,135.9084,-0.6319726609118935
6168,176,35.4904,135.551,-0.0256657099476607
6169,176,36.0924,136.3646,0.2808820686284177
6170,176,35.9452,136.0584,0.4330257527843612
6172,176,35.5556,135.8722,-0.0499865564762394
6173,176,35.6358,136.0331,0.1490449227458872
6174,176,35.4875,135.4869,1.166198693366095
6175,176,35.4542,135.7294,0.5188946678997668
6177,176,33.8324,130.9014,0.6667426828876186
6178,176,33.7388,131.0095,1.1154156771308092
6181,176,33.5716,130.8539,0.7683156802298449
6185,176,33.8817,130.9822,0.7155143744564056
6193,176,35.6365,136.4882,0.6281465072748327
6194,176,35.4829,136.5714,0.7445580193022903
6196,176,35.2834,136.4715,0.1130188459330934
6198,176,35.6294,136.6164,0.8305981333103272
6201,176,35.4147,136.4376,-0.5208022871194812
6203,176,35.2736,136.7031,0.9965418559699208
6204,176,34.4926,132.2794,1.3865759764106558
6206,176,34.2869,132.2766,1.1157935242585906
6208,176,34.2485,132.5647,0.3446280523247449
6209,176,34.3027,133.1693,0.5944984109523449
6210,176,34.285,132.6436,1.3073896206451303
6212,176,35.6411,134.6284,-0.1732446423947147
6213,176,35.4615,134.8758,0.4694152170749823
6214,176,35.3407,134.8619,1.232268215530884
6215,176,35.1482,134.788,0.9954122916330396
6216,176,35.169,135.1041,0.5190301729126968
6217,176,35.0593,135.1777,1.5223872175019244
6218,176,34.989,134.7634,0.6712987223573555
6219,176,35.0023,134.9999,0.7275690911229793
6220,176,34.9515,135.2713,1.348044430306886
6221,176,34.8143,134.687,-0.4176767960652354
6222,176,34.832,134.8236,0.9151694417567396
6223,176,34.7976,134.9899,-0.4002421522266847
6224,176,34.6898,135.1583,0.467209301388001
6225,176,34.7463,135.3499,-0.2855174947777827
6226,176,34.6444,134.9999,0.0545501353529153
6227,176,34.533,134.9904,-0.3047271876233386
6228,176,34.3405,134.9014,-1.010310722283036
6229,176,34.4149,134.7925,0.7463497269021535
6231,176,34.2904,134.7968,-0.5915421319185089
6232,176,35.0676,135.2839,1.9164939230086944
6233,176,34.905,135.0872,0.7842818102681064
6234,176,34.8132,134.8106,-0.4664688352999388
6235,176,35.2893,134.9099,0.5247627784826409
6238,176,34.5466,134.2814,0.4611234413701479
6239,176,34.4727,134.3139,1.2471394166298149
6240,176,34.2652,133.7896,0.1293635206016944
6241,176,34.3473,134.0374,-0.1439884068893584
6242,176,34.1138,133.6354,0.0745219648147084
6243,176,34.2496,134.1856,0.3898542676784613
6244,176,34.2271,134.4009,0.3416492404402496
6245,176,34.1644,133.9243,-0.5748338183116932
6246,176,34.2153,133.952,0.3453980910631933
6248,176,33.2903,134.1681,0.4419654971890305
6249,176,33.5014,133.9068,0.930437027048487
6250,176,33.6975,133.8771,0.1889345428349271
6251,176,33.5934,133.6921,-0.4601643179790593
6252,176,33.4945,133.4165,-0.0550594926105956
6253,176,33.5611,133.5271,0.5192433373605854
6255,176,33.5742,133.1718,-0.4091791248906518
6256,176,33.3925,133.2896,-0.3553246586979606
6257,176,33.3982,132.8962,-0.8005406289641205
6258,176,33.1967,132.9758,-0.9335259880388076
6259,176,33.0797,133.1015,0.836501609732745
6260,176,32.9895,132.9377,0.1770007421081519
6262,176,32.7672,132.9711,-0.501742488122271
6263,176,33.7691,133.6565,-0.8384302576512189
6264,176,33.5387,134.1224,-0.9854457093560962
6265,176,33.7046,133.3667,-0.3786643934636547
6268,176,33.0719,132.955,-0.1176807916014062
6269,176,35.7406,135.1022,-0.3112953108471775
6271,176,35.6767,135.2919,-0.1150715305527222
6274,176,35.2759,135.1827,0.6736661650936374
6276,176,35.2612,135.3966,0.5636691507907463
6277,176,35.1637,135.5016,0.5112540833364222
6278,176,35.2098,135.7738,0.5803634797052076
6279,176,35.017,135.5638,-0.145374479385108
6280,176,34.9962,135.8188,0.2517578271979162
6281,176,34.8784,135.8047,-0.8171060186189766
6282,176,34.7732,135.9921,-0.5236658471812469
6283,176,35.5211,135.1271,-0.0312796148735418
6284,176,35.707,135.2524,0.0189755531365492
6285,176,35.3098,135.1362,1.0966453913817054
6287,176,35.1718,136.4943,1.3458044386159385
6288,176,35.0279,136.5073,0.7051959629567972
6289,176,34.9704,136.6357,0.3408996440229446
6290,176,34.8569,136.4493,1.258268467673702
6291,176,34.7677,136.1151,0.2963232274737029
6292,176,34.7178,136.5039,0.1390982767454299
6293,176,34.6435,136.3365,1.907094182002356
6294,176,34.6285,136.1073,-0.0321079978039329
6295,176,34.5752,136.5296,-0.797001270614264
6296,176,34.2777,136.4996,-0.8400810361733257
6297,176,33.8783,136.0822,-0.0890457570203403
6298,176,33.8764,135.9188,-0.3778050967593297
6299,176,34.9817,136.4592,0.4971396522500021
6300,176,34.7629,136.2864,-0.4682189243532111
6301,176,34.3499,136.5895,-1.1383580475521595
6302,176,34.0604,136.1718,-0.4485473937664505
6306,176,33.7611,135.9998,-0.3453030389155735
6307,176,34.8192,136.4274,0.3882578735382092
6308,176,34.7154,135.7272,-0.3462627052989446
6309,176,34.6683,135.8352,0.0446671716102071
6310,176,34.5169,135.7191,-0.7418837419559717
6311,176,34.3408,135.6883,-0.6369806185284184
6312,176,34.3383,135.9541,-0.62935707387415
6313,176,33.938,135.7552,-0.8881744938200324
6314,176,33.9633,135.6518,0.2269718079912983
6315,176,34.2892,136.005,-1.3240614515456863
6316,176,34.3028,135.8397,-1.5551881298800456
6317,176,34.4204,136.0323,-0.2531173679668425
6318,176,34.6381,136.054,-0.532272804797732
6319,176,33.6783,131.5936,1.089616254655876
6320,176,33.5685,131.2678,0.4604472185473214
6321,176,33.5583,131.4489,0.5088977976476754
6322,176,33.5666,131.7378,0.4871603290822469
6323,176,33.4549,131.1142,0.7591858050292905
6324,176,33.4152,131.6148,0.1912507548767861
6325,176,33.2569,131.3439,0.6412357136800412
6327,176,33.2461,131.8811,-0.0714623115642737
6328,176,33.0664,131.3734,0.0381180961435488
6329,176,33.0656,131.8589,-0.357273727341483
6333,176,33.4547,131.4453,-0.0210675032875971
6334,176,33.1272,131.3497,-0.0345194651907063
6337,176,32.9836,131.5905,1.57105374027888
6339,176,34.9707,135.39,1.0644026003966385
6340,176,34.8573,135.5958,0.8156524001877155
6341,176,34.7668,135.4683,-0.2594038686134758
6342,176,34.7405,135.6394,0.0454716498339494
6343,176,34.7255,135.5099,-1.1826568573094045
6344,176,34.5894,135.471,-1.3309220862882007
6345,176,34.5577,135.6058,-0.9586680578506964
6346,176,34.4402,135.3917,-0.3523308773983219
6347,176,34.4366,135.5816,-1.156931759206701
6348,176,34.3755,135.2549,-0.0830520725886874
6349,176,34.3944,135.2864,-0.3213952538930737
6350,176,34.6595,135.3924,-0.5395778903309993
6351,176,34.5215,135.6636,-1.5389434447801853
6352,176,34.7597,135.7081,-1.195603719897952
6353,176,35.5398,136.2065,-0.3555122970166042
6354,176,35.4215,136.0243,-0.0517899519838242
6355,176,35.377,136.264,0.1063505380664222
6356,176,35.3476,135.9184,0.0252962298348209
6357,176,35.2493,136.2421,0.3035767258126678
6358,176,35.2001,135.921,-0.4373124646297529
6359,176,35.1339,136.0957,0.6089012590553977
6360,176,35.0701,136.2946,1.0236623325339385
6361,176,35.0051,136.0854,1.2537550160823234
6362,176,34.9718,135.8965,0.579085365262469
6363,176,34.8779,136.0587,0.2417618371284821
6364,176,34.9043,136.2307,0.576425159025796
6365,176,35.2351,136.3628,0.793815350613378
6366,176,35.245,135.87,0.7366593582566575
6367,176,34.8497,136.0344,-0.0221633310074254
6368,176,34.9606,136.2639,0.5290408297097661
6369,176,34.5718,132.0141,0.6044610228912147
6370,176,34.3529,131.9352,0.0544836474161938
6372,176,34.4668,131.7752,1.0585002079527903
6373,176,36.2932,133.3561,-0.2611200248270217
6374,176,34.6908,132.0427,0.1667785813651884
6375,176,34.5693,132.0147,1.3219543190477
6376,176,34.3872,131.895,0.4471779702415796
6378,176,34.0438,134.582,0.2911562489442946
6379,176,33.7749,134.5914,0.1249077593214782
6380,176,33.8788,134.3889,-0.5851737508615598
6381,176,33.6692,134.4192,-0.1817580483946598
6382,176,34.0905,134.285,-0.446544526481193
6383,176,33.9344,134.212,0.0329042769570196
6384,176,33.7719,134.1995,-0.2647253223687235
6385,176,34.038,134.0614,-0.7135693898957289
6386,176,33.8746,133.9218,-1.518538194343951
6387,176,34.0319,133.809,-0.5589735206107441
6388,176,34.0079,134.0945,0.4976894640890647
6389,176,33.8745,134.1321,0.3961634896707715
6390,176,34.2288,135.1694,-1.1414598324157592
6391,176,34.2755,135.4305,-0.6643541734132105
6393,176,34.0841,135.4309,-1.4721557259012732
6394,176,33.8938,135.4883,-1.24413701475312
6395,176,33.8908,135.1524,-0.4779546219967048
6396,176,33.7289,135.3772,0.5128500088231281
6397,176,33.5503,135.4972,-0.0711204700626334
6399,176,33.472,135.7835,-0.2829538713097374
6400,176,33.7053,135.6397,-0.4103776585252898
6401,176,33.9771,135.215,-0.5512810245248098
6402,176,34.134,135.5397,-1.5926025159629984
6403,176,33.5525,135.5482,-0.341783064928449
6404,176,33.6915,135.5981,0.4253928610042859
6405,176,33.6861,135.4424,0.2555292282981652
6406,176,34.3194,135.4511,0.2275597565130403
6407,176,34.2835,135.0742,-1.453205296746252
6408,176,33.8214,135.22,-0.643216485442699
6410,176,34.4073,131.3987,0.1285483463671949
6411,176,34.3829,131.6002,-0.585787856935126
6412,176,34.3709,131.182,-0.4680387804942765
6413,176,34.2904,130.9484,0.2892412052238712
6414,176,34.149,130.9298,0.462320679158479
6415,176,34.1657,131.2064,-0.0141947031743279
6416,176,34.0121,131.4042,0.2055626688386954
6417,176,34.2319,131.8169,0.3118180302977222
6418,176,34.2304,131.9822,1.6927116026673867
6419,176,34.0643,131.0214,1.0056114785373589
6421,176,34.031,131.5348,0.9841430140305988
6422,176,34.0544,131.8077,0.5523292744590711
6423,176,34.0966,132.0758,1.0261125823671622
6424,176,34.1699,132.1766,1.1497722044751233
6426,176,33.9091,132.3561,0.6178076102648199
6429,176,34.1078,131.1458,0.1311155265747868
6430,176,34.1858,132.1285,1.0656252677062237
6431,176,34.0237,132.0651,0.2702579145282022
6432,176,34.1941,131.9968,1.1868503368607592
6434,176,34.1117,131.053,-0.2096424640023361
6435,176,34.1316,130.9347,0.2234661851476115
6436,176,34.6225,131.6706,0.8072542462137774
6437,176,34.4805,131.6353,0.3408949847120689
6438,176,34.2058,131.6883,0.8894609357603701
6440,176,34.3376,131.1794,0.9932806474053816
3969,177,35.355,-119.054,-1.5238761290959555
3970,177,34.07618,-118.3959,-0.4344669066585496
3972,177,34.1949,-118.354,0.1006137577564999
3973,177,35.403,-119.449,0.7765397632379653
3975,177,34.208,-119.079,1.0277518197332771
3976,177,34.222,-119.04,0.6982714718981251
3977,177,34.224,-118.994,0.9025259011324112
3978,177,35.593,-121.124,-1.464703695584848
3979,177,34.564,-118.642,1.3309729966245778
3980,177,36.137,-120.363,-1.4520619106059252
3981,177,34.397,-118.918,1.6261422577798412
3982,177,37.56,-122.249,-0.777426765429368
3983,177,34.812,-118.945,-0.2710487674351766
3984,177,36.774,-119.728,-0.7421895561554561
3985,177,34.2772,-118.56,0.5879058045273005
3986,177,36.321,-121.243,-1.8391209666541248
3987,177,36.891,-121.404,-1.2695541135984447
3988,177,36.851,-121.402,-0.2558106658699697
3989,177,36.848,-121.397,-0.7462411417111054
3990,177,34.674,-118.43,0.6626812201211749
3991,177,34.5214,-117.991,-0.3200207435687187
3992,177,34.519,-120.328,-0.21081225817316
3993,177,35.208,-120.457,1.0667239557356083
3994,177,34.07,-118.346,0.2089764780908993
3995,177,33.943,-118.411,0.239711244210577
3996,177,34.084,-118.6,-2.03559113826053
3997,177,36.755,-120.382,-1.885651133558497
3998,177,37.141,-121.663,-1.794365529010552
3999,177,36.807,-121.778,-0.9915040829261236
4000,177,34.229,-118.527,1.0197231768973605
4001,177,34.448,-119.23,0.9232084000991648
4002,177,34.24,-119.179,0.6161047644171906
4003,177,34.217,-119.153,0.576309543524021
4004,177,34.186,-119.178,0.123486431440043
4005,177,34.175,-119.226,0.4985098653444221
4006,177,34.57806,-118.11401,0.7859958431529056
4007,177,34.413,-118.796,0.9424871649249552
4008,177,35.274,-120.885,-0.9966122434710551
4009,177,34.193,-118.51,1.190132833170078
4010,177,36.671,-121.642,-0.9364542273693616
4011,177,36.697,-121.634,-0.7864349035492734
4012,177,35.799,-120.884,-1.5561524111293032
4013,177,37.804,-122.443,0.0080529483592183
4014,177,36.86,-121.54,-1.726748044828542
4015,177,35.285,-120.661,0.3433409158322874
4016,177,34.423,-119.7,-0.0901643944809264
4017,177,34.439,-119.756,0.4966105552684656
4018,177,34.43,-119.724,-0.4485925235673209
4019,177,34.45,-119.734,0.0696189600910547
4020,177,34.422,-119.851,0.7815736525314525
4021,177,34.354,-119.06,0.365804182693928
4022,177,34.2694,-118.783,0.8603738980923488
4023,177,34.289,-118.746,0.6762468748768552
4024,177,37.402,-122.025,-1.0689986739379642
4025,177,34.3088,-118.448,0.7288018975436132
4026,177,34.312,-118.496,0.8502595447943465
4027,177,34.31076,-118.49675,0.8992656885030333
4028,177,34.16,-118.534,-0.029776786566087
4029,177,34.1729,-118.549,0.2612537241375958
4030,177,35.556,-120.719,0.252088502826292
4031,177,34.1851,-118.447,0.8450956421548856
4032,177,34.276,-119.293,1.5860053767242108
4033,177,34.3968,-119.299,0.1974552351102293
4034,177,34.27,-119.181,0.9100603244106245
4035,177,37.468,-122.308,-0.2820942825178247
4060,179,36.774,-119.728,-1.987342420977779
4061,179,36.775,-119.78,-1.2575123205152785
4062,179,36.891,-121.404,-0.0714858023699657
4063,179,35.939,-120.425,0.1387929054261906
4064,179,35.894,-120.421,0.9829308364899152
4065,179,35.911,-120.486,1.894676504764289
4066,179,35.833,-120.346,-0.6662725219609428
4067,179,35.815,-120.374,-0.6167254709815502
4068,179,35.713,-120.203,0.1174215794263505
4069,179,35.94,-120.432,2.0971928484409115
4070,179,35.958,-120.496,-0.7420564721182352
4071,179,35.624,-120.254,-1.971716504483556
4072,179,35.973,-120.579,0.2455803734496772
4073,179,35.923,-120.534,-0.1016843557111111
4074,179,35.815,-120.511,1.9675951434475512
4075,179,35.285,-120.661,-1.0265735135409688
4076,179,36.851,-121.402,0.2048077155088551
4077,179,36.137,-120.363,-1.031268466873483
4078,179,35.403,-119.449,-1.6549219273576818
4079,179,35.208,-120.457,-0.3340890516515065
4080,179,35.697,-120.328,-0.0788815748929108
4081,179,35.274,-120.885,-0.6096616796032104
4083,179,35.898,-120.431,-0.9822125775491708
4084,179,35.655,-120.377,0.503244329506026
4085,179,35.556,-120.72,0.199985637101048
4086,179,35.593,-121.124,-1.481687077978358
4087,179,36.973,-121.953,1.0389255281300775
4088,179,36.239,-121.774,0.1261020953879752
4089,179,36.671,-121.642,-0.0013652754904861
4090,179,36.807,-121.778,0.5721376479724348
4091,179,36.207,-121.131,1.83606501533901
4092,179,36.321,-121.243,0.7150405949186007
4093,179,36.848,-121.397,0.1913673339152624
4094,179,36.697,-121.634,0.4178873371916042
4095,179,35.945,-120.542,-0.9089495343067908
4096,179,36.034,-120.59,-0.7072495122263068
4097,179,35.743,-120.277,0.4332288271894203
4098,179,35.751,-120.259,0.9028554776333648
4100,179,35.77,-120.247,2.243637915074652
4101,179,35.724,-120.294,0.764911093398687
4102,179,35.718,-120.304,0.6257728203355019
4103,179,35.707,-120.316,0.0038682562344006
4104,179,35.684,-120.342,0.7692372222844466
4105,179,35.639,-120.404,-0.0464309443892049
4107,179,35.803,-120.334,1.3603895683146168
4108,179,35.836,-120.395,-1.989054951134776
4109,179,35.859,-120.42,-0.464242130394801
4110,179,35.871,-120.404,-0.0073303510949265
4111,179,35.878,-120.381,1.5797765891331632
4112,179,35.879,-120.445,-2.3141546228324694
4113,179,35.896,-120.398,2.9094689178187267
4114,179,35.899,-120.433,-0.7502707353947682
4115,179,35.908,-120.458,4.444948902677791
4116,179,35.921,-120.481,-1.5445272969653752
4117,179,35.818,-120.378,0.2295411779361615
4118,179,35.843,-120.348,0.2973696337102601
4119,179,35.812,-120.391,-0.0701007443047136
4120,179,35.87,-120.334,-0.0715245811273827
4121,179,35.796,-120.411,1.811607159861521
4122,179,35.785,-120.444,2.4448507908952752
4123,179,35.77,-120.477,1.4828147462841352
4124,179,35.738,-120.507,0.0610160916082591
4125,179,35.788,-120.294,3.472372740878398
4126,179,35.81,-120.282,-0.2142597937259184
4127,179,35.833,-120.27,0.7769187978414573
4128,179,35.705,-120.169,-0.9075314212662512
4129,179,35.957,-120.481,-0.3522219184468232
4130,179,35.934,-120.497,-1.3751790390376468
4131,179,35.973,-120.467,-0.1413250844935797
4132,179,35.927,-120.509,0.8936060626071588
4133,179,35.922,-120.534,1.5096910997602189
4134,179,35.905,-120.55,-1.0904873174812135
4135,179,35.885,-120.565,0.1662793443562253
4136,179,35.861,-120.6,-0.1713350387867564
4137,179,35.821,-120.507,-0.2549986916489756
4138,179,35.822,-120.506,0.6579185673398054
4139,179,35.821,-120.505,-0.1935498588341483
4143,179,35.825,-120.501,0.2875973826901221
4144,179,35.826,-120.501,0.0793277802672802
4145,179,35.828,-120.5,0.6865463519326955
4146,179,35.826,-120.502,1.2514089440918337
4149,179,36.191,-120.708,-2.420987537591909
8438,179,37.68,-121.739,-0.6817918188748976
8439,179,37.41702,-121.9154,-0.1459776200702352
8440,179,37.34655,-121.80774,-0.5228817257509576
8441,179,37.40718,-122.00001,-0.9053362891542652
8442,179,37.376,-121.84367,-0.3745531423301398
8443,179,37.27117,-121.98617,-0.6552323777758858
8444,179,37.45098,-122.4287,-0.0036438699116505
8445,179,37.67928,-122.48405,0.6861825545075941
8446,179,37.91056,-122.53778,-0.8797272766183579
8447,179,38.03445,-122.27016,-0.9873201093873072
8448,179,37.68873,-121.78351,-0.2836560582030282
8449,179,37.16346,-121.62645,-2.004475041274229
8450,179,37.85727,-122.42266,-0.6454621895480825
8451,179,37.45035,-121.80037,-2.428941105121788
8452,179,37.7294,-121.83346,-0.0150409584359323
8453,179,37.37289,-121.76887,-1.697886513245468
8454,179,37.73786,-122.06486,0.1144905423277493
8455,179,37.85884,-121.99264,0.4100534827796989
8456,179,37.91233,-121.90716,-1.8919171119409968
8457,179,38.02691,-122.01599,-0.3540920933720871
8459,179,37.34305,-122.33976,1.0211907548992567
8460,179,37.31861,-122.15314,-1.413025476985494
8461,179,37.17217,-122.01121,0.5872696904435382
8462,179,37.04922,-121.80722,-1.287278811330452
8463,179,37.36045,-122.18986,-1.4986763261524918
8464,179,37.51604,-122.45815,-1.1684352822953383
8465,179,37.21427,-122.17168,0.2836850893562138
8466,179,37.20631,-121.97726,-0.7515055050168615
8467,179,37.15432,-121.73467,-0.7343943723236401
8468,179,37.63719,-122.47482,-2.1607868927394347
8469,179,37.2708,-122.21276,0.5892873744623284
8470,179,37.19855,-122.34671,0.2891573615069079
8471,179,37.58225,-122.42006,-0.9783973550872078
8472,179,37.40372,-122.17596,-0.0141775963237179
8473,179,37.28397,-122.05017,-0.944431298209601
8474,179,37.58644,-122.50217,-1.472127879848826
8475,179,37.6444,-118.89683,1.6044283232677343
8476,179,37.65909,-118.97907,1.094527189551103
8479,179,38.15486,-121.80438,-0.3022455723091056
8481,179,38.04248,-122.79684,-0.2756797201494358
8485,179,35.86661,-120.4796,-0.0525586333477681
8486,179,36.2159,-120.80126,-2.3415723306810228
8487,179,38.2026,-121.9354,-0.1148890109295021
4151,180,37.6535,139.8633,1.328036962290244
4152,180,37.6002,139.6467,1.098346833447334
4153,180,37.4774,139.9294,-0.5345903097408471
4154,180,37.3957,140.1325,0.5016193305659021
4155,180,37.3077,139.9,1.1651902442494275
4156,180,37.266,139.5386,1.021927409850662
4157,180,37.07,139.6808,2.4835699423694657
4158,180,37.3491,139.3144,0.0964897962600376
4159,180,37.0159,139.3801,1.895285489014272
4160,180,37.453,139.5133,0.9554575496178052
4161,180,37.7535,139.7183,1.5178457753988963
4162,180,37.6048,139.7566,0.2785648410231094
4163,180,37.4478,139.8159,0.2702844850098415
4164,180,37.2513,139.8758,0.9831751784388106
4165,180,37.1692,139.5231,1.456475858454635
4167,180,37.1585,140.0963,0.4766092030146771
4168,180,37.3392,139.3179,1.1746465078228816
4169,180,36.7819,138.9695,2.928531850620635
4170,180,36.6578,139.0784,3.071692514748708
4171,180,36.6172,138.5918,-1.5435396738631788
4172,180,36.5133,138.5177,-2.762649567987025
4173,180,36.5103,138.7523,-1.2093625687191525
4174,180,36.4619,139.0101,0.3908996723114015
4175,180,36.3478,139.1368,-0.9167791067242328
4176,180,36.4106,139.3251,2.609658288770874
4177,180,36.3181,139.0176,0.4503288749631205
4178,180,36.35,138.7179,0.2313672521627524
4179,180,36.6967,139.2136,1.641543854204568
4180,180,36.4886,138.5275,-2.267278407144505
4181,180,36.6181,138.91,-0.6633205181189578
4182,180,36.8514,138.366,-0.7354341038225746
4183,180,36.8069,138.2069,0.4322370520210368
4184,180,36.7403,138.4129,0.671584046838154
4185,180,36.6486,138.1938,-0.8346035729676963
4186,180,36.6981,137.8544,-1.6750444302516485
4187,180,36.5339,138.1191,-0.9343670122734358
4188,180,36.7403,138.3792,-0.1918828537950275
4189,180,36.4632,138.1505,0.1377543892011686
4190,180,36.5739,138.051,-1.033387442668362
4191,180,36.7044,138.0995,-0.869562797559813
4192,180,36.9072,138.4439,0.2089690762163591
4193,180,36.6953,137.8513,-1.6698050948737173
4194,180,38.0745,138.4398,-0.9694960820318688
4195,180,37.9976,138.3226,1.1151404940642555
4196,180,37.9204,138.4981,-0.5181219636821082
4197,180,38.053,139.4055,0.6104818914689075
4201,180,37.6863,139.4772,2.006283295565057
4204,180,37.6935,139.1886,-1.0781305958086007
4205,180,37.6421,138.7676,-1.265596517688356
4206,180,37.4416,138.8431,-0.8360295236342482
4207,180,37.3724,138.5579,-1.403275431366945
4208,180,37.3057,138.7898,0.4260918460265919
4209,180,37.2332,138.962,-0.6389116632374248
4210,180,37.1281,138.7468,1.8776686237907787
4211,180,37.0364,138.8462,-0.1992440959325286
4212,180,37.0147,138.6529,0.5798061979169461
4213,180,37.1268,138.444,0.1312980999480892
4215,180,37.0228,138.2507,-0.9408070438784266
4216,180,37.0235,137.8624,0.3081292017814659
4217,180,37.4261,138.8862,0.6840339603988957
4218,180,37.4242,138.8908,0.4180490159854836
4219,180,38.1297,139.4322,-0.5535568101801989
4220,180,38.1283,139.5461,0.8900452913274964
4221,180,37.9731,139.2819,-0.0144094833412284
4222,180,37.6497,139.0708,0.8842723292802342
4223,180,37.6628,139.2642,0.559594665009501
4224,180,37.6678,139.4681,0.8991409097692913
4225,180,37.5356,139.1311,0.5203056833987798
4226,180,37.5408,139.3681,1.1570903071905243
4227,180,37.1697,138.7472,0.2449714147959694
4228,180,37.2208,138.9853,-0.3738687339386945
4229,180,37.0514,138.3997,-1.01998793418983
4230,180,37.0503,138.9983,0.7903931972307765
4231,180,36.9347,137.8511,0.1188346650440078
4232,180,36.8539,138.0997,-0.4020284710060887
4233,180,36.9394,138.2625,-0.4075261088781917
4234,180,36.8083,138.7881,-0.0567885316247043
4235,180,36.99,139.8033,0.3629454093342268
4236,180,36.8144,139.7153,0.2335674208810728
4237,180,36.8061,139.4204,0.0082858888430898
4238,180,36.8061,139.9264,0.7033244828666244
4239,180,36.7258,139.7155,1.0387692568011122
4240,180,36.6347,139.4376,0.9669049490398663
4241,180,36.8786,139.4567,1.5079195108638666
4242,180,36.8797,139.6492,0.6111692087729103
4243,180,36.8594,139.8397,0.5106084771178566
4244,180,36.8547,140.0258,-0.4792663966386259
4245,180,36.7042,139.7733,0.9371165550544052
4248,180,36.976,137.6257,-1.5171155149978683
4249,180,37.9207,139.8697,1.1911391268793627
6441,180,35.2979,136.9153,-0.081939486542712
6443,180,35.1979,137.2056,-0.5565408690629512
6444,180,35.0812,137.1464,0.7440321262063992
6445,180,34.976,137.4236,0.2800854048694152
6446,180,35.2161,137.4069,-1.0723614033912452
6447,180,34.9157,137.3023,-1.3935516403060424
6448,180,34.9969,137.6273,-0.7974145591413256
6449,180,35.181,137.0504,0.6281657070087225
6450,180,35.1359,137.3389,0.1800155261482708
6451,180,35.1511,137.538,0.5044674348716439
6452,180,35.1808,137.7298,1.2490043129238866
6453,180,34.9603,137.2406,0.1133400469335895
6454,180,34.9479,137.4144,-0.9254045251352974
6455,180,34.8943,137.4906,-0.2399846953599696
6456,180,39.6069,140.3213,0.7201093582030614
6459,180,39.2022,139.9085,-0.0942241244612062
6460,180,39.2194,140.1317,0.3451907916308093
6461,180,39.1711,140.7164,1.4277424354104904
6463,180,38.9772,140.4986,1.041038834669062
6464,180,39.6857,140.411,0.971587103345571
6465,180,39.5422,140.3515,1.1888176505283807
6466,180,39.3519,140.3903,0.2700215941337367
6467,180,39.1883,140.4744,1.2906615487401982
6468,180,35.9595,139.8733,1.6682173981267905
6469,180,35.7943,140.0564,1.8324425104905464
6470,180,35.9007,140.4905,0.8088991613055776
6471,180,35.7358,140.83,0.8139519654369499
6472,180,35.7801,140.3067,0.7727143894644396
6473,180,35.7234,140.2267,1.479220524647562
6475,180,35.5727,140.3333,0.8057810157340821
6476,180,35.4327,140.2905,0.981455794709238
6480,180,35.2988,140.0755,0.5600539272713858
6481,180,35.1577,140.3222,-0.1703457891059002
6484,180,35.3083,139.8598,0.8887330262457956
6485,180,35.6335,140.0784,0.1950414696475484
6486,180,34.9707,139.9459,-0.0061440775456869
6487,180,35.766,139.9665,1.4700151692483652
6488,180,35.7934,140.0238,0.7560753068275529
6489,180,35.5425,140.245,0.9339780369110116
6490,180,35.2834,140.1562,-0.5129011648266009
6491,180,35.3412,139.8586,-0.4100382988564824
6492,180,35.8275,140.3013,0.7468453692162922
6493,180,35.7309,140.8263,0.2593550311599806
6494,180,35.1351,139.9681,0.5507592974192164
6495,180,35.1681,140.3431,0.0667209248047119
6496,180,36.2161,136.1571,-0.7012745286926243
6497,180,36.0924,136.3646,-1.164360563253056
6499,180,37.7949,140.9196,0.6476368939896568
6500,180,37.8449,140.6013,-0.6541098821154916
6501,180,37.7613,140.4799,-1.1530078161301964
6502,180,37.6799,140.7346,0.4938568368955542
6503,180,37.6385,140.9849,0.4152527317890743
6504,180,37.5031,140.7588,1.735229079564955
6505,180,37.4061,140.9632,0.7969530170731871
6506,180,37.4363,140.5668,1.5499206208221108
6507,180,37.2778,140.6349,-0.025693177875303
6508,180,37.2342,141.0016,0.7256495117069158
6509,180,37.0911,140.9035,-0.3298061677863562
6510,180,36.9069,140.7929,0.3737852797668222
6511,180,37.09,140.5563,-0.3574473494316255
6512,180,36.8683,140.43,1.1385190182224538
6513,180,37.0217,140.3775,-1.104461051189697
6514,180,37.1228,140.1914,-0.985864047296571
6515,180,37.2842,140.3689,-0.2347017757156615
6516,180,37.3961,140.3622,-0.3838333382526003
6517,180,37.603,140.4368,0.3442568347780947
6518,180,37.3364,140.8132,0.1269864216624859
6519,180,37.2792,140.2178,0.2776213704086153
6520,180,37.35,140.4297,0.7257916495600013
6521,180,37.1976,140.342,-0.7890966113252365
6522,180,37.2139,140.5736,0.2434810613862515
6523,180,36.9919,140.5886,0.722675558892752
6524,180,37.0233,140.9736,0.1664587536992341
6526,180,37.7613,140.38,-1.7157584828261
6527,180,37.6606,140.6008,-0.8678652494440791
6528,180,37.4864,140.5414,0.4738936526827141
6529,180,37.4672,140.7261,0.7817001901555968
6530,180,37.4881,140.9906,1.489610349585556
6531,180,36.2742,136.8978,-0.1344904582736163
6532,180,36.2734,137.0253,-0.9670170564511336
6533,180,36.3322,137.3014,-1.5942467417301494
6534,180,36.2492,137.5174,-2.113801585756164
6535,180,36.1536,137.2514,-1.9141905172905167
6536,180,36.0333,136.9528,-2.0453289620986763
6537,180,36.0378,137.4861,0.607128400601775
6538,180,35.9515,137.26,-2.168569326387271
6539,180,35.8029,137.245,-0.5729720494834268
6540,180,35.6576,137.4258,-0.5292254498514818
6541,180,35.4887,137.5,0.0786380766339601
6542,180,35.4495,137.4039,-0.2392637273764317
6543,180,35.4426,137.0,-0.4021897357942827
6544,180,35.3882,137.2158,0.7461325829104499
6545,180,35.3009,137.387,-0.0179255348584731
6546,180,36.2417,137.2013,-2.20430595136261
6547,180,35.8291,136.9651,-2.7135213775823925
6548,180,35.2736,136.7031,-0.643430017167076
6549,180,36.3749,137.3746,-1.6846627089456163
6551,180,35.6001,136.4164,-1.839032047143559
6552,180,36.2712,136.9009,-0.1822153216191176
6553,180,36.2462,137.5204,-1.951058943819887
6554,180,36.1306,137.2238,-0.4482249356776023
6556,180,35.9483,136.8762,-1.0837157710448777
6557,180,35.896,137.1525,-2.172496445578023
6558,180,36.0184,137.3936,-2.3685001580038194
6562,180,35.7203,136.7876,-2.6574824914533965
6564,180,35.5183,136.6156,-1.9022778112259515
6565,180,35.4089,136.8794,-0.1783092750781199
6566,180,35.4495,137.007,-1.2726759985093103
6567,180,35.4539,137.4737,0.0412591680359983
6568,180,35.2921,136.4761,-0.7445385014260066
6569,180,36.2343,139.5331,1.5472178053273056
6570,180,36.2914,139.3609,1.945943693185692
6571,180,36.3147,139.1924,-0.2185786061205593
6572,180,36.2287,138.7579,0.2664203355684739
6573,180,36.1162,138.9251,0.6491092204391423
6574,180,36.3111,139.1879,-0.3002345900178144
6575,180,36.2409,139.5476,1.3849977790184238
6576,180,36.2325,138.7322,1.219419483019184
6577,180,36.2831,138.9242,0.2396465558279972
6578,180,36.1409,138.9161,0.1475157026478933
6579,180,36.7761,140.3569,0.0774940888075249
6580,180,36.7061,140.7068,0.7219972637944908
6581,180,36.5915,140.6453,1.8770536484615223
6582,180,36.5516,140.4102,1.9387603208074888
6583,180,36.3851,140.2372,1.0222860925649615
6584,180,36.369,140.4528,0.5650906212505185
6585,180,36.3523,140.5955,0.1849298738737145
6586,180,36.3062,139.9828,-0.1042685704939276
6587,180,36.1848,139.7037,0.2954227118076375
6588,180,36.1843,139.9653,0.2522344991992705
6589,180,36.1251,140.0903,0.9899028132967144
6590,180,36.1901,140.2869,1.331200710308878
6591,180,36.0729,140.1947,1.7932398709379989
6592,180,36.0693,139.908,1.6205462068149528
6593,180,35.9112,140.0494,1.8402077785435853
6594,180,35.9537,140.3194,1.676398585904702
6595,180,35.977,140.6322,0.5971616612606534
6596,180,36.8808,140.6544,0.7811819301016479
6598,180,36.1156,140.5655,1.2847319954590628
6599,180,36.4358,140.3592,1.937594034076852
6601,180,36.3669,140.1434,0.778925860063566
6602,180,36.8338,140.3215,1.2946257966794126
6603,180,36.7924,140.5784,0.6248480451637801
6605,180,36.5535,140.3046,1.5410488048377515
6606,180,36.6374,140.4009,1.6101704160250556
6607,180,36.0832,140.3173,2.563979802811951
6608,180,36.3599,140.6231,1.3914437803131576
6609,180,37.4999,137.1764,0.4011039164436563
6611,180,37.3919,136.9083,0.4396321228551969
6614,180,37.1602,136.6897,-0.9112275895134994
6616,180,36.8918,136.7783,-0.2008525877973942
6617,180,36.7318,136.6989,-0.92600488944544
6618,180,36.5419,136.6431,-1.2278753480636335
6619,180,36.3575,136.6045,-1.4190991280553904
6620,180,36.1805,136.6247,-1.8691643170104968
6622,180,37.3614,137.0443,-0.0504105612333767
6623,180,37.1872,136.7206,-0.2592944352498676
6624,180,37.2194,136.9719,1.4543590806287443
6625,180,37.0503,136.8236,-0.6469413276656618
6626,180,36.5119,136.6386,-1.2841000611630555
6627,180,36.735,136.7936,0.2892534803343439
6628,180,36.2636,136.7197,-1.3353089322560057
6630,180,39.3209,141.1378,0.4837583738126279
6631,180,39.318,140.7792,0.377772166693235
6632,180,38.8625,141.3547,-0.3116290875367484
6633,180,39.3406,141.0508,1.864716952754662
6634,180,39.0061,140.8667,-0.6162948573089613
6635,180,38.9661,141.0047,0.547837298681556
6636,180,39.0278,141.5356,0.3394277132319175
6639,180,35.2727,139.6579,-0.5807132652203213
6640,180,35.1441,139.6218,-0.8819560264164638
6641,180,35.3192,139.5462,-1.4308060609965048
6642,180,35.4544,139.5387,-0.4444905957273348
6643,180,35.3385,139.4901,-1.1854574679851184
6644,180,35.5751,139.3265,0.9074786964068924
6646,180,35.3355,139.3504,-0.122396269416993
6647,180,35.6154,139.1548,-0.5079238840442322
6648,180,35.3794,139.2048,-0.7824194248497905
6650,180,35.3608,139.0826,-0.4186026010386331
6651,180,35.4959,139.5227,1.4015434215505005
6652,180,35.4007,139.3571,0.1628093955481607
6653,180,35.6404,139.1315,1.01282324739055
6654,180,35.414,139.0468,-1.4752031873390052
6655,180,35.3631,139.1291,-0.8327225843696465
6657,180,38.9015,141.5684,1.1540912749417822
6658,180,38.7262,141.5109,0.9621335034096912
6659,180,38.7348,141.3106,-0.7697391077122396
6660,180,38.7292,141.0217,2.348456203846651
6661,180,38.7992,140.6507,1.5806924747134905
6662,180,38.5769,141.4514,-0.9114622274010216
6663,180,38.4466,140.8874,0.4389983147445895
6664,180,38.4282,141.2809,1.0968473420777218
6665,180,38.3175,141.0193,0.3948516571320524
6666,180,38.2663,140.9293,0.0083477748019956
6667,180,38.1049,140.8699,1.2640277225069454
6668,180,38.0085,140.621,-0.3312487514503969
6670,180,38.237,141.0003,0.8587947754212814
6671,180,38.8558,140.6547,0.3865723370438639
6674,180,38.5764,140.7839,0.8051340078054626
6675,180,38.5878,141.0744,-0.4711847765387906
6676,180,38.1103,140.8475,-0.3493055385318114
6677,180,38.0061,140.6061,-0.0772271727470595
6678,180,37.9381,140.8958,0.3448883883862593
6680,180,38.6386,141.4463,-0.65732082318991
6681,180,36.5086,137.8507,-0.6608016539839305
6682,180,36.4022,138.2491,-0.9930941964351898
6683,180,36.3378,137.8694,-1.671168302564671
6684,180,36.3281,138.4357,-2.994244035921395
6685,180,36.2564,138.2669,-1.229392294629695
6686,180,36.2564,137.9785,-0.4853537325665079
6688,180,36.0956,138.4844,-0.3637866978105536
6689,180,36.0454,138.1116,-0.3995653809463321
6690,180,35.9151,138.2421,-1.261911767351989
6691,180,35.9748,137.8255,-0.5798779994534677
6692,180,35.8132,137.5295,-0.4459748862800385
6693,180,35.8562,137.7078,-0.3517786866516265
6694,180,35.8282,137.9532,-1.205866965490605
6695,180,35.7304,137.9341,-1.1801832058350936
6696,180,35.6079,137.6125,0.1404950928507515
6697,180,35.5787,138.0338,-0.6637269829518353
6698,180,35.5232,137.8374,0.3192073154550309
6699,180,35.2807,137.8567,-0.606388030664325
6700,180,36.251,137.8622,-1.1129302916261303
6702,180,35.96,137.77,-0.7444837341814934
6703,180,35.9125,138.3083,-1.0516522441730585
6704,180,35.9664,138.4828,-1.1482099367380287
6705,180,35.5111,137.8797,0.3405304938584559
6706,180,35.3063,137.6292,0.6891571735816546
6707,180,36.0056,137.9336,-0.5032086979666697
6708,180,35.9433,138.1879,-0.6602297085927682
6709,180,36.1393,138.5535,0.0362221510297705
6710,180,35.9292,137.598,0.8318227690813922
6711,180,35.9703,138.5877,-0.0971026054164621
6712,180,35.7839,137.7203,-0.4431663900712612
6714,180,35.6024,137.6135,0.4147391137607312
6715,180,35.612,137.8827,-0.3732976516503057
6716,180,35.2953,137.9298,-1.0448116636261735
6717,180,36.0609,137.688,0.1681799612228514
6718,180,36.1153,137.9419,-0.7216704435812032
6719,180,36.2546,137.9929,-0.1680860429095315
6720,180,36.4567,137.9668,-1.297651187754615
6721,180,36.5296,137.8231,-2.0736378349788818
6722,180,36.3793,137.8231,0.0299085448835993
6723,180,36.3277,138.4999,-2.1701867376844945
6724,180,38.2584,138.4337,0.6280103747530457
6725,180,38.4501,139.4961,1.2644068406863052
6726,180,38.2301,139.4864,1.256337952509324
6727,180,38.2769,139.5519,0.4509827663402914
6728,180,36.2428,139.1937,-0.304685806618812
6729,180,36.1476,139.3884,-0.0368523752940906
6731,180,36.1179,139.1045,2.715185945467737
6732,180,36.0562,139.2626,0.3108284756253998
6733,180,35.9954,139.0709,1.6213090166479358
6734,180,35.9034,139.4826,-0.0739794672829519
6736,180,35.8401,139.3215,0.6408348550646342
6737,180,35.7965,139.4659,-0.7274456483294246
6738,180,35.9954,138.801,0.9201551702516468
6739,180,35.8958,139.3875,-1.008617284006062
6740,180,35.7996,139.5385,-1.1915437141369956
6741,180,36.1478,139.0536,1.9856450124213847
6742,180,36.11,139.2926,1.491662697934911
6743,180,35.9086,139.1517,0.8817807154239431
6744,180,36.0243,138.9722,0.4637652060380957
6746,180,35.9933,139.2223,0.5846102499606023
6747,180,35.8605,139.2758,1.7669703328880095
6748,180,34.7549,138.7841,-0.8449139256767556
6749,180,35.096,138.8657,-0.4374435548532877
6750,180,35.1971,138.9127,-0.8562369913521675
6751,180,35.3091,138.9349,-0.212523252967794
6752,180,35.2128,138.6016,-0.5426363395802773
6753,180,35.1271,138.6213,-0.9465899824333436
6755,180,34.9649,138.3735,-0.9164819650852988
6756,180,35.2435,138.3407,-1.3592347359163324
6757,180,34.8566,138.3113,-0.1095996891112811
6758,180,34.7402,138.2241,0.5945317434259805
6760,180,35.0916,137.8136,-0.102661454204148
6761,180,34.8738,137.8164,-0.3879835009168716
6763,180,34.7915,137.9064,-0.2053691912457524
6764,180,35.3038,138.2003,-1.4911799322851351
6765,180,35.2201,137.9212,-1.2669445246708615
6766,180,34.9365,138.0798,-1.790087305693458
6767,180,35.0053,137.8439,-1.5018151129528703
6768,180,35.0113,138.3557,-1.6601814709849412
6769,180,35.1271,138.4273,-0.4143933008637242
6771,180,34.9109,138.2038,-1.6610548225506234
6772,180,35.1995,138.569,-0.6408847559426241
6773,180,35.0821,138.981,-0.8439734150847275
6774,180,34.7954,138.7755,-1.2334554707796244
6775,180,34.7798,138.9732,-2.025017733736922
6776,180,34.6715,138.8372,-1.1185815403396633
6778,180,34.9706,138.4955,-1.541165686184505
6779,180,36.9417,140.0828,0.2502332649622603
6780,180,36.7639,140.1297,-0.3175216167085722
6781,180,36.5692,139.8861,-0.0240771040571017
6782,180,36.56,139.7675,-0.9836979153428016
6783,180,36.3867,139.6145,-0.2775513638455191
6784,180,36.2859,139.8047,0.4524511981934665
6785,180,36.4368,140.0225,-0.3419826981026433
6786,180,36.545,140.1742,1.4487621590171988
6787,180,36.4427,139.9541,-1.106600795316755
6788,180,36.6928,139.9875,0.2706442989783899
6789,180,36.7311,140.1814,0.7908887352061061
6790,180,36.5564,139.8669,-0.4644518745939093
6791,180,36.5449,140.0784,-0.3627893547905444
6792,180,35.8029,139.0956,-0.3961967433844175
6793,180,35.7968,139.2912,0.9983446469012516
6794,180,35.6282,139.4034,0.1949632479756278
6795,180,35.5782,139.4156,-0.0025205814076577
6796,180,35.699,139.5029,-0.8849834781196088
6797,180,35.7107,139.6859,-0.0189813270098835
6798,180,35.6596,139.8343,0.5546056369198726
6799,180,35.689,139.8354,0.1821047774707401
6800,180,35.7313,139.8121,2.350362750254725
6801,180,35.6485,139.799,0.1633849352644549
6802,180,35.6474,139.8093,0.5544884495067999
6803,180,35.6551,139.8115,0.2973925592189008
6804,180,35.6657,139.8087,-0.2329789790623204
6805,180,35.6876,139.8193,0.7022793884932065
6806,180,35.6874,139.7962,0.4730738439558872
6807,180,35.7254,139.8249,1.134702854806999
6808,180,35.7401,139.8624,0.0124144410998408
6809,180,35.6685,139.7893,0.7855309460014701
6810,180,35.6669,139.2682,0.3671556448282901
6813,180,36.8163,137.4192,-1.6589905722432283
6814,180,36.8624,137.5274,-0.3428482996199595
6815,180,36.7824,137.0803,-0.7152945687459311
6816,180,36.6716,136.897,-0.7482483083836553
6817,180,36.6686,137.2114,-1.3914636213754148
6818,180,36.6086,137.2831,-0.8808632022979718
6819,180,36.56,136.8872,-1.5327683614112768
6820,180,36.5781,137.385,-0.6251999585266677
6821,180,36.4411,137.0353,-0.8405934113961185
6822,180,36.8836,136.9306,-0.4128322292244583
6823,180,36.7263,137.2658,-1.0291777046666764
6824,180,36.5706,136.9614,-1.1500882615226629
6825,180,36.5681,137.1625,-0.8177217042862367
6826,180,36.4375,137.0422,-0.7924259701295726
6828,180,35.6132,138.947,-0.4163473998515755
6829,180,35.4648,138.813,-0.7006171938556359
6830,180,35.702,138.7266,-0.4968231046565241
6831,180,35.6548,138.5677,-1.5709277584441486
6832,180,35.4684,138.6069,-2.197572374413167
6833,180,35.2791,138.4649,-1.6853836576777108
6834,180,35.432,138.3321,-1.8533516571492616
6835,180,35.4965,138.4627,-0.3234254453472938
6836,180,35.7918,138.4096,0.1041086220731582
6837,180,35.6863,138.7371,-0.8080703856833873
6840,180,35.6215,138.9808,-0.1918561912830489
6841,180,35.5591,138.4521,-1.866060957663312
6843,180,35.5082,138.9707,-1.0947610025801726
6844,180,35.5291,138.6076,-1.183718969501345
6846,180,38.7679,140.2957,-0.6698568233392332
6847,180,38.7292,139.8013,1.142577694602584
6848,180,38.607,140.1621,1.3886916995632663
6849,180,38.4306,140.3907,0.6424921506946248
6850,180,38.3856,139.9921,0.639291715014429
6851,180,38.3898,140.2743,0.3263644107078858
6852,180,38.2604,140.3488,0.4013917518049177
6853,180,38.1502,140.2674,0.6335106677960808
6854,180,38.1074,140.0428,0.5940031942971822
6855,180,38.0621,139.7575,0.5523695394163127
6857,180,38.7895,140.0185,0.288338171971885
6858,180,38.3811,140.3839,0.3416139634893279
6859,180,38.2664,140.2617,1.762958007317242
6861,180,38.0783,140.3011,1.4484516356427508
6862,180,37.9853,139.805,0.3429978819232373
6863,180,37.9603,140.1869,1.000356990550423
6864,180,37.8931,140.0311,0.8441852156649219
6865,180,38.9672,140.0367,0.8066320778465712
6866,180,38.7469,140.1814,0.0790598250751723
6867,180,38.6328,140.0089,0.0824527237456243
6868,180,38.4675,139.7639,1.118344272553423
6869,180,38.3831,139.995,0.6267285186573731
6870,180,38.4228,140.1283,0.666311406393634
4459,274,42.418,13.079,-2.245149744509673
4460,274,43.075,12.604,-0.8621708297491353
4461,274,42.027,13.426,-0.5097464296621101
4462,274,43.707,12.188,0.1748693718917857
4463,274,41.484,14.472,1.7035042855284208
4464,274,41.563,14.652,-0.8463989990359475
4465,274,42.101,13.088,-1.7620314504736851
4466,274,41.618,15.105,-0.607674566481643
4467,274,41.486,13.823,-0.0150082375536814
4468,274,41.787,14.112,-0.6593946423350415
4469,274,41.833,14.712,-0.3220230190773255
4470,274,43.955,12.736,1.114649002795337
4471,274,42.085,13.521,0.6108151001955658
4472,274,41.26,15.91,1.14185124804263
4473,274,42.37,14.148,-0.0372067343949018
4474,274,42.268,13.117,-1.5991629562797802
4475,274,44.199,12.042,1.0639144262924003
4476,274,42.421,13.519,0.4761237718937409
4477,274,42.436,13.554,-2.7404840652884315
4478,274,41.611,14.236,-0.3621713374511641
4479,274,42.377,13.344,1.7573128484632137
4480,274,42.373,13.337,1.0455215308772232
4481,274,42.376,13.339,2.062919602370511
4482,274,42.345,13.401,0.7866556429581928
4484,274,42.558,12.969,-2.199987744771972
4485,274,41.634,15.911,1.7729814034660565
4486,274,42.249,12.748,-2.257067868163296
4487,274,41.704,15.958,1.7846315526714909
4488,274,42.524,13.245,-0.4489153369303938
4489,274,40.799,14.18,0.5874941319468966
4490,274,41.954,13.642,0.4393977084157395
4491,274,41.696,14.702,0.5691254551136773
4492,274,41.483,14.838,-0.6428176275346665
4493,274,41.711,14.984,-0.2802719565228555
4494,274,41.625,14.88,-0.1148680889403196
4495,274,41.709,15.733,0.7735295251286858
4496,274,41.691,15.374,1.231507640965718
4497,274,43.56734,12.14349,0.6207095573492608
4498,274,41.807,15.165,0.7503578297094569
4499,274,42.734,12.741,-1.46111057969651
4500,274,42.743,12.74,-1.6168730792918051
4501,274,41.91316,13.10552,-1.9425065329348608
4502,274,42.089,13.934,-0.1560954214214389
4503,274,41.222,14.53,-0.3982602877485974
4504,274,41.989,14.975,1.014080266373216
4505,274,41.333,14.132,-1.0048825093693363
4506,274,41.877,16.165,1.981558561568024
4839,278,37.145,138.2394,-0.8784514464519466
4840,278,37.1242,138.4486,-0.022292960443466
4841,278,37.1561,138.4286,1.4530988208885065
4842,278,37.1297,138.6114,-0.2543593082593675
4843,278,37.0847,138.61,-0.9002707561324361
4844,278,37.1517,138.515,2.116118284909772
4845,278,37.0764,138.3861,0.9279136464866908
4846,278,37.2736,138.3944,0.0704177717137185
4847,278,37.2272,138.3325,-0.1849840929747407
4848,278,37.1842,138.3333,-0.6082108799512744
4849,278,37.2203,138.4081,0.1164243471555808
4850,278,37.0494,138.2972,-0.9908404908202628
4851,278,37.0786,138.3375,0.172003307808308
4852,278,37.1219,138.3492,0.6725772626350914
4853,278,37.155,138.0944,0.1348445441625645
4854,278,37.6381,138.9589,-1.57054824942151
4855,278,37.3686,138.5619,-0.5520673113507676
4856,278,37.6633,139.0433,-1.0664522974363853
4857,278,37.1242,138.7586,0.871437173654755
4858,278,37.5431,138.8886,-1.7969439683354524
4859,278,37.585,138.9258,-0.0047797180010651
4860,278,37.545,138.8811,0.3954944214059845
4861,278,37.3908,138.7917,-1.5064125435135711
4862,278,37.4906,138.7861,-1.1334582281349543
4863,278,37.5378,138.8128,0.0705792408332379
4864,278,37.5728,138.7756,-0.2987560751687474
4865,278,37.5278,138.7125,-1.436629296458414
4866,278,37.6417,138.7736,0.2748138824291852
4867,278,37.3236,138.8931,0.6628272317193065
4868,278,37.2675,138.8644,0.0939298920546184
4869,278,37.2408,138.9272,0.1864627434425218
4870,278,37.0367,138.8506,-0.1860423213003402
4871,278,37.1711,138.7483,-0.8194899075530607
4872,278,37.2214,138.6419,0.7964489120122453
4873,278,37.3022,138.7122,-0.0520011546256123
4874,278,37.4189,138.6258,-1.0600270308610762
4875,278,37.4539,138.67,0.6814100223024339
4876,278,37.7414,139.1858,-0.8688257798656812
4877,278,37.6881,138.8586,-1.218620508471809
4878,278,37.6233,138.8428,-0.0833474040005591
4879,278,37.6828,138.8828,-1.5754171739720262
4880,278,37.4333,138.8417,-1.0061962270016778
4881,278,37.31,138.795,-0.2686455984888
4882,278,37.7583,138.8917,-1.414949158108368
4883,278,37.0617,138.8783,-0.3622609095420747
4884,278,37.3033,137.1533,1.3009495439049203
4885,278,37.5317,138.7095,-0.6450052825956049
4886,278,37.103,138.163,0.0081920270528699
4887,278,37.39,136.8983,2.746407341962658
4888,278,37.105,138.25,0.4464475070066536
4889,278,36.7514,138.2389,1.981089746033112
4890,278,36.7642,138.255,3.451429460315944
4891,278,36.6992,138.0925,1.461243525083832
4892,278,36.77,138.3276,1.8935290049896143
4893,278,37.425,138.5967,0.3164225872340918
4894,278,37.4367,138.6017,1.2458535998225602
4895,278,37.4267,138.6083,-0.8473501707295494
4900,278,35.2979,136.9153,0.0662792179670941
4901,278,35.1979,137.2056,0.4436644665605699
4902,278,35.0977,137.5697,0.2946581386189107
4903,278,35.2161,137.4069,-0.4742464215064034
4904,278,35.2144,136.8539,0.4817708666796699
4905,278,35.1359,137.3389,0.7709254966359671
4906,278,35.1511,137.538,1.0411329212575935
4907,278,35.1808,137.7298,1.354730872860095
4908,278,39.883,140.0716,-0.7064350427384468
4909,278,39.8879,139.8466,1.204318627898275
4910,278,39.8128,140.5803,2.197767922822375
4911,278,39.6991,140.7181,0.9695002459708728
4912,278,39.6069,140.3213,0.6021404727369828
4913,278,39.595,140.5554,0.5587889390180445
4916,278,39.2975,140.5629,0.9329518504388274
4917,278,39.1939,140.1902,0.7829283329156068
4918,278,39.0384,140.451,0.7741562583005125
4919,278,39.2022,139.9085,0.0768027873063317
4921,278,39.1462,140.717,-0.1331477562053692
4922,278,39.8119,140.5825,1.5186225037801833
4923,278,39.6606,140.5756,1.498092609322988
4924,278,39.2194,140.1317,0.2977964534993436
4926,278,38.9772,140.4986,0.7937117501858578
4927,278,39.9128,140.2256,0.9766050384071268
4928,278,39.6857,140.411,0.790339422587782
4929,278,39.5422,140.3515,0.8067197302227457
4930,278,39.5547,140.615,0.6390880240353725
4931,278,39.3519,140.3903,0.0977592894403383
4932,278,39.1883,140.4744,1.5021582728464178
4933,278,35.9595,139.8733,0.8297739057027154
4934,278,35.7868,139.9031,0.0751029796928314
4935,278,35.7943,140.0564,0.9335615017885712
4936,278,35.9007,140.4905,0.64552606257908
4937,278,35.7358,140.83,1.048608018184247
4938,278,35.7801,140.3067,-0.1062213919127183
4939,278,35.7234,140.2267,0.4893721291424228
4942,278,35.7077,140.568,-0.4123879906394231
4943,278,35.6021,140.5014,-0.426038720086105
4944,278,35.5727,140.3333,0.2564164139896899
4945,278,35.4327,140.2905,0.0794321372303014
4949,278,35.2988,140.0755,0.0616539269016032
4951,278,35.3083,139.8598,-0.3584414650537159
4952,278,35.6335,140.0784,0.2651669627058182
4953,278,35.3872,140.237,-0.4430081376579334
4954,278,35.766,139.9665,0.4939927773577474
4955,278,35.6947,139.9176,0.1673130973083179
4956,278,35.7934,140.0238,0.0092791489510834
4957,278,35.5425,140.245,-0.4442646816961546
4958,278,35.2834,140.1562,-0.1189331915295672
4959,278,35.8275,140.3013,-0.0175700552158736
4960,278,35.7309,140.8263,0.6663065737242847
4961,278,35.1351,139.9681,0.6736837819725764
4962,278,35.5911,140.514,0.0494597501746822
4963,278,36.2161,136.1571,0.9712904373273882
4965,278,35.9789,136.4865,-1.251393050192146
4966,278,35.9053,136.6706,-0.9452071437141052
4967,278,36.0924,136.3646,-0.3740533063900507
4969,278,37.7949,140.9196,0.1235145880271815
4970,278,37.8449,140.6013,-0.7282129752622059
4971,278,37.7613,140.4799,-0.8020048758605225
4972,278,37.6799,140.7346,-0.5917958081956204
4973,278,37.6385,140.9849,0.4842306765487588
4974,278,37.5031,140.7588,2.0238692138514565
4975,278,37.4061,140.9632,0.3534467053114168
4976,278,37.4363,140.5668,1.8419251524282585
4977,278,37.2778,140.6349,-0.0270560217896792
4978,278,37.2342,141.0016,1.1602749497036091
4979,278,37.0911,140.9035,-0.4288686272449967
4980,278,36.9069,140.7929,0.2260857504083721
4981,278,37.09,140.5563,-0.0774410200178604
4982,278,36.8683,140.43,0.5784656975693614
4983,278,37.0217,140.3775,-1.0330166504486522
4984,278,37.1228,140.1914,-0.5585849726582784
4985,278,37.2842,140.3689,-0.4899873817329072
4986,278,37.3961,140.3622,0.203085426447379
4987,278,37.603,140.4368,-0.0847127676310856
4989,278,37.6535,139.8633,0.0787596159034402
4990,278,37.6002,139.6467,0.4256597267677078
4991,278,37.4774,139.9294,0.2286180698443991
4992,278,37.3957,140.1325,0.2892691233527461
4993,278,37.3077,139.9,0.6107084319338083
4994,278,37.266,139.5386,0.5422655273228137
4995,278,37.07,139.6808,2.23226490491386
4996,278,37.3491,139.3144,-0.4720016430530478
4997,278,37.0159,139.3801,2.0562505989520585
4998,278,37.453,139.5133,-0.4622405340043187
4999,278,37.3364,140.8132,0.6738602233057972
5000,278,37.7535,139.7183,1.4602041134755337
5001,278,37.7287,139.8855,1.6287414144194683
5002,278,37.4478,139.8159,-0.517800616572648
5003,278,37.2513,139.8758,-0.0558940621606522
5004,278,37.1692,139.5231,0.904643831311447
5006,278,37.2792,140.2178,-0.4164491589132462
5007,278,37.35,140.4297,0.0171233055467642
5008,278,37.1585,140.0963,0.0834092006431409
5009,278,37.2139,140.5736,0.6788150572965925
5010,278,36.9919,140.5886,0.1135544260150496
5011,278,37.0233,140.9736,0.2228245084703475
5013,278,37.6606,140.6008,-1.0488115751279692
5014,278,37.4864,140.5414,0.6374774966125164
5015,278,37.4672,140.7261,0.713035932812865
5016,278,37.4881,140.9906,1.1923537688289525
5017,278,37.3392,139.3179,1.102808025394434
5018,278,36.2742,136.8978,0.5583376925553424
5019,278,36.2734,137.0253,0.2638995985996972
5020,278,36.3322,137.3014,-0.5655080609422547
5021,278,36.2492,137.5174,-1.2936465476774832
5022,278,36.1536,137.2514,-0.5382552239488416
5023,278,36.0333,136.9528,-0.7633738334969278
5024,278,36.0378,137.4861,1.212264356897022
5025,278,35.9515,137.26,-1.2783736244764936
5026,278,35.9219,136.8311,-1.3653466254022235
5027,278,35.8029,137.245,-0.2385628298726042
5028,278,35.7593,136.9808,-0.9782416187768728
5029,278,35.6637,137.1617,-1.6400271638658652
5030,278,35.6576,137.4258,0.3757128879092387
5031,278,35.4887,137.5,0.9946163030939076
5032,278,35.4495,137.4039,0.5260436347081666
5033,278,35.4243,136.7553,0.0165988000913063
5034,278,35.4426,137.0,-0.0432862316254286
5035,278,35.3882,137.2158,1.1607681462453725
5036,278,35.3009,137.387,0.4220868779499482
5037,278,36.2417,137.2013,-1.135862856717149
5038,278,35.4147,136.4376,-2.2404679822662468
5039,278,35.8291,136.9651,-1.01211068927217
5040,278,35.2736,136.7031,-0.1559923600672476
5041,278,36.3749,137.3746,-0.6554436445869558
5043,278,35.6001,136.4164,-0.5745736958408836
5044,278,36.2712,136.9009,0.4401425125671199
5045,278,36.2462,137.5204,-1.2084429199828448
5046,278,36.1306,137.2238,1.1984106296755204
5048,278,35.9483,136.8762,-0.0803911377473171
5049,278,35.896,137.1525,-0.8639348640266303
5050,278,36.0184,137.3936,-1.0986414375659892
5055,278,35.5183,136.6156,-0.9454522559475904
5056,278,35.4089,136.8794,0.0880499124398627
5057,278,35.4495,137.007,-0.6280213422892093
5058,278,35.4539,137.4737,0.5215776595302163
5059,278,36.7722,139.2248,2.152418846171844
5060,278,36.7819,138.9695,1.017026012531642
5061,278,36.6578,139.0784,1.1802083970454575
5062,278,36.6172,138.5918,-0.5650434317573755
5063,278,36.5133,138.5177,-2.4721708748156868
5064,278,36.5103,138.7523,-1.700922936930456
5065,278,36.4619,139.0101,-1.3305177457625623
5066,278,36.3478,139.1368,-1.2816682287426833
5067,278,36.4106,139.3251,0.9704817828816136
5068,278,36.2343,139.5331,0.4862016754602775
5069,278,36.2914,139.3609,0.7385824532474697
5070,278,36.3181,139.0176,-0.6995014520961688
5071,278,36.35,138.7179,-1.1152042862551794
5072,278,36.2287,138.7579,-2.10861368236958
5073,278,36.1162,138.9251,-1.557260243647574
5074,278,36.3111,139.1879,-1.4609964458964697
5075,278,36.2409,139.5476,0.3724232434721553
5076,278,36.6967,139.2136,1.691788783170033
5077,278,36.4886,138.5275,-1.3159271685027023
5078,278,36.6181,138.91,-1.2435270999945578
5079,278,36.2325,138.7322,-0.99816245378632
5080,278,36.2831,138.9242,-1.9954980329503929
5081,278,36.1409,138.9161,-1.1671838547298643
5082,278,36.8589,139.0659,0.3325441251510314
5084,278,36.7761,140.3569,0.3912966555324723
5085,278,36.7061,140.7068,0.9654702367552344
5086,278,36.5915,140.6453,0.9972087718365724
5087,278,36.5516,140.4102,0.737935892583549
5088,278,36.3851,140.2372,0.839857010705336
5089,278,36.369,140.4528,0.2491758286023457
5090,278,36.3523,140.5955,-0.2332246357111234
5091,278,36.3062,139.9828,-0.1020361527194226
5092,278,36.1848,139.7037,0.10040987060703
5093,278,36.1843,139.9653,0.1432837619614197
5094,278,36.1251,140.0903,0.7188292922091019
5095,278,36.1901,140.2869,0.8189091444227521
5096,278,36.1587,140.4892,2.0336739750302626
5097,278,36.0729,140.1947,0.9728484455034956
5098,278,36.0693,139.908,0.4529234953802299
5099,278,35.9112,140.0494,0.6433123911139401
5100,278,35.9537,140.3194,0.9881324175360744
5101,278,35.977,140.6322,-0.1399334210265514
5103,278,36.1156,140.5655,1.2021383970224224
5104,278,36.4358,140.3592,1.5891476817460004
5106,278,36.3669,140.1434,0.5404569094011998
5107,278,36.8338,140.3215,0.9716961963934256
5108,278,36.7924,140.5784,0.6738773690420032
5110,278,36.5535,140.3046,1.0372810405893105
5111,278,36.6374,140.4009,1.260296769213508
5112,278,36.0832,140.3173,1.480018785967178
5113,278,36.3599,140.6231,1.5253826375515127
5114,278,35.8252,140.7356,-0.2205507755719908
5115,278,37.4999,137.1764,0.4531907112264177
5117,278,37.3919,136.9083,1.117305427150957
5120,278,37.1602,136.6897,-0.2660303503577272
5122,278,36.8918,136.7783,0.4082247466356715
5123,278,36.7318,136.6989,0.1162017906988188
5124,278,36.5419,136.6431,-0.0597096496704945
5126,278,36.3575,136.6045,-0.1125517770808016
5127,278,36.1805,136.6247,-1.0914959387005512
5129,278,37.5236,137.2875,0.2651394189760439
5130,278,37.3614,137.0443,0.5251359230476416
5131,278,37.3428,137.2467,1.8661012104511296
5132,278,37.1872,136.7206,0.4001112115109727
5133,278,37.0503,136.8236,0.2796536395518118
5134,278,36.5119,136.6386,-0.3333971225818388
5135,278,36.735,136.7936,0.5273227300348647
5136,278,36.2636,136.7197,-0.3882324956712437
5138,278,39.1454,141.152,-0.65521784592443
5139,278,39.3209,141.1378,0.5173952369154627
5140,278,39.318,140.7792,0.4241711569338835
5141,278,39.5169,140.8301,0.360856691311266
5142,278,39.1781,141.3944,-0.4437366914759772
5143,278,38.8625,141.3547,-0.8008109607985608
5144,278,39.4531,141.0036,0.583509371338299
5145,278,39.195,141.0153,0.1204259861123956
5146,278,39.0061,140.8667,-0.9263472763676436
5147,278,38.9661,141.0047,0.1428563504501605
5148,278,39.0278,141.5356,0.0529114216928158
5151,278,35.2727,139.6579,-0.799548090877208
5152,278,35.1441,139.6218,-0.7306190298357955
5153,278,35.3192,139.5462,-0.809036202556243
5154,278,35.4544,139.5387,-1.1163746793332794
5155,278,35.3385,139.4901,-1.0225810068629175
5157,278,35.3355,139.3504,0.0334934027582656
5158,278,35.6154,139.1548,-1.7034016987594758
5159,278,35.3794,139.2048,-1.1151658562590756
5161,278,35.3608,139.0826,-0.7689115905238392
5162,278,35.0966,139.3778,1.5596369865053197
5163,278,35.4959,139.5227,0.1945048600055394
5164,278,35.4007,139.3571,0.1103285857641428
5165,278,35.414,139.0468,-1.6364128903790645
5166,278,35.3631,139.1291,-1.173938170831686
5168,278,35.3551,139.0942,-0.2832272898288629
5169,278,38.9015,141.5684,0.8902457967544651
5170,278,38.7992,140.6507,1.37112497414778
5172,278,38.5769,141.4514,-1.251134664896271
5173,278,38.4466,140.8874,-0.3047456346444839
5174,278,38.4282,141.2809,0.2724095691423339
5175,278,38.3175,141.0193,0.3066055203442932
5176,278,38.2663,140.9293,-0.2522719262464719
5177,278,38.3177,140.6357,1.2120219221107953
5178,278,38.1049,140.8699,1.2601959962128468
5179,278,38.0085,140.621,0.3030606780263142
5181,278,38.237,141.0003,-0.1160330922473
5182,278,38.8558,140.6547,0.3025130912058986
5185,278,38.5764,140.7839,0.1764459222639229
5186,278,38.5878,141.0744,-0.8085866693728783
5187,278,38.1103,140.8475,-0.6933066868152669
5188,278,38.0061,140.6061,0.4035823706616344
5189,278,37.9381,140.8958,0.1173280058312701
5191,278,38.6386,141.4463,-1.2461439702809898
5192,278,36.8514,138.366,0.5917325706016473
5193,278,36.8069,138.2069,1.6907241879935722
5194,278,36.7403,138.4129,-0.2132392361936952
5195,278,36.6486,138.1938,-0.5211142880187272
5196,278,36.6981,137.8544,-1.162104591392122
5197,278,36.5086,137.8507,-0.9154765573279992
5198,278,36.5339,138.1191,-0.3664530964804873
5199,278,36.4022,138.2491,0.5147149814313409
5200,278,36.3378,137.8694,-0.6411766431461118
5201,278,36.3281,138.4357,-1.3315986591410989
5202,278,36.2564,138.2669,-0.0300404883809887
5203,278,36.2564,137.9785,0.6249140187151183
5205,278,36.0956,138.4844,-1.0550014256415965
5206,278,36.0454,138.1116,1.4459891604708124
5207,278,35.9151,138.2421,-0.0677386113117805
5208,278,35.9748,137.8255,0.229331194840746
5209,278,35.8132,137.5295,0.4042134671875111
5210,278,35.8562,137.7078,-0.0531276343556205
5211,278,35.8282,137.9532,0.226736968639468
5212,278,35.7304,137.9341,0.4031845272484651
5213,278,35.6079,137.6125,0.6022875289928173
5214,278,35.5787,138.0338,-0.1219614769007261
5215,278,35.5232,137.8374,1.0038994312986005
5216,278,35.2807,137.8567,1.1432632590329652
5217,278,36.7403,138.3792,-0.4728541228991265
5218,278,36.251,137.8622,-0.3460365689508946
5219,278,35.96,137.77,0.4470867687150118
5220,278,35.9125,138.3083,-0.1727402145373392
5221,278,35.9664,138.4828,-0.3611853079125977
5222,278,35.5111,137.8797,1.3237198308580251
5223,278,35.3063,137.6292,0.7190859776463379
5224,278,36.0056,137.9336,-0.0692876236053262
5225,278,35.9433,138.1879,0.4224878063074834
5226,278,36.1393,138.5535,-1.5044181153529106
5227,278,35.9292,137.598,1.1912071591774107
5228,278,35.9703,138.5877,-1.2117110219848048
5229,278,35.7839,137.7203,-0.1459486317325576
5230,278,35.8283,137.9267,0.2275396948007254
5232,278,35.6024,137.6135,0.558410542840673
5233,278,35.612,137.8827,0.8289247667360764
5234,278,35.2953,137.9298,0.3419762760973447
5235,278,36.4632,138.1505,0.68029122399776
5236,278,36.5739,138.051,0.0464604841024075
5237,278,36.7044,138.0995,-0.4592733405767295
5238,278,36.9072,138.4439,-0.0748892868969842
5239,278,36.0609,137.688,0.6372356136158865
5240,278,36.1153,137.9419,0.3261372659288335
5241,278,36.2546,137.9929,0.7163284648622582
5242,278,36.4567,137.9668,-0.3739226538584609
5243,278,36.5296,137.8231,-1.5222736315735923
5244,278,36.3793,137.8231,0.2610465651443809
5245,278,36.3277,138.4999,-1.425404658476992
5246,278,38.2584,138.4337,0.4943759113603587
5247,278,38.0745,138.4398,-1.4784272403782135
5248,278,37.9976,138.3226,1.6309954533471636
5249,278,37.8205,138.2795,-0.1855256703974055
5250,278,37.9204,138.4981,0.4138089743004703
5251,278,38.4501,139.4961,1.1391155149444532
5252,278,38.2301,139.4864,1.1241526242877191
5253,278,38.053,139.4055,0.4002483078114472
5257,278,37.6863,139.4772,0.9768333164207876
5260,278,37.6935,139.1886,-1.7829511261704396
5261,278,37.6421,138.7676,-0.1827600450685814
5262,278,37.4416,138.8431,-1.1289914464487938
5263,278,37.3724,138.5579,0.2608232945189038
5264,278,37.3057,138.7898,-0.0517160583265917
5265,278,37.2332,138.962,-0.1170700632781943
5266,278,37.1281,138.7468,0.4272640940836459
5267,278,37.0364,138.8462,0.0746281066193725
5268,278,37.0147,138.6529,-1.32862009149902
5269,278,37.1268,138.444,-0.4355049147113404
5271,278,37.0228,138.2507,-0.2844840178700857
5272,278,37.0235,137.8624,0.5182989510355148
5273,278,37.4261,138.8862,-1.2040446325570513
5274,278,37.4242,138.8908,-1.1460303400400198
5275,278,38.2769,139.5519,0.3690339000732667
5276,278,38.1297,139.4322,-0.741039583505554
5277,278,38.1283,139.5461,1.1225192014268932
5278,278,37.9731,139.2819,-0.3799707930580355
5279,278,37.6497,139.0708,-0.0097515273962379
5280,278,37.6628,139.2642,0.9789906044510022
5281,278,37.5356,139.1311,0.1973369430163424
5282,278,37.5408,139.3681,0.7934458018086646
5283,278,37.1697,138.7472,-0.8113266643317005
5284,278,37.2208,138.9853,0.2560462862274528
5285,278,37.0514,138.3997,0.5756330973163937
5286,278,37.0272,138.8553,-0.3217364869888432
5287,278,37.0503,138.9983,0.7366391876043475
5288,278,36.9347,137.8511,0.6363517579243034
5289,278,36.8539,138.0997,-1.8340565432791176
5290,278,36.9394,138.2625,-0.4822046436132132
5291,278,36.8083,138.7881,0.7309583262534259
5292,278,36.2428,139.1937,-0.7683469266284486
5293,278,36.1476,139.3884,-0.7401089708297751
5295,278,36.1179,139.1045,0.5964723458597181
5296,278,36.0562,139.2626,-1.7133652884463104
5297,278,35.9954,139.0709,-1.1580577180557972
5298,278,36.054,139.3912,-0.8007377029800518
5300,278,35.9034,139.4826,-1.340136081731632
5303,278,35.8401,139.3215,-1.374130614128633
5304,278,35.7965,139.4659,-1.6202396552058895
5305,278,35.9954,138.801,-1.9569733035685084
5306,278,35.8958,139.3875,-1.054995856834979
5307,278,35.7996,139.5385,-1.5489462410272077
5308,278,36.1478,139.0536,-0.5752453382862732
5309,278,36.11,139.2926,-0.0206267556701144
5310,278,35.9086,139.1517,-1.550500143312021
5311,278,36.0243,138.9722,-1.808032759408756
5313,278,35.9933,139.2223,-1.669968232990385
5314,278,35.8605,139.2758,0.309757352675709
5315,278,35.096,138.8657,0.6342243001748175
5316,278,35.1971,138.9127,-0.1136421485977329
5317,278,35.3091,138.9349,0.5383986403970927
5318,278,35.2128,138.6016,0.4670398081486367
5319,278,35.1271,138.6213,0.09453785252939
5321,278,34.9649,138.3735,-0.5978581744624778
5322,278,35.2435,138.3407,-1.020010295417301
5323,278,35.0969,138.1332,-0.2679173390013139
5324,278,35.0916,137.8136,1.589991131642294
5325,278,34.9816,137.8975,0.4762366997608596
5326,278,34.9524,139.1378,-0.1967073755821971
5327,278,35.3038,138.2003,-0.7569670679926294
5328,278,35.2201,137.9212,-0.4517353817309654
5329,278,34.9365,138.0798,-0.7296855483494887
5330,278,35.0053,137.8439,0.1939148037141535
5331,278,35.0113,138.3557,-1.159096830565752
5332,278,35.1271,138.4273,0.0060585666473595
5334,278,34.9109,138.2038,-0.2477524979362143
5335,278,35.1995,138.569,-0.8430297681440743
5336,278,35.0821,138.981,-0.8580229224005812
5338,278,34.9706,138.4955,-0.6362373804098129
5339,278,36.9417,140.0828,-0.1874166473100909
5340,278,36.99,139.8033,-0.0874866769081678
5341,278,36.8144,139.7153,0.7417662446539363
5342,278,36.8061,139.4204,0.2951281636178378
5343,278,36.8061,139.9264,0.6174442610829528
5344,278,36.7639,140.1297,0.6012269304610038
5345,278,36.5692,139.8861,-0.3943995016013615
5346,278,36.56,139.7675,-0.9188871118497112
5347,278,36.7258,139.7155,2.107879787278014
5348,278,36.6347,139.4376,0.0129825883563807
5349,278,36.3867,139.6145,-0.9796292952182376
5350,278,36.2859,139.8047,0.8776271645789936
5351,278,36.4368,140.0225,-0.5500841899768553
5352,278,36.545,140.1742,1.6387065253174204
5353,278,36.4427,139.9541,-0.9948474005290396
5354,278,36.8594,139.8397,0.2072040020217108
5355,278,36.8547,140.0258,-0.5003618691023293
5356,278,36.7042,139.7733,1.2801478969611595
5357,278,36.6928,139.9875,0.373604497167775
5358,278,36.7311,140.1814,0.7049575650422177
5360,278,36.5564,139.8669,-0.398355616464473
5361,278,36.5449,140.0784,0.1030111084810534
5363,278,35.8029,139.0956,-2.7050823989050343
5364,278,35.7304,139.1454,-2.085353815074448
5365,278,35.7968,139.2912,-0.4114762948842932
5366,278,35.6282,139.4034,-0.8500367252269124
5367,278,35.5782,139.4156,-1.019182107834924
5368,278,35.699,139.5029,-1.1998254107999016
5369,278,35.7107,139.6859,-1.014057122580787
5370,278,35.6596,139.8343,-0.2584750349207388
5371,278,35.689,139.8354,-0.4561385459578316
5372,278,35.7313,139.8121,-0.1201789888832196
5373,278,35.6485,139.799,-0.4168346869908984
5374,278,35.6474,139.8093,-0.2136744193287008
5375,278,35.6551,139.8115,-0.3715459585236734
5376,278,35.6657,139.8087,-0.6199014097490982
5377,278,35.6876,139.8193,-0.351391373466606
5378,278,35.6874,139.7962,-0.3013979260936158
5379,278,35.7254,139.8249,-0.4347614874800897
5380,278,35.7401,139.8624,-0.6602278305229173
5381,278,35.7138,139.8971,-0.7544050803338823
5382,278,35.6704,139.8635,-0.3642216268707017
5383,278,35.6926,139.8912,0.3203800696724961
5384,278,35.6685,139.7893,0.1309770917966721
5385,278,35.6081,139.8157,0.1281760783691164
5386,278,35.6669,139.2682,-1.1995492210995629
5388,278,36.976,137.6257,-0.8911252540256904
5390,278,36.8163,137.4192,-0.8451559520301074
5391,278,36.8624,137.5274,0.2539203829194393
5392,278,36.7824,137.0803,0.0338063292462276
5393,278,36.6716,136.897,0.1296498445406397
5394,278,36.6686,137.2114,-0.7827454903406103
5395,278,36.6086,137.2831,-0.1218534326221876
5396,278,36.5864,137.1406,0.0319829720443032
5397,278,36.56,136.8872,-0.1268705985733303
5398,278,36.5781,137.385,0.4859104243917533
5399,278,36.4411,137.0353,-0.4981649224099952
5400,278,36.8836,136.9306,0.8679879469136168
5401,278,36.7883,137.4719,0.0594700970263938
5402,278,36.5706,136.9614,0.1424905230357491
5403,278,36.5681,137.1625,-0.1542275244937766
5404,278,36.4375,137.0422,-0.325831332332804
5406,278,35.6132,138.947,-1.6528539659986472
5407,278,35.4648,138.813,-0.4631605938320796
5408,278,35.702,138.7266,-0.8211248693475571
5409,278,35.6548,138.5677,-0.2696032117491458
5410,278,35.4684,138.6069,-1.0056156540894954
5411,278,35.2791,138.4649,-0.3764550511787367
5412,278,35.432,138.3321,-2.035989253265767
5413,278,35.4965,138.4627,0.9183991928821412
5414,278,35.7918,138.4096,-0.0659218499995523
5415,278,35.6382,138.3835,-2.2106196159202365
5416,278,35.6863,138.7371,-1.026679707347271
5419,278,35.6215,138.9808,-0.6086164853849862
5420,278,35.5591,138.4521,-0.1524236360148335
5422,278,35.5082,138.9707,-2.062811945648246
5423,278,35.5291,138.6076,-0.3005943074832332
5424,278,35.7389,138.5684,-0.5739476920408075
5426,278,38.7679,140.2957,-0.837394749388017
5427,278,38.7292,139.8013,0.9861822482916628
5428,278,38.6276,139.5889,0.1416835682034977
5429,278,38.607,140.1621,0.8096398227241359
5431,278,38.4306,140.3907,0.369258896782094
5432,278,38.3856,139.9921,1.1766405838296174
5433,278,38.3898,140.2743,-0.086352336594502
5434,278,38.2604,140.3488,0.5520178602137247
5435,278,38.1502,140.2674,1.6302222259887749
5436,278,38.1074,140.0428,0.7879767798158762
5437,278,38.0621,139.7575,1.3219455423564077
5438,278,37.9207,139.8697,1.5348574395619614
5440,278,38.7895,140.0185,0.3308254740744567
5441,278,38.7909,140.313,-0.9848110549448316
5442,278,38.2664,140.2617,1.8816564400596616
5444,278,38.0783,140.3011,1.4133222141950517
5445,278,37.9853,139.805,0.4653651784908922
5446,278,37.9603,140.1869,1.0741777269508894
5447,278,37.8931,140.0311,0.6524498925109778
5448,278,38.9672,140.0367,0.4790348888996225
5449,278,38.7469,140.1814,0.52794527224375
5450,278,38.7103,140.5578,0.0028066152959097
5451,278,38.6328,140.0089,-0.1848447869620939
5452,278,38.4675,139.7639,1.1737588922119573
5453,278,38.3831,139.995,1.1162050382209807
5454,278,38.4228,140.1283,0.2513440753091291
5455,279,40.3279,140.7428,-1.0091491004111766
5456,279,40.2677,140.5659,-0.626745170228773
5457,279,40.2782,140.2631,0.2100636094768537
5458,279,40.3888,139.9827,-0.8940820010211976
5459,279,40.2032,140.0288,-0.2641699698010575
5460,279,40.2152,140.7873,-1.6721787286508578
5461,279,40.046,140.0813,-0.4168581846470705
5462,279,39.883,140.0716,-1.105122586182951
5463,279,39.8879,139.8466,0.5678241320977244
5464,279,39.7225,140.1002,0.4305385511335578
5465,279,39.8128,140.5803,1.5216959337259064
5466,279,39.6991,140.7181,0.1201263206156468
5467,279,39.6069,140.3213,0.4717208715560258
5468,279,39.595,140.5554,0.0810698443504626
5471,279,39.2975,140.5629,1.0048190257001128
5472,279,39.1939,140.1902,1.6383660884095008
5473,279,39.0384,140.451,1.142353963210632
5474,279,39.2022,139.9085,-1.2854165737465986
5475,279,39.995,140.4031,0.2293072222071162
5476,279,39.7739,140.6667,0.6281716842137395
5477,279,39.1462,140.717,0.5335653502185598
5478,279,39.8119,140.5825,-0.1835430642080756
5479,279,39.6606,140.5756,0.353309714937074
5480,279,39.2194,140.1317,0.357509272222033
5481,279,39.1711,140.7164,3.072243435912744
5483,279,38.9772,140.4986,-0.1086525849650032
5484,279,40.4536,140.8431,-1.87982627545362
5485,279,40.3161,140.2375,1.6858070659776434
5486,279,40.2728,140.4631,-0.735437073196253
5487,279,40.2975,140.5847,-1.4486540659588334
5488,279,39.9128,140.2256,0.878097926238295
5489,279,40.0594,140.8119,-1.0638189847787265
5490,279,39.6857,140.411,0.9287650469593366
5491,279,39.5422,140.3515,0.4839662668564236
5492,279,39.5547,140.615,-0.544368984903567
5493,279,39.3519,140.3903,0.2783809777381077
5494,279,39.1883,140.4744,0.3362985309794746
5495,279,41.5267,140.9244,-2.169059484330055
5496,279,41.328,140.8132,-0.9340404325933612
5497,279,41.4053,141.1691,-1.351223328276162
5498,279,41.4087,141.4486,-1.53263771154698
5499,279,41.2948,141.1972,-1.0174993408513466
5500,279,41.1976,140.9972,-0.1258519784964909
5501,279,41.2256,141.3958,1.037861663575331
5502,279,41.084,141.2552,-0.1864110177257759
5503,279,40.9665,141.3733,-1.1821233733540466
5504,279,40.8721,141.1416,-0.0501755439719215
5505,279,40.6803,141.3669,0.2141967105634338
5506,279,40.5138,141.4805,0.3681925540142377
5507,279,40.4124,141.28,-0.7900068015618882
5508,279,40.4371,140.9406,-0.1124353380845744
5509,279,40.4738,140.6306,-0.3634945900924428
5510,279,40.6018,140.499,-1.234938543230212
5511,279,40.6363,139.9284,0.2711022496278099
5512,279,40.7782,140.1976,-1.0987644391931837
5514,279,40.8193,140.7501,-1.8518360553231945
5515,279,40.6152,141.208,-1.0697914451166306
5516,279,40.9924,140.9155,-1.4662841706613303
5517,279,40.9676,140.4326,-0.8881585208476678
5519,279,41.1795,140.4801,-1.4771176850904142
5520,279,41.1281,140.3106,-1.239990279325211
5521,279,41.1453,140.8219,-1.2874145017071998
5522,279,40.7002,140.919,-1.2313977853282594
5523,279,40.5758,140.2965,-0.8139732152441435
5524,279,41.5246,140.9163,-1.948150515918544
5525,279,41.2313,140.9932,-0.7293217677050348
5526,279,40.8497,140.6794,-1.545797816267502
5527,279,40.8537,141.1069,-0.3594578550165882
5528,279,40.9638,141.3774,-0.5218780572718398
5529,279,40.7419,140.0272,-1.3412832592350863
5530,279,40.7592,140.3156,-1.3348675865675947
5531,279,40.6172,140.3533,-0.2198548161753969
5532,279,40.6064,140.6681,-2.059186003194199
5533,279,40.5773,140.9986,0.1830518724818909
5534,279,40.5819,141.1582,0.1338081588524484
5536,279,40.5461,140.2761,0.1278637899246009
5537,279,40.4814,140.56,0.726624929288544
5538,279,40.4597,141.0958,0.9609392673465296
5539,279,40.4465,141.3409,0.5216257201554212
5540,279,40.2934,141.018,1.6879857522656436
5541,279,37.7949,140.9196,1.2427402121341526
5542,279,37.8449,140.6013,1.6137119771967048
5543,279,37.7613,140.4799,1.6119435610125206
5544,279,37.6799,140.7346,1.48126230411969
5545,279,37.6385,140.9849,1.1395026880617485
5546,279,37.5031,140.7588,2.1160033393265265
5547,279,37.4061,140.9632,0.295021397169289
5548,279,37.4363,140.5668,1.3195929558120698
5549,279,37.2778,140.6349,0.541107396864538
5550,279,37.2342,141.0016,0.5966310608908824
5551,279,37.0911,140.9035,0.248006100303217
5552,279,36.9069,140.7929,0.8973137082718379
5553,279,37.09,140.5563,0.686581192270098
5554,279,36.8683,140.43,0.2300412972437598
5555,279,37.0217,140.3775,-0.0441588374878485
5556,279,37.1228,140.1914,0.4726125158819481
5557,279,37.2842,140.3689,0.5459735778487054
5558,279,37.3961,140.3622,0.121705780127616
5559,279,37.603,140.4368,1.3622354514558144
5561,279,37.6535,139.8633,-1.6270988100557058
5562,279,37.6002,139.6467,-0.2320505322006273
5563,279,37.4774,139.9294,-1.6017281578398852
5564,279,37.3957,140.1325,-0.5175883572245032
5565,279,37.3077,139.9,-0.9627194272956702
5566,279,37.266,139.5386,-1.4165161541806055
5567,279,37.3491,139.3144,-1.662769303372506
5568,279,37.453,139.5133,-2.0569251468785934
5569,279,37.3364,140.8132,0.2773481473793683
5570,279,37.7535,139.7183,-0.286934564340139
5571,279,37.7287,139.8855,-0.6182645413130669
5572,279,37.6048,139.7566,-0.7738298443516005
5573,279,37.4478,139.8159,-1.1561272191562195
5574,279,37.2513,139.8758,-1.336152427546427
5575,279,37.1692,139.5231,-2.35851846505793
5576,279,37.2792,140.2178,-0.2631559092818601
5577,279,37.35,140.4297,1.0768746987989857
5578,279,37.1585,140.0963,0.2705451364507201
5579,279,37.1976,140.342,1.13621107063674
5580,279,37.2139,140.5736,1.1163181992378737
5581,279,37.0233,140.9736,0.5394966324869755
5583,279,37.7613,140.38,0.1425325383565794
5584,279,37.6606,140.6008,1.1694907325177242
5585,279,37.4864,140.5414,1.293412296746035
5586,279,37.4672,140.7261,1.3782496351353584
5587,279,37.4881,140.9906,0.6952646039206034
5588,279,37.3392,139.3179,-2.0567108091051134
5589,279,36.7722,139.2248,-1.5139298923561222
5590,279,36.6967,139.2136,-2.2507431196240257
5591,279,36.8589,139.0659,-2.438519086139631
5592,279,41.7162,141.0025,-0.1053860817079921
5594,279,41.4862,140.247,-1.324108921714061
5595,279,41.4339,140.1115,-1.8636089417691288
5596,279,36.7761,140.3569,0.7270271956084773
5597,279,36.7061,140.7068,1.0108987690454236
5598,279,36.5915,140.6453,1.598526494389464
5599,279,36.5516,140.4102,0.6337242299208607
5600,279,36.3851,140.2372,1.9741483237328608
5601,279,36.369,140.4528,0.8597405047174699
5602,279,36.3523,140.5955,0.7532976121952609
5603,279,36.8338,140.3215,0.6264915391769822
5604,279,36.7924,140.5784,0.7745762750435189
5606,279,36.5535,140.3046,0.6506483865059149
5607,279,36.6374,140.4009,1.6991609152189826
5608,279,36.3599,140.6231,1.223827169575838
5609,279,40.4099,141.7191,1.5665287376814474
5610,279,40.1819,141.7641,0.0822786840698299
5611,279,40.0083,141.8861,0.7899157676028112
5612,279,39.7369,141.9697,0.5521628263182937
5613,279,39.6472,141.9464,0.1500887413367063
5614,279,39.4806,141.9652,1.6272377908491376
5615,279,39.2701,141.8561,2.617628920131513
5616,279,39.0187,141.4031,1.8893119891082115
5618,279,39.1454,141.152,-1.0250977188436128
5619,279,39.3209,141.1378,0.3913548299309535
5620,279,39.3367,141.5378,1.7594460031423085
5621,279,39.4844,141.147,-0.211243463819343
5622,279,39.318,140.7792,0.010449481540939
5623,279,39.5997,141.6789,1.0371683124951043
5624,279,39.6336,141.4376,0.9848756195568472
5625,279,39.6953,141.1478,1.0983467540161038
5626,279,39.8491,141.8034,0.8704336489593464
5628,279,39.9203,141.082,1.3405099259543498
5629,279,40.1011,141.0523,0.1967724264637393
5630,279,40.0366,141.4502,1.3866747967643558
5631,279,39.5169,140.8301,0.3518825851763055
5632,279,40.2356,141.3458,1.2171356806857656
5633,279,39.8222,141.3861,1.769296919406807
5634,279,39.7992,141.6556,1.7085330482534271
5635,279,39.1781,141.3944,0.8783444551185712
5636,279,38.8625,141.3547,1.7485634622242123
5637,279,40.2583,141.1744,0.8062704964919921
5638,279,40.2678,141.5744,0.264428402823047
5639,279,40.2658,141.7867,1.33024472261695
5641,279,40.1364,140.9564,0.1188963003160592
5642,279,40.0783,141.195,0.540854504641942
5643,279,40.1506,141.4281,1.3215794489244146
5644,279,39.9369,141.5528,0.6000413400920737
5646,279,39.6119,141.0964,-0.3348987809238671
5647,279,39.6408,140.95,-0.046141179712036
5650,279,39.4531,141.0036,0.2203755067157619
5651,279,39.3406,141.0508,-0.1617673269564057
5652,279,39.4705,141.9372,1.918766976328817
5653,279,39.3311,141.305,0.8684595037113124
5655,279,39.195,141.0153,-0.0780852467687865
5656,279,39.0061,140.8667,0.767098370116998
5657,279,38.9661,141.0047,1.642941941889685
5658,279,39.0278,141.5356,1.894788869736328
5659,279,38.9015,141.5684,1.211514656845002
5660,279,38.7262,141.5109,3.1163237973886035
5661,279,38.7348,141.3106,2.271810303531539
5662,279,38.7292,141.0217,1.6252455567341677
5663,279,38.7992,140.6507,0.9102391601387532
5666,279,38.5769,141.4514,1.1171347627821038
5667,279,38.4466,140.8874,0.46883990115251
5668,279,38.4282,141.2809,0.6956850861105057
5670,279,38.3175,141.0193,0.4058385778269544
5671,279,38.2663,140.9293,1.783660204806656
5672,279,38.3177,140.6357,1.914291726077307
5673,279,38.1049,140.8699,1.2455823600444025
5674,279,38.0085,140.621,0.991941067638981
5676,279,38.237,141.0003,0.57032419956815
5677,279,38.8558,140.6547,-0.8348350644464225
5680,279,38.5878,141.0744,-0.8259270976534853
5681,279,38.1103,140.8475,0.1468847275628592
5682,279,38.0061,140.6061,-0.0304781706337658
5683,279,37.9381,140.8958,2.357625982924522
5685,279,38.6386,141.4463,2.090823044888869
5686,279,38.2584,138.4337,-0.0390177816499735
5687,279,38.0745,138.4398,-1.1552154489217996
5688,279,37.9976,138.3226,-0.1611533571577029
5689,279,37.8205,138.2795,-0.7385425230941078
5690,279,37.9204,138.4981,-2.097493094839374
5691,279,38.4501,139.4961,-1.6192435356478578
5692,279,38.2301,139.4864,-1.6820586751390203
5693,279,38.053,139.4055,-1.221726453401154
5697,279,37.6863,139.4772,-0.0702638185287016
5700,279,37.6935,139.1886,-1.4832619450038995
5701,279,37.6421,138.7676,-2.833915383502197
5702,279,37.4416,138.8431,-1.552159657973602
5703,279,37.3724,138.5579,-2.0662020905978653
5704,279,37.3057,138.7898,-1.663436708765734
5705,279,37.2332,138.962,-1.933632657620842
5706,279,37.1281,138.7468,-1.5846194252967651
5707,279,37.0364,138.8462,-2.1342094014192616
5708,279,37.0147,138.6529,-1.7063629162217533
5709,279,37.1268,138.444,-2.0043435584212914
5710,279,37.4261,138.8862,-1.193607869038286
5711,279,37.4242,138.8908,-1.0252912034679096
5712,279,38.2769,139.5519,-1.4932940657741196
5713,279,38.1283,139.5461,-1.178318798181366
5714,279,37.9731,139.2819,-1.4820612931690886
5715,279,37.6497,139.0708,0.3515245954783372
5716,279,37.5356,139.1311,-1.4405629084330571
5717,279,37.5408,139.3681,-0.7144090224748038
5718,279,37.1697,138.7472,-1.4845415063870782
5719,279,37.2208,138.9853,-2.0752775287933845
5720,279,37.0272,138.8553,-2.114485551473069
5721,279,37.0503,138.9983,-2.8432352561332417
5722,279,36.9417,140.0828,0.384848456766335
5723,279,36.99,139.8033,-1.975680701080388
5724,279,36.8144,139.7153,-1.6462331302906
5725,279,36.8061,139.4204,-2.4257076882561988
5726,279,36.8061,139.9264,-0.5303276611115617
5727,279,36.7639,140.1297,0.9188960437213068
5728,279,36.5692,139.8861,-0.2438060924232644
5729,279,36.56,139.7675,-0.0508536559362542
5730,279,36.7258,139.7155,0.9725194309500564
5731,279,36.6347,139.4376,-1.6584304249668047
5732,279,36.4368,140.0225,0.3869215551859417
5733,279,36.545,140.1742,1.951108070981972
5734,279,36.4427,139.9541,0.2109450784643541
5735,279,36.8594,139.8397,-1.2699963176236373
5736,279,36.8547,140.0258,-0.0741629119572582
5737,279,36.6928,139.9875,0.0104368021121644
5738,279,36.7311,140.1814,2.062863222378104
5740,279,36.5564,139.8669,0.0049589210178854
5741,279,36.5449,140.0784,0.8181728980098287
5744,279,38.7679,140.2957,-0.8096663674144217
5745,279,38.7292,139.8013,-1.8421689899651064
5746,279,38.6276,139.5889,-1.160528463874654
5747,279,38.607,140.1621,0.0430854297229125
5749,279,38.4306,140.3907,-0.4453227661956334
5750,279,38.3856,139.9921,-1.5689239412908254
5751,279,38.3898,140.2743,-1.5220216905474735
5752,279,38.2604,140.3488,0.0353077422226305
5753,279,38.1502,140.2674,-0.5457868173227597
5754,279,38.1074,140.0428,-1.2243192273845678
5755,279,38.0621,139.7575,-0.8707177191269715
5756,279,37.9207,139.8697,-0.9276904851573567
5758,279,38.7895,140.0185,-1.856024375946428
5759,279,38.7909,140.313,-0.3509055812425515
5760,279,38.2664,140.2617,-1.1522450654365817
5762,279,38.0783,140.3011,1.3392894029567564
5763,279,37.9853,139.805,-2.110049753447581
5764,279,37.9603,140.1869,0.47097417278149
5765,279,37.8931,140.0311,0.1338830028713403
5766,279,38.9672,140.0367,-0.6321397901903727
5767,279,38.7469,140.1814,-1.168929778072806
5768,279,38.6328,140.0089,-1.836356889521687
5769,279,38.4675,139.7639,-0.2474984824734983
5770,279,38.3831,139.995,-1.6285730466043975
5771,279,38.4228,140.1283,-1.4426400277822269
5772,279,38.4647,140.8833,1.6727424100504318
5773,279,38.5689,140.8589,0.1867221036305637
5774,279,38.5747,140.7836,1.434759776270996
5775,279,38.6122,140.7619,-0.8855366097277928
5776,279,38.5461,140.8533,-0.2348675405200254
5777,279,38.5117,141.0631,0.8281491372744795
5778,279,38.5175,140.9428,-0.3090874922667972
5779,279,38.6494,140.8803,0.9762957499454116
5780,279,38.5411,141.0603,1.090228669757923
5781,279,38.485,141.1389,0.2644829814146749
5782,279,38.6533,141.0718,0.0594701540435246
5783,279,38.6892,141.1914,-0.2886465454249887
5784,279,38.6258,141.1928,-0.0971415133468851
5785,279,38.6617,141.1625,-0.1791713041490297
5786,279,38.5067,141.1972,-0.3768060535343484
5787,279,38.1681,140.8953,2.3569840087582707
5788,279,38.0947,140.6619,1.2743948966126493
5789,279,38.0461,140.7339,0.9806979784212146
5790,279,38.175,140.6469,3.080449823876268
5791,279,38.3269,140.9844,0.5319690442331559
5792,279,38.2722,140.8722,-0.6204814732073807
5793,279,38.2411,140.9175,1.2006096728796154
5794,279,38.3342,140.8894,0.6538065770927894
5795,279,39.3108,140.5697,-1.3681376701497583
5796,279,39.4506,140.4789,-0.0031270914029586
5797,279,39.4586,140.5097,-0.1170238441335479
5798,279,39.4575,140.5844,0.2172035761762058
5799,279,39.1983,140.5481,-0.424346937528861
5800,279,39.2603,140.4925,-0.2840291575858815
5801,279,39.3394,140.4375,1.775589429421238
5802,279,39.2208,140.5256,-0.5667373486817447
5803,279,39.275,140.6242,1.2438161663615788
5804,279,39.3308,140.4778,0.0991141359106348
5806,279,39.0578,140.4506,1.509520183745768
5807,279,39.1972,140.4172,-0.5649417454200685
5808,279,39.0731,140.5903,0.1078155247187186
5809,279,38.755,140.5228,0.2359183229544015
5810,279,37.8764,140.9194,2.3259003933562403
5811,279,39.29,141.1133,-0.454722174247448
5812,279,39.1267,141.1417,-0.8656649580642557
5813,279,38.5717,140.96,0.562708393719085
5815,279,38.5367,141.1317,0.2143253839653726
5816,279,38.7067,141.2383,0.105526767561555
5817,279,38.8233,140.9933,0.6521505811311624
5818,279,38.9518,141.2198,1.996757651988945
5819,279,38.3655,140.664,1.4014616681459493
5820,279,38.135,140.9311,1.2941112694888124
5821,279,38.2583,140.9,-0.0498426912728074
5822,280,32.484,-115.24,0.1715946300011149
5823,280,31.8683,-116.6642,-1.0396279221024702
5824,280,32.4,-115.24,0.9661438234383178
5825,280,31.615,-115.882,0.7894699710505608
5826,280,32.464,-115.316,2.0752273531911154
5827,280,32.0203,-116.3012,1.1584455793903257
5828,280,32.1656,-114.9612,2.2811961036480946
5829,280,32.116,-115.8407,-0.6835943637718643
5830,280,32.4222,-115.1303,-0.0448895139237598
5831,280,32.5495,-115.2357,1.1104339956390066
5832,280,31.69,-116.19,0.4606220608084678
5833,280,31.398,-115.714,-0.349384092544426
5834,280,32.739,-114.636,-0.6289265691116837
5836,280,32.78,-115.567,1.9781626607529803
5838,280,32.813,-116.975,0.4189667637138213
5839,280,32.84,-116.974,0.8677912991068487
5840,280,32.838,-116.775,1.4295202626348906
5841,280,32.942,-116.276,-1.5228960247216043
5842,280,32.749,-117.242,-0.4530476706544349
5843,280,32.71,-117.158,0.5365053232332501
5844,280,32.73,-117.169,0.0056231896006679
5845,280,32.702,-117.12,0.3020036455596277
5846,280,32.735,-117.08,0.3171073585911468
5847,280,32.795,-117.255,-0.0675648359049131
5848,280,32.822,-117.175,-0.1519569138384662
5849,280,32.71,-117.007,0.5250282610159578
5850,280,32.754,-117.097,-0.3128011395177505
5851,280,32.915,-117.142,0.206355736473224
5852,280,32.877,-117.227,1.1808055237598774
5853,280,32.954,-117.042,0.4607585830182411
5854,280,32.754,-117.164,0.3713385772241311
5855,280,33.61,-114.715,-0.5060677224013939
5856,280,33.239,-115.512,0.0798410355882356
5857,280,33.511,-115.92,-0.0641890532117087
5858,280,33.037,-115.623,1.1119179074108445
5859,280,33.421,-115.831,-0.0662528566967844
5860,280,33.564,-115.987,-0.8726951974509788
5861,280,33.397,-115.776,-0.463260956122474
5862,280,33.28,-115.984,1.306583945234313
5863,280,33.398,-115.657,-1.5716833372160333
5864,280,33.829,-116.512,0.2872794485721068
5865,280,33.678,-116.178,-0.25827531623519
5866,280,33.482,-116.911,0.9205159579683696
5867,280,33.787,-116.959,1.3562805236080582
5868,280,33.815,-116.461,0.3662034153542867
5869,280,33.747,-116.715,1.2990005502213693
5870,280,33.962,-116.509,-0.1542405576420284
5871,280,33.605,-116.938,-1.4742143463397714
5872,280,33.76,-116.96,0.336860900761639
5873,280,33.851,-116.852,-1.731599277040625
5874,280,33.748,-116.966,1.0384504390781792
5876,280,33.729,-116.979,1.041151349368701
5877,280,33.715,-116.221,-0.3215477950237219
5878,280,33.787,-116.958,1.2883417605901606
5879,280,33.706,-116.235,0.1052434616455195
5880,280,33.93,-116.972,-0.0540311232798927
5881,280,33.744,-116.931,0.522111390487622
5882,280,33.671,-116.3,1.6906248944610858
5883,280,33.758,-116.374,0.8380957004801869
5884,280,33.787,-116.41,0.22997725005762
5885,280,33.723,-116.338,0.8124116384858656
5886,280,33.786,-117.809,-0.16518594607978
5887,280,33.863,-117.742,0.0351824845267363
5888,280,33.768,-117.85,-0.4819271924201149
5889,280,33.485,-117.669,1.328588932329145
5890,280,33.917,-117.443,0.545854933737218
5891,280,33.968,-117.252,1.052154628014028
5892,280,33.565,-117.264,-0.9842317398552464
5893,280,33.751,-117.015,1.1433989386242038
5894,280,33.818,-117.133,0.7661559829993658
5895,280,33.699,-117.267,-0.0234394922135846
5896,280,33.604,-117.279,0.4370138407517891
5897,280,33.884,-117.514,-0.8235122519936388
5898,280,33.876,-117.593,0.2200383828072078
5899,280,33.875,-117.636,-0.2649076986216565
5900,280,33.951,-117.446,-0.666474375661664
5901,280,33.054,-117.245,-0.4797015717317991
5902,280,33.144,-117.165,-0.4322065854842449
5903,280,33.634,-117.902,0.6534301997189231
5904,280,33.99,-117.718,0.2608508664596096
5905,280,33.496,-117.149,0.403064048082905
5906,280,33.662,-117.997,0.8935423672054387
5908,280,33.913,-117.196,0.9185443439099116
5910,280,33.201,-117.331,0.0650982464583203
5911,280,33.856,-117.541,-0.5398068161021349
5912,280,33.8556,-117.54,-0.4979094729394859
5913,280,33.466,-117.666,0.5462816298119849
5914,280,33.854,-117.817,0.6020234919124033
5915,280,33.777,-117.834,-0.5948397901648262
5916,280,33.604,-117.906,0.1214858363141794
5917,280,33.605,-117.89,0.8094010669051345
5918,280,33.853,-117.857,-0.4332988918129334
5919,280,33.766,-117.918,0.4759251605511549
5920,280,33.757,-117.956,0.1785845929212556
5921,280,33.676,-117.963,1.1132492241453933
5922,280,33.819,-117.85,0.1947076330143528
5923,280,33.748,-117.844,-0.0041118759105528
5924,280,33.742,-117.894,0.4808665796261263
5925,280,33.716,-117.904,0.5180703242235201
5926,280,33.7,-117.88,0.7138535824540313
5927,280,33.785,-117.89,-0.2640925308370234
5928,280,33.789,-117.922,-0.0179195181987895
5929,280,33.919,-117.488,-0.9665910316923004
5930,280,33.951,-117.388,-0.4797593915458654
5931,280,33.979,-117.344,0.206434157661288
5932,280,33.975,-117.486,-0.5928884527504419
5933,280,33.669,-117.332,-1.3893058171333303
5934,280,33.748,-117.127,0.5127778811249974
5935,280,33.902,-117.234,-0.3172117388466758
5936,280,33.921,-117.173,0.4598929051685507
5937,280,33.787,-117.23,-1.313130371449335
5938,280,33.649,-117.205,-0.3397194986826685
5939,280,33.715,-117.191,0.3806294356319488
5940,280,34.133,-114.372,0.0801798823155452
5941,280,34.155,-116.504,-1.160800472578525
5942,280,34.13,-116.314,-1.398155047746077
5943,280,34.241,-116.872,-0.478704420523323
5944,280,34.122,-116.416,-1.926633648304604
5945,280,34.046,-117.035,-0.6792572566234788
5946,280,34.033,-117.312,0.9991301979194416
5947,280,34.014,-117.511,-0.1084881524783924
5948,280,34.026,-117.155,-0.5582334689123993
5949,280,34.074,-117.183,-0.2744905226380869
5950,280,34.066,-117.214,-0.2713614222977077
5951,280,34.065,-117.289,0.441382472551092
5952,280,34.065,-117.292,0.7477990070125653
5953,280,34.064,-117.296,1.7524074917767856
5954,280,34.163,-117.332,0.6120139487815034
5955,280,34.096,-117.287,-0.1030033543071607
5956,280,34.064,-117.294,0.2763641363067751
5957,280,34.133,-117.253,-0.9210925188657844
5958,280,34.135,-117.322,0.1354219175001441
5959,280,34.069,-117.398,1.0052398957751212
5960,280,34.004,-117.058,-0.2854787438757289
5961,280,33.5558,-116.674,-1.447823688363268
5962,280,33.6022,-116.756,-0.0872555318062117
5963,280,33.921,-116.981,-0.6048194698015245
5965,280,34.069,-116.39,-2.6067883025438934
5967,280,33.365,-115.73,-0.7637755916849911
5968,280,32.69305,-115.33819,1.1664566514889751
5969,280,33.268,-116.417,-0.1031697845821577
5970,280,33.19373,-116.3289,-0.9661490570992176
5971,280,32.991,-115.513,1.3347835830887642
5972,280,33.91761,-116.78329,-0.4763596465992909
5973,280,33.51237,-116.80035,0.4635804352325561
5974,280,32.6695,-115.493,0.5991013532234855
5975,280,33.1266,-115.516,-0.8246183710955877
5976,280,33.38215,-116.68976,-0.5479363662290557
5977,280,33.999,-117.68,-0.1747812672584445
5978,280,34.093,-117.317,0.2324829901873213
5979,280,34.058,-117.305,-0.1064780604642687
5980,280,33.876,-117.561,-0.1861125717158154
5981,280,33.655,-115.99,-1.259803165352014
5982,280,34.1663,-117.251,0.4034728536424682
5983,280,33.65,-117.009,-0.5800526855957676
5984,280,32.796,-115.535,2.617604807267249
5985,280,33.567,-116.631,1.0302464505298894
5986,280,32.999,-116.942,0.6052407741223648
5987,280,32.805,-115.447,1.6399085738074166
5989,280,32.829,-115.504,1.0031531676631087
5990,280,32.7806,-115.5681,1.3796261063640336
5991,280,32.75172,-115.59516,1.992643693704367
5993,280,34.094,-116.936,0.2534801487221994
5994,280,34.1,-117.439,0.2525744426195532
5995,280,34.10521,-117.28264,0.1735197969373989
5996,280,34.14,-117.294,0.4694263278402643
5997,280,34.103,-117.349,-0.7347292920655077
5998,280,34.091,-117.289,0.0321757638549577
5999,280,34.069,-117.275,0.9383958610195924
6000,280,33.925,-116.389,-0.6920961356814905
6001,280,33.051,-114.827,-0.4963431556124874
6002,280,33.708,-115.628,-2.951520342536048
6003,280,34.121,-117.219,-1.1932241615489008
6004,280,32.81141,-115.3786,0.5859808321744469
6005,280,33.6159,-116.621,0.6960868919565609
6006,280,33.74624,-116.2163,-0.1112323447483251
6007,280,33.081,-116.598,-0.520447978439236
6009,280,33.597,-117.879,-1.0976740906761826
6010,280,34.12288,-117.28792,-0.4396923539731276
6011,280,33.684,-117.943,1.6429649591250404
6012,280,32.8,-115.473,0.4643391927271314
6013,280,33.572,-116.076,0.1090018750893868
6014,280,33.818,-116.369,-0.2061847018344967
6015,280,34.005,-117.562,-0.5146371537264454
6016,280,34.05034,-117.27737,0.133235244936317
6017,280,34.04856,-116.57816,1.0304502926480916
6018,280,34.039,-116.648,0.4782579682448712
6019,280,33.808,-116.968,1.4159083341603191
6020,280,33.57783,-116.58987,0.0945564980654337
6021,280,33.6,-117.195,0.6135272060503408
6022,280,33.58282,-117.07169,-0.2011439420231182
6023,280,33.92474,-116.54794,0.5025788881316403
6024,280,33.556,-115.946,-1.534558613778612
6025,280,33.1983,-117.3782,-1.7424617442002637
6026,280,33.15569,-116.1679,-0.2293153377099294
6027,280,33.788,-117.844,-0.4817220175994484
6028,280,32.608,-116.93,1.012809532654511
6029,280,33.862,-117.205,-1.501357330059414
6030,280,33.607,-116.453,-1.015303507486958
6032,280,33.824,-116.55,-1.606390211596901
6033,280,34.00469,-117.22393,-1.520348217801768
6034,280,33.973,-117.327,0.5000516860133242
6035,280,33.183,-115.623,-1.223970169971177
6036,280,32.87514,-117.22977,1.8960206857900028
6037,280,33.82177,-116.96836,-0.8723226627867179
6038,280,34.232,-117.235,-0.9840568231222284
6039,280,33.553,-117.662,1.16662241359871
6041,280,34.14492,-117.21876,-0.6430706647961899
6042,280,33.91677,-116.38979,-1.0035818036025108
6043,280,33.485,-115.866,-2.7413251888585424
6044,280,33.834,-116.797,0.5870513624186529
6045,280,34.035,-116.808,-1.3331014627908266
6046,280,33.829,-117.789,-0.0262693450539265
6047,280,33.664,-117.769,0.827388887917066
6048,280,34.106,-117.098,-0.2630872407898467
6049,280,33.81663,-116.3945,-0.2467157890614989
6051,280,34.0869,-117.3114,0.1010751597108884
6052,280,34.205,-117.365,-0.1152157172249571
6053,280,33.84447,-116.31079,0.2223314515605917
6054,280,33.941,-116.409,-0.907970076195269
6055,280,34.079,-117.045,0.9703901427396096
8159,280,32.864,-115.432,1.6608655955079363
8160,280,32.718,-115.637,0.2799917439106335
8161,280,33.6758,-116.68,-3.7106050314471286
8162,280,31.871,-115.816,-1.5466242155841396
8488,280,33.787,-118.356,-0.7684934540496365
8489,280,34.077,-118.286,0.6151538839033444
8491,280,33.1774,-115.616,0.4025602352819227
8493,280,34.07618,-118.3959,0.2840799464357342
8494,280,34.04905,-116.94032,-4.461187874285173
8495,280,33.63461,-116.09534,-5.343658628977904
8496,280,34.55046,-117.43391,0.0613627656614698
8500,280,32.68005,-116.67215,0.5317219905727315
8501,280,34.2623,-116.92075,-0.7726429405971814
8504,280,34.23883,-117.65853,-1.8353045733765527
8505,280,33.99053,-118.36171,0.6560569983040997
8506,280,33.80776,-117.98116,0.1626871917774789
8507,280,33.01213,-115.21987,-0.4128221214844664
8509,280,34.13678,-118.12199,-0.2549078384779594
8513,280,33.4019,-118.41502,-1.3017192568224505
8515,280,34.63745,-115.38115,-2.189255968240909
8516,280,34.25353,-118.33383,-0.2535841399662579
8517,280,34.10618,-118.45505,-1.1980298578225868
8518,280,33.84822,-118.09624,0.796098632410835
8521,280,33.11675,-115.82267,1.1928680527409
8523,280,33.71264,-118.29381,-0.9549441092263464
8524,280,33.8717,-117.92251,1.211022863245746
8528,280,34.13677,-118.1283,0.2408849721366572
8530,280,34.8294,-116.335,-0.6407936869656089
8531,280,34.17643,-118.35967,0.4078700072223288
8534,280,34.36622,-116.61266,-1.4797279898408524
8535,280,34.15037,-118.10156,-0.4766621934595403
8536,280,33.86889,-118.33143,-0.0228147336716256
8537,280,33.798,-118.08837,0.5279131048727357
8538,280,34.00033,-118.37794,0.6277564296112065
8540,280,35.13066,-115.18416,-0.9734813425959086
8544,280,33.9753,-118.14918,0.0360141997546568
8547,280,34.31478,-117.54642,-0.6677627460316842
8548,280,33.881,-118.176,0.9383720601089072
8551,280,34.13688,-118.12601,2.1712267344242777
8553,280,33.74,-118.335,-3.931713621341524
8560,280,34.22362,-118.05832,-0.5421760161606854
8561,280,34.78035,-116.55798,-0.2559596206858449
8562,280,34.76759,-114.61881,-1.1617541901031767
8565,280,33.94539,-117.92372,0.6872826451642793
8569,280,33.96273,-118.43702,0.5856206071040241
8570,280,34.1207,-117.63808,-0.4684436347997767
8571,280,33.892,-117.1613,1.6511748417296117
8572,280,33.7953,-117.60906,-0.2720921051167103
8574,280,34.09181,-117.80709,-0.642655968379454
8578,280,34.10473,-117.97956,-0.3317354471561872
8579,280,33.74346,-118.40412,0.2375240931714555
8580,280,34.87533,-116.99684,-1.1358584742215672
8581,280,34.05073,-118.08085,-0.0827386405227636
8582,280,33.99351,-117.37545,-1.9827690704996417
8586,280,32.915,-118.4879,-1.3792291010532758
8592,280,34.01438,-118.45617,0.3219579204422044
8596,280,32.94508,-115.79988,-1.3105329944445356
8597,280,34.38203,-117.67822,0.1147014900330555
8601,280,34.01919,-118.28631,-0.145589026331851
8602,280,34.48364,-118.11783,-0.6586653715326631
8605,280,32.75904,-115.73161,-0.3646208951406834
8607,280,34.00948,-117.95077,0.4534910138727229
8610,280,33.94869,-118.25547,0.4475716250266078
6878,281,-43.9041,171.7474,-1.1414124486875197
6881,281,-42.5257,171.4077,-0.1937408047226229
6885,281,-43.4848,172.5299,-0.1178477190728481
6886,281,-43.531,172.6197,-1.1877879941892384
6887,281,-43.5395,172.6464,-0.3388467444653073
6888,281,-43.5355,172.6261,-0.7868502261253968
6889,281,-43.5673,172.6241,0.0268410872124134
6890,281,-43.2282,171.7234,0.0493975565116052
6892,281,-43.4913,172.102,1.4343188155149873
6893,281,-45.8642,170.5138,1.2268940198983025
6894,281,-45.9038,170.4929,3.438119904194816
6895,281,-43.8984,172.0937,-0.3760410230560538
6896,281,-43.6692,172.1978,-0.707085764022528
6897,281,-41.7467,171.8045,-0.5965273399209572
6898,281,-45.2327,169.3082,-0.2792728847053694
6900,281,-44.1019,170.8285,1.6278044367619613
6901,281,-43.4649,170.0197,-0.1859230735736708
6902,281,-43.3908,170.1841,-0.90244954950204
6904,281,-43.5338,169.8154,-0.9511309572398796
6905,281,-43.588,172.0893,0.476935275869865
6906,281,-42.4509,171.2102,0.5615340528155115
6907,281,-43.1506,170.556,-0.4846307022980624
6908,281,-43.8847,169.0441,0.2593316710175715
6909,281,-42.7186,170.9638,-0.0576570840523021
6910,281,-43.5413,171.9598,0.1799516265303349
6911,281,-43.5016,172.7022,-0.4777277370604422
6912,281,-42.5249,172.8304,0.2174998088830133
6914,281,-43.5798,172.7094,2.5057450124020177
6921,281,-42.8934,171.1355,0.131031091366762
6922,281,-43.3781,172.6636,1.4439571889119198
6923,281,-44.3872,170.1843,-1.805714461157368
6926,281,-43.6248,172.4679,2.413837114004357
6927,281,-43.6056,172.7223,1.6362821405279913
6928,281,-43.7163,169.423,0.3781639688216751
6929,281,-43.7311,171.7935,-2.583266953101932
6930,281,-42.7834,172.2709,-0.9150382313641358
6932,281,-43.8247,171.4216,-0.7980727721325674
6933,281,-43.7365,170.0972,-0.7395549293504915
6934,281,-44.2321,169.2329,0.8941974707114505
6936,281,-42.0897,173.2573,-0.4172798787699247
6938,281,-41.1264,173.0094,0.1448167380363454
6942,281,-41.2188,173.3793,-1.2937446328210045
6943,281,-43.9993,168.6605,1.217561256942974
6944,281,-45.1014,170.969,1.191748376191254
6945,281,-45.0456,170.6445,0.0882958544326942
6946,281,-45.886,170.5977,-0.57331278175791
6947,281,-43.3259,172.0383,0.2432063606529711
6948,281,-43.9253,171.2366,0.7098504024664991
6951,281,-43.4945,172.6068,-0.7281520935534199
6952,281,-43.527,172.7017,0.6569088265197529
6955,281,-41.2813,174.023,0.8162595399852196
6957,281,-42.1214,171.8643,0.0487779640592836
6959,281,-43.5362,172.5644,-1.0374961515648935
6960,281,-43.7531,172.023,-0.7676640573051126
6961,281,-43.5945,172.381,-0.3833798852841025
6962,281,-43.7192,171.0539,-0.7456603374817542
6964,281,-43.8104,172.2523,-0.5935212175724509
6965,281,-43.5053,172.6634,-0.4615802405380803
6966,281,-42.3356,172.1808,-0.5606727501268681
6967,281,-45.9002,170.5096,3.2088907169224514
6968,281,-43.4675,172.6139,-0.4357678598317999
6970,281,-43.3396,171.9288,-0.2487664142212867
6973,281,-46.0737,170.1952,2.357096331228371
6974,281,-43.5517,172.4718,-0.1684479807217358
6975,281,-44.4045,171.2444,1.422638153006845
6978,281,-44.2565,170.0982,-0.8258495333382723
6979,281,-42.9648,172.7051,1.4814423439858126
6980,281,-41.7574,171.5997,0.7672684089486955
6981,281,-41.8291,174.1383,-0.3220284621721204
6983,281,-44.8287,169.0175,-0.2462993653893107
6986,281,-44.6963,169.1429,1.25925535953279
6987,281,-43.839,171.6109,-1.963006459340305
6988,281,-43.0731,170.737,-0.5735348404161001
6989,281,-41.622,173.3508,-0.6297471988703288
6990,281,-43.0764,170.7361,-1.9846517926094829
6991,281,-42.8712,172.5432,0.8556541522881187
8055,346,-43.9041,171.7474,0.8307704661785643
8056,346,-43.1564,172.7308,-1.270590308734104
8057,346,-42.9506,171.5676,0.1098697047864352
8059,346,-43.2761,172.5958,-0.6152482580657241
8061,346,-43.4848,172.5299,-0.0899607802808817
8062,346,-43.531,172.6197,1.374439110913946
8063,346,-43.5395,172.6464,-0.1953198975073692
8064,346,-42.8152,173.2747,-0.5964562961121893
8065,346,-43.5355,172.6261,0.1278208502793146
8066,346,-43.5673,172.6241,0.3852593598783302
8067,346,-43.2282,171.7234,0.6809091144194154
8068,346,-43.3139,172.3812,-0.1204756452583152
8070,346,-43.4913,172.102,-0.3356677625948088
8073,346,-43.8984,172.0937,0.4523311698970725
8074,346,-43.6692,172.1978,-0.3203612862151457
8075,346,-41.7467,171.8045,-0.7211720593641788
8078,346,-44.1019,170.8285,1.7806385713743769
8079,346,-43.4649,170.0197,0.0784070015206653
8080,346,-43.3908,170.1841,-0.4824614468827083
8081,346,-43.5338,169.8154,-1.3618836933687304
8082,346,-42.5959,172.5109,-0.044133714272772
8083,346,-42.4509,171.2102,0.3435517932254233
8085,346,-43.1506,170.556,-0.121181485033101
8086,346,-43.8847,169.0441,0.4408500476009886
8087,346,-42.7186,170.9638,0.6460522446605031
8088,346,-43.5413,171.9598,0.1256024437714011
8089,346,-43.5016,172.7022,0.2671195105140012
8090,346,-42.5249,172.8304,-0.2829027488786022
8091,346,-42.7284,171.4727,-0.2767801565211988
8092,346,-41.8588,171.9524,-0.1399965501262148
8093,346,-41.2511,172.1163,1.008645837334191
8096,346,-42.8934,171.1355,-0.1761050866843418
8097,346,-43.3215,171.8549,1.31182748866092
8098,346,-43.3781,172.6636,0.0938530290999023
8099,346,-44.3872,170.1843,-0.6864305968611191
8101,346,-43.6248,172.4679,-0.3081924899830843
8102,346,-43.7163,169.423,0.7126970402811638
8103,346,-42.8712,172.5432,0.2124720246547891
8104,346,-42.7834,172.2709,-0.0963419235704261
8105,346,-43.8247,171.4216,0.431474874385216
8106,346,-41.8016,172.3279,0.4493649786040293
8107,346,-41.3166,174.8183,-1.6106736635302554
8108,346,-42.0897,173.2573,-1.3963816837585683
8109,346,-43.7077,172.6536,0.1357865359497805
8111,346,-41.2188,173.3793,-2.57837268960349
8112,346,-45.1014,170.969,1.4670466067547836
8113,346,-45.0456,170.6445,1.029261207226773
8114,346,-43.3259,172.0383,0.5525490765968791
8115,346,-43.9253,171.2366,1.6900832675237087
8117,346,-43.4945,172.6068,-1.2775975087372535
8118,346,-43.527,172.7017,1.38898195738264
8121,346,-42.1214,171.8643,0.030793921394613
8123,346,-43.5362,172.5644,-0.5235896532136637
8124,346,-43.7531,172.023,-0.1235484143009737
8125,346,-43.5945,172.381,0.4767175464605852
8126,346,-43.8104,172.2523,-0.4209647136634606
8127,346,-42.9403,172.9215,0.7098971372356416
8128,346,-43.3928,172.0256,0.0441122473712206
8129,346,-43.5053,172.6634,0.1663075672374354
8130,346,-42.3356,172.1808,-1.2753569100668587
8132,346,-43.6751,172.3175,-0.2968791280759923
8133,346,-43.4675,172.6139,-1.144291316022476
8135,346,-43.3711,172.4952,0.7068306428351577
8138,346,-41.294,174.7811,-1.5462335494819748
8141,346,-43.5517,172.4718,-0.6087744661816288
8142,346,-44.4045,171.2444,2.1514697054848995
8143,346,-40.8512,172.821,0.3465210935475045
8145,346,-44.2565,170.0982,0.2792107673759769
8146,346,-42.9648,172.7051,1.213116812415986
8147,346,-41.7574,171.5997,0.5004528577772773
8148,346,-41.2858,174.768,-0.5359640595132871
8150,346,-42.7029,172.8002,-1.0906939365568349
8155,346,-43.0731,170.737,-0.2714488797254561
8156,346,-43.5798,172.7094,1.8949291862934323
8157,346,-43.6056,172.7223,2.157234579319218
8158,346,-43.3396,171.9288,0.9054533950200676
8611,1001,38.441,-122.701,0.1561273225415582
8612,1001,38.233,-122.636,0.9496405868566372
8613,1001,37.76021,-122.41524,0.4562854801605199
8614,1001,37.77737,-122.39689,-0.0128132463450139
8615,1001,37.75094,-122.49072,0.6811237288206793
8616,1001,37.76386,-122.4736,0.7744144314686483
8617,1001,37.762,-122.505,0.2040176996504298
8618,1001,37.40701,-122.0946,-0.6953752051814885
8619,1001,37.30249,-121.97978,0.0213144672313254
8620,1001,37.26748,-121.86656,0.7471905841023132
8621,1001,37.26352,-121.91617,-0.2664386898776918
8622,1001,37.30143,-121.9039,-0.0249575425213069
8623,1001,37.31816,-121.94354,0.8686885098315945
8624,1001,37.3066,-121.84915,1.3221457657064668
8625,1001,37.68,-121.739,-1.865207035863724
8626,1001,37.41702,-121.9154,-0.1837523689426153
8627,1001,37.59094,-122.36741,0.2029898021011332
8628,1001,37.74766,-122.42528,0.7689890575726148
8629,1001,37.34655,-121.80774,-0.3448106405815769
8630,1001,37.40718,-122.00001,0.5360370365932448
8631,1001,37.74664,-122.38679,0.0315305215592727
8632,1001,37.39415,-122.06041,-0.1641539860702576
8633,1001,37.27117,-121.98617,-0.6083294439017176
8634,1001,37.45098,-122.4287,1.6025240845904558
8635,1001,37.59268,-122.07449,-1.569350175091647
8636,1001,37.67928,-122.48405,1.8851181256406264
8637,1001,37.91056,-122.53778,2.520322481815344
8638,1001,37.88767,-122.29916,0.0008482817170842
8639,1001,38.03445,-122.27016,-1.0322022556517634
8640,1001,37.74484,-122.40134,-0.2554255998521362
8641,1001,37.77934,-122.486,0.0815512862833222
8642,1001,37.71633,-122.43117,1.4964624314869095
8643,1001,37.81076,-122.29252,-0.4368336099791458
8644,1001,37.8251,-122.27606,-0.2413108221387206
8645,1001,37.7986,-122.2684,-0.277443238924862
8646,1001,37.72416,-122.44841,1.043029459283358
8647,1001,37.41395,-121.87085,-0.5194853751972528
8648,1001,37.6806,-121.92098,-0.587968280010405
8649,1001,37.86059,-122.29327,-0.8945540472819912
8650,1001,37.85835,-122.25252,-0.0529256818592108
8651,1001,38.29027,-122.46125,-0.958616028175556
8652,1001,37.37418,-122.0781,-1.4871195130040242
8653,1001,37.36408,-122.01817,0.1339594641362456
8654,1001,37.42549,-122.07772,-1.2406888541361896
8655,1001,38.4421,-122.6068,-0.326463120361301
8656,1001,37.23294,-121.77186,0.1993408904112228
8657,1001,37.38332,-121.91088,1.0034531098727124
8658,1001,37.28537,-121.93602,2.062848214706228
8659,1001,37.35834,-121.97775,1.358526609705626
8660,1001,37.68873,-121.78351,-2.6957771855477435
8661,1001,37.72688,-122.15092,-1.6014457156731745
8662,1001,37.8852,-122.03217,-0.8368795116105721
8663,1001,37.94215,-121.93047,-1.4022492287316068
8664,1001,38.01299,-122.13416,0.2129334917752572
8665,1001,38.36743,-122.52403,-0.9172472265131432
8666,1001,37.66666,-121.85715,-2.6781222788368795
8667,1001,36.88311,-121.3908,1.6876149653681969
8668,1001,36.61809,-121.31468,1.7810071225224335
8669,1001,37.16346,-121.62645,0.0965429275990439
8670,1001,37.45035,-121.80037,-0.7704391912978359
8671,1001,37.74766,-121.70843,0.0446868073642893
8672,1001,37.7294,-121.83346,-1.3852468504737958
8673,1001,37.37289,-121.76887,0.3731045331811298
8674,1001,37.73786,-122.06486,-0.3646810780318165
8675,1001,37.81041,-121.80272,-1.1652908246594913
8676,1001,37.9889,-122.2156,-0.029568150763763
8677,1001,37.94906,-122.40851,1.3256820856567346
8678,1001,37.85884,-121.99264,-0.5329141875547049
8679,1001,37.91233,-121.90716,-1.039514368590563
8680,1001,38.02691,-122.01599,-0.9064066273592348
8681,1001,38.34526,-122.4584,-1.6338448496495983
8682,1001,37.80787,-122.3618,0.6946230471630427
8683,1001,38.71073,-122.75733,-2.088228309661301
8684,1001,38.76927,-123.01486,-2.194556761887834
8685,1001,37.0254,-121.4845,1.6324126425355876
8686,1001,36.82681,-121.64349,0.246961966221476
8687,1001,37.34305,-122.33976,2.255555024161906
8688,1001,37.31861,-122.15314,-0.7402403001968738
8689,1001,37.17217,-122.01121,1.5103413829539265
8690,1001,37.04922,-121.80722,-0.594521864056029
8691,1001,36.92745,-121.82764,0.6345984923313565
8692,1001,37.36045,-122.18986,0.9510123131169792
8693,1001,37.51604,-122.45815,2.048449106164393
8694,1001,37.21427,-122.17168,1.6358414263490202
8695,1001,37.20631,-121.97726,0.8406439919755935
8696,1001,37.15432,-121.73467,0.6873410559924599
8697,1001,37.63719,-122.47482,0.6374210146086987
8698,1001,37.2708,-122.21276,0.4183442052626268
8699,1001,37.79499,-122.4746,0.1427274617656583
8700,1001,37.19855,-122.34671,1.860577309831411
8701,1001,37.40373,-122.23868,-0.9273449574151912
8702,1001,37.58225,-122.42006,0.2024404628381568
8703,1001,37.40372,-122.17596,-0.7226076590743574
8704,1001,37.28397,-122.05017,-1.0513464156818877
8705,1001,37.58644,-122.50217,0.8175399063287893
8706,1001,37.16067,-121.89899,0.6874272861908479
8707,1001,37.6444,-118.89683,2.87114137989223
8708,1001,37.34164,-121.64257,0.1350831002722414
8709,1001,37.65909,-118.97907,3.1170604347138045
8710,1001,38.87874,-122.44277,-2.5963413436783207
8711,1001,38.43951,-122.25272,-1.1345132981363055
8712,1001,37.92144,-122.71806,1.120396727807596
8713,1001,38.26021,-122.55179,-1.1176179378621791
8714,1001,38.00198,-122.47466,0.6982331308014658
8715,1001,38.30988,-122.943,1.6413029626312212
8716,1001,38.33656,-122.81082,1.4552620250175474
8717,1001,38.46769,-122.89651,-0.6456696538821329
8718,1001,38.28043,-122.21582,-2.028409907928679
8719,1001,38.15486,-121.80438,-1.2634783765035853
8720,1001,38.16488,-122.71296,0.9709655064752392
8721,1001,38.12282,-122.14921,-0.9063295408460004
8722,1001,38.07601,-122.2585,-0.6239330716605723
8723,1001,38.04248,-122.79684,1.364813315509265
8724,1001,37.99642,-123.01949,-0.7596169649547754
8725,1001,38.34878,-122.57795,-0.0092900145509111
8726,1001,38.20025,-122.4644,-0.2820621070414176
8727,1001,37.92371,-122.59649,1.4032165103211505
8728,1001,38.14361,-122.44969,-0.56701412659303
8729,1001,38.24039,-122.79842,-0.2014097435289977
8730,1001,38.38921,-122.66297,-0.7097721712663947
8731,1001,37.008,-121.287,4.585599006297028
8732,1001,35.73065,-120.24986,0.455761958177558
8733,1001,35.40773,-120.54556,0.4944035993706354
8734,1001,35.86661,-120.4796,1.9820868804016127
8735,1001,35.82404,-121.05393,1.1963744425326992
8737,1001,36.2159,-120.80126,1.3361556763303242
8738,1001,36.0688,-120.59618,1.6952628336380309
8739,1001,37.91608,-122.33607,-0.1937948336882335
8740,1001,36.76403,-121.44722,-0.0331490960197992
8741,1001,37.28744,-121.86422,0.4776863964985637
8743,1001,37.62211,-121.75697,-2.141373838314042
8744,1001,35.45883,-120.88167,1.1930951922900024
8745,1001,37.95397,-121.86554,-2.555283729322758
8746,1001,37.87622,-122.23558,-2.430073823117678
8747,1001,37.91881,-122.15176,-2.025980763769519
8748,1001,37.87352,-122.26099,-2.215335789626103
8749,1001,38.03455,-120.38651,0.0689899726959261
8750,1001,37.69782,-123.0011,-1.5303767274118198
8752,1001,38.14478,-122.88018,-1.0237408197300395
8753,1001,35.63597,-120.86984,2.033981239320834
20118,1001,39.65471,-122.71595,-2.933739304212205
20119,1001,38.99349,-123.07234,-2.0736305375664075
20121,1001,39.55451,-121.50036,-2.200667290536872
20123,1001,37.81647,-122.06302,-1.2137513303519232
20124,1001,37.25898,-121.67311,1.0069530163584208
20125,1001,37.72416,-122.11929,-1.0455112183046122
20126,1001,37.12043,-122.1552,1.133050832564223
20127,1001,37.51704,-122.37731,-0.3248030783470174
20128,1001,37.67433,-122.39855,0.9895506273175056
20129,1001,38.04962,-122.52331,1.543758762228305
20135,1001,38.80797,-122.7953,-2.086619104410223
20139,1001,39.68631,-123.58242,-2.648916590759748
20150,1001,38.65651,-122.61441,-1.111560469849035
20154,1001,34.9022,-120.6217,0.4229522197269642
8754,1002,34.037,-118.178,1.3932341327480149
8755,1002,34.151,-119.198,0.547470260615178
8756,1002,34.04905,-116.94032,-3.617973423983804
8757,1002,34.55046,-117.43391,-0.0033546672363651
8758,1002,34.68708,-118.29946,0.5654637855597682
8759,1002,35.1269,-118.83009,0.0499365021423944
8760,1002,35.34444,-119.10445,-0.3863037715717027
8761,1002,32.68005,-116.67215,0.4865542667781191
8762,1002,34.2623,-116.92075,-1.52334689656902
8763,1002,33.921,-116.981,-0.7054998185994695
8767,1002,34.23883,-117.65853,0.0553637084093556
8768,1002,34.069,-116.39,-0.4828711474026755
8769,1002,33.268,-116.417,-0.3468824573088921
8770,1002,33.80776,-117.98116,0.3664046619224068
8771,1002,34.68224,-118.57398,1.4447190122441176
8772,1002,33.4915,-116.667,-4.325714897638695
8773,1002,34.13678,-118.12199,-0.5693238770574244
8775,1002,33.999,-117.68,-0.4154464442054712
8776,1002,33.4019,-118.41502,0.5642824372784278
8777,1002,34.093,-117.317,-0.0230289211072033
8779,1002,33.655,-115.99,0.3410776186982196
8780,1002,33.35486,-118.44436,0.3372760812579825
8781,1002,34.25353,-118.33383,0.1336306694733251
8782,1002,33.93597,-116.57794,-0.6560983667169515
8783,1002,33.65,-117.009,1.6411284639554675
8784,1002,34.10618,-118.45505,-1.3063421142909568
8785,1002,33.84822,-118.09624,0.2524263922024998
8786,1002,33.567,-116.631,1.6461826326110442
8787,1002,32.999,-116.942,0.2152948380768403
8789,1002,32.65915,-116.10061,-0.7828831865746044
8792,1002,33.71264,-118.29381,-2.113981374945648
8793,1002,34.1,-117.439,0.5935370135460787
8794,1002,33.8717,-117.92251,-1.4729671638288178
8795,1002,33.1537,-117.22921,-0.3987900269919305
8796,1002,34.13677,-118.1283,0.9646658015416464
8797,1002,35.30177,-116.80574,0.110088511174788
8798,1002,34.8294,-116.335,-0.5219116114977007
8799,1002,34.17643,-118.35967,-0.4353284225167028
8800,1002,34.121,-117.219,-0.5957105911695468
8801,1002,33.081,-116.598,-0.1034195903498585
8802,1002,34.36622,-116.61266,-0.4788526558555993
8803,1002,34.15037,-118.10156,-0.8502033587559181
8804,1002,33.597,-117.879,-2.47753958516998
8805,1002,34.9906,-118.34156,0.7877119069005872
8806,1002,34.61462,-118.29104,0.1774942519096391
8807,1002,34.30529,-118.48805,0.917221149691814
8808,1002,33.684,-117.943,-0.1396815064776708
8809,1002,35.47954,-117.68212,-0.0800402262672972
8810,1002,34.3656,-117.36683,-1.5349584367406128
8812,1002,33.818,-116.369,0.4486450214306183
8814,1002,34.005,-117.562,-0.8250742531547833
8815,1002,34.28085,-118.9049,0.9976134454313378
8816,1002,33.808,-116.968,1.4265354456510764
8817,1002,33.6,-117.195,1.877108259733028
8818,1002,34.22362,-118.05832,-0.511977889686657
8819,1002,34.53412,-120.17737,0.4360281416606631
8820,1002,34.22869,-118.55829,2.164758205530115
8821,1002,33.788,-117.844,-0.2089054055067016
8822,1002,33.94539,-117.92372,0.0840593751478667
8823,1002,32.608,-116.93,0.7413624606885902
8824,1002,34.6145,-118.7235,0.1692090203873022
8825,1002,34.44199,-118.58215,0.3653007510917816
8826,1002,34.1207,-117.63808,-0.2476847612909392
8827,1002,33.862,-117.205,0.1624817050931492
8829,1002,33.354,-116.863,-0.5873533630086222
8830,1002,33.7953,-117.60906,-1.4751165927015315
8832,1002,34.09181,-117.80709,-0.5808292359671734
8833,1002,34.39558,-118.49837,-1.29579697466761
8834,1002,33.63,-116.8478,1.3446297132699967
8835,1002,34.281,-118.478,2.751461367974718
8836,1002,34.10473,-117.97956,-1.553641802720475
8837,1002,33.74346,-118.40412,-0.7071252641714467
8838,1002,33.973,-117.327,0.900845020985893
8839,1002,33.97327,-117.32674,0.6050269584037484
8840,1002,34.05073,-118.08085,1.0654842801692248
8841,1002,33.99351,-117.37545,0.8801671979782899
8842,1002,33.70432,-117.88578,-0.0818536332221159
8845,1002,34.44076,-119.71492,0.8035295191412438
8847,1002,34.232,-117.235,-1.3947730370447655
8848,1002,32.915,-118.4879,-0.6743659999549597
8849,1002,33.99543,-119.6351,0.9504494887797376
8850,1002,33.553,-117.662,-0.6439705371333656
8851,1002,32.784,-117.13805,-0.6400272856745658
8853,1002,34.43692,-119.1375,-0.0521877935025864
8854,1002,35.8996,-116.27515,1.4535067254076488
8855,1002,35.89095,-117.28332,-0.0416465877046359
8856,1002,33.834,-116.797,0.6807292938768356
8858,1002,34.01438,-118.45617,0.5085736755281368
8859,1002,34.05933,-118.64614,-1.0788176294709118
8860,1002,33.829,-117.789,-1.3353073334536385
8861,1002,34.30302,-119.18676,1.8468269665634875
8862,1002,33.664,-117.769,-1.6228519476671293
8863,1002,34.106,-117.098,-0.3476485725553612
8864,1002,32.94508,-115.79988,-0.247427488954725
8865,1002,34.52775,-119.97834,0.8952656244484918
8866,1002,34.38203,-117.67822,-0.6130832104772047
8870,1002,34.01919,-118.28631,-0.6991824404938622
8871,1002,34.48364,-118.11783,-0.1406374910427668
8872,1002,34.56065,-117.3296,0.3115421571514719
8873,1002,35.53664,-118.14035,0.5136734575616527
8875,1002,34.00948,-117.95077,0.5321304557366255
8878,1002,32.692,-117.037,0.1332455802624977
8879,1002,33.787,-116.959,1.540999690627345
8880,1002,33.744,-116.931,1.405190430150739
8881,1002,33.951,-117.446,0.1775595529990888
8882,1002,33.854,-117.817,-0.5447523275433912
8883,1002,33.933,-117.896,0.3552133598338474
8884,1002,33.932,-117.955,1.0077284961758943
8885,1002,33.927,-117.803,-1.4697759725190074
8886,1002,33.748,-117.844,-0.293769149948366
8887,1002,33.869,-118.368,-0.3996530876653669
8888,1002,33.876,-118.24,-0.4173830234205782
8889,1002,33.84,-118.194,-0.1833953570101449
8890,1002,33.787,-118.356,-1.6042393372393062
8891,1002,33.818,-118.108,0.9304216651023918
8892,1002,33.873,-118.175,0.4991954656493287
8893,1002,33.909,-118.315,-0.4846651198302093
8894,1002,34.134,-117.598,-0.5383524881807993
8895,1002,34.132,-117.911,0.3879440862823562
8896,1002,34.096,-117.906,0.0446000135845324
8897,1002,34.425,-117.544,0.2321546338417685
8898,1002,34.405,-117.313,-0.938207033151776
8899,1002,34.1,-117.434,0.1809112476581187
8900,1002,34.154,-118.463,0.998487485592054
8901,1002,34.143,-118.304,1.170675638743075
8902,1002,34.163,-118.5,0.2787111079517134
8903,1002,34.185,-118.623,1.809995090566444
8904,1002,34.096,-118.23,-1.1409199662375926
8905,1002,34.041,-118.348,-0.534209579306348
8906,1002,34.062,-118.315,0.1544328974098044
8907,1002,34.037,-118.263,-1.554453130906574
8908,1002,34.077,-118.286,0.1421544534209158
8909,1002,34.03,-118.434,-0.0185289842686616
8910,1002,34.172,-118.289,0.1366916430207359
8911,1002,34.1,-118.288,-0.1675971858038839
8912,1002,34.051,-118.384,0.4408699586136116
8913,1002,34.222,-119.04,0.4456633441541689
8914,1002,34.208,-119.079,1.3711325716758591
8915,1002,34.217,-119.153,1.311089855210735
8916,1002,34.57806,-118.11401,0.0977977331255986
8917,1002,34.6172,-118.285,0.7132352770025411
8918,1002,34.4435,-117.853,-0.3426014889952193
8919,1002,34.393,-117.805,0.0336643296082435
8920,1002,34.193,-117.427,-0.7480803448154344
8921,1002,34.04856,-116.57816,-0.0612082557447405
8924,1002,34.079,-117.045,-1.0073807845338827
8925,1002,34.052,-118.451,0.1168623252030479
8926,1002,34.136,-117.213,-0.3086014451753021
8928,1002,34.10922,-117.78362,0.3378174864081282
8929,1002,34.051,-117.25,-1.255954653198613
8931,1002,33.896,-118.377,-0.8987866883707772
8932,1002,33.572,-116.076,0.3335838586278296
8933,1002,33.92024,-117.32066,1.1359304944871558
8934,1002,34.36,-117.629,0.80498858037611
8935,1002,33.59967,-117.866,-1.127866692581192
8936,1002,33.65829,-117.93174,-0.6688434330159558
8937,1002,33.82177,-116.96836,-1.052043879663843
8939,1002,34.165,-117.288,-0.5308851665433922
8940,1002,34.103,-117.349,-0.7626986132845752
8942,1002,34.14492,-117.21876,0.1983989722126546
8943,1002,34.14,-117.294,-0.5581014209187791
8945,1002,34.205,-117.365,0.3284932517642889
8946,1002,34.12288,-117.28792,-0.3207592499412056
8947,1002,34.233,-117.482,0.6731340477006094
8948,1002,33.83066,-118.32888,-0.7973627957753208
8949,1002,34.812,-118.945,0.6870875138230074
8950,1002,34.13065,-118.49205,-0.6187066308657173
8951,1002,34.1851,-118.447,0.813614978789655
8952,1002,34.3088,-118.448,1.021891753381662
8953,1002,34.193,-118.51,0.7426904274015953
8954,1002,34.2772,-118.56,1.2509207438723018
8955,1002,34.28963,-118.50124,-0.1017823649388186
8956,1002,34.24734,-118.60349,1.4240820044468914
8957,1002,33.90386,-118.24532,-0.0343347682939485
8959,1002,34.2186,-118.86804,0.0240471348325171
8962,1002,33.91677,-116.38979,0.4377650342886227
8963,1002,32.87514,-117.22977,0.0552474754082579
8964,1002,34.24892,-118.4789,1.348360000149173
8965,1002,34.063,-118.463,-0.8391045229472475
8966,1002,33.91175,-117.82041,-1.5084833728285234
8967,1002,33.852,-117.451,2.635687810710735
8968,1002,34.049,-118.112,-0.3753242420433691
8969,1002,33.58282,-117.07169,1.2534010439083596
8970,1002,34.09671,-118.47946,-0.5058206198702546
8971,1003,34.224,-117.331,-1.5918774644780018
8972,1003,34.037,-118.178,1.1823220646253094
8973,1003,34.077,-118.286,0.7104807509617201
8974,1003,33.3527,-115.733,0.9938838911335488
8975,1003,34.155,-118.641,0.0507520650843099
8976,1003,34.55046,-117.43391,-0.3239962083004818
8977,1003,34.14647,-118.76699,-0.1225636283578624
8978,1003,34.68708,-118.29946,-0.1865843882045069
8979,1003,35.1269,-118.83009,-0.1454879449928048
8980,1003,32.68005,-116.67215,0.2899513449002505
8981,1003,34.2623,-116.92075,-0.413515442038582
8982,1003,33.921,-116.981,-0.3920601540218256
8984,1003,33.57508,-117.26119,0.6923179609192703
8986,1003,34.23883,-117.65853,-0.1821573908566671
8987,1003,34.069,-116.39,-0.5685220323786755
8989,1003,33.268,-116.417,1.2013037298198854
8990,1003,34.68224,-118.57398,1.324152250405624
8991,1003,34.13678,-118.12199,-0.1455325270214476
8992,1003,33.38822,-117.19495,0.6791785534116815
8993,1003,35.52495,-117.36453,-0.5525288304952751
8994,1003,34.10521,-117.28264,0.7553934166795188
8997,1003,33.999,-117.68,0.4100209510006553
8998,1003,33.4019,-118.41502,-1.1070273176505807
9000,1003,34.093,-117.317,0.3989368779046667
9001,1003,33.876,-117.561,0.5195711670819796
9002,1003,33.655,-115.99,0.8819034731657804
9003,1003,34.63745,-115.38115,-0.0489517998932638
9004,1003,34.25353,-118.33383,0.5448201082891694
9005,1003,33.65,-117.009,0.0260057101697637
9006,1003,34.10618,-118.45505,-1.3455277623117472
9007,1003,33.84822,-118.09624,0.0132762144126804
9008,1003,33.567,-116.631,0.1156680070890254
9009,1003,32.999,-116.942,1.0888179720815518
9010,1003,32.805,-115.447,0.0326050831126002
9011,1003,32.65915,-116.10061,-0.6714250229116059
9014,1003,33.11675,-115.82267,0.7160122057706607
9015,1003,33.71264,-118.29381,-1.749115132980097
9016,1003,34.1,-117.439,-0.01633592646135
9017,1003,33.8717,-117.92251,0.5443254384892613
9018,1003,33.051,-114.827,-1.2345085811309384
9019,1003,33.1537,-117.22921,-0.1204672930267179
9020,1003,34.13677,-118.1283,0.6373856341508655
9021,1003,35.30177,-116.80574,-2.0069886856918355
9022,1003,34.8294,-116.335,-1.733176580367566
9023,1003,34.17643,-118.35967,-0.6645379419914352
9024,1003,34.121,-117.219,-1.4415934810280888
9026,1003,35.66278,-118.47403,-1.165044891775217
9027,1003,34.31076,-118.49675,1.2670651145792788
9028,1003,33.0859,-116.5959,0.3294818737469525
9029,1003,34.31313,-118.49918,0.9158743110384558
9030,1003,35.98249,-117.80885,-0.4883747169712533
9031,1003,34.36622,-116.61266,0.4479456288482967
9032,1003,34.15037,-118.10156,-0.587726464086504
9033,1003,33.597,-117.879,-2.7047253312154806
9034,1003,33.7141,-116.7119,1.2021073085314868
9035,1003,33.86889,-118.33143,-0.5522346482197
9036,1003,33.798,-118.08837,0.806272715152869
9037,1003,34.00033,-118.37794,-0.1616358014131543
9038,1003,35.13066,-115.18416,0.2543905313168491
9039,1003,34.9906,-118.34156,-0.1319538875048237
9040,1003,33.9753,-118.14918,0.1457428180907585
9041,1003,34.10819,-119.06587,-0.4647257181812204
9042,1003,34.80762,-118.86775,0.930810246728195
9043,1003,33.684,-117.943,0.0767000153379097
9044,1003,34.93439,-117.69629,-0.1176938535353632
9045,1003,33.881,-118.176,-0.1095745787046275
9046,1003,34.3656,-117.36683,-1.3100155308178805
9047,1003,33.3516,-116.5615,0.315441358287788
9048,1003,35.36165,-118.92282,-0.9986996946950996
9050,1003,33.818,-116.369,1.2635841684638265
9051,1003,34.005,-117.562,1.721721537744625
9052,1003,34.28085,-118.9049,0.4661310212050061
9053,1003,36.05799,-117.48901,-1.789298516977524
9055,1003,33.808,-116.968,0.5544833145462335
9056,1003,34.22362,-118.05832,0.6918136388552214
9059,1003,34.22869,-118.55829,0.4986812007533875
9060,1003,33.556,-115.946,0.0596096593966537
9061,1003,33.788,-117.844,-0.0421670657527251
9062,1003,33.94539,-117.92372,0.7719884774999596
9063,1003,32.608,-116.93,1.306184375021078
9064,1003,34.6145,-118.7235,-0.8756162413767355
9065,1003,34.1484,-118.1711,-1.1276879074817707
9066,1003,34.44199,-118.58215,0.2316833525106623
9068,1003,34.1207,-117.63808,-0.4482400295294482
9069,1003,33.862,-117.205,0.4100954013900019
9071,1003,33.354,-116.863,-0.0055525742087732
9072,1003,33.7953,-117.60906,-0.3596052473101496
9073,1003,33.824,-116.55,-0.6556170996252937
9074,1003,34.39558,-118.49837,-0.96991088435248
9075,1003,33.63,-116.8478,1.643279770358569
9076,1003,34.281,-118.478,1.399740262512232
9077,1003,34.10473,-117.97956,-0.5283450112261773
9078,1003,33.74346,-118.40412,-0.2193426938153627
9079,1003,34.87533,-116.99684,-1.6909893187364686
9080,1003,33.973,-117.327,1.2154750055348733
9081,1003,33.97327,-117.32674,0.9111137148675134
9082,1003,34.05073,-118.08085,0.5503855750635657
9083,1003,33.99351,-117.37545,0.429838680950414
9084,1003,33.183,-115.623,-1.9012374218643573
9085,1003,33.70432,-117.88578,-0.4799346260491716
9089,1003,34.232,-117.235,-0.9531874787965232
9090,1003,33.99543,-119.6351,0.4600834765571698
9091,1003,33.553,-117.662,-1.3351862286893528
9092,1003,32.784,-117.13805,-0.3271401167178202
9095,1003,34.43692,-119.1375,-0.5730564034851658
9096,1003,35.8996,-116.27515,-0.1499066941218508
9097,1003,35.89095,-117.28332,0.4602116333739687
9098,1003,33.834,-116.797,1.3512614737978594
9100,1003,34.01438,-118.45617,-0.3308073991618053
9101,1003,34.27091,-118.74407,-0.1917216175597655
9102,1003,34.05933,-118.64614,-0.3293573813961157
9104,1003,33.829,-117.789,-0.7823215077175983
9105,1003,34.30302,-119.18676,1.1282767121031103
9106,1003,34.106,-117.098,0.2995575172482153
9107,1003,32.94508,-115.79988,0.4635657029416561
9109,1003,34.38203,-117.67822,-0.2978440320657708
9111,1003,33.63495,-116.16402,1.838365365155827
9112,1003,34.15607,-118.82039,-1.200540722628251
9114,1003,34.01919,-118.28631,-0.3519924041697155
9115,1003,34.48364,-118.11783,0.3123566154019937
9117,1003,34.56065,-117.3296,1.0313869959083106
9118,1003,35.53664,-118.14035,0.5999135073722451
9119,1003,32.75904,-115.73161,0.6802818164857981
9120,1003,34.51085,-119.27407,-1.3001638261623207
9121,1003,34.00948,-117.95077,0.6436518836917562
9122,1003,34.1717,-118.64971,2.065795950383734
9146,1006,34.397,-118.918,0.6503471566241464
9147,1006,34.55046,-117.43391,0.7389773363398503
9148,1006,33.63838,-116.4011,0.2964696293165352
9149,1006,34.68708,-118.29946,-1.718054526640504
9150,1006,35.1269,-118.83009,-1.563799779028181
9151,1006,35.34444,-119.10445,-0.0583263812036012
9153,1006,34.2623,-116.92075,1.4274898709519943
9155,1006,33.57508,-117.26119,-0.0080789549445341
9158,1006,34.23883,-117.65853,-1.233774685873123
9160,1006,34.069,-116.39,0.8972801867383353
9162,1006,33.80776,-117.98116,-0.2981516408903361
9163,1006,34.68224,-118.57398,0.1251764276394493
9164,1006,33.38822,-117.19495,-0.2148835259704124
9165,1006,35.52495,-117.36453,-0.3851066518684028
9166,1006,36.5504,-117.80295,2.131487301645586
9168,1006,33.999,-117.68,0.2330707391721097
9169,1006,33.4019,-118.41502,-1.13799487807983
9174,1006,36.43988,-118.08016,3.207213465504253
9176,1006,34.25353,-118.33383,-0.289551692865315
9177,1006,33.93597,-116.57794,1.2147200909794489
9178,1006,33.65,-117.009,-0.0141996572237425
9179,1006,34.10618,-118.45505,-1.354701447852021
9180,1006,33.84822,-118.09624,0.3880656195887482
9181,1006,33.567,-116.631,1.203555149060962
9189,1006,34.72832,-119.98803,-1.5566088705579668
9190,1006,33.71264,-118.29381,-0.6823994501541428
9191,1006,36.46719,-116.86322,0.4386336542209451
9193,1006,33.1537,-117.22921,0.4765115362693369
9194,1006,36.99608,-117.36621,1.7769005659344324
9195,1006,34.13677,-118.1283,-0.1510281169788014
9196,1006,35.30177,-116.80574,-0.3741613443371255
9197,1006,34.8294,-116.335,0.980244250119505
9198,1006,34.17643,-118.35967,-1.33999179128212
9201,1006,35.66278,-118.47403,1.2499903712812503
9203,1006,35.98249,-117.80885,2.263186072260561
9205,1006,34.36622,-116.61266,1.4293303179176975
9206,1006,33.86889,-118.33143,-0.6762547789751386
9207,1006,34.00033,-118.37794,-0.3644947208226639
9208,1006,34.73551,-120.27996,0.3878594029715195
9210,1006,34.9906,-118.34156,-0.1237749901699731
9211,1006,34.61462,-118.29104,-0.7176954134685289
9212,1006,34.30529,-118.48805,-0.3549864991173223
9213,1006,33.9753,-118.14918,-0.4893726650751125
9214,1006,34.10819,-119.06587,0.240470526547863
9215,1006,34.80762,-118.86775,-0.7635185642854098
9216,1006,34.61594,-117.82493,0.3790568354695914
9217,1006,33.684,-117.943,-0.2003311292939625
9218,1006,34.93439,-117.69629,-0.4823865630890561
9219,1006,35.47954,-117.68212,0.6188871887515126
9220,1006,33.881,-118.176,0.4096919315931217
9221,1006,34.3656,-117.36683,-0.4874901383192035
9222,1006,35.36165,-118.92282,-2.089207934402114
9224,1006,33.818,-116.369,1.3394108437514138
9226,1006,37.63019,-118.83605,4.345655710002681
9227,1006,34.005,-117.562,-0.1253539760637974
9228,1006,34.28085,-118.9049,0.7477757594201426
9229,1006,36.05799,-117.48901,-1.2034289427382834
9230,1006,34.88848,-119.81362,-0.7780413351117581
9231,1006,33.808,-116.968,0.4994851632714915
9233,1006,34.22362,-118.05832,-0.1866154029584071
9234,1006,34.78035,-116.55798,0.7061848671943809
9236,1006,34.53412,-120.17737,-0.5236963944791395
9238,1006,33.94539,-117.92372,-0.8806596116099139
9240,1006,34.6145,-118.7235,-1.5465532263315245
9241,1006,34.1484,-118.1711,-1.723269130726905
9242,1006,34.44199,-118.58215,-1.0658041471035036
9244,1006,33.96273,-118.43702,-0.380692518641735
9245,1006,34.1207,-117.63808,-0.943241814335729
9246,1006,33.862,-117.205,-0.7589010759267105
9248,1006,35.40773,-120.54556,0.4361044733979867
9249,1006,35.945,-120.542,-0.9422583399080884
9250,1006,33.82436,-116.51195,0.7721159515623149
9251,1006,33.354,-116.863,-0.5649523608537859
9252,1006,33.7953,-117.60906,-0.2416259103979603
9254,1006,34.39558,-118.49837,-1.4984250711770368
9255,1006,36.30523,-119.24384,2.1001585941379566
9256,1006,33.63,-116.8478,-0.442217695118409
9257,1006,34.10473,-117.97956,-0.657388979801481
9258,1006,33.74346,-118.40412,-0.100260976877652
9259,1006,34.87533,-116.99684,0.8357177939884165
9260,1006,33.97327,-117.32674,-0.0508413795489453
9261,1006,34.05073,-118.08085,-0.6799774660385828
9262,1006,33.99351,-117.37545,-1.1440663920203336
9265,1006,36.76403,-121.44722,-0.2806846852395499
9266,1006,34.44076,-119.71492,-0.669252265041652
9268,1006,34.232,-117.235,0.3989483621546362
9269,1006,33.99543,-119.6351,-0.621932411640045
9270,1006,33.553,-117.662,-0.4065913088027688
9271,1006,34.56547,-120.50137,-0.3665413983199854
9273,1006,34.43692,-119.1375,-1.3073157903575523
9274,1006,35.8996,-116.27515,1.4748232517918285
9275,1006,35.89095,-117.28332,-0.2283304566025774
9276,1006,33.834,-116.797,0.6550019155708727
9277,1006,35.3142,-119.99581,-1.502322344235904
9278,1006,34.01438,-118.45617,-0.7312029672091342
9279,1006,34.27091,-118.74407,-0.4024738532363902
9280,1006,33.24787,-119.52437,-1.2721254843785823
9281,1006,34.05933,-118.64614,-1.018976366606141
9282,1006,36.1355,-118.81099,2.1127348577286686
9283,1006,33.829,-117.789,-1.1282834805080717
9284,1006,34.30302,-119.18676,-0.3923928675424022
9285,1006,33.664,-117.769,-0.7890575460983826
9286,1006,33.79033,-118.19878,-0.1004939854874531
9287,1006,34.106,-117.098,0.6396751709808287
9288,1006,34.52775,-119.97834,0.3513077292616209
9289,1006,34.38203,-117.67822,-0.1557981516574118
9291,1006,35.14592,-119.41946,-1.6964814899691194
9292,1006,33.63495,-116.16402,1.410941682758616
9293,1006,37.05422,-118.23009,2.8056265616141687
9294,1006,34.15607,-118.82039,-0.7264534546358616
9296,1006,34.01919,-118.28631,-1.070050070759639
9297,1006,34.48364,-118.11783,-0.3644417340904533
9298,1006,35.84089,-119.08469,1.5803679561704187
9299,1006,34.56065,-117.3296,1.3227186919362262
9300,1006,35.53664,-118.14035,0.9957065340097953
9304,1006,34.51085,-119.27407,-1.2604944215341196
9305,1006,34.00948,-117.95077,1.1138752423295804
9306,1006,33.94869,-118.25547,0.6312760258313267
9307,1007,34.224,-117.331,-2.567275391329791
9308,1007,34.037,-118.178,1.848181995832063
9309,1007,34.07,-118.346,0.4505984365411993
9310,1007,34.084,-118.6,-0.2839620726685121
9311,1007,34.1949,-118.354,0.8240481574592933
9312,1007,34.155,-118.641,-0.2690478153129198
9313,1007,34.55046,-117.43391,-0.1980988352679174
9314,1007,34.14647,-118.76699,0.0892116256432727
9315,1007,34.68708,-118.29946,-0.5555527072047793
9316,1007,35.1269,-118.83009,-1.004118363717637
9317,1007,32.68005,-116.67215,0.4473659834099454
9318,1007,34.2623,-116.92075,-1.0696638182659295
9319,1007,33.921,-116.981,-0.5394667862393676
9321,1007,33.57508,-117.26119,0.7193479029831632
9323,1007,34.23883,-117.65853,-0.57032448928271
9324,1007,34.069,-116.39,-1.411692454965227
9326,1007,33.268,-116.417,0.2332848423908553
9327,1007,33.80776,-117.98116,0.1714391641062872
9328,1007,34.68224,-118.57398,0.963018285262128
9329,1007,34.13678,-118.12199,-0.4248538582777501
9330,1007,33.38822,-117.19495,1.0619682705436644
9331,1007,34.10521,-117.28264,0.3593466195608195
9333,1007,33.999,-117.68,0.0443806814034703
9334,1007,33.4019,-118.41502,0.4423269343641512
9335,1007,34.093,-117.317,0.5506996429216855
9336,1007,33.876,-117.561,1.7834850731088925
9337,1007,33.655,-115.99,-0.4490335914532904
9338,1007,34.25353,-118.33383,0.0269281226656984
9339,1007,33.65,-117.009,0.8824023404054547
9340,1007,34.10618,-118.45505,-0.9026865012103924
9341,1007,33.84822,-118.09624,1.3430129360163212
9342,1007,33.567,-116.631,0.1043740557169738
9343,1007,32.999,-116.942,0.4752391021538659
9345,1007,32.65915,-116.10061,-1.1099544818810452
9348,1007,33.71264,-118.29381,-1.5765875924377335
9349,1007,34.1,-117.439,1.7093418567508254
9350,1007,33.8717,-117.92251,-0.1795236543755612
9351,1007,33.1537,-117.22921,0.1063181096939367
9352,1007,34.13677,-118.1283,0.3430237050985288
9353,1007,35.30177,-116.80574,-1.6695078158761747
9354,1007,34.8294,-116.335,-1.326741743297995
9355,1007,34.17643,-118.35967,-0.2528150037109925
9356,1007,34.121,-117.219,-1.6284652332032326
9358,1007,35.66278,-118.47403,-1.7102168828549498
9359,1007,34.31076,-118.49675,1.0920248132913144
9360,1007,33.0859,-116.5959,-0.0973544143659243
9361,1007,35.98249,-117.80885,-0.7672368933725797
9362,1007,34.36622,-116.61266,0.2171235287280117
9363,1007,34.15037,-118.10156,-0.0622959024275284
9364,1007,33.7141,-116.7119,1.298692924697693
9365,1007,34.9906,-118.34156,0.6721842104189965
9366,1007,34.61462,-118.29104,0.0944885732005516
9367,1007,33.9753,-118.14918,0.2304572539833146
9368,1007,34.10819,-119.06587,-0.7969185907220157
9369,1007,33.684,-117.943,1.3465698228315803
9370,1007,34.93439,-117.69629,-0.0573760844020229
9371,1007,35.47954,-117.68212,-0.1827125500592249
9372,1007,33.881,-118.176,3.032963146345112
9373,1007,34.3656,-117.36683,-1.728897458881636
9374,1007,33.3516,-116.5615,-0.6382386437520338
9376,1007,34.005,-117.562,0.7596013302443169
9377,1007,36.05799,-117.48901,-2.073978079320244
9378,1007,33.808,-116.968,-0.2452833163096163
9379,1007,34.22362,-118.05832,0.7587291867274971
9380,1007,33.788,-117.844,1.0130210201061307
9381,1007,33.94539,-117.92372,0.9249197845078924
9382,1007,32.608,-116.93,0.8260334296295919
9383,1007,34.6145,-118.7235,-1.4045417340381143
9384,1007,34.1484,-118.1711,-0.9703055866103772
9385,1007,33.96273,-118.43702,0.1950564072801994
9386,1007,34.1207,-117.63808,-0.0946844640867937
9387,1007,33.862,-117.205,0.2390894129464927
9389,1007,33.354,-116.863,-0.7403667870008506
9390,1007,33.7953,-117.60906,-0.3795794771974147
9391,1007,34.39558,-118.49837,-1.7607463971806327
9392,1007,33.63,-116.8478,0.3236963659616181
9393,1007,34.281,-118.478,1.582565744674031
9394,1007,34.10473,-117.97956,-0.316074556314604
9395,1007,33.74346,-118.40412,0.5884954347313152
9396,1007,34.87533,-116.99684,-1.266385743921885
9397,1007,33.973,-117.327,1.5675029431172371
9398,1007,34.05073,-118.08085,1.2837311776801
9399,1007,33.99351,-117.37545,0.6043410103684458
9400,1007,33.2801,-115.98585,0.2296234893367317
9401,1007,33.70432,-117.88578,0.0974367008141872
9403,1007,34.232,-117.235,-0.5059833001130897
9404,1007,33.99543,-119.6351,0.615663887199948
9405,1007,33.553,-117.662,-1.117360639800124
9406,1007,32.784,-117.13805,-0.5305202435111123
9408,1007,35.89095,-117.28332,0.1657340488664326
9409,1007,33.834,-116.797,0.3630826938860524
9410,1007,34.01438,-118.45617,0.3182442792316454
9411,1007,32.841,-117.248,-1.0233086359878347
9412,1007,34.05933,-118.64614,-1.151399953094419
9413,1007,33.829,-117.789,-0.5579911687063597
9414,1007,34.30302,-119.18676,0.6066340820329327
9415,1007,32.94508,-115.79988,-0.2596718413839688
9416,1007,34.38203,-117.67822,-1.136320617708386
9418,1007,33.63495,-116.16402,0.3147973437268455
9419,1007,34.15607,-118.82039,-1.0863416288598418
9421,1007,34.01919,-118.28631,-0.0731601086084904
9422,1007,34.48364,-118.11783,0.4622934106700896
9423,1007,34.56065,-117.3296,1.164018224916456
9424,1007,35.53664,-118.14035,-0.5807637018582619
9425,1007,34.00948,-117.95077,1.4165636694843946
9426,1007,34.1717,-118.64971,2.0711376120710594
9427,1007,33.94869,-118.25547,1.9242964300141767
9428,1008,37.95397,-121.86554,-0.3423226961544642
9429,1008,37.87622,-122.23558,0.7159896428460655
9430,1008,37.91881,-122.15176,-0.3626133458978139
9431,1008,37.87352,-122.26099,0.113362092911996
9432,1008,37.73786,-122.06486,0.8897263526636497
9433,1008,38.03455,-120.38651,1.885802468030959
9434,1008,37.81041,-121.80272,0.9745195174695966
9435,1008,38.02691,-122.01599,0.6221790472283818
9436,1008,38.34526,-122.4584,-1.137111298075123
9438,1008,37.6444,-118.89683,-0.3049939615792519
9439,1008,37.34164,-121.64257,-0.1246207537212894
9440,1008,38.87874,-122.44277,-1.8991854761037528
9441,1008,39.55451,-121.50036,-1.095438913463202
9442,1008,40.57988,-122.54113,-1.5704328613184688
9443,1008,39.3281,-120.117,-0.3593002857695603
9444,1008,39.51627,-119.79895,-1.8585803386497552
9445,1008,39.185,-119.79,-2.7671296361755204
9446,1008,39.466,-119.773,-1.3833297844882642
9447,1008,39.586,-120.368,0.9184459691253308
9448,1008,39.368,-120.115,0.0790606121084004
20777,1008,38.99349,-123.07234,-3.044016015255405
20779,1008,37.008,-121.287,0.9127840604237968
20783,1008,37.25898,-121.67311,-0.8460562610398246
20784,1008,37.9889,-122.2156,0.8619531208140606
20785,1008,37.94906,-122.40851,-0.4745019299886331
20786,1008,37.72416,-122.11929,1.110485313600832
20787,1008,37.80787,-122.3618,1.4690510544171564
20788,1008,37.67433,-122.39855,0.9602674102428892
20789,1008,37.16067,-121.89899,1.09050482650212
20790,1008,37.92144,-122.71806,0.3993682078663832
20791,1008,38.04962,-122.52331,0.5778554980371186
20792,1008,38.12282,-122.14921,1.585950689799639
20793,1008,38.20025,-122.4644,0.5119914210217716
20794,1008,38.233,-122.636,0.1922328933593657
20795,1008,37.76021,-122.41524,1.001879039967303
20796,1008,37.762,-122.505,1.1374037056370387
20797,1008,37.54187,-122.30471,1.5084938529533884
20798,1008,37.68,-121.739,-0.2536826739106012
20799,1008,37.39415,-122.06041,-0.4278619135275032
20800,1008,37.71737,-121.72701,-0.0132825293580778
20801,1008,37.67928,-122.48405,2.1189317311961746
20802,1008,37.91056,-122.53778,-0.1093160995248752
20803,1008,38.03445,-122.27016,-0.1242184451963366
20804,1008,37.8251,-122.27606,0.9432651938323592
20805,1008,37.7986,-122.2684,0.8324612498755253
20806,1008,37.72416,-122.44841,0.2675287233120412
20807,1008,37.41395,-121.87085,-0.5060785709641973
20808,1008,37.6806,-121.92098,0.2371941554744278
20809,1008,37.86059,-122.29327,1.33644463371223
20810,1008,37.85835,-122.25252,0.871645841050909
20811,1008,38.29027,-122.46125,-0.0057270444764272
20812,1008,37.38332,-121.91088,-0.931223676731659
20813,1008,37.68873,-121.78351,-0.8785354946710546
20814,1008,37.72688,-122.15092,-0.2889417356919157
20815,1008,37.8852,-122.03217,-0.7523016925054747
20816,1008,37.94215,-121.93047,0.2527053163719201
20817,1008,38.01299,-122.13416,1.8800116793296373
20818,1008,37.16346,-121.62645,-1.09959229437673
20819,1008,37.85727,-122.42266,1.571180133646925
20820,1008,37.45035,-121.80037,-0.7521228295333833
20821,1008,37.74766,-121.70843,0.5444286836877664
20822,1008,37.7294,-121.83346,0.4009246917763388
20823,1008,37.37289,-121.76887,-0.7683450947383677
20824,1008,37.85884,-121.99264,0.0754890275253647
20825,1008,37.91233,-121.90716,0.3401570762450218
20826,1008,38.76927,-123.01486,-2.5345185097073406
20827,1008,37.34305,-122.33976,1.2037796012022146
20828,1008,37.31861,-122.15314,-0.254704633248826
20829,1008,37.17217,-122.01121,0.5449951635308479
20830,1008,37.04922,-121.80722,-0.8408782576655927
20831,1008,37.36045,-122.18986,0.0528466365144523
20832,1008,37.51604,-122.45815,1.0666199381920176
20833,1008,37.21427,-122.17168,0.9544950857863598
20834,1008,37.20631,-121.97726,0.2490765719436857
20835,1008,37.15432,-121.73467,-0.3699890609763808
20836,1008,37.63719,-122.47482,-0.0347376952327869
20837,1008,37.2708,-122.21276,1.333472502185985
20839,1008,37.58225,-122.42006,1.346271913589183
20840,1008,37.40372,-122.17596,0.5135117235428164
20841,1008,37.28397,-122.05017,-0.2518048156677999
20842,1008,37.58644,-122.50217,1.4058593095274212
20853,1008,37.65909,-118.97907,-0.219625384422329
20854,1008,38.43951,-122.25272,-0.6488387898392136
20855,1008,38.26021,-122.55179,-0.1515675411016851
20856,1008,38.30988,-122.943,-1.470225495155788
20857,1008,38.33656,-122.81082,0.1943825208313048
20858,1008,38.46769,-122.89651,-2.1228050012259345
20859,1008,38.28043,-122.21582,-1.1937947454171842
20860,1008,38.15486,-121.80438,1.1646602468438978
20861,1008,38.16488,-122.71296,-1.0314916486506382
20862,1008,38.6694,-122.6332,-1.1659746165966007
20863,1008,38.07601,-122.2585,0.8710665189469261
20864,1008,38.04248,-122.79684,1.460904687385775
20865,1008,37.99642,-123.01949,-0.860870766286946
20866,1008,38.14361,-122.44969,-0.7896198840170318
20867,1008,38.24039,-122.79842,-1.7192920844264232
20868,1008,38.38921,-122.66297,-0.7704444602377825
9476,1011,33.787,-118.356,-0.530361308328198
9477,1011,34.077,-118.286,-1.5044649779957229
9478,1011,33.943,-118.411,-0.308229137844419
9479,1011,34.07618,-118.3959,-1.74828393124808
9480,1011,33.4019,-118.41502,-0.7103710884162983
9481,1011,32.8889,-117.1051,2.3764573464789067
9482,1011,33.876,-117.561,0.7971723027896458
9483,1011,34.10618,-118.45505,-1.5386698897411444
9484,1011,33.84822,-118.09624,2.0764296786803134
9485,1011,32.999,-116.942,2.110585624045655
9487,1011,33.71264,-118.29381,-1.6540467960077865
9488,1011,33.1537,-117.22921,1.8400956567493247
9489,1011,33.0262,-116.9596,-4.293634013776381
9490,1011,33.081,-116.598,2.436535851228978
9491,1011,33.597,-117.879,-0.514477712339926
9492,1011,33.86889,-118.33143,0.2877133490049333
9493,1011,34.00033,-118.37794,-1.6230631213965163
9494,1011,33.9753,-118.14918,-0.2597802648170454
9495,1011,34.93439,-117.69629,-1.311433364938403
9496,1011,33.881,-118.176,0.4515687497827085
9497,1011,34.005,-117.562,1.1937699267832227
9498,1011,33.6,-117.195,2.050440097356756
9499,1011,33.96273,-118.43702,-0.4699927587628619
9500,1011,33.63,-116.8478,0.9078443539110936
9501,1011,33.74346,-118.40412,-1.0255917883280348
9502,1011,33.99351,-117.37545,1.434388484020961
9503,1011,33.70432,-117.88578,0.1512830238796583
9504,1011,33.79033,-118.19878,1.607245687024617
9505,1011,33.94869,-118.25547,-0.6551772743533921
9506,1011,33.482,-116.911,-0.0638678850737671
9507,1011,33.787,-116.959,2.108680007062999
9508,1011,33.744,-116.931,2.07875258383893
9509,1011,33.84,-117.957,-0.2809066684039616
9510,1011,33.768,-117.85,-1.2530764886701042
9511,1011,33.485,-117.669,1.279182894300123
9512,1011,33.968,-117.252,1.348768884029059
9513,1011,33.699,-117.267,2.2136064704680947
9514,1011,33.604,-117.279,1.2608907183323876
9515,1011,33.884,-117.514,0.8493023413934999
9516,1011,33.951,-117.446,1.541842206115276
9517,1011,33.634,-117.902,1.4305470206837607
9518,1011,33.496,-117.149,1.2731326529513884
9519,1011,33.989,-117.89,-2.0622888461672964
9520,1011,33.662,-117.997,1.3674340574840451
9521,1011,33.933,-117.896,-0.5440683143016636
9522,1011,33.604,-117.906,1.3957582284398244
9523,1011,33.605,-117.89,1.7503896925400906
9524,1011,33.889,-117.886,-0.814227675924709
9525,1011,33.866,-117.958,-0.4855641151881331
9526,1011,33.91,-117.93,-1.390566715648884
9527,1011,33.932,-117.955,-1.313724119737494
9528,1011,33.853,-117.857,-1.2574790056550298
9529,1011,33.766,-117.918,-0.1205872692625062
9530,1011,33.757,-117.956,-0.0815184266817693
9531,1011,33.791,-117.968,0.4233503505828664
9532,1011,33.676,-117.963,1.7495291792088834
9533,1011,33.748,-117.844,-0.9093893139517512
9534,1011,33.742,-117.894,-0.3340567792959265
9535,1011,33.7,-117.88,0.3317305287891763
9536,1011,33.785,-117.89,-1.0414041052998877
9537,1011,33.789,-117.922,-0.0200490678434834
9538,1011,33.951,-117.388,1.4212448986666737
9539,1011,33.979,-117.344,1.1242691476161517
9540,1011,33.895,-117.32,1.87412302077572
9541,1011,33.904,-117.561,1.503587991126418
9542,1011,33.975,-117.486,1.584998475350313
9543,1011,33.902,-117.234,1.0394871932797451
9544,1011,33.649,-117.205,2.148163926889712
9545,1011,33.802,-118.215,1.8505746782976784
9546,1011,33.785,-118.173,1.7886298546021724
9547,1011,33.747,-118.26,1.1032583741889734
9548,1011,33.759,-118.131,1.826141614193637
9549,1011,33.727,-118.001,0.684478927098641
9550,1011,33.723,-118.026,0.328075672423268
9551,1011,33.99,-118.312,1.054256418355963
9552,1011,33.889,-118.047,0.4497747385250926
9553,1011,33.929,-118.058,-1.468364891278848
9554,1011,33.962,-118.065,-2.480008265654903
9555,1011,33.993,-118.396,-1.1860504927453437
9556,1011,33.797,-118.338,0.7571410910773969
9557,1011,33.991,-118.121,-1.3591622490371422
9558,1011,33.976,-118.354,0.1894030820827681
9559,1011,33.834,-118.356,-0.2557697602919397
9560,1011,33.898,-118.209,1.104011016623674
9561,1011,33.876,-118.24,1.0316694154958124
9562,1011,33.999,-118.178,0.0163727599805985
9563,1011,33.819,-118.159,2.2458873899209304
9564,1011,33.722,-118.309,-0.8899861811958271
9565,1011,33.931,-118.214,-0.1316192862397656
9566,1011,33.948,-118.184,0.8753851094834247
9567,1011,33.888,-118.409,-0.1650221145179584
9568,1011,33.924,-118.167,1.0741309048377938
9569,1011,33.837,-118.072,1.8491178853474848
9570,1011,33.929,-118.26,0.334731699907791
9571,1011,33.746,-118.396,-1.329636898458671
9572,1011,33.952,-118.335,0.2295460738591321
9573,1011,33.768,-118.196,0.4976713909677943
9574,1011,33.962,-118.378,-0.6043899351101746
9575,1011,33.92,-118.24,0.3707591086055065
9576,1011,33.993,-118.342,0.248764307392981
9577,1011,33.968,-118.29,-0.8199030144086845
9578,1011,33.945,-118.38,-1.11681868460326
9579,1011,33.868,-118.289,0.7528963527470063
9580,1011,33.976,-118.208,-0.0175845103068081
9581,1011,33.92,-118.126,0.076610057105394
9582,1011,33.883,-118.117,1.251856431307956
9583,1011,33.846,-118.107,1.96126822085454
9584,1011,33.781,-118.261,1.057423046174261
9585,1011,33.946,-118.0,-1.014106076889748
9586,1011,33.969,-118.149,0.2326104378574685
9587,1011,33.79,-118.296,0.9349085020617472
9588,1011,33.811,-118.276,1.5211362830296669
9589,1011,33.827,-118.216,1.7319783738584793
9590,1011,33.806,-118.163,1.2756911409184823
9591,1011,33.818,-118.108,1.337716480313605
9592,1011,33.798,-118.137,0.4827303897675903
9593,1011,33.763,-118.168,1.60070279597768
9594,1011,33.873,-118.175,1.41379801441875
9595,1011,33.834,-118.161,1.908761061280672
9596,1011,33.991,-118.459,-1.8929764808083809
9597,1011,34.033,-117.312,1.449428166913936
9598,1011,34.125,-117.454,0.6011106874186098
9599,1011,34.123,-117.54,1.6433105308506906
9600,1011,34.065,-117.292,2.204685238586752
9601,1011,34.021,-117.866,-1.1034262347065356
9602,1011,34.148,-118.371,-3.8186929235196816
9603,1011,34.194,-118.589,-2.385873752648476
9604,1011,34.045,-118.522,-2.702207705854742
9605,1011,34.025,-118.231,0.0570334762815985
9606,1011,34.004,-118.287,-1.0107010326965864
9607,1011,34.031,-118.208,-1.457809967296001
9608,1011,34.029,-118.483,-1.5863027206586595
9609,1011,34.009,-118.361,-0.9514055367490836
9610,1011,34.055,-118.251,-1.6194093096402151
9611,1011,34.059,-118.246,-1.6212163157571469
9612,1011,34.043,-118.271,-1.9680308234844577
9613,1011,34.154,-118.463,-0.5001370475442137
9614,1011,34.219,-118.627,-1.783127485148062
9615,1011,34.222,-118.57,-1.2295603428597055
9616,1011,34.103,-118.316,-2.352051066459093
9617,1011,34.084,-118.307,-3.151765600796088
9618,1011,34.041,-118.348,-1.5928001963663951
9619,1011,34.06,-118.448,-2.229082665192726
9620,1011,34.037,-118.263,-3.1212105843496905
9621,1011,34.058,-118.252,-2.806136182719903
9622,1011,34.002,-118.077,-1.5497781469030418
9623,1011,34.032,-118.019,-1.5209599076998983
9624,1011,34.07,-118.346,-1.9062360821584523
9625,1011,34.024,-118.284,-1.2981701727005963
9626,1011,34.03,-118.434,-1.5629460279032248
9627,1011,34.018,-118.147,-0.5063391836617371
9628,1011,34.041,-118.248,-1.4521740700701848
9629,1011,34.044,-118.443,-1.7751016731983185
9630,1011,34.021,-118.325,1.0377069858397303
9631,1011,34.013,-118.257,-1.4724800317647144
9632,1011,34.193,-117.427,0.1570157457599977
9633,1011,34.00469,-117.22393,0.9538236046232188
9634,1011,33.51237,-116.80035,1.406923543946785
9635,1011,33.896,-118.377,-0.0144092993554843
9636,1011,34.165,-117.288,0.6018478609915766
9637,1011,34.047,-117.277,0.6666298708249273
9639,1011,34.103,-117.349,-0.2171588463507045
9640,1011,34.14492,-117.21876,0.2122061550569972
9642,1011,34.058,-117.305,0.625892366641932
9643,1011,34.205,-117.365,0.5866608840503909
9645,1011,33.83066,-118.32888,0.6008744235714629
9647,1011,34.193,-118.51,-2.3528971348223275
9649,1011,34.24734,-118.60349,-1.9157491784439928
9650,1011,33.90386,-118.24532,1.172397852452633
9651,1012,34.07,-118.346,-0.3404811115935488
9652,1012,34.155,-118.641,-1.6599745017729282
9653,1012,35.06131,-119.02794,0.1938253563647247
9654,1012,34.55046,-117.43391,0.6904757788873391
9655,1012,34.14647,-118.76699,-1.0548047992544616
9656,1012,34.68708,-118.29946,-0.2491762718355607
9657,1012,35.1269,-118.83009,-0.5138627223552942
9658,1012,35.34444,-119.10445,-1.9963768823299013
9660,1012,34.2623,-116.92075,0.8718251810322255
9661,1012,33.921,-116.981,1.6415689636244957
9665,1012,34.23883,-117.65853,-0.557242979336932
9667,1012,34.069,-116.39,0.5771053225657485
9670,1012,33.80776,-117.98116,0.6537283205878203
9672,1012,34.68224,-118.57398,1.0197661643243503
9673,1012,33.4915,-116.667,-2.2667377025393773
9674,1012,34.13678,-118.12199,-0.0877753670287903
9675,1012,33.38822,-117.19495,0.2355896118307271
9676,1012,35.52495,-117.36453,-0.8999033444160079
9677,1012,36.5504,-117.80295,0.469038435701648
9679,1012,33.999,-117.68,1.1682240637244528
9680,1012,33.4019,-118.41502,0.602730894817485
9682,1012,34.093,-117.317,2.08447940613103
9686,1012,36.43988,-118.08016,1.418114490043172
9688,1012,34.25353,-118.33383,-0.9246029715188392
9689,1012,33.93597,-116.57794,4.442530505375741
9690,1012,33.65,-117.009,1.5966393106414565
9691,1012,34.10618,-118.45505,-0.6424831651690083
9692,1012,33.84822,-118.09624,0.9071979258186248
9693,1012,33.567,-116.631,2.977387170049512
9694,1012,32.999,-116.942,-0.2571303642570886
9701,1012,34.72832,-119.98803,-2.6543695417304973
9702,1012,33.71264,-118.29381,-0.2531236890322336
9703,1012,36.46719,-116.86322,0.167737883975306
9705,1012,33.1537,-117.22921,-0.783551534012695
9706,1012,36.99608,-117.36621,0.0646185233359435
9707,1012,34.13677,-118.1283,0.4803837810519171
9708,1012,35.30177,-116.80574,0.011945880160009
9709,1012,34.8294,-116.335,1.396288711287848
9712,1012,35.66278,-118.47403,-1.4253351903491631
9713,1012,34.31076,-118.49675,-0.343511503819643
9716,1012,35.98249,-117.80885,0.2369468736856892
9718,1012,34.36622,-116.61266,1.1419771550965108
9719,1012,34.15037,-118.10156,0.30393183686192
9720,1012,33.86889,-118.33143,0.9185843860452588
9721,1012,34.00033,-118.37794,-0.5414110716487053
9722,1012,34.73551,-120.27996,-0.3535181257239292
9724,1012,34.9906,-118.34156,-0.5273681218425199
9725,1012,34.61462,-118.29104,1.1599375713369575
9726,1012,34.30529,-118.48805,-0.4936556562969371
9727,1012,33.9753,-118.14918,0.2387582650190404
9728,1012,34.10819,-119.06587,-0.8205413337652551
9729,1012,34.80762,-118.86775,-1.4221433539403674
9730,1012,33.684,-117.943,0.7989744418221337
9731,1012,35.47954,-117.68212,-0.9783559590950396
9732,1012,33.881,-118.176,2.0780964385542138
9733,1012,34.3656,-117.36683,0.1434016413586456
9734,1012,33.3516,-116.5615,1.5378993921756328
9735,1012,35.36165,-118.92282,-2.59431198923084
9737,1012,33.818,-116.369,1.932744714345148
9739,1012,34.13688,-118.12601,2.683760929258096
9740,1012,37.63019,-118.83605,2.920846445236148
9741,1012,34.005,-117.562,0.8255974173381347
9742,1012,34.28085,-118.9049,-0.644928093270381
9743,1012,36.05799,-117.48901,-1.2985707522101475
9744,1012,34.88848,-119.81362,-1.9580911662075609
9745,1012,33.808,-116.968,2.468171130983399
9747,1012,34.22362,-118.05832,0.139746412266433
9748,1012,34.78035,-116.55798,0.9294130451309
9749,1012,34.53412,-120.17737,-1.5541060648855118
9750,1012,34.22869,-118.55829,-0.0148130157172688
9751,1012,33.788,-117.844,0.5351268566784393
9752,1012,33.94539,-117.92372,0.093844029965868
9754,1012,34.6145,-118.7235,-1.805259131325983
9755,1012,34.1484,-118.1711,-1.361339706560164
9756,1012,34.44199,-118.58215,-0.6530442355399079
9758,1012,33.96273,-118.43702,-0.8964474255974609
9759,1012,34.1207,-117.63808,0.5742900744495791
9760,1012,33.862,-117.205,0.2009625539978783
9762,1012,35.40773,-120.54556,0.1205121968583621
9763,1012,35.945,-120.542,-2.295068788860249
9764,1012,33.354,-116.863,0.985404703458397
9765,1012,33.7953,-117.60906,0.8501842196635323
9766,1012,33.824,-116.55,0.3483099772814398
9767,1012,34.39558,-118.49837,-1.974883095571201
9768,1012,36.30523,-119.24384,-0.1390561208913252
9769,1012,33.63,-116.8478,0.9150004738100304
9770,1012,34.281,-118.478,-0.1454580162853806
9771,1012,34.10473,-117.97956,0.2576260115041488
9772,1012,33.74346,-118.40412,1.0120872646797006
9773,1012,34.87533,-116.99684,0.1128479994374186
9774,1012,33.97327,-117.32674,1.6550417072502432
9775,1012,34.05073,-118.08085,0.3170233502760147
9776,1012,33.99351,-117.37545,-0.0427337671869292
9779,1012,36.76403,-121.44722,-1.616343364715136
9781,1012,34.44076,-119.71492,-1.6786692827529324
9783,1012,34.232,-117.235,0.4144169272258899
9784,1012,32.915,-118.4879,0.5269450799108676
9785,1012,33.99543,-119.6351,-1.1102688589600325
9786,1012,33.553,-117.662,0.400431182220629
9788,1012,34.56547,-120.50137,-1.1506473474069332
9790,1012,34.43692,-119.1375,-2.20554046743083
9791,1012,35.8996,-116.27515,0.989902376389214
9792,1012,34.293,-119.1646,-1.359862162570879
9793,1012,35.89095,-117.28332,-0.2546348350318927
9794,1012,33.834,-116.797,1.224371888869865
9795,1012,35.3142,-119.99581,-1.794857859028986
9796,1012,34.27091,-118.74407,-0.9614654124671488
9797,1012,34.05933,-118.64614,-0.3021417607685021
9798,1012,36.1355,-118.81099,0.6134044588343391
9799,1012,33.829,-117.789,0.4468385169907853
9800,1012,34.30302,-119.18676,-0.8965628516490586
9801,1012,33.664,-117.769,0.2670714120302798
9802,1012,34.106,-117.098,0.9648505991384916
9804,1012,34.52775,-119.97834,-1.8656900675016543
9805,1012,34.38203,-117.67822,0.7200373933917452
9807,1012,35.14592,-119.41946,-1.425875693669169
9808,1012,37.05422,-118.23009,1.571434564770068
9809,1012,34.15607,-118.82039,-2.2927052852406646
9811,1012,34.01919,-118.28631,-0.7361560289163019
9812,1012,34.48364,-118.11783,0.3061336133640717
9813,1012,35.84089,-119.08469,-1.5221660551245035
9814,1012,34.56065,-117.3296,0.8304990024787786
9815,1012,35.53664,-118.14035,-0.0034929743327152
9819,1012,34.51085,-119.27407,-1.9613497867936625
9820,1012,34.00948,-117.95077,1.47597269928227
9821,1012,34.1717,-118.64971,0.2238157856682494
9822,1013,35.1269,-118.83009,0.6017979798911566
9823,1013,38.03455,-120.38651,3.142791644605732
9824,1013,36.3887,-121.5514,0.3277064612723413
9825,1013,36.68011,-119.02282,1.4825055075208875
9826,1013,35.66278,-118.47403,2.7428419507956963
9828,1013,37.6444,-118.89683,0.5884914436363964
9829,1013,37.34164,-121.64257,-1.0900887143780873
9830,1013,37.65909,-118.97907,0.7993825898614025
9831,1013,37.008,-121.287,1.2050686736771343
9832,1013,35.40773,-120.54556,1.3572472992497284
9833,1013,36.0688,-120.59618,1.059020972427816
9834,1013,37.05422,-118.23009,-0.7457811511754916
9835,1013,37.67016,-119.80533,3.9014476255142063
9836,1013,37.56957,-118.75278,-1.5292474350336631
9837,1013,37.614,-118.831,0.7534381034790393
9838,1013,37.662,-118.398,-0.0434806043367601
9839,1013,37.588,-118.703,-0.5941567507945802
9840,1013,37.861,-119.103,0.7816818672146931
9841,1013,37.783,-119.075,1.2123844801896486
21201,1013,37.91881,-122.15176,-1.542157528108422
21209,1013,35.945,-120.542,-0.8224522793807578
21210,1013,35.63597,-120.86984,0.6374217798852112
21211,1013,36.76403,-121.44722,-0.5251402252929276
21212,1013,37.28744,-121.86422,-0.5364856559897744
21214,1013,37.81647,-122.06302,0.1747834296687562
21215,1013,37.25898,-121.67311,-0.8125130360122016
21216,1013,37.72416,-122.11929,-0.0022022154019219
21217,1013,37.16067,-121.89899,0.6076902033733954
21218,1013,37.30249,-121.97978,-0.6213901768537813
21219,1013,37.68,-121.739,0.2228716151160222
21220,1013,37.376,-121.84367,-1.074944329025754
21221,1013,37.27117,-121.98617,-1.132326880930136
21225,1013,37.37418,-122.0781,-0.8872324897178483
21229,1013,36.61809,-121.31468,0.6710379535855078
21230,1013,37.16346,-121.62645,-1.426539129683476
21232,1013,37.45035,-121.80037,-1.164094481071736
21233,1013,37.74766,-121.70843,0.4322459575258449
21234,1013,37.7294,-121.83346,0.0025386357030554
21235,1013,37.37289,-121.76887,-1.24940287819984
21236,1013,37.73786,-122.06486,0.153528955797997
21237,1013,37.81041,-121.80272,0.7624792330163968
21238,1013,37.9889,-122.2156,0.3166972691786637
21239,1013,37.85884,-121.99264,-0.1589371897113528
21240,1013,37.91233,-121.90716,-0.6956604915570906
21247,1013,37.0254,-121.4845,0.0597362651251317
21250,1013,37.31861,-122.15314,-1.4619669763311984
21251,1013,37.17217,-122.01121,0.4096871202524978
21252,1013,37.04922,-121.80722,-0.6981333802345503
21253,1013,36.92745,-121.82764,0.171607841095059
21254,1013,37.36045,-122.18986,-0.6441036361005497
21255,1013,37.21427,-122.17168,-0.0918268707788133
21256,1013,37.20631,-121.97726,-0.1593050316404698
21257,1013,37.15432,-121.73467,0.4384195471366358
21258,1013,37.2708,-122.21276,0.0426160452691748
21261,1013,37.40372,-122.17596,-0.4039223589030377
21277,1013,38.15486,-121.80438,0.6335345246359951
21280,1013,35.73065,-120.24986,-0.9556674361104344
21281,1013,39.7065,-119.3842,-3.366445226171406
21282,1013,35.86661,-120.4796,0.2349295352195923
21284,1013,36.2159,-120.80126,-0.0104309718498627
21287,1013,35.45883,-120.88167,0.4498910265866093
9842,1014,34.224,-117.331,0.0233163044994808
9843,1014,34.07,-118.346,-0.5000647027772513
9844,1014,34.5214,-117.991,0.6993918932261397
9845,1014,34.397,-118.918,-0.8861158982334676
9846,1014,34.07618,-118.3959,-0.6917197611929347
9847,1014,34.3968,-119.299,-2.104937378402367
9848,1014,34.155,-118.641,-2.3731304696624083
9849,1014,34.55046,-117.43391,1.5018978341997609
9850,1014,33.63838,-116.4011,0.3391138715447124
9851,1014,34.14647,-118.76699,-1.6823892644921885
9852,1014,34.68708,-118.29946,-0.1188547586835872
9853,1014,35.1269,-118.83009,-0.3712723176842848
9854,1014,35.34444,-119.10445,-0.9613140952718784
9856,1014,34.2623,-116.92075,1.5512843981296858
9857,1014,33.921,-116.981,1.818930185065014
9859,1014,33.57508,-117.26119,0.2943005056603611
9862,1014,34.23883,-117.65853,-0.4499292075861957
9864,1014,34.069,-116.39,0.7112166648708347
9866,1014,33.80776,-117.98116,0.4999017099882971
9868,1014,34.68224,-118.57398,0.6590218536484993
9869,1014,34.13678,-118.12199,0.1319492213139581
9870,1014,33.38822,-117.19495,0.2317949120008613
9871,1014,35.52495,-117.36453,0.3204243459904887
9872,1014,36.5504,-117.80295,0.9262950100804144
9874,1014,33.999,-117.68,1.121188116981287
9875,1014,33.4019,-118.41502,-0.936718434395612
9877,1014,34.093,-117.317,1.8819200187156224
9880,1014,36.43988,-118.08016,2.6363642489398846
9882,1014,34.25353,-118.33383,-0.4665967809228735
9883,1014,33.93597,-116.57794,1.2608597442347675
9884,1014,33.65,-117.009,1.132144884252416
9885,1014,34.10618,-118.45505,-0.76416376850848
9886,1014,33.84822,-118.09624,1.1591954918621912
9887,1014,33.567,-116.631,2.63796488594295
9894,1014,34.72832,-119.98803,-3.457263130693608
9895,1014,33.71264,-118.29381,-0.26413297936152
9896,1014,36.46719,-116.86322,0.6496206945371628
9898,1014,33.1537,-117.22921,-0.576763943319341
9899,1014,36.99608,-117.36621,0.2153824067254148
9900,1014,34.13677,-118.1283,0.6266128720716896
9901,1014,35.30177,-116.80574,0.8079936003557828
9902,1014,34.8294,-116.335,1.835555100016484
9903,1014,34.17643,-118.35967,-0.5367598427859951
9906,1014,35.66278,-118.47403,0.215989380432817
9907,1014,34.31076,-118.49675,0.3129844725886659
9909,1014,34.31313,-118.49918,-0.2672979677595005
9910,1014,35.98249,-117.80885,1.5583274298091938
9912,1014,34.36622,-116.61266,1.581220047775005
9913,1014,34.15037,-118.10156,0.1783113170420763
9914,1014,33.7141,-116.7119,-0.3738207623443732
9915,1014,33.86889,-118.33143,0.8383047001158214
9916,1014,34.00033,-118.37794,-0.5062484784800056
9917,1014,34.73551,-120.27996,-0.8952436693177235
9919,1014,34.9906,-118.34156,0.0353823081259542
9920,1014,34.61462,-118.29104,2.0563961733710507
9921,1014,34.30529,-118.48805,-0.1778761998756284
9922,1014,33.9753,-118.14918,0.125899692758921
9923,1014,34.10819,-119.06587,-1.6924006197309718
9924,1014,34.80762,-118.86775,-1.5629041720737642
9925,1014,33.684,-117.943,0.7419004096490557
9926,1014,34.93439,-117.69629,-0.2990708631021299
9927,1014,35.47954,-117.68212,0.5558887590415695
9928,1014,33.881,-118.176,0.956452408143342
9929,1014,34.3656,-117.36683,0.4048590465655455
9931,1014,35.36165,-118.92282,-2.026142217441709
9933,1014,33.818,-116.369,2.271785912240811
9934,1014,34.13688,-118.12601,2.463580999632013
9935,1014,37.63019,-118.83605,2.3847053703522225
9936,1014,34.005,-117.562,0.7915441509847159
9937,1014,34.28085,-118.9049,-0.3583193584337146
9938,1014,36.05799,-117.48901,-0.888828975156181
9939,1014,34.88848,-119.81362,-2.905858636086721
9940,1014,33.808,-116.968,2.5170695040503137
9941,1014,34.22362,-118.05832,0.5878980716712208
9942,1014,34.53412,-120.17737,-1.9197684741927608
9943,1014,34.22869,-118.55829,1.0168159332468976
9944,1014,33.94539,-117.92372,0.4532259132468167
9946,1014,34.6145,-118.7235,-2.0398059102670145
9947,1014,34.1484,-118.1711,-0.2195921748145068
9948,1014,34.44199,-118.58215,-1.122143981733711
9949,1014,33.96273,-118.43702,-0.4837748067668753
9950,1014,34.1207,-117.63808,0.7483764108436743
9951,1014,33.862,-117.205,0.069726383190777
9953,1014,35.40773,-120.54556,-1.0802108850321703
9954,1014,35.945,-120.542,-2.904617327034435
9955,1014,33.354,-116.863,1.0389978696271844
9956,1014,33.7953,-117.60906,0.9821615666047432
9957,1014,34.39558,-118.49837,-1.9837483223976
9958,1014,36.30523,-119.24384,-0.5579841418602917
9959,1014,33.63,-116.8478,1.3486886199678765
9960,1014,34.10473,-117.97956,0.7240975952687947
9961,1014,33.74346,-118.40412,1.0860611226000163
9962,1014,34.87533,-116.99684,0.9119430386286804
9963,1014,33.97327,-117.32674,1.5438504093702583
9964,1014,33.99351,-117.37545,-0.3577924115035795
9966,1014,33.70432,-117.88578,0.3126622982353824
9967,1014,36.76403,-121.44722,-2.5858422985825893
9969,1014,34.44076,-119.71492,-3.193652857984421
9971,1014,34.232,-117.235,0.920412971746972
9972,1014,32.915,-118.4879,-0.0429105918862121
9973,1014,33.99543,-119.6351,-1.2369463229901625
9974,1014,33.553,-117.662,0.2365948152361837
9976,1014,34.56547,-120.50137,-1.84810257026916
9978,1014,34.43692,-119.1375,-2.473362354707972
9979,1014,35.8996,-116.27515,2.202093472080368
9980,1014,34.293,-119.1646,-1.576034383512907
9981,1014,35.89095,-117.28332,1.248087108450002
9982,1014,33.834,-116.797,0.8999513269145859
9983,1014,35.3142,-119.99581,-3.076225664672529
9984,1014,34.01438,-118.45617,0.5036576752750398
9985,1014,34.27091,-118.74407,-0.5518752637785282
9986,1014,33.24787,-119.52437,-1.46455549664208
9987,1014,32.841,-117.248,1.279528964738718
9988,1014,34.05933,-118.64614,-0.8271934471699499
9989,1014,36.1355,-118.81099,0.6970721469371194
9990,1014,33.829,-117.789,0.207126081251235
9991,1014,34.30302,-119.18676,-1.309289720070566
9992,1014,33.664,-117.769,0.2082534580975827
9993,1014,34.106,-117.098,0.6358532261305166
9995,1014,34.52775,-119.97834,-2.251568877040546
9996,1014,34.38203,-117.67822,0.782399225582747
9998,1014,35.14592,-119.41946,-1.9038470336230369
10000,1014,37.05422,-118.23009,1.7907861905041893
10001,1014,34.15607,-118.82039,-2.586116228117316
10003,1014,34.01919,-118.28631,-0.491518517042564
10004,1014,34.48364,-118.11783,0.831370279129761
10005,1014,35.84089,-119.08469,-1.2237256728111872
10006,1014,34.56065,-117.3296,1.680802058618006
10010,1014,34.51085,-119.27407,-2.673874437724499
10011,1014,34.00948,-117.95077,1.2688528766425389
10012,1014,34.1717,-118.64971,-0.9513335420858696
10013,1014,33.94869,-118.25547,0.7427018153522966
10014,1014,34.674,-118.43,1.1058898396821064
10015,1014,34.749,-119.131,-1.1885865627768244
10016,1014,35.225,-118.565,1.3470384157074924
10017,1014,35.355,-119.054,-0.6811705054208278
10018,1014,34.6172,-118.285,1.7168481495782577
10019,1014,34.812,-118.945,-0.4554108987213696
10020,1014,35.06131,-119.02794,1.3287264802750485
10021,1015,34.55046,-117.43391,0.4169079776352452
10022,1015,33.63838,-116.4011,-0.6324005333083219
10023,1015,34.14647,-118.76699,-0.1993586702952827
10024,1015,34.68708,-118.29946,-1.3725681204483149
10025,1015,35.34444,-119.10445,0.0401854470793803
10026,1015,32.68005,-116.67215,1.4815065594510286
10027,1015,33.921,-116.981,0.0082773928015335
10028,1015,33.57508,-117.26119,-0.2151430469027765
10030,1015,34.23883,-117.65853,-0.142244712600094
10031,1015,34.069,-116.39,-0.3914512406188442
10032,1015,33.268,-116.417,0.6666964467726569
10034,1015,34.68224,-118.57398,0.6296979437751528
10035,1015,34.07618,-118.3959,-0.4079192276099629
10036,1015,33.4915,-116.667,-4.0403039033838
10037,1015,33.38822,-117.19495,0.1174948224256063
10038,1015,35.52495,-117.36453,0.1842434387334987
10040,1015,33.999,-117.68,-0.8867068206786375
10041,1015,33.4019,-118.41502,0.5720210764168457
10043,1015,34.093,-117.317,1.3587165137268895
10044,1015,34.0602,-117.809,-0.339600459373798
10045,1015,33.655,-115.99,0.8259689924402775
10046,1015,36.43988,-118.08016,0.5102420417376187
10048,1015,34.25353,-118.33383,-1.1248057301209375
10049,1015,33.65,-117.009,0.4440754692246214
10050,1015,34.10618,-118.45505,0.6180513999098229
10051,1015,33.84822,-118.09624,-0.0206588769557928
10052,1015,33.567,-116.631,1.083541472097613
10053,1015,32.999,-116.942,1.0982427311224254
10056,1015,34.88303,-117.99106,0.789061384135319
10058,1015,33.11675,-115.82267,1.4082817187459218
10059,1015,34.72832,-119.98803,-0.7003625033347822
10060,1015,34.397,-118.918,0.8912009794309066
10061,1015,33.71264,-118.29381,-1.1880424783793304
10062,1015,33.8717,-117.92251,-1.0055099309562805
10063,1015,36.46719,-116.86322,0.5033073799384693
10065,1015,33.1537,-117.22921,-0.5008916481908073
10067,1015,34.13677,-118.1283,-0.4482814578677841
10068,1015,35.30177,-116.80574,-0.1672223625798517
10069,1015,34.8294,-116.335,0.9091467660601188
10070,1015,34.17643,-118.35967,-0.8320812785819811
10071,1015,35.66278,-118.47403,-1.4230915529966126
10072,1015,33.0859,-116.5959,-0.071211539406619
10073,1015,35.9823,-117.8076,0.6494650088712683
10074,1015,34.36622,-116.61266,0.0873316645183621
10075,1015,34.15037,-118.10156,-0.375202876652472
10076,1015,33.7141,-116.7119,-0.8870880960450056
10077,1015,33.86889,-118.33143,0.4824761434493696
10078,1015,33.943,-118.411,-0.235503128064194
10079,1015,34.00033,-118.37794,-0.4518739785216938
10080,1015,34.73551,-120.27996,1.0277464981826687
10082,1015,34.9906,-118.34156,0.5418737518668902
10083,1015,34.61462,-118.29104,-0.2368170936207717
10084,1015,34.30529,-118.48805,-0.0900836715230922
10085,1015,33.9753,-118.14918,-1.5965119785786366
10086,1015,34.10819,-119.06587,1.91932097602612
10087,1015,34.61594,-117.82493,0.1937454372806683
10088,1015,33.684,-117.943,0.0510377915052328
10089,1015,35.47954,-117.68212,-0.0019027531459287
10090,1015,33.881,-118.176,-0.3236638045984209
10091,1015,34.3656,-117.36683,0.039829873074796
10092,1015,33.3516,-116.5615,0.6491043577928679
10093,1015,35.36165,-118.92282,-0.3330337308625519
10095,1015,33.818,-116.369,0.8299500204032838
10096,1015,34.13688,-118.12601,-0.2075980670520023
10098,1015,34.005,-117.562,-0.3803208889756664
10099,1015,34.28085,-118.9049,2.107806222899377
10100,1015,36.05799,-117.48901,-1.6551790965148674
10101,1015,33.808,-116.968,0.946089169309
10102,1015,34.22362,-118.05832,0.1117833717772507
10103,1015,34.22869,-118.55829,0.1070812931548555
10104,1015,34.3968,-119.299,-0.5476808558676179
10105,1015,33.94539,-117.92372,-0.4825305378382278
10106,1015,34.6145,-118.7235,-2.8084949211142014
10107,1015,34.1484,-118.1711,-1.7564740240236152
10108,1015,34.44199,-118.58215,-0.3966085867536705
10109,1015,33.96273,-118.43702,-0.1804916545917677
10110,1015,34.1207,-117.63808,-1.0394443099077226
10111,1015,35.40773,-120.54556,0.928536097792764
10112,1015,33.82436,-116.51195,0.3869238983512303
10113,1015,33.354,-116.863,-0.8272137573488196
10114,1015,33.7953,-117.60906,-0.2893001120614005
10115,1015,34.39558,-118.49837,-1.054329996578091
10116,1015,36.30523,-119.24384,0.7716740819683956
10117,1015,33.63,-116.8478,0.6498014153705582
10118,1015,34.281,-118.478,0.7447754502621161
10119,1015,33.74346,-118.40412,0.6349339346410607
10120,1015,34.87533,-116.99684,0.6401697104567621
10121,1015,33.97327,-117.32674,0.1389093632600385
10122,1015,34.05073,-118.08085,-0.8983935120900454
10123,1015,33.99351,-117.37545,-0.0044982167334825
10124,1015,33.2801,-115.98585,1.0062613227260957
10125,1015,33.70432,-117.88578,-0.8709536362484056
10126,1015,34.44076,-119.71492,-0.1894182695589004
10128,1015,34.43692,-119.1375,-0.8116056149405796
10129,1015,35.8996,-116.27515,2.28341154659698
10130,1015,34.293,-119.1646,-0.6760552961793729
10131,1015,35.89095,-117.28332,0.3327750890018168
10132,1015,35.3142,-119.99581,0.0617584652087811
10133,1015,34.01438,-118.45617,0.4868364864571468
10134,1015,34.27091,-118.74407,1.220514677980235
10135,1015,33.24787,-119.52437,0.996671114368395
10136,1015,34.05933,-118.64614,-0.8093302227598917
10137,1015,36.1355,-118.81099,-0.3760714523909256
10138,1015,33.829,-117.789,-0.8592852812902784
10139,1015,34.30302,-119.18676,1.507313674658022
10140,1015,33.664,-117.769,-0.8652078101591599
10141,1015,33.79033,-118.19878,0.3152817052066991
10142,1015,34.106,-117.098,0.5565443836375202
10144,1015,34.52775,-119.97834,0.497784610338929
10145,1015,34.38203,-117.67822,-0.3071927137533464
10146,1015,34.08377,-118.599,0.4683407948908193
10148,1015,33.63495,-116.16402,0.982101181627804
10149,1015,34.15607,-118.82039,-0.233265670179665
10150,1015,34.01919,-118.28631,-1.7829993532635018
10151,1015,34.48364,-118.11783,-0.2695166494727752
10152,1015,35.84089,-119.08469,-0.2505395357790815
10153,1015,34.56065,-117.3296,0.6962656059789125
10154,1015,35.53664,-118.14035,0.3556943444933688
10155,1015,35.06053,-119.02711,-0.3608491361756432
10157,1015,34.00948,-117.95077,-0.4740280816212015
10159,1015,34.1717,-118.64971,0.1216407315167858
10160,1015,33.94869,-118.25547,-0.4491982381021811
10161,1016,34.55046,-117.43391,0.1774379105153888
10162,1016,33.63838,-116.4011,-0.3741995938057793
10163,1016,34.68708,-118.29946,-0.8430283826094056
10164,1016,35.34444,-119.10445,-1.822198575333132
10166,1016,34.2623,-116.92075,-0.1582305153857836
10167,1016,33.921,-116.981,0.7511701076555887
10169,1016,33.57508,-117.26119,0.1535393001407704
10172,1016,34.23883,-117.65853,-0.8528882492310289
10174,1016,34.069,-116.39,-0.211138666472634
10176,1016,33.80776,-117.98116,0.0570073703611722
10177,1016,34.68224,-118.57398,0.8717376721748493
10178,1016,33.4915,-116.667,-2.5353957134824303
10179,1016,33.38822,-117.19495,-0.4351207045896674
10180,1016,35.52495,-117.36453,-1.6270546775269006
10181,1016,36.5504,-117.80295,0.4577326031261305
10183,1016,33.4019,-118.41502,-0.2334679264544154
10185,1016,34.093,-117.317,0.822305781767916
10189,1016,36.43988,-118.08016,2.073327549299405
10191,1016,34.25353,-118.33383,-1.0301125759068883
10192,1016,33.93597,-116.57794,-0.0808689215074007
10193,1016,33.65,-117.009,0.3235192730880349
10194,1016,34.10618,-118.45505,-0.5270636073305687
10195,1016,33.84822,-118.09624,1.6564823609349333
10196,1016,33.567,-116.631,1.5571569297756127
10201,1016,34.88303,-117.99106,-1.3722820978020471
10204,1016,34.72832,-119.98803,-0.339172273481446
10205,1016,34.397,-118.918,-0.2784535065959683
10206,1016,33.71264,-118.29381,0.1266697410756559
10208,1016,33.1537,-117.22921,-0.181552267121508
10209,1016,36.99608,-117.36621,-0.0298632544388321
10210,1016,35.30177,-116.80574,-1.3429119428629948
10211,1016,34.8294,-116.335,0.4002120682824273
10213,1016,35.66278,-118.47403,-1.3632416261960958
10214,1016,34.31076,-118.49675,0.3729242990658042
10216,1016,35.98249,-117.80885,-0.0621582354579711
10218,1016,34.36622,-116.61266,0.5067745191788791
10219,1016,33.86889,-118.33143,1.1923845279299008
10220,1016,34.00033,-118.37794,-0.2479521182893717
10221,1016,34.73551,-120.27996,1.9435795163094567
10223,1016,34.9906,-118.34156,-1.796609652438622
10224,1016,34.61462,-118.29104,1.014843096554001
10225,1016,34.30529,-118.48805,0.0469871837667956
10226,1016,33.9753,-118.14918,0.0503976748309504
10227,1016,34.10819,-119.06587,-0.294826704475731
10228,1016,34.80762,-118.86775,-1.715526451258797
10229,1016,34.61594,-117.82493,1.1095251565341948
10230,1016,33.684,-117.943,0.4609235611581359
10231,1016,34.93439,-117.69629,-1.280277833579427
10232,1016,35.47954,-117.68212,-1.368947639293422
10233,1016,34.5214,-117.991,-0.2188185019760512
10234,1016,33.881,-118.176,1.156272832384908
10235,1016,34.3656,-117.36683,-0.5904513659533674
10236,1016,35.36165,-118.92282,-2.8564343782787827
10238,1016,33.818,-116.369,1.264988000348629
10240,1016,34.13688,-118.12601,1.9261248529154984
10241,1016,37.63019,-118.83605,3.263694420689572
10242,1016,34.005,-117.562,0.962914514644822
10243,1016,34.28085,-118.9049,0.2646208015207619
10244,1016,36.05799,-117.48901,-2.245178013229775
10245,1016,34.88848,-119.81362,0.7277066927841089
10246,1016,33.808,-116.968,1.6691335572135724
10248,1016,34.22362,-118.05832,0.1868485666815878
10249,1016,34.53412,-120.17737,1.462036457985783
10250,1016,34.22869,-118.55829,0.9707668054541744
10251,1016,34.3968,-119.299,0.2644664262066253
10252,1016,33.94539,-117.92372,-0.0043886946794823
10254,1016,34.6145,-118.7235,-2.047152684696191
10255,1016,34.1484,-118.1711,-1.2080886818269156
10256,1016,34.44199,-118.58215,-1.324783870127893
10258,1016,33.96273,-118.43702,-0.0348123515593479
10259,1016,34.1207,-117.63808,-0.3646710622660564
10260,1016,35.40773,-120.54556,2.0933554422376166
10261,1016,35.945,-120.542,-0.6490145156359713
10262,1016,33.354,-116.863,-0.5318851833534849
10263,1016,33.7953,-117.60906,-0.4297708109467493
10265,1016,36.30523,-119.24384,0.2390639737552811
10266,1016,34.281,-118.478,-0.1745897449160531
10267,1016,34.10473,-117.97956,-0.2538834767304035
10268,1016,33.74346,-118.40412,1.4421214538528868
10269,1016,34.87533,-116.99684,-0.9178247530709795
10270,1016,34.05073,-118.08085,-0.3002546023895238
10271,1016,33.99351,-117.37545,-0.3721170600507812
10273,1016,36.76403,-121.44722,-0.4021336462394418
10274,1016,34.44076,-119.71492,0.1537113632777955
10276,1016,34.232,-117.235,-0.2510574471724353
10277,1016,33.99543,-119.6351,1.4562415686031993
10278,1016,33.553,-117.662,-0.2434265423970399
10279,1016,34.56547,-120.50137,1.6997493743955845
10281,1016,34.43692,-119.1375,-0.435011649319216
10282,1016,35.8996,-116.27515,0.1687481016787059
10283,1016,34.293,-119.1646,-0.79410538575461
10284,1016,35.89095,-117.28332,-1.1975021671877355
10285,1016,33.834,-116.797,-0.016784090947416
10286,1016,35.3142,-119.99581,0.4850045678829504
10287,1016,34.01438,-118.45617,0.6401936561194069
10288,1016,33.24787,-119.52437,-0.1056664164153385
10289,1016,34.05933,-118.64614,-0.7227675304651343
10290,1016,36.1355,-118.81099,1.2289271505445296
10291,1016,34.30302,-119.18676,0.6730973396023289
10292,1016,33.664,-117.769,-0.1964576071422805
10293,1016,33.79033,-118.19878,0.717082254127334
10294,1016,34.106,-117.098,0.3472999699730034
10296,1016,34.52775,-119.97834,1.24079319646631
10297,1016,34.38203,-117.67822,-0.2880132496243277
10298,1016,34.08377,-118.599,-0.5798135580438182
10300,1016,35.14592,-119.41946,1.685183355424783
10302,1016,37.05422,-118.23009,1.70603454477323
10303,1016,34.15607,-118.82039,-1.7605088278500105
10305,1016,34.01919,-118.28631,-0.9663669557303708
10306,1016,34.48364,-118.11783,-0.1806136627844198
10307,1016,35.84089,-119.08469,-0.7338755833939539
10308,1016,34.56065,-117.3296,0.3276955726142208
10309,1016,35.53664,-118.14035,-1.1911905200010209
10311,1016,35.06053,-119.02711,-2.4176992965100195
10313,1016,34.51085,-119.27407,-0.2067297084811679
10314,1016,34.00948,-117.95077,0.5084066943259593
10315,1016,34.1717,-118.64971,0.0414286976636934
10316,1016,33.94869,-118.25547,0.3885971253801576
10386,1018,34.077,-118.286,-0.0083344129596357
10387,1018,34.084,-118.6,-0.8112592653104301
10388,1018,34.07618,-118.3959,0.508212014105277
10389,1018,34.04905,-116.94032,-4.473782582607879
10390,1018,33.63461,-116.09534,-2.471588638991531
10391,1018,34.55046,-117.43391,-0.090800228028752
10392,1018,34.68708,-118.29946,-1.0577684288202234
10393,1018,35.1269,-118.83009,-1.0981764092883115
10394,1018,32.68005,-116.67215,1.3813766975055866
10395,1018,34.2623,-116.92075,-0.972748388570841
10396,1018,33.921,-116.981,-1.2021779381827242
10398,1018,34.94009,-119.41313,-0.3674347596953917
10400,1018,34.23883,-117.65853,0.2969176786966964
10402,1018,33.268,-116.417,1.5244656580865503
10403,1018,33.80776,-117.98116,-1.0077233324756174
10404,1018,34.68224,-118.57398,0.5794437835862865
10405,1018,34.13678,-118.12199,-0.7552269634540726
10406,1018,35.30819,-119.84583,-0.8519141124117137
10407,1018,35.52495,-117.36453,-0.0941178626138318
10408,1018,36.5504,-117.80295,0.2704290632590788
10410,1018,33.999,-117.68,-2.1643093113160594
10411,1018,33.4019,-118.41502,0.4659906662465203
10413,1018,34.093,-117.317,0.529318042551834
10415,1018,32.8889,-117.1051,1.5311025192683274
10416,1018,33.876,-117.561,1.1074787939453108
10417,1018,33.655,-115.99,0.4822907752130782
10418,1018,34.63745,-115.38115,0.0403598319419488
10419,1018,34.25353,-118.33383,0.2518130463658053
10420,1018,33.65,-117.009,1.683786537068432
10421,1018,34.10618,-118.45505,-0.7345080549834211
10422,1018,33.84822,-118.09624,-0.4464557291451206
10423,1018,33.567,-116.631,0.7099197022686105
10424,1018,32.999,-116.942,1.2451345346582978
10426,1018,32.65915,-116.10061,-0.296793273954414
10429,1018,33.11675,-115.82267,0.9396209485120808
10430,1018,34.72832,-119.98803,-1.6373344837738857
10431,1018,33.71264,-118.29381,-1.872674941012446
10432,1018,34.1,-117.439,-0.1259011696458792
10433,1018,33.8717,-117.92251,-1.4695004311541675
10434,1018,36.46719,-116.86322,-0.0017465888162816
10435,1018,33.051,-114.827,-0.0640981055977879
10437,1018,33.1537,-117.22921,0.1554472335382437
10439,1018,34.13677,-118.1283,-0.2081374599723387
10440,1018,35.30177,-116.80574,-1.4325620580293192
10441,1018,34.8294,-116.335,-1.6200906509597135
10442,1018,34.17643,-118.35967,-0.4675925600837058
10443,1018,34.121,-117.219,-1.0665878558919788
10444,1018,33.0262,-116.9596,-6.571532591903438
10446,1018,35.66278,-118.47403,-1.803928905620596
10447,1018,33.081,-116.598,0.9668414560837408
10448,1018,35.98249,-117.80885,-0.3143095244979528
10449,1018,34.36622,-116.61266,0.0719878452948471
10450,1018,34.15037,-118.10156,-0.71424071114167
10451,1018,33.597,-117.879,-1.8948369190286392
10452,1018,33.86889,-118.33143,-0.3228086684228364
10453,1018,33.798,-118.08837,0.3781956708351662
10454,1018,34.00033,-118.37794,-0.7598116781378466
10455,1018,34.73551,-120.27996,0.3149794363913412
10456,1018,35.13066,-115.18416,0.0127126817221895
10457,1018,34.9906,-118.34156,-0.5725918755141907
10458,1018,34.61462,-118.29104,-0.5401874921003217
10459,1018,34.30529,-118.48805,0.5163221460373774
10460,1018,33.9753,-118.14918,-0.737100443398895
10461,1018,34.10819,-119.06587,-0.4867263816309331
10462,1018,34.80762,-118.86775,0.6283520448783382
10463,1018,33.684,-117.943,-0.2881519397350431
10464,1018,34.93439,-117.69629,-0.1489356087700045
10465,1018,35.47954,-117.68212,-0.2952901829034949
10466,1018,33.881,-118.176,0.4968431859275791
10467,1018,34.3656,-117.36683,-0.6256876467819119
10469,1018,33.818,-116.369,0.3822688908348263
10470,1018,34.13688,-118.12601,0.2054578416268456
10472,1018,34.005,-117.562,-0.6402456143650419
10473,1018,32.892,-116.4223,-0.7038465570997618
10474,1018,34.28085,-118.9049,-0.2481680940544167
10475,1018,34.81258,-119.1453,-0.6300760923171782
10476,1018,36.05799,-117.48901,-1.0999449019248422
10477,1018,34.88848,-119.81362,-0.4484405404012565
10478,1018,33.808,-116.968,0.812978304522081
10480,1018,33.6,-117.195,1.2809577162059549
10481,1018,34.22362,-118.05832,0.3613913988670928
10482,1018,34.78035,-116.55798,-0.8262317715282964
10483,1018,34.76759,-114.61881,0.8372195769525975
10484,1018,34.53412,-120.17737,0.0266840366148974
10485,1018,34.22869,-118.55829,0.1199933301083837
10486,1018,33.556,-115.946,0.4698527592745547
10487,1018,33.788,-117.844,-0.5424719266836767
10488,1018,33.94539,-117.92372,-1.2569987829158826
10489,1018,32.608,-116.93,1.1511067268725106
10490,1018,34.6145,-118.7235,-1.222392058682859
10491,1018,34.44199,-118.58215,-0.616450057573032
10493,1018,33.96273,-118.43702,-0.323877890210072
10494,1018,34.1207,-117.63808,-0.6384039318695327
10495,1018,33.862,-117.205,-0.2212585614826083
10498,1018,33.354,-116.863,-0.0143583096519783
10499,1018,33.7953,-117.60906,-2.132292037489272
10501,1018,33.824,-116.55,1.0656524006485668
10502,1018,34.09181,-117.80709,-1.0330255558679466
10503,1018,34.39558,-118.49837,-1.7203644706985906
10504,1018,33.63,-116.8478,0.97377214604329
10505,1018,34.281,-118.478,1.0549588964279526
10506,1018,34.10473,-117.97956,-1.0052336784179314
10507,1018,33.74346,-118.40412,-0.5077269335932046
10508,1018,34.87533,-116.99684,-0.7520890289014193
10509,1018,33.973,-117.327,1.2965627592962574
10510,1018,33.97327,-117.32674,0.5353387103340496
10511,1018,34.05073,-118.08085,-0.299940872653705
10512,1018,33.99351,-117.37545,1.0212514692495744
10513,1018,33.183,-115.623,-1.812999080145211
10514,1018,33.2801,-115.98585,0.3711359145805448
10515,1018,33.70432,-117.88578,-1.239441504317365
10517,1018,34.44076,-119.71492,-0.4660724180610897
10519,1018,34.232,-117.235,-1.3305914935367342
10520,1018,32.915,-118.4879,-0.7058430691222367
10521,1018,33.99543,-119.6351,0.414056737333448
10522,1018,33.553,-117.662,-2.021705881579328
10524,1018,34.43692,-119.1375,-1.3035325740165735
10525,1018,35.8996,-116.27515,0.2119961082016911
10526,1018,35.89095,-117.28332,0.8789638245977078
10527,1018,33.834,-116.797,2.16340032092932
10528,1018,35.3142,-119.99581,-0.4633481496825382
10530,1018,34.01438,-118.45617,-0.021970318799691
10531,1018,34.27091,-118.74407,-0.9842905818512204
10533,1018,34.035,-116.808,-2.717489361939265
10534,1018,34.05933,-118.64614,-1.3673254127844692
10536,1018,33.829,-117.789,-1.4106731260457386
10537,1018,34.30302,-119.18676,0.6428732519813947
10538,1018,33.664,-117.769,-1.715273310490277
10539,1018,33.79033,-118.19878,-0.5889585103409966
10540,1018,34.106,-117.098,0.6461166205254465
10541,1018,32.94508,-115.79988,-0.1392374975111923
10542,1018,34.52775,-119.97834,-0.1254027971786118
10543,1018,34.38203,-117.67822,-0.0824955406223125
10548,1018,34.01919,-118.28631,-1.129594334581005
10549,1018,35.84089,-119.08469,-0.4675339443984938
10550,1018,34.56065,-117.3296,1.140930857755707
10551,1018,35.53664,-118.14035,-0.1020329072383034
10552,1018,34.51085,-119.27407,-1.8619678149658407
10553,1018,34.00948,-117.95077,0.2419220842614352
10555,1018,34.1717,-118.64971,1.6971359466284992
10556,1018,33.94869,-118.25547,0.131215019538656
10557,1018,33.482,-116.911,1.5948633712566216
10558,1018,33.787,-116.959,0.6913799478945807
10559,1018,33.747,-116.715,1.990462500299757
10560,1018,33.729,-116.979,1.5694172401906403
10561,1018,33.706,-116.235,1.6606190903807008
10562,1018,33.744,-116.931,0.4884336523221711
10563,1018,33.671,-116.3,3.4176062131773333
10564,1018,33.787,-116.41,1.5967839077350316
10565,1018,33.723,-116.338,1.879901115880917
10566,1018,33.863,-117.742,0.119227433765058
10567,1018,33.768,-117.85,-0.6512874186337274
10568,1018,33.917,-117.443,0.5834841082543363
10569,1018,33.968,-117.252,-0.3398304984615233
10570,1018,33.751,-117.015,0.9485447019947466
10571,1018,33.577,-117.131,1.1815902000079874
10572,1018,33.699,-117.267,2.879500289755984
10573,1018,33.604,-117.279,-0.0943930482959762
10574,1018,33.884,-117.514,-0.1264247775791208
10575,1018,33.876,-117.593,-0.1225912893749364
10576,1018,33.951,-117.446,1.5422041452978763
10577,1018,33.496,-117.149,0.5167776064378774
10578,1018,33.854,-117.817,0.42837411164225
10579,1018,33.777,-117.834,-0.5186457397816338
10580,1018,33.927,-117.803,-0.671193557243865
10581,1018,33.919,-117.488,1.7500324284437898
10582,1018,33.951,-117.388,1.089562214062689
10583,1018,33.979,-117.344,0.2397425490425158
10584,1018,33.895,-117.32,0.8283450210341793
10585,1018,33.904,-117.561,0.1164986870989096
10586,1018,33.975,-117.486,0.9628641680371954
10587,1018,33.669,-117.332,1.2766593083822944
10588,1018,33.748,-117.127,1.0571485813194104
10589,1018,33.902,-117.234,-0.3913418181358272
10590,1018,33.921,-117.173,1.2043361852930503
10591,1018,33.787,-117.23,1.382834019565544
10592,1018,33.649,-117.205,1.5589229154493625
10593,1018,33.715,-117.191,1.221800434288458
10594,1018,33.723,-118.026,0.9269159020615536
10595,1018,33.99,-118.312,0.6323702940408487
10596,1018,33.962,-118.065,0.2493103073927121
10597,1018,33.898,-118.209,1.2527983018263849
10598,1018,33.876,-118.24,0.7860330081408671
10599,1018,33.931,-118.214,1.38426224636827
10600,1018,33.92,-118.24,1.8364714225808536
10601,1018,33.976,-118.208,0.6959828400653095
10602,1018,33.883,-118.117,0.2905004283203157
10603,1018,34.241,-116.872,0.772594750497289
10604,1018,34.125,-117.777,-0.4964238938820742
10605,1018,34.065,-117.893,0.3800603716514186
10606,1018,34.253,-117.174,-0.368227516024608
10607,1018,34.046,-117.035,-0.8936398639537796
10608,1018,34.057,-117.698,-0.5411403921211109
10609,1018,34.033,-117.312,1.5584267424127936
10610,1018,34.112,-117.681,0.118976823546333
10611,1018,34.134,-117.598,-0.9354592676246944
10612,1018,34.014,-117.511,1.105011033494364
10613,1018,34.104,-117.574,-0.3802485963758966
10614,1018,34.247,-117.301,0.1680342573385978
10615,1018,34.215,-117.121,-0.5263857628289959
10616,1018,34.522,-117.214,0.2383498177692123
10617,1018,34.472,-117.207,-1.2189905995899266
10618,1018,34.125,-117.454,-0.1681003124475224
10619,1018,34.123,-117.54,0.4582970865043358
10620,1018,34.026,-117.155,-0.8204636184607688
10621,1018,34.074,-117.183,-0.7495606027235839
10622,1018,34.002,-117.814,-0.8359963063175407
10623,1018,34.425,-117.544,0.0173707398013411
10624,1018,34.056,-117.748,0.1889196330253762
10625,1018,34.405,-117.313,-0.349197941000297
10626,1018,34.096,-117.287,0.746960991111238
10627,1018,34.0,-117.934,-0.6797882972218852
10628,1018,34.076,-117.671,0.2818496857023679
10629,1018,34.077,-117.621,-0.5617415560954717
10630,1018,34.135,-117.322,-0.585312447613049
10631,1018,34.069,-117.398,0.9874448195646608
10632,1018,34.1,-117.434,-0.1588881596055785
10633,1018,34.004,-117.058,-0.8406928601175228
10634,1018,34.021,-117.866,0.7500329248193393
10635,1018,34.121,-117.738,0.4537527074582808
10636,1018,34.096,-117.745,-0.1229339448156729
10637,1018,34.439,-117.647,0.5267625752807636
10638,1018,34.207,-118.233,1.1361746104526869
10639,1018,34.139,-118.364,0.7866364656707745
10640,1018,34.163,-118.255,0.9034881474535345
10641,1018,34.173,-118.229,1.265944347530111
10642,1018,34.041,-118.248,1.1330163380853602
10643,1018,34.051,-118.384,1.0250515475832929
10644,1018,33.81663,-116.3945,1.695055773575844
10645,1018,34.04856,-116.57816,-0.2226107961455243
10646,1018,34.079,-117.045,-1.0919091969962245
10647,1018,34.136,-117.213,0.8104852011222586
10648,1018,34.10922,-117.78362,1.1328309321912209
10649,1018,34.051,-117.25,-1.7947772291608814
10650,1018,34.235,-117.407,-0.7554980657476559
10651,1018,33.572,-116.076,1.219330626903722
10652,1018,33.82177,-116.96836,-1.179237802844389
10653,1018,34.10521,-117.28264,0.6886624621875699
10654,1018,34.047,-117.277,-0.9187098201781658
10656,1018,34.058,-117.305,-1.1841813606791818
10657,1018,34.12288,-117.28792,0.1316468170374383
10659,1018,34.0869,-117.3114,-0.1622419095475652
10660,1018,34.312,-118.496,0.8855427253177215
10661,1018,33.852,-117.451,2.409354538656783
10662,1018,33.58282,-117.07169,1.5778778831228693
10663,1019,34.5214,-117.991,0.1401533888769151
10664,1019,33.943,-118.411,-0.6199496459461559
10665,1019,34.07618,-118.3959,-0.3211079737485554
10666,1019,34.14647,-118.76699,-0.9870808681005112
10667,1019,34.68708,-118.29946,-0.630399262056014
10668,1019,35.1269,-118.83009,-0.0094974251197981
10669,1019,32.68005,-116.67215,0.5829165367776252
10670,1019,34.2623,-116.92075,0.2996362170925963
10671,1019,33.921,-116.981,-0.0487480372817217
10675,1019,34.23883,-117.65853,-0.9523453354256648
10677,1019,34.069,-116.39,-0.6391804636726526
10679,1019,33.268,-116.417,-0.7960792277406638
10680,1019,33.80776,-117.98116,-1.2785751955334452
10682,1019,34.68224,-118.57398,0.2779492046814173
10683,1019,33.4915,-116.667,-4.186956852137597
10684,1019,34.13678,-118.12199,-1.5971705058331953
10685,1019,33.38822,-117.19495,0.1293044320302496
10686,1019,35.30819,-119.84583,-0.0758369670755808
10687,1019,35.52495,-117.36453,0.6076993272219575
10688,1019,36.5504,-117.80295,0.4596956768809113
10690,1019,33.999,-117.68,-1.0777327314987284
10691,1019,33.4019,-118.41502,0.8414355685323157
10693,1019,34.093,-117.317,0.4559848471031461
10695,1019,33.655,-115.99,0.8303589823993023
10697,1019,36.43988,-118.08016,0.5663402933244072
10698,1019,34.63745,-115.38115,1.561453952993102
10699,1019,34.25353,-118.33383,-1.2418127850181482
10700,1019,33.93597,-116.57794,-0.4216367698823517
10701,1019,33.65,-117.009,0.3255096973153613
10702,1019,34.10618,-118.45505,-0.0354855822553967
10703,1019,33.84822,-118.09624,-0.7027034080512198
10704,1019,33.567,-116.631,0.5893907968185419
10705,1019,32.999,-116.942,0.2559261461275307
10708,1019,32.65915,-116.10061,1.426720957962816
10711,1019,33.11675,-115.82267,0.6608808203533323
10712,1019,34.72832,-119.98803,-0.8812273016683511
10713,1019,33.71264,-118.29381,-1.4962828173324938
10714,1019,33.8717,-117.92251,-1.323920262322883
10717,1019,33.1537,-117.22921,-0.559197866685606
10718,1019,34.13677,-118.1283,-1.0017591313143128
10719,1019,35.30177,-116.80574,0.210064060379502
10720,1019,34.8294,-116.335,0.8282633623521738
10721,1019,34.17643,-118.35967,-0.8458724616364935
10723,1019,35.66278,-118.47403,-1.8230835915252128
10724,1019,33.0859,-116.5959,-0.1551003416214567
10725,1019,35.98249,-117.80885,0.4829464317903074
10727,1019,34.36622,-116.61266,0.4362589126463495
10728,1019,34.15037,-118.10156,-0.9622292195820904
10729,1019,33.86889,-118.33143,-0.4570402351086818
10730,1019,34.00033,-118.37794,-0.1756944499311205
10731,1019,34.73551,-120.27996,0.3586837384559221
10733,1019,34.9906,-118.34156,-0.1709557801122429
10734,1019,34.61462,-118.29104,-0.476586312470094
10735,1019,34.30529,-118.48805,0.1208997135325255
10736,1019,33.9753,-118.14918,-1.9706290790422143
10737,1019,34.10819,-119.06587,0.868534830775083
10738,1019,34.80762,-118.86775,-0.0147606564532103
10739,1019,33.684,-117.943,-0.6686076005527094
10740,1019,34.93439,-117.69629,-0.8427209947341858
10741,1019,35.47954,-117.68212,-0.1555141532418004
10742,1019,33.881,-118.176,-1.0504187062834058
10743,1019,34.3656,-117.36683,-0.8495750508158108
10745,1019,33.818,-116.369,0.3875853715512365
10747,1019,34.13688,-118.12601,-0.3380203761739654
10750,1019,34.28085,-118.9049,0.9605870781451588
10751,1019,34.81258,-119.1453,0.2919385919839481
10752,1019,36.05799,-117.48901,-1.0942105420402195
10753,1019,34.88848,-119.81362,-0.3621957379677872
10754,1019,33.808,-116.968,0.7159707839439156
10756,1019,33.6,-117.195,1.0994274109646558
10757,1019,34.22362,-118.05832,0.0361451625188187
10758,1019,34.78035,-116.55798,0.5526489193468237
10760,1019,34.53412,-120.17737,0.7177974103257099
10761,1019,34.22869,-118.55829,0.2809558923540558
10762,1019,33.94539,-117.92372,-0.8060782091992977
10764,1019,34.6145,-118.7235,-2.2610365056827977
10765,1019,34.17141,-118.18523,-4.567896213441407
10766,1019,34.44199,-118.58215,0.3973061185932158
10768,1019,33.96273,-118.43702,-0.3366754261529976
10769,1019,34.1207,-117.63808,-1.1372781469402078
10770,1019,33.862,-117.205,-0.4524717381779241
10772,1019,35.40773,-120.54556,0.7305554870555727
10773,1019,35.945,-120.542,-0.867515253726809
10774,1019,33.354,-116.863,-1.1829621669775543
10775,1019,33.7953,-117.60906,-0.6423799272360632
10777,1019,33.824,-116.55,-0.9419550403437964
10778,1019,34.09181,-117.80709,-1.6061848387139448
10779,1019,34.39558,-118.49837,-0.925833036243886
10780,1019,36.30523,-119.24384,1.8970511930473275
10781,1019,33.63,-116.8478,-0.6574698146823489
10782,1019,34.281,-118.478,1.4059812873644597
10783,1019,34.10473,-117.97956,-1.8442120627483416
10784,1019,33.74346,-118.40412,0.1797947899640749
10785,1019,34.87533,-116.99684,0.0827951321971504
10786,1019,33.97327,-117.32674,-0.240884898126744
10787,1019,34.05073,-118.08085,-1.4792798953549908
10788,1019,33.99351,-117.37545,-0.3163984067624406
10790,1019,33.2801,-115.98585,0.7914348267122359
10793,1019,34.44076,-119.71492,-0.6586307597640149
10795,1019,34.232,-117.235,-0.7884548605142294
10796,1019,32.915,-118.4879,1.334022157451491
10797,1019,33.99543,-119.6351,0.742885354443704
10798,1019,32.784,-117.13805,-0.6749126509747019
10800,1019,34.43692,-119.1375,-0.1838327479147514
10803,1019,35.8996,-116.27515,1.813870243476617
10804,1019,34.293,-119.1646,-0.6978746675014047
10805,1019,33.834,-116.797,0.0341882500825321
10806,1019,35.3142,-119.99581,-0.3621558490121471
10807,1019,34.01438,-118.45617,1.4769763042852972
10808,1019,34.27091,-118.74407,0.9107106851612496
10809,1019,34.05933,-118.64614,-1.048320167743355
10811,1019,33.829,-117.789,-1.145471715175732
10812,1019,34.30302,-119.18676,0.701178241545446
10813,1019,33.664,-117.769,-1.3980707202525295
10814,1019,33.79033,-118.19878,-0.6823618703884874
10815,1019,34.106,-117.098,0.2054662471626902
10817,1019,34.52775,-119.97834,0.0525002593810844
10818,1019,34.38203,-117.67822,-0.7367810483565497
10820,1019,35.14592,-119.41946,0.6427445996714845
10824,1019,34.01919,-118.28631,-1.6108326359132767
10825,1019,34.48364,-118.11783,-0.6207698932688865
10826,1019,35.84089,-119.08469,-0.6066893410694445
10827,1019,34.56065,-117.3296,0.0969970082177992
10828,1019,35.53664,-118.14035,0.8491933189494981
10831,1019,34.51085,-119.27407,-0.738135624975859
10832,1019,34.00948,-117.95077,0.3741549925480009
10833,1019,34.1717,-118.64971,0.921355275166549
10834,1019,33.94869,-118.25547,-1.0998699441768192
10835,1019,33.99,-118.312,0.2577911427894054
10836,1019,34.312,-118.496,-0.3886665222726004
10837,1019,34.313,-118.498,-0.7301318125910579
10838,1019,34.3082,-118.5005,0.2874440165443397
10839,1019,34.148,-118.371,0.2526442564712342
10840,1019,34.194,-118.589,-0.5389320878303253
10841,1019,34.045,-118.522,-0.3888211135369907
10842,1019,34.196,-118.341,0.3407257931444599
10843,1019,34.004,-118.287,0.2535571507895302
10844,1019,34.029,-118.483,2.214029458774143
10845,1019,34.25,-118.536,1.7168316827314547
10846,1019,34.434,-118.532,-0.965922333368662
10847,1019,34.236,-118.439,-0.3717029257591979
10848,1019,34.296,-118.375,-0.2563736815281672
10849,1019,34.289,-118.746,2.2772838690506987
10850,1019,34.459,-118.65,0.6815158760579622
10851,1019,34.387,-118.533,1.417878530913529
10852,1019,34.013,-118.8,0.1423444214737836
10854,1019,34.154,-118.463,1.7907921566705711
10855,1019,34.327,-118.444,-0.4775653060658159
10856,1019,34.219,-118.429,0.2467143171948985
10857,1019,34.273,-118.464,-0.2786061167824836
10858,1019,34.146,-118.413,1.446971747220412
10859,1019,34.163,-118.5,-0.3088667896032767
10860,1019,34.219,-118.627,1.3414364772235516
10861,1019,34.229,-118.527,1.8507988278506624
10862,1019,34.222,-118.57,1.0809135267532004
10863,1019,34.167,-118.596,0.4137116991835495
10864,1019,34.097,-118.352,0.1254343511881139
10865,1019,34.103,-118.316,0.8358568427846829
10866,1019,34.084,-118.307,0.9574017996381768
10867,1019,34.199,-118.396,-0.2615699523035082
10868,1019,34.059,-118.479,0.1272947221121936
10869,1019,34.07,-118.346,-0.0960221812840167
10870,1019,34.413,-118.796,0.5565424566548449
10871,1019,34.185,-118.884,0.4960129351409399
10872,1019,34.186,-118.929,1.614876888137271
10873,1019,34.18,-118.76,-0.2919992806893998
10874,1019,34.271,-118.735,1.577048270202415
10875,1019,34.262,-118.669,2.408489594962285
10876,1019,34.224,-118.994,0.9228574390602212
10877,1019,34.257,-118.995,0.8708619283852983
10878,1019,34.139,-118.364,0.316618322715873
10879,1019,34.193,-118.547,-0.0761720954838178
10880,1019,34.03,-118.434,1.010064678209947
10881,1019,34.18,-118.336,-0.2660793079068406
10882,1019,34.007,-118.436,1.73838507071091
10883,1019,34.044,-118.443,0.6841004961196755
10884,1019,34.168,-118.379,-0.0792540876317878
10885,1019,34.257,-118.503,-0.2929950505295477
10886,1019,34.222,-119.04,0.0251292086692922
10887,1019,34.113,-119.119,1.8501791780915229
10888,1019,34.208,-119.079,0.7119521275123974
10889,1019,34.6172,-118.285,0.0922791520433725
10891,1019,34.13065,-118.49205,-0.4743502675902891
10892,1019,34.1851,-118.447,-0.0832091706290641
10894,1019,34.193,-118.51,-0.0468900803484964
10895,1019,34.2772,-118.56,2.1427196242644806
10896,1019,34.28963,-118.50124,-0.3923100954975171
10897,1019,34.24734,-118.60349,0.0216853189277208
10899,1019,34.24892,-118.4789,-0.0818220089563464
10900,1020,33.3527,-115.733,-1.2216983374601569
10901,1020,33.63461,-116.09534,-4.909839539583023
10902,1020,34.55046,-117.43391,-0.6754931199281031
10903,1020,34.68708,-118.29946,-0.3180499797261059
10904,1020,35.1269,-118.83009,-0.7709449519729936
10905,1020,32.68005,-116.67215,0.1670697289268236
10906,1020,34.2623,-116.92075,-1.4045279445194676
10907,1020,33.921,-116.981,-0.0527214105765914
10910,1020,34.23883,-117.65853,-0.0174382977764472
10911,1020,34.069,-116.39,-0.9588972989144322
10913,1020,33.268,-116.417,0.4816578265136716
10914,1020,33.80776,-117.98116,0.7138867015501155
10915,1020,33.01213,-115.21987,-1.864496281507204
10916,1020,34.68224,-118.57398,0.9046561203557024
10917,1020,33.4915,-116.667,-4.778851343715772
10918,1020,33.38822,-117.19495,2.836535986967282
10919,1020,35.52495,-117.36453,0.4342226241373453
10922,1020,33.999,-117.68,0.6201612821840059
10923,1020,33.4019,-118.41502,0.1243468337415954
10925,1020,33.655,-115.99,-1.4621886304607343
10926,1020,34.63745,-115.38115,-0.9931670668494494
10927,1020,34.25353,-118.33383,0.7111107537153731
10928,1020,33.93597,-116.57794,-0.5774617525223589
10929,1020,33.65,-117.009,1.924407641156536
10930,1020,34.10618,-118.45505,-1.241222278905499
10931,1020,33.567,-116.631,1.6069252833791312
10932,1020,32.999,-116.942,1.3209862394157046
10936,1020,33.11675,-115.82267,-1.0613926454016391
10937,1020,33.71264,-118.29381,-1.5690506865197114
10938,1020,33.051,-114.827,-1.3724162533596878
10940,1020,33.1537,-117.22921,1.5032022091807975
10941,1020,35.30177,-116.80574,-1.822318869883069
10942,1020,34.8294,-116.335,-1.646611040894296
10944,1020,33.0859,-116.5959,-0.1117263268560083
10945,1020,35.98249,-117.80885,0.1525937538540618
10946,1020,34.36622,-116.61266,0.2711816475879205
10947,1020,35.13066,-115.18416,-1.2726114098997774
10948,1020,34.9906,-118.34156,0.6279520437170195
10949,1020,34.80762,-118.86775,0.0396677675705492
10950,1020,33.684,-117.943,0.8415587917801525
10951,1020,34.3656,-117.36683,-1.1802555592241333
10952,1020,33.3516,-116.5615,-2.3933548544386896
10953,1020,33.818,-116.369,0.9199221476550103
10955,1020,34.005,-117.562,1.37587067134771
10956,1020,36.05799,-117.48901,-0.7764160874835109
10957,1020,33.808,-116.968,0.8398548960386482
10958,1020,33.6,-117.195,2.182602549554868
10959,1020,34.78035,-116.55798,-0.024239654101034
10960,1020,34.76759,-114.61881,0.4292129480645294
10961,1020,33.556,-115.946,-2.427002095114056
10962,1020,33.94539,-117.92372,0.5171808811041534
10963,1020,32.608,-116.93,0.8899135846372871
10964,1020,34.6145,-118.7235,-1.481922150761355
10966,1020,34.1207,-117.63808,0.3621616300809167
10967,1020,33.862,-117.205,0.6679805659509009
10969,1020,33.354,-116.863,1.2998205291882243
10970,1020,33.7953,-117.60906,-0.0117255049772336
10972,1020,33.824,-116.55,1.2599932387500647
10973,1020,34.09181,-117.80709,-0.4695901880997527
10974,1020,33.63,-116.8478,1.0442580623168216
10975,1020,34.281,-118.478,1.5540223209758868
10976,1020,34.10473,-117.97956,0.5405493917032066
10977,1020,33.74346,-118.40412,0.7463664632421568
10978,1020,34.87533,-116.99684,-0.7002482312342344
10979,1020,34.05073,-118.08085,0.9435934675948512
10980,1020,33.99351,-117.37545,1.159547043399635
10981,1020,33.2801,-115.98585,0.4980650536529744
10983,1020,34.232,-117.235,-0.2721347942621202
10984,1020,33.553,-117.662,-0.0730157870218787
10985,1020,32.784,-117.13805,0.5508414471213856
10987,1020,35.8996,-116.27515,-0.1580852497860362
10988,1020,35.89095,-117.28332,1.6489256917937671
10989,1020,33.834,-116.797,2.2684970850739843
10990,1020,34.05933,-118.64614,-0.8831691596401582
10991,1020,33.829,-117.789,0.3703020424904852
10992,1020,33.664,-117.769,-0.3286192621158306
10993,1020,34.106,-117.098,0.8202073338808773
10994,1020,32.94508,-115.79988,-1.100954267490775
10995,1020,34.38203,-117.67822,0.287074133363577
10999,1020,34.48364,-118.11783,0.4758824401626241
11000,1020,34.56065,-117.3296,0.685481120004545
11001,1020,35.53664,-118.14035,0.1104998456982002
11002,1020,32.75904,-115.73161,-0.8695717937036597
11003,1020,34.00948,-117.95077,0.9330901060290276
11004,1020,34.1717,-118.64971,2.452634875885317
11005,1021,37.41702,-121.9154,-0.2235002903492969
11006,1021,37.34655,-121.80774,-1.3468721830440544
11007,1021,37.40718,-122.00001,-0.3276568090107311
11008,1021,37.376,-121.84367,-2.0221290309730966
11009,1021,37.27117,-121.98617,-1.098053995765072
11010,1021,37.45098,-122.4287,0.541646516383185
11011,1021,37.71633,-122.43117,2.4156969539942086
11012,1021,37.41395,-121.87085,-1.236411090485412
11013,1021,37.36408,-122.01817,-0.0598004432417066
11014,1021,37.87622,-122.23558,-1.489850584876098
11015,1021,37.91881,-122.15176,-1.214794967108326
11016,1021,37.87352,-122.26099,-1.3171042703084932
11017,1021,37.85727,-122.42266,2.0761223090314767
11018,1021,37.45035,-121.80037,-2.584834866686467
11019,1021,37.74766,-121.70843,-0.7335727330132525
11020,1021,37.37289,-121.76887,-2.5081528326040274
11021,1021,37.73786,-122.06486,1.513559300060234
11022,1021,38.03455,-120.38651,-0.5730005829503121
11023,1021,37.81041,-121.80272,-1.166056653758754
11024,1021,37.69782,-123.0011,-1.2013034700743697
11025,1021,36.3887,-121.5514,0.28860781572047
11026,1021,37.34305,-122.33976,1.3495309277066352
11027,1021,37.31861,-122.15314,-1.304733430468164
11028,1021,37.17217,-122.01121,0.8780650350440284
11029,1021,37.04922,-121.80722,0.3270760211892338
11030,1021,37.36045,-122.18986,0.3963644601198434
11031,1021,37.51604,-122.45815,1.1530138764051243
11032,1021,37.21427,-122.17168,0.5990750843364172
11033,1021,37.20631,-121.97726,-0.5160828395332631
11034,1021,37.15432,-121.73467,0.7812708578093893
11035,1021,37.63719,-122.47482,0.2352955250842024
11036,1021,37.2708,-122.21276,0.5972807426726813
11037,1021,37.19855,-122.34671,0.4960460104122486
11038,1021,37.40373,-122.23868,-0.4931375744795597
11039,1021,37.58225,-122.42006,1.2862485823174206
11040,1021,37.40372,-122.17596,0.2367629558877533
11041,1021,37.28397,-122.05017,-1.1322292073066893
11042,1021,37.58644,-122.50217,0.8714579213643195
11044,1021,37.6444,-118.89683,3.04851197679442
11045,1021,38.14478,-122.88018,-0.3409161817439405
11046,1021,37.34164,-121.64257,-1.927706448412232
11047,1021,37.65909,-118.97907,2.548573813753009
11048,1021,38.00198,-122.47466,1.3451041997194984
11049,1021,38.33656,-122.81082,2.22237874295003
11050,1021,38.16488,-122.71296,0.983705224323291
11051,1021,38.07601,-122.2585,0.3469938019490328
11052,1021,37.92371,-122.59649,1.1547768319283305
11053,1021,36.851,-121.402,0.5407841700685831
11054,1021,37.402,-122.025,0.8821152293243386
11055,1021,37.553,-122.091,1.5684755042273817
11057,1021,36.891,-121.404,0.388578262754482
11058,1021,36.973,-121.568,0.6805469431946416
11059,1021,36.86,-121.54,-0.0449299043248114
11060,1021,36.982,-121.556,-0.0431100050089857
11061,1021,36.987,-121.536,-0.3569615818720538
11062,1021,37.05,-121.803,-0.2982384068326611
11063,1021,37.035,-121.57,-1.6171051303061206
11064,1021,37.118,-121.55,-1.452395221381643
11065,1021,37.026,-121.484,0.9793801988154006
11066,1021,37.008,-121.287,-1.2639160953846336
20927,1021,38.99349,-123.07234,-2.37214706868979
20929,1021,38.87874,-122.44277,-2.407610415239549
20930,1021,37.81647,-122.06302,-0.9795186333410882
20931,1021,37.25898,-121.67311,-1.7534867658035689
20932,1021,37.9889,-122.2156,0.5617274279524936
20933,1021,37.94906,-122.40851,0.7708911406628031
20934,1021,37.72416,-122.11929,1.0070739658148948
20935,1021,37.80787,-122.3618,2.2496181379531475
20936,1021,37.12043,-122.1552,-0.650109923312699
20937,1021,37.51704,-122.37731,0.0017001005866954
20938,1021,37.67433,-122.39855,0.9970029559567896
20939,1021,37.16067,-121.89899,1.10390106862217
20940,1021,37.92144,-122.71806,1.2472608554275229
20941,1021,38.04962,-122.52331,1.686126396495826
20942,1021,38.12282,-122.14921,-0.528339868993293
20943,1021,38.233,-122.636,1.366242004700659
20944,1021,37.76021,-122.41524,1.583817099645974
20945,1021,37.77737,-122.39689,0.801264659718231
20946,1021,37.76386,-122.4736,2.197199009465586
20947,1021,37.762,-122.505,1.8058533123395208
20948,1021,37.40701,-122.0946,0.1194117771342579
20949,1021,37.4748,-122.2392,-0.0387624990035905
20950,1021,37.30249,-121.97978,-0.5421809765336191
20951,1021,37.26748,-121.86656,-1.4497248094810318
20952,1021,37.26352,-121.91617,-1.592900594530502
20953,1021,37.30143,-121.9039,-1.0408114130563857
20954,1021,37.31816,-121.94354,0.4048146066094716
20955,1021,37.3066,-121.84915,-1.4701532311953662
20956,1021,37.68,-121.739,-1.3999957586064742
20957,1021,37.59094,-122.36741,1.9892071943566203
20958,1021,37.74766,-122.42528,1.501651020319217
20959,1021,37.74664,-122.38679,0.9904493015347936
20960,1021,37.39415,-122.06041,0.0679967775165229
20961,1021,37.59268,-122.07449,0.7587892988010287
20962,1021,37.71737,-121.72701,-1.7185501164232655
20963,1021,37.67928,-122.48405,2.75561715961209
20964,1021,37.91056,-122.53778,2.755818926880965
20965,1021,37.88767,-122.29916,0.6189195563828146
20966,1021,38.03445,-122.27016,-0.6384498318520592
20967,1021,37.74484,-122.40134,0.8645586013516141
20968,1021,37.77934,-122.486,1.5535712103886736
20969,1021,37.81076,-122.29252,0.5584950003836813
20970,1021,37.8251,-122.27606,0.3621495440226302
20971,1021,37.7986,-122.2684,0.5710343298701804
20972,1021,37.72416,-122.44841,1.6933307646056757
20973,1021,37.6806,-121.92098,-0.9544810348528622
20974,1021,37.86059,-122.29327,-0.1786408892017119
20975,1021,37.85835,-122.25252,0.667030297126296
20976,1021,38.29027,-122.46125,-0.9654876408571158
20977,1021,37.37418,-122.0781,0.0632592821958391
20978,1021,38.4421,-122.6068,-0.1124090092271439
20979,1021,37.69169,-122.16982,0.1192232558757018
20980,1021,37.23294,-121.77186,-1.33073829904998
20981,1021,37.38332,-121.91088,-0.8657026176564336
20982,1021,37.28537,-121.93602,-1.5218940476486376
20983,1021,37.35834,-121.97775,-0.3043383688775735
20984,1021,37.68873,-121.78351,-2.0342470066353884
20985,1021,37.72688,-122.15092,0.4824379092918514
20986,1021,37.8852,-122.03217,-1.0841701995846484
20987,1021,37.16346,-121.62645,-2.3652077036674344
20988,1021,37.7294,-121.83346,-0.617516557564316
20989,1021,37.85884,-121.99264,-0.8368234940862116
20990,1021,37.91233,-121.90716,-1.5034970430756385
20991,1021,38.02691,-122.01599,-1.2229022075316291
20992,1021,38.80797,-122.7953,-1.8108411193915328
20995,1021,38.43951,-122.25272,-1.403698450918784
20996,1021,38.26021,-122.55179,-0.6375088857300417
20997,1021,38.30988,-122.943,1.912440990567955
20998,1021,38.46769,-122.89651,0.1058444960042262
20999,1021,38.28043,-122.21582,-1.661103577093184
21000,1021,38.15486,-121.80438,-0.7043248705404779
21001,1021,38.65651,-122.61441,-0.4681884830114247
21002,1021,38.04248,-122.79684,1.856554547266132
21003,1021,37.99642,-123.01949,-0.7219417443124982
21004,1021,38.34878,-122.57795,0.4164069372700852
21005,1021,38.14361,-122.44969,-0.346707586082903
21006,1021,38.24039,-122.79842,0.5545531020076455
21007,1021,38.38921,-122.66297,0.1833653054879197
11067,1022,37.34655,-121.80774,-0.3446893466622571
11068,1022,37.27117,-121.98617,-0.240833214268848
11069,1022,37.16346,-121.62645,-1.291064840844086
11070,1022,37.85727,-122.42266,1.2211094702193712
11071,1022,37.04922,-121.80722,-0.3594699143500394
11072,1022,37.21427,-122.17168,0.5631713803946184
11073,1022,37.20631,-121.97726,0.0491380718147338
11074,1022,37.15432,-121.73467,0.8159617969916424
11075,1022,37.2708,-122.21276,0.4353261616603989
11076,1022,37.19855,-122.34671,1.752423545153612
11077,1022,37.28397,-122.05017,-0.6015704444412233
20610,1022,37.91881,-122.15176,-1.414651327228368
20611,1022,37.87352,-122.26099,-2.255701284635572
20612,1022,38.03455,-120.38651,-0.7381698130136093
20613,1022,37.69782,-123.0011,-1.824681261725116
20615,1022,37.34164,-121.64257,-1.36888447770314
20616,1022,38.87874,-122.44277,-1.6905116468944803
20618,1022,37.008,-121.287,-0.3646036645077116
20619,1022,37.81647,-122.06302,-0.5321874874610796
20620,1022,37.25898,-121.67311,-0.1307412808156261
20621,1022,37.9889,-122.2156,0.0559440828283957
20622,1022,37.94906,-122.40851,-0.4339985158023456
20623,1022,37.72416,-122.11929,0.3819926755427451
20624,1022,37.80787,-122.3618,1.5621224500980546
20625,1022,37.12043,-122.1552,1.6545608687291604
20626,1022,37.51704,-122.37731,0.0665374149383687
20627,1022,37.16067,-121.89899,1.4555116815688445
20628,1022,37.92144,-122.71806,0.4173233479246861
20629,1022,38.04962,-122.52331,0.917120035167385
20630,1022,37.76021,-122.41524,1.4044200039442123
20631,1022,37.54187,-122.30471,0.0784728311908356
20632,1022,37.26352,-121.91617,-0.3548311480862841
20633,1022,37.30143,-121.9039,-0.1920616348159455
20634,1022,37.31816,-121.94354,0.8635409678681896
20635,1022,37.3066,-121.84915,-0.5258822880451569
20636,1022,37.68,-121.739,-0.7749097533734579
20637,1022,37.41702,-121.9154,-0.2044239368689465
20638,1022,37.59094,-122.36741,0.7137394672892228
20639,1022,37.40718,-122.00001,-0.5884077861154139
20640,1022,37.39415,-122.06041,0.1974110548531718
20641,1022,37.376,-121.84367,-1.0823121956014905
20642,1022,37.59268,-122.07449,-0.2252659245440105
20643,1022,37.71737,-121.72701,-0.7762433939627948
20644,1022,37.67928,-122.48405,1.920055932742727
20645,1022,37.91056,-122.53778,1.462687645281206
20646,1022,37.74484,-122.40134,0.6596700929437392
20647,1022,37.71633,-122.43117,1.1954480974692907
20648,1022,37.81076,-122.29252,1.5620679521138874
20649,1022,37.72416,-122.44841,0.6027653002846816
20650,1022,37.41395,-121.87085,-0.7114381365296297
20651,1022,37.6806,-121.92098,-0.8267913139906866
20652,1022,37.69169,-122.16982,-0.2138622605359377
20653,1022,37.23294,-121.77186,-0.0401071698587021
20654,1022,37.38332,-121.91088,-0.5123528835424961
20655,1022,37.28537,-121.93602,-0.3106584875905451
20656,1022,37.35834,-121.97775,0.2199627737583185
20657,1022,37.68873,-121.78351,-0.8840833301656743
20658,1022,37.8852,-122.03217,-0.7906545976658134
20659,1022,38.01299,-122.13416,0.5615182715521727
20660,1022,37.74766,-121.70843,-0.5867846570563968
20661,1022,37.7294,-121.83346,0.2389008156788668
20662,1022,37.37289,-121.76887,-1.485198255831976
20663,1022,37.73786,-122.06486,0.6025970563074894
20664,1022,37.85884,-121.99264,-0.1119057063845589
20665,1022,37.91233,-121.90716,-1.3652140129587174
20666,1022,38.02691,-122.01599,-0.6121261222442168
20667,1022,37.34305,-122.33976,1.2663786622053264
20668,1022,37.31861,-122.15314,-1.1790983602271634
20669,1022,37.17217,-122.01121,1.4320525143589236
20670,1022,37.36045,-122.18986,-0.1534009223805968
20671,1022,37.51604,-122.45815,0.1383287655816298
20672,1022,37.63719,-122.47482,-0.8671674449070113
20673,1022,37.58225,-122.42006,0.1166582570226353
20674,1022,37.40372,-122.17596,0.2400781339826505
20675,1022,37.58644,-122.50217,-0.3212743430833448
20676,1022,38.26021,-122.55179,-0.7668693326248899
20677,1022,38.30988,-122.943,0.4493225696520425
20678,1022,38.33656,-122.81082,1.1965558250587625
20679,1022,38.15486,-121.80438,-0.2720375450298361
20680,1022,38.16488,-122.71296,-0.0810673373080523
20681,1022,38.07601,-122.2585,-0.5584659240345461
20682,1022,38.04248,-122.79684,1.0467782472010694
20683,1022,38.14361,-122.44969,-0.6773886120314028
20684,1022,38.38921,-122.66297,0.5066615025006419
11078,1023,38.441,-122.701,-0.2320877592946897
11079,1023,37.762,-122.505,2.466027136302704
11080,1023,37.67928,-122.48405,2.366560334848782
11081,1023,37.91056,-122.53778,3.2894415036472737
11082,1023,38.03445,-122.27016,-1.167979527124528
11083,1023,37.71633,-122.43117,2.7172499375626846
11084,1023,38.29027,-122.46125,-0.0020502725262473
11085,1023,38.4421,-122.6068,-0.4910090091290535
11086,1023,38.36743,-122.52403,0.4981687925162148
11087,1023,37.95397,-121.86554,-1.997344128331842
11088,1023,37.87622,-122.23558,-1.4900967317333846
11089,1023,37.91881,-122.15176,-1.6297828541663946
11090,1023,37.87352,-122.26099,-0.9424342039089298
11091,1023,37.85727,-122.42266,1.5412228289714274
11092,1023,37.74766,-121.70843,0.6907377545879845
11093,1023,37.7294,-121.83346,0.4104949713581617
11094,1023,37.37289,-121.76887,-0.4912648202459836
11095,1023,37.73786,-122.06486,0.6328486106715364
11096,1023,37.81041,-121.80272,0.5365713913632658
11097,1023,37.85884,-121.99264,0.1035061198578583
11098,1023,37.91233,-121.90716,-0.6667767593963753
11099,1023,38.02691,-122.01599,-0.0845894869191671
11100,1023,38.34526,-122.4584,-0.188111688947273
11101,1023,37.69782,-123.0011,0.6590946022219033
11102,1023,38.76927,-123.01486,-1.6166034754779293
11103,1023,38.80797,-122.7953,0.4116846288779777
11104,1023,37.34305,-122.33976,1.0936640041052197
11105,1023,37.31861,-122.15314,0.2507931859429624
11106,1023,37.17217,-122.01121,2.2144361995118014
11107,1023,37.04922,-121.80722,-0.1602200045809256
11108,1023,37.36045,-122.18986,1.525769114730466
11109,1023,37.51604,-122.45815,1.1079965571404236
11110,1023,37.21427,-122.17168,0.884393598817161
11111,1023,37.15432,-121.73467,1.0285279475926086
11112,1023,37.63719,-122.47482,1.1172640569101082
11113,1023,37.2708,-122.21276,1.660835532716171
11114,1023,37.19855,-122.34671,0.3964872729334882
11115,1023,37.40373,-122.23868,0.4570680039563525
11116,1023,37.58225,-122.42006,1.0463218987112524
11117,1023,37.40372,-122.17596,0.4756794789313104
11118,1023,37.28397,-122.05017,0.0548796919803337
11119,1023,37.58644,-122.50217,1.7766269857928234
11120,1023,38.87874,-122.44277,-2.901263239794592
11121,1023,38.43951,-122.25272,-0.4560190413600445
11122,1023,38.26021,-122.55179,-0.8566046544965051
11123,1023,38.00198,-122.47466,1.443591091740731
11124,1023,38.30988,-122.943,0.8357868454369279
11125,1023,38.46769,-122.89651,-0.1669136445194165
11126,1023,38.28043,-122.21582,-1.114026072300636
11127,1023,38.65651,-122.61441,-1.557743502720934
11128,1023,38.16488,-122.71296,0.2048363501594013
11129,1023,38.07601,-122.2585,0.0773532950963272
11130,1023,38.04248,-122.79684,1.340733799851323
11131,1023,37.99642,-123.01949,0.0329427630775141
11132,1023,38.34878,-122.57795,0.3405781495577852
11133,1023,37.92371,-122.59649,2.345562376165021
11134,1023,38.24039,-122.79842,-0.9035691520101452
11135,1023,38.38921,-122.66297,-0.8649187596758149
11136,1023,39.2291,-121.7861,-1.0830410801333163
11137,1023,37.62211,-121.75697,-1.348826055107753
11138,1023,37.7934,-122.41636,1.5556876500747885
11139,1023,37.808,-122.476,1.5830086662957696
11140,1023,38.267,-122.658,-0.8288469573923712
11142,1023,38.33,-122.318,0.2061063195602705
11143,1023,37.705,-122.467,2.9323835048115656
11144,1023,38.27,-122.276,0.1600868416828167
11145,1023,38.497,-122.759,-0.27858754956796
11146,1023,38.438,-122.708,0.2767740282276644
11147,1023,38.471,-122.726,-0.538319153971536
11148,1023,38.1157,-122.505,0.7022891369998894
19869,1023,38.03455,-120.38651,-1.513926098265452
19870,1023,39.65471,-122.71595,-4.844186369315334
19872,1023,38.99349,-123.07234,-3.885257465959546
19873,1023,40.81745,-124.02955,-3.0398548415380047
19874,1023,38.14478,-122.88018,-0.9720429774482022
19875,1023,37.34164,-121.64257,-1.15138647675531
19876,1023,39.55451,-121.50036,-3.112774996036578
19877,1023,37.008,-121.287,0.3363103749245034
19880,1023,36.76403,-121.44722,-1.6411757145840966
19881,1023,37.81647,-122.06302,-0.4916972847156642
19882,1023,37.25898,-121.67311,-0.0827195755506658
19883,1023,37.9889,-122.2156,0.790121396229924
19884,1023,37.94906,-122.40851,0.514401383866099
19885,1023,37.72416,-122.11929,0.2786627552851114
19886,1023,37.80787,-122.3618,2.7875199292979302
19887,1023,37.12043,-122.1552,0.2869022929030571
19888,1023,37.51704,-122.37731,0.6580637427777577
19889,1023,37.67433,-122.39855,1.6887855036249055
19890,1023,37.16067,-121.89899,2.181676369865391
19891,1023,38.04962,-122.52331,1.881893496678556
19892,1023,38.12282,-122.14921,-1.0013360808261886
19893,1023,38.20025,-122.4644,0.3541477043151141
19894,1023,38.233,-122.636,-0.503948429225783
19895,1023,37.76021,-122.41524,1.370946102159969
19896,1023,37.77737,-122.39689,1.3527112301699649
19897,1023,37.76386,-122.4736,2.085747756661233
19898,1023,37.40701,-122.0946,0.7137403057218974
19899,1023,37.4748,-122.2392,1.6105594992893382
19900,1023,37.16346,-121.62645,-0.3753386467764241
19901,1023,37.45035,-121.80037,-0.8357766108299316
19902,1023,37.20631,-121.97726,1.006075259641514
19903,1023,40.4756,-124.3375,-2.3226406391341605
19904,1023,40.6599,-123.21966,-3.70013113446457
19905,1023,40.8748,-123.7325,-2.8103742944632097
19906,1023,40.4175,-124.1206,-3.098153478540908
19907,1023,40.2022,-123.7086,-2.879178404503702
19911,1023,40.5119,-121.5816,-1.5091600889986387
19914,1023,38.15486,-121.80438,-1.0511076824018553
19915,1023,38.14361,-122.44969,-0.5278727655611848
19917,1023,36.2159,-120.80126,-0.1668024531345767
11167,1025,34.084,-118.6,-0.6375197267791015
11168,1025,34.14647,-118.76699,-0.2156171192196748
11169,1025,35.1269,-118.83009,-1.4575966319210307
11170,1025,34.2623,-116.92075,0.7531994934807665
11171,1025,34.94009,-119.41313,-1.7103022382518611
11172,1025,34.23883,-117.65853,0.4967938569948262
11173,1025,33.80776,-117.98116,0.6254099552731075
11174,1025,34.68224,-118.57398,0.2545835295217467
11175,1025,35.30819,-119.84583,-1.7919476216902743
11177,1025,33.999,-117.68,0.0244217669962387
11178,1025,33.4019,-118.41502,1.9616927468065088
11179,1025,32.8889,-117.1051,0.7463066451457813
11180,1025,34.25353,-118.33383,-0.1688967069326884
11181,1025,33.65,-117.009,1.478789077111757
11182,1025,34.10618,-118.45505,-0.2204882199429745
11183,1025,33.567,-116.631,1.4582503647400182
11184,1025,32.999,-116.942,2.237323314366013
11186,1025,34.72832,-119.98803,-1.1365853789708629
11187,1025,33.71264,-118.29381,-0.0656125060003007
11188,1025,34.55266,-120.50235,-0.954341196934063
11189,1025,35.30177,-116.80574,0.3209475616595028
11190,1025,34.8294,-116.335,0.8187821084356816
11191,1025,35.66278,-118.47403,-2.771957461936959
11192,1025,33.86889,-118.33143,1.0231552602413565
11193,1025,33.798,-118.08837,0.8454155158800327
11194,1025,34.00033,-118.37794,0.5435584756869314
11195,1025,34.9906,-118.34156,-0.1299778877364336
11196,1025,34.30529,-118.48805,-1.636334977786171
11197,1025,33.9753,-118.14918,0.2793278667213437
11198,1025,34.10819,-119.06587,-1.160011174526221
11199,1025,33.684,-117.943,0.7613051105880368
11200,1025,34.28085,-118.9049,0.932945462014152
11201,1025,34.88848,-119.81362,-1.953140198769065
11202,1025,34.22362,-118.05832,1.4526747825470676
11203,1025,34.53412,-120.17737,-1.2162496848284814
11204,1025,33.94539,-117.92372,0.8131929054195471
11205,1025,34.6145,-118.7235,-2.671322671151225
11206,1025,34.44199,-118.58215,-0.9932991565502622
11207,1025,33.96273,-118.43702,0.974692238850069
11208,1025,33.354,-116.863,-0.0472152347680576
11209,1025,33.7953,-117.60906,0.2202643930027569
11210,1025,34.09181,-117.80709,-0.2524761095121706
11211,1025,34.39558,-118.49837,-1.6119275592527034
11212,1025,33.63,-116.8478,0.490492626224746
11213,1025,34.10473,-117.97956,0.3098731263356766
11214,1025,33.74346,-118.40412,0.6525849813113772
11215,1025,34.05073,-118.08085,1.3799911378650258
11216,1025,33.99351,-117.37545,1.6702315692534764
11218,1025,34.44076,-119.71492,-2.2779831244462403
11220,1025,33.99543,-119.6351,-0.5440099075464402
11221,1025,33.553,-117.662,0.3095818109728137
11222,1025,34.43692,-119.1375,-2.314966157549896
11223,1025,34.293,-119.1646,-2.322217582532037
11225,1025,34.01438,-118.45617,0.4899949197962847
11226,1025,34.27091,-118.74407,-1.4078661999089508
11227,1025,35.01108,-120.40997,-2.7422127750889023
11228,1025,34.035,-116.808,-0.6875773484188463
11229,1025,34.05933,-118.64614,-1.4116551294457065
11230,1025,33.829,-117.789,0.1637013490338554
11231,1025,34.30302,-119.18676,-0.3467199114880442
11232,1025,33.664,-117.769,0.2721056121046533
11233,1025,34.106,-117.098,1.3230508352858343
11234,1025,34.52775,-119.97834,-1.7562117269866755
11235,1025,34.38203,-117.67822,0.2130494626391977
11237,1025,35.14592,-119.41946,-0.7208631488549894
11238,1025,34.01919,-118.28631,-0.1898954490392256
11239,1025,34.48364,-118.11783,0.665758059920598
11240,1025,35.84089,-119.08469,-1.44312203918832
11241,1025,34.51085,-119.27407,-0.9708061003429036
11242,1025,34.00948,-117.95077,0.8286678563709006
11244,1025,33.813,-118.37,2.201750180087102
11245,1025,33.948,-118.184,1.8688536993504363
11246,1025,34.289,-118.746,0.5371743637949123
11247,1025,34.013,-118.8,0.6241370854497894
11248,1025,34.154,-118.463,1.7562762257019946
11249,1025,34.185,-118.623,0.1146569229201211
11250,1025,34.185,-118.884,1.752219202191247
11251,1025,34.186,-118.929,2.0576032643808264
11252,1025,34.141,-118.875,0.8757500319902534
11253,1025,34.18,-118.76,-0.7446685692326735
11254,1025,34.271,-118.735,0.534886655777726
11255,1025,34.262,-118.669,0.3711460497589423
11256,1025,34.224,-118.994,-0.8735586616404956
11257,1025,34.257,-118.995,0.0624458006832009
11258,1025,34.03,-118.434,1.2780697910579726
11259,1025,34.193,-118.51,-0.4799884820941794
11284,1027,32.68005,-116.67215,0.6718333709497227
11285,1027,33.3527,-115.733,1.3898328398935795
11287,1027,35.2693,-116.0703,0.0286692553386818
11288,1027,34.68224,-118.57398,0.6882567697126551
11289,1027,34.155,-118.641,-0.5710092141886424
11290,1027,33.44577,-118.483,-0.1141507548451896
11293,1027,34.0602,-117.809,-1.041529683154887
11294,1027,33.876,-117.561,0.4014735862663823
11295,1027,33.93597,-116.57794,-0.1761144575107896
11296,1027,33.65,-117.009,0.6641485922591419
11297,1027,34.88303,-117.99106,1.644880373256527
11298,1027,34.1,-117.439,-0.7619868932528785
11299,1027,35.082,-117.58267,-0.3615327811527144
11300,1027,33.8717,-117.92251,-0.3384293129771826
11301,1027,36.46719,-116.86322,-0.4621329763663129
11302,1027,33.051,-114.827,-0.7365669332444822
11304,1027,34.8294,-116.335,-1.0103415584559132
11305,1027,35.9823,-117.8076,0.0364149148987168
11306,1027,34.15037,-118.10156,-0.6002202839918946
11307,1027,34.61462,-118.29104,0.9666608295380108
11308,1027,34.61594,-117.82493,1.8611738152154056
11309,1027,35.47954,-117.68212,0.7165627080082693
11310,1027,34.5214,-117.991,0.9502571537487606
11311,1027,34.3656,-117.36683,-1.0499098462725214
11313,1027,34.22362,-118.05832,0.1410711319446365
11314,1027,34.8249,-114.59941,0.4710410687919877
11315,1027,33.788,-117.844,0.4282427001445347
11316,1027,34.6145,-118.7235,-1.1512840806675024
11317,1027,34.1484,-118.1711,-1.9129859862771632
11318,1027,33.354,-116.863,-0.1116851582968977
11319,1027,33.7953,-117.60906,-0.3679473206575636
11320,1027,33.74346,-118.40412,0.1690811616761578
11322,1027,34.05073,-118.08085,0.0926941811269378
11323,1027,33.99351,-117.37545,-0.4346468760459767
11324,1027,33.70432,-117.88578,0.7376872558827617
11326,1027,34.232,-117.235,-0.9668493688508762
11327,1027,35.8996,-116.27515,0.7410711137123902
11328,1027,33.48725,-117.68114,1.3607316451769014
11329,1027,34.01438,-118.45617,-0.1286874413627851
11330,1027,34.416,-118.449,0.7244239527300858
11331,1027,33.1774,-115.616,-0.6071002930354622
11332,1027,34.106,-117.098,-0.3022411160569895
11333,1027,32.94508,-115.79988,1.0452935170442157
11334,1027,34.08377,-118.599,-0.4574186247728888
11336,1027,34.15607,-118.82039,-1.7046981801556058
11337,1027,34.48364,-118.11783,-1.1853506870456445
11338,1027,34.56065,-117.3296,1.246434985737156
11339,1028,34.224,-117.331,-1.7716554041517307
11340,1028,34.19988,-118.36201,-0.091968545926012
11341,1028,34.68708,-118.29946,0.0743914841567581
11342,1028,35.1269,-118.83009,-0.319374367087449
11343,1028,32.68005,-116.67215,2.268344769532882
11344,1028,34.2623,-116.92075,-1.0497719046986878
11345,1028,33.921,-116.981,-1.6853334241700657
11346,1028,34.23883,-117.65853,0.7263633565881857
11347,1028,34.069,-116.39,-0.3404865018372824
11349,1028,33.268,-116.417,-0.139972687755864
11350,1028,33.80776,-117.98116,-0.2280167750834997
11351,1028,34.68224,-118.57398,0.6498323090472508
11352,1028,33.4915,-116.667,-4.29362018185018
11353,1028,34.13678,-118.12199,-1.3005696273306029
11354,1028,33.38822,-117.19495,2.0993773556981568
11355,1028,35.30819,-119.84583,-1.3261504634216803
11356,1028,35.52495,-117.36453,-0.4492740974623049
11359,1028,33.999,-117.68,-0.6545968653861496
11360,1028,33.4019,-118.41502,0.2716607632394343
11361,1028,34.093,-117.317,0.9690370473952068
11363,1028,33.876,-117.561,1.7869619825455345
11364,1028,33.655,-115.99,0.1998986412335686
11365,1028,34.63745,-115.38115,-0.2271003618192663
11366,1028,34.25353,-118.33383,0.1442824274491033
11367,1028,33.93597,-116.57794,-0.2262910048265031
11368,1028,33.65,-117.009,2.1402975126166
11369,1028,34.10618,-118.45505,-1.7398246158674968
11370,1028,33.84822,-118.09624,-0.619424382886834
11371,1028,33.567,-116.631,0.1466660696397653
11372,1028,32.999,-116.942,2.093426074184624
11374,1028,32.65915,-116.10061,0.0626607938025005
11377,1028,33.11675,-115.82267,-0.1701552142394956
11378,1028,34.72832,-119.98803,-1.7018080971208709
11379,1028,33.71264,-118.29381,-3.255032365187643
11380,1028,33.8717,-117.92251,-0.2940486422433996
11382,1028,33.051,-114.827,-1.1131089193033372
11384,1028,33.1537,-117.22921,0.7084193591994675
11385,1028,34.13677,-118.1283,-0.05828717168521
11386,1028,35.30177,-116.80574,-0.86219712982724
11387,1028,34.8294,-116.335,-1.1070984431564828
11388,1028,34.17643,-118.35967,-1.2925675973593165
11389,1028,34.121,-117.219,-0.5901468403869979
11391,1028,35.66278,-118.47403,-0.6616446691316116
11392,1028,33.0859,-116.5959,-0.303700250132666
11393,1028,35.98249,-117.80885,-0.4095329922114158
11394,1028,34.36622,-116.61266,0.2572640483226739
11395,1028,34.15037,-118.10156,-1.0005772471873369
11396,1028,33.597,-117.879,-1.7509213282167109
11397,1028,33.86889,-118.33143,-0.5137565294525334
11398,1028,34.00033,-118.37794,-1.0476875826295895
11399,1028,34.9906,-118.34156,0.424502691550487
11400,1028,34.30529,-118.48805,-0.7526085705431653
11401,1028,33.9753,-118.14918,-1.0943902990256171
11402,1028,34.10819,-119.06587,-0.8149103358139853
11403,1028,34.80762,-118.86775,-0.2332927783437101
11404,1028,33.684,-117.943,-0.3365495847333708
11405,1028,35.47954,-117.68212,0.1893577009622951
11406,1028,33.881,-118.176,-0.622083681504777
11407,1028,34.3656,-117.36683,-1.6143956340434036
11408,1028,33.3516,-116.5615,-2.2898214931920897
11410,1028,33.818,-116.369,0.1689448222766377
11411,1028,34.13688,-118.12601,-0.1036881391358792
11413,1028,34.005,-117.562,0.1557054701554514
11414,1028,34.81258,-119.1453,-1.2839298692108934
11415,1028,36.05799,-117.48901,-1.565139666679092
11416,1028,34.88848,-119.81362,-0.9264669444183946
11417,1028,33.808,-116.968,1.4305067847191937
11418,1028,33.6,-117.195,1.1986304326029993
11419,1028,34.22362,-118.05832,0.1892442774710627
11420,1028,34.78035,-116.55798,-0.4810679229769107
11421,1028,34.76759,-114.61881,0.4771016690804864
11422,1028,33.556,-115.946,-0.174781145083138
11423,1028,33.788,-117.844,-0.5882261319975733
11424,1028,33.94539,-117.92372,-0.1046907282147235
11425,1028,32.608,-116.93,1.5353306609844772
11426,1028,34.6145,-118.7235,-1.5434848882356236
11427,1028,34.17141,-118.18523,-0.8729719263610977
11428,1028,34.44199,-118.58215,-0.999778593261294
11429,1028,34.1207,-117.63808,-0.6100742121503053
11430,1028,33.862,-117.205,0.5771878855021828
11432,1028,33.354,-116.863,-0.5227725197561341
11433,1028,33.7953,-117.60906,-0.8893117525738525
11435,1028,33.824,-116.55,0.2171348408362357
11436,1028,34.09181,-117.80709,-1.2349786543073773
11438,1028,33.63,-116.8478,0.4842589525452898
11439,1028,34.281,-118.478,1.508848041514732
11440,1028,34.10473,-117.97956,-1.7026497009282269
11441,1028,33.74346,-118.40412,-0.727343237927766
11442,1028,34.87533,-116.99684,0.009102818986889
11443,1028,34.05073,-118.08085,-0.4513766910758278
11444,1028,33.99351,-117.37545,0.9454064712590474
11445,1028,33.183,-115.623,-1.9798026746709083
11446,1028,33.2801,-115.98585,-0.1568876004072584
11447,1028,33.70432,-117.88578,-1.3516564148032404
11450,1028,34.232,-117.235,0.1906475308433287
11451,1028,32.915,-118.4879,0.2834657732200161
11452,1028,33.99543,-119.6351,1.4005367969341769
11453,1028,33.553,-117.662,-2.455661601671084
11454,1028,32.784,-117.13805,-0.206604962672313
11456,1028,34.43692,-119.1375,-1.814439687631872
11457,1028,32.9333,-115.7039,-1.0686756476838737
11458,1028,32.944,-115.718,-2.7350632494666662
11459,1028,35.8996,-116.27515,1.4915263343464176
11460,1028,35.89095,-117.28332,0.3860716468949923
11461,1028,33.834,-116.797,1.0192991076772642
11462,1028,35.3142,-119.99581,-0.7515593482306971
11463,1028,34.01438,-118.45617,-0.4192282529162519
11464,1028,34.05933,-118.64614,-1.4302368934523384
11466,1028,33.829,-117.789,-1.1440692045445908
11467,1028,34.30302,-119.18676,0.023491310826508
11468,1028,33.664,-117.769,-1.7721309801997125
11469,1028,33.79033,-118.19878,-0.8780515203224384
11470,1028,34.106,-117.098,0.0559140601814038
11471,1028,32.94508,-115.79988,-0.5755538004457428
11472,1028,34.52775,-119.97834,-0.5652760045570443
11473,1028,34.38203,-117.67822,-0.1095257234746563
11478,1028,34.01919,-118.28631,-1.22879730708484
11479,1028,34.48364,-118.11783,0.7642705457243414
11480,1028,35.84089,-119.08469,-0.6471660525042799
11481,1028,34.56065,-117.3296,1.1134896512696475
11482,1028,35.53664,-118.14035,0.0737440436018346
11483,1028,32.75904,-115.73161,0.0699921038830851
11484,1028,34.51085,-119.27407,-2.007677176305826
11485,1028,34.00948,-117.95077,-1.4092559410693597
11486,1028,34.1717,-118.64971,1.697183351329694
11487,1028,33.94869,-118.25547,0.0260203196355456
11488,1028,33.482,-116.911,1.4323054792373564
11489,1028,33.787,-116.959,1.009767865531436
11490,1028,33.729,-116.979,0.5770043043594805
11491,1028,33.84,-117.957,-0.6153666293130771
11492,1028,33.786,-117.809,-1.291896586976767
11493,1028,33.863,-117.742,0.0394282673929322
11494,1028,33.917,-117.443,1.7133405122691618
11495,1028,33.968,-117.252,0.552531887370238
11496,1028,33.565,-117.264,1.6700838538265723
11497,1028,33.751,-117.015,1.413260834382229
11498,1028,33.577,-117.131,-0.0874993892370715
11499,1028,33.818,-117.312,-0.6468439137587101
11500,1028,33.699,-117.267,1.9476885666359645
11501,1028,33.604,-117.279,0.3097265508851684
11502,1028,33.884,-117.514,1.0329832773737673
11503,1028,33.876,-117.593,0.93710099831214
11504,1028,33.951,-117.446,1.4650639263327032
11505,1028,33.496,-117.149,0.4929779408848172
11506,1028,33.662,-117.997,0.418443761489976
11507,1028,33.678,-117.753,-0.4006938639525059
11508,1028,33.8556,-117.54,1.4717527648021127
11509,1028,33.933,-117.896,0.7928556695851309
11510,1028,33.604,-117.906,-0.6629416151284414
11511,1028,33.889,-117.886,-0.2930544958186681
11512,1028,33.932,-117.955,-0.4266260439093967
11513,1028,33.927,-117.803,-0.2590707103937113
11514,1028,33.791,-117.968,0.3004805032597467
11515,1028,33.676,-117.963,-0.0912640127454895
11516,1028,33.819,-117.85,-0.8890704460051868
11517,1028,33.748,-117.844,-1.2525397875426736
11518,1028,33.742,-117.894,-0.9308647043365804
11519,1028,33.716,-117.904,-1.0620707232837223
11520,1028,33.7,-117.88,0.3355900268610788
11521,1028,33.895,-117.32,2.3252880797990763
11522,1028,33.975,-117.486,1.7819974835348784
11523,1028,33.669,-117.332,0.5254323773499172
11524,1028,33.748,-117.127,1.2070721702809204
11525,1028,33.787,-117.23,1.999039248608618
11526,1028,33.649,-117.205,1.9762735288810216
11527,1028,33.723,-118.026,1.0100664003771065
11528,1028,33.962,-118.065,-0.2392970096681947
11529,1028,33.924,-118.167,0.3464879096890736
11530,1028,33.883,-118.117,0.1122343231848018
11531,1028,33.946,-118.0,0.3926677783497697
11532,1028,33.818,-118.108,0.6345720204377807
11533,1028,34.065,-117.893,0.5326411879652982
11534,1028,34.057,-117.698,0.7659580473759333
11535,1028,34.033,-117.312,1.9357620696182976
11536,1028,34.112,-117.681,1.2154746662322933
11537,1028,34.014,-117.511,0.5578586391026007
11538,1028,34.123,-117.54,2.0019685454445897
11539,1028,34.056,-117.748,1.8963701137796405
11540,1028,34.096,-117.287,1.081772458328372
11541,1028,34.063,-117.784,1.1333078518472457
11542,1028,34.069,-117.398,1.4824070948888342
11543,1028,34.1,-117.434,0.3138158176827144
11544,1028,34.021,-117.866,0.643780817550617
11545,1028,34.121,-117.738,2.412377149781652
11546,1028,34.002,-118.077,0.3848384310977826
11547,1028,34.193,-117.427,0.8448862109872788
11548,1028,34.00469,-117.22393,-0.036605481231421
11549,1028,34.051,-117.25,0.8856637752870133
11550,1028,33.59967,-117.866,-0.5117155914713858
11551,1028,33.82177,-116.96836,-0.2865881586180197
11552,1028,34.103,-117.349,-0.5100350348375575
11554,1028,34.14,-117.294,0.1146073410704849
11555,1028,34.058,-117.305,1.340746109182432
11556,1028,34.205,-117.365,1.210270757091497
11558,1028,34.233,-117.482,0.5825217792380294
11559,1028,34.0869,-117.3114,0.479335399823818
11560,1028,33.852,-117.451,5.04518470364334
11584,1030,37.95397,-121.86554,-1.9591211330949845
11585,1030,37.87622,-122.23558,-1.3489723334219346
11586,1030,37.91881,-122.15176,-1.1624954988740974
11587,1030,37.16346,-121.62645,-1.2845881327395583
11588,1030,37.74766,-121.70843,-0.7777245619980441
11589,1030,37.7294,-121.83346,-0.0891358412808103
11590,1030,38.03455,-120.38651,-0.8281715793040708
11591,1030,37.34305,-122.33976,1.1532626091741425
11592,1030,37.17217,-122.01121,0.5743548519297642
11593,1030,37.21427,-122.17168,0.4404191874094108
11594,1030,37.20631,-121.97726,-0.0904039755035533
11595,1030,37.15432,-121.73467,0.4676515843004386
11596,1030,37.19855,-122.34671,0.6449906397899424
11597,1030,37.40373,-122.23868,-1.4760524087629774
11598,1030,37.58225,-122.42006,-0.0833366428562868
11599,1030,37.40372,-122.17596,-0.226360187619057
11600,1030,37.28397,-122.05017,-0.442660559214601
11601,1030,37.6444,-118.89683,3.647192324670636
11602,1030,37.34164,-121.64257,-1.6499599145803587
11603,1030,37.65909,-118.97907,3.780645562070224
11605,1030,36.76403,-121.44722,0.6217685200059279
11606,1030,37.62211,-121.75697,-1.1668495481382513
11607,1030,36.851,-121.402,1.446049827563446
11608,1030,36.891,-121.404,1.0262089932069425
19470,1030,37.87352,-122.26099,-2.2085171740383585
19471,1030,37.69782,-123.0011,-1.8205318235952777
19472,1030,38.99349,-123.07234,-1.4050904597727172
19475,1030,37.28744,-121.86422,-0.5297860820164666
19476,1030,37.81647,-122.06302,-0.388792456885825
19477,1030,37.9889,-122.2156,0.2347265086258162
19478,1030,37.72416,-122.11929,0.2217229366984436
19479,1030,37.12043,-122.1552,0.8431780118868452
19480,1030,37.51704,-122.37731,-0.2198206530639096
19481,1030,37.67433,-122.39855,-0.0353368604542731
19482,1030,37.16067,-121.89899,1.0638101171834211
19483,1030,37.92144,-122.71806,0.6243781382672928
19484,1030,38.04962,-122.52331,0.6664988580340871
19485,1030,38.12282,-122.14921,-0.1838611448498218
19486,1030,37.77737,-122.39689,0.129667393228904
19487,1030,37.76386,-122.4736,1.0960796493786178
19488,1030,37.762,-122.505,0.8898726610072392
19489,1030,37.40701,-122.0946,-0.3594136481910553
19490,1030,37.54187,-122.30471,0.4235853653655726
19491,1030,37.30249,-121.97978,-0.1391782342998299
19492,1030,37.26748,-121.86656,-0.8094802550330692
19493,1030,37.26352,-121.91617,-1.0069833141782218
19494,1030,37.30143,-121.9039,-0.7847632770564124
19495,1030,37.31816,-121.94354,0.8742199166432588
19496,1030,37.3066,-121.84915,-0.9587909783999796
19497,1030,37.66,-121.873,-0.2097718156002147
19498,1030,37.68,-121.739,-0.4041774402259025
19499,1030,37.59094,-122.36741,0.7815971860111821
19500,1030,37.40718,-122.00001,-0.4159693857097001
19501,1030,37.74664,-122.38679,1.1135626147080853
19502,1030,37.39415,-122.06041,-0.4418613684255846
19503,1030,37.45098,-122.4287,0.2533419269774829
19504,1030,37.59268,-122.07449,-0.0485234353237562
19505,1030,37.71737,-121.72701,-0.7573774672227257
19506,1030,37.67928,-122.48405,1.2565575302904777
19507,1030,38.03445,-122.27016,-1.2641174227681742
19508,1030,37.85727,-122.42266,1.1553259407313894
19509,1030,37.85884,-121.99264,-0.0184704659489676
19510,1030,37.31861,-122.15314,-1.164693147069777
19511,1030,37.51604,-122.45815,0.3511087708379332
19512,1030,37.63719,-122.47482,-0.7824180887863158
19513,1030,37.58644,-122.50217,-0.3318320555292112
19514,1030,38.04248,-122.79684,1.1327492229682985
19515,1030,37.9231,-122.5983,-0.1982427735023074
19516,1030,38.38921,-122.66297,-0.0047839879434296
11609,1031,37.27117,-121.98617,-1.1983182331398663
11610,1031,37.16346,-121.62645,-1.225072049135934
11611,1031,37.45035,-121.80037,-0.2216356418393734
11612,1031,37.34305,-122.33976,0.5550715324367391
11613,1031,37.21427,-122.17168,-0.1113910264833519
11614,1031,37.20631,-121.97726,-0.2503348903056213
11615,1031,37.15432,-121.73467,1.4041222458633769
11616,1031,37.2708,-122.21276,-0.0481313002288967
11617,1031,37.40372,-122.17596,-0.0593340716325116
11618,1031,37.008,-121.287,-1.4159651166675145
11619,1031,36.851,-121.402,-0.390743518484572
11620,1031,37.141,-121.663,0.8145544057243795
11621,1031,36.891,-121.404,-0.7836125929292417
19676,1031,37.91881,-122.15176,-0.3479247876624847
19677,1031,37.87352,-122.26099,-1.816203569620425
19678,1031,38.03455,-120.38651,-1.360174576562984
19679,1031,37.69782,-123.0011,-2.020287424519303
19680,1031,38.99349,-123.07234,-0.8070386479789151
19682,1031,37.34164,-121.64257,-1.5820046760196451
19683,1031,38.87874,-122.44277,-1.338128046452596
19685,1031,35.945,-120.542,-0.7347963082861598
19686,1031,37.28744,-121.86422,-0.1772715921009574
19687,1031,37.81647,-122.06302,0.6574668333461714
19688,1031,37.25898,-121.67311,-0.893332793196279
19689,1031,37.9889,-122.2156,0.8684451073398409
19690,1031,37.94906,-122.40851,-0.0383890650821707
19691,1031,37.72416,-122.11929,0.2204960431181785
19692,1031,37.80787,-122.3618,1.2898624535688683
19693,1031,37.12043,-122.1552,1.0333678135197724
19694,1031,37.51704,-122.37731,-0.3844544793057042
19695,1031,37.16067,-121.89899,0.5109763373466137
19696,1031,37.92144,-122.71806,0.6866505856046262
19697,1031,38.04962,-122.52331,1.07996448412308
19698,1031,38.233,-122.636,1.2296273959053698
19699,1031,37.76021,-122.41524,0.8229134859405653
19700,1031,37.77737,-122.39689,0.0858496773490669
19701,1031,37.75094,-122.49072,1.175209680066356
19702,1031,37.76386,-122.4736,1.1563802104124912
19703,1031,37.762,-122.505,1.4774726950964223
19704,1031,37.40701,-122.0946,-0.2988806068697018
19705,1031,37.4748,-122.2392,-0.67952165313275
19706,1031,37.54187,-122.30471,0.2208909898561674
19707,1031,37.26352,-121.91617,-1.3003386427751455
19708,1031,37.30143,-121.9039,-0.6902739858384169
19709,1031,37.31816,-121.94354,0.6048165491170603
19710,1031,37.3066,-121.84915,-1.0046433925622689
19711,1031,37.66,-121.873,0.013806895383808
19712,1031,37.68,-121.739,0.228214744407139
19713,1031,37.41702,-121.9154,-0.1381349704716777
19714,1031,37.59094,-122.36741,0.4728961664195475
19715,1031,37.74766,-122.42528,0.8620770671499844
19716,1031,37.85727,-122.42266,1.4225344039406922
19717,1031,37.74766,-121.70843,-0.0301825979718408
19718,1031,37.7294,-121.83346,0.461416252972749
19719,1031,37.85884,-121.99264,0.4770734925803007
19720,1031,37.91233,-121.90716,-1.0893373497311385
19721,1031,38.02691,-122.01599,-0.5997936119116102
19722,1031,37.31861,-122.15314,-1.779883594366778
19723,1031,37.17217,-122.01121,0.5693959325819381
19724,1031,37.04922,-121.80722,-1.1262368247425243
19725,1031,37.36045,-122.18986,-0.9569522154586756
19726,1031,37.51604,-122.45815,0.1314023964476143
19727,1031,37.63719,-122.47482,-0.9579055913300516
19728,1031,37.19855,-122.34671,0.4087964925731309
19729,1031,37.58225,-122.42006,0.022845132064072
19730,1031,37.28397,-122.05017,-0.9992944426220692
19731,1031,37.58644,-122.50217,-0.5063887117324849
19733,1031,37.6444,-118.89683,2.7450084567127533
19734,1031,37.65909,-118.97907,2.899898354586729
19735,1031,38.26021,-122.55179,-0.0464094306454773
19736,1031,38.30988,-122.943,-0.4351351739281597
19737,1031,38.33656,-122.81082,1.3743752686625228
19738,1031,38.46769,-122.89651,0.1100245685438194
19739,1031,38.28043,-122.21582,-1.2098285890934797
19740,1031,38.15486,-121.80438,-0.3662378353525518
19741,1031,38.16488,-122.71296,0.1523244208327874
19742,1031,38.07601,-122.2585,0.0336032817680547
19743,1031,38.04248,-122.79684,1.3377609771909906
19744,1031,37.99642,-123.01949,-0.8142288275325058
19745,1031,38.34878,-122.57795,1.7666632338221329
19746,1031,38.14361,-122.44969,-0.3262232590837068
19747,1031,38.38921,-122.66297,0.3146335362416738
11622,1032,37.27117,-121.98617,-1.7287944105350972
11623,1032,36.61809,-121.31468,3.114624002258882
11624,1032,37.16346,-121.62645,-0.8011821468184255
11625,1032,37.45035,-121.80037,-1.1427283185100388
11626,1032,37.73786,-122.06486,0.1433546323347265
11627,1032,36.68011,-119.02282,2.7738544621619057
11628,1032,37.17217,-122.01121,0.132992499329279
11629,1032,36.92745,-121.82764,-0.9784103266423788
11630,1032,37.21427,-122.17168,-0.3093092298861962
11631,1032,37.20631,-121.97726,-0.7382827647916739
11632,1032,37.15432,-121.73467,1.1024716744853178
11633,1032,37.2708,-122.21276,-0.621396836044424
11634,1032,37.40373,-122.23868,-2.346722588596806
11636,1032,37.34164,-121.64257,-2.5212191717027777
11637,1032,37.65909,-118.97907,4.332551594682394
11638,1032,37.008,-121.287,0.5230507090190587
11640,1032,36.2159,-120.80126,1.4517752346580055
11641,1032,36.0688,-120.59618,1.6539816063228387
11642,1032,35.63597,-120.86984,2.497113364311428
11643,1032,37.28744,-121.86422,-0.3861254963791992
11644,1032,37.62211,-121.75697,-1.939706269424728
11645,1032,36.851,-121.402,2.1811990849431173
11646,1032,36.891,-121.404,1.5776402591755192
11647,1032,36.86,-121.54,1.0903467879154551
11648,1032,36.671,-121.642,3.122040271101949
11649,1032,36.807,-121.778,0.3016054381749139
11650,1032,36.862,-121.578,1.7899509195627663
11651,1032,36.987,-121.536,-0.1353361413586704
11652,1032,36.848,-121.397,2.759509093098852
21288,1032,37.91881,-122.15176,-1.613881205250786
21289,1032,37.87352,-122.26099,-2.2034334033910032
21290,1032,38.03455,-120.38651,-0.6379990166961641
21291,1032,37.69782,-123.0011,-1.951646179519538
21293,1032,36.3887,-121.5514,3.731269901449896
21294,1032,38.99349,-123.07234,-1.3928276699247932
21296,1032,38.14478,-122.88018,-1.3062318316436727
21297,1032,38.87874,-122.44277,-2.157491105671541
21298,1032,39.55451,-121.50036,-0.5690625004223197
21300,1032,39.2291,-121.7861,0.3435755747441295
21301,1032,37.25898,-121.67311,-1.9757134246485688
21302,1032,37.72416,-122.11929,-0.5389190103950772
21303,1032,37.12043,-122.1552,0.8337770703999413
21304,1032,37.16067,-121.89899,0.8379322984579931
21305,1032,37.40701,-122.0946,-0.6006092581016067
21307,1032,37.85727,-122.42266,0.6896137834993165
21308,1032,37.74766,-121.70843,-0.4166417963634333
21309,1032,37.7294,-121.83346,-0.475555185641636
21310,1032,37.37289,-121.76887,-1.4459600364915814
21311,1032,37.81041,-121.80272,-1.0582524986929704
21312,1032,37.9889,-122.2156,0.131804415187162
21313,1032,37.85884,-121.99264,-0.282451704245072
21314,1032,37.91233,-121.90716,-1.6721699296048786
21315,1032,38.02691,-122.01599,-1.323464943583296
21316,1032,37.0254,-121.4845,-0.6159719362718972
21317,1032,37.34305,-122.33976,0.4131363055263255
21318,1032,37.31861,-122.15314,-2.173875957976984
21319,1032,37.04922,-121.80722,-4.872168155765782
21320,1032,37.36045,-122.18986,-1.1085759797454424
21321,1032,37.51604,-122.45815,-0.0651079497764177
21322,1032,37.63719,-122.47482,-0.8792168176638255
21323,1032,37.79499,-122.4746,-0.1115242101348191
21324,1032,37.19855,-122.34671,0.1907475130859506
21325,1032,37.58225,-122.42006,-0.5911836533409138
21326,1032,37.40372,-122.17596,-0.8473566134471331
21327,1032,37.58644,-122.50217,-0.8873811111518318
21328,1032,37.6444,-118.89683,4.030564631557564
21329,1032,38.26021,-122.55179,-0.7796157457786772
21330,1032,38.00198,-122.47466,0.2320990330545759
21331,1032,38.15486,-121.80438,-1.1111617610228044
21332,1032,38.07601,-122.2585,-0.8172224479570799
21333,1032,37.92371,-122.59649,0.0406211521341269
21334,1032,35.73065,-120.24986,0.3410331348783858
21335,1032,35.40773,-120.54556,2.9921790869907103
21336,1032,35.86661,-120.4796,2.3293646652271467
21337,1032,35.82404,-121.05393,-3.0634181537991934
11653,1033,37.40718,-122.00001,-0.4026452427408323
11654,1033,37.376,-121.84367,-1.9395596635351675
11655,1033,37.27117,-121.98617,-1.7415787798195392
11656,1033,37.87622,-122.23558,-1.1199589511936188
11657,1033,37.87352,-122.26099,-1.3804129577238693
11658,1033,37.16346,-121.62645,-1.7603761242151708
11659,1033,37.85727,-122.42266,2.046931021986268
11660,1033,37.45035,-121.80037,-1.122108105230314
11661,1033,37.74766,-121.70843,-0.1827685326542308
11662,1033,37.25898,-121.67311,-1.488625801569318
11663,1033,37.37289,-121.76887,-0.8398063191161428
11664,1033,37.73786,-122.06486,0.055875772165045
11665,1033,37.81041,-121.80272,-0.9894624521959368
11666,1033,37.94906,-122.40851,0.7777824677016327
11667,1033,37.91233,-121.90716,-1.5323446834753716
11668,1033,36.3887,-121.5514,0.4568593087869311
11669,1033,37.0254,-121.4845,-0.9414921184783932
11670,1033,37.34305,-122.33976,1.9226804060059444
11671,1033,37.17217,-122.01121,0.1010729386379536
11672,1033,37.04922,-121.80722,-1.802967488354598
11673,1033,36.92745,-121.82764,-1.6249076291368842
11674,1033,37.36045,-122.18986,0.6145096458308752
11675,1033,37.51604,-122.45815,2.3337613212814974
11676,1033,37.21427,-122.17168,0.2787607184516456
11677,1033,37.20631,-121.97726,-0.4318415628404956
11678,1033,37.15432,-121.73467,-1.3392323257146388
11679,1033,37.63719,-122.47482,0.9913975492746624
11680,1033,37.79499,-122.4746,0.6404773778407691
11681,1033,37.19855,-122.34671,0.6773255179999721
11682,1033,37.58225,-122.42006,0.987036556280778
11683,1033,37.67433,-122.39855,1.3334857057842884
11684,1033,37.58644,-122.50217,1.6165891600924551
11685,1033,37.34164,-121.64257,-0.2349749766358394
11686,1033,38.00198,-122.47466,1.1780877020262923
11687,1033,38.33656,-122.81082,1.9911592253918424
11688,1033,38.04962,-122.52331,2.241544015364624
11689,1033,37.92371,-122.59649,1.546943519837188
11690,1033,37.008,-121.287,0.2329109962697685
11691,1033,37.28744,-121.86422,-0.6336667547665356
11692,1033,37.62211,-121.75697,-2.0347760643318806
11693,1033,37.39631,-121.75803,-0.6087333356259312
11694,1033,37.468,-122.308,1.525188009887536
11696,1033,37.79202,-122.26382,1.362632866318912
11697,1033,37.118,-121.55,0.2001262246607328
11698,1033,37.224,-121.74,0.9823229622020776
11699,1033,37.29,-121.764,-0.7802679135505728
11700,1033,37.001,-121.522,0.1571292043280942
11701,1033,37.124,-121.551,-0.7751366981735319
11702,1033,37.21,-121.803,0.2879503689842799
11703,1033,37.329,-121.937,-0.5859009638910493
11704,1033,37.484,-122.313,1.5628636781648555
11705,1034,33.3527,-115.733,-0.1755072139071143
11707,1034,35.2693,-116.0703,0.3705275489922701
11708,1034,34.68224,-118.57398,1.147823147149729
11709,1034,33.4019,-118.41502,0.2525986661215648
11711,1034,34.0602,-117.809,-0.7421567034510334
11712,1034,33.876,-117.561,-0.0217349366746067
11713,1034,34.63745,-115.38115,0.2646414476825012
11714,1034,33.93597,-116.57794,-0.3767058480446804
11715,1034,33.65,-117.009,1.233845553635344
11716,1034,32.805,-115.447,0.3145058448152773
11717,1034,34.88303,-117.99106,0.8718322080241226
11718,1034,34.1,-117.439,-0.6972087703920722
11719,1034,35.082,-117.58267,0.3897224307683681
11720,1034,33.8717,-117.92251,-0.4474745156834007
11721,1034,36.46719,-116.86322,-0.0547710738001279
11722,1034,33.051,-114.827,-0.6924124193459658
11724,1034,35.30177,-116.80574,-0.8905147556233675
11725,1034,34.8294,-116.335,-0.6890953098779967
11726,1034,33.0859,-116.5959,0.5537006702279864
11727,1034,34.15037,-118.10156,-0.2847052388557843
11728,1034,34.61462,-118.29104,0.6569469908143984
11729,1034,34.61594,-117.82493,1.5660280874763928
11730,1034,34.5214,-117.991,0.9476561060196682
11731,1034,34.3656,-117.36683,-1.2390583582616177
11732,1034,34.005,-117.562,0.2926905335657906
11734,1034,34.22362,-118.05832,0.1497196352374486
11735,1034,34.8249,-114.59941,1.0497785610894084
11736,1034,34.6145,-118.7235,-1.0440516204222603
11737,1034,34.1484,-118.1711,-1.3715453877453567
11739,1034,33.354,-116.863,0.5906402866301342
11740,1034,33.7953,-117.60906,-1.0617390601524264
11741,1034,33.74346,-118.40412,-0.0451530466652852
11743,1034,34.05073,-118.08085,1.0593198331887483
11744,1034,33.99351,-117.37545,0.3484560415664408
11745,1034,33.70432,-117.88578,-0.1995303710756908
11746,1034,34.44076,-119.71492,-0.2399837237033812
11747,1034,34.232,-117.235,-1.0374852206988423
11748,1034,32.9799,-118.54697,-0.1777679240826475
11749,1034,35.8996,-116.27515,1.483700387716612
11750,1034,34.01438,-118.45617,0.0622232755053298
11751,1034,34.27091,-118.74407,-0.3110219469862667
11752,1034,32.841,-117.248,0.3558723731203616
11753,1034,34.416,-118.449,0.1167925600780606
11754,1034,34.106,-117.098,1.489959572194759
11755,1034,32.94508,-115.79988,-0.092197647314445
11756,1034,34.38203,-117.67822,0.3362215324709275
11757,1034,34.15607,-118.82039,-1.777071696525209
11758,1034,34.01919,-118.28631,-0.4813998660353235
11759,1034,34.48364,-118.11783,-1.3529370375805565
11760,1034,34.56065,-117.3296,1.1092477385682655
11761,1035,34.312,-118.496,-1.1539480963599824
11762,1035,34.313,-118.498,-1.869673622609887
11763,1035,34.258,-118.301,-0.6467401640420518
11764,1035,34.207,-118.233,0.954338826968252
11765,1035,34.127,-118.346,-0.0770048603581384
11766,1035,34.148,-118.371,0.3758697568440072
11767,1035,34.196,-118.341,-0.030032659135581
11768,1035,34.174,-118.2,0.5617799469790823
11769,1035,34.387,-118.533,-0.5585481258738276
11770,1035,34.143,-118.304,0.8973795854326815
11771,1035,34.327,-118.444,0.1428450578687446
11772,1035,34.219,-118.429,0.8310010010965305
11773,1035,34.172,-118.42,0.6742570798658729
11774,1035,34.084,-118.307,0.992505008850662
11775,1035,34.199,-118.396,-0.8521547040985817
11776,1035,34.07,-118.346,0.4435819721794512
11777,1035,34.271,-118.735,-0.1559127961450673
11778,1035,34.262,-118.669,0.8624784152298683
11779,1035,34.139,-118.364,0.3125471639586647
11780,1035,34.18,-118.336,-0.2189713039123357
11781,1035,34.044,-118.443,0.1777672843267961
11782,1035,34.029,-118.409,0.2356943422937343
11783,1035,34.056,-118.274,0.2894477071404596
11784,1035,34.6172,-118.285,0.2695991236010682
11785,1035,34.19658,-118.02307,0.962269324971591
11786,1035,34.073,-118.117,1.055242119835368
11787,1035,34.09671,-118.47946,1.350259713054801
11788,1035,34.14647,-118.76699,-0.324662592526441
11789,1035,34.68708,-118.29946,-1.6916112445309377
11790,1035,32.68005,-116.67215,0.8339162717070904
11791,1035,34.1949,-118.354,0.0790203567760229
11792,1035,34.2623,-116.92075,0.8111193300813246
11793,1035,33.57508,-117.26119,0.6378465298331415
11794,1035,34.069,-116.39,0.051396724763148
11795,1035,33.268,-116.417,0.389835656848234
11796,1035,34.68224,-118.57398,-0.2547693844125529
11797,1035,33.38822,-117.19495,1.0677046485675006
11799,1035,33.999,-117.68,-1.1088214919061348
11800,1035,33.4019,-118.41502,0.107965575378721
11801,1035,34.093,-117.317,1.1086081988396634
11802,1035,33.655,-115.99,1.0736311709725763
11803,1035,33.93597,-116.57794,-0.2333262417890916
11804,1035,33.65,-117.009,1.3576176092641243
11805,1035,34.10618,-118.45505,-0.0593684818934619
11806,1035,34.88303,-117.99106,0.4975685011027219
11807,1035,35.082,-117.58267,1.0454238526618786
11808,1035,33.1537,-117.22921,-0.0667768512810178
11810,1035,34.1192,-117.809,0.6185190961699822
11811,1035,34.13677,-118.1283,-0.8641765492000851
11812,1035,35.30177,-116.80574,0.6082706645277048
11813,1035,34.8294,-116.335,1.1573344229149494
11814,1035,34.17643,-118.35967,-0.1657543266526598
11815,1035,35.66278,-118.47403,-2.085817360676248
11816,1035,33.0859,-116.5959,-0.0343298961529888
11817,1035,35.9823,-117.8076,1.132203241000498
11818,1035,34.15037,-118.10156,-0.6440002490988289
11819,1035,33.7141,-116.7119,-0.0328164872992557
11820,1035,34.00033,-118.37794,-0.0063944185044883
11821,1035,34.61462,-118.29104,-0.0310533894277808
11822,1035,34.30529,-118.48805,0.2340903755703599
11823,1035,34.10819,-119.06587,0.372123598796143
11824,1035,34.61594,-117.82493,-0.0372361694117281
11825,1035,34.5214,-117.991,0.0198874494355863
11826,1035,34.3656,-117.36683,-0.1048724471651063
11827,1035,33.3516,-116.5615,-0.2451336542848039
11828,1035,33.818,-116.369,0.7494224215171252
11829,1035,34.005,-117.562,0.186620361001503
11830,1035,34.28085,-118.9049,0.0345020611438957
11831,1035,33.808,-116.968,1.2816958890994654
11832,1035,34.22869,-118.55829,-0.0335086027278687
11833,1035,33.94539,-117.92372,-1.2469237812165133
11834,1035,34.6145,-118.7235,-1.3008188080304357
11835,1035,34.1484,-118.1711,-3.321196276834086
11836,1035,34.44199,-118.58215,-0.5511099004181913
11837,1035,34.1207,-117.63808,-0.6820034294367173
11839,1035,35.40773,-120.54556,-0.0943525368905861
11840,1035,33.82436,-116.51195,1.6967511963304054
11841,1035,33.354,-116.863,-0.7092181902983783
11842,1035,33.7953,-117.60906,0.217966006462002
11843,1035,36.30523,-119.24384,0.3263839789435999
11844,1035,34.10473,-117.97956,-1.2874580669343565
11845,1035,33.74346,-118.40412,-0.7412563597739066
11846,1035,34.05073,-118.08085,-1.2477738072685092
11847,1035,33.99351,-117.37545,0.9536146880389468
11848,1035,34.44076,-119.71492,-0.1825176175223566
11849,1035,34.232,-117.235,-0.5676161963574159
11850,1035,33.99543,-119.6351,0.7973551016385908
11851,1035,33.553,-117.662,-0.851499647585513
11852,1035,34.293,-119.1646,-1.485482591201995
11853,1035,35.89095,-117.28332,0.9912089513575983
11854,1035,34.01438,-118.45617,0.2960410106195217
11855,1035,33.24787,-119.52437,-0.508628686088755
11856,1035,34.416,-118.449,-1.439594696525194
11857,1035,36.1355,-118.81099,-0.8147106080508634
11858,1035,33.829,-117.789,-0.8962886134398765
11859,1035,34.30302,-119.18676,1.5601740693004555
11860,1035,34.106,-117.098,0.7050202700339857
11861,1035,34.38203,-117.67822,-0.6195556510100011
11862,1035,34.08377,-118.599,-0.3440779768980934
11863,1035,34.15607,-118.82039,-1.4386701591998958
11864,1035,34.01919,-118.28631,-1.9185400253671847
11865,1035,34.48364,-118.11783,0.663448861723713
11866,1035,35.84089,-119.08469,0.5643735615112034
11867,1035,34.56065,-117.3296,0.9322937216641728
11868,1035,33.94869,-118.25547,-0.2850772828349567
11885,1038,34.084,-118.6,-0.2293716939321207
11886,1038,34.3968,-119.299,0.1653436705013941
11887,1038,34.155,-118.641,-0.9497837487931812
11888,1038,34.55046,-117.43391,1.3269638642792665
11889,1038,34.14647,-118.76699,-0.2540708913362108
11890,1038,34.68708,-118.29946,-0.1720717290696025
11891,1038,35.1269,-118.83009,-1.8346508756981403
11892,1038,35.34444,-119.10445,-1.0322635405132623
11894,1038,34.2623,-116.92075,0.6129914080335538
11896,1038,34.23883,-117.65853,0.0041956363207031
11897,1038,34.069,-116.39,-0.0702748238424501
11899,1038,34.68224,-118.57398,0.348771047793492
11900,1038,35.52495,-117.36453,0.2591477379599966
11901,1038,36.5504,-117.80295,0.4418695266740836
11903,1038,33.999,-117.68,0.6069299653027046
11904,1038,33.4019,-118.41502,0.3528532892856723
11908,1038,34.25353,-118.33383,-0.0409472104656852
11909,1038,33.65,-117.009,0.3559874657944478
11910,1038,34.10618,-118.45505,-0.5446367610329932
11911,1038,33.567,-116.631,1.5967976115929925
11913,1038,34.88303,-117.99106,0.2969531307424954
11917,1038,34.72832,-119.98803,-2.489590822386194
11918,1038,33.71264,-118.29381,0.2410033891246839
11920,1038,35.30177,-116.80574,0.097649809414195
11921,1038,34.8294,-116.335,1.6004211831392028
11923,1038,35.66278,-118.47403,-1.4084917239361046
11924,1038,33.0859,-116.5959,1.2308045150908546
11925,1038,35.98249,-117.80885,0.3956798155407226
11926,1038,33.86889,-118.33143,1.4355109152828485
11927,1038,34.00033,-118.37794,0.4537767695070323
11928,1038,34.73551,-120.27996,0.1615030932817336
11930,1038,34.9906,-118.34156,0.209356958169232
11931,1038,34.30529,-118.48805,0.3334824810343031
11932,1038,34.10819,-119.06587,-1.0840178728149537
11933,1038,34.80762,-118.86775,-0.4195397725247748
11934,1038,34.61594,-117.82493,1.872540957376194
11935,1038,33.684,-117.943,0.3939434368426288
11936,1038,34.93439,-117.69629,-0.2391167969536929
11937,1038,35.47954,-117.68212,-0.901862201565491
11938,1038,34.3656,-117.36683,0.2012721681059425
11942,1038,34.005,-117.562,1.2515426048978162
11943,1038,34.28085,-118.9049,-0.3263602129020411
11944,1038,34.81258,-119.1453,-0.8676301954137711
11945,1038,36.05799,-117.48901,-0.9900770216695902
11947,1038,34.22362,-118.05832,0.895412921694464
11948,1038,34.53412,-120.17737,0.2951970725254174
11949,1038,33.94539,-117.92372,0.7803307399269417
11950,1038,34.6145,-118.7235,-1.6016576503384503
11951,1038,34.1484,-118.1711,-1.2799294768376643
11952,1038,34.44199,-118.58215,0.4027085575463141
11954,1038,35.40773,-120.54556,-0.7687735224404136
11955,1038,35.945,-120.542,-1.9242500776295384
11956,1038,33.354,-116.863,-0.4423920869275586
11957,1038,33.7953,-117.60906,-0.0500257802451398
11958,1038,33.63,-116.8478,0.7105768611106532
11959,1038,34.281,-118.478,1.417358960936851
11960,1038,33.74346,-118.40412,0.383960508159307
11961,1038,34.87533,-116.99684,0.4971180722982938
11962,1038,34.05073,-118.08085,0.0781767462059692
11963,1038,33.99351,-117.37545,-0.3014557872821418
11966,1038,34.44076,-119.71492,-2.437046221072503
11968,1038,33.99543,-119.6351,-0.3183967841110742
11969,1038,33.553,-117.662,0.0627497308274582
11970,1038,34.56547,-120.50137,-0.1890394012072241
11972,1038,34.43692,-119.1375,-0.7845588040935139
11973,1038,34.293,-119.1646,0.3846595134109612
11974,1038,35.89095,-117.28332,1.042310361869769
11975,1038,33.834,-116.797,0.278352814613209
11976,1038,34.90218,-120.44709,-1.1261054423751715
11977,1038,35.3142,-119.99581,-0.9055905198923196
11978,1038,34.01438,-118.45617,-0.1954549646113405
11979,1038,33.24787,-119.52437,-0.7086180636352732
11980,1038,34.05933,-118.64614,-0.2285558382962391
11981,1038,36.1355,-118.81099,0.0055074655448652
11982,1038,33.829,-117.789,-0.4349446597915931
11983,1038,34.30302,-119.18676,1.657289954403306
11984,1038,33.664,-117.769,-0.609458505943561
11985,1038,34.106,-117.098,0.6475629921089469
11986,1038,34.52775,-119.97834,-1.4600811786995578
11987,1038,34.38203,-117.67822,0.9751664227391798
11989,1038,35.14592,-119.41946,-0.9690228902855678
11991,1038,34.15607,-118.82039,-0.2983185258698157
11993,1038,34.413,-119.8427,0.570307890348577
11994,1038,34.48364,-118.11783,0.1855409002053839
11995,1038,35.84089,-119.08469,-0.426401965285981
11996,1038,35.53664,-118.14035,0.8300482926379751
11997,1038,34.51085,-119.27407,0.93682589433547
11998,1038,34.00948,-117.95077,0.6848103388734016
11999,1038,34.1717,-118.64971,0.9407187102845568
12065,1042,34.55046,-117.43391,1.2331065105182144
12066,1042,34.68708,-118.29946,2.007854701312238
12067,1042,34.2623,-116.92075,0.9671964776698906
12068,1042,33.921,-116.981,0.5493857997259565
12069,1042,34.069,-116.39,0.5130724297839572
12070,1042,34.68224,-118.57398,2.19747913077052
12071,1042,33.38822,-117.19495,-0.193006469957421
12072,1042,33.999,-117.68,-0.0045203528143451
12074,1042,34.25353,-118.33383,-1.2121300260726375
12075,1042,33.65,-117.009,1.1262880641976147
12076,1042,34.10618,-118.45505,-0.99051368768879
12077,1042,34.88303,-117.99106,1.1983401502221998
12078,1042,34.397,-118.918,-0.4889240191363745
12079,1042,33.71264,-118.29381,-1.6498700541275275
12080,1042,34.8294,-116.335,0.879455283775474
12081,1042,34.17643,-118.35967,-1.4841286526472937
12082,1042,35.9823,-117.8076,0.9115421917634444
12083,1042,33.7141,-116.7119,-0.3889087229668257
12084,1042,33.86889,-118.33143,-0.1289465429672286
12085,1042,34.00033,-118.37794,-1.07600067465697
12086,1042,33.9753,-118.14918,-1.0801357469995403
12087,1042,34.10819,-119.06587,0.1573332094051371
12088,1042,33.684,-117.943,-1.021293235648736
12089,1042,33.881,-118.176,0.0560403175483627
12090,1042,34.28085,-118.9049,-0.6423411678424632
12091,1042,36.05799,-117.48901,-2.0181294304078783
12092,1042,33.808,-116.968,1.4380047035224273
12094,1042,34.22362,-118.05832,1.0188212862298471
12095,1042,34.44199,-118.58215,-2.234933212007668
12097,1042,35.40773,-120.54556,0.8282532409919895
12098,1042,33.7953,-117.60906,-0.3205153096506526
12099,1042,33.74346,-118.40412,0.3842976288791717
12100,1042,34.05073,-118.08085,-0.596852554763035
12101,1042,34.44076,-119.71492,-1.4241939615915415
12102,1042,33.553,-117.662,-0.8179744100716456
12103,1042,35.3142,-119.99581,-0.9435024053801264
12104,1042,34.01438,-118.45617,-0.8522386862555341
12105,1042,34.05933,-118.64614,-1.1639423525053156
12106,1042,33.664,-117.769,-1.2516695656416172
12107,1042,34.106,-117.098,0.7695786333913461
12108,1042,34.01919,-118.28631,-1.8122942209622417
12109,1042,35.84089,-119.08469,1.2524765676750802
12110,1042,34.56065,-117.3296,2.0100276804346207
12111,1043,38.441,-122.701,0.658002528860621
12112,1043,37.75094,-122.49072,1.101739829818261
12113,1043,37.762,-122.505,1.3426780875177065
12114,1043,37.54187,-122.30471,0.3869439664066079
12115,1043,37.68,-121.739,-1.1666847625673835
12116,1043,37.59094,-122.36741,1.2760316276636172
12117,1043,37.27117,-121.98617,0.2985507105707574
12118,1043,37.71737,-121.72701,-1.109765185036628
12119,1043,37.67928,-122.48405,1.019776637677918
12120,1043,37.91056,-122.53778,2.057120649380863
12121,1043,38.03445,-122.27016,-1.7095332420128957
12122,1043,37.74484,-122.40134,0.4381087377298144
12123,1043,37.71633,-122.43117,1.6563968558690114
12124,1043,38.29027,-122.46125,-1.635887990062393
12125,1043,37.85727,-122.42266,1.511204529540619
12126,1043,37.45035,-121.80037,-1.1193358487951717
12127,1043,37.7294,-121.83346,0.305167561096043
12128,1043,37.85884,-121.99264,-0.3371687523417719
12129,1043,37.91233,-121.90716,-0.8544348263391864
12130,1043,38.02691,-122.01599,0.3776506381813578
12131,1043,37.34305,-122.33976,0.2176440303907842
12132,1043,37.31861,-122.15314,-0.0326292703210399
12133,1043,37.51604,-122.45815,-0.2377582225828311
12134,1043,37.21427,-122.17168,0.4556335835160723
12135,1043,37.20631,-121.97726,0.7113947165420197
12136,1043,37.15432,-121.73467,0.8791853448484641
12137,1043,37.63719,-122.47482,-0.1657926039716115
12138,1043,37.2708,-122.21276,0.9601556123771088
12139,1043,37.19855,-122.34671,-0.4455206117470419
12140,1043,37.58225,-122.42006,0.699248903561863
12141,1043,37.40372,-122.17596,0.010049181400692
12142,1043,37.58644,-122.50217,0.4975678250878425
12143,1043,39.68631,-123.58242,-2.5672716910008644
12146,1043,38.43951,-122.25272,-1.119948246469319
12147,1043,38.26021,-122.55179,-0.976222532439617
12148,1043,38.33656,-122.81082,-0.096825975446236
12149,1043,38.46769,-122.89651,-0.95621650474888
12150,1043,38.28043,-122.21582,-1.8209946120985845
12151,1043,38.16488,-122.71296,-1.1680982688382289
12152,1043,38.07601,-122.2585,-0.3029704845318632
12153,1043,38.04248,-122.79684,0.9019713101985236
12154,1043,37.99642,-123.01949,-0.6273979431535147
12155,1043,38.34878,-122.57795,-0.2538467649385763
12156,1043,38.38921,-122.66297,-0.2253366044200038
20356,1043,37.81647,-122.06302,-0.5758574344579822
20357,1043,37.9889,-122.2156,-0.169787675997871
20358,1043,37.94906,-122.40851,0.2608860632321482
20359,1043,37.72416,-122.11929,0.1352085761901479
20360,1043,37.12043,-122.1552,-0.3772891389752887
20361,1043,37.51704,-122.37731,0.0494606464462014
20362,1043,37.67433,-122.39855,0.8687306014185131
20363,1043,37.16067,-121.89899,1.915495799312872
20364,1043,37.92144,-122.71806,0.9541648267212016
20365,1043,38.04962,-122.52331,0.1810489895018118
20366,1043,38.12282,-122.14921,-0.4038106403173351
20367,1043,38.20025,-122.4644,-0.4784362762378915
20368,1043,38.233,-122.636,-1.1126727236631593
20369,1043,37.76021,-122.41524,0.725677313739894
20370,1043,37.77737,-122.39689,0.6372291398310873
20371,1043,37.76386,-122.4736,1.1470651716112852
20372,1043,37.4748,-122.2392,0.816054099073394
20373,1043,37.30249,-121.97978,-0.0184103920475532
20374,1043,37.26352,-121.91617,-0.417278598943967
20375,1043,37.30143,-121.9039,-0.4132189573704979
20376,1043,37.74766,-122.42528,0.9133667441715142
20377,1043,37.16346,-121.62645,-0.8640480154852408
20378,1043,37.74766,-121.70843,-0.1916636401665085
20379,1043,37.17217,-122.01121,1.3614880090711985
20380,1043,37.28397,-122.05017,0.2432004193541522
20381,1043,40.4756,-124.3375,-1.6399423146667855
20382,1043,40.4175,-124.1206,-2.2331347635286565
20383,1043,38.15486,-121.80438,-0.8105910963741214
20384,1043,37.9231,-122.5983,0.8335544778334741
12157,1044,37.91056,-122.53778,1.1292698682251494
12158,1044,38.03445,-122.27016,-0.8167327236917827
12159,1044,37.95397,-121.86554,-0.5101274378908441
12160,1044,37.87622,-122.23558,-1.5026560190131446
12161,1044,37.91881,-122.15176,-2.0046489183630483
12162,1044,37.87352,-122.26099,-1.5311856161936668
12163,1044,37.85727,-122.42266,0.1107720967487888
12164,1044,37.85884,-121.99264,-0.6636024520423881
12165,1044,37.91233,-121.90716,0.5771208609188573
12166,1044,38.02691,-122.01599,1.3695456662369287
12167,1044,38.34526,-122.4584,-0.4295667928908746
12168,1044,37.69782,-123.0011,-0.990543248559173
12169,1044,37.34305,-122.33976,1.0383114800196382
12170,1044,37.51604,-122.45815,0.9874888047877588
12171,1044,37.20631,-121.97726,0.9029451075330877
12172,1044,37.2708,-122.21276,0.6576679110004803
12173,1044,37.40373,-122.23868,-1.4491297323371448
12174,1044,37.58225,-122.42006,1.217538140555171
12175,1044,37.58644,-122.50217,1.2901361650147585
12176,1044,38.87874,-122.44277,-2.6087056308155754
12177,1044,38.43951,-122.25272,-0.70544988358413
12178,1044,38.26021,-122.55179,-1.4949875741674017
12179,1044,38.30988,-122.943,1.286103417807075
12180,1044,38.33656,-122.81082,0.7415842596655001
12181,1044,38.28043,-122.21582,-0.2731118580237917
12182,1044,38.15486,-121.80438,0.2225591093735831
12183,1044,38.16488,-122.71296,1.0746651575968724
12184,1044,38.07601,-122.2585,0.0881506239371195
12185,1044,38.04248,-122.79684,1.6858854913571948
12186,1044,37.99642,-123.01949,0.548990933728968
12187,1044,38.14361,-122.44969,-1.7237490623221277
12188,1044,38.38921,-122.66297,-1.0308842094730448
19748,1044,38.03455,-120.38651,-0.9877131629476594
19750,1044,38.99349,-123.07234,-4.356663161734283
19752,1044,37.34164,-121.64257,-2.110049869681545
19753,1044,39.55451,-121.50036,-2.075263032539296
19754,1044,37.008,-121.287,-0.7185545951130491
19757,1044,36.76403,-121.44722,-2.4977199982296154
19758,1044,37.9889,-122.2156,-0.3881279645667949
19759,1044,37.94906,-122.40851,-1.241528903235123
19760,1044,37.72416,-122.11929,-0.2949381995633812
19761,1044,37.80787,-122.3618,1.221808716644862
19762,1044,37.67433,-122.39855,0.7426924020198556
19763,1044,37.16067,-121.89899,1.5710501670560302
19764,1044,37.92144,-122.71806,0.9315497760612684
19765,1044,38.04962,-122.52331,0.9804179069841344
19766,1044,38.12282,-122.14921,-0.1555571332955412
19767,1044,38.20025,-122.4644,-0.0557840444477775
19768,1044,37.762,-122.505,0.7387593768869596
19769,1044,37.54187,-122.30471,0.9293498655534176
19770,1044,37.45098,-122.4287,0.6345801530655683
19771,1044,37.71737,-121.72701,-1.3243857575408362
19772,1044,37.67928,-122.48405,1.1800248308551056
19773,1044,38.29027,-122.46125,-1.1080012126224577
19774,1044,38.4421,-122.6068,1.917065583250246
19775,1044,37.72688,-122.15092,-0.902256731155682
19776,1044,37.8852,-122.03217,-0.2408358186907262
19777,1044,37.94215,-121.93047,0.8441274798355521
19778,1044,38.01299,-122.13416,0.4234785805201325
19779,1044,38.36743,-122.52403,0.557842430698011
19780,1044,37.74766,-121.70843,-0.7027371585659532
19781,1044,37.7294,-121.83346,-0.2001891290740217
19782,1044,37.73786,-122.06486,-0.2868247649900868
19783,1044,37.17217,-122.01121,1.390639991471276
19784,1044,37.36045,-122.18986,0.0109321571652725
19785,1044,37.21427,-122.17168,0.2044569641804403
19786,1044,37.15432,-121.73467,0.2875779263914816
19787,1044,37.63719,-122.47482,0.1052573144756428
19788,1044,37.6444,-118.89683,2.953352907839491
19789,1044,37.65909,-118.97907,3.123435382202595
19790,1044,38.46769,-122.89651,-0.2777868667529514
19791,1044,38.34878,-122.57795,-0.0264917830965492
19792,1044,38.24039,-122.79842,-0.5945891554328168
19793,1044,36.2159,-120.80126,-0.6623257779159153
12189,1045,37.76021,-122.41524,0.9532586739761908
12190,1045,37.77737,-122.39689,1.0007704376261384
12191,1045,37.76386,-122.4736,0.9032906994089565
12192,1045,37.54187,-122.30471,-0.404209487572257
12193,1045,37.74664,-122.38679,0.1910679851601572
12194,1045,37.45098,-122.4287,0.3670702093696578
12195,1045,37.67928,-122.48405,1.0380672662926127
12196,1045,37.88767,-122.29916,2.151630233726413
12197,1045,38.03445,-122.27016,1.619550528267108
12198,1045,37.71633,-122.43117,1.1452464744341777
12199,1045,37.81076,-122.29252,0.3677657633410455
12200,1045,37.8251,-122.27606,0.6267564314380704
12201,1045,37.72416,-122.44841,-0.2756511171177578
12202,1045,37.86059,-122.29327,1.5716328030882882
12203,1045,37.85835,-122.25252,3.5029333433620526
12204,1045,37.72688,-122.15092,-2.2024290851577244
12205,1045,37.8852,-122.03217,0.3432221860853992
12206,1045,38.01299,-122.13416,1.290117100435375
12207,1045,37.87352,-122.26099,2.8028090919037427
12208,1045,37.85727,-122.42266,1.0572507986323585
12209,1045,37.74766,-121.70843,-0.8654060014026418
12210,1045,37.7294,-121.83346,-1.962536497905605
12211,1045,37.73786,-122.06486,-0.9415094950578564
12212,1045,37.81041,-121.80272,-0.7492655133889917
12213,1045,37.9889,-122.2156,1.0718934552110668
12214,1045,37.85884,-121.99264,-1.5979228171908229
12215,1045,37.91233,-121.90716,-0.5384329100431119
12216,1045,37.34305,-122.33976,0.7349864162952997
12217,1045,37.17217,-122.01121,1.0968047909444505
12218,1045,37.36045,-122.18986,-0.3366886618555781
12219,1045,37.51604,-122.45815,1.3627208120746317
12220,1045,37.63719,-122.47482,0.2986272074259524
12221,1045,37.2708,-122.21276,-0.2119898327414017
12222,1045,37.79499,-122.4746,-0.1484748864959966
12223,1045,37.19855,-122.34671,0.6949839510806134
12224,1045,37.58225,-122.42006,0.1946079579360742
12225,1045,37.40372,-122.17596,-1.3875011199865344
12226,1045,37.58644,-122.50217,0.3069725696509486
12227,1045,38.43951,-122.25272,0.0255688188716815
12228,1045,38.00198,-122.47466,1.67238059633697
12229,1045,38.30988,-122.943,3.811198573086268
12230,1045,38.33656,-122.81082,3.1918539928938943
12231,1045,38.28043,-122.21582,-0.8136234618481224
12232,1045,38.16488,-122.71296,2.784886454672709
12233,1045,38.12282,-122.14921,0.5391506622194278
12234,1045,38.07601,-122.2585,1.2772220970092878
12235,1045,38.04248,-122.79684,2.43186361581857
12236,1045,37.99642,-123.01949,1.2803985718426072
12237,1045,38.20025,-122.4644,0.1869455756233755
12238,1045,37.92371,-122.59649,1.6859380453712356
12239,1045,38.14361,-122.44969,-0.5171980029071936
12240,1045,38.24039,-122.79842,1.6958527160427312
12241,1045,38.38921,-122.66297,0.6731853887820485
12243,1045,37.8965,-122.322,2.052070372686238
12244,1045,37.75896,-122.19756,-0.307257508516314
12245,1045,37.80285,-122.23033,0.3061002338339716
12247,1045,37.7934,-122.41636,1.0746300897190937
12248,1045,37.927,-122.078,0.1669420362475057
12250,1045,37.804,-122.443,-0.0689673700182467
12251,1045,37.95,-122.417,3.1365936872006634
12252,1045,37.763,-122.244,-3.140249149843206
12253,1045,38.108,-122.248,1.5973167713303238
12254,1045,38.33,-122.318,0.6616371225630976
12255,1045,37.91056,-122.53778,2.27124154437588
12256,1045,37.7986,-122.2684,0.8069409502946883
12257,1045,37.7897,-122.277,1.388389228869274
12258,1045,37.879,-122.183,1.795034046850911
12259,1045,37.848,-122.16,2.686479582059003
12260,1045,37.848,-122.228,4.322137568470922
12261,1045,37.697,-122.08,0.0926697106207994
12262,1045,37.876,-122.249,2.6050904555551173
12263,1045,37.935,-122.342,2.159848268879196
12264,1045,37.978,-122.329,1.0066411358812537
12265,1045,37.973,-122.036,1.7656533822981957
12266,1045,37.821,-122.234,2.230740013984465
12267,1045,37.822,-122.319,-0.0835977183212459
12268,1045,38.1217,-122.275,1.6305250606241375
12269,1045,37.87622,-122.23558,0.989498173553646
20026,1045,37.91881,-122.15176,0.6316003196765602
20027,1045,38.03455,-120.38651,-1.9269057613106395
20028,1045,37.69782,-123.0011,0.4193139194980405
20029,1045,39.65471,-122.71595,-3.582939047348773
20030,1045,36.3887,-121.5514,-0.8362484839445267
20032,1045,38.99349,-123.07234,-1.8165666539109893
20034,1045,38.14478,-122.88018,1.5202446791056854
20035,1045,37.34164,-121.64257,-2.3066835920445907
20036,1045,38.87874,-122.44277,-1.6783181077007392
20037,1045,39.55451,-121.50036,-1.9687963649403544
20038,1045,37.008,-121.287,-0.7994210255324911
20039,1045,35.945,-120.542,-1.7065854837275354
20040,1045,35.63597,-120.86984,0.1449933991240374
20041,1045,37.91608,-122.33607,2.2804092425159257
20042,1045,36.76403,-121.44722,-2.803462548195629
20043,1045,37.28744,-121.86422,-1.0444481822065568
20044,1045,39.2291,-121.7861,-0.7287969111120126
20045,1045,37.81647,-122.06302,-2.378024716556186
20046,1045,37.94906,-122.40851,1.3712926418450149
20047,1045,37.80787,-122.3618,3.362693310654425
20048,1045,37.12043,-122.1552,0.1657709970620748
20049,1045,37.51704,-122.37731,0.0139182872467987
20050,1045,37.16067,-121.89899,1.097145083336744
20051,1045,37.92144,-122.71806,1.5307759728642147
20052,1045,38.04962,-122.52331,1.901784981238769
20053,1045,38.441,-122.701,1.3272486754018964
20054,1045,38.233,-122.636,2.828716886827446
20055,1045,37.762,-122.505,-0.2445964182196567
20056,1045,37.40701,-122.0946,-2.127348576001179
20057,1045,37.30249,-121.97978,-1.9723690787443224
20058,1045,37.26748,-121.86656,-1.763940770421306
20059,1045,37.26352,-121.91617,-2.392435160647392
20060,1045,37.30143,-121.9039,-2.318633388255267
20061,1045,37.31816,-121.94354,-1.5099571616004244
20062,1045,37.68,-121.739,-2.620822693374704
20063,1045,37.41702,-121.9154,-2.1291626339839262
20064,1045,37.59094,-122.36741,-0.4934017884600499
20065,1045,37.74766,-122.42528,-0.7367418470385456
20066,1045,37.40718,-122.00001,-1.6876273807852094
20067,1045,37.39415,-122.06041,-1.979019662322263
20068,1045,37.376,-121.84367,-2.3546922667420707
20069,1045,37.59268,-122.07449,-2.294567392442427
20070,1045,37.71737,-121.72701,-2.5559573161769205
20071,1045,37.74484,-122.40134,-0.2781760966118575
20072,1045,37.77934,-122.486,-0.4585354857567679
20073,1045,37.41395,-121.87085,-2.090379511698969
20074,1045,37.6806,-121.92098,-2.764124862247657
20075,1045,38.29027,-122.46125,-0.0071389589256549
20076,1045,37.37418,-122.0781,-2.8340828186436218
20077,1045,38.4421,-122.6068,1.1806749274394976
20078,1045,37.69169,-122.16982,-1.4547803132683066
20079,1045,37.23294,-121.77186,-1.0443008988066385
20080,1045,37.38332,-121.91088,-1.411797197930739
20081,1045,37.28537,-121.93602,-1.9376798164777285
20082,1045,37.35834,-121.97775,-1.986861065210391
20083,1045,37.68873,-121.78351,-2.085851370858304
20084,1045,37.94215,-121.93047,-0.2004747068968849
20085,1045,38.36743,-122.52403,0.4225440242109911
20086,1045,37.66666,-121.85715,-2.8710334965867403
20087,1045,36.88311,-121.3908,-1.1711011523578012
20088,1045,37.16346,-121.62645,-0.6914077646941122
20089,1045,37.45035,-121.80037,-2.413479345701928
20090,1045,37.37289,-121.76887,-2.440453494257518
20091,1045,38.02691,-122.01599,-0.5066393174453406
20092,1045,38.76927,-123.01486,-0.8786453227634003
20093,1045,38.80797,-122.7953,0.4002118293060971
20094,1045,37.0254,-121.4845,-0.8438611933357161
20095,1045,37.31861,-122.15314,-1.701049111841363
20096,1045,37.04922,-121.80722,-1.32365134588036
20097,1045,36.92745,-121.82764,-0.447893836746099
20098,1045,37.21427,-122.17168,-0.2265233200006714
20099,1045,37.20631,-121.97726,-0.0658408186787622
20100,1045,37.15432,-121.73467,-0.3337923079564305
20101,1045,37.28397,-122.05017,-2.367524707034506
20102,1045,39.68631,-123.58242,-1.9074231042682808
20110,1045,37.6444,-118.89683,1.3333753504980586
20111,1045,37.65909,-118.97907,1.588104377212331
20112,1045,38.26021,-122.55179,-0.5426783283486689
20113,1045,38.46769,-122.89651,1.8272762729400407
20114,1045,38.15486,-121.80438,-1.622829603552066
20115,1045,38.65651,-122.61441,0.5891529895578815
20116,1045,38.34878,-122.57795,0.7708265683264239
20117,1045,35.73065,-120.24986,-1.6185740454333275
12270,1046,37.54187,-122.30471,-1.2786967217221223
12271,1046,37.27117,-121.98617,0.8191039657486492
12272,1046,37.45098,-122.4287,-0.3000426172504142
12273,1046,37.71633,-122.43117,0.4033029234870532
12274,1046,37.41395,-121.87085,-0.426038762238102
12275,1046,37.6806,-121.92098,-1.3110349436589
12276,1046,37.95397,-121.86554,-0.9823112157372564
12277,1046,37.87622,-122.23558,-0.504169389602573
12278,1046,37.91881,-122.15176,1.974360946326148
12279,1046,37.16346,-121.62645,0.4610729486387503
12280,1046,37.85727,-122.42266,-0.2732994171696697
12281,1046,37.45035,-121.80037,-2.3938788770593056
12282,1046,37.74766,-121.70843,-0.2215150882326292
12283,1046,37.73786,-122.06486,0.8681358503538159
12284,1046,37.81041,-121.80272,0.1365292194431959
12285,1046,37.85884,-121.99264,1.9785901785526605
12286,1046,37.91233,-121.90716,-0.3208634390916512
12287,1046,38.02691,-122.01599,-0.7461693565700954
12288,1046,38.34526,-122.4584,-1.8455390501058129
12289,1046,37.69782,-123.0011,-0.2480651734725358
12290,1046,36.3887,-121.5514,-0.0892644218037187
12291,1046,37.34305,-122.33976,0.7792022530298294
12292,1046,37.31861,-122.15314,-0.241789297091008
12293,1046,37.17217,-122.01121,1.8995540143588816
12294,1046,37.04922,-121.80722,0.6152427911296928
12295,1046,37.36045,-122.18986,-0.5895226436671912
12296,1046,37.51604,-122.45815,0.6496673648318015
12297,1046,37.21427,-122.17168,0.9757815096854648
12298,1046,37.20631,-121.97726,1.4169330480453657
12299,1046,37.15432,-121.73467,1.6174639884687925
12300,1046,37.63719,-122.47482,0.1071126844252168
12301,1046,37.2708,-122.21276,1.351027413174023
12302,1046,37.79499,-122.4746,0.1575827788047064
12303,1046,37.40373,-122.23868,-1.2595325841989609
12304,1046,37.58225,-122.42006,-0.2315795565710759
12305,1046,37.40372,-122.17596,-0.976388637003865
12306,1046,37.58644,-122.50217,0.0885393627810526
12307,1046,37.34164,-121.64257,-1.758055622483019
12308,1046,38.43951,-122.25272,-1.3012851169825432
12309,1046,38.26021,-122.55179,-2.38475748263939
12310,1046,38.00198,-122.47466,-1.0611740420898093
12311,1046,38.30988,-122.943,1.1914770448812444
12312,1046,38.33656,-122.81082,0.700583814838044
12313,1046,38.28043,-122.21582,-1.317412523142965
12314,1046,38.15486,-121.80438,-1.9055941526950049
12315,1046,38.16488,-122.71296,-0.2212283745227549
12316,1046,38.07601,-122.2585,-0.6311858258962337
12317,1046,38.04248,-122.79684,0.759984370067284
12318,1046,37.92371,-122.59649,0.0217266906321934
12319,1046,38.14361,-122.44969,-1.6495584832847277
12320,1046,38.24039,-122.79842,-1.2120565810411092
12321,1046,38.38921,-122.66297,-1.493904045427619
12322,1046,37.91608,-122.33607,1.1587477963071848
12323,1046,37.28744,-121.86422,1.8178814722591368
12324,1046,37.62211,-121.75697,-2.4866063673551
12325,1046,37.709,-121.932,-0.9882939051741846
12327,1046,37.934,-122.3,0.5268505797780402
12328,1046,37.672,-122.081,0.1079367245482083
12329,1046,38.108,-122.248,-0.2477800989294089
12331,1046,38.33,-122.318,-0.0361469349010351
12332,1046,37.77737,-122.39689,-0.0944362508614475
12333,1046,37.76386,-122.4736,-0.2165907951123761
12334,1046,37.762,-122.505,-0.2804014867594073
12335,1046,37.26748,-121.86656,1.35708258157696
12336,1046,37.59268,-122.07449,-0.1559291005410169
12337,1046,37.91056,-122.53778,0.4197171335783339
12338,1046,37.88767,-122.29916,1.2827884197147614
12339,1046,38.03445,-122.27016,-0.5617504157163801
12340,1046,37.81076,-122.29252,-0.4560147101780374
12341,1046,37.7986,-122.2684,-0.1668039517166848
12342,1046,37.99448,-122.11472,2.369415944888397
12343,1046,37.86059,-122.29327,0.3702433762065725
12344,1046,37.85835,-122.25252,1.796999810519548
12345,1046,37.36408,-122.01817,1.116684712724299
12346,1046,37.69169,-122.16982,-0.0844457166069944
12347,1046,37.38332,-121.91088,1.3293730974802709
12348,1046,37.35834,-121.97775,0.4899104607236801
12349,1046,37.72688,-122.15092,-0.99438338642322
12350,1046,37.8852,-122.03217,2.1825048984809845
12351,1046,37.94215,-121.93047,0.5223675988403791
12352,1046,38.01299,-122.13416,1.770166649676219
12353,1046,37.75896,-122.19756,-1.0502881363263004
12354,1046,37.7696,-122.1734,-1.1191432276766802
12355,1046,37.80285,-122.23033,-1.0460127050179882
12356,1046,37.72983,-122.20137,-0.4293821455519935
12357,1046,37.74485,-122.17054,-0.1234174765110171
12358,1046,37.81,-121.992,-1.1610686365347185
12359,1046,37.804,-122.443,0.0957454734116815
12360,1046,37.763,-122.244,-1.849799211693275
12361,1046,37.78446,-122.30297,-1.214204624925474
12362,1046,37.8965,-122.322,0.7626959036613422
12363,1046,37.78566,-122.19729,-1.2275273972382412
12364,1046,37.972,-121.829,-0.1459952091437909
12365,1046,37.879,-122.183,1.13411875313196
12366,1046,37.848,-122.16,1.004141974859905
12368,1046,37.876,-122.249,0.2729340203201167
12369,1046,37.935,-122.342,0.4289018115885919
12370,1046,37.973,-122.036,2.696967909413131
12371,1046,37.821,-122.234,0.7779971372594346
12372,1046,37.822,-122.319,-0.8948261142297776
12373,1046,37.7294,-121.83346,-0.5690503546405027
12381,1048,34.68708,-118.29946,-0.4308076985307157
12382,1048,35.1269,-118.83009,-1.1069842119876476
12383,1048,35.34444,-119.10445,0.5111066307279861
12384,1048,34.2623,-116.92075,0.8534161313955392
12385,1048,34.23883,-117.65853,0.2095662749253287
12386,1048,34.68224,-118.57398,0.7964547066167389
12388,1048,35.52495,-117.36453,-0.1540675843032447
12389,1048,36.5504,-117.80295,-1.4001474891524637
12392,1048,38.03455,-120.38651,2.993190236944845
12393,1048,36.43988,-118.08016,2.4705525156723844
12394,1048,34.25353,-118.33383,0.1906274305416383
12395,1048,33.65,-117.009,-0.0038141840148257
12396,1048,34.10618,-118.45505,-0.9678360428010426
12399,1048,34.72832,-119.98803,-1.1466786338451458
12400,1048,36.46719,-116.86322,-0.2774033714647226
12401,1048,36.99608,-117.36621,-1.4382003190921018
12402,1048,35.30177,-116.80574,-1.139686804318816
12403,1048,34.8294,-116.335,-0.2194962422698139
12404,1048,35.66278,-118.47403,-0.0664278384143784
12405,1048,35.98249,-117.80885,0.4351727165058311
12406,1048,34.36622,-116.61266,0.2150839060717162
12407,1048,34.9906,-118.34156,0.8131470631714282
12408,1048,34.80762,-118.86775,-0.3363198268045191
12409,1048,34.93439,-117.69629,-0.6773832086171457
12410,1048,35.47954,-117.68212,1.253559021818307
12411,1048,37.63019,-118.83605,1.394548832892026
12412,1048,36.05799,-117.48901,-1.7323873301048944
12413,1048,34.88848,-119.81362,-0.1526655782000084
12414,1048,34.22362,-118.05832,0.4955548068456534
12415,1048,34.53412,-120.17737,1.333039834792082
12416,1048,34.6145,-118.7235,-1.14477421005779
12417,1048,35.40773,-120.54556,1.873714019008179
12419,1048,34.87533,-116.99684,-0.8212836946037108
12420,1048,34.44076,-119.71492,-0.2898427440048369
12421,1048,34.43692,-119.1375,-0.9713862866832752
12422,1048,35.89095,-117.28332,-1.5537476622382251
12423,1048,35.3142,-119.99581,-0.5175198096609186
12424,1048,34.05933,-118.64614,-0.6828306461595158
12425,1048,34.106,-117.098,1.757866262193537
12426,1048,34.52775,-119.97834,0.0950245215907816
12427,1048,34.38203,-117.67822,0.7985699466854652
12429,1048,35.14592,-119.41946,-0.1012277019925584
12430,1048,37.05422,-118.23009,-0.8433796571955335
12431,1048,34.48364,-118.11783,0.1462840604878155
12432,1048,35.53664,-118.14035,1.6600741239097183
12433,1048,34.51085,-119.27407,-1.3880779325971515
12434,1049,37.66,-121.873,-1.0798745963498562
12435,1049,37.67928,-122.48405,1.4602052489024873
12436,1049,37.91056,-122.53778,3.1022483298201933
12437,1049,37.95397,-121.86554,-2.4627521669594983
12438,1049,37.87622,-122.23558,-1.262225215116018
12439,1049,37.91881,-122.15176,-0.4897512620735485
12440,1049,37.87352,-122.26099,-0.2687752064104571
12441,1049,37.16346,-121.62645,-1.1695409507707832
12442,1049,37.85727,-122.42266,0.9682032582166964
12443,1049,37.45035,-121.80037,-0.915486971339597
12444,1049,37.74766,-121.70843,0.953586856888625
12445,1049,38.03455,-120.38651,-0.8267047460597081
12446,1049,37.85884,-121.99264,0.1686853660625034
12447,1049,37.91233,-121.90716,0.1822954476338638
12448,1049,38.34526,-122.4584,-0.1316411081653591
12449,1049,37.69782,-123.0011,0.6241636965709942
12450,1049,37.34305,-122.33976,0.5616291518821949
12451,1049,37.17217,-122.01121,1.1453131437834922
12452,1049,37.51604,-122.45815,1.4342815724544429
12453,1049,37.21427,-122.17168,-0.2119721414914553
12454,1049,37.20631,-121.97726,1.5376698787634644
12455,1049,37.63719,-122.47482,0.1880907007278949
12456,1049,37.19855,-122.34671,0.4893226602264557
12457,1049,37.58225,-122.42006,0.0092909498110175
12458,1049,37.40372,-122.17596,-2.0008097132560185
12459,1049,37.58644,-122.50217,0.4907455542815533
12460,1049,37.34164,-121.64257,-2.6253874556447987
12461,1049,37.65909,-118.97907,2.1721294737680457
12462,1049,38.33656,-122.81082,2.541695669702467
12463,1049,38.28043,-122.21582,0.2908609961730905
12464,1049,38.16488,-122.71296,1.983451754000059
12465,1049,38.07601,-122.2585,-0.005386470128038
12466,1049,37.99642,-123.01949,0.4961090924712625
12467,1049,38.34878,-122.57795,1.4432303680975982
12468,1049,38.38921,-122.66297,0.5149869028960562
12469,1049,38.2026,-121.9354,0.8084856097768233
12470,1049,36.76403,-121.44722,-3.577776648801221
12471,1049,37.62211,-121.75697,-2.055521759216924
12472,1049,37.844,-122.295,-0.118460237738405
12473,1049,37.515,-121.83,0.2381018460430346
12474,1049,37.597,-121.88,0.5950750252257716
12475,1049,37.709,-121.932,-1.4398980606953116
12476,1049,37.81,-121.992,0.1933095300977114
12477,1049,37.927,-122.078,0.8660692596260595
12478,1049,37.95,-122.417,1.2882787137224656
12479,1049,37.672,-122.081,0.209834164105545
12480,1049,37.68,-121.739,-2.578532241475932
12481,1049,37.59268,-122.07449,-1.1913278171630604
12482,1049,37.71737,-121.72701,-2.531302674845482
20338,1049,38.99349,-123.07234,-3.903576129693272
20339,1049,35.945,-120.542,-2.533165667197319
20340,1049,37.91608,-122.33607,0.8331455632811563
20341,1049,37.28744,-121.86422,-1.0078794927947536
20342,1049,37.81647,-122.06302,-0.4546031885516884
20343,1049,37.25898,-121.67311,-2.8177795162194474
20344,1049,37.9889,-122.2156,0.5512278046302007
20345,1049,37.94906,-122.40851,0.035922313412487
20346,1049,37.72416,-122.11929,0.2424903363486669
20347,1049,37.80787,-122.3618,0.5897478943794516
20348,1049,37.12043,-122.1552,0.5634364099076388
20349,1049,37.51704,-122.37731,-1.5656503248638958
20350,1049,37.67433,-122.39855,0.3196263777276062
20351,1049,37.16067,-121.89899,1.3434585303581208
20352,1049,37.92144,-122.71806,3.0283364880424184
20353,1049,38.04962,-122.52331,2.2005929130946296
20354,1049,38.12282,-122.14921,-0.4827546081771589
20355,1049,38.20025,-122.4644,0.6944560029335952
12483,1050,37.376,-121.84367,-2.1315763249768893
12484,1050,37.27117,-121.98617,-0.6832531443741751
12485,1050,37.85727,-122.42266,1.1037693979532084
12486,1050,37.45035,-121.80037,-1.5748033047268075
12487,1050,37.74766,-121.70843,0.0091506662175867
12488,1050,37.37289,-121.76887,0.376465900251902
12489,1050,37.73786,-122.06486,-0.5599380024274682
12490,1050,37.34305,-122.33976,2.4327656902958115
12491,1050,37.17217,-122.01121,2.942791214625544
12492,1050,37.36045,-122.18986,0.6677111638179908
12493,1050,37.51604,-122.45815,1.6907490633610538
12494,1050,37.21427,-122.17168,1.8766576387361524
12495,1050,37.20631,-121.97726,0.5022306281637587
12496,1050,37.15432,-121.73467,0.2816924037844024
12497,1050,37.2708,-122.21276,1.1699141557116362
12498,1050,37.19855,-122.34671,2.162712197604746
12499,1050,37.58225,-122.42006,0.5984111830102751
12500,1050,37.40372,-122.17596,-0.3021798165428617
12501,1050,37.28397,-122.05017,-0.2050890587823001
12502,1050,37.58644,-122.50217,1.0034605666820613
20685,1050,37.91881,-122.15176,-2.1732493484240085
20686,1050,37.87352,-122.26099,-2.358445215992246
20687,1050,38.03455,-120.38651,1.1963517736026972
20688,1050,37.69782,-123.0011,-1.2652171063467006
20689,1050,38.99349,-123.07234,-2.481463102283534
20690,1050,38.87874,-122.44277,-2.1580103997673814
20691,1050,39.55451,-121.50036,-0.4566015331805633
20692,1050,37.008,-121.287,2.049005081585277
20693,1050,35.945,-120.542,-0.7890166521368904
20694,1050,35.63597,-120.86984,1.3725323099170308
20695,1050,36.76403,-121.44722,-0.0871177920492899
20696,1050,37.25898,-121.67311,-0.2551913711118286
20697,1050,37.9889,-122.2156,-0.3703303707385124
20698,1050,37.94906,-122.40851,-0.2478861462998847
20699,1050,37.72416,-122.11929,-0.9181131705552756
20700,1050,37.80787,-122.3618,1.8380811649175384
20701,1050,37.12043,-122.1552,1.897438557783463
20702,1050,37.51704,-122.37731,-0.1506129930333937
20703,1050,37.16067,-121.89899,2.1575029272615094
20704,1050,37.92144,-122.71806,0.2965426265556284
20705,1050,38.04962,-122.52331,1.2880413842147609
20706,1050,38.20025,-122.4644,-0.4290382311091237
20707,1050,37.76021,-122.41524,0.4266024280849679
20708,1050,37.75094,-122.49072,0.7741082132074933
20709,1050,37.76386,-122.4736,0.6191086078615408
20710,1050,37.762,-122.505,0.7807674115303452
20711,1050,37.40701,-122.0946,-0.8422771656471313
20712,1050,37.4748,-122.2392,-0.1135086230990527
20713,1050,37.54187,-122.30471,-0.2567578298879617
20714,1050,37.30249,-121.97978,-0.7120562848368807
20715,1050,37.26748,-121.86656,-0.942638818000214
20716,1050,37.26352,-121.91617,-1.5780731240525092
20717,1050,37.30143,-121.9039,-0.7376803977066007
20718,1050,37.31816,-121.94354,-0.4944971159846161
20719,1050,37.3066,-121.84915,-0.2840933457315478
20720,1050,37.68,-121.739,-0.9134354172847065
20721,1050,37.41702,-121.9154,-1.4971527647611658
20722,1050,37.59094,-122.36741,0.857320262527005
20723,1050,37.40718,-122.00001,0.0939639150071129
20724,1050,37.74664,-122.38679,0.4508032935236964
20725,1050,37.39415,-122.06041,-0.0665556530142226
20726,1050,37.45098,-122.4287,1.7754506606579867
20727,1050,37.59268,-122.07449,-1.1415079247837685
20728,1050,37.71737,-121.72701,-1.600180347590718
20729,1050,37.67928,-122.48405,1.2272582609367215
20730,1050,37.91056,-122.53778,1.63930051926549
20731,1050,38.03445,-122.27016,-1.2637389567100723
20732,1050,37.74484,-122.40134,0.4494917349131327
20733,1050,37.71633,-122.43117,1.054459923176648
20734,1050,37.72416,-122.44841,0.7130640053832668
20735,1050,37.41395,-121.87085,-1.5181713309713856
20736,1050,37.6806,-121.92098,-1.3275562877037954
20737,1050,37.86059,-122.29327,-1.048153536908002
20738,1050,37.69169,-122.16982,-0.9690129210861744
20739,1050,37.23294,-121.77186,-0.0537417680983389
20740,1050,37.38332,-121.91088,-0.9973913530599068
20741,1050,37.28537,-121.93602,-0.8761858355657134
20742,1050,37.35834,-121.97775,-1.1005503982681486
20743,1050,37.68873,-121.78351,-1.491446322831004
20744,1050,37.72688,-122.15092,-1.239551995352515
20745,1050,37.8852,-122.03217,-0.9510820628612512
20746,1050,37.94215,-121.93047,-1.5455468546346518
20747,1050,38.01299,-122.13416,0.2294804872261029
20748,1050,37.16346,-121.62645,0.0082185431001502
20749,1050,37.7294,-121.83346,0.2030774662229442
20750,1050,37.85884,-121.99264,-0.5850959106612018
20751,1050,37.91233,-121.90716,-1.164164797822966
20752,1050,38.02691,-122.01599,-1.514937693426779
20753,1050,37.31861,-122.15314,-0.5465211785169718
20754,1050,37.04922,-121.80722,-0.2736864019885196
20755,1050,37.63719,-122.47482,0.2044648386804425
20758,1050,37.6444,-118.89683,3.542153478728676
20759,1050,37.65909,-118.97907,3.807969961409167
20760,1050,38.26021,-122.55179,-1.4198640366064694
20761,1050,38.30988,-122.943,0.6129662689932595
20762,1050,38.33656,-122.81082,0.937799570197967
20763,1050,38.28043,-122.21582,-1.2538956645806716
20764,1050,38.15486,-121.80438,0.9009494431047992
20765,1050,38.16488,-122.71296,-0.2179798540859669
20766,1050,38.07601,-122.2585,0.0376546482349478
20767,1050,38.04248,-122.79684,0.9022227062966816
20768,1050,37.99642,-123.01949,-0.7426774068682656
20769,1050,38.34878,-122.57795,0.4920999479972315
20770,1050,37.9231,-122.5983,0.1848309012432213
20771,1050,38.14361,-122.44969,-1.2550735074785029
20772,1050,38.24039,-122.79842,-1.0456286975733036
20773,1050,38.38921,-122.66297,-0.2084666371614963
20774,1050,35.86661,-120.4796,0.2705618853294586
20775,1050,36.2159,-120.80126,0.0518187911914293
12503,1051,38.94596,-120.96897,-1.3975391345373032
12504,1051,37.95397,-121.86554,-2.259930395156222
12505,1051,37.87622,-122.23558,-1.309361155946291
12506,1051,37.91881,-122.15176,0.4755693751112657
12507,1051,37.87352,-122.26099,-0.2133109629549102
12508,1051,37.16346,-121.62645,-0.1248501770351117
12509,1051,37.85727,-122.42266,0.3035372494967753
12510,1051,37.45035,-121.80037,-1.2632887120842773
12511,1051,37.74766,-121.70843,0.8519629804498253
12512,1051,37.25898,-121.67311,-1.6126276267361823
12513,1051,37.7294,-121.83346,1.382160110746759
12514,1051,37.37289,-121.76887,-1.589784782465147
12515,1051,37.81041,-121.80272,1.7791938450378746
12516,1051,37.9889,-122.2156,0.0395258059058059
12517,1051,37.94906,-122.40851,-0.6531712778955121
12518,1051,37.85884,-121.99264,1.187570112712779
12519,1051,37.91233,-121.90716,1.1746778681980534
12520,1051,38.02691,-122.01599,-0.6036943423713581
12521,1051,38.34526,-122.4584,-1.574007325231663
12522,1051,37.80787,-122.3618,1.6541208321203955
12523,1051,37.69782,-123.0011,0.8501610746057771
12524,1051,36.3887,-121.5514,-0.1792423893445381
12525,1051,37.34305,-122.33976,1.2853492088180047
12526,1051,37.31861,-122.15314,0.3615023795065765
12527,1051,37.12043,-122.1552,1.8534006795955664
12528,1051,37.17217,-122.01121,2.359615922703849
12529,1051,36.92745,-121.82764,0.6991409237161712
12530,1051,37.36045,-122.18986,-0.3040598105148288
12531,1051,37.51604,-122.45815,2.2776326114610064
12532,1051,37.21427,-122.17168,0.5186616860173207
12533,1051,37.20631,-121.97726,1.149247575416204
12534,1051,37.15432,-121.73467,1.5521570073706688
12535,1051,37.63719,-122.47482,1.4594455158255684
12536,1051,37.2708,-122.21276,0.3643338532933162
12537,1051,37.40373,-122.23868,-1.7409881258311788
12538,1051,37.58225,-122.42006,2.181949931553866
12539,1051,37.40372,-122.17596,-1.3139630953598689
12540,1051,37.28397,-122.05017,-1.868800729656006
12541,1051,37.58644,-122.50217,2.23602122491971
12542,1051,37.16067,-121.89899,1.2191467503797666
12543,1051,38.14478,-122.88018,-0.561886493362384
12544,1051,37.34164,-121.64257,-1.614834706288935
12545,1051,37.65909,-118.97907,2.621167366122492
12546,1051,38.87874,-122.44277,-3.3806918502542875
12547,1051,37.92144,-122.71806,1.2085748048224765
12548,1051,38.26021,-122.55179,-2.3429837120371984
12549,1051,38.00198,-122.47466,-0.2987993196162424
12550,1051,38.30988,-122.943,1.080383056315716
12551,1051,38.33656,-122.81082,1.1196708152216424
12552,1051,38.46769,-122.89651,-0.8328994515746945
12553,1051,38.28043,-122.21582,-1.9870125813077588
12554,1051,37.008,-121.287,-0.5537406979078597
12555,1051,37.91608,-122.33607,0.8965783453738179
12556,1051,37.28744,-121.86422,0.5562704067913181
12557,1051,37.62211,-121.75697,-1.664796283537611
12559,1051,37.709,-121.932,0.810243485361712
12560,1051,37.81,-121.992,2.231014972471776
12561,1051,37.927,-122.078,1.411997624250073
12562,1051,37.934,-122.3,0.0334858267754881
12563,1051,37.804,-122.443,0.6843851407359851
12564,1051,37.553,-122.091,0.8248757452181742
12565,1051,37.763,-122.244,0.6543305399988276
12566,1051,38.33,-122.318,-1.565113035372516
12567,1051,37.59268,-122.07449,-0.459522981995257
12568,1051,37.99448,-122.11472,-0.1373442531617081
12569,1051,37.75896,-122.19756,0.0730064074989429
12570,1051,37.80285,-122.23033,-0.1341204795318613
12571,1051,37.79202,-122.26382,0.4907331947497211
12572,1051,37.753,-121.773,-0.2013118429827714
12573,1051,37.7897,-122.277,0.838889406482347
12574,1051,37.879,-122.183,1.4961591098753717
12575,1051,37.848,-122.16,1.856822742685432
12576,1051,37.657,-122.061,2.4237990141680186
12577,1051,37.705,-122.467,3.1618240082901368
12578,1051,37.848,-122.228,0.8105731132686147
12579,1051,37.763,-122.455,1.7482491350277491
12580,1051,37.697,-122.08,1.0689410084080588
12582,1051,37.68,-122.126,-0.0686359924133312
12583,1051,37.675,-122.108,-0.1660960743929946
12584,1051,37.695,-122.113,1.0264990552429845
12585,1051,37.9,-122.17,2.0894594786441565
12586,1051,37.981,-122.271,0.91409342871525
12587,1051,37.915,-122.017,1.9486966499890053
12588,1051,37.821,-122.234,0.5776558053428718
12589,1051,37.822,-122.319,0.8214853456240063
21399,1051,38.03455,-120.38651,-0.2978642579714476
21400,1051,39.65471,-122.71595,-4.249949340287249
21401,1051,36.68011,-119.02282,1.7826198337011498
21402,1051,38.99349,-123.07234,-4.764000764981235
21403,1051,39.55451,-121.50036,-2.0533730710150206
21404,1051,35.945,-120.542,-1.4784997224047878
21405,1051,35.63597,-120.86984,0.0781767549628802
21406,1051,36.76403,-121.44722,-2.8898812262693188
21407,1051,39.2291,-121.7861,-1.0562386322485895
21408,1051,37.81647,-122.06302,2.5079835118530727
21409,1051,37.72416,-122.11929,1.6971940032220436
21410,1051,37.51704,-122.37731,-0.5688287199288847
21411,1051,37.67433,-122.39855,1.387478846676518
21412,1051,38.441,-122.701,-0.139151159483943
21413,1051,38.233,-122.636,0.3473084448777033
21414,1051,37.76021,-122.41524,1.2235273290052018
21415,1051,37.77737,-122.39689,0.8931215404735274
21416,1051,37.75094,-122.49072,0.0742367725664799
21417,1051,37.76386,-122.4736,1.1214752898833695
21418,1051,37.762,-122.505,0.568432227370871
21419,1051,37.40701,-122.0946,-1.1640437075104595
21420,1051,37.4748,-122.2392,0.3289638563513581
21422,1051,36.57849,-121.03956,-1.1985613115422349
21423,1051,36.61809,-121.31468,-0.035024379671702
21424,1051,38.76927,-123.01486,-3.211705568830752
21425,1051,38.80797,-122.7953,-1.2279813612935049
21426,1051,37.0254,-121.4845,-1.152624942353104
21428,1051,36.82681,-121.64349,-1.3492780894211365
21429,1051,37.19855,-122.34671,1.0573754307469772
21430,1051,39.68631,-123.58242,-3.5757042705335462
21431,1051,40.2022,-123.7086,-3.0292965763581075
21432,1051,40.5119,-121.5816,-1.408435757275021
21433,1051,37.6444,-118.89683,1.8512619188520008
21434,1051,38.43951,-122.25272,-1.947068567725708
21435,1051,38.15486,-121.80438,-2.0756483014789606
21436,1051,38.65651,-122.61441,-1.6682241029951563
21437,1051,38.16488,-122.71296,0.5953534322028005
21438,1051,38.12282,-122.14921,-1.0697073866030973
21439,1051,38.07601,-122.2585,-0.8485142321030272
21440,1051,38.04248,-122.79684,0.8690469953668457
21441,1051,37.99642,-123.01949,0.3072057813668499
21442,1051,38.34878,-122.57795,-0.9586829037613728
21443,1051,38.20025,-122.4644,-1.4216030651667144
21444,1051,37.92371,-122.59649,1.2639761595982606
21445,1051,38.14361,-122.44969,-2.126117178886262
21446,1051,38.24039,-122.79842,-0.7615134632134328
21447,1051,38.38921,-122.66297,-1.2291328318542076
21448,1051,35.73065,-120.24986,-1.7590015572314357
21450,1051,36.0688,-120.59618,-0.5880884528885375
12590,1052,32.68005,-116.67215,0.752472833434193
12591,1052,33.921,-116.981,-2.845047035362764
12593,1052,34.23883,-117.65853,0.0371129729182755
12594,1052,34.069,-116.39,0.5373245328694305
12595,1052,33.268,-116.417,2.283379932416264
12597,1052,33.999,-117.68,-1.5612946433091777
12598,1052,34.093,-117.317,0.1506689720583864
12599,1052,32.8889,-117.1051,1.7694338000226946
12600,1052,33.876,-117.561,-0.5607578540750263
12601,1052,33.655,-115.99,-1.1578321339887594
12602,1052,34.63745,-115.38115,-0.0619548177481078
12603,1052,33.93597,-116.57794,1.0282665370771782
12604,1052,33.65,-117.009,1.1246686577328613
12605,1052,33.567,-116.631,0.6454798097326355
12606,1052,32.999,-116.942,1.0467974942422384
12609,1052,33.1537,-117.22921,-0.4834943822361822
12610,1052,33.0262,-116.9596,-6.487031934898747
12611,1052,33.081,-116.598,0.6985867365543397
12612,1052,35.13066,-115.18416,0.1507103335966597
12613,1052,34.9906,-118.34156,-0.6239182141964501
12614,1052,33.684,-117.943,-1.4883727542685858
12615,1052,34.93439,-117.69629,-1.0230604075420435
12616,1052,35.47954,-117.68212,-0.4978494108183856
12617,1052,34.3656,-117.36683,-2.493003832267416
12619,1052,33.818,-116.369,2.210797445578977
12620,1052,33.808,-116.968,-0.4349633954214388
12621,1052,33.6,-117.195,-0.1328966217159888
12622,1052,34.22362,-118.05832,-0.3637840005113476
12623,1052,33.556,-115.946,-0.7986693961645859
12624,1052,33.788,-117.844,-1.779033025436716
12625,1052,33.94539,-117.92372,-0.98518264117532
12626,1052,32.608,-116.93,1.0119998820276097
12627,1052,34.1207,-117.63808,-1.3663512080209492
12628,1052,33.862,-117.205,-0.789625064291652
12630,1052,33.354,-116.863,0.1512910513601651
12632,1052,33.824,-116.55,0.8561537157861703
12633,1052,33.63,-116.8478,0.5955938669994721
12634,1052,34.87533,-116.99684,-1.96932463604342
12635,1052,33.973,-117.327,0.705361063361132
12636,1052,33.97327,-117.32674,0.1037438245401667
12637,1052,33.99351,-117.37545,-0.0847968688786463
12640,1052,33.834,-116.797,1.7456374497332543
12641,1052,33.829,-117.789,-2.1886617510365034
12642,1052,33.664,-117.769,-2.4139441727298268
12643,1052,34.106,-117.098,-0.7467084190926487
12644,1052,32.94508,-115.79988,-0.3524874126947078
12645,1052,34.38203,-117.67822,0.1713411452234507
12648,1052,34.48364,-118.11783,-0.1535607037098292
12649,1052,34.56065,-117.3296,0.307529364158592
12650,1052,32.813,-116.975,2.782529473055324
12651,1052,33.482,-116.911,0.2554792423418265
12652,1052,33.815,-116.461,1.665456465715307
12653,1052,33.747,-116.715,2.0474631167661985
12654,1052,33.605,-116.938,2.4300544945641303
12655,1052,33.76,-116.96,2.088209500760783
12656,1052,33.729,-116.979,1.5186936197853942
12657,1052,33.744,-116.931,0.0821523278132957
12658,1052,33.748,-117.127,1.4041125783269766
12659,1052,33.6022,-116.756,1.1542571078053945
12662,1052,33.91677,-116.38979,1.7039078275357975
12663,1053,34.55046,-117.43391,0.7686702100753932
12664,1053,34.68708,-118.29946,-1.9738661316298125
12665,1053,35.1269,-118.83009,-2.0743169890075563
12666,1053,35.34444,-119.10445,0.3897577028387846
12667,1053,34.2623,-116.92075,0.439199869490487
12668,1053,34.23883,-117.65853,-0.6482551907106081
12669,1053,34.069,-116.39,-0.1311004560497054
12670,1053,35.30819,-119.84583,1.5069716250976006
12671,1053,35.52495,-117.36453,-0.3262363746187313
12672,1053,36.5504,-117.80295,-0.2475649789860242
12676,1053,33.655,-115.99,1.1452886358027603
12677,1053,36.43988,-118.08016,1.7848930936734206
12678,1053,34.63745,-115.38115,1.1515966167083558
12679,1053,34.25353,-118.33383,-0.654618075091015
12680,1053,33.93597,-116.57794,0.7505683636003782
12681,1053,33.65,-117.009,-0.5497955939649285
12682,1053,34.10618,-118.45505,-1.78629878555682
12683,1053,33.567,-116.631,1.3696633847331372
12686,1053,36.46719,-116.86322,0.1596042533110513
12688,1053,36.99608,-117.36621,-0.5329920092481036
12689,1053,35.30177,-116.80574,-1.2876548764802231
12690,1053,34.8294,-116.335,0.4293399496276228
12691,1053,35.66278,-118.47403,-0.3100294813096513
12692,1053,35.98249,-117.80885,1.1627633500506056
12693,1053,34.36622,-116.61266,0.4220843821409615
12694,1053,35.13066,-115.18416,-0.0833580767346484
12695,1053,34.9906,-118.34156,-0.5083006307824467
12696,1053,34.93439,-117.69629,-0.9592492657752
12697,1053,35.47954,-117.68212,0.0802348971028362
12699,1053,33.818,-116.369,1.214245958230742
12700,1053,37.63019,-118.83605,1.978045826218796
12701,1053,36.05799,-117.48901,-1.8424177316688983
12702,1053,34.88848,-119.81362,-0.1593483806619874
12703,1053,34.22362,-118.05832,-0.4895847688817613
12705,1053,34.53412,-120.17737,0.0974042365610659
12706,1053,34.17141,-118.18523,-2.2129428622899776
12707,1053,34.1207,-117.63808,-0.5872074382557254
12708,1053,34.09181,-117.80709,-0.6353713860146891
12709,1053,34.87533,-116.99684,-0.3841318888908118
12711,1053,33.553,-117.662,0.800530741126558
12712,1053,35.8996,-116.27515,1.5827364773769836
12713,1053,35.89095,-117.28332,-0.5456087021230608
12714,1053,35.3142,-119.99581,-0.3005529267473846
12716,1053,34.106,-117.098,1.2225670710346828
12717,1053,34.38203,-117.67822,0.3472518232846411
12719,1053,35.14592,-119.41946,-0.6805043721238507
12720,1053,37.05422,-118.23009,0.1443898262184065
12722,1053,35.84089,-119.08469,0.8962943077624265
12723,1053,35.53664,-118.14035,1.5935729340907847
12724,1053,34.51085,-119.27407,-1.8295707109340724
12725,1054,34.55046,-117.43391,-2.5942307739583965
12726,1054,33.63838,-116.4011,-1.983844817796507
12727,1054,34.68708,-118.29946,-1.0218755691316752
12728,1054,32.68005,-116.67215,0.76345387325805
12729,1054,33.921,-116.981,-1.2337130920189352
12730,1054,33.57508,-117.26119,1.6338923783045278
12732,1054,34.23883,-117.65853,-0.3498332141289714
12733,1054,34.069,-116.39,-1.1129048998449127
12734,1054,33.38822,-117.19495,1.1017913140139457
12735,1054,35.52495,-117.36453,-0.0527389025054577
12736,1054,34.10521,-117.28264,0.7329263159261378
12738,1054,33.999,-117.68,0.1756275872626115
12740,1054,33.655,-115.99,-0.8106087454087778
12741,1054,34.63745,-115.38115,0.3238111503636298
12742,1054,34.25353,-118.33383,-0.1748132638431441
12743,1054,33.93597,-116.57794,-0.7869788047045797
12744,1054,33.65,-117.009,1.1501024111296716
12745,1054,34.10618,-118.45505,-1.4072828998988902
12746,1054,33.567,-116.631,1.07891353483969
12747,1054,32.999,-116.942,1.2860099072883704
12751,1054,33.11675,-115.82267,0.7411469918765354
12752,1054,33.71264,-118.29381,-1.8445666089122992
12753,1054,33.051,-114.827,-0.8968673082759421
12754,1054,33.1537,-117.22921,0.6050564810412973
12755,1054,35.30177,-116.80574,-0.7486840350753097
12756,1054,34.8294,-116.335,-1.5207536348779411
12758,1054,33.0859,-116.5959,0.1523247218054439
12759,1054,34.36622,-116.61266,0.4527348094338424
12760,1054,35.13066,-115.18416,0.1270786652247114
12761,1054,34.9906,-118.34156,0.6672435619352253
12762,1054,33.684,-117.943,0.5813933097787292
12763,1054,34.93439,-117.69629,-3.831910543337828
12764,1054,35.47954,-117.68212,0.5033046616355206
12765,1054,34.3656,-117.36683,-1.7036189695026114
12767,1054,33.818,-116.369,-0.0932245509727131
12768,1054,34.005,-117.562,0.2165149885927243
12769,1054,33.808,-116.968,0.1786585520651759
12770,1054,34.22362,-118.05832,0.9975994459794773
12771,1054,33.94539,-117.92372,-0.0035671373426721
12772,1054,32.608,-116.93,1.546671327174843
12773,1054,34.1484,-118.1711,-1.9054831595054955
12775,1054,34.1207,-117.63808,-0.5975767261748374
12776,1054,33.862,-117.205,0.3502355806537767
12778,1054,33.354,-116.863,0.781042484660356
12779,1054,33.7953,-117.60906,-0.661111790268768
12780,1054,33.63,-116.8478,0.5188127912547416
12781,1054,33.74346,-118.40412,0.2331337855606151
12782,1054,34.87533,-116.99684,-1.038669435685611
12783,1054,33.97327,-117.32674,0.7043670116767058
12784,1054,34.05073,-118.08085,0.9413190191802816
12785,1054,33.99351,-117.37545,1.142587121490299
12786,1054,33.2801,-115.98585,1.503059239528162
12787,1054,34.232,-117.235,-0.3220403765260208
12788,1054,32.784,-117.13805,-0.0062899558635431
12790,1054,35.89095,-117.28332,1.3806194497227466
12791,1054,33.834,-116.797,1.3119541517916211
12792,1054,34.05933,-118.64614,-0.8649829513183127
12793,1054,33.829,-117.789,0.0228551222505579
12794,1054,33.664,-117.769,-0.0609889748100694
12795,1054,34.106,-117.098,0.1024855408151418
12796,1054,34.38203,-117.67822,-0.501104640468463
12797,1054,33.63495,-116.16402,0.6724141495464991
12798,1054,34.48364,-118.11783,-0.0524245604727418
12799,1054,34.56065,-117.3296,1.7170651639554455
12800,1054,34.1717,-118.64971,1.5013910343430368
12801,1054,33.607,-116.453,1.4336541943468517
12802,1054,34.04856,-116.57816,-0.5418901820199681
12803,1054,33.99,-116.656,0.2364103936784604
12804,1054,33.92474,-116.54794,-0.3721896276909451
12805,1054,33.91677,-116.38979,0.8136815184868089
12936,1059,37.27117,-121.98617,0.1421313577541199
12937,1059,37.91056,-122.53778,1.86113579904286
12938,1059,38.03445,-122.27016,-0.3056843682378471
12939,1059,37.71633,-122.43117,1.3511266205297792
12940,1059,38.29027,-122.46125,-0.6108293840970241
12941,1059,37.95397,-121.86554,-1.9911385390829648
12942,1059,37.87622,-122.23558,-0.8219406377112125
12943,1059,37.85727,-122.42266,1.9192613766677245
12944,1059,37.7294,-121.83346,-0.1890175811698228
12945,1059,37.85884,-121.99264,0.3033428154789243
12946,1059,38.02691,-122.01599,0.7725107933474398
12947,1059,38.34526,-122.4584,-0.861199027397507
12948,1059,38.99349,-123.07234,-2.5777615129902056
12949,1059,37.51604,-122.45815,0.4806750010210606
12950,1059,37.21427,-122.17168,0.9798353931085244
12951,1059,37.63719,-122.47482,0.4877245939153891
12952,1059,37.2708,-122.21276,2.1441682492769365
12953,1059,37.40372,-122.17596,0.3242952724832278
12954,1059,37.28397,-122.05017,0.6042946465724399
12955,1059,37.58644,-122.50217,0.4158624432512044
12956,1059,39.68631,-123.58242,-0.7275465031046682
12957,1059,38.87874,-122.44277,-3.009643353728616
12958,1059,38.43951,-122.25272,-1.0510085130804132
12959,1059,38.26021,-122.55179,-0.857534782200907
12960,1059,38.33656,-122.81082,0.2433886826471388
12961,1059,38.46769,-122.89651,-0.683348398473965
12962,1059,38.28043,-122.21582,-0.4315947401537369
12963,1059,38.16488,-122.71296,0.7759027097550196
12964,1059,38.6694,-122.6332,-1.2980085910340364
12965,1059,38.07601,-122.2585,0.7788842248413597
12966,1059,38.04248,-122.79684,1.7681807381477883
12967,1059,37.99642,-123.01949,-0.4826244097525043
12968,1059,38.34878,-122.57795,0.3009611887027506
12969,1059,37.9231,-122.5983,0.1818185597140123
12970,1059,38.38921,-122.66297,-0.2205694217537498
12971,1059,37.62211,-121.75697,-1.476581838396417
12972,1059,38.71606,-122.9965,0.0430412160199509
12973,1059,38.61618,-122.87231,-0.1345051519570265
12974,1059,38.71385,-123.00887,-0.2135827714841941
12975,1059,38.72258,-123.00804,-0.3157640086565281
12976,1059,38.71616,-123.00227,0.8493574119891942
19517,1059,37.91881,-122.15176,-1.536629148529133
19518,1059,37.87352,-122.26099,-1.054491253103926
19519,1059,38.03455,-120.38651,-1.546578678543765
19520,1059,37.69782,-123.0011,-0.8441975294390657
19521,1059,40.81745,-124.02955,-3.13019675064216
19522,1059,37.34164,-121.64257,-0.8067916117105843
19523,1059,39.55451,-121.50036,-3.956039413928509
19525,1059,37.9889,-122.2156,1.125731795054932
19526,1059,37.94906,-122.40851,1.1331286405018208
19527,1059,37.51704,-122.37731,-0.1341384909555572
19528,1059,37.67433,-122.39855,0.935733138557898
19529,1059,37.16067,-121.89899,1.6107116735323488
19530,1059,37.92144,-122.71806,1.2766687393072105
19531,1059,38.441,-122.701,-0.0729773307786295
19532,1059,38.233,-122.636,0.5229187059741879
19533,1059,37.76021,-122.41524,0.8568690776092994
19534,1059,37.77737,-122.39689,0.8435279627853253
19535,1059,37.75094,-122.49072,1.4751638807727727
19536,1059,37.76386,-122.4736,1.2489719886101691
19537,1059,37.762,-122.505,1.0152859444060562
19538,1059,37.4748,-122.2392,1.001771978040628
19539,1059,37.54187,-122.30471,0.78937700847329
19540,1059,37.30249,-121.97978,0.2224207544403786
19541,1059,37.26352,-121.91617,-0.5392054488639961
19542,1059,37.31816,-121.94354,2.306713742257558
19543,1059,37.3066,-121.84915,-0.1872985161026812
19544,1059,37.68,-121.739,-1.4342471083973902
19545,1059,37.41702,-121.9154,0.5570309526664045
19546,1059,37.59094,-122.36741,0.6610407495083502
19547,1059,37.74766,-122.42528,1.2777425572320609
19548,1059,37.74664,-122.38679,1.041740589876675
19549,1059,37.39415,-122.06041,1.214124363218165
19550,1059,37.376,-121.84367,-0.2319446543725742
19551,1059,37.45098,-122.4287,0.4112404862048643
19552,1059,37.59268,-122.07449,-0.5315688007239779
19553,1059,37.71737,-121.72701,-1.1786374121354946
19554,1059,37.67928,-122.48405,1.4550041615987324
19555,1059,37.88767,-122.29916,0.5177734537913058
19556,1059,37.74484,-122.40134,0.6207949682508322
19557,1059,37.77934,-122.486,1.359405357813272
19558,1059,37.81076,-122.29252,-0.5380947068185011
19559,1059,37.8251,-122.27606,0.2858085603289912
19560,1059,37.7986,-122.2684,0.4080883096407496
19561,1059,37.41395,-121.87085,1.1219070210476705
19562,1059,37.86059,-122.29327,-0.0768085381055237
19563,1059,37.85835,-122.25252,0.171649894590143
19564,1059,37.37418,-122.0781,0.3831225459440774
19565,1059,37.45035,-121.80037,-1.329107192476639
19566,1059,37.74766,-121.70843,-0.2580521078233497
19567,1059,37.91233,-121.90716,-1.2190176030690911
19568,1059,37.34305,-122.33976,0.7191866623750769
19569,1059,37.31861,-122.15314,-0.3479821895406436
19570,1059,37.17217,-122.01121,2.391579185358638
19571,1059,37.36045,-122.18986,0.4729472526696712
19572,1059,37.20631,-121.97726,1.0451075134392271
19573,1059,37.15432,-121.73467,1.0303842417547964
19574,1059,37.58225,-122.42006,0.3041259970727559
19575,1059,40.4756,-124.3375,-1.9240437606454537
19576,1059,40.8748,-123.7325,-2.669324773385517
19577,1059,40.4175,-124.1206,-1.6417200946697597
19578,1059,40.2022,-123.7086,-1.6821542509811294
19580,1059,41.1577,-124.0233,-2.537327409997499
19581,1059,38.15486,-121.80438,-1.3460891381893902
12977,1060,37.76021,-122.41524,1.0331019310562817
12978,1060,37.77737,-122.39689,1.16112919882911
12979,1060,37.76386,-122.4736,0.922651906579553
12980,1060,37.762,-122.505,1.265643529697627
12981,1060,37.54187,-122.30471,-0.1421396344351657
12982,1060,37.74766,-122.42528,-0.169089474842138
12983,1060,37.34655,-121.80774,0.272791406746504
12984,1060,37.40718,-122.00001,1.0050646759886457
12985,1060,37.39415,-122.06041,0.3510868871316966
12986,1060,37.376,-121.84367,-0.2656991432338054
12987,1060,37.27117,-121.98617,0.7271101343868345
12988,1060,37.67928,-122.48405,1.594702754265903
12989,1060,37.91056,-122.53778,1.2795413950781334
12990,1060,37.88767,-122.29916,1.0139313941801165
12991,1060,38.03445,-122.27016,-1.6782807207934527
12992,1060,37.71633,-122.43117,0.6668865638976119
12993,1060,37.81076,-122.29252,0.4579857823603303
12994,1060,37.8251,-122.27606,1.4530252619026636
12995,1060,37.7986,-122.2684,1.053008155027377
12996,1060,37.41395,-121.87085,0.1973284901872275
12997,1060,37.86059,-122.29327,-0.4258861280706403
12998,1060,37.85835,-122.25252,0.5003687205339604
12999,1060,37.36408,-122.01817,0.3991733685497398
13000,1060,37.42549,-122.07772,0.2581651193675157
13001,1060,37.85727,-122.42266,-0.6011790863525038
13002,1060,37.45035,-121.80037,-1.1122483045469798
13003,1060,37.74766,-121.70843,-0.4726612240832153
13004,1060,37.7294,-121.83346,-1.2710910756945069
13005,1060,38.03455,-120.38651,-0.7663955438688899
13006,1060,37.85884,-121.99264,0.169349162938985
13007,1060,37.91233,-121.90716,-0.3574278070153985
13008,1060,38.02691,-122.01599,-0.4619990867216676
13009,1060,38.99349,-123.07234,-3.853255896779108
13010,1060,37.34305,-122.33976,1.612117295299473
13011,1060,37.31861,-122.15314,0.9484564249030908
13012,1060,37.17217,-122.01121,2.9987927153029084
13013,1060,37.36045,-122.18986,1.4875942644516964
13014,1060,37.51604,-122.45815,1.705458684351623
13015,1060,37.21427,-122.17168,1.5506440730503894
13016,1060,37.20631,-121.97726,1.809880565354948
13017,1060,37.15432,-121.73467,1.6003488604063372
13018,1060,37.63719,-122.47482,1.3191394560870235
13019,1060,37.2708,-122.21276,1.3640636250019886
13020,1060,37.19855,-122.34671,2.245751609000154
13021,1060,37.40373,-122.23868,-0.3116989081948111
13022,1060,37.58225,-122.42006,0.664462851433585
13023,1060,37.40372,-122.17596,-0.1385543338917847
13024,1060,37.28397,-122.05017,0.578423140802904
13025,1060,37.58644,-122.50217,0.8366079105848557
13026,1060,37.34164,-121.64257,-0.5878774641842516
13027,1060,37.65909,-118.97907,2.0098291463577147
13028,1060,38.43951,-122.25272,-2.121905009315166
13029,1060,38.26021,-122.55179,-1.5778920146876183
13030,1060,38.30988,-122.943,2.409573150709006
13031,1060,38.33656,-122.81082,2.0490567284511347
13032,1060,38.46769,-122.89651,0.257214928849895
13033,1060,38.16488,-122.71296,1.749461139408233
13034,1060,38.07601,-122.2585,-0.5839296261740947
13035,1060,38.04248,-122.79684,1.123709115321945
13036,1060,37.99642,-123.01949,-0.1511547500148789
13037,1060,38.34878,-122.57795,-0.3336132720621559
13038,1060,37.9231,-122.5983,-0.3777014138485521
13039,1060,38.38921,-122.66297,-0.8495287381055721
13040,1060,35.945,-120.542,-0.9077128595957934
13041,1060,37.62211,-121.75697,-2.781592797582436
13042,1060,37.95397,-121.86554,-2.0732545568810736
13043,1060,37.87622,-122.23558,-1.4210540599738477
13044,1060,37.91881,-122.15176,0.2308384187794828
13045,1060,37.87352,-122.26099,0.1640261921463552
13046,1060,38.34526,-122.4584,-1.32797895709973
13047,1060,38.87874,-122.44277,-4.198651013209717
13048,1060,38.2026,-121.9354,-1.8305625569640644
13049,1060,36.76403,-121.44722,-1.963112753763456
19582,1060,37.69782,-123.0011,0.2552307655226508
19583,1060,39.55451,-121.50036,-2.0287545009344137
19584,1060,37.28744,-121.86422,1.3161929010500242
19585,1060,37.81647,-122.06302,-1.1548046902099018
19586,1060,37.25898,-121.67311,0.1641151045222357
19587,1060,37.9889,-122.2156,-0.9616123521495294
19588,1060,37.94906,-122.40851,0.5202971042152745
19589,1060,37.72416,-122.11929,0.4507464887775658
19590,1060,37.12043,-122.1552,1.7655672134287654
19591,1060,38.441,-122.701,-0.3871218398325636
19592,1060,38.233,-122.636,0.9668022464421584
19593,1060,37.75094,-122.49072,-0.29200681093479
19594,1060,37.40701,-122.0946,-0.1671626494498975
19595,1060,37.4748,-122.2392,1.3213995545026465
19596,1060,37.30249,-121.97978,0.2007860275181557
19597,1060,37.26748,-121.86656,0.0052876459755649
19598,1060,37.26352,-121.91617,-0.1114882052771317
19599,1060,37.30143,-121.9039,-0.4102188440622709
19600,1060,37.31816,-121.94354,0.7436913596385611
19601,1060,37.3066,-121.84915,0.4946314360457269
19602,1060,37.66,-121.873,-0.6342802675235292
19603,1060,37.68,-121.739,-2.638929854112124
19604,1060,37.41702,-121.9154,-0.7200794955250471
19605,1060,37.59094,-122.36741,-0.1810320716499843
19606,1060,37.74664,-122.38679,0.20649728114916
19607,1060,37.45098,-122.4287,0.9244325651110396
19608,1060,37.59268,-122.07449,-0.0780161472639917
19609,1060,37.71737,-121.72701,-2.4798747383511848
19610,1060,37.74484,-122.40134,-0.576538492060264
19611,1060,38.29027,-122.46125,-1.5778324139000073
19612,1060,37.37418,-122.0781,-0.6807772773495353
19613,1060,37.16346,-121.62645,0.6779832104281824
19614,1060,37.04922,-121.80722,0.6537991270315683
19615,1060,39.68631,-123.58242,-2.1199837796196
19617,1060,40.2022,-123.7086,-2.466899611696792
19618,1060,37.6444,-118.89683,1.447265621207762
19619,1060,38.28043,-122.21582,-2.01143395056454
19620,1060,38.15486,-121.80438,-1.602803560093691
19621,1060,38.6694,-122.6332,-1.518099562805113
13050,1061,34.1949,-118.354,0.7490959678111397
13052,1061,35.2693,-116.0703,1.0461179821018938
13053,1061,34.68224,-118.57398,-0.1021594334333658
13054,1061,34.155,-118.641,-0.5383573543620367
13055,1061,33.44577,-118.483,0.0278053880127994
13058,1061,34.0602,-117.809,-1.2828628398872053
13059,1061,33.876,-117.561,0.6634511644802478
13060,1061,33.93597,-116.57794,-0.2710061913072826
13061,1061,33.65,-117.009,2.1613263210474067
13062,1061,34.88303,-117.99106,1.7974688616562722
13063,1061,34.1,-117.439,0.8369520496235039
13064,1061,35.082,-117.58267,-0.0456321566545674
13065,1061,33.8717,-117.92251,-1.4434443496061469
13066,1061,36.46719,-116.86322,0.9303151026085528
13067,1061,33.051,-114.827,-0.0198071870754623
13069,1061,34.8294,-116.335,1.0065214767167563
13070,1061,35.9823,-117.8076,0.3694364360795822
13071,1061,34.15037,-118.10156,-0.5250626997118174
13072,1061,34.61462,-118.29104,-0.3329634380878861
13073,1061,34.61594,-117.82493,2.4073201765726946
13074,1061,35.47954,-117.68212,1.5605034073937891
13075,1061,34.3656,-117.36683,0.1599007225517126
13077,1061,36.05799,-117.48901,-0.958804387980262
13079,1061,34.22362,-118.05832,0.1432908799465681
13080,1061,33.788,-117.844,-0.7428526185880677
13081,1061,34.6145,-118.7235,-1.4741054298944667
13082,1061,34.1484,-118.1711,-2.0160001015996767
13083,1061,33.354,-116.863,0.5893593342356982
13084,1061,33.7953,-117.60906,-0.5226015171451905
13085,1061,33.74346,-118.40412,-0.2012722516877221
13087,1061,34.05073,-118.08085,-0.4527570027941811
13088,1061,33.99351,-117.37545,1.5979755281258758
13089,1061,34.44076,-119.71492,-0.6043952932812588
13090,1061,34.232,-117.235,-1.1411544519490224
13091,1061,35.8996,-116.27515,1.7463650636542634
13092,1061,34.01438,-118.45617,-0.0375971810826121
13093,1061,33.24787,-119.52437,-0.5031086036499254
13094,1061,34.416,-118.449,-0.1685094082192442
13095,1061,32.94508,-115.79988,0.1520302030790344
13097,1061,34.15607,-118.82039,-1.6536680810768598
13098,1061,34.01919,-118.28631,-1.5057361895743346
13099,1061,34.48364,-118.11783,-0.9795875261698732
13100,1061,34.56065,-117.3296,1.6917840996699034
13101,1062,33.3527,-115.733,-0.3554138854427793
13102,1062,34.55046,-117.43391,1.1879869928863225
13103,1062,34.68708,-118.29946,-0.1697437565244394
13104,1062,32.68005,-116.67215,0.6782404862133768
13105,1062,34.2623,-116.92075,0.7922046569148287
13106,1062,33.921,-116.981,-0.4180659766744225
13109,1062,34.069,-116.39,-0.3818987047551243
13111,1062,33.268,-116.417,-0.3678062941469145
13112,1062,33.01213,-115.21987,-1.845557526015199
13113,1062,34.68224,-118.57398,0.9626589275125166
13114,1062,33.38822,-117.19495,0.3574363014072392
13116,1062,33.999,-117.68,0.587485854054345
13117,1062,33.655,-115.99,-0.3022127670367853
13118,1062,34.63745,-115.38115,-1.682733327598687
13119,1062,34.25353,-118.33383,0.248591650856034
13120,1062,33.65,-117.009,0.8589551611033927
13121,1062,33.567,-116.631,-0.0027667651614971
13122,1062,32.999,-116.942,1.2565793236007623
13123,1062,32.805,-115.447,0.6441174948266349
13124,1062,32.65915,-116.10061,-1.6104497171619436
13127,1062,33.11675,-115.82267,0.5495029013846096
13128,1062,33.051,-114.827,-3.540070707710317
13129,1062,33.1537,-117.22921,0.3546733692153765
13130,1062,35.30177,-116.80574,-0.7430540608999613
13132,1062,33.0859,-116.5959,0.4626659122847734
13133,1062,34.36622,-116.61266,0.6144932818946917
13134,1062,34.9906,-118.34156,0.7068759207766229
13135,1062,33.684,-117.943,-0.9023878742364836
13136,1062,34.93439,-117.69629,1.1300590284444516
13137,1062,35.47954,-117.68212,0.9216957814763148
13138,1062,34.3656,-117.36683,-0.7766174350880491
13140,1062,33.818,-116.369,1.252292899330003
13141,1062,34.005,-117.562,1.6974049094711128
13143,1062,33.808,-116.968,0.6982466147256061
13144,1062,34.22362,-118.05832,0.4283352386458713
13145,1062,33.556,-115.946,-1.3885595860317363
13146,1062,33.94539,-117.92372,0.0284228027978533
13147,1062,32.608,-116.93,1.955833500761457
13148,1062,34.6145,-118.7235,-1.4997377311511229
13149,1062,34.1484,-118.1711,-1.68958405044006
13150,1062,34.1207,-117.63808,0.3554555747997968
13151,1062,33.862,-117.205,0.9160972783335544
13153,1062,33.354,-116.863,-0.5079940703539807
13154,1062,33.63,-116.8478,0.6199094772753555
13155,1062,34.87533,-116.99684,-0.8564416456211534
13156,1062,33.97327,-117.32674,1.5611453219136977
13157,1062,33.99351,-117.37545,1.1790436400735815
13158,1062,33.183,-115.623,-1.8500787470965605
13159,1062,33.2801,-115.98585,-0.0948124783904089
13161,1062,33.553,-117.662,-2.0996973353292314
13163,1062,33.834,-116.797,1.8288424692743568
13164,1062,34.05933,-118.64614,-1.0772903786329515
13165,1062,33.829,-117.789,-1.09104894327882
13166,1062,33.664,-117.769,-1.521698537300049
13167,1062,34.106,-117.098,1.381303579039741
13168,1062,32.94508,-115.79988,0.4861683240613422
13169,1062,34.38203,-117.67822,0.0314353075273389
13171,1062,33.63495,-116.16402,-2.447105278371391
13172,1062,34.48364,-118.11783,0.8939243062160973
13173,1062,34.56065,-117.3296,2.264084097428789
13174,1062,32.75904,-115.73161,0.7562741589481494
13175,1062,34.00948,-117.95077,0.1836542568263986
13201,1064,34.55046,-117.43391,-0.386531546792187
13202,1064,33.63838,-116.4011,1.53092892170071
13203,1064,34.68708,-118.29946,-0.5102808286498103
13204,1064,35.1269,-118.83009,-1.111487841823843
13205,1064,32.68005,-116.67215,1.2159552188873048
13207,1064,33.57508,-117.26119,0.0440233621590516
13209,1064,34.23883,-117.65853,0.312400030668245
13210,1064,34.069,-116.39,-0.3431241338910151
13211,1064,33.268,-116.417,0.9747921837190092
13212,1064,33.80776,-117.98116,-0.7652325982535968
13213,1064,34.68224,-118.57398,0.6235306974804117
13214,1064,33.38822,-117.19495,0.8070163577302286
13215,1064,35.52495,-117.36453,1.0826450132090606
13216,1064,36.5504,-117.80295,0.966657041775744
13218,1064,33.999,-117.68,-2.169902901129749
13219,1064,33.4019,-118.41502,-0.4054902989928435
13221,1064,34.093,-117.317,0.5104132528643545
13222,1064,33.655,-115.99,0.0583663899019599
13223,1064,34.63745,-115.38115,1.3187385967364635
13224,1064,34.25353,-118.33383,-0.6088840439147116
13225,1064,33.93597,-116.57794,0.0285092584398732
13226,1064,33.65,-117.009,0.5886738462209352
13227,1064,34.10618,-118.45505,-1.408608360606632
13228,1064,33.567,-116.631,1.1524181228703012
13229,1064,32.999,-116.942,1.4733414560025062
13231,1064,32.65915,-116.10061,-0.5594827547804079
13234,1064,33.11675,-115.82267,1.0228956326397427
13235,1064,33.71264,-118.29381,-2.4360791671374944
13236,1064,33.051,-114.827,-0.5347677424277085
13237,1064,33.1537,-117.22921,-0.2499431671835639
13238,1064,36.99608,-117.36621,1.3376996029669836
13239,1064,35.30177,-116.80574,0.5725483474895102
13240,1064,34.8294,-116.335,1.0121867489098813
13241,1064,34.121,-117.219,-1.190692735915996
13243,1064,35.66278,-118.47403,-0.8746126729199841
13244,1064,33.0859,-116.5959,0.9340940749612172
13245,1064,35.98249,-117.80885,1.4687457836644089
13246,1064,34.36622,-116.61266,-0.031991437324388
13247,1064,35.13066,-115.18416,0.7649904488216914
13248,1064,34.9906,-118.34156,1.062573864872471
13249,1064,34.30529,-118.48805,-0.1837306907707374
13250,1064,33.9753,-118.14918,-0.8868821872283312
13251,1064,34.10819,-119.06587,-1.1680625876160646
13252,1064,34.80762,-118.86775,-0.0829073463156259
13253,1064,34.61594,-117.82493,0.7124894801235795
13254,1064,34.93439,-117.69629,0.690284491044341
13255,1064,35.47954,-117.68212,1.1118889648437522
13256,1064,34.3656,-117.36683,-1.5386455379246595
13258,1064,33.818,-116.369,0.5454817391672754
13260,1064,34.005,-117.562,-0.94337949347986
13261,1064,36.05799,-117.48901,0.1366906902412775
13262,1064,33.808,-116.968,-0.8197472796690095
13264,1064,34.22362,-118.05832,0.0661073609865188
13265,1064,34.78035,-116.55798,1.593915342176529
13267,1064,33.556,-115.946,-0.9215046531386696
13268,1064,33.94539,-117.92372,-0.9353888541691744
13269,1064,32.608,-116.93,1.3970801566136948
13270,1064,34.6145,-118.7235,-1.681976257762272
13271,1064,34.1484,-118.1711,-2.3972605000646947
13272,1064,34.1207,-117.63808,-1.718762292038932
13273,1064,33.862,-117.205,0.0002771368758357
13275,1064,33.82436,-116.51195,0.3154343590221334
13276,1064,33.354,-116.863,0.6917130699387184
13277,1064,33.7953,-117.60906,-2.054734125475428
13278,1064,33.63,-116.8478,1.187797979210432
13279,1064,34.87533,-116.99684,0.1304270498148526
13280,1064,33.97327,-117.32674,0.0148430529623109
13281,1064,34.05073,-118.08085,0.3269985044140849
13282,1064,33.99351,-117.37545,-0.3290938898903305
13283,1064,33.2801,-115.98585,1.0089873950302684
13284,1064,34.232,-117.235,-0.1363386587503344
13285,1064,33.99543,-119.6351,-0.1110892483703677
13286,1064,33.553,-117.662,-1.975435648590928
13287,1064,32.784,-117.13805,-0.2524329715122653
13289,1064,34.43692,-119.1375,-1.7668727393628902
13290,1064,35.8996,-116.27515,2.164929904592018
13291,1064,35.89095,-117.28332,1.9554638613916009
13292,1064,33.834,-116.797,2.17578621128674
13294,1064,34.01438,-118.45617,-0.3209200728644971
13295,1064,34.05933,-118.64614,-1.6642169898080887
13296,1064,36.1355,-118.81099,-0.8066040731845624
13297,1064,33.829,-117.789,-1.5436810505952607
13298,1064,34.30302,-119.18676,-0.2252064823313206
13299,1064,33.664,-117.769,-1.6333362949449777
13300,1064,34.106,-117.098,0.7528182354322119
13301,1064,32.94508,-115.79988,0.2697074401030204
13302,1064,34.52775,-119.97834,-0.5311408226505493
13303,1064,34.38203,-117.67822,0.14577846068035
13305,1064,33.63495,-116.16402,0.6182247433442658
13307,1064,34.48364,-118.11783,-0.3874296231887104
13308,1064,34.56065,-117.3296,2.0023529147586867
13309,1064,35.53664,-118.14035,0.7247392928798722
13310,1064,32.75904,-115.73161,0.4876162210952404
13311,1064,34.51085,-119.27407,-1.6242635714268765
13312,1064,34.00948,-117.95077,0.4151965968415204
13313,1065,34.68708,-118.29946,0.4356191290029296
13314,1065,32.68005,-116.67215,1.0285081617891556
13315,1065,34.23883,-117.65853,0.1797319253334662
13316,1065,34.68224,-118.57398,0.1763370746537661
13317,1065,33.38822,-117.19495,2.1801400589019795
13319,1065,33.876,-117.561,0.2846408743236289
13320,1065,34.10618,-118.45505,-1.587522089517975
13321,1065,32.999,-116.942,1.4324069764509495
13323,1065,33.71264,-118.29381,-0.7811666064662689
13324,1065,33.1537,-117.22921,0.7447634381848536
13325,1065,35.66278,-118.47403,-0.9040243569406564
13326,1065,34.9906,-118.34156,1.0348324086939231
13327,1065,33.9753,-118.14918,-0.062944378736394
13328,1065,34.80762,-118.86775,-0.6027828547542523
13329,1065,34.005,-117.562,0.1378520491019051
13330,1065,33.6,-117.195,0.895878499163568
13331,1065,34.22362,-118.05832,0.2811071725092774
13332,1065,33.94539,-117.92372,-1.234845866502693
13333,1065,34.6145,-118.7235,-1.4407122795335232
13334,1065,34.17141,-118.18523,-4.037235109921772
13335,1065,34.1207,-117.63808,-1.5013637787460885
13336,1065,33.354,-116.863,-0.5819997616141671
13337,1065,34.09181,-117.80709,-1.9095859071018568
13338,1065,33.63,-116.8478,0.4841797057142252
13339,1065,34.281,-118.478,0.7647628364665608
13340,1065,34.87533,-116.99684,-0.7594413243011069
13341,1065,34.05073,-118.08085,-0.3215094350586868
13342,1065,33.99351,-117.37545,0.119786161709501
13344,1065,34.232,-117.235,-1.4091547365798405
13345,1065,34.05933,-118.64614,-1.5752949167909942
13346,1065,34.106,-117.098,-0.0815063590064592
13347,1065,34.38203,-117.67822,-0.5175131077907611
13350,1065,34.48364,-118.11783,-0.49527439917991
13351,1065,34.56065,-117.3296,1.694244161294154
13352,1065,34.00948,-117.95077,0.8544118131172899
13353,1065,34.1717,-118.64971,1.938483712814532
13354,1065,33.939,-118.098,1.4330200844129355
13355,1065,34.425,-117.544,-0.4622565792841341
13356,1065,34.439,-117.647,1.6303497880965063
13357,1065,34.144,-118.262,1.3999852257246237
13358,1065,34.393,-117.805,0.1121088660505265
13360,1065,33.852,-117.451,2.120835937421966
13361,1066,34.55046,-117.43391,0.5972678849790116
13362,1066,33.63838,-116.4011,-0.4327527255604799
13363,1066,34.14647,-118.76699,-0.64188375403855
13364,1066,34.68708,-118.29946,-0.5879625387936551
13365,1066,32.68005,-116.67215,0.5724228330474822
13366,1066,34.2623,-116.92075,0.5087332247285188
13367,1066,33.921,-116.981,0.3969735413158963
13369,1066,33.57508,-117.26119,0.4468241192287451
13371,1066,34.23883,-117.65853,0.3060358775134642
13372,1066,34.069,-116.39,-0.6744400620640877
13373,1066,33.268,-116.417,0.3994756281358765
13374,1066,33.80776,-117.98116,-0.5386705340294076
13375,1066,33.4915,-116.667,-3.8449222208375575
13376,1066,33.38822,-117.19495,0.500550757149024
13377,1066,35.52495,-117.36453,-0.0591070535436032
13378,1066,36.5504,-117.80295,0.0991474690780053
13380,1066,33.4019,-118.41502,0.6915449686487877
13382,1066,34.093,-117.317,1.3329755253773157
13383,1066,33.655,-115.99,0.9620420729572988
13385,1066,34.25353,-118.33383,-0.440632304755376
13386,1066,33.93597,-116.57794,0.267742317190809
13387,1066,34.10618,-118.45505,0.0738844463913398
13388,1066,33.567,-116.631,0.8466132167016694
13389,1066,32.999,-116.942,1.157044399723806
13390,1066,34.88303,-117.99106,0.7636994818872659
13392,1066,34.72832,-119.98803,-1.3143425003671028
13393,1066,33.71264,-118.29381,-1.8939807952586631
13394,1066,33.1537,-117.22921,-0.3970909474994378
13396,1066,35.30177,-116.80574,-0.7400308584587167
13397,1066,34.8294,-116.335,0.4488283848019014
13398,1066,34.17643,-118.35967,0.7401754596680645
13400,1066,34.31076,-118.49675,0.1954296509281229
13401,1066,33.0859,-116.5959,-0.0340177094790186
13402,1066,35.9823,-117.8076,0.9049695015271104
13403,1066,34.36622,-116.61266,0.1198989172466222
13404,1066,34.15037,-118.10156,0.2442297762365922
13405,1066,33.86889,-118.33143,-0.0704189633043867
13406,1066,34.00033,-118.37794,-0.5725153651915402
13407,1066,34.73551,-120.27996,0.0967906682215467
13408,1066,34.9906,-118.34156,0.8834083769146142
13409,1066,33.9753,-118.14918,-0.9544235099393216
13410,1066,34.10819,-119.06587,1.7448878463751407
13411,1066,34.80762,-118.86775,-0.4807244924226901
13412,1066,34.61594,-117.82493,0.3017091515420769
13413,1066,33.684,-117.943,-0.386293291172727
13414,1066,34.93439,-117.69629,0.5370611940787069
13415,1066,33.881,-118.176,-0.097957832287389
13416,1066,34.3656,-117.36683,-0.0312963993139663
13419,1066,34.005,-117.562,0.3796643035344619
13420,1066,34.28085,-118.9049,-0.9253753028443964
13421,1066,34.81258,-119.1453,-0.4802950075448405
13422,1066,36.05799,-117.48901,-2.2319769237945777
13423,1066,34.88848,-119.81362,-1.0782167876649749
13424,1066,33.808,-116.968,1.0767995048085042
13426,1066,34.22362,-118.05832,0.7575061398426244
13427,1066,34.53412,-120.17737,0.9667282093670048
13428,1066,33.94539,-117.92372,-0.2259772158620098
13429,1066,34.6145,-118.7235,-2.444058447396797
13430,1066,34.1484,-118.1711,-1.7007026786792916
13431,1066,34.44199,-118.58215,0.5088426049997508
13432,1066,33.96273,-118.43702,-0.6849323382598214
13433,1066,34.1207,-117.63808,-0.6177674306501807
13434,1066,33.862,-117.205,0.9253487667661724
13435,1066,35.40773,-120.54556,0.0150908015070441
13436,1066,35.945,-120.542,-1.3336932895354872
13437,1066,33.354,-116.863,-0.0100073867432496
13438,1066,33.7953,-117.60906,-0.0294455357550531
13439,1066,34.281,-118.478,1.070603199342009
13440,1066,34.10473,-117.97956,-0.9839638964458554
13441,1066,33.74346,-118.40412,0.1148822190373135
13442,1066,34.87533,-116.99684,-0.1560891040561287
13443,1066,34.05073,-118.08085,-0.4217231325911653
13444,1066,33.99351,-117.37545,0.7773135899335664
13445,1066,33.2801,-115.98585,0.7779528320630389
13446,1066,34.44076,-119.71492,1.0444966582567767
13448,1066,34.232,-117.235,0.0407706888135029
13449,1066,33.553,-117.662,-0.5981091395349105
13450,1066,34.56547,-120.50137,0.7856028936197774
13451,1066,34.43692,-119.1375,-1.725288957529649
13452,1066,35.89095,-117.28332,-0.2066742216028944
13453,1066,33.834,-116.797,0.8998619249757795
13454,1066,35.3142,-119.99581,-0.9713032755940946
13455,1066,34.01438,-118.45617,-0.0305240688291398
13456,1066,34.27091,-118.74407,-0.6906672164805968
13457,1066,33.24787,-119.52437,-0.6177746905916389
13458,1066,34.05933,-118.64614,-0.2671891800305269
13459,1066,33.829,-117.789,-0.6919862558162931
13460,1066,34.30302,-119.18676,0.8250503529263266
13461,1066,33.664,-117.769,-0.6560645034629211
13462,1066,33.79033,-118.19878,0.4333350738277383
13463,1066,34.106,-117.098,1.4346342461856578
13464,1066,34.52775,-119.97834,0.8861512981233195
13465,1066,34.38203,-117.67822,-0.1004109986164248
13467,1066,35.14592,-119.41946,-0.9110924636069078
13468,1066,33.63495,-116.16402,0.7951897378332491
13469,1066,37.05422,-118.23009,3.3965292272465484
13470,1066,34.15607,-118.82039,-0.5017482144035325
13472,1066,34.01919,-118.28631,-1.4942712741372446
13473,1066,34.48364,-118.11783,0.2752925272185904
13474,1066,35.84089,-119.08469,-0.6075436508684292
13475,1066,34.56065,-117.3296,0.9449663468876374
13476,1066,35.53664,-118.14035,0.4907356211197342
13478,1066,34.51085,-119.27407,-0.6918564619831463
13479,1066,34.00948,-117.95077,0.3455247427291699
13480,1066,34.1717,-118.64971,0.7217554025042201
13481,1066,33.94869,-118.25547,-0.565911798461237
13502,1068,35.1269,-118.83009,-0.9070887692714308
13503,1068,34.2623,-116.92075,-0.1209710293116688
13504,1068,34.23883,-117.65853,-0.4691555388951948
13505,1068,34.069,-116.39,0.1419633131742828
13506,1068,33.268,-116.417,1.101078329569058
13507,1068,33.01213,-115.21987,-0.5795704708951365
13508,1068,34.68224,-118.57398,0.0519548116002798
13509,1068,33.4915,-116.667,-5.2878849798164005
13510,1068,33.38822,-117.19495,1.8553107250551664
13513,1068,33.4019,-118.41502,0.3144480568691918
13515,1068,33.655,-115.99,-0.4867071958117736
13516,1068,34.25353,-118.33383,-0.7961308069313716
13517,1068,33.93597,-116.57794,1.3249385912114586
13518,1068,33.65,-117.009,1.0973301684073735
13519,1068,34.10618,-118.45505,-1.667974346020177
13520,1068,33.567,-116.631,1.0257453239101784
13521,1068,32.999,-116.942,0.9521679039643232
13522,1068,32.65915,-116.10061,0.517744744564977
13524,1068,33.11675,-115.82267,-0.0170088735695285
13525,1068,33.71264,-118.29381,-0.9983229358759728
13526,1068,33.051,-114.827,-1.0854924165765962
13528,1068,33.1537,-117.22921,0.1080617318018107
13529,1068,35.30177,-116.80574,-0.0291974814716436
13530,1068,34.8294,-116.335,-0.5069651416389545
13532,1068,33.0859,-116.5959,0.2135828860488572
13533,1068,34.36622,-116.61266,0.9711557557986246
13535,1068,34.9906,-118.34156,-0.0198744750181289
13536,1068,34.3656,-117.36683,-0.7179031199302724
13538,1068,33.818,-116.369,1.9821016034406207
13540,1068,33.808,-116.968,1.1948026111730907
13541,1068,33.6,-117.195,0.3731582280591423
13542,1068,32.608,-116.93,0.7002268564751772
13543,1068,34.6145,-118.7235,-1.9149905739969808
13544,1068,34.17141,-118.18523,-0.0931014877725073
13545,1068,34.1207,-117.63808,-0.316834052552412
13547,1068,33.354,-116.863,-0.3572682767470546
13548,1068,33.7953,-117.60906,-1.0922584348301931
13550,1068,34.09181,-117.80709,-1.3335652531896427
13551,1068,33.63,-116.8478,2.0412764678023865
13552,1068,34.87533,-116.99684,-0.0825052047030546
13553,1068,33.99351,-117.37545,1.3056779212019067
13554,1068,33.2801,-115.98585,0.0664980558195574
13556,1068,34.232,-117.235,-0.2299815641154501
13557,1068,33.99543,-119.6351,0.7438169450766889
13558,1068,33.553,-117.662,-0.1867446034356351
13560,1068,32.944,-115.718,-0.2686246908704219
13561,1068,33.834,-116.797,0.7984789411913353
13562,1068,34.05933,-118.64614,-0.9867093130583482
13563,1068,33.829,-117.789,-0.9636310001690808
13564,1068,34.106,-117.098,1.1357568685824306
13565,1068,32.94508,-115.79988,-0.1457937361874684
13566,1068,34.38203,-117.67822,0.2062232735878822
13570,1068,32.75904,-115.73161,0.3994913385091639
13571,1069,37.75094,-122.49072,0.6902580035935717
13572,1069,37.54187,-122.30471,0.2339513910973754
13573,1069,37.26352,-121.91617,-1.295491407008705
13574,1069,37.66,-121.873,-0.8067755434202423
13575,1069,37.68,-121.739,-1.5434460684170377
13576,1069,37.59094,-122.36741,1.6855213081491078
13577,1069,37.39415,-122.06041,-1.6314466004887038
13578,1069,37.27117,-121.98617,-1.2292958316903595
13579,1069,37.59268,-122.07449,-0.985245744608921
13580,1069,37.71737,-121.72701,-2.2276501524141765
13581,1069,37.67928,-122.48405,2.300440572544008
13582,1069,37.91056,-122.53778,3.1247556147559123
13583,1069,38.03445,-122.27016,-0.6183195911891916
13584,1069,37.95397,-121.86554,-3.076279873805204
13585,1069,37.87622,-122.23558,-2.1291791502968795
13586,1069,37.91881,-122.15176,-1.1964227884660503
13587,1069,37.87352,-122.26099,-1.0895570341886645
13588,1069,37.16346,-121.62645,-0.6824301436247602
13589,1069,37.85727,-122.42266,0.4505750114698853
13590,1069,37.45035,-121.80037,-2.077066419392261
13591,1069,37.74766,-121.70843,0.9267706483216056
13592,1069,37.7294,-121.83346,-0.462856238644969
13593,1069,37.85884,-121.99264,-0.1730068983380176
13594,1069,37.91233,-121.90716,-0.0921191849137152
13595,1069,38.02691,-122.01599,-0.8422117212364171
13596,1069,38.34526,-122.4584,-0.899864269768937
13597,1069,38.99349,-123.07234,-3.5385429698592783
13598,1069,37.34305,-122.33976,0.7184874561229405
13599,1069,37.31861,-122.15314,-0.9569768670993352
13600,1069,37.17217,-122.01121,1.6001569221529133
13601,1069,37.51604,-122.45815,2.250612500469153
13602,1069,37.21427,-122.17168,0.0230815628764989
13603,1069,37.20631,-121.97726,2.0879694210279776
13604,1069,37.15432,-121.73467,0.1474540397787739
13605,1069,37.63719,-122.47482,2.0189832833116075
13606,1069,37.2708,-122.21276,-0.3673183976341174
13607,1069,37.19855,-122.34671,1.0041481238990684
13608,1069,37.40373,-122.23868,-2.1352258441293523
13609,1069,37.58225,-122.42006,1.9330198597652788
13610,1069,37.40372,-122.17596,-1.0003881009082318
13611,1069,37.28397,-122.05017,-0.8649905180350237
13612,1069,37.58644,-122.50217,1.7473026014110091
13613,1069,37.6444,-118.89683,2.32960754716856
13614,1069,37.34164,-121.64257,-2.283847097468108
13615,1069,37.65909,-118.97907,3.0328882903468264
13616,1069,38.33656,-122.81082,1.8549696793273311
13617,1069,38.28043,-122.21582,-1.393686337623788
13618,1069,38.16488,-122.71296,1.445741049552672
13619,1069,38.6694,-122.6332,-0.5874322801201484
13620,1069,38.07601,-122.2585,-0.2775629344190523
13621,1069,38.04248,-122.79684,1.621631503565718
13622,1069,37.99642,-123.01949,1.5179889158457829
13623,1069,38.34878,-122.57795,0.7838347149635327
13624,1069,37.9231,-122.5983,1.2159531782620332
13625,1069,38.38921,-122.66297,0.5008579773572657
13626,1069,39.55451,-121.50036,-0.944994505409792
13627,1069,35.945,-120.542,-1.590565895627844
13628,1069,38.2026,-121.9354,-1.1737695793779963
13629,1069,36.76403,-121.44722,-2.888463845708392
13630,1069,37.62211,-121.75697,-2.2868553362068926
19409,1069,38.03455,-120.38651,-0.3239398143728698
19410,1069,37.81647,-122.06302,-0.6801492732734775
19411,1069,37.9889,-122.2156,1.2539592526693977
19412,1069,37.94906,-122.40851,0.940122086289131
19413,1069,37.72416,-122.11929,1.0687728869108954
19414,1069,37.80787,-122.3618,0.3910344624510455
19415,1069,37.12043,-122.1552,1.2424895960604758
19416,1069,37.51704,-122.37731,-0.3713887265650955
19417,1069,37.67433,-122.39855,1.056734375986483
19418,1069,37.16067,-121.89899,1.8731274011756085
19419,1069,37.92144,-122.71806,1.5728174530389496
19420,1069,38.04962,-122.52331,1.549324454291834
19421,1069,38.12282,-122.14921,-0.2605973027482985
19422,1069,38.20025,-122.4644,-0.6380102440878309
19423,1069,38.233,-122.636,1.3643555216836285
19424,1069,37.76021,-122.41524,0.2971685245184537
19425,1069,37.77737,-122.39689,-0.3704380527912997
19426,1069,37.76386,-122.4736,0.5306184061558258
19427,1069,37.762,-122.505,0.2717565711373174
19428,1069,37.40701,-122.0946,-1.6911525233489595
19429,1069,37.4748,-122.2392,-0.623221492965579
19430,1069,37.30249,-121.97978,-0.5623294518686901
19431,1069,37.30143,-121.9039,-1.509258609874643
19432,1069,37.31816,-121.94354,-0.1665721771411469
19433,1069,37.41702,-121.9154,-1.319636708938417
19434,1069,37.74766,-122.42528,0.5794667272420426
19435,1069,38.46769,-122.89651,-0.2233725132848988
13631,1070,37.27117,-121.98617,-0.8902501153553305
13632,1070,37.91056,-122.53778,1.3695346846667351
13633,1070,38.03445,-122.27016,-0.9192646540211112
13634,1070,37.72416,-122.44841,0.6208259194544028
13635,1070,37.86059,-122.29327,-1.2517234047759798
13636,1070,38.29027,-122.46125,-0.0750955362228216
13637,1070,37.94215,-121.93047,-0.1340073571836407
13638,1070,38.36743,-122.52403,0.4216043894576851
13639,1070,37.95397,-121.86554,-0.7038140744895356
13640,1070,37.87622,-122.23558,-1.9519423344179383
13641,1070,37.91881,-122.15176,-1.8605504816354472
13642,1070,37.87352,-122.26099,-1.660807330714437
13643,1070,37.85727,-122.42266,0.3336465826835665
13644,1070,37.74766,-121.70843,-0.9121891420990836
13645,1070,37.7294,-121.83346,-1.1901612237468413
13646,1070,37.73786,-122.06486,-0.8640984796758504
13647,1070,37.9889,-122.2156,-0.4513627145691217
13648,1070,37.94906,-122.40851,-0.0525268819038706
13649,1070,37.91233,-121.90716,0.0448652833907231
13650,1070,38.02691,-122.01599,0.7242098221607791
13651,1070,37.62359,-121.83641,-1.623299634484724
13652,1070,38.34526,-122.4584,0.427349811280647
13653,1070,37.69782,-123.0011,0.2866565437666191
13654,1070,38.71073,-122.75733,1.5516388461820383
13655,1070,38.80797,-122.7953,2.4593541021186565
13656,1070,37.34305,-122.33976,1.108739175421167
13657,1070,37.36045,-122.18986,0.2691298842775962
13658,1070,37.51604,-122.45815,1.4453177314617738
13659,1070,37.21427,-122.17168,0.1425682677978124
13660,1070,37.20631,-121.97726,0.0477424544992568
13661,1070,37.15432,-121.73467,0.4498687026595126
13662,1070,37.63719,-122.47482,0.6675398027892463
13663,1070,37.2708,-122.21276,0.6076645813135113
13664,1070,37.79499,-122.4746,-0.1222827121803383
13665,1070,37.40373,-122.23868,-1.395353117130305
13666,1070,37.58225,-122.42006,1.0044823614740892
13667,1070,37.40372,-122.17596,-0.605028234377079
13668,1070,37.58644,-122.50217,1.3696072413911455
13669,1070,37.16067,-121.89899,0.1103247532289046
13670,1070,38.14478,-122.88018,0.7385123765809616
13671,1070,38.87874,-122.44277,-1.2990442428410287
13672,1070,38.43951,-122.25272,-0.3773303616218432
13673,1070,37.92144,-122.71806,1.189717085437103
13674,1070,38.26021,-122.55179,0.2659272614296098
13675,1070,38.00198,-122.47466,0.203836561564752
13676,1070,38.30988,-122.943,2.457919081113386
13677,1070,38.33656,-122.81082,2.222822212067777
13678,1070,38.46769,-122.89651,0.782685328288378
13679,1070,38.04962,-122.52331,1.3737352011356283
13680,1070,38.15486,-121.80438,-0.0732052210748955
13681,1070,38.16488,-122.71296,1.158504700741246
13682,1070,38.12282,-122.14921,1.4442458001465273
13683,1070,38.07601,-122.2585,2.9129695509147884
13684,1070,38.34878,-122.57795,-0.3505528005603165
13685,1070,38.20025,-122.4644,0.5339496819093971
13686,1070,37.92371,-122.59649,2.009369518546749
13687,1070,38.14361,-122.44969,-1.493070545019284
13688,1070,38.24039,-122.79842,0.4629977986205562
13689,1070,38.38921,-122.66297,-0.5305782705824151
13690,1070,37.91608,-122.33607,-0.4060706395330376
13691,1070,37.62211,-121.75697,-2.467691090062819
21339,1070,38.03455,-120.38651,-1.1823968274734569
21340,1070,39.65471,-122.71595,-3.3965600845305324
21341,1070,36.3887,-121.5514,-0.6032980697117851
21343,1070,38.99349,-123.07234,-3.3402475002451464
21345,1070,37.34164,-121.64257,-1.8779884133430271
21346,1070,39.55451,-121.50036,-1.6765134983884211
21347,1070,35.945,-120.542,-1.3923009114768663
21348,1070,37.72416,-122.11929,-1.1346756704597258
21349,1070,37.51704,-122.37731,-0.0418958680780981
21350,1070,37.75094,-122.49072,0.6275232433754075
21351,1070,37.762,-122.505,0.2655442243554172
21352,1070,37.67928,-122.48405,1.546044025724196
21353,1070,37.74484,-122.40134,-0.548231680464779
21354,1070,37.71633,-122.43117,1.2236858162430846
21355,1070,37.8251,-122.27606,-0.783102847337172
21356,1070,37.41395,-121.87085,-0.4901003889004156
21357,1070,37.6806,-121.92098,-1.8916219665300216
21358,1070,37.85835,-122.25252,-0.7638044886588975
21359,1070,37.81041,-121.80272,-0.960021033014825
21360,1070,37.85884,-121.99264,-1.602357163964182
21361,1070,37.80787,-122.3618,0.0407050567735313
21362,1070,38.76927,-123.01486,-1.0263381373337674
21363,1070,37.19855,-122.34671,0.9917820031187702
21364,1070,38.28043,-122.21582,0.9414846719230096
21365,1070,38.65651,-122.61441,0.5810915041092644
21366,1070,38.04248,-122.79684,2.2491245629735173
21367,1070,37.99642,-123.01949,1.1270394951727578
13809,1075,34.55046,-117.43391,-0.1055586486465909
13810,1075,34.68708,-118.29946,-0.5356587710095483
13811,1075,35.1269,-118.83009,-0.6589679254769943
13812,1075,32.68005,-116.67215,1.3939786361320992
13813,1075,34.2623,-116.92075,-0.4061450852426396
13814,1075,33.921,-116.981,-0.4740429179541429
13817,1075,34.23883,-117.65853,-0.1284549539943439
13818,1075,34.069,-116.39,-1.1547226286178185
13820,1075,33.268,-116.417,0.8304595031751367
13821,1075,33.80776,-117.98116,-0.260609901809936
13822,1075,34.68224,-118.57398,0.3030792647566763
13823,1075,33.38822,-117.19495,1.1898516344241854
13824,1075,35.52495,-117.36453,0.5797171359776228
13825,1075,36.5504,-117.80295,0.7904177958148464
13827,1075,33.999,-117.68,-1.3128240124266863
13828,1075,33.4019,-118.41502,0.5508982771425333
13830,1075,34.093,-117.317,1.165970432120979
13831,1075,34.63745,-115.38115,0.5819843138390297
13832,1075,34.25353,-118.33383,0.0244540559261212
13833,1075,33.93597,-116.57794,-0.4115872423302402
13834,1075,33.65,-117.009,1.06923643028509
13835,1075,34.10618,-118.45505,-1.762401356482135
13836,1075,33.567,-116.631,0.4146119756581678
13837,1075,32.999,-116.942,1.126332467726633
13841,1075,33.71264,-118.29381,-1.6378577125195009
13842,1075,33.051,-114.827,-0.9082134389087568
13843,1075,33.1537,-117.22921,0.5330646808686786
13845,1075,35.30177,-116.80574,-0.4998594764074761
13846,1075,34.8294,-116.335,-0.698032968739538
13848,1075,35.66278,-118.47403,-0.7761760388096172
13849,1075,33.0859,-116.5959,0.6975376162951387
13850,1075,35.98249,-117.80885,0.7331948384465069
13851,1075,34.36622,-116.61266,0.991996850491946
13852,1075,35.13066,-115.18416,-0.0743106345349549
13853,1075,34.9906,-118.34156,1.1255473030958234
13854,1075,34.80762,-118.86775,-0.1468663260669986
13855,1075,33.684,-117.943,0.4891899577911764
13856,1075,35.47954,-117.68212,0.5627609304734666
13857,1075,34.3656,-117.36683,-1.5570278355198963
13859,1075,33.818,-116.369,0.1387876020672877
13860,1075,34.005,-117.562,-0.1927226249260738
13861,1075,36.05799,-117.48901,-0.3375667392799253
13862,1075,33.808,-116.968,-0.5758234326296776
13864,1075,33.6,-117.195,0.6091088928553621
13865,1075,34.22362,-118.05832,0.1432674509127843
13867,1075,33.94539,-117.92372,-0.5206802239503816
13868,1075,34.6145,-118.7235,-1.4897819185460477
13869,1075,34.1484,-118.1711,-2.069395332248212
13870,1075,33.96273,-118.43702,-0.408989709673501
13871,1075,34.1207,-117.63808,-1.593321721597066
13872,1075,33.862,-117.205,0.3496505048470045
13874,1075,33.354,-116.863,-0.0582180571372938
13875,1075,33.7953,-117.60906,-1.036198843921077
13877,1075,33.824,-116.55,-0.0801436854627608
13878,1075,34.09181,-117.80709,-1.284401553539421
13879,1075,33.63,-116.8478,0.6714310429987286
13880,1075,33.74346,-118.40412,0.0784894864708941
13881,1075,34.87533,-116.99684,-0.343382252564364
13882,1075,33.97327,-117.32674,0.906874071381342
13883,1075,34.05073,-118.08085,0.6443005395318622
13884,1075,33.99351,-117.37545,0.7057668830576644
13885,1075,33.2801,-115.98585,1.389325412141592
13887,1075,34.232,-117.235,-0.4138170127989228
13888,1075,33.553,-117.662,-0.7552041890364152
13889,1075,32.784,-117.13805,-0.2209133337696728
13891,1075,34.43692,-119.1375,-2.0157985935035
13892,1075,35.8996,-116.27515,0.4494244177190171
13893,1075,35.89095,-117.28332,1.6493150524020257
13894,1075,33.834,-116.797,0.8939006959967949
13895,1075,34.01438,-118.45617,0.0777468398279917
13896,1075,34.05933,-118.64614,-1.6395847179044012
13897,1075,36.1355,-118.81099,-1.2991994279371366
13898,1075,33.829,-117.789,-0.7968499879006864
13899,1075,34.30302,-119.18676,-0.0412510707448624
13900,1075,33.664,-117.769,-0.91923872572594
13901,1075,34.106,-117.098,2.306256060097269
13902,1075,32.94508,-115.79988,0.826850500213822
13903,1075,34.38203,-117.67822,0.9298656773953972
13905,1075,33.63495,-116.16402,0.6128696115252837
13907,1075,34.48364,-118.11783,-0.1419902399047535
13908,1075,34.56065,-117.3296,1.2180442526417004
13909,1075,35.53664,-118.14035,1.1423952115896894
13910,1075,32.75904,-115.73161,0.5768423900606213
13911,1075,34.51085,-119.27407,-1.1481915948239372
13912,1075,34.00948,-117.95077,0.5719921052164626
13913,1075,34.1717,-118.64971,1.661797662250594
13914,1076,34.55046,-117.43391,0.4853219802453558
13915,1076,33.63838,-116.4011,1.5787075324240718
13916,1076,34.68708,-118.29946,-1.4524700610699843
13917,1076,32.68005,-116.67215,2.329643715248296
13918,1076,34.2623,-116.92075,0.9826760831093042
13920,1076,34.069,-116.39,0.6690289223161529
13921,1076,33.268,-116.417,1.86845956559226
13922,1076,34.68224,-118.57398,-0.489168550499696
13923,1076,33.38822,-117.19495,3.1719543492152016
13924,1076,35.52495,-117.36453,0.3556938472558424
13926,1076,33.999,-117.68,-0.9868133116651476
13928,1076,34.093,-117.317,0.8667897838132539
13929,1076,33.876,-117.561,0.6211553947287177
13930,1076,33.655,-115.99,0.0430119890581239
13931,1076,34.63745,-115.38115,1.7855758260322894
13932,1076,34.25353,-118.33383,-1.325228506359182
13933,1076,34.10618,-118.45505,-1.8075936116306
13934,1076,32.999,-116.942,2.582723294584738
13936,1076,33.71264,-118.29381,-2.282410216201535
13937,1076,33.051,-114.827,-0.920090592352782
13938,1076,33.1537,-117.22921,2.418720042094629
13939,1076,35.30177,-116.80574,0.5389084365543949
13940,1076,34.8294,-116.335,0.4438924695809093
13941,1076,34.121,-117.219,-0.7046552558173148
13942,1076,35.66278,-118.47403,-1.2277109568744746
13943,1076,33.0859,-116.5959,0.7850559710296882
13944,1076,35.9823,-117.8076,1.0976163888307418
13945,1076,34.36622,-116.61266,1.840519223028208
13946,1076,35.13066,-115.18416,0.7256356641564222
13947,1076,34.61594,-117.82493,1.0136681938615633
13948,1076,33.684,-117.943,-1.238921797678846
13949,1076,35.47954,-117.68212,1.863417265148491
13950,1076,34.3656,-117.36683,-0.9783140171507568
13952,1076,33.818,-116.369,0.5530022421916702
13954,1076,34.005,-117.562,0.7311363154349279
13955,1076,36.05799,-117.48901,-1.068101596016945
13957,1076,34.22362,-118.05832,0.1315288504815884
13958,1076,34.22869,-118.55829,-0.1754667330829115
13959,1076,33.94539,-117.92372,-1.137599547689388
13960,1076,32.608,-116.93,2.201540780347974
13961,1076,34.6145,-118.7235,-2.230577865923128
13962,1076,34.1484,-118.1711,-3.07119984287508
13963,1076,34.1207,-117.63808,-0.9002789877407856
13964,1076,33.354,-116.863,0.8476722780230098
13965,1076,33.7953,-117.60906,-0.6396261662576463
13967,1076,33.74346,-118.40412,-0.5680318664126911
13968,1076,34.87533,-116.99684,0.1640951747891863
13969,1076,34.05073,-118.08085,-0.4274050886362059
13970,1076,33.99351,-117.37545,0.418752286112166
13971,1076,33.2801,-115.98585,-0.0076932814825717
13972,1076,34.44076,-119.71492,-1.615397602597595
13973,1076,34.232,-117.235,-0.0159857722609883
13975,1076,35.8996,-116.27515,1.6557441801659758
13976,1076,35.89095,-117.28332,0.7452004084727211
13977,1076,35.3142,-119.99581,-1.7158759713663223
13978,1076,34.05933,-118.64614,-2.052470352717516
13979,1076,33.829,-117.789,-1.903060210899084
13980,1076,34.30302,-119.18676,0.2561269653319115
13981,1076,33.664,-117.769,-1.7693152980932405
13982,1076,34.106,-117.098,0.3609247641376581
13983,1076,32.94508,-115.79988,-0.7291097672220512
13984,1076,34.52775,-119.97834,-1.1250112556390772
13985,1076,34.38203,-117.67822,-0.8798790711800223
13987,1076,34.48364,-118.11783,-0.0719516370671711
13988,1076,34.56065,-117.3296,1.704095920222081
14023,1079,37.77737,-122.39689,-1.3301853226776097
14024,1079,37.762,-122.505,-0.5304361003624459
14025,1079,37.54187,-122.30471,0.7340655474057347
14026,1079,37.376,-121.84367,-2.102307423282044
14027,1079,37.27117,-121.98617,-1.2520500775203094
14028,1079,37.67928,-122.48405,2.8952018279197653
14029,1079,38.03445,-122.27016,-0.6938960502571228
14030,1079,37.71633,-122.43117,2.8525720892236053
14031,1079,37.81076,-122.29252,-1.4978651991105911
14032,1079,37.8251,-122.27606,-0.8886493032705981
14033,1079,37.72416,-122.44841,0.1197729004087314
14034,1079,37.86059,-122.29327,-1.192495869605324
14035,1079,37.85835,-122.25252,0.0807278087595094
14036,1079,37.36408,-122.01817,-1.441034241254067
14037,1079,37.69169,-122.16982,1.3230165465303552
14038,1079,37.68873,-121.78351,-0.8044265572422541
14039,1079,37.72688,-122.15092,1.801832025622504
14040,1079,37.8852,-122.03217,0.5562748676855047
14041,1079,37.94215,-121.93047,0.4087417063401569
14042,1079,37.95397,-121.86554,-2.033565669622215
14043,1079,37.87622,-122.23558,-2.5633066063198715
14044,1079,37.91881,-122.15176,-0.7576863220157924
14045,1079,37.87352,-122.26099,-1.8185084626794203
14046,1079,37.16346,-121.62645,-0.2344545974235142
14047,1079,37.85727,-122.42266,0.1715050416137988
14048,1079,37.45035,-121.80037,-1.7556523173008225
14049,1079,37.74766,-121.70843,0.1503551973828004
14050,1079,37.7294,-121.83346,0.6672315603095967
14051,1079,37.37289,-121.76887,-1.6564448615756966
14052,1079,37.73786,-122.06486,2.7095066802261667
14053,1079,37.81041,-121.80272,0.4343806831375225
14054,1079,37.85884,-121.99264,0.7381912838392715
14055,1079,37.91233,-121.90716,0.7901331084010491
14056,1079,38.02691,-122.01599,-1.1699034132090484
14057,1079,38.34526,-122.4584,-0.6983545711938043
14058,1079,37.69782,-123.0011,0.3750483503876064
14059,1079,36.3887,-121.5514,-0.5925822088082922
14060,1079,37.34305,-122.33976,2.142474192509267
14061,1079,37.31861,-122.15314,-0.6738504193555442
14062,1079,37.17217,-122.01121,1.3953091814635348
14063,1079,37.36045,-122.18986,-0.1522339197058663
14064,1079,37.51604,-122.45815,3.400275213635384
14065,1079,37.21427,-122.17168,0.6090793248609384
14066,1079,37.20631,-121.97726,0.7141737109264973
14067,1079,37.15432,-121.73467,0.4439246318295396
14068,1079,37.63719,-122.47482,1.4908623382059965
14069,1079,37.2708,-122.21276,0.2757515739165378
14070,1079,37.19855,-122.34671,1.598635030357934
14071,1079,37.40373,-122.23868,-1.700251830893769
14072,1079,37.58225,-122.42006,1.3646770329509614
14073,1079,37.40372,-122.17596,-1.2908378784206274
14074,1079,37.58644,-122.50217,1.2109507336060223
14075,1079,38.14478,-122.88018,-0.4788487156892889
14076,1079,37.34164,-121.64257,-1.964756535947712
14077,1079,38.87874,-122.44277,-3.157955600040704
14078,1079,38.43951,-122.25272,-1.229703114835868
14079,1079,38.26021,-122.55179,-1.906395755077284
14080,1079,38.33656,-122.81082,2.1756783942525355
14081,1079,38.46769,-122.89651,0.2085304736000011
14082,1079,38.28043,-122.21582,-1.5171591754149611
14083,1079,38.15486,-121.80438,-1.7676929278107891
14084,1079,38.16488,-122.71296,1.5281476442028796
14085,1079,38.07601,-122.2585,0.1302307076666371
14086,1079,38.04248,-122.79684,1.257466190317747
14087,1079,37.99642,-123.01949,0.6018068529339117
14088,1079,37.92371,-122.59649,1.1983139550396955
14089,1079,38.14361,-122.44969,-1.0846124826360106
14090,1079,38.24039,-122.79842,0.185104052092446
14091,1079,38.38921,-122.66297,-0.8011852632364078
20870,1079,38.03455,-120.38651,-0.8001808941185798
20871,1079,36.68011,-119.02282,0.8301625127549969
20872,1079,38.99349,-123.07234,-3.650355562438451
20873,1079,39.55451,-121.50036,-1.2180745914825246
20874,1079,37.81647,-122.06302,-0.2949031339936223
20875,1079,37.25898,-121.67311,-1.0498125081074896
20876,1079,37.9889,-122.2156,0.1877372149800041
20877,1079,37.94906,-122.40851,0.2629180431364511
20878,1079,37.72416,-122.11929,1.2264429906991154
20879,1079,37.80787,-122.3618,1.7907363405992978
20880,1079,37.12043,-122.1552,0.7291855226887644
20881,1079,37.51704,-122.37731,0.642245906303608
20882,1079,37.67433,-122.39855,1.5391173533845934
20883,1079,37.16067,-121.89899,1.6131212227254432
20884,1079,37.92144,-122.71806,0.9506503569157924
20885,1079,38.04962,-122.52331,0.8067266482657123
20886,1079,38.12282,-122.14921,-1.3673629413374613
20887,1079,38.20025,-122.4644,-0.7530188981056637
20888,1079,37.76021,-122.41524,0.1371103686340313
20889,1079,37.75094,-122.49072,-0.5885129453287191
20890,1079,37.76386,-122.4736,0.8485384939325344
20891,1079,37.40701,-122.0946,-1.4809493141731584
20892,1079,37.4748,-122.2392,0.2362451532969345
20893,1079,37.68,-121.739,-1.9172268721608008
20894,1079,37.41702,-121.9154,-1.1430078764558331
20895,1079,37.59094,-122.36741,0.3419117241147325
20896,1079,37.04922,-121.80722,-0.6139847863991731
20897,1079,37.28397,-122.05017,-1.3944046954148432
20898,1079,37.6444,-118.89683,1.3287143567143076
20899,1079,37.65909,-118.97907,1.6104663672655193
20900,1079,38.30988,-122.943,2.2019993601666963
14117,1081,37.0254,-121.4845,-2.00224304626514
14118,1081,36.68011,-119.02282,1.8534962301947835
14119,1081,37.21427,-122.17168,0.0246698450808144
14120,1081,37.2708,-122.21276,0.072496165407716
14122,1081,37.6444,-118.89683,3.4120133786577944
14123,1081,37.34164,-121.64257,-2.244425583099483
14124,1081,37.65909,-118.97907,3.803728246059118
14125,1081,35.73065,-120.24986,0.0637230723205937
14126,1081,35.40773,-120.54556,2.958752615499602
14127,1081,35.945,-120.542,1.887431703866327
14128,1081,36.2159,-120.80126,-0.1414272469781625
14129,1081,36.0688,-120.59618,0.8155454339975913
14130,1081,37.28744,-121.86422,-0.436382139142825
14131,1081,36.88311,-121.3908,-0.6473373396277683
14132,1081,36.61809,-121.31468,2.172089610109372
14133,1081,36.3887,-121.5514,1.9398480936875384
14134,1081,36.82681,-121.64349,-1.6342210426056756
14135,1081,37.15432,-121.73467,0.5049390266971511
14136,1081,37.40373,-122.23868,-2.031960853654224
14137,1081,37.008,-121.287,-0.9476709554675052
14138,1081,35.82404,-121.05393,2.524567324042795
14139,1081,35.63597,-120.86984,2.048024456002593
14140,1081,36.76403,-121.44722,-5.627056599592072
14141,1081,37.62211,-121.75697,-2.364728717492506
20227,1081,37.91881,-122.15176,-2.227323964404286
20228,1081,37.87352,-122.26099,-3.2665080895970604
20229,1081,38.03455,-120.38651,-0.9428112462851994
20230,1081,37.69782,-123.0011,-2.8796424938154424
20231,1081,38.99349,-123.07234,-1.9699689643180105
20232,1081,38.14478,-122.88018,-1.3935749334255487
20233,1081,38.87874,-122.44277,-2.4889637920008174
20235,1081,39.2291,-121.7861,0.636887976456161
20236,1081,37.26748,-121.86656,-0.8957682728546355
20237,1081,37.68,-121.739,-1.5241325580763423
20238,1081,37.74664,-122.38679,2.8408167209111053
20239,1081,37.376,-121.84367,-1.6565122826412024
20240,1081,37.27117,-121.98617,-1.2259014264491277
20241,1081,37.91056,-122.53778,3.2996307672368426
20242,1081,38.94596,-120.96897,-0.7267752794909978
20243,1081,35.53383,-120.90667,1.464479688749632
20244,1081,37.16346,-121.62645,-1.8209083323132336
20245,1081,37.37289,-121.76887,-2.037686857906271
20246,1081,37.73786,-122.06486,-0.2480322681504794
20247,1081,37.62359,-121.83641,-1.074859602143282
20248,1081,35.233,-120.78167,2.917316350921518
20249,1081,35.66278,-118.47403,1.506236028177436
20250,1081,37.34305,-122.33976,0.3175590151345137
20251,1081,37.12043,-122.1552,2.1272883431007963
20252,1081,37.17217,-122.01121,0.2516610863976912
20253,1081,36.92745,-121.82764,-0.7992284217368565
20254,1081,37.36045,-122.18986,-1.2316856360050488
20255,1081,37.20631,-121.97726,-0.7169278611341214
20256,1081,37.16067,-121.89899,-0.5471723533832166
20257,1081,35.86661,-120.4796,2.769319386252456
20258,1081,37.05422,-118.23009,1.7852062308046088
14209,1085,33.3527,-115.733,0.1287857761208657
14210,1085,33.63838,-116.4011,-0.0713949693237265
14211,1085,32.68005,-116.67215,0.8367073762263205
14212,1085,34.2623,-116.92075,-1.355067747577301
14213,1085,33.921,-116.981,-1.979395258960084
14215,1085,33.57508,-117.26119,2.2647974090444656
14217,1085,34.23883,-117.65853,0.3380430962730225
14218,1085,34.069,-116.39,-1.4878393238244765
14219,1085,33.268,-116.417,2.2516253260562733
14220,1085,33.01213,-115.21987,-1.9941368460681383
14221,1085,33.38822,-117.19495,2.96346133735217
14224,1085,33.4019,-118.41502,-0.0292579360206572
14225,1085,33.655,-115.99,-0.7755720719681679
14226,1085,34.25353,-118.33383,-1.5674936533604675
14227,1085,33.93597,-116.57794,0.3225596193331974
14228,1085,33.65,-117.009,1.562657095440484
14229,1085,33.567,-116.631,0.8111502821321271
14230,1085,32.999,-116.942,3.6327025401047774
14231,1085,32.805,-115.447,-1.1367156922572483
14233,1085,32.65915,-116.10061,1.0749463747351928
14235,1085,33.051,-114.827,-3.141642848224521
14236,1085,33.1537,-117.22921,2.4416576368818226
14237,1085,34.8294,-116.335,-2.548292983672946
14239,1085,33.0859,-116.5959,1.8328319501952568
14240,1085,34.36622,-116.61266,-0.171960720353782
14242,1085,33.684,-117.943,0.2234137797189795
14243,1085,34.93439,-117.69629,-0.9974230511316672
14245,1085,33.818,-116.369,0.5664467959063143
14246,1085,33.808,-116.968,0.4837739268928238
14247,1085,34.22362,-118.05832,-0.1691906304400795
14248,1085,33.94539,-117.92372,-0.2256001760780049
14249,1085,32.608,-116.93,3.044457350501351
14250,1085,34.1484,-118.1711,-2.5745828516897857
14251,1085,34.1207,-117.63808,-0.6998787151570519
14252,1085,33.862,-117.205,0.9428074284471364
14254,1085,33.354,-116.863,1.7068718162345446
14255,1085,33.7953,-117.60906,-0.3716997113705881
14256,1085,33.63,-116.8478,1.0287312444297194
14257,1085,33.74346,-118.40412,-1.258681868990036
14258,1085,33.99351,-117.37545,1.317664858069572
14259,1085,33.183,-115.623,-1.5740906837179556
14260,1085,33.2801,-115.98585,-0.3786455724323286
14262,1085,33.553,-117.662,-0.8337669333513885
14263,1085,32.784,-117.13805,0.2637058598291363
14265,1085,33.834,-116.797,0.6040741876862983
14266,1085,34.05933,-118.64614,-2.602335226831268
14267,1085,33.829,-117.789,-0.9267647887740992
14268,1085,33.664,-117.769,-0.2885178285470303
14269,1085,32.94508,-115.79988,-0.4575370685573121
14270,1085,34.38203,-117.67822,-0.2032025482815174
14272,1085,33.63495,-116.16402,-0.3519471096635681
14273,1085,34.48364,-118.11783,-0.2990066455702938
14274,1085,34.56065,-117.3296,0.4140152991651285
14275,1085,32.75904,-115.73161,-0.9592939822617936
14276,1086,33.1774,-115.616,-2.143434983633083
14277,1086,33.63461,-116.09534,-2.818251374359697
14278,1086,34.68708,-118.29946,0.4015526462072207
14279,1086,35.1269,-118.83009,-0.1724800708660059
14280,1086,32.68005,-116.67215,0.1012579114507703
14281,1086,34.2623,-116.92075,0.7928103813393916
14282,1086,33.921,-116.981,-0.9862651585527876
14285,1086,34.23883,-117.65853,0.5327786832316562
14286,1086,34.069,-116.39,-0.1722392569065932
14288,1086,33.268,-116.417,0.4913937744266246
14289,1086,33.01213,-115.21987,-0.7676020617170574
14290,1086,34.68224,-118.57398,1.2672740570167125
14291,1086,33.4915,-116.667,-6.070175415447489
14292,1086,35.52495,-117.36453,0.373245446466325
14295,1086,33.999,-117.68,0.1752390234473854
14296,1086,33.655,-115.99,0.053385446137314
14297,1086,34.63745,-115.38115,0.0060900566032327
14298,1086,34.25353,-118.33383,0.4702841064801348
14299,1086,33.93597,-116.57794,0.0713668860722916
14300,1086,33.65,-117.009,0.3732077224553383
14301,1086,34.10618,-118.45505,-1.585381806979014
14302,1086,33.567,-116.631,0.4893634747691844
14303,1086,32.999,-116.942,1.3207007914767983
14304,1086,32.805,-115.447,0.5912744319098002
14306,1086,33.11675,-115.82267,1.415885124352265
14307,1086,33.051,-114.827,-1.4262719155837411
14308,1086,33.1537,-117.22921,0.6212265840374822
14309,1086,35.30177,-116.80574,-1.4102142823541215
14313,1086,34.36622,-116.61266,0.5265648638253327
14314,1086,35.13066,-115.18416,-0.912402883805906
14315,1086,34.9906,-118.34156,0.3345649775517811
14316,1086,33.684,-117.943,-0.7553113703730588
14317,1086,34.3656,-117.36683,-1.064882600882573
14320,1086,33.818,-116.369,0.5465814202465759
14321,1086,34.005,-117.562,1.6586950088997474
14323,1086,33.808,-116.968,0.4440955136129409
14324,1086,33.6,-117.195,-0.3052839019187486
14325,1086,34.22362,-118.05832,0.706105806456267
14326,1086,34.76759,-114.61881,1.1814321995963366
14327,1086,33.94539,-117.92372,-0.0673202934400481
14328,1086,32.608,-116.93,1.8850819153500056
14329,1086,34.6145,-118.7235,-1.2231913108027077
14330,1086,34.1207,-117.63808,-0.3318062555054307
14331,1086,33.862,-117.205,0.1304406828838882
14333,1086,33.354,-116.863,0.6870279933142274
14334,1086,33.7953,-117.60906,-1.2302746186078437
14336,1086,33.824,-116.55,0.3405168160457773
14337,1086,34.09181,-117.80709,-0.7929771278224147
14338,1086,33.63,-116.8478,1.004629376985416
14339,1086,34.87533,-116.99684,-0.486079956230378
14340,1086,33.97327,-117.32674,1.0435616345325391
14341,1086,33.99351,-117.37545,1.2169285545558075
14342,1086,33.183,-115.623,0.1442323894285972
14343,1086,33.2801,-115.98585,1.35145445097924
14345,1086,34.232,-117.235,0.3683080084973655
14346,1086,33.553,-117.662,-1.921059541598504
14347,1086,32.784,-117.13805,0.4594133288744454
14349,1086,32.9333,-115.7039,0.2765853825341496
14350,1086,32.944,-115.718,0.2919158899255086
14351,1086,33.834,-116.797,2.537020118595696
14352,1086,34.05933,-118.64614,-1.4975663721581507
14353,1086,33.829,-117.789,-1.0618382921013794
14354,1086,33.664,-117.769,-1.804290985257227
14355,1086,34.106,-117.098,1.0552363890689138
14356,1086,32.94508,-115.79988,0.9405381025971326
14357,1086,34.38203,-117.67822,-0.2212817338217471
14360,1086,34.48364,-118.11783,0.8002509228264105
14361,1086,32.75904,-115.73161,1.711769324130178
14362,1087,37.16346,-121.62645,-1.3626506278428725
14363,1087,37.85727,-122.42266,1.4149049459974083
14364,1087,37.45035,-121.80037,-0.9470167622614916
14365,1087,37.7294,-121.83346,0.8210947852261093
14366,1087,37.85884,-121.99264,0.3811371950432518
14367,1087,37.34305,-122.33976,0.8459088992845811
14368,1087,37.21427,-122.17168,0.1603482237356701
14369,1087,37.20631,-121.97726,-0.4719012096012206
14370,1087,37.2708,-122.21276,0.4813016728750199
14371,1087,37.19855,-122.34671,0.3708881112010904
14372,1087,37.40372,-122.17596,-0.0174650234656909
14373,1087,37.28397,-122.05017,-0.9489438054708336
14374,1087,37.34164,-121.64257,-1.4851152610024996
14375,1087,36.76403,-121.44722,-2.204454809703769
14376,1087,37.62211,-121.75697,-1.125997644270199
20313,1087,37.91881,-122.15176,-0.3633867461625746
20314,1087,37.87352,-122.26099,-1.8451038438337104
20315,1087,38.03455,-120.38651,-1.3658211691195286
20316,1087,37.69782,-123.0011,-1.9410217932139249
20317,1087,35.945,-120.542,-0.0473345453994311
20318,1087,37.28744,-121.86422,0.2281482353224589
20319,1087,37.81647,-122.06302,0.3610830994286386
20320,1087,37.25898,-121.67311,-0.7675862411543091
20321,1087,37.9889,-122.2156,1.148132357966647
20322,1087,37.12043,-122.1552,0.7837572743172557
20323,1087,37.51704,-122.37731,-0.0491728577604233
20324,1087,37.4046,-122.1741,-0.3281215819649558
20325,1087,37.74766,-121.70843,0.0148940194448093
20326,1087,37.91233,-121.90716,-0.7934821046219164
20327,1087,37.31861,-122.15314,-1.7523888601331237
20328,1087,37.17217,-122.01121,0.4452144716361584
20329,1087,37.51604,-122.45815,0.1162983658304746
20330,1087,37.63719,-122.47482,-0.7966033280953206
20331,1087,37.58225,-122.42006,0.1195660451170478
20332,1087,37.58644,-122.50217,-0.2921005763035703
20333,1087,37.6444,-118.89683,2.7073514339240035
20334,1087,37.65909,-118.97907,2.828938795134628
20335,1087,38.33656,-122.81082,1.3655736200905582
20336,1087,38.07601,-122.2585,0.118888385475441
20337,1087,38.34878,-122.57795,1.4129800813208362
14425,1089,32.68005,-116.67215,-0.8937025622446829
14426,1089,34.2623,-116.92075,-0.3799654173385876
14428,1089,34.23883,-117.65853,0.2306849847448426
14430,1089,33.268,-116.417,1.5955392473303154
14431,1089,33.01213,-115.21987,-0.9714184642435604
14433,1089,33.4915,-116.667,-5.491926248405431
14434,1089,33.38822,-117.19495,1.4911625359453962
14436,1089,33.4019,-118.41502,2.9714251182333355
14437,1089,33.655,-115.99,-1.475758454223186
14438,1089,34.25353,-118.33383,-0.1480523536057472
14439,1089,33.65,-117.009,1.5144349807341315
14440,1089,32.999,-116.942,1.35905561983998
14441,1089,32.805,-115.447,0.3504591368820179
14442,1089,32.65915,-116.10061,-0.9339454810754112
14445,1089,33.11675,-115.82267,-1.644748197898981
14446,1089,33.051,-114.827,-1.1217197472219962
14447,1089,33.1537,-117.22921,0.5189530663606932
14448,1089,33.0859,-116.5959,0.2303103218665489
14449,1089,34.36622,-116.61266,-0.2594653678029359
14451,1089,35.13066,-115.18416,-2.9402894930360524
14452,1089,34.93439,-117.69629,5.902969768119223
14453,1089,34.3656,-117.36683,-0.5377254151964012
14455,1089,33.818,-116.369,0.7663662516562555
14456,1089,33.808,-116.968,1.4861949679262942
14457,1089,33.6,-117.195,0.5972708888316554
14458,1089,34.22362,-118.05832,-0.0955837718902908
14459,1089,33.556,-115.946,-0.8499367137608288
14460,1089,33.94539,-117.92372,0.3487644016152237
14461,1089,32.608,-116.93,1.403022310685896
14462,1089,34.1484,-118.1711,-1.6632178329717835
14463,1089,34.1207,-117.63808,0.5524368548460913
14464,1089,33.862,-117.205,-0.0358222897463303
14466,1089,33.354,-116.863,0.5381239794785724
14468,1089,33.824,-116.55,-0.1170537920156206
14469,1089,34.09181,-117.80709,-1.1427082076469577
14470,1089,33.63,-116.8478,1.2790003610034903
14471,1089,33.97327,-117.32674,0.7401567314796764
14472,1089,33.99351,-117.37545,0.7480227908958209
14473,1089,33.183,-115.623,-0.9429282546359444
14474,1089,33.2801,-115.98585,0.0268726799895385
14475,1089,33.553,-117.662,-0.3925449613924411
14476,1089,32.784,-117.13805,-0.7101357862834851
14478,1089,33.834,-116.797,1.549831776799334
14480,1089,34.05933,-118.64614,-1.293766202926841
14481,1089,33.829,-117.789,-0.1574141001209273
14482,1089,33.664,-117.769,0.3259381794480866
14483,1089,34.106,-117.098,1.3452059334814943
14484,1089,32.94508,-115.79988,-0.7606388182323389
14485,1089,34.38203,-117.67822,0.3493677254089338
14487,1089,32.75904,-115.73161,-1.5683231486086169
14522,1091,34.55046,-117.43391,-0.019257534218243
14523,1091,33.63838,-116.4011,1.3236441202334728
14524,1091,32.68005,-116.67215,1.2481604614303916
14525,1091,34.2623,-116.92075,-1.4303825891904831
14526,1091,33.921,-116.981,-0.522627793362814
14527,1091,33.57508,-117.26119,1.9366132242248613
14529,1091,34.069,-116.39,0.2166396667331893
14530,1091,33.268,-116.417,1.230734089986632
14531,1091,33.4915,-116.667,-4.367614691936532
14532,1091,33.38822,-117.19495,2.139935851920161
14534,1091,33.655,-115.99,-0.5844965786244811
14535,1091,34.25353,-118.33383,-0.9528041369453968
14536,1091,33.93597,-116.57794,-0.1889056588166295
14537,1091,33.65,-117.009,2.61373288599642
14538,1091,32.999,-116.942,2.31330299792609
14540,1091,33.11675,-115.82267,0.4428225669489531
14541,1091,33.051,-114.827,-1.6111401381544976
14542,1091,33.1537,-117.22921,2.285878791235997
14543,1091,35.30177,-116.80574,-2.6975298009532973
14544,1091,34.8294,-116.335,-2.300454278433471
14545,1091,33.0859,-116.5959,0.7559915421184195
14546,1091,34.36622,-116.61266,0.3853384807265101
14547,1091,33.7141,-116.7119,2.684575879278181
14548,1091,34.3656,-117.36683,-2.129642659410229
14550,1091,33.818,-116.369,0.2611303515095181
14551,1091,33.808,-116.968,0.803260874025421
14552,1091,34.22362,-118.05832,0.3238877234067153
14553,1091,33.94539,-117.92372,-0.6618381251270753
14554,1091,32.608,-116.93,1.6341598450289236
14555,1091,34.6145,-118.7235,-2.4831950192524026
14556,1091,34.1484,-118.1711,-2.2545595198627724
14559,1091,33.82436,-116.51195,1.2538554806958422
14560,1091,33.354,-116.863,1.3012897996685615
14561,1091,33.7953,-117.60906,0.0459824584825661
14562,1091,34.87533,-116.99684,-2.383424048812896
14563,1091,33.2801,-115.98585,0.295805660650976
14564,1091,34.232,-117.235,-0.7999732110771682
14566,1091,34.106,-117.098,-0.1282302224479124
14567,1091,32.94508,-115.79988,-0.4307087986303147
14568,1091,34.38203,-117.67822,-0.7664929650734522
14570,1091,33.63495,-116.16402,1.4342591671815568
14571,1091,34.48364,-118.11783,-0.1525731495647053
14572,1091,34.56065,-117.3296,0.7090341784945124
14616,1094,34.55046,-117.43391,1.3876482931220946
14617,1094,34.68708,-118.29946,-1.1202891903303631
14618,1094,35.1269,-118.83009,-0.792553944749478
14619,1094,35.34444,-119.10445,0.2048321396376037
14620,1094,34.2623,-116.92075,1.4529981566396897
14621,1094,34.23883,-117.65853,0.1629901698689065
14622,1094,34.069,-116.39,0.5911191569159777
14623,1094,34.68224,-118.57398,0.2437106821286204
14624,1094,35.30819,-119.84583,-0.7883438681517867
14625,1094,35.52495,-117.36453,-0.829606766463089
14626,1094,36.5504,-117.80295,0.2328422518929184
14629,1094,36.43988,-118.08016,2.77245427385149
14630,1094,34.25353,-118.33383,-0.9473335527316468
14631,1094,33.93597,-116.57794,1.0122288504706396
14632,1094,33.65,-117.009,1.2242654763528174
14633,1094,33.567,-116.631,1.1186286684567692
14636,1094,34.72832,-119.98803,-1.806283518241078
14638,1094,36.99608,-117.36621,-0.59533191348105
14639,1094,35.30177,-116.80574,-0.8810267375169624
14640,1094,34.8294,-116.335,0.7889442620755401
14641,1094,35.66278,-118.47403,-0.9669701715900408
14642,1094,35.98249,-117.80885,1.807805680493203
14643,1094,34.36622,-116.61266,1.6489683970358966
14644,1094,34.73551,-120.27996,0.1824901614309487
14646,1094,34.9906,-118.34156,1.2493049120741822
14647,1094,34.10819,-119.06587,0.1083180375959715
14648,1094,34.80762,-118.86775,-1.042619033594324
14649,1094,34.93439,-117.69629,1.2942251484618907
14650,1094,35.47954,-117.68212,1.3853442040552608
14651,1094,34.3656,-117.36683,-0.0685645021879134
14652,1094,35.36165,-118.92282,-1.344974853497142
14654,1094,37.63019,-118.83605,2.2823968947942928
14655,1094,34.28085,-118.9049,-0.0120608094594736
14656,1094,34.81258,-119.1453,-0.92350821499029
14657,1094,36.05799,-117.48901,-1.6057292139247517
14658,1094,34.88848,-119.81362,0.0401011193607637
14659,1094,33.6,-117.195,1.5846949724765456
14660,1094,34.22362,-118.05832,-0.1262434136700256
14661,1094,34.53412,-120.17737,-1.023811155607491
14662,1094,34.6145,-118.7235,-2.4661429613690182
14663,1094,34.44199,-118.58215,-2.031361495467426
14664,1094,34.1207,-117.63808,-1.2687457039575278
14665,1094,35.40773,-120.54556,-0.0384375096454814
14666,1094,35.945,-120.542,-1.8765672080840663
14667,1094,33.354,-116.863,0.2062869278179028
14668,1094,33.7953,-117.60906,-0.5866985763944925
14670,1094,34.09181,-117.80709,-0.9594673678890476
14671,1094,36.30523,-119.24384,1.435257428192992
14672,1094,33.74346,-118.40412,-0.0603622082968055
14673,1094,34.87533,-116.99684,0.2254708332747989
14675,1094,34.43692,-119.1375,-1.1604708981044325
14676,1094,35.8996,-116.27515,-0.0171255029710236
14677,1094,35.89095,-117.28332,-0.7632569587631525
14678,1094,33.834,-116.797,1.463446038071598
14679,1094,35.3142,-119.99581,-2.2563813597420106
14680,1094,34.05933,-118.64614,-1.9996554354396088
14682,1094,34.30302,-119.18676,0.5073919771012539
14683,1094,34.52775,-119.97834,-0.6975481507010137
14684,1094,34.38203,-117.67822,0.1948745548814905
14686,1094,35.14592,-119.41946,-1.1326593923458868
14687,1094,37.05422,-118.23009,1.9095204391684863
14689,1094,34.48364,-118.11783,0.2856389024937513
14690,1094,35.84089,-119.08469,2.155328929227246
14691,1094,35.53664,-118.14035,1.5730975537466318
14692,1094,34.51085,-119.27407,-1.164316002006646
14693,1094,34.1717,-118.64971,-0.939092385082638
14694,1095,34.55046,-117.43391,-1.235323150127638
14695,1095,33.63838,-116.4011,0.8486925849676719
14696,1095,34.68708,-118.29946,-1.708472197117475
14697,1095,32.68005,-116.67215,3.2829470880882017
14698,1095,34.2623,-116.92075,0.750133885779191
14700,1095,34.069,-116.39,0.3523206345179179
14701,1095,33.268,-116.417,1.3265725803775583
14702,1095,34.68224,-118.57398,-0.6008144225258066
14703,1095,33.38822,-117.19495,3.607259377559194
14705,1095,33.999,-117.68,-0.168858152420898
14706,1095,33.4019,-118.41502,1.3554244017130874
14708,1095,34.093,-117.317,0.6906645181570523
14709,1095,34.0602,-117.809,0.0336316594519943
14710,1095,33.876,-117.561,0.5119414389455523
14711,1095,33.655,-115.99,0.4227703129526556
14712,1095,34.63745,-115.38115,1.0896828038793505
14713,1095,34.25353,-118.33383,-0.4325634944481312
14714,1095,33.93597,-116.57794,-0.5489660651354689
14715,1095,33.65,-117.009,2.1254580956110507
14716,1095,34.10618,-118.45505,-1.870769250734723
14717,1095,32.999,-116.942,2.3701682950216107
14718,1095,34.88303,-117.99106,0.401840610076437
14720,1095,33.11675,-115.82267,0.4362302858858162
14721,1095,33.71264,-118.29381,-1.8063443998075368
14722,1095,34.1,-117.439,0.0966528498139377
14723,1095,35.082,-117.58267,-1.2258814623404684
14724,1095,33.051,-114.827,-0.5094585898271141
14725,1095,33.1537,-117.22921,1.6421466949987475
14727,1095,35.30177,-116.80574,-0.7195450991447134
14728,1095,34.8294,-116.335,0.2627284951778179
14729,1095,33.0859,-116.5959,0.84640872457977
14730,1095,34.36622,-116.61266,1.6534424946769606
14731,1095,34.00033,-118.37794,-1.2283029843586202
14732,1095,35.13066,-115.18416,0.7509631546876331
14733,1095,33.9753,-118.14918,-1.29212646671941
14734,1095,34.10819,-119.06587,-1.2274143270035938
14735,1095,34.61594,-117.82493,0.98474198574132
14736,1095,33.684,-117.943,0.0594639242934236
14737,1095,35.47954,-117.68212,-0.0600522987613375
14738,1095,34.3656,-117.36683,-1.1827074855274335
14741,1095,34.005,-117.562,0.3833297834256575
14742,1095,36.05799,-117.48901,-2.44896134557868
14743,1095,33.808,-116.968,0.7146993232650842
14744,1095,34.22362,-118.05832,-0.070391079368415
14745,1095,34.6145,-118.7235,-2.7525919693169336
14746,1095,34.1484,-118.1711,-2.63644131993479
14748,1095,34.44199,-118.58215,-1.9339138483911755
14749,1095,34.1207,-117.63808,-0.9036682671051536
14751,1095,33.82436,-116.51195,0.2717045236291032
14752,1095,33.354,-116.863,0.5623087020543668
14753,1095,33.7953,-117.60906,-0.7665949817094269
14754,1095,33.63,-116.8478,1.68782817011169
14755,1095,34.10473,-117.97956,-1.281012799941857
14756,1095,34.87533,-116.99684,-0.2367271577665022
14757,1095,33.99351,-117.37545,0.9526248006159348
14758,1095,33.2801,-115.98585,0.9045714318090112
14759,1095,33.553,-117.662,-0.4019046346873963
14760,1095,35.8996,-116.27515,1.5142109730990267
14761,1095,35.89095,-117.28332,-0.1548965719256006
14762,1095,34.05933,-118.64614,-2.0593069084596585
14763,1095,33.829,-117.789,0.1102828426983064
14764,1095,34.30302,-119.18676,0.1219659132836277
14765,1095,33.664,-117.769,-0.1579159487568386
14766,1095,34.106,-117.098,0.1523788719284601
14767,1095,32.94508,-115.79988,-0.0684736163841184
14768,1095,34.38203,-117.67822,-0.6292884746573043
14769,1095,33.63495,-116.16402,1.302455202771219
14770,1095,34.01919,-118.28631,-1.5261545706654036
14771,1095,34.48364,-118.11783,-0.17315974836843
14772,1095,34.00948,-117.95077,-0.0396139677293997
14773,1095,34.1717,-118.64971,1.041800281243362
14774,1096,37.34655,-121.80774,-2.1006835206350813
14775,1096,37.40718,-122.00001,-0.5024797689277846
14776,1096,37.39415,-122.06041,-0.9481449874527936
14777,1096,37.27117,-121.98617,-1.0570211521293984
14778,1096,37.91056,-122.53778,3.1143420868596423
14779,1096,38.03445,-122.27016,-1.257068372749814
14780,1096,37.71633,-122.43117,2.8155194183814625
14781,1096,37.36408,-122.01817,-0.6611130464203059
14782,1096,37.42549,-122.07772,-1.179847648471579
14783,1096,37.87622,-122.23558,-2.117740010919941
14784,1096,37.91881,-122.15176,-1.7237093123026004
14785,1096,37.85727,-122.42266,2.1590235697851634
14786,1096,37.45035,-121.80037,-2.2066211783374285
14787,1096,37.74766,-121.70843,-1.0696635838929454
14788,1096,37.7294,-121.83346,-1.450116257836281
14789,1096,38.03455,-120.38651,-1.561147447330815
14790,1096,37.85884,-121.99264,-0.9969235689206676
14791,1096,37.91233,-121.90716,-1.9316903360225817
14792,1096,38.02691,-122.01599,-1.7100488140466703
14793,1096,37.34305,-122.33976,1.0304507151343851
14794,1096,37.31861,-122.15314,-0.814565371339684
14795,1096,37.17217,-122.01121,0.644310632459379
14796,1096,37.04922,-121.80722,0.3232630883256292
14797,1096,37.36045,-122.18986,0.5288517301591156
14798,1096,37.51604,-122.45815,1.9611108782288336
14799,1096,37.21427,-122.17168,0.6102448315943139
14800,1096,37.20631,-121.97726,0.6066610216364489
14801,1096,37.15432,-121.73467,0.7685931745573181
14802,1096,37.63719,-122.47482,0.8395668319526862
14803,1096,37.2708,-122.21276,0.4926949469875669
14804,1096,37.19855,-122.34671,0.818024970237003
14805,1096,37.40373,-122.23868,-0.8981503269143868
14806,1096,37.58225,-122.42006,1.0050947920810087
14807,1096,37.40372,-122.17596,-0.1267470005155801
14808,1096,37.28397,-122.05017,-0.6518474471931185
14809,1096,37.58644,-122.50217,0.9201419502904804
14810,1096,37.34164,-121.64257,-2.299016065977012
14811,1096,38.15486,-121.80438,-1.7570982286611858
14812,1096,38.16488,-122.71296,1.4592505348408915
14813,1096,38.07601,-122.2585,-0.354146138366823
14814,1096,37.008,-121.287,-1.3060585239545912
14815,1096,36.76403,-121.44722,-4.197795533705872
14816,1096,37.62211,-121.75697,-3.171687135492103
19622,1096,37.87352,-122.26099,-1.6623428939289044
19623,1096,37.69782,-123.0011,-1.207367633059159
19624,1096,39.55451,-121.50036,-1.882118369278393
19625,1096,35.945,-120.542,-3.143187996684583
19626,1096,37.25898,-121.67311,0.0537900660225553
19627,1096,37.9889,-122.2156,0.6296030857000713
19628,1096,37.94906,-122.40851,0.8384625312289401
19629,1096,37.80787,-122.3618,3.3422325954184973
19630,1096,37.12043,-122.1552,0.4452327012030693
19631,1096,37.51704,-122.37731,0.2063123082578555
19632,1096,37.67433,-122.39855,2.259074873620683
19633,1096,37.16067,-121.89899,1.9237181843934208
19634,1096,37.92144,-122.71806,1.4411147400018494
19635,1096,38.04962,-122.52331,2.02111532974052
19636,1096,38.233,-122.636,1.6966433802342027
19637,1096,37.76021,-122.41524,1.5074039743595742
19638,1096,37.75094,-122.49072,1.6808630980808918
19639,1096,37.76386,-122.4736,2.042295532625496
19640,1096,37.762,-122.505,1.7594706907679225
19641,1096,37.40701,-122.0946,-0.4402100097048704
19642,1096,37.4748,-122.2392,0.9206671793123604
19643,1096,37.54187,-122.30471,0.3971299003907609
19644,1096,37.30249,-121.97978,-0.815618199610482
19645,1096,37.26352,-121.91617,-1.804086050060004
19646,1096,37.30143,-121.9039,-1.843547814254305
19647,1096,37.31816,-121.94354,-0.1256683826710754
19648,1096,37.3066,-121.84915,-1.2126955972638191
19649,1096,37.68,-121.739,-1.724042203101212
19650,1096,37.41702,-121.9154,-0.6242834937560102
19651,1096,37.59094,-122.36741,1.2946874990547337
19652,1096,37.74766,-122.42528,1.8410578296305344
19653,1096,37.74664,-122.38679,0.7640270780569189
19654,1096,37.376,-121.84367,-2.326027687315046
19655,1096,37.45098,-122.4287,0.2729147955696594
19656,1096,37.59268,-122.07449,0.1838858018375764
19657,1096,37.71737,-121.72701,-1.9948314605989603
19658,1096,37.67928,-122.48405,2.752596431425595
19659,1096,37.88767,-122.29916,1.2233379558911832
19660,1096,37.74484,-122.40134,0.5174580299702649
19661,1096,37.81076,-122.29252,0.5488517449278763
19662,1096,37.8251,-122.27606,0.5230713798899032
19663,1096,37.7986,-122.2684,0.2654176722125081
19664,1096,37.72416,-122.44841,1.8107382847426947
19665,1096,37.41395,-121.87085,-1.3499691812685823
19666,1096,37.6806,-121.92098,-1.2620943148541153
19667,1096,37.86059,-122.29327,-0.057472195302315
19668,1096,37.85835,-122.25252,0.7577984421321435
19669,1096,37.37418,-122.0781,-1.15474956879255
19670,1096,38.4421,-122.6068,4.728680945733601
19671,1096,37.16346,-121.62645,-0.4294522105875329
19673,1096,38.33656,-122.81082,2.2670031871061607
19674,1096,38.04248,-122.79684,1.683843809108694
19675,1096,38.38921,-122.66297,0.1242498458262693
14817,1097,37.26352,-121.91617,-1.1426719086495345
14818,1097,37.30143,-121.9039,-0.4660860403661896
14819,1097,37.68,-121.739,-0.4419772312055683
14820,1097,37.27117,-121.98617,-0.5745960072129824
14821,1097,37.95397,-121.86554,-2.2050588730444947
14822,1097,37.87622,-122.23558,-1.9530759643115696
14823,1097,37.91881,-122.15176,-1.390441040126538
14824,1097,37.45035,-121.80037,-1.0430995624081203
14825,1097,37.37289,-121.76887,-0.5593653844873179
14826,1097,38.03455,-120.38651,-0.6860362422732437
14827,1097,37.34305,-122.33976,1.1322462177000865
14828,1097,37.17217,-122.01121,0.8599642344655298
14829,1097,37.04922,-121.80722,-0.274227609978424
14830,1097,37.36045,-122.18986,-0.3896309787960557
14831,1097,37.51604,-122.45815,0.8473392864933749
14832,1097,37.21427,-122.17168,0.8295309105872762
14833,1097,37.20631,-121.97726,-0.0436383788920389
14834,1097,37.15432,-121.73467,1.951850099692096
14835,1097,37.2708,-122.21276,0.2477020965109937
14836,1097,37.19855,-122.34671,1.3960822875443677
14837,1097,37.40373,-122.23868,-1.5334702973689585
14838,1097,37.40372,-122.17596,0.0877264810415302
14839,1097,37.28397,-122.05017,-1.212516392142876
14841,1097,37.6444,-118.89683,3.3796681619942808
14842,1097,37.34164,-121.64257,-1.7972095020670926
14843,1097,37.65909,-118.97907,3.563992485096772
14844,1097,37.008,-121.287,-0.1516577141178552
14846,1097,36.2159,-120.80126,0.579520175950204
14847,1097,36.76403,-121.44722,-0.55254824180892
14848,1097,37.62211,-121.75697,-2.0078749829891103
20500,1097,37.87352,-122.26099,-2.3696446684725503
20501,1097,37.69782,-123.0011,-2.532125929269232
20502,1097,38.99349,-123.07234,-1.8586604432408176
20503,1097,38.87874,-122.44277,-2.0474338134051826
20506,1097,37.25898,-121.67311,-1.270725073448127
20507,1097,37.16067,-121.89899,1.983392224892844
20508,1097,37.76386,-122.4736,2.53190529564676
20509,1097,37.762,-122.505,0.8058999379408205
20510,1097,37.54187,-122.30471,-0.076112779863946
20511,1097,37.30249,-121.97978,-0.6252383174910309
20512,1097,37.31816,-121.94354,0.9003986290252651
20513,1097,37.3066,-121.84915,0.5409285903899214
20514,1097,37.41702,-121.9154,0.1903425191528101
20515,1097,37.39415,-122.06041,-0.374110547988696
20516,1097,37.91056,-122.53778,2.0796811176900323
20517,1097,37.23294,-121.77186,0.2464540693625473
20518,1097,37.28537,-121.93602,-0.7965158079213231
20519,1097,37.85727,-122.42266,1.3753895009297004
20520,1097,37.74766,-121.70843,-0.4410547473404848
20521,1097,37.7294,-121.83346,-0.4110862069755333
20522,1097,37.85884,-121.99264,-0.4172969547960966
20523,1097,37.31861,-122.15314,-1.5165293210712854
20524,1097,37.63719,-122.47482,-0.9228027021874065
20525,1097,37.58225,-122.42006,-0.0659377057618646
20526,1097,35.86661,-120.4796,2.1234152239737
14849,1098,37.27117,-121.98617,-0.568398719352951
14850,1098,37.95397,-121.86554,-3.167214140796388
14851,1098,37.87622,-122.23558,-2.2441915002049253
14852,1098,37.91881,-122.15176,-1.5158413387348442
14853,1098,37.87352,-122.26099,-1.6802899724108276
14854,1098,37.16346,-121.62645,-0.3538944879753549
14855,1098,37.85727,-122.42266,2.6426654773680736
14856,1098,37.74766,-121.70843,0.0983382339009832
14857,1098,37.37289,-121.76887,-0.1147313350293012
14858,1098,37.73786,-122.06486,1.4903953185411027
14859,1098,37.85884,-121.99264,-0.0701122988400634
14860,1098,38.34526,-122.4584,-1.4600572080620842
14861,1098,37.69782,-123.0011,-1.6104666813227324
14862,1098,37.34305,-122.33976,1.329279644391368
14863,1098,37.17217,-122.01121,0.636727827853302
14864,1098,37.04922,-121.80722,-0.2463622073739805
14865,1098,37.36045,-122.18986,0.2384220356727274
14866,1098,37.51604,-122.45815,1.2698617405779935
14867,1098,37.21427,-122.17168,0.701210242776552
14868,1098,37.20631,-121.97726,0.3888943771868616
14869,1098,37.15432,-121.73467,1.6371411835274303
14870,1098,37.63719,-122.47482,0.6030688164583489
14871,1098,37.2708,-122.21276,0.781826134158485
14872,1098,37.19855,-122.34671,0.884386006462673
14873,1098,37.40373,-122.23868,-1.0368795850143453
14874,1098,37.40372,-122.17596,0.2775801794855275
14875,1098,37.28397,-122.05017,-0.2222049018472494
14876,1098,37.58644,-122.50217,0.5910826884913222
14878,1098,37.6444,-118.89683,1.5215590382785786
14879,1098,37.34164,-121.64257,-2.3722940764601104
20527,1098,38.03455,-120.38651,-0.9075939620028254
20528,1098,38.99349,-123.07234,-3.568309133277409
20529,1098,37.81647,-122.06302,-0.4852029647793166
20530,1098,37.25898,-121.67311,-1.807351773961526
20531,1098,37.9889,-122.2156,0.2259187475314766
20532,1098,37.94906,-122.40851,0.6203837463780875
20533,1098,37.72416,-122.11929,-0.1104013744398084
20534,1098,37.80787,-122.3618,3.3992976657626315
20535,1098,37.12043,-122.1552,1.5228880791771655
20536,1098,37.51704,-122.37731,0.0219873049140978
20537,1098,37.16067,-121.89899,1.5434018609235478
20538,1098,37.76021,-122.41524,1.3459810388442364
20539,1098,37.75094,-122.49072,1.1017929826967774
20540,1098,37.76386,-122.4736,1.854081180908444
20541,1098,37.762,-122.505,1.5847322857084614
20542,1098,37.40701,-122.0946,0.0852770994857386
20543,1098,37.54187,-122.30471,0.2644534300087984
20544,1098,37.30249,-121.97978,0.2765636940968257
20545,1098,37.26352,-121.91617,-1.1965548712105265
20546,1098,37.30143,-121.9039,-0.7714877180633143
20547,1098,37.31816,-121.94354,1.1298159893730362
20548,1098,37.3066,-121.84915,-0.2985421854913196
20549,1098,37.68,-121.739,-0.9000380662696762
20550,1098,37.41702,-121.9154,-0.4364994793228937
20551,1098,37.59094,-122.36741,0.3570982907574378
20552,1098,37.74766,-122.42528,1.7853737056580297
20553,1098,37.40718,-122.00001,-0.1960362479450061
20554,1098,37.39415,-122.06041,-0.1736313542381137
20555,1098,37.376,-121.84367,-2.1435078616743124
20556,1098,37.45098,-122.4287,0.344238131298855
20557,1098,37.59268,-122.07449,0.361066284295222
20558,1098,37.71737,-121.72701,-1.3032485765436903
20559,1098,37.67928,-122.48405,2.444341214176469
20560,1098,37.91056,-122.53778,3.073646560860896
20561,1098,38.03445,-122.27016,-1.3997186667093175
20562,1098,37.74484,-122.40134,0.5682298494466026
20563,1098,37.71633,-122.43117,2.632387160646259
20564,1098,37.72416,-122.44841,2.020174826528647
20565,1098,37.41395,-121.87085,-0.7427305452194682
20566,1098,37.6806,-121.92098,-0.6820858060369135
20567,1098,37.86059,-122.29327,-0.1535899197724512
20568,1098,37.85835,-122.25252,0.3896419370861845
20569,1098,37.37418,-122.0781,-0.9831586966209328
20570,1098,37.23294,-121.77186,-0.2244918439807408
20571,1098,37.38332,-121.91088,-1.3517223136943644
20572,1098,37.28537,-121.93602,-0.6890594654422304
20573,1098,37.35834,-121.97775,0.5926747808317445
20574,1098,37.68873,-121.78351,-1.855688019596708
20575,1098,37.72688,-122.15092,0.1054939465195767
20576,1098,37.8852,-122.03217,-0.8007543672025292
20577,1098,37.94215,-121.93047,-1.325608120666416
20578,1098,38.01299,-122.13416,0.1397850843494256
20579,1098,37.7294,-121.83346,-0.1469568384690507
20580,1098,37.91233,-121.90716,-1.4203990345006812
20581,1098,38.02691,-122.01599,-1.4460306407079828
20582,1098,37.31861,-122.15314,-1.0796745361044608
20583,1098,37.58225,-122.42006,0.5123255632524673
20584,1098,37.65909,-118.97907,1.691262417816467
14880,1099,37.87622,-122.23558,-1.115487027151303
14881,1099,37.91881,-122.15176,-1.3821980338957311
14882,1099,37.85727,-122.42266,2.1204067260419226
14883,1099,37.73786,-122.06486,1.1169349106127564
14884,1099,38.34526,-122.4584,-1.5042269609320664
14885,1099,37.69782,-123.0011,0.3390456520276707
14886,1099,39.65471,-122.71595,-3.142715613819754
14887,1099,38.80797,-122.7953,-0.5735521103474894
14888,1099,38.99349,-123.07234,-2.766595622603679
14889,1099,37.40373,-122.23868,-0.1848650756748214
14890,1099,37.58644,-122.50217,0.9765883221371148
14891,1099,38.14478,-122.88018,-0.9528581783116684
14892,1099,38.87874,-122.44277,-4.570958264251505
14893,1099,38.00198,-122.47466,2.2382969236774084
14894,1099,38.33656,-122.81082,1.3744711568930716
14895,1099,38.46769,-122.89651,-0.3612242725636366
14896,1099,38.16488,-122.71296,2.43212743135416
14897,1099,38.07601,-122.2585,0.5490597461461925
14898,1099,37.99642,-123.01949,1.0435367601632644
21008,1099,37.87352,-122.26099,-0.6844338853429862
21009,1099,38.03455,-120.38651,-0.9547400348853802
21010,1099,36.3887,-121.5514,0.9942239224009496
21011,1099,40.81745,-124.02955,-3.202755189825522
21012,1099,37.34164,-121.64257,-0.7826933748760059
21013,1099,37.80787,-122.3618,1.8772435554289373
21014,1099,37.67433,-122.39855,1.9377644657881872
21015,1099,37.92144,-122.71806,0.6774965169826014
21016,1099,38.04962,-122.52331,2.432269376021224
21017,1099,38.20025,-122.4644,0.4511947273102574
21018,1099,37.67928,-122.48405,1.444493199524981
21019,1099,37.91056,-122.53778,2.6560983521027617
21020,1099,38.03445,-122.27016,-0.8031534783728763
21021,1099,37.71633,-122.43117,2.302721839677801
21022,1099,37.74766,-121.70843,4.929746779136265
21023,1099,38.76927,-123.01486,-1.6186716663710157
21024,1099,37.34305,-122.33976,0.6026923081394471
21025,1099,37.17217,-122.01121,2.255084065270132
21026,1099,37.36045,-122.18986,0.6551475239362314
21027,1099,37.40372,-122.17596,0.6342546535778101
21028,1099,40.4756,-124.3375,-1.86558315373227
21029,1099,40.6599,-123.21966,-3.261513043566451
21030,1099,40.2022,-123.7086,-2.4638126430601868
21031,1099,41.1577,-124.0233,-2.531805435436322
21033,1099,38.43951,-122.25272,-1.0560181579707817
21034,1099,38.26021,-122.55179,-0.5160326863433067
21035,1099,38.30988,-122.943,0.7725464603448298
21036,1099,38.65651,-122.61441,-1.6461211340490145
21037,1099,38.04248,-122.79684,2.6395150470958484
14899,1100,37.95397,-121.86554,-1.186888223250383
14900,1100,37.87622,-122.23558,-0.4020880864819833
14901,1100,37.91881,-122.15176,-0.2592645756172238
14902,1100,37.85727,-122.42266,1.3148024975335777
14903,1100,37.73786,-122.06486,1.3158678702138422
14904,1100,38.03455,-120.38651,-1.048498180738881
14905,1100,36.3887,-121.5514,-0.3130535871708914
14906,1100,37.17217,-122.01121,0.820386647971108
14907,1100,36.92745,-121.82764,-0.7766218305405251
14908,1100,37.20631,-121.97726,0.1990397767232118
14909,1100,37.15432,-121.73467,-0.0491699177705705
14910,1100,37.2708,-122.21276,0.6397334430319078
14911,1100,37.40373,-122.23868,-0.9082630478051724
14912,1100,37.40372,-122.17596,0.5369308466578605
14913,1100,37.6444,-118.89683,3.378507413507476
14914,1100,37.34164,-121.64257,-1.5887019686379282
14915,1100,37.65909,-118.97907,3.2816512067767665
14916,1100,37.008,-121.287,-1.527969303303738
14917,1100,35.945,-120.542,-0.9018927559641337
14918,1100,36.2159,-120.80126,-1.247100573718578
14919,1100,35.63597,-120.86984,0.8666773357165591
14920,1100,36.76403,-121.44722,-2.236839491986296
14921,1100,37.62211,-121.75697,-1.0579554351309406
14922,1100,36.851,-121.402,1.5633884371725215
14923,1100,36.891,-121.404,1.0556269688769402
14924,1100,36.86,-121.54,0.9477808731842856
14925,1100,36.848,-121.397,2.497623426954013
19935,1100,37.87352,-122.26099,-1.4161106787656452
19936,1100,37.69782,-123.0011,-1.082374310618958
19938,1100,36.68011,-119.02282,0.0842511785779284
19939,1100,38.99349,-123.07234,-0.1525826180282272
19940,1100,38.87874,-122.44277,-0.7748585565700943
19942,1100,39.2291,-121.7861,0.3709002813152067
19943,1100,37.25898,-121.67311,-0.8914965915434743
19944,1100,37.16346,-121.62645,-1.919780620299508
19945,1100,37.7294,-121.83346,0.7497761608047917
19946,1100,37.37289,-121.76887,-1.55243285344299
19947,1100,37.91233,-121.90716,-0.6231652914123741
19948,1100,38.02691,-122.01599,-0.2107372221788441
19949,1100,37.34305,-122.33976,1.0676113452245302
19950,1100,37.31861,-122.15314,-1.1988122290914391
19951,1100,37.36045,-122.18986,-0.7376519108969778
19952,1100,37.21427,-122.17168,0.0436273661789694
19953,1100,37.19855,-122.34671,0.381085995109049
19954,1100,37.58225,-122.42006,0.3809534618586206
19955,1100,38.33656,-122.81082,1.898246220117628
19956,1100,35.73065,-120.24986,-1.154901007763893
14926,1101,38.441,-122.701,0.0094073481292145
14927,1101,37.762,-122.505,1.6630020277953317
14928,1101,38.29027,-122.46125,-0.3909044619415694
14929,1101,38.4421,-122.6068,-0.2206170837890531
14930,1101,38.36743,-122.52403,0.5141649335699717
14931,1101,37.87622,-122.23558,-1.720476047908635
14932,1101,37.91881,-122.15176,-2.053055316671756
14933,1101,37.87352,-122.26099,-1.1250257640535364
14934,1101,37.85727,-122.42266,1.0954565579219349
14935,1101,37.73786,-122.06486,0.3700482882911949
14936,1101,38.02691,-122.01599,-0.8371969180547818
14937,1101,38.34526,-122.4584,-0.8067753615952605
14938,1101,37.69782,-123.0011,0.1917850789590224
14939,1101,38.76927,-123.01486,-1.8838089587565856
14940,1101,38.80797,-122.7953,0.0505834101574291
14941,1101,37.63719,-122.47482,1.0955296839069946
14942,1101,37.2708,-122.21276,1.2805138761529342
14943,1101,37.79499,-122.4746,1.611291457993529
14944,1101,37.40373,-122.23868,0.4549455204146884
14945,1101,37.58225,-122.42006,1.051273631018197
14946,1101,38.14478,-122.88018,-1.3212970541254334
14947,1101,38.87874,-122.44277,-2.91859621342526
14948,1101,38.26021,-122.55179,-0.560059147087302
14949,1101,38.00198,-122.47466,1.5831709722872935
14950,1101,38.30988,-122.943,1.5900385863969797
14951,1101,38.33656,-122.81082,1.268776622872687
14952,1101,38.46769,-122.89651,0.2193817680771253
14953,1101,38.28043,-122.21582,-0.8262780933525444
14954,1101,38.16488,-122.71296,0.7385788339701321
14955,1101,38.07601,-122.2585,-0.2361282834248277
14956,1101,38.04248,-122.79684,1.1309502326741256
14957,1101,37.99642,-123.01949,1.3604929247396371
14958,1101,38.34878,-122.57795,-0.3042802267107053
14959,1101,37.92371,-122.59649,2.601800106671063
14960,1101,38.14361,-122.44969,-1.2391963393090677
14961,1101,38.24039,-122.79842,-0.0270511584769799
14962,1101,38.38921,-122.66297,-0.8643221418861313
14963,1101,37.91608,-122.33607,0.7807426965669009
14964,1101,39.2291,-121.7861,-1.0397175058146657
21038,1101,38.03455,-120.38651,-0.6128679083597492
21039,1101,39.65471,-122.71595,-5.649539692793544
21040,1101,36.3887,-121.5514,-0.0892105546657174
21042,1101,38.99349,-123.07234,-4.816756642648028
21043,1101,37.34164,-121.64257,-1.5262022932520385
21044,1101,39.55451,-121.50036,-2.7351830281884584
21045,1101,37.008,-121.287,-0.5126431411595007
21047,1101,36.76403,-121.44722,-2.320895546119027
21048,1101,37.28744,-121.86422,0.4756966380592258
21049,1101,37.81647,-122.06302,-1.3211489406896428
21050,1101,37.9889,-122.2156,-0.675298421984893
21051,1101,37.94906,-122.40851,0.1687041176554437
21052,1101,37.72416,-122.11929,-0.0324586159162413
21053,1101,37.80787,-122.3618,3.1594790829165675
21054,1101,37.51704,-122.37731,0.3784267655540129
21055,1101,37.67433,-122.39855,2.428024134889712
21056,1101,37.16067,-121.89899,2.017186175302004
21057,1101,37.92144,-122.71806,1.7456626199863534
21058,1101,38.04962,-122.52331,1.380620596782259
21059,1101,38.12282,-122.14921,-1.3991811711998492
21060,1101,38.20025,-122.4644,-0.0624207284122109
21061,1101,38.233,-122.636,-0.3462960805665657
21062,1101,37.76021,-122.41524,1.5453601970621489
21063,1101,37.76386,-122.4736,1.6343648054555064
21064,1101,37.40701,-122.0946,-0.1547663695050704
21065,1101,37.4748,-122.2392,1.5041497646316695
21066,1101,37.31816,-121.94354,0.535625562589557
21067,1101,37.68,-121.739,-2.1302599196537484
21068,1101,37.59094,-122.36741,1.1467487915510275
21069,1101,37.74766,-122.42528,1.2984768684021886
21070,1101,37.74664,-122.38679,0.889026108129238
21071,1101,37.39415,-122.06041,1.0844139415863396
21072,1101,37.376,-121.84367,-0.331854651551118
21073,1101,37.27117,-121.98617,-0.1674759766924428
21074,1101,37.45098,-122.4287,1.0685387715274564
21075,1101,37.71737,-121.72701,-1.8720696240490795
21076,1101,37.67928,-122.48405,2.19909951523914
21077,1101,37.91056,-122.53778,3.1359278445477816
21078,1101,37.88767,-122.29916,0.468919365722844
21079,1101,38.03445,-122.27016,-2.0076250036541983
21080,1101,37.74484,-122.40134,0.7192829948111261
21081,1101,37.77934,-122.486,0.5017643365689718
21082,1101,37.71633,-122.43117,2.4739817660905032
21083,1101,37.81076,-122.29252,-0.6871083610831895
21084,1101,37.8251,-122.27606,0.2489568497313519
21085,1101,37.7986,-122.2684,0.3268178112224112
21086,1101,37.72416,-122.44841,1.99204845769404
21087,1101,37.41395,-121.87085,0.5441334763825961
21088,1101,37.6806,-121.92098,-1.0338283836005815
21089,1101,37.86059,-122.29327,-0.4412282831800521
21090,1101,37.85835,-122.25252,-0.0361766465621689
21091,1101,37.37418,-122.0781,-0.1966443100997684
21092,1101,37.72688,-122.15092,-0.0520097251116023
21093,1101,37.8852,-122.03217,-1.0405197037045546
21094,1101,38.01299,-122.13416,-0.1192882924657327
21096,1101,37.16346,-121.62645,-0.5216734753776963
21097,1101,37.45035,-121.80037,-1.1346817413427293
21098,1101,37.74766,-121.70843,-0.3034663296321032
21099,1101,37.7294,-121.83346,-0.4325574383062933
21100,1101,37.37289,-121.76887,-0.826588515520159
21101,1101,37.81041,-121.80272,-0.7145051491560958
21102,1101,37.85884,-121.99264,-0.6582659366575679
21103,1101,37.91233,-121.90716,-1.577939132270356
21104,1101,37.34305,-122.33976,0.3359190780699353
21105,1101,37.31861,-122.15314,0.203348190993878
21106,1101,37.17217,-122.01121,1.7676130999846835
21107,1101,37.04922,-121.80722,-0.5565152093124023
21108,1101,36.92745,-121.82764,-0.4141553843605395
21109,1101,37.36045,-122.18986,1.0305285045611767
21110,1101,37.51604,-122.45815,1.4447605038502918
21111,1101,37.21427,-122.17168,0.448284963637021
21112,1101,37.20631,-121.97726,0.8912491997020467
21113,1101,37.15432,-121.73467,0.6929973981172555
21114,1101,37.19855,-122.34671,0.3763902920045818
21115,1101,37.40372,-122.17596,-0.0674220705369929
21116,1101,37.58644,-122.50217,1.8479377912766948
21119,1101,38.43951,-122.25272,-1.4688063983946638
21120,1101,38.15486,-121.80438,-1.19184833318934
21121,1101,38.65651,-122.61441,-1.9638767139906124
21123,1101,36.2159,-120.80126,-1.345095577433116
14979,1103,32.68005,-116.67215,2.5698758559727364
14980,1103,34.2623,-116.92075,-0.853626670427269
14981,1103,33.921,-116.981,-0.2811047962049515
14983,1103,34.23883,-117.65853,1.0724868790380584
14984,1103,34.069,-116.39,0.0680964861960364
14985,1103,33.268,-116.417,2.0963064982715345
14986,1103,34.68224,-118.57398,0.3233473051722682
14987,1103,33.4915,-116.667,-4.311191872454131
14988,1103,33.38822,-117.19495,2.649400262840733
14989,1103,33.999,-117.68,0.0832134750074254
14990,1103,34.093,-117.317,0.4441488947866249
14991,1103,33.876,-117.561,0.8103620765401965
14992,1103,34.25353,-118.33383,-0.7588556353783725
14993,1103,33.65,-117.009,2.102011051458912
14994,1103,33.1537,-117.22921,0.624951143110301
14995,1103,35.30177,-116.80574,-0.9692807964664728
14996,1103,34.8294,-116.335,-0.6279852994509265
14997,1103,34.121,-117.219,-1.4624410382829751
14998,1103,33.0859,-116.5959,1.0350632262300137
14999,1103,34.9906,-118.34156,0.15487480483867
15000,1103,34.3656,-117.36683,-2.4047685519691173
15001,1103,34.005,-117.562,0.7868017173862926
15002,1103,33.94539,-117.92372,-0.2190735662526166
15003,1103,34.1484,-118.1711,-2.421585293560156
15005,1103,34.1207,-117.63808,-0.4163584766176441
15006,1103,33.354,-116.863,0.5667851270579392
15007,1103,34.87533,-116.99684,-0.8243420079066587
15008,1103,33.973,-117.327,1.827468963225168
15009,1103,33.97327,-117.32674,0.5969561548025263
15010,1103,33.99351,-117.37545,0.9825753483268465
15011,1103,33.834,-116.797,1.455906671877831
15012,1103,34.106,-117.098,-0.1695326220033631
15013,1103,34.38203,-117.67822,0.037081192220801
15014,1103,34.48364,-118.11783,1.7815012104971553
15015,1103,34.00948,-117.95077,0.6484275007308994
15016,1103,34.55046,-117.43391,-0.0822666137956585
15017,1103,33.63838,-116.4011,1.2416123191206776
15018,1103,35.52495,-117.36453,-1.0886344204815694
15019,1103,34.10521,-117.28264,-0.891061899504478
15020,1103,33.4019,-118.41502,1.035148116055748
15022,1103,34.0602,-117.809,-0.4440844365995843
15023,1103,33.93597,-116.57794,-0.5236302594817875
15024,1103,34.10618,-118.45505,-1.1762582437052704
15025,1103,32.999,-116.942,1.9645602012936203
15027,1103,33.11675,-115.82267,0.7862608961259535
15028,1103,33.71264,-118.29381,-1.175557664874714
15029,1103,34.36622,-116.61266,0.75052704291237
15030,1103,34.10819,-119.06587,-0.8306234993817818
15031,1103,34.61594,-117.82493,1.771044867054199
15032,1103,33.684,-117.943,-1.882440207661032
15033,1103,35.47954,-117.68212,0.5727677712189609
15034,1103,33.818,-116.369,0.5487738341230941
15035,1103,34.81258,-119.1453,-1.1257142993423843
15036,1103,36.05799,-117.48901,-2.699786000481217
15037,1103,33.808,-116.968,0.7408117060737394
15039,1103,34.22362,-118.05832,0.8233811760591081
15040,1103,34.6145,-118.7235,-2.223640845907771
15042,1103,34.10473,-117.97956,-0.2761615902902529
15043,1103,33.74346,-118.40412,-0.1128104347451847
15044,1103,34.05073,-118.08085,-0.1041369080295835
15045,1103,33.2801,-115.98585,0.2604324163615407
15046,1103,33.553,-117.662,-1.5046486064312583
15048,1103,34.01438,-118.45617,0.559746493314676
15049,1103,34.05933,-118.64614,-1.572662422685456
15050,1103,34.30302,-119.18676,-0.1781736678401609
15051,1103,33.664,-117.769,-1.5819959686669125
15053,1103,33.63495,-116.16402,1.1005042326577428
15055,1103,35.53664,-118.14035,-0.1770123816594814
15056,1103,34.1717,-118.64971,1.0670090700154102
15093,1107,35.1269,-118.83009,-1.095786728194842
15094,1107,32.68005,-116.67215,1.7380446481531435
15095,1107,34.2623,-116.92075,-1.31354629443467
15097,1107,34.68224,-118.57398,0.1859348809073286
15098,1107,33.38822,-117.19495,2.409635244159583
15100,1107,33.999,-117.68,-1.1677148812234046
15101,1107,33.4019,-118.41502,0.8772137705371881
15102,1107,33.655,-115.99,0.7202581577397634
15103,1107,33.65,-117.009,2.6272714080183306
15104,1107,33.567,-116.631,0.9815089038513464
15106,1107,33.71264,-118.29381,-0.4990662668477628
15107,1107,35.30177,-116.80574,-0.8508167520956106
15108,1107,34.36622,-116.61266,0.6056907253004861
15109,1107,33.7141,-116.7119,1.067029512048551
15110,1107,34.80762,-118.86775,0.2099899320717329
15111,1107,34.61594,-117.82493,0.6635429103460261
15112,1107,34.93439,-117.69629,0.0574115626067567
15113,1107,34.3656,-117.36683,-2.244498547931607
15114,1107,34.005,-117.562,0.0878289269896572
15115,1107,34.81258,-119.1453,-1.015881972484902
15116,1107,34.22362,-118.05832,-0.201002148817521
15117,1107,33.94539,-117.92372,0.5558812051954375
15118,1107,34.6145,-118.7235,-1.6300043645969562
15119,1107,34.1484,-118.1711,-3.3704263364795284
15120,1107,34.1207,-117.63808,-1.768337051371203
15122,1107,33.354,-116.863,0.3138098356980328
15123,1107,33.7953,-117.60906,-1.625139560451818
15124,1107,33.63,-116.8478,1.9522686409926653
15125,1107,33.74346,-118.40412,0.335112861943703
15126,1107,34.87533,-116.99684,-1.15572217120973
15127,1107,33.973,-117.327,1.675439880939441
15128,1107,33.97327,-117.32674,0.6679794615734714
15129,1107,33.99351,-117.37545,0.7259729062481868
15130,1107,34.232,-117.235,-1.005743210377806
15131,1107,33.834,-116.797,1.3303861246718491
15132,1107,34.05933,-118.64614,-1.7475219105962505
15133,1107,33.829,-117.789,-0.0933607908018584
15134,1107,34.106,-117.098,0.2464204363977325
15135,1107,34.38203,-117.67822,-0.5981664983091707
15137,1107,34.23883,-117.65853,0.4344591280158764
15138,1107,34.069,-116.39,0.4565053806372202
15139,1107,33.4915,-116.667,2.218682123309901
15140,1107,34.9906,-118.34156,-0.0829697790515256
15141,1107,33.862,-117.205,0.3162932823334968
15142,1108,34.04905,-116.94032,-1.9524377797688544
15143,1108,34.55046,-117.43391,0.1646217477017773
15144,1108,32.68005,-116.67215,0.7645864938289939
15145,1108,34.2623,-116.92075,1.2408365650034563
15146,1108,33.921,-116.981,-0.8803643445167603
15148,1108,34.23883,-117.65853,0.3371969466961469
15149,1108,34.069,-116.39,1.2221900607030325
15150,1108,33.268,-116.417,1.6958655778816618
15151,1108,33.4915,-116.667,-4.91101821872178
15152,1108,33.38822,-117.19495,0.8428784039664421
15154,1108,33.999,-117.68,-1.0475836138479186
15155,1108,33.876,-117.561,0.4961945828238251
15156,1108,34.25353,-118.33383,-1.1723261481542693
15157,1108,33.93597,-116.57794,0.3234043541665645
15158,1108,33.65,-117.009,0.7503969427777476
15159,1108,33.567,-116.631,0.5056357660355246
15160,1108,32.999,-116.942,0.922040746370878
15162,1108,33.1537,-117.22921,-0.1302080983923964
15163,1108,35.30177,-116.80574,-0.7336825011137346
15164,1108,34.8294,-116.335,0.382698205535892
15166,1108,33.0859,-116.5959,-0.3757516523526066
15167,1108,34.36622,-116.61266,2.4663414013866576
15168,1108,34.9906,-118.34156,0.3463311750682686
15169,1108,33.684,-117.943,-0.1013506882624252
15170,1108,34.93439,-117.69629,5.485512540347387
15171,1108,35.47954,-117.68212,0.717476735107696
15172,1108,34.3656,-117.36683,-1.7040826165063814
15174,1108,33.818,-116.369,1.4653148996628476
15175,1108,33.808,-116.968,2.4926706876479234
15176,1108,33.6,-117.195,0.4420201253107984
15177,1108,34.22362,-118.05832,0.5624645947003283
15178,1108,33.94539,-117.92372,-0.7374383357246729
15179,1108,34.1207,-117.63808,-1.18931408446739
15180,1108,33.862,-117.205,-0.3440553810393193
15182,1108,33.354,-116.863,-0.5842026002046586
15184,1108,33.824,-116.55,1.8425683169949447
15185,1108,33.63,-116.8478,1.145126899857633
15186,1108,34.87533,-116.99684,-0.1291366054331851
15187,1108,33.973,-117.327,1.8966839956367247
15188,1108,33.97327,-117.32674,1.209820605526314
15189,1108,33.99351,-117.37545,1.0262854908258443
15190,1108,34.232,-117.235,0.4925053161560004
15191,1108,33.553,-117.662,-0.8879892657340444
15193,1108,33.834,-116.797,1.797675691127923
15194,1108,34.05933,-118.64614,-1.5240541278607391
15195,1108,33.829,-117.789,-1.0185182066847978
15196,1108,33.664,-117.769,-1.0249123241539828
15197,1108,34.106,-117.098,0.3892743556058269
15200,1108,34.48364,-118.11783,1.1151791963847897
15201,1108,34.00948,-117.95077,-0.8684606324841799
15202,1108,34.68708,-118.29946,-0.3970571264660359
15203,1108,35.1269,-118.83009,-1.1571551850084236
15204,1108,33.80776,-117.98116,-0.8373655745939382
15205,1108,35.52495,-117.36453,0.04272720324095
15206,1108,33.4019,-118.41502,0.0464758027003382
15208,1108,34.093,-117.317,0.4093402891773343
15209,1108,33.655,-115.99,1.2046126697731756
15211,1108,33.11675,-115.82267,0.4199233760327917
15212,1108,33.71264,-118.29381,-2.8295809853552667
15213,1108,33.051,-114.827,-0.4086769631331404
15214,1108,35.98249,-117.80885,0.0075903300483124
15215,1108,35.13066,-115.18416,1.1535766205391644
15216,1108,33.9753,-118.14918,-0.607793197454287
15217,1108,34.80762,-118.86775,-0.8330802301055023
15218,1108,34.005,-117.562,-0.6598840136096773
15219,1108,36.05799,-117.48901,-1.7127149991447048
15220,1108,34.88848,-119.81362,-0.3087302160636619
15222,1108,34.53412,-120.17737,0.4127353156617966
15223,1108,33.556,-115.946,0.6637390968296787
15224,1108,34.1484,-118.1711,-3.189259972605768
15225,1108,34.44199,-118.58215,-1.5568029488391313
15226,1108,34.09181,-117.80709,-1.6544253653838452
15227,1108,34.281,-118.478,0.6526745907514901
15228,1108,34.10473,-117.97956,-1.2088096589035116
15229,1108,33.74346,-118.40412,-0.6952543977366447
15230,1108,34.05073,-118.08085,-0.4112912529563446
15231,1108,33.2801,-115.98585,0.3973002996189804
15232,1108,32.915,-118.4879,0.0410028699946168
15233,1108,34.43692,-119.1375,-1.197847044780918
15234,1108,35.8996,-116.27515,1.838483753483214
15235,1108,35.89095,-117.28332,0.311128129004163
15236,1108,34.30302,-119.18676,-0.2125417769197779
15237,1108,32.94508,-115.79988,-0.5800617511011616
15238,1108,34.38203,-117.67822,-0.41887008190698
15239,1108,35.53664,-118.14035,0.208422890955327
15245,1110,34.55046,-117.43391,-0.843827971398488
15246,1110,34.68708,-118.29946,-1.4016369187550983
15247,1110,32.68005,-116.67215,0.5049447399218578
15248,1110,34.2623,-116.92075,-0.9247283386656496
15249,1110,33.921,-116.981,0.1501668529983296
15251,1110,34.23883,-117.65853,0.4476672875693424
15252,1110,33.268,-116.417,1.073033589497537
15253,1110,33.80776,-117.98116,-0.2329502007916481
15254,1110,34.68224,-118.57398,0.6330973003397361
15255,1110,35.52495,-117.36453,-1.2673371921796668
15257,1110,33.999,-117.68,-0.3199026105331916
15258,1110,33.4019,-118.41502,1.5649946529095116
15260,1110,34.093,-117.317,1.1318120605759447
15261,1110,33.876,-117.561,1.3813859365485623
15262,1110,33.655,-115.99,0.505332306190576
15263,1110,34.25353,-118.33383,-1.0086926473389677
15264,1110,33.93597,-116.57794,-0.7838826296447821
15265,1110,33.65,-117.009,1.4385174887433343
15266,1110,34.10618,-118.45505,-1.3498682154479291
15267,1110,33.567,-116.631,0.4448457505309989
15268,1110,32.999,-116.942,0.8443260717169607
15270,1110,33.71264,-118.29381,-1.7509572999695946
15272,1110,35.30177,-116.80574,-0.457259487974152
15273,1110,34.8294,-116.335,-0.175611305437303
15274,1110,33.0859,-116.5959,-0.0252075467144392
15275,1110,34.36622,-116.61266,0.6919348061650866
15276,1110,35.13066,-115.18416,0.1738241750088034
15277,1110,34.9906,-118.34156,-0.3030147584120686
15278,1110,33.9753,-118.14918,-0.2691954027270226
15279,1110,34.80762,-118.86775,-0.0022073537178095
15280,1110,33.684,-117.943,0.6489846275638864
15281,1110,34.93439,-117.69629,-0.1451418779093365
15282,1110,35.47954,-117.68212,-0.4369251575311417
15283,1110,34.3656,-117.36683,-0.8842884500045387
15284,1110,33.818,-116.369,0.3468043604918462
15285,1110,34.005,-117.562,1.2719533785211905
15286,1110,33.6,-117.195,0.6553117125560227
15287,1110,34.22362,-118.05832,0.7853354212593749
15288,1110,33.94539,-117.92372,0.0948871191261932
15289,1110,34.6145,-118.7235,-1.8557571806753728
15290,1110,34.1207,-117.63808,-0.179633223834612
15292,1110,33.354,-116.863,-0.3847885915494773
15293,1110,33.7953,-117.60906,-0.4197862993094272
15295,1110,34.09181,-117.80709,-0.1034293985779435
15296,1110,33.74346,-118.40412,0.444388700574048
15297,1110,34.87533,-116.99684,-0.2411702886941869
15298,1110,33.97327,-117.32674,0.3762829741644349
15299,1110,34.05073,-118.08085,0.2115520688711598
15300,1110,33.99351,-117.37545,0.9708157661217516
15302,1110,34.232,-117.235,0.8334711646318638
15303,1110,33.553,-117.662,-0.9078876589738146
15304,1110,35.89095,-117.28332,-0.0493369329839193
15305,1110,33.834,-116.797,1.3515244014166443
15306,1110,34.05933,-118.64614,-1.9670738239223824
15307,1110,33.829,-117.789,-0.6031278516848902
15308,1110,33.664,-117.769,-0.7928100004052759
15309,1110,34.106,-117.098,-0.0711309055800419
15310,1110,34.38203,-117.67822,-0.2706369056726498
15312,1110,34.48364,-118.11783,0.2757544859784068
15313,1110,34.56065,-117.3296,0.7452568063630691
15314,1110,35.53664,-118.14035,-0.3131883341172841
15380,1113,34.55046,-117.43391,-0.3158142617020717
15381,1113,32.68005,-116.67215,1.0329817003134636
15382,1113,33.921,-116.981,-1.8830539044134635
15385,1113,34.23883,-117.65853,-0.3139955172858885
15386,1113,34.069,-116.39,-0.801994563882036
15387,1113,33.268,-116.417,1.0967995301487006
15388,1113,35.52495,-117.36453,-0.7530978662335513
15390,1113,33.4019,-118.41502,0.0387909322007197
15392,1113,34.093,-117.317,0.6869594096607606
15393,1113,33.655,-115.99,-0.2611568263902914
15394,1113,34.25353,-118.33383,-0.7262876655094532
15395,1113,33.65,-117.009,1.3306381726238683
15396,1113,34.10618,-118.45505,-2.091973398383855
15397,1113,33.567,-116.631,0.6056961100443535
15398,1113,32.999,-116.942,0.84401289167319
15401,1113,33.71264,-118.29381,-2.5404223203238456
15402,1113,33.051,-114.827,-1.2374269270931266
15404,1113,33.1537,-117.22921,-0.3726315759576687
15405,1113,35.30177,-116.80574,-1.9556023535892308
15406,1113,34.8294,-116.335,-2.2143746211021447
15408,1113,35.66278,-118.47403,-2.4564360417102096
15409,1113,33.081,-116.598,0.0397267289494436
15410,1113,35.98249,-117.80885,-0.3845234840662961
15411,1113,34.36622,-116.61266,0.4051701893812507
15412,1113,35.13066,-115.18416,-1.0899846459240532
15413,1113,34.9906,-118.34156,-0.6397770296778118
15414,1113,34.80762,-118.86775,-0.8782299570503626
15415,1113,34.93439,-117.69629,-0.0613808254121242
15416,1113,35.47954,-117.68212,-0.1386460446440539
15417,1113,34.3656,-117.36683,-0.5318639269572832
15418,1113,33.818,-116.369,-0.0486199460702228
15419,1113,34.005,-117.562,-0.0753427461955715
15420,1113,36.05799,-117.48901,-2.135766375256132
15421,1113,33.808,-116.968,0.0904272286541399
15422,1113,33.6,-117.195,1.339620156591975
15423,1113,34.22362,-118.05832,0.3141265142458559
15424,1113,34.76759,-114.61881,0.4838101659020064
15425,1113,33.94539,-117.92372,-0.7265811935091555
15426,1113,32.608,-116.93,1.0380624465942174
15427,1113,34.1207,-117.63808,-0.4276749576820499
15428,1113,33.862,-117.205,0.9741460545113324
15430,1113,33.354,-116.863,-0.662878103968227
15431,1113,33.7953,-117.60906,-1.7299188579973137
15433,1113,33.824,-116.55,0.763684127013031
15434,1113,33.63,-116.8478,0.6844049793712408
15435,1113,33.74346,-118.40412,-0.2542727330017637
15436,1113,34.87533,-116.99684,-2.1073992527267063
15437,1113,33.97327,-117.32674,1.0058643769141324
15438,1113,33.99351,-117.37545,0.4789210183712584
15439,1113,34.232,-117.235,-1.1177816302003216
15440,1113,33.553,-117.662,-2.7007351282059084
15441,1113,35.89095,-117.28332,0.053475447244565
15442,1113,33.834,-116.797,0.6026496237393387
15443,1113,34.05933,-118.64614,-1.795149707518384
15444,1113,33.829,-117.789,-1.0612027810584466
15445,1113,33.664,-117.769,-1.5854608731682065
15446,1113,34.106,-117.098,-0.2972733213770999
15447,1113,34.38203,-117.67822,-0.3223813740387632
15450,1113,34.48364,-118.11783,0.2346144860005722
15451,1113,35.53664,-118.14035,-0.2505675215491108
15452,1113,34.1717,-118.64971,0.8481583404859941
15453,1113,33.917,-117.443,2.079457493779344
15454,1113,33.968,-117.252,2.29826391406934
15455,1113,33.751,-117.015,0.8791840204268913
15456,1113,33.699,-117.267,2.436168953301225
15457,1113,33.951,-117.446,3.081986575215663
15458,1113,33.951,-117.388,1.8579173324124456
15459,1113,33.979,-117.344,-0.1244200420889544
15460,1113,33.975,-117.486,2.718283126303956
15461,1113,33.902,-117.234,0.8639299068117657
15462,1113,33.921,-117.173,0.5251410981693551
15463,1113,34.014,-117.511,1.22941648491865
15464,1113,34.074,-117.183,-0.1913266462065291
15465,1113,34.096,-117.287,0.3758308613570915
15466,1113,34.133,-117.253,-0.141636571022778
15467,1113,34.069,-117.398,1.989404609756036
15468,1113,34.004,-117.058,-0.1913321212398712
15469,1113,34.00469,-117.22393,-0.135594086118498
15471,1113,34.136,-117.213,-0.8198518383055349
15473,1113,33.92024,-117.32066,2.7145719777581254
15476,1113,34.14,-117.294,-0.9035200446650749
15478,1113,34.205,-117.365,-0.0647641642591664
15479,1113,34.12288,-117.28792,0.2026977341218321
15480,1113,34.0869,-117.3114,0.2361590746222399
15481,1113,33.852,-117.451,2.5504495859914944
15550,1118,32.68005,-116.67215,-0.3399850178775611
15551,1118,34.2623,-116.92075,-0.9618243158050406
15552,1118,33.921,-116.981,-0.3059443074225056
15555,1118,34.23883,-117.65853,0.3600752566998212
15557,1118,33.268,-116.417,1.2168992443126254
15558,1118,33.01213,-115.21987,-1.1564022823418885
15559,1118,33.38822,-117.19495,1.6003428220219222
15562,1118,33.655,-115.99,-0.9241440845080828
15563,1118,34.63745,-115.38115,-1.0920577065080908
15564,1118,34.25353,-118.33383,0.4206422101243943
15565,1118,33.65,-117.009,0.6316042069506821
15566,1118,34.10618,-118.45505,-1.076154299962195
15567,1118,33.567,-116.631,-0.4656334749512806
15568,1118,32.999,-116.942,2.481470830744
15569,1118,32.805,-115.447,-0.4925689557755915
15572,1118,33.11675,-115.82267,0.5434450782892004
15573,1118,33.71264,-118.29381,-0.7272113084530577
15574,1118,33.051,-114.827,-1.9950802712554905
15576,1118,35.30177,-116.80574,-1.6171668328991382
15578,1118,33.0859,-116.5959,0.1992636158242008
15580,1118,33.684,-117.943,1.1286700560172958
15581,1118,33.818,-116.369,-0.137839948485698
15583,1118,33.808,-116.968,0.5525618528266648
15584,1118,33.6,-117.195,0.508917631663938
15585,1118,34.76759,-114.61881,-0.7470494363154578
15586,1118,33.94539,-117.92372,0.6976700953621514
15587,1118,32.608,-116.93,1.5638868787049678
15589,1118,34.1207,-117.63808,0.0469152938778028
15591,1118,33.354,-116.863,0.2895408160646349
15593,1118,33.63,-116.8478,0.5620297538417653
15594,1118,33.74346,-118.40412,0.505981422958713
15595,1118,33.99351,-117.37545,0.5897839257806895
15596,1118,33.183,-115.623,-1.1076208957810068
15597,1118,33.2801,-115.98585,0.016051517425554
15598,1118,33.553,-117.662,-0.117362939251215
15600,1118,33.834,-116.797,0.7479456558340188
15601,1118,34.05933,-118.64614,-0.535581791098131
15602,1118,33.829,-117.789,-0.4278375151765697
15603,1118,33.664,-117.769,0.6490752211817684
15604,1118,34.106,-117.098,0.0370706725108634
15605,1118,32.94508,-115.79988,-0.5030808175857525
15606,1118,34.38203,-117.67822,-0.0748313038611687
15607,1118,34.48364,-118.11783,0.7880058061622448
15608,1118,32.75904,-115.73161,-0.8209764594251246
15753,1123,37.76021,-122.41524,-0.279032888323424
15754,1123,37.75094,-122.49072,-0.3778462709503662
15755,1123,37.762,-122.505,-0.3870744887949586
15756,1123,37.54187,-122.30471,-1.1294107609043702
15757,1123,37.59094,-122.36741,-1.2073863596209888
15758,1123,37.40718,-122.00001,1.1787775235252005
15759,1123,37.39415,-122.06041,-0.5547860840888326
15760,1123,37.45098,-122.4287,0.3077007914355299
15761,1123,37.59268,-122.07449,-1.0895482677305974
15762,1123,37.67928,-122.48405,0.879699975058882
15763,1123,37.91056,-122.53778,2.039483124390604
15764,1123,38.03445,-122.27016,0.6104241246188622
15765,1123,37.95397,-121.86554,-2.163665457920986
15766,1123,37.87622,-122.23558,-2.828103348117696
15767,1123,37.91881,-122.15176,-0.2465620081648122
15768,1123,37.87352,-122.26099,-1.477726823870423
15769,1123,37.16346,-121.62645,0.2969122272855443
15770,1123,37.85727,-122.42266,0.0552245740284641
15771,1123,37.74766,-121.70843,1.921736007572852
15772,1123,37.7294,-121.83346,0.042470913340407
15773,1123,37.85884,-121.99264,-0.7727412352317167
15774,1123,37.91233,-121.90716,-0.2370969779889777
15775,1123,38.02691,-122.01599,0.3737820380321408
15776,1123,38.34526,-122.4584,-0.4234438062770413
15777,1123,37.34305,-122.33976,-0.929203083997175
15778,1123,37.31861,-122.15314,-1.212493187475297
15779,1123,37.51604,-122.45815,2.033009381940531
15780,1123,37.21427,-122.17168,-0.48989453793398
15781,1123,37.20631,-121.97726,1.0876982018793988
15782,1123,37.15432,-121.73467,0.5380730761518098
15783,1123,37.63719,-122.47482,-0.1404845118139435
15784,1123,37.19855,-122.34671,0.3273453746972528
15785,1123,37.58225,-122.42006,-0.2124408535398226
15786,1123,37.40372,-122.17596,-1.453476277157174
15787,1123,37.28397,-122.05017,-1.0887956133045618
15788,1123,37.58644,-122.50217,2.099289719877355
15789,1123,38.33656,-122.81082,2.5203205389373373
15790,1123,38.28043,-122.21582,-1.1017570069339633
15791,1123,38.16488,-122.71296,2.186064213549708
15792,1123,38.07601,-122.2585,1.6036245642768905
15793,1123,37.99642,-123.01949,0.6054585358113981
15794,1123,38.34878,-122.57795,0.49469249830863
15795,1123,37.9231,-122.5983,0.4692456451115617
15796,1123,38.38921,-122.66297,-0.068793964452506
15797,1123,37.62211,-121.75697,-2.1391309434087766
19436,1123,38.03455,-120.38651,-0.8015135536330634
19437,1123,37.69782,-123.0011,-0.1052268736323529
19438,1123,37.34164,-121.64257,-0.4329898666012894
19439,1123,37.91608,-122.33607,1.0361311976817094
19440,1123,37.81647,-122.06302,-2.0605248740027307
19441,1123,37.9889,-122.2156,-0.2978920639037664
19442,1123,37.94906,-122.40851,0.37449174766893
19443,1123,37.72416,-122.11929,-0.6083531714362237
19444,1123,37.80787,-122.3618,-0.2449310332672603
19445,1123,37.12043,-122.1552,0.5176038911136301
19446,1123,37.51704,-122.37731,-0.4234451974773861
19447,1123,37.67433,-122.39855,0.4552267565796517
19448,1123,37.4046,-122.1741,-1.3474762856473883
19449,1123,37.16067,-121.89899,2.007129940861504
19450,1123,37.92144,-122.71806,0.0952284454931081
19451,1123,38.04962,-122.52331,2.283962868134576
19452,1123,38.12282,-122.14921,0.319608798377802
19453,1123,38.20025,-122.4644,-0.351521568613368
19454,1123,38.233,-122.636,1.641265187256329
19455,1123,37.77737,-122.39689,-0.5977239423586829
19456,1123,37.76386,-122.4736,-0.04684024188798
19457,1123,37.40701,-122.0946,-1.4620709288393543
19458,1123,37.4748,-122.2392,0.8643815217955573
19459,1123,37.30249,-121.97978,-0.9734183402196293
19460,1123,37.26352,-121.91617,-1.332945055844445
19461,1123,37.30143,-121.9039,-1.0319838274883617
19462,1123,37.31816,-121.94354,-0.0582462084800883
19463,1123,37.3066,-121.84915,0.4673756902652523
19464,1123,37.41702,-121.9154,-0.3053108006713248
19465,1123,37.74766,-122.42528,0.4944029730707455
19466,1123,37.17217,-122.01121,0.5111647474477647
19469,1123,38.46769,-122.89651,0.6563166844881688
15798,1124,37.26352,-121.91617,-0.801906051826409
15799,1124,37.27117,-121.98617,-0.2761018417325683
15800,1124,37.91056,-122.53778,1.3400986999377105
15801,1124,37.87622,-122.23558,-1.520175240799784
15802,1124,37.91881,-122.15176,-1.3779103179294447
15803,1124,37.16346,-121.62645,0.3503149457418697
15804,1124,37.85727,-122.42266,0.881729874691142
15805,1124,37.37289,-121.76887,-0.3870477347787184
15806,1124,37.91233,-121.90716,-0.5609255491088633
15807,1124,37.34305,-122.33976,-0.0338394678220208
15808,1124,37.31861,-122.15314,-0.4637335551803916
15809,1124,37.17217,-122.01121,1.5097831839688454
15810,1124,37.36045,-122.18986,-0.6058745973693591
15811,1124,37.51604,-122.45815,0.6235908443288602
15812,1124,37.21427,-122.17168,2.455728125832408
15813,1124,37.20631,-121.97726,1.516419150735401
15814,1124,37.15432,-121.73467,0.5604791709065549
15815,1124,37.63719,-122.47482,-0.0960763815645196
15816,1124,37.2708,-122.21276,0.2342208177729094
15817,1124,37.19855,-122.34671,1.0909146093241164
15818,1124,37.40373,-122.23868,-1.7190850444996737
15819,1124,37.40372,-122.17596,-0.9603074258845732
15820,1124,37.28397,-122.05017,1.1465364887570897
20585,1124,37.87352,-122.26099,-0.99924893153168
20586,1124,37.69782,-123.0011,-1.2937557626831198
20587,1124,38.99349,-123.07234,-3.592662707538413
20588,1124,37.34164,-121.64257,-1.2836160547163171
20589,1124,37.25898,-121.67311,-1.4619981825876704
20590,1124,37.9889,-122.2156,0.1572048851510358
20591,1124,37.80787,-122.3618,2.202181935771496
20592,1124,37.12043,-122.1552,1.9473779044676005
20593,1124,37.51704,-122.37731,-1.38713088593343
20594,1124,37.16067,-121.89899,2.8074028324658897
20595,1124,37.31816,-121.94354,-0.1486629058217457
20596,1124,37.40718,-122.00001,-0.406439549437401
20597,1124,37.39415,-122.06041,-1.927949032302981
20598,1124,37.45098,-122.4287,-0.4957625048906505
20599,1124,37.71633,-122.43117,1.0939999083203378
20600,1124,37.72416,-122.44841,0.4813573059205198
20601,1124,37.23294,-121.77186,0.0906067163864422
20602,1124,37.28537,-121.93602,-1.0308191822579569
20603,1124,37.74766,-121.70843,0.4721781508872528
20604,1124,37.7294,-121.83346,1.2268761067488123
20605,1124,37.73786,-122.06486,0.2746643613274915
20606,1124,37.85884,-121.99264,-1.2678227761950946
20607,1124,37.04922,-121.80722,1.4446765491417684
20608,1124,37.58225,-122.42006,-0.6714872645846207
20609,1124,37.58644,-122.50217,-0.6658022461894312
15821,1125,37.54187,-122.30471,-0.4311230813202556
15822,1125,37.26748,-121.86656,-1.071320544560667
15823,1125,37.30143,-121.9039,-0.3396507145000715
15824,1125,37.41702,-121.9154,-1.0363347837958818
15825,1125,37.59094,-122.36741,0.7267349336884753
15826,1125,37.34655,-121.80774,-1.2386734440564424
15827,1125,37.40718,-122.00001,1.2640235738813388
15828,1125,37.39415,-122.06041,0.5255621309455739
15829,1125,37.376,-121.84367,-2.253115324387444
15830,1125,37.27117,-121.98617,-1.5177048195220373
15831,1125,37.71737,-121.72701,0.1555848748302165
15832,1125,37.91056,-122.53778,2.7012404572605493
15833,1125,38.03445,-122.27016,-1.0276699557810225
15834,1125,37.41395,-121.87085,-0.4526663310835522
15835,1125,37.36408,-122.01817,-1.0698731415483536
15836,1125,37.42549,-122.07772,-0.34168305041642
15837,1125,37.38332,-121.91088,-1.1986376438674733
15838,1125,37.28537,-121.93602,-0.4620375509261608
15839,1125,37.68873,-121.78351,-0.941328923653428
15840,1125,37.66666,-121.85715,-0.5543541457903555
15841,1125,37.87622,-122.23558,-1.7901418483406737
15842,1125,37.85727,-122.42266,2.255265038013577
15843,1125,37.45035,-121.80037,-0.6808326753291228
15844,1125,37.74766,-121.70843,1.1537296545611613
15845,1125,37.7294,-121.83346,0.8057388092032112
15846,1125,37.73786,-122.06486,-0.1206234211564934
15847,1125,38.03455,-120.38651,-0.3347654144632972
15848,1125,37.85884,-121.99264,0.1400648936364841
15849,1125,37.91233,-121.90716,-0.726188462806996
15850,1125,38.02691,-122.01599,-0.6821112128795715
15851,1125,37.34305,-122.33976,1.859589799384284
15852,1125,37.31861,-122.15314,-0.66041245231529
15853,1125,37.17217,-122.01121,0.9706383539729274
15854,1125,37.36045,-122.18986,0.5180487173913412
15855,1125,37.51604,-122.45815,2.358079990916566
15856,1125,37.20631,-121.97726,0.0174657273369832
15857,1125,37.15432,-121.73467,-1.3549831984173768
15858,1125,37.2708,-122.21276,0.0970467019203895
15859,1125,37.19855,-122.34671,0.807355673400353
15860,1125,37.58225,-122.42006,0.8327562784260927
15861,1125,37.28397,-122.05017,-1.3984157580610217
15862,1125,37.58644,-122.50217,1.4690427140219149
15863,1125,37.34164,-121.64257,-1.2670906463896223
15864,1125,38.33656,-122.81082,1.8310720788755
15865,1125,38.15486,-121.80438,0.1603360439951165
15866,1125,38.07601,-122.2585,0.2326479491104424
15867,1125,37.008,-121.287,-0.6873340722308895
15868,1125,35.63597,-120.86984,-0.6187502878729713
15869,1125,39.2291,-121.7861,0.2758510723680366
15870,1125,37.62211,-121.75697,-0.5099606135034299
19794,1125,37.91881,-122.15176,-1.453746785388892
19795,1125,36.68011,-119.02282,0.842267327056377
19796,1125,38.87874,-122.44277,-3.0606430171941565
19797,1125,39.55451,-121.50036,-0.3855724362087873
19798,1125,35.945,-120.542,-2.8834989544729925
19799,1125,36.76403,-121.44722,-4.084204665435888
19800,1125,37.9889,-122.2156,0.5215953872845662
19801,1125,37.94906,-122.40851,0.547619240210737
19802,1125,37.12043,-122.1552,0.0882785008619717
19803,1125,37.51704,-122.37731,0.7428036721691204
19804,1125,37.16067,-121.89899,0.3282308874270879
19805,1125,37.92144,-122.71806,0.6625252193439396
19806,1125,38.04962,-122.52331,2.099023868936727
19807,1125,38.12282,-122.14921,-0.4151371584466104
19808,1125,38.233,-122.636,1.3151370992081135
19809,1125,37.76021,-122.41524,0.9910267513697522
19810,1125,37.77737,-122.39689,0.2627057246404281
19811,1125,37.75094,-122.49072,1.2955577232451527
19812,1125,37.76386,-122.4736,1.2967779360094722
19813,1125,37.762,-122.505,1.1169456624162122
19814,1125,37.40701,-122.0946,-0.8477918105360358
19815,1125,37.4748,-122.2392,0.1183342421152415
19816,1125,37.30249,-121.97978,-0.6478805203311313
19817,1125,37.26352,-121.91617,-2.131619238103287
19818,1125,37.31816,-121.94354,-0.1919569690987736
19819,1125,37.3066,-121.84915,0.1545214535443529
19820,1125,37.68,-121.739,1.0369315761585929
19821,1125,37.74766,-122.42528,1.3162297444559672
19822,1125,37.74664,-122.38679,0.8531374943196863
19823,1125,37.45098,-122.4287,0.8630712722948058
19824,1125,37.59268,-122.07449,-0.9919190912862418
19825,1125,37.67928,-122.48405,2.245857526091391
19826,1125,37.88767,-122.29916,0.3185080388168448
19827,1125,37.74484,-122.40134,0.6160609510487124
19828,1125,37.77934,-122.486,1.2775976520020749
19829,1125,37.71633,-122.43117,2.038186643141453
19830,1125,37.8251,-122.27606,0.0648360970135832
19831,1125,37.7986,-122.2684,0.5315894021946403
19832,1125,37.72416,-122.44841,1.369699245750946
19833,1125,37.6806,-121.92098,-0.9859547344463842
19834,1125,37.86059,-122.29327,-0.2333404857865499
19835,1125,37.85835,-122.25252,0.2488187013325631
19836,1125,37.37418,-122.0781,-1.2600780727360867
19837,1125,37.69169,-122.16982,-0.9605821108287432
19838,1125,37.23294,-121.77186,-1.321147546684405
19839,1125,37.35834,-121.97775,-0.4019880901034936
19840,1125,37.72688,-122.15092,-0.9954759629491724
19841,1125,37.8852,-122.03217,-0.4760650942627996
19842,1125,37.94215,-121.93047,-0.949582264040145
19843,1125,38.01299,-122.13416,0.2064322718688917
19844,1125,37.16346,-121.62645,-1.0020325008493252
19845,1125,37.37289,-121.76887,-0.2891662993256368
19846,1125,37.81041,-121.80272,0.0201660878440727
19847,1125,37.04922,-121.80722,-2.5442234611741554
19848,1125,37.21427,-122.17168,0.890429512725321
19849,1125,37.63719,-122.47482,0.8006098386833735
19850,1125,37.40372,-122.17596,-0.6263956006025017
19851,1125,37.6444,-118.89683,1.9174569790694944
19852,1125,37.65909,-118.97907,2.5054984153026534
19853,1125,38.30988,-122.943,1.2633354803122925
19854,1125,38.16488,-122.71296,0.6581216237813379
19855,1125,38.04248,-122.79684,1.2146709717188158
19856,1125,37.92371,-122.59649,1.095661373910364
19857,1125,38.14361,-122.44969,-0.7007681539046313
19858,1125,38.24039,-122.79842,-0.4298285084622152
19859,1125,38.38921,-122.66297,-0.275685797413364
19860,1125,36.2159,-120.80126,-2.1432185970726656
15922,1128,34.55046,-117.43391,-0.1443937496642931
15923,1128,33.63838,-116.4011,0.5841184322937663
15924,1128,34.68708,-118.29946,0.5113874178446525
15925,1128,32.68005,-116.67215,1.4697804253265765
15926,1128,34.2623,-116.92075,-0.9821859215504148
15927,1128,33.921,-116.981,-1.4258219230340767
15928,1128,33.57508,-117.26119,0.2168962723853904
15929,1128,33.80776,-117.98116,-0.8187963346206061
15930,1128,34.68224,-118.57398,1.7373840401412348
15931,1128,33.38822,-117.19495,1.1467043668166212
15933,1128,33.999,-117.68,-0.6155171997786311
15934,1128,33.4019,-118.41502,1.0899391221136068
15936,1128,34.093,-117.317,-0.1086335618420978
15937,1128,34.0602,-117.809,-0.2415482677301715
15938,1128,33.655,-115.99,1.0080076058717486
15939,1128,34.25353,-118.33383,-0.2299008336538957
15940,1128,33.93597,-116.57794,-0.8645217817696383
15941,1128,33.65,-117.009,1.2745741280933396
15942,1128,34.10618,-118.45505,-1.3256848566418116
15943,1128,32.999,-116.942,1.0694285449661034
15944,1128,34.88303,-117.99106,0.3367227369362026
15945,1128,34.72832,-119.98803,0.2090152107695987
15946,1128,33.71264,-118.29381,-2.6003960943803066
15947,1128,33.8717,-117.92251,0.5504129622924031
15948,1128,33.1537,-117.22921,0.0223595646151983
15949,1128,35.30177,-116.80574,-0.3688476898555234
15950,1128,34.8294,-116.335,-0.6091139973702643
15951,1128,33.7141,-116.7119,-0.0997103704275348
15952,1128,33.86889,-118.33143,-0.0214346313494491
15953,1128,34.00033,-118.37794,-0.5158376408866202
15954,1128,35.13066,-115.18416,1.033588649544578
15955,1128,34.30529,-118.48805,1.0211313654256144
15956,1128,33.9753,-118.14918,0.6147296191920439
15957,1128,34.10819,-119.06587,0.8459965280931575
15958,1128,34.61594,-117.82493,1.543037712685836
15959,1128,33.684,-117.943,0.0640415045758972
15960,1128,35.47954,-117.68212,1.4987933240255509
15961,1128,33.881,-118.176,0.4764928791174515
15962,1128,34.3656,-117.36683,-1.8500437904192089
15963,1128,33.3516,-116.5615,-0.8030710277904366
15964,1128,34.005,-117.562,-0.6520240999894469
15965,1128,33.808,-116.968,-0.0033736520799993
15966,1128,34.22362,-118.05832,0.506044309080799
15967,1128,33.788,-117.844,0.2528014035969997
15968,1128,33.94539,-117.92372,0.5220726833070755
15969,1128,32.608,-116.93,1.224799493114777
15970,1128,34.1484,-118.1711,-2.5669009026147886
15972,1128,33.96273,-118.43702,0.1626155744249229
15973,1128,34.1207,-117.63808,-1.0098986359902102
15975,1128,33.354,-116.863,-0.5049649758348485
15976,1128,33.7953,-117.60906,-1.3781806107363368
15977,1128,33.63,-116.8478,1.1999090987758183
15979,1128,34.10473,-117.97956,-0.9098835605925306
15980,1128,33.74346,-118.40412,0.048716789843424
15981,1128,34.87533,-116.99684,0.2191771178400462
15982,1128,33.97327,-117.32674,-0.3770316434901444
15983,1128,34.05073,-118.08085,-0.3271723681123171
15984,1128,33.99351,-117.37545,-0.7571224705269166
15985,1128,33.70432,-117.88578,-0.9296683786356642
15986,1128,34.232,-117.235,-0.8011872182003341
15987,1128,33.553,-117.662,-1.900602283804177
15988,1128,35.89095,-117.28332,1.599992152782776
15989,1128,34.01438,-118.45617,0.2663450916110655
15990,1128,34.05933,-118.64614,-0.397177954206314
15991,1128,33.829,-117.789,-0.7992358747203218
15992,1128,34.30302,-119.18676,2.042869576707103
15993,1128,33.664,-117.769,-1.362355593154028
15994,1128,34.38203,-117.67822,-0.1745888983079367
15995,1128,34.08377,-118.599,-0.2413396142935379
15996,1128,33.63495,-116.16402,0.4254908932802345
15997,1128,34.01919,-118.28631,-0.475851047721776
15998,1128,34.48364,-118.11783,1.0171765902292291
15999,1128,34.00948,-117.95077,-1.4929851509131755
16001,1128,34.1717,-118.64971,2.559349916254829
16033,1130,37.40701,-122.0946,-0.5047297228776443
16034,1130,37.54187,-122.30471,0.5473313181532372
16035,1130,37.66,-121.873,-1.1604967826672492
16036,1130,37.68,-121.739,-1.5165736340226086
16037,1130,37.40718,-122.00001,-0.8150723883127664
16038,1130,37.27117,-121.98617,0.1981809738453675
16039,1130,37.59268,-122.07449,0.2842985700911974
16040,1130,37.71737,-121.72701,-0.8774164857754922
16041,1130,37.67928,-122.48405,2.060482785144432
16042,1130,37.91056,-122.53778,2.474628779739807
16043,1130,38.03445,-122.27016,-1.947356539073434
16044,1130,37.71633,-122.43117,2.461890425033809
16045,1130,37.72416,-122.44841,1.2575962781543015
16046,1130,37.95397,-121.86554,-2.5734920314966563
16047,1130,37.87622,-122.23558,-2.67391439569911
16048,1130,37.91881,-122.15176,-1.1106253662360324
16049,1130,37.87352,-122.26099,-1.5352132688009472
16050,1130,37.16346,-121.62645,-0.319810471950372
16051,1130,37.85727,-122.42266,0.4070933166150266
16052,1130,37.45035,-121.80037,-1.5489126459528662
16053,1130,37.74766,-121.70843,4.248866677986458
16054,1130,37.7294,-121.83346,0.7195610713113805
16055,1130,38.03455,-120.38651,-0.0734469382740446
16056,1130,37.85884,-121.99264,-0.2286424489149996
16057,1130,37.91233,-121.90716,-0.1021977827684301
16058,1130,38.02691,-122.01599,-0.9597302293672464
16059,1130,37.34305,-122.33976,1.1406362795526912
16060,1130,37.31861,-122.15314,0.7315035295102252
16061,1130,37.17217,-122.01121,1.8558979526328945
16062,1130,37.04922,-121.80722,-0.2914353266193006
16063,1130,37.36045,-122.18986,0.7557248440102466
16064,1130,37.51604,-122.45815,3.2231447940857554
16065,1130,37.21427,-122.17168,1.4243971929265298
16066,1130,37.20631,-121.97726,1.0388285653842158
16067,1130,37.63719,-122.47482,1.728778570882888
16068,1130,37.2708,-122.21276,1.212089195532405
16069,1130,37.19855,-122.34671,1.0764625917031063
16070,1130,37.40373,-122.23868,0.0519229350067378
16071,1130,37.58225,-122.42006,0.6295678129108031
16072,1130,37.40372,-122.17596,-0.5120754914540312
16073,1130,37.28397,-122.05017,0.3972763128185717
16074,1130,37.58644,-122.50217,1.1875965682032663
16075,1130,37.34164,-121.64257,-1.806912149886471
16076,1130,38.28043,-122.21582,-1.5171389134873206
16077,1130,38.16488,-122.71296,0.882365592723054
16078,1130,38.07601,-122.2585,-0.1986381768555499
16079,1130,37.99642,-123.01949,-0.6452844484105424
16080,1130,38.2026,-121.9354,-1.0930884435038712
16081,1130,37.62211,-121.75697,-1.318555730767674
20456,1130,37.69782,-123.0011,-0.7455728490618467
20457,1130,38.87874,-122.44277,-3.9662281886972495
20458,1130,39.55451,-121.50036,-2.0879705410081164
20459,1130,37.008,-121.287,-1.4447920097214255
20460,1130,35.945,-120.542,4.7313720746407055
20461,1130,36.76403,-121.44722,-0.616887201003651
20462,1130,37.28744,-121.86422,-0.4171025034160224
20463,1130,37.81647,-122.06302,-0.6144861074868375
20464,1130,37.25898,-121.67311,-2.2921770470730123
20465,1130,37.9889,-122.2156,0.2181589976255524
20466,1130,37.94906,-122.40851,-0.2003262572426142
20467,1130,37.72416,-122.11929,0.0470394187422393
20468,1130,37.80787,-122.3618,2.2216517334555834
20469,1130,37.12043,-122.1552,1.458237799931514
20470,1130,37.51704,-122.37731,-0.1781702705040778
20471,1130,37.67433,-122.39855,1.0307743610427065
20472,1130,37.16067,-121.89899,1.7774558361851585
20473,1130,37.92144,-122.71806,1.090272539322937
20474,1130,38.04962,-122.52331,1.5835730988461632
20475,1130,38.12282,-122.14921,-1.8192977298717905
20476,1130,37.75094,-122.49072,0.4566280027197996
20477,1130,37.76386,-122.4736,0.3918320889358466
20478,1130,37.762,-122.505,-0.3022831352832699
20479,1130,37.4748,-122.2392,0.5226122320384154
20480,1130,37.30249,-121.97978,-0.7105123079407297
20481,1130,37.26352,-121.91617,-1.3600716568092628
20482,1130,37.30143,-121.9039,-1.338051727019166
20483,1130,37.31816,-121.94354,0.373496822060854
20484,1130,37.3066,-121.84915,-0.4448044920216728
20485,1130,37.41702,-121.9154,-1.6527462611251615
20486,1130,37.59094,-122.36741,-0.1089480698604123
20487,1130,37.39415,-122.06041,-1.2946347347664504
20488,1130,37.376,-121.84367,-2.739242036118473
20489,1130,37.45098,-122.4287,0.4865096909947042
20490,1130,37.7986,-122.2684,-0.9954652232583976
20491,1130,37.41395,-121.87085,-1.5653853907645348
20492,1130,37.6806,-121.92098,-0.5068284155250518
20493,1130,37.85835,-122.25252,-0.1879890156206384
20494,1130,37.37418,-122.0781,-1.613831829292586
20495,1130,37.6444,-118.89683,1.303079496785622
20496,1130,38.30988,-122.943,1.151777543293979
20497,1130,38.33656,-122.81082,0.9926771638458428
20498,1130,38.04248,-122.79684,0.6176612465504989
20499,1130,38.38921,-122.66297,-1.6465295540587797
16082,1131,33.63838,-116.4011,1.0110785157145994
16083,1131,32.68005,-116.67215,0.531930708259551
16084,1131,34.2623,-116.92075,-0.8747839135649238
16085,1131,33.921,-116.981,-0.8571198304662813
16086,1131,33.57508,-117.26119,1.1508910072084242
16088,1131,34.23883,-117.65853,-0.2063812477369496
16089,1131,34.069,-116.39,0.4426039831455269
16090,1131,33.268,-116.417,0.7346947743666604
16091,1131,33.38822,-117.19495,1.6084581169791736
16094,1131,33.876,-117.561,1.2582815318559173
16095,1131,33.655,-115.99,-0.3643415915693342
16096,1131,33.93597,-116.57794,0.7911558936205302
16097,1131,33.65,-117.009,1.9128390346231805
16098,1131,33.567,-116.631,0.1826569421883855
16099,1131,32.999,-116.942,0.4372252804400524
16100,1131,33.1537,-117.22921,0.537900679548823
16101,1131,34.8294,-116.335,-0.6492677968789949
16102,1131,33.0859,-116.5959,-0.2913552910799281
16103,1131,34.36622,-116.61266,1.443018672246012
16104,1131,33.597,-117.879,-2.901759652309073
16105,1131,34.93439,-117.69629,-0.6164350915422482
16106,1131,34.3656,-117.36683,-2.6777765067840726
16108,1131,33.818,-116.369,1.3459769744345211
16109,1131,34.005,-117.562,0.9517117361882448
16110,1131,33.808,-116.968,0.4291878866606605
16111,1131,34.22362,-118.05832,0.1739227105193476
16112,1131,34.78035,-116.55798,0.3201573878653759
16113,1131,32.608,-116.93,0.7686772664984894
16114,1131,34.6145,-118.7235,-2.651603240684452
16115,1131,34.1207,-117.63808,-1.7204616771973946
16116,1131,33.862,-117.205,-0.5446552603638819
16117,1131,33.82436,-116.51195,0.8329136114072394
16118,1131,33.354,-116.863,0.7697010096995591
16119,1131,33.74346,-118.40412,-0.8889108332732958
16120,1131,34.87533,-116.99684,-0.6382402194605626
16121,1131,33.973,-117.327,1.0852585475313166
16122,1131,33.97327,-117.32674,0.6976008727642485
16123,1131,34.05073,-118.08085,-0.00263767336174
16124,1131,33.99351,-117.37545,0.5512251043125098
16125,1131,33.2801,-115.98585,-0.3524010353011608
16126,1131,34.232,-117.235,-0.9898717042008286
16127,1131,33.553,-117.662,-1.901732077212564
16128,1131,32.784,-117.13805,0.1914150159236062
16130,1131,33.834,-116.797,2.628880140715097
16131,1131,34.05933,-118.64614,-2.079861668376529
16132,1131,33.664,-117.769,-1.5403227387694558
16133,1131,34.106,-117.098,0.3657004401707449
16134,1131,34.38203,-117.67822,-1.027551888383417
16135,1131,34.48364,-118.11783,-0.0287562434531881
16136,1131,34.56065,-117.3296,1.3639935988104457
16137,1132,33.787,-118.356,-0.3686434870986044
16138,1132,34.084,-118.6,-0.9172842791581248
16139,1132,33.943,-118.411,0.594029376330957
16140,1132,34.155,-118.641,-1.1503126164900657
16141,1132,34.14647,-118.76699,-0.2519156166673278
16142,1132,34.68708,-118.29946,-0.8961447626392056
16143,1132,35.1269,-118.83009,-1.0695709259157244
16144,1132,34.2623,-116.92075,0.359739869397144
16145,1132,33.80776,-117.98116,-0.3121278179778526
16146,1132,33.38822,-117.19495,1.2404231281400968
16148,1132,33.4019,-118.41502,1.7307581009570012
16149,1132,34.25353,-118.33383,-1.0880777252610787
16150,1132,33.65,-117.009,1.250310931402608
16151,1132,34.10618,-118.45505,-0.2218110835176265
16153,1132,33.71264,-118.29381,-1.885601915026785
16154,1132,33.1537,-117.22921,0.4399271947402079
16155,1132,34.13677,-118.1283,-0.3830235441156273
16156,1132,33.86889,-118.33143,-0.3009759236094759
16157,1132,34.00033,-118.37794,0.5172219723838956
16158,1132,34.9906,-118.34156,-0.0787125470487806
16159,1132,34.30529,-118.48805,-0.5127704385592939
16160,1132,33.9753,-118.14918,-0.4022432253802576
16161,1132,34.10819,-119.06587,-0.4492333205293461
16162,1132,34.80762,-118.86775,-1.3569222297347192
16163,1132,33.684,-117.943,0.8401146039705277
16164,1132,34.93439,-117.69629,-0.1397232230973219
16165,1132,34.3656,-117.36683,-0.306918778193314
16166,1132,34.22362,-118.05832,0.7872644804308705
16167,1132,34.53412,-120.17737,-0.5654402945816792
16168,1132,34.22869,-118.55829,-0.1351328736234657
16169,1132,33.94539,-117.92372,0.0626984413711072
16170,1132,34.6145,-118.7235,-2.587442833866902
16171,1132,34.1484,-118.1711,-2.494284509851607
16172,1132,34.44199,-118.58215,-0.5318417226456922
16173,1132,33.96273,-118.43702,1.563542794590272
16174,1132,34.1207,-117.63808,-0.1055343599524405
16175,1132,34.281,-118.478,1.8500754607868928
16176,1132,33.74346,-118.40412,-0.400981876145056
16177,1132,34.87533,-116.99684,0.2767822030020206
16178,1132,33.97327,-117.32674,1.324412629566423
16179,1132,34.05073,-118.08085,1.0415002457542686
16180,1132,33.99351,-117.37545,1.356376363365517
16183,1132,32.915,-118.4879,2.223948792396406
16184,1132,33.99543,-119.6351,0.8311527447707477
16185,1132,33.553,-117.662,0.1847043084135675
16187,1132,34.43692,-119.1375,-2.5712489817157325
16188,1132,34.01438,-118.45617,1.0951478329065831
16189,1132,34.27091,-118.74407,-2.369282673051454
16190,1132,33.24787,-119.52437,-0.0306219074158562
16191,1132,34.05933,-118.64614,-0.9782403241668848
16192,1132,33.829,-117.789,-0.2911042977232112
16193,1132,34.30302,-119.18676,0.013905188227118
16194,1132,33.664,-117.769,-0.1416611761249662
16195,1132,33.79033,-118.19878,0.1260290779546545
16196,1132,34.106,-117.098,1.08849950739517
16197,1132,34.38203,-117.67822,1.0974533866972511
16198,1132,34.15607,-118.82039,-0.7057018979627103
16199,1132,34.01919,-118.28631,-0.4188732210035232
16200,1132,34.48364,-118.11783,1.4185856752193255
16201,1132,34.56065,-117.3296,1.334069427178015
16202,1132,34.51085,-119.27407,-0.2244448991587624
16203,1132,34.00948,-117.95077,-0.5065442162149645
16204,1132,34.1717,-118.64971,0.5141767939130916
16238,1134,33.1774,-115.616,-3.0216828803460243
16239,1134,34.04905,-116.94032,-2.9633651331308224
16240,1134,32.68005,-116.67215,0.8345106116218116
16241,1134,34.2623,-116.92075,-0.101010812315654
16242,1134,33.921,-116.981,-0.2758816220739877
16245,1134,34.069,-116.39,-0.46249075391575
16246,1134,33.268,-116.417,1.889502992465431
16248,1134,33.999,-117.68,-1.0340766870602935
16249,1134,33.655,-115.99,-0.0269112795440782
16250,1134,34.63745,-115.38115,-0.2419365339097789
16251,1134,34.25353,-118.33383,-0.7145189428029359
16252,1134,33.93597,-116.57794,0.3456637391005972
16253,1134,33.65,-117.009,1.2821993464389507
16254,1134,33.567,-116.631,0.4121647036172427
16255,1134,32.999,-116.942,3.29679796966674
16256,1134,32.65915,-116.10061,1.4758831026273351
16259,1134,33.11675,-115.82267,0.2022557087994494
16260,1134,33.71264,-118.29381,-2.1171127202137963
16261,1134,33.051,-114.827,-2.0416935925608
16263,1134,33.1537,-117.22921,0.5869845198331637
16264,1134,34.8294,-116.335,-1.9235029718194043
16266,1134,34.36622,-116.61266,0.5315181251595679
16267,1134,34.9906,-118.34156,0.2428173201260972
16268,1134,33.684,-117.943,0.8108122342257189
16269,1134,34.3656,-117.36683,-1.5206973134942248
16271,1134,33.808,-116.968,1.1896166328635116
16272,1134,33.6,-117.195,1.2633132601668016
16273,1134,34.22362,-118.05832,-0.0909752488972302
16274,1134,34.76759,-114.61881,1.5910861853502056
16275,1134,33.556,-115.946,1.1115902144284024
16276,1134,33.94539,-117.92372,0.1464074449343346
16277,1134,32.608,-116.93,1.6099532411935031
16278,1134,34.1207,-117.63808,-0.2974778339410156
16279,1134,33.862,-117.205,-0.0335661808476317
16281,1134,33.354,-116.863,0.2203071403698847
16282,1134,33.7953,-117.60906,-0.9799620653309684
16284,1134,33.824,-116.55,0.4042833822244876
16285,1134,34.09181,-117.80709,-1.7439108626274344
16286,1134,33.63,-116.8478,0.8018192190073349
16287,1134,33.74346,-118.40412,0.0256800806087495
16288,1134,33.97327,-117.32674,0.8242340653860651
16289,1134,33.99351,-117.37545,0.6509526836516465
16290,1134,33.183,-115.623,-1.582216067380642
16291,1134,33.2801,-115.98585,0.3432989624658749
16293,1134,34.232,-117.235,-0.2449231931779053
16294,1134,33.553,-117.662,-0.6540218816747287
16295,1134,32.784,-117.13805,1.0523650047571576
16297,1134,32.9333,-115.7039,-0.747108744664976
16298,1134,32.944,-115.718,-0.5970036458087815
16299,1134,33.834,-116.797,1.5691571206946775
16300,1134,34.05933,-118.64614,-1.7800595305060816
16301,1134,33.829,-117.789,-0.7108299560088457
16302,1134,33.664,-117.769,0.1198982246123317
16303,1134,34.106,-117.098,0.2029223828305203
16304,1134,32.94508,-115.79988,-0.3606352824648144
16305,1134,34.38203,-117.67822,0.1256310100629571
16307,1134,34.48364,-118.11783,0.3354871414025271
16308,1134,34.56065,-117.3296,1.2967650258162118
16309,1134,32.75904,-115.73161,0.4704130888078401
16310,1134,34.00948,-117.95077,-0.2985767474244089
16311,1135,34.3968,-119.299,-0.5602532047154262
16312,1135,34.68708,-118.29946,0.2074224713812065
16313,1135,35.1269,-118.83009,-1.6107330615036883
16314,1135,34.2623,-116.92075,0.2775846955689657
16315,1135,34.23883,-117.65853,0.5757280827615873
16316,1135,34.68224,-118.57398,1.9666902291783188
16317,1135,33.38822,-117.19495,1.017715429256419
16318,1135,35.30819,-119.84583,-0.7177084112039827
16319,1135,36.5504,-117.80295,0.691056851491108
16321,1135,33.4019,-118.41502,-0.3782940869568142
16322,1135,36.43988,-118.08016,2.945082364692461
16323,1135,34.25353,-118.33383,-0.9134717487011718
16324,1135,33.65,-117.009,1.4673854474796957
16325,1135,34.10618,-118.45505,-0.7664757019669486
16326,1135,33.567,-116.631,1.2109675468466536
16328,1135,34.72832,-119.98803,-2.676418845828727
16329,1135,33.71264,-118.29381,-1.3559630917053735
16330,1135,33.1537,-117.22921,0.6342000525814001
16331,1135,35.66278,-118.47403,0.8160452270459885
16332,1135,33.86889,-118.33143,1.136795226286878
16333,1135,34.73551,-120.27996,-0.0615777367947721
16334,1135,34.9906,-118.34156,0.525573205528969
16335,1135,34.30529,-118.48805,0.2730307610084518
16336,1135,34.10819,-119.06587,-0.9620557125229316
16337,1135,34.80762,-118.86775,0.2109799028459858
16338,1135,34.93439,-117.69629,0.3043177941505336
16339,1135,34.3656,-117.36683,-0.8212469292243215
16340,1135,34.005,-117.562,2.241248928985677
16341,1135,34.28085,-118.9049,-1.2525465847174275
16342,1135,34.81258,-119.1453,0.309879354164908
16343,1135,34.88848,-119.81362,-0.5077222734942344
16344,1135,33.6,-117.195,2.101543573808516
16345,1135,34.53412,-120.17737,-0.7495000939087818
16346,1135,33.94539,-117.92372,0.1888715792920194
16347,1135,34.6145,-118.7235,0.4758571857478997
16348,1135,34.44199,-118.58215,-1.236630498105353
16349,1135,34.1207,-117.63808,-0.0962963677862724
16350,1135,35.40773,-120.54556,1.0523473404182204
16351,1135,35.945,-120.542,-1.6027580693702514
16352,1135,34.09181,-117.80709,0.0290308853630618
16353,1135,34.39558,-118.49837,-1.070130296853322
16354,1135,36.30523,-119.24384,0.4298464039563896
16355,1135,34.281,-118.478,0.4447802194075029
16356,1135,34.10473,-117.97956,0.3527524257978921
16357,1135,33.74346,-118.40412,1.402130711108871
16358,1135,34.05073,-118.08085,0.1873747375494274
16359,1135,33.99351,-117.37545,0.9944250683092236
16361,1135,34.44076,-119.71492,-1.530509799655895
16362,1135,33.99543,-119.6351,-0.2435525199147744
16363,1135,34.43692,-119.1375,-1.2739782666392148
16364,1135,34.293,-119.1646,-1.7029156519366917
16365,1135,35.3142,-119.99581,-1.0394881836592142
16366,1135,34.05933,-118.64614,-0.6465939152831721
16368,1135,33.829,-117.789,-0.2219385294480721
16369,1135,34.30302,-119.18676,0.1890153405304966
16370,1135,34.106,-117.098,0.7007662815763294
16371,1135,34.52775,-119.97834,-1.8956360247763424
16372,1135,34.38203,-117.67822,-0.2792820966539401
16374,1135,35.14592,-119.41946,-0.5662557348934398
16375,1135,34.48364,-118.11783,0.5153431907565479
16376,1135,35.84089,-119.08469,-0.1718673064515949
16377,1135,35.53664,-118.14035,-0.6645374297293277
16378,1135,34.51085,-119.27407,-0.9947587833379942
16379,1135,34.00948,-117.95077,0.3904662509907282
16380,1135,34.1717,-118.64971,0.1555537244859357
16397,1137,37.27117,-121.98617,-1.3830375629252365
16398,1137,37.67928,-122.48405,1.4663229287077613
16399,1137,38.03445,-122.27016,-1.116302035620593
16400,1137,37.86059,-122.29327,-0.1067484244993206
16401,1137,37.85835,-122.25252,1.0787546198358888
16402,1137,37.87622,-122.23558,-1.0180944919293835
16403,1137,37.91881,-122.15176,3.105726836545226
16404,1137,37.87352,-122.26099,0.2566314967062295
16405,1137,37.16346,-121.62645,-0.0359353771912519
16406,1137,37.85727,-122.42266,0.8705310288860535
16407,1137,37.45035,-121.80037,-1.91307407831106
16408,1137,37.74766,-121.70843,0.6147447526659943
16409,1137,37.7294,-121.83346,0.3518309885844035
16410,1137,37.85884,-121.99264,-0.5345958840053701
16411,1137,37.91233,-121.90716,0.6771453593820017
16412,1137,38.02691,-122.01599,-1.265313292905608
16413,1137,37.17217,-122.01121,1.7490520409940893
16414,1137,37.51604,-122.45815,1.6687512327583365
16415,1137,37.21427,-122.17168,-0.1583322113020365
16416,1137,37.20631,-121.97726,0.5736187707493009
16417,1137,37.63719,-122.47482,0.5841432080542838
16418,1137,37.2708,-122.21276,-0.3025725446029677
16419,1137,37.19855,-122.34671,1.2020190409903295
16420,1137,37.40372,-122.17596,-1.14998999227628
16421,1137,37.58644,-122.50217,1.0329006329928243
16422,1137,38.30988,-122.943,1.9066215253842576
16423,1137,38.33656,-122.81082,0.9029117199732796
16424,1137,38.28043,-122.21582,-1.5066999982593985
16425,1137,38.16488,-122.71296,0.4738268162535158
16426,1137,38.6694,-122.6332,-0.7699621591401848
16427,1137,38.07601,-122.2585,-0.1361597177603735
20400,1137,38.03455,-120.38651,-0.8197451623194566
20401,1137,37.69782,-123.0011,0.6559282175502589
20402,1137,38.99349,-123.07234,-4.049226355314485
20403,1137,37.34164,-121.64257,-1.7045281505250285
20404,1137,38.87874,-122.44277,-2.06158882341513
20405,1137,37.008,-121.287,-0.4604428021934896
20406,1137,37.91608,-122.33607,-0.6302675840835211
20407,1137,36.76403,-121.44722,-2.6411946202472025
20408,1137,37.81647,-122.06302,-0.9258674154492046
20409,1137,37.94906,-122.40851,0.3779287026274126
20410,1137,37.72416,-122.11929,0.0876902216552276
20411,1137,37.80787,-122.3618,3.918712283562144
20412,1137,37.12043,-122.1552,0.0096823650064016
20413,1137,37.51704,-122.37731,-0.4800993789074795
20414,1137,37.67433,-122.39855,0.7084472545612729
20415,1137,37.16067,-121.89899,1.8399482823916269
20416,1137,38.12282,-122.14921,-0.2260825108667922
20417,1137,37.76021,-122.41524,1.3322090140425833
20418,1137,37.77737,-122.39689,0.2960990371652637
20419,1137,37.75094,-122.49072,-0.5852991509017094
20420,1137,37.76386,-122.4736,0.1919085458863575
20421,1137,37.762,-122.505,0.0981472586330052
20422,1137,37.54187,-122.30471,-1.115302906198234
20423,1137,37.74664,-122.38679,-0.4728383181620383
20424,1137,37.376,-121.84367,-1.653027785018577
20425,1137,37.45098,-122.4287,0.6057305927780368
20426,1137,37.59268,-122.07449,0.2087700219522148
20427,1137,37.71737,-121.72701,-1.8476128289571243
20428,1137,37.91056,-122.53778,1.3796380619199098
20429,1137,37.88767,-122.29916,0.3525897179646466
20430,1137,37.74484,-122.40134,-0.2709777333444717
20431,1137,37.77934,-122.486,-0.5002992543801525
20432,1137,37.81076,-122.29252,-0.5989974544678317
20433,1137,37.8251,-122.27606,-0.3587671076688656
20434,1137,37.7986,-122.2684,-0.6484224156393233
20435,1137,37.41395,-121.87085,-1.1265252643979784
20436,1137,37.6806,-121.92098,-0.8717121365069532
20437,1137,37.34305,-122.33976,1.210913208110875
20438,1137,37.15432,-121.73467,0.721673298764303
20439,1137,37.58225,-122.42006,0.0556262026361294
20440,1137,37.28397,-122.05017,-1.047399494614764
20441,1137,37.65909,-118.97907,2.7633602374681714
20442,1137,38.43951,-122.25272,-0.9650752764511432
20443,1137,38.46769,-122.89651,-0.0516351076944883
20444,1137,38.15486,-121.80438,-0.5139256562084688
20445,1137,38.04248,-122.79684,1.1152243341036687
16428,1138,37.75094,-122.49072,-0.5826426665468523
16429,1138,37.54187,-122.30471,-0.4777369998455845
16430,1138,37.30143,-121.9039,-1.1972921940935235
16431,1138,37.68,-121.739,-1.4146545022101915
16432,1138,37.34655,-121.80774,-1.2061402862296449
16433,1138,37.27117,-121.98617,-1.0296920810898709
16434,1138,37.67928,-122.48405,1.6086658650839916
16435,1138,37.91056,-122.53778,2.08134342253795
16436,1138,38.03445,-122.27016,-0.0046311562718719
16437,1138,37.71633,-122.43117,0.9692303617208552
16438,1138,37.7986,-122.2684,1.0067777152417494
16439,1138,37.6806,-121.92098,-0.4332783142193332
16440,1138,37.86059,-122.29327,-0.7928934313905549
16441,1138,37.85835,-122.25252,0.2097411757995783
16442,1138,37.68873,-121.78351,0.1105114613240923
16443,1138,37.72688,-122.15092,-0.6627360497797998
16444,1138,37.8852,-122.03217,0.497049417155733
16445,1138,37.94215,-121.93047,0.3846457139794618
16446,1138,38.01299,-122.13416,1.6274066173340325
16447,1138,37.66666,-121.85715,-0.5976680419913064
16448,1138,37.95397,-121.86554,-1.281927328273991
16449,1138,37.91881,-122.15176,-0.3903144910985248
16450,1138,37.87352,-122.26099,-0.8779476094311669
16451,1138,37.16346,-121.62645,0.6027376189219065
16452,1138,37.85727,-122.42266,0.8523021458109719
16453,1138,37.45035,-121.80037,-1.4995064055631755
16454,1138,37.74766,-121.70843,1.035447606346273
16455,1138,37.7294,-121.83346,0.4961760303524101
16456,1138,37.73786,-122.06486,0.6212571831884914
16457,1138,37.81041,-121.80272,0.2362214794550421
16458,1138,37.9889,-122.2156,2.1409181720613675
16459,1138,37.94906,-122.40851,0.1360531108604958
16460,1138,37.85884,-121.99264,1.5288694137093344
16461,1138,37.91233,-121.90716,0.749395094298582
16462,1138,38.02691,-122.01599,-0.717314409859563
16463,1138,37.62359,-121.83641,0.1306253325550632
16464,1138,38.34526,-122.4584,-0.5560896649993533
16465,1138,37.80787,-122.3618,0.1047732784010755
16466,1138,37.69782,-123.0011,0.4099388474162448
16467,1138,36.3887,-121.5514,-0.3749675207904305
16468,1138,37.34305,-122.33976,0.9908681775593102
16469,1138,37.31861,-122.15314,-1.0714640364692176
16470,1138,37.17217,-122.01121,1.9937034958061264
16471,1138,37.36045,-122.18986,-0.2133369371030961
16472,1138,37.51604,-122.45815,3.0587755958142644
16473,1138,37.21427,-122.17168,0.5257135892374912
16474,1138,37.20631,-121.97726,0.6225252266695314
16475,1138,37.15432,-121.73467,1.2219308491647296
16476,1138,37.63719,-122.47482,0.5744361411838044
16477,1138,37.2708,-122.21276,-0.4900823212583889
16478,1138,37.79499,-122.4746,-0.6848004618810455
16479,1138,37.19855,-122.34671,1.0727473258825646
16480,1138,37.58225,-122.42006,2.371796951643348
16481,1138,37.40372,-122.17596,-1.4040473446510788
16482,1138,37.58644,-122.50217,0.7920567287092078
16483,1138,37.16067,-121.89899,0.7602213023915533
16484,1138,38.14478,-122.88018,-0.4597143114605746
16485,1138,37.34164,-121.64257,-1.8553912174544984
16486,1138,38.87874,-122.44277,-2.172277316428115
16487,1138,38.43951,-122.25272,-0.3608021324265635
16488,1138,37.92144,-122.71806,0.7689580338770372
16489,1138,38.26021,-122.55179,-1.331911138122001
16490,1138,38.00198,-122.47466,-0.1288561652361173
16491,1138,38.30988,-122.943,1.9115857682784128
16492,1138,38.33656,-122.81082,2.0505607766858427
16493,1138,38.46769,-122.89651,0.0098207339677331
16494,1138,38.28043,-122.21582,-0.3103093155606514
16495,1138,38.04962,-122.52331,0.6909033657690341
16496,1138,38.16488,-122.71296,0.9027082384284802
16497,1138,38.12282,-122.14921,0.1502183010719498
16498,1138,38.07601,-122.2585,0.6751384334896811
16499,1138,38.04248,-122.79684,1.3472981586912482
16500,1138,37.99642,-123.01949,0.5584497365090179
16501,1138,37.92371,-122.59649,1.2262667259099895
16502,1138,38.14361,-122.44969,-1.0413439616308795
16503,1138,38.24039,-122.79842,0.1373127536131329
16504,1138,38.38921,-122.66297,-0.3973833486890238
16505,1138,37.91608,-122.33607,0.2689453960884883
16506,1138,37.28744,-121.86422,-0.0317222201081925
16507,1138,37.62211,-121.75697,-1.2918324085134831
21368,1138,38.03455,-120.38651,-1.4209455629891368
21369,1138,36.68011,-119.02282,1.1092973230363514
21370,1138,38.99349,-123.07234,-3.905626598814663
21371,1138,39.55451,-121.50036,-0.3251494871662252
21372,1138,37.008,-121.287,-0.4235198618195436
21373,1138,35.945,-120.542,-1.7701388779110243
21374,1138,37.81647,-122.06302,1.021592973390414
21375,1138,37.72416,-122.11929,0.160378511900752
21376,1138,37.51704,-122.37731,-1.1086512135863154
21377,1138,37.67433,-122.39855,1.122918497318942
21378,1138,38.233,-122.636,1.1060544695558123
21379,1138,37.76021,-122.41524,0.3663020611815247
21380,1138,37.76386,-122.4736,0.7896074776322797
21381,1138,37.762,-122.505,-0.1759083875009586
21382,1138,37.4748,-122.2392,0.0069190835020722
21383,1138,37.26352,-121.91617,-1.405099011361441
21384,1138,37.31816,-121.94354,-0.7548726498216839
21385,1138,37.59094,-122.36741,-0.0594165471063704
21386,1138,37.74664,-122.38679,-0.7306426126358874
21387,1138,37.376,-121.84367,-1.921801876447044
21388,1138,37.59268,-122.07449,-1.107919565243478
21389,1138,37.71737,-121.72701,-1.2917756335710875
21390,1138,37.74484,-122.40134,-0.7116539114431337
21391,1138,37.81076,-122.29252,-0.6674727320817819
21392,1138,37.8251,-122.27606,-0.6161944170864195
21393,1138,37.41395,-121.87085,-1.5196586945774262
21394,1138,38.29027,-122.46125,-0.5919610892317573
21395,1138,37.37289,-121.76887,-1.6746497723113152
21396,1138,37.12043,-122.1552,1.5899177379985
21397,1138,38.15486,-121.80438,-1.752692832043862
21398,1138,38.20025,-122.4644,-0.6274944350367754
16508,1139,34.68708,-118.29946,-1.576380682111571
16509,1139,35.1269,-118.83009,-2.5036249184273487
16510,1139,33.921,-116.981,-1.4967864257066343
16512,1139,33.268,-116.417,1.5681414135035174
16513,1139,34.68224,-118.57398,-0.1823456132768899
16514,1139,33.38822,-117.19495,2.8927659679008126
16515,1139,35.52495,-117.36453,-0.6258152207424426
16517,1139,33.999,-117.68,-0.3096178381220429
16518,1139,33.4019,-118.41502,1.3400617435070985
16519,1139,34.093,-117.317,0.6600590704917013
16520,1139,33.876,-117.561,1.7677548723128889
16521,1139,33.655,-115.99,-0.9190467745924218
16522,1139,34.25353,-118.33383,-0.652686532891059
16523,1139,33.65,-117.009,2.9941539081211404
16524,1139,34.10618,-118.45505,-1.966677318766104
16525,1139,33.567,-116.631,0.1601943402038066
16526,1139,32.999,-116.942,2.155933901355476
16529,1139,33.71264,-118.29381,-2.842258798761535
16530,1139,34.1,-117.439,1.80978676425492
16531,1139,33.1537,-117.22921,1.048536384196027
16532,1139,35.30177,-116.80574,-0.8969475725469231
16533,1139,34.8294,-116.335,-0.3241228471742453
16534,1139,33.0859,-116.5959,0.1332856091298882
16535,1139,34.36622,-116.61266,0.4118993091515969
16536,1139,34.9906,-118.34156,-0.5557888579129016
16537,1139,34.80762,-118.86775,-1.2002779262918108
16538,1139,33.684,-117.943,0.185940916401508
16539,1139,35.47954,-117.68212,0.7304202471850372
16540,1139,34.3656,-117.36683,-1.2742785642630197
16541,1139,34.005,-117.562,1.5086416618071037
16542,1139,33.6,-117.195,1.7789997036591527
16543,1139,34.22362,-118.05832,0.1619251741024803
16544,1139,33.94539,-117.92372,0.2077847971415105
16545,1139,34.1484,-118.1711,-2.514578215513126
16546,1139,34.1207,-117.63808,-0.6545288621114483
16547,1139,33.862,-117.205,0.6358381013093131
16549,1139,33.354,-116.863,0.2782115162067817
16550,1139,33.7953,-117.60906,-0.6895783455964951
16551,1139,34.09181,-117.80709,-1.5817300021484355
16552,1139,33.63,-116.8478,1.8158685833951005
16553,1139,33.74346,-118.40412,-0.5271060158735328
16554,1139,34.87533,-116.99684,-0.6214801717494374
16555,1139,33.973,-117.327,1.7742777154043292
16556,1139,33.97327,-117.32674,1.427389064690813
16557,1139,33.99351,-117.37545,1.5938312246855446
16559,1139,33.553,-117.662,-0.911441718103834
16561,1139,35.89095,-117.28332,-0.319599249130176
16562,1139,33.834,-116.797,0.9513490041126894
16563,1139,33.829,-117.789,-1.281389543540283
16564,1139,33.664,-117.769,-0.1250197822754581
16565,1139,34.38203,-117.67822,-0.4521529754366537
16567,1139,34.48364,-118.11783,-0.0427918533957351
16568,1140,34.224,-117.331,-1.6979075047441852
16569,1140,34.037,-118.178,0.9246868193014376
16570,1140,34.04905,-116.94032,-3.80201968501061
16571,1140,34.55046,-117.43391,0.1238226384426255
16572,1140,34.68708,-118.29946,0.2683739364325957
16573,1140,35.1269,-118.83009,-0.7468571594905387
16574,1140,32.68005,-116.67215,3.105851001120129
16575,1140,34.2623,-116.92075,-1.0298645664715038
16576,1140,33.921,-116.981,-1.752450251901769
16578,1140,34.23883,-117.65853,0.7098954097497898
16579,1140,34.069,-116.39,-0.2541055892137015
16580,1140,33.268,-116.417,1.0375404437126932
16581,1140,33.80776,-117.98116,-0.1892908917359162
16582,1140,34.68224,-118.57398,1.0813285865000477
16583,1140,33.38822,-117.19495,3.3460517797588007
16584,1140,35.52495,-117.36453,-0.4491036695470374
16586,1140,33.999,-117.68,0.225941371137578
16587,1140,33.4019,-118.41502,1.4686022716208402
16589,1140,34.093,-117.317,0.7385591415516054
16590,1140,33.876,-117.561,1.8490196774654992
16591,1140,34.25353,-118.33383,-0.3501910086759998
16592,1140,33.93597,-116.57794,-0.0170108895472113
16593,1140,33.65,-117.009,2.4590585812788546
16594,1140,34.10618,-118.45505,-1.494831524392565
16595,1140,33.567,-116.631,0.2020849742526994
16596,1140,32.999,-116.942,2.868169781671844
16597,1140,32.65915,-116.10061,0.6836701153893201
16600,1140,33.71264,-118.29381,-3.167730872686512
16601,1140,34.1,-117.439,0.7317247253175808
16602,1140,33.8717,-117.92251,-0.6301906275404024
16603,1140,33.1537,-117.22921,1.365257154220071
16604,1140,35.66278,-118.47403,-0.8933033855399543
16605,1140,33.0859,-116.5959,0.5193742777018135
16606,1140,34.36622,-116.61266,0.3087527804025232
16607,1140,33.7141,-116.7119,0.3088101567371132
16608,1140,33.798,-118.08837,0.2633309669736214
16609,1140,35.13066,-115.18416,-0.7486459208269637
16610,1140,33.9753,-118.14918,-0.4674532195289811
16611,1140,34.80762,-118.86775,-0.8851753809046085
16612,1140,33.684,-117.943,0.122013522561224
16613,1140,34.93439,-117.69629,-3.7282576425851857
16614,1140,35.47954,-117.68212,0.0302620379425509
16615,1140,34.3656,-117.36683,-1.4663364158549357
16616,1140,33.3516,-116.5615,-1.0196293345431675
16618,1140,33.818,-116.369,1.069427036666805
16619,1140,34.005,-117.562,-0.4774598628140694
16620,1140,33.808,-116.968,1.63883530068534
16621,1140,33.6,-117.195,0.8186171090720875
16622,1140,34.22362,-118.05832,0.4822891139567977
16623,1140,33.94539,-117.92372,0.1586825666509241
16624,1140,32.608,-116.93,2.1357961084078374
16625,1140,34.1484,-118.1711,-2.7317391282645263
16626,1140,34.1207,-117.63808,0.3873772957214528
16627,1140,33.862,-117.205,1.3760499910995738
16629,1140,33.354,-116.863,-0.3361503426802137
16630,1140,33.7953,-117.60906,-0.8351768278323504
16632,1140,33.824,-116.55,0.7221768869035676
16633,1140,34.09181,-117.80709,-0.3856270739531575
16634,1140,33.63,-116.8478,1.6203819617479744
16635,1140,34.281,-118.478,1.7233340424863892
16636,1140,33.74346,-118.40412,-0.5768449619042442
16637,1140,34.87533,-116.99684,-0.5833462166465511
16638,1140,34.05073,-118.08085,0.0530687220601266
16639,1140,33.99351,-117.37545,1.4235331786710552
16641,1140,34.232,-117.235,-0.0790262155662293
16642,1140,32.915,-118.4879,0.0698365761282605
16643,1140,33.553,-117.662,-2.211337950867764
16645,1140,33.834,-116.797,0.6831609965875823
16646,1140,34.01438,-118.45617,0.0859064608768264
16647,1140,32.841,-117.248,-0.8303378474954543
16648,1140,34.05933,-118.64614,-1.5262991852375984
16650,1140,33.829,-117.789,-0.5654475209625339
16651,1140,34.30302,-119.18676,-0.0788509860560957
16652,1140,33.664,-117.769,-1.4305884094031376
16653,1140,34.106,-117.098,-0.4848910915228889
16654,1140,34.38203,-117.67822,0.2093030668107015
16656,1140,34.15607,-118.82039,-0.7008822673381135
16658,1140,34.48364,-118.11783,1.058322468403752
16659,1140,35.53664,-118.14035,0.4219111574445625
16660,1140,34.00948,-117.95077,-0.8638910045011552
16806,1145,34.55046,-117.43391,-0.1670670841985034
16807,1145,33.63838,-116.4011,1.3502872405341717
16808,1145,32.68005,-116.67215,0.8097728963875228
16809,1145,34.2623,-116.92075,-1.2669262929472918
16810,1145,33.921,-116.981,-0.5910654650842424
16812,1145,34.23883,-117.65853,-0.750666803444241
16813,1145,34.069,-116.39,1.175934109163363
16814,1145,33.268,-116.417,1.6777868187472766
16815,1145,33.38822,-117.19495,2.313182321705847
16817,1145,33.655,-115.99,0.1988013174342498
16818,1145,33.93597,-116.57794,0.8886571440885555
16819,1145,33.65,-117.009,2.130126546127494
16820,1145,33.567,-116.631,1.245761116176188
16822,1145,33.1537,-117.22921,1.3333151632854128
16823,1145,35.30177,-116.80574,-1.4003095837136912
16824,1145,34.8294,-116.335,-0.3147291027510493
16826,1145,34.9906,-118.34156,0.5400260399177047
16827,1145,34.93439,-117.69629,0.3622717299677122
16828,1145,35.47954,-117.68212,0.6560536743423724
16829,1145,34.3656,-117.36683,-1.636836612421346
16831,1145,34.22362,-118.05832,-0.4254280327845512
16832,1145,34.78035,-116.55798,1.059253120920015
16833,1145,33.94539,-117.92372,-0.655012801661386
16834,1145,34.6145,-118.7235,-2.1658511584342244
16835,1145,34.1484,-118.1711,-2.361327563575624
16836,1145,34.1207,-117.63808,-2.1863806806029573
16837,1145,33.862,-117.205,0.7099601062247446
16839,1145,33.354,-116.863,1.171700519972838
16840,1145,33.7953,-117.60906,-1.59527536185248
16841,1145,33.63,-116.8478,0.7851143860165096
16842,1145,34.87533,-116.99684,-1.9637548478724471
16843,1145,33.97327,-117.32674,0.7983227667612541
16844,1145,33.99351,-117.37545,0.1632739811763731
16845,1145,33.2801,-115.98585,1.156966687445253
16846,1145,34.232,-117.235,-0.3946238553992318
16847,1145,33.553,-117.662,-1.475124078908728
16849,1145,35.89095,-117.28332,-0.1231406525786343
16850,1145,33.834,-116.797,2.320961680398843
16851,1145,33.829,-117.789,-1.3558042379322748
16852,1145,32.94508,-115.79988,0.7602670561910262
16853,1145,34.38203,-117.67822,-0.2054231081908157
16856,1145,35.53664,-118.14035,-0.0286277674758712
16857,1146,34.04905,-116.94032,-4.591698281276457
16858,1146,34.55046,-117.43391,0.3077499190098299
16859,1146,34.68708,-118.29946,-0.793236079650731
16860,1146,35.1269,-118.83009,-1.153576840952015
16861,1146,32.68005,-116.67215,2.570052793050615
16862,1146,34.2623,-116.92075,-0.2575818277609947
16864,1146,34.069,-116.39,-0.0833396148699409
16865,1146,34.68224,-118.57398,1.1809516243233449
16866,1146,33.38822,-117.19495,2.0648962559712154
16868,1146,33.999,-117.68,-2.2283263462898866
16869,1146,33.4019,-118.41502,1.4506521813022002
16871,1146,34.25353,-118.33383,-0.5075259881767542
16872,1146,33.65,-117.009,2.850488274216549
16873,1146,34.10618,-118.45505,-1.1676829005473714
16874,1146,33.567,-116.631,1.5264697227886233
16877,1146,33.71264,-118.29381,-1.4476947957311892
16878,1146,33.1537,-117.22921,1.182441474752568
16879,1146,35.30177,-116.80574,-0.8937785154527254
16880,1146,34.8294,-116.335,0.2935804863338184
16882,1146,35.66278,-118.47403,-1.958149659952246
16883,1146,34.36622,-116.61266,0.7919766523804798
16884,1146,35.13066,-115.18416,0.1388814713339666
16885,1146,34.9906,-118.34156,0.7718109712764892
16886,1146,34.80762,-118.86775,0.0808287684388227
16887,1146,34.93439,-117.69629,-3.0232150034399514
16888,1146,35.47954,-117.68212,0.5995965243143417
16889,1146,34.3656,-117.36683,-0.5923207793531284
16891,1146,34.005,-117.562,0.2995806219924357
16892,1146,33.808,-116.968,0.8115913757420422
16893,1146,33.6,-117.195,1.5936360296142733
16894,1146,34.22362,-118.05832,0.8098307445218131
16895,1146,34.78035,-116.55798,1.434641091433506
16896,1146,33.94539,-117.92372,0.5652692848281387
16897,1146,34.6145,-118.7235,-2.056493659667675
16898,1146,34.1207,-117.63808,-1.2628420100635958
16899,1146,33.862,-117.205,0.2221926495754188
16901,1146,33.354,-116.863,0.7277492459312341
16902,1146,33.7953,-117.60906,-2.055031413671534
16904,1146,34.09181,-117.80709,-1.0204644247533132
16905,1146,33.63,-116.8478,2.212962437932116
16906,1146,33.74346,-118.40412,0.7139272479586363
16907,1146,34.87533,-116.99684,-0.110784629584112
16908,1146,33.97327,-117.32674,0.4386051233643147
16909,1146,34.05073,-118.08085,-0.0808017364739134
16910,1146,33.99351,-117.37545,0.7167145977602821
16912,1146,34.232,-117.235,-0.3266298461028612
16914,1146,35.89095,-117.28332,-0.7136286302003991
16915,1146,33.834,-116.797,1.175646700053555
16916,1146,34.05933,-118.64614,-1.6690144489744485
16917,1146,33.829,-117.789,-0.600161471009869
16918,1146,34.30302,-119.18676,0.179765059399064
16919,1146,33.664,-117.769,-1.83209718658865
16920,1146,34.106,-117.098,-0.158063259888829
16921,1146,34.38203,-117.67822,1.537268179683549
16924,1146,34.48364,-118.11783,0.9814898531213854
16925,1146,34.56065,-117.3296,0.8393272049766703
16926,1146,35.53664,-118.14035,0.0320561228685909
16927,1146,34.00948,-117.95077,0.8189033459638563
17064,1151,33.63838,-116.4011,0.0724703342905053
17065,1151,32.68005,-116.67215,1.0338981407646877
17066,1151,34.2623,-116.92075,-1.2076356827152417
17067,1151,33.921,-116.981,-0.279345716340562
17070,1151,34.069,-116.39,-0.3104553220425057
17072,1151,35.52495,-117.36453,1.0648206410629912
17074,1151,33.655,-115.99,-0.689830559817833
17075,1151,34.63745,-115.38115,0.0728452267867078
17076,1151,33.93597,-116.57794,-0.7681621543082278
17077,1151,33.65,-117.009,0.6987801447524702
17078,1151,34.10618,-118.45505,-0.8554983177653923
17079,1151,33.567,-116.631,0.2594348475114609
17080,1151,33.051,-114.827,0.4592156253699751
17081,1151,33.1537,-117.22921,0.7489340208200713
17082,1151,35.30177,-116.80574,-0.4057274161310423
17083,1151,34.8294,-116.335,-0.7813433589325978
17085,1151,33.0859,-116.5959,0.0482555222779404
17086,1151,34.36622,-116.61266,1.0723235617785578
17087,1151,35.13066,-115.18416,-0.6711547017345726
17088,1151,34.9906,-118.34156,1.021543830035054
17089,1151,34.93439,-117.69629,0.2741221997999045
17090,1151,34.3656,-117.36683,-0.2161839449756652
17092,1151,33.818,-116.369,-0.5640342050507443
17093,1151,36.05799,-117.48901,-0.7860494742442458
17095,1151,34.78035,-116.55798,0.769865346048044
17096,1151,33.94539,-117.92372,0.1962533488968922
17097,1151,34.6145,-118.7235,-1.2451286852843453
17098,1151,34.1484,-118.1711,-1.4695438911620435
17099,1151,33.82436,-116.51195,-0.5326568541373947
17100,1151,34.87533,-116.99684,-0.4298742683900234
17101,1151,33.99351,-117.37545,0.4182028346593605
17102,1151,33.553,-117.662,-1.3075178731435544
17104,1151,35.89095,-117.28332,2.3820308588814
17105,1151,33.834,-116.797,1.199727098581524
17106,1151,34.05933,-118.64614,-0.9080123254506411
17107,1151,33.664,-117.769,-0.8910233725874571
17108,1151,34.106,-117.098,0.6108476283092286
17109,1151,34.38203,-117.67822,0.814342963932813
17111,1151,33.63495,-116.16402,-0.7416765669759349
17113,1151,34.48364,-118.11783,-0.3976679597847625
17114,1151,34.56065,-117.3296,1.3553582688755763
17115,1151,34.00948,-117.95077,4.143188688660039
17116,1152,34.55046,-117.43391,0.4035005479956446
17117,1152,34.68708,-118.29946,0.2141423676698856
17118,1152,34.2623,-116.92075,-0.5825484748736856
17120,1152,34.23883,-117.65853,1.0179219936108006
17121,1152,34.069,-116.39,0.1726375334507372
17122,1152,33.80776,-117.98116,-0.6320162630723927
17123,1152,34.68224,-118.57398,1.2307150397451605
17125,1152,33.38822,-117.19495,2.3481102343011147
17126,1152,35.52495,-117.36453,-0.6695601709010786
17128,1152,33.999,-117.68,-0.933738975342284
17129,1152,33.4019,-118.41502,1.3310370173763555
17130,1152,33.876,-117.561,0.3281611900643239
17131,1152,33.655,-115.99,0.3083843013911941
17132,1152,33.93597,-116.57794,0.1873066067958026
17133,1152,33.65,-117.009,2.574142257263431
17134,1152,34.10618,-118.45505,-1.4380458570473036
17135,1152,33.84822,-118.09624,0.0123484614159287
17136,1152,33.567,-116.631,1.1504562753471606
17137,1152,32.999,-116.942,1.5274724542956517
17138,1152,34.88303,-117.99106,0.7372844982312121
17140,1152,33.71264,-118.29381,-3.5640051269492963
17141,1152,34.1,-117.439,0.7952397641851233
17142,1152,33.8717,-117.92251,-2.283736994012255
17143,1152,33.1537,-117.22921,1.1153361686219414
17144,1152,34.13677,-118.1283,0.5533843051491538
17145,1152,35.30177,-116.80574,-0.859246303965891
17146,1152,34.8294,-116.335,-0.4530544122861756
17147,1152,34.31076,-118.49675,-0.4234043213916774
17148,1152,33.0859,-116.5959,0.5775716484480529
17149,1152,34.36622,-116.61266,1.1089955398453866
17150,1152,34.15037,-118.10156,0.3198233099070517
17151,1152,33.597,-117.879,-2.732242400300486
17152,1152,33.86889,-118.33143,-0.6711194099184888
17153,1152,34.9906,-118.34156,0.5134786059886262
17154,1152,34.30529,-118.48805,-0.5944047895786521
17155,1152,33.9753,-118.14918,-0.6630482145419379
17156,1152,34.80762,-118.86775,-0.5751078840996658
17157,1152,33.684,-117.943,-0.5958509890426266
17158,1152,34.93439,-117.69629,0.922819933229819
17159,1152,35.47954,-117.68212,0.6814450783805837
17160,1152,33.881,-118.176,-0.1537539170997633
17161,1152,34.3656,-117.36683,-1.566061914691044
17162,1152,33.3516,-116.5615,-0.8375077878507096
17164,1152,34.28085,-118.9049,-0.5239443900440485
17165,1152,34.88848,-119.81362,-1.3350879711660897
17166,1152,33.808,-116.968,1.431562552885301
17167,1152,34.22362,-118.05832,1.019767648675778
17168,1152,33.94539,-117.92372,-0.2280202885523703
17169,1152,32.608,-116.93,1.9443006268217613
17170,1152,34.6145,-118.7235,-1.6482741123676732
17171,1152,34.1484,-118.1711,-2.202212109688219
17172,1152,34.44199,-118.58215,-1.7310118784965565
17173,1152,33.96273,-118.43702,-0.6630469870485264
17174,1152,34.1207,-117.63808,0.5679118351585545
17175,1152,33.862,-117.205,0.6761733039721785
17176,1152,33.7953,-117.60906,-0.9420734851339904
17177,1152,34.281,-118.478,1.4127397732951168
17178,1152,34.10473,-117.97956,0.3260711475853248
17179,1152,33.74346,-118.40412,-1.2576217769393616
17180,1152,34.87533,-116.99684,-0.1129696890735689
17181,1152,33.973,-117.327,1.60452557805626
17182,1152,33.97327,-117.32674,0.827402015084878
17183,1152,34.05073,-118.08085,0.8906718197893062
17184,1152,33.99351,-117.37545,2.0134543538794163
17185,1152,33.2801,-115.98585,-0.0354677500162105
17186,1152,34.232,-117.235,-0.3702139081074301
17187,1152,32.915,-118.4879,-0.2442736479456976
17188,1152,33.553,-117.662,-0.9863356104083064
17189,1152,32.784,-117.13805,0.4775883889079002
17191,1152,33.834,-116.797,1.151266537150098
17192,1152,34.01438,-118.45617,-0.3790506367260206
17193,1152,34.05933,-118.64614,-2.022385089872812
17194,1152,33.829,-117.789,-1.4201020382320044
17195,1152,33.664,-117.769,-1.110563783180028
17196,1152,34.106,-117.098,0.4736646082215649
17197,1152,34.38203,-117.67822,-0.1765575465365981
17199,1152,33.63495,-116.16402,0.5750901301640424
17200,1152,34.01919,-118.28631,-1.8530765711100208
17201,1152,34.48364,-118.11783,1.5577053712783273
17202,1152,34.56065,-117.3296,1.0154021408261438
17203,1152,35.53664,-118.14035,0.3485410066891896
17204,1152,34.00948,-117.95077,0.2022221301656248
17205,1152,34.1717,-118.64971,0.8554777426680454
17206,1152,33.94869,-118.25547,0.0646527553398272
17231,1154,34.224,-117.331,-1.6345171316234155
17232,1154,34.04905,-116.94032,-3.941752398459592
17233,1154,34.55046,-117.43391,0.1875192207001714
17234,1154,32.68005,-116.67215,0.818620004217852
17235,1154,34.2623,-116.92075,-0.656580504151843
17236,1154,33.921,-116.981,-0.3709508717388537
17238,1154,34.069,-116.39,-0.5603816309627969
17239,1154,33.268,-116.417,0.7705395665026742
17240,1154,33.38822,-117.19495,1.1488979723663346
17243,1154,34.093,-117.317,0.8499496071914474
17244,1154,33.655,-115.99,-0.0263681209754047
17245,1154,34.63745,-115.38115,0.451662682040959
17246,1154,34.25353,-118.33383,-0.9215192472240208
17247,1154,33.93597,-116.57794,0.2013162100312827
17248,1154,33.65,-117.009,0.9566418478573504
17249,1154,33.567,-116.631,0.2815613448457907
17250,1154,32.999,-116.942,0.6056477529427292
17254,1154,33.11675,-115.82267,1.1575165453181506
17255,1154,33.1537,-117.22921,0.4401975168003236
17256,1154,34.8294,-116.335,-0.8824536522969204
17258,1154,33.0859,-116.5959,-0.0052712513430838
17259,1154,35.98249,-117.80885,0.3211559357972657
17260,1154,34.36622,-116.61266,1.4263323220668604
17261,1154,33.7141,-116.7119,0.6109597867447935
17262,1154,35.13066,-115.18416,1.0144684542432196
17263,1154,34.9906,-118.34156,1.1705784820375014
17264,1154,33.684,-117.943,0.0663351176448132
17265,1154,34.93439,-117.69629,-2.510431019072133
17266,1154,34.3656,-117.36683,-1.8026813981397585
17267,1154,33.3516,-116.5615,-2.212656455268988
17269,1154,33.818,-116.369,0.1419382688269952
17270,1154,33.808,-116.968,-0.8438869616106498
17272,1154,33.6,-117.195,1.1236274838968932
17273,1154,34.22362,-118.05832,0.1903195652274844
17275,1154,32.608,-116.93,0.9135255471284188
17276,1154,34.6145,-118.7235,-1.979273888899758
17277,1154,34.1207,-117.63808,-1.903667086645671
17278,1154,33.862,-117.205,0.2625930544706162
17280,1154,33.354,-116.863,0.3253042837916589
17281,1154,33.7953,-117.60906,-1.055225723316416
17283,1154,33.824,-116.55,0.128735686152896
17284,1154,34.09181,-117.80709,-1.7918569125855286
17285,1154,33.63,-116.8478,0.502835035123692
17286,1154,34.87533,-116.99684,-0.7081398652703509
17287,1154,33.973,-117.327,1.6104143900812398
17288,1154,33.97327,-117.32674,0.9077575386181204
17289,1154,33.99351,-117.37545,0.1673326328306868
17290,1154,33.2801,-115.98585,1.6529489927207075
17292,1154,34.232,-117.235,-0.32793195495505
17293,1154,33.553,-117.662,-1.320806663268554
17294,1154,33.834,-116.797,1.2224030497654088
17295,1154,34.01438,-118.45617,-0.5106323146114982
17296,1154,33.829,-117.789,-1.007087693050789
17297,1154,33.664,-117.769,-0.8923504200419569
17298,1154,34.106,-117.098,1.5958292492055737
17299,1154,34.38203,-117.67822,1.3304622294204538
17301,1154,34.56065,-117.3296,2.027956985362176
17302,1154,32.75904,-115.73161,2.2624174162977058
17303,1154,34.00948,-117.95077,0.0089049882443291
17304,1154,34.1717,-118.64971,1.272257749919001
17307,1156,34.04905,-116.94032,-3.4575851094090218
17308,1156,32.68005,-116.67215,-0.5397332145186519
17309,1156,34.2623,-116.92075,0.1049346175860718
17310,1156,33.921,-116.981,-1.0768708067537056
17313,1156,34.23883,-117.65853,2.008567934783838
17314,1156,34.069,-116.39,-0.6260506859597023
17315,1156,33.268,-116.417,0.2492142342889165
17316,1156,33.38822,-117.19495,-0.1549600285002186
17318,1156,33.655,-115.99,-1.1005033727986837
17319,1156,34.25353,-118.33383,-0.5237717305921655
17320,1156,33.93597,-116.57794,-0.072950900277265
17321,1156,33.65,-117.009,1.0073880591276856
17322,1156,33.567,-116.631,-0.922504714564014
17323,1156,32.999,-116.942,1.4576783055636855
17325,1156,33.11675,-115.82267,-0.0234127860633859
17326,1156,33.1537,-117.22921,-0.7878651343350054
17328,1156,33.0859,-116.5959,-0.5409553371014377
17329,1156,34.36622,-116.61266,0.5784568433043384
17331,1156,33.818,-116.369,1.113905949409488
17332,1156,33.6,-117.195,0.4075451615678798
17333,1156,34.22362,-118.05832,0.8527841992677058
17334,1156,34.76759,-114.61881,0.348161844432556
17335,1156,33.556,-115.946,-0.5129071153187276
17336,1156,33.94539,-117.92372,-0.1087532574768907
17337,1156,32.608,-116.93,1.2617768751509015
17338,1156,34.1207,-117.63808,0.5783424307113004
17339,1156,33.862,-117.205,0.9762845366365256
17341,1156,33.354,-116.863,0.5099004910998504
17342,1156,33.7953,-117.60906,-1.029741909826816
17344,1156,33.824,-116.55,0.0323014128898758
17345,1156,34.09181,-117.80709,-0.0267893468328527
17346,1156,33.63,-116.8478,1.7211507780992925
17347,1156,33.97327,-117.32674,1.9747949867444423
17348,1156,33.99351,-117.37545,2.2997912817751565
17349,1156,33.183,-115.623,-2.194472376383465
17350,1156,33.2801,-115.98585,-0.8846918607614594
17351,1156,33.553,-117.662,-1.9313231688065744
17353,1156,33.834,-116.797,2.6594409347052976
17354,1156,33.664,-117.769,-1.907563738121582
17355,1156,34.106,-117.098,1.0332812517849377
17356,1156,32.94508,-115.79988,-0.2374595523803426
17357,1156,34.38203,-117.67822,0.024902655810957
17442,1160,37.16346,-121.62645,-1.0665320873967894
17443,1160,37.34305,-122.33976,0.9099309319458329
17444,1160,37.04922,-121.80722,0.477541442207417
17445,1160,36.92745,-121.82764,1.6826147577091526
17446,1160,37.36045,-122.18986,0.1971852363744085
17447,1160,37.20631,-121.97726,0.6590385434438097
17448,1160,37.15432,-121.73467,2.3559251503445706
17449,1160,37.28744,-121.86422,-0.4456657247711857
21125,1160,37.91881,-122.15176,-2.183879090369478
21126,1160,37.87352,-122.26099,-2.260328413704563
21127,1160,38.03455,-120.38651,-0.8722620467213722
21128,1160,36.3887,-121.5514,1.1792973034192753
21129,1160,36.68011,-119.02282,2.3861252945454763
21130,1160,38.14478,-122.88018,-1.4336232848425714
21131,1160,37.34164,-121.64257,-3.022427813236692
21132,1160,37.008,-121.287,2.563756608910732
21133,1160,35.945,-120.542,-1.379674713082355
21134,1160,35.63597,-120.86984,-0.2535110966344291
21135,1160,36.76403,-121.44722,0.1284934076869473
21136,1160,37.25898,-121.67311,-1.756116098692479
21137,1160,37.80787,-122.3618,2.9669577879376403
21138,1160,37.12043,-122.1552,1.0155476934866634
21139,1160,37.16067,-121.89899,1.7888010348532524
21140,1160,37.40701,-122.0946,-0.6381164901119882
21141,1160,37.30249,-121.97978,-0.7004571272197666
21142,1160,37.26748,-121.86656,-1.621167159881737
21143,1160,37.26352,-121.91617,-1.748619199894871
21144,1160,37.30143,-121.9039,-1.7484270285582322
21145,1160,37.31816,-121.94354,-0.3226287064461678
21146,1160,37.41702,-121.9154,-1.2363554056684145
21147,1160,37.59094,-122.36741,0.3731950348089001
21148,1160,37.40718,-122.00001,-0.7064664319761124
21149,1160,37.39415,-122.06041,-0.9460872663461138
21150,1160,37.376,-121.84367,-2.3156877862167944
21151,1160,37.27117,-121.98617,-1.2463077322618532
21152,1160,37.67928,-122.48405,2.270484158979303
21153,1160,37.71633,-122.43117,2.2585362460004355
21154,1160,37.37418,-122.0781,-1.1930523597793583
21155,1160,37.23294,-121.77186,-1.527843374542013
21156,1160,37.28537,-121.93602,-1.4947349218293131
21160,1160,37.85727,-122.42266,1.6292886544652685
21161,1160,37.45035,-121.80037,-2.770040640953156
21162,1160,37.7294,-121.83346,-1.6093456809760145
21163,1160,37.37289,-121.76887,-1.4316617971846293
21164,1160,37.73786,-122.06486,0.1747778833633668
21165,1160,37.81041,-121.80272,-1.777145389872964
21166,1160,37.85884,-121.99264,-0.6411213470217655
21167,1160,37.91233,-121.90716,-2.2552050155643566
21170,1160,37.31861,-122.15314,-0.8342604861573053
21171,1160,37.17217,-122.01121,0.2717903505274227
21172,1160,37.51604,-122.45815,1.5078015883653657
21173,1160,37.21427,-122.17168,0.7268381666687713
21174,1160,37.63719,-122.47482,0.4908782720014598
21175,1160,37.2708,-122.21276,0.2613996994865961
21176,1160,37.79499,-122.4746,0.2058107035608168
21177,1160,37.19855,-122.34671,1.0472649602206
21178,1160,37.58225,-122.42006,0.4668832927872152
21179,1160,37.40372,-122.17596,-0.2975495889681723
21180,1160,37.58644,-122.50217,0.2424571811096638
21181,1160,37.6444,-118.89683,2.237195265724253
21182,1160,37.65909,-118.97907,2.0456314463407783
21183,1160,38.00198,-122.47466,0.7303174415449097
21184,1160,38.30988,-122.943,1.9440121627578144
21185,1160,38.33656,-122.81082,1.1893792209744185
21186,1160,38.16488,-122.71296,1.2352001292554224
21187,1160,37.92371,-122.59649,1.2366213571524998
21189,1160,35.40773,-120.54556,4.469546665409485
21191,1160,36.2159,-120.80126,-1.979973146017568
17450,1161,36.61809,-121.31468,3.797185762707589
17451,1161,36.82681,-121.64349,0.3385732453653809
17452,1161,37.15432,-121.73467,1.4445374197094862
17453,1161,37.2708,-122.21276,0.1703918578458721
17454,1161,37.19855,-122.34671,1.8085414728520728
17455,1161,37.008,-121.287,-0.3317852858481728
17456,1161,35.63597,-120.86984,-1.169804456446607
17457,1161,36.76403,-121.44722,1.057546072641827
17458,1161,37.28744,-121.86422,0.1449376638032726
20157,1161,37.91881,-122.15176,-2.867731451863872
20158,1161,37.87352,-122.26099,-3.238600175463507
20159,1161,38.03455,-120.38651,-1.0995152989618169
20160,1161,37.34164,-121.64257,-2.592073635110502
20161,1161,35.945,-120.542,-1.7167910330878704
20162,1161,37.12043,-122.1552,2.25963111923714
20163,1161,37.31816,-121.94354,0.9186553684143842
20164,1161,37.39415,-122.06041,-0.303148193076219
20165,1161,37.27117,-121.98617,-0.4314449913646742
20166,1161,37.45098,-122.4287,0.1912796476505464
20167,1161,37.91056,-122.53778,1.7347735750357816
20168,1161,37.71633,-122.43117,3.811960432632431
20169,1161,37.41395,-121.87085,-0.800220905069808
20170,1161,37.23294,-121.77186,0.3501041377936933
20171,1161,37.28537,-121.93602,-0.1031673355071265
20172,1161,36.88311,-121.3908,1.1918071109187556
20173,1161,37.16346,-121.62645,-0.6737428192109451
20174,1161,37.85727,-122.42266,1.1140922214721287
20175,1161,37.45035,-121.80037,-1.8481858842946777
20176,1161,37.7294,-121.83346,-1.3348304181858144
20177,1161,37.37289,-121.76887,-1.5324541369156714
20178,1161,37.73786,-122.06486,0.1942413709343027
20179,1161,37.0254,-121.4845,0.0969994326397546
20180,1161,37.34305,-122.33976,1.5153189251420975
20181,1161,37.17217,-122.01121,1.5573342813558255
20182,1161,37.04922,-121.80722,-0.4520157423636752
20183,1161,36.92745,-121.82764,0.4345807173755781
20184,1161,37.36045,-122.18986,-0.374293705482966
20185,1161,37.51604,-122.45815,0.6825760133028504
20186,1161,37.21427,-122.17168,0.6143429455855445
20187,1161,37.20631,-121.97726,0.6354766188886584
20188,1161,37.40372,-122.17596,-0.3763838007219179
20189,1161,37.16067,-121.89899,0.5498591837470077
20190,1161,37.6444,-118.89683,0.921421717078702
20191,1161,37.65909,-118.97907,1.162103614405145
20192,1161,35.73065,-120.24986,-2.4906877622860546
20193,1161,35.82404,-121.05393,0.6399608134399398
20194,1161,36.2159,-120.80126,-3.786878768916471
20195,1161,36.0688,-120.59618,-2.247679243632151
17475,1163,34.55046,-117.43391,0.1993533273725165
17476,1163,32.68005,-116.67215,0.3770654848185851
17477,1163,34.2623,-116.92075,-0.6617295797361737
17478,1163,33.921,-116.981,-1.0145596981993308
17480,1163,34.069,-116.39,-0.6767474420217267
17482,1163,33.268,-116.417,1.766995821905255
17483,1163,33.38822,-117.19495,1.3537892668460847
17484,1163,35.52495,-117.36453,-0.2943079569516985
17487,1163,33.655,-115.99,-1.8067237534613023
17488,1163,34.25353,-118.33383,-0.7895340206765129
17489,1163,33.93597,-116.57794,-0.1844491109422002
17490,1163,33.65,-117.009,2.1252779287685644
17491,1163,32.999,-116.942,1.515168902408712
17494,1163,33.11675,-115.82267,0.0855472808663091
17495,1163,33.051,-114.827,-2.281612882803183
17497,1163,33.1537,-117.22921,1.0225653769703078
17498,1163,35.30177,-116.80574,-1.3946860458887371
17499,1163,34.8294,-116.335,-1.4840985622176996
17500,1163,33.0859,-116.5959,0.3214900448726637
17501,1163,34.36622,-116.61266,0.4234784579057075
17502,1163,35.13066,-115.18416,0.1294717694054958
17503,1163,34.9906,-118.34156,0.051689698588752
17504,1163,34.93439,-117.69629,-4.899671947613896
17505,1163,35.47954,-117.68212,0.1266132385579528
17506,1163,33.3516,-116.5615,-2.2318686582599314
17508,1163,33.818,-116.369,-0.5365200423755718
17509,1163,33.808,-116.968,0.6130532735099264
17510,1163,33.6,-117.195,1.5623568697351062
17511,1163,34.22362,-118.05832,0.5674409917781101
17512,1163,33.556,-115.946,-1.3732660353461137
17513,1163,33.94539,-117.92372,-0.2001501928987512
17515,1163,33.354,-116.863,0.3497027132775498
17516,1163,33.7953,-117.60906,-0.2950456466478618
17518,1163,33.824,-116.55,1.1481180018860633
17519,1163,33.63,-116.8478,0.6261027670842547
17520,1163,34.87533,-116.99684,-0.929506255737498
17521,1163,33.973,-117.327,1.7271225995457522
17522,1163,33.97327,-117.32674,1.2355059373953223
17523,1163,33.99351,-117.37545,1.756261732646034
17524,1163,33.2801,-115.98585,0.8684843390352965
17525,1163,34.232,-117.235,0.2267412761886141
17526,1163,33.553,-117.662,-0.3396311265778196
17528,1163,35.89095,-117.28332,0.9950282799848494
17529,1163,33.834,-116.797,1.8330745894115168
17530,1163,33.829,-117.789,-0.2545209683967676
17531,1163,33.664,-117.769,-0.554894781125247
17532,1163,34.106,-117.098,0.3769153227667318
17533,1163,34.38203,-117.67822,-0.2935308412425147
17535,1163,34.56065,-117.3296,1.2151088959989644
17553,1166,34.14647,-118.76699,-0.4859541957720709
17554,1166,34.68708,-118.29946,-1.0949592868539315
17555,1166,34.23883,-117.65853,0.1105882046940961
17556,1166,34.68224,-118.57398,0.2443078194872359
17559,1166,33.4019,-118.41502,2.4480427291173887
17560,1166,34.25353,-118.33383,0.4295187050634753
17561,1166,34.10618,-118.45505,0.2801159634974285
17562,1166,33.567,-116.631,1.2730632066710068
17564,1166,34.72832,-119.98803,-1.0209784051790831
17565,1166,33.71264,-118.29381,-1.0623182633423456
17566,1166,33.86889,-118.33143,0.7928262199638323
17567,1166,34.00033,-118.37794,0.1967718898224731
17568,1166,34.9906,-118.34156,-0.156837319396071
17569,1166,34.30529,-118.48805,-1.2790924762482376
17570,1166,34.80762,-118.86775,-1.468883481310434
17571,1166,34.93439,-117.69629,-0.0744798175330303
17572,1166,34.28085,-118.9049,0.5028102847759561
17573,1166,34.81258,-119.1453,-1.8230262440465907
17574,1166,34.22362,-118.05832,0.921405201184582
17575,1166,34.22869,-118.55829,-0.3435808662448165
17576,1166,33.94539,-117.92372,0.1901310057474237
17577,1166,34.6145,-118.7235,-3.465156220017088
17578,1166,34.1484,-118.1711,-2.424607583241975
17579,1166,34.44199,-118.58215,-0.5651648969584467
17580,1166,33.96273,-118.43702,0.5817924861058602
17581,1166,33.7953,-117.60906,0.1987934063913663
17582,1166,33.63,-116.8478,1.3880108369739768
17583,1166,34.281,-118.478,1.2028718279491548
17584,1166,33.74346,-118.40412,1.3261519103357535
17585,1166,33.99351,-117.37545,1.1426034074293974
17586,1166,33.99543,-119.6351,-0.0244332474706039
17587,1166,34.01438,-118.45617,0.2383371428566378
17588,1166,34.05933,-118.64614,-0.6447763436070563
17589,1166,33.829,-117.789,0.2593352869715613
17590,1166,34.30302,-119.18676,0.4777040536706626
17591,1166,34.106,-117.098,0.8843610902997
17592,1166,34.38203,-117.67822,-0.0184376240961064
17593,1166,34.08377,-118.599,-0.4141093370820938
17595,1166,34.15607,-118.82039,1.786125303769446
17596,1166,34.01919,-118.28631,-0.556892291687762
17597,1166,34.48364,-118.11783,0.372289030660799
17598,1166,34.51085,-119.27407,-0.881817936951117
17599,1166,34.1717,-118.64971,1.139269456389948
17702,1170,37.76021,-122.41524,2.4084200493861228
17703,1170,37.762,-122.505,1.0957028824239414
17704,1170,37.67928,-122.48405,2.230897683581697
17705,1170,37.91056,-122.53778,1.806582182080626
17706,1170,37.88767,-122.29916,0.7581691304992877
17707,1170,38.03445,-122.27016,0.3104817890727783
17708,1170,37.74484,-122.40134,0.3707844631837748
17709,1170,37.7986,-122.2684,0.2741425539549311
17710,1170,37.86059,-122.29327,1.2238459065879097
17711,1170,37.85835,-122.25252,1.4091623731487593
17712,1170,38.01299,-122.13416,0.768873395527965
17713,1170,37.87622,-122.23558,-2.5463376357108443
17715,1170,37.87352,-122.26099,0.0673525149390368
17716,1170,37.85727,-122.42266,0.7314515665896495
17717,1170,37.73786,-122.06486,0.0855120249970986
17718,1170,37.81041,-121.80272,-1.0446769382468304
17719,1170,37.85884,-121.99264,-0.1288434164269692
17720,1170,37.91233,-121.90716,-1.0628494716560155
17721,1170,38.02691,-122.01599,-0.7911056603229699
17722,1170,38.34526,-122.4584,-1.238928477061726
17723,1170,37.34305,-122.33976,1.011395391249816
17724,1170,37.36045,-122.18986,0.7739433957275399
17725,1170,37.21427,-122.17168,0.4241962594061733
17726,1170,37.20631,-121.97726,1.2241852016931605
17727,1170,37.63719,-122.47482,1.5339016425141936
17728,1170,37.79499,-122.4746,1.4914457449445224
17729,1170,37.58225,-122.42006,1.4193306686148737
17730,1170,37.40372,-122.17596,-0.9777614876760804
17731,1170,38.00198,-122.47466,1.0146723630202947
17732,1170,38.16488,-122.71296,1.470909019178131
17733,1170,38.07601,-122.2585,0.2437146119213936
17734,1170,38.04248,-122.79684,2.3217351963663706
17735,1170,37.92371,-122.59649,0.8554904603452974
17736,1170,38.24039,-122.79842,1.0433330922135282
17737,1170,37.91608,-122.33607,1.8011252660541768
19957,1170,38.03455,-120.38651,-1.3112944166529734
19958,1170,37.69782,-123.0011,0.8007330768145667
19959,1170,36.3887,-121.5514,-0.5074983080539409
19960,1170,38.14478,-122.88018,-0.5581369871133207
19961,1170,37.34164,-121.64257,-1.7353897388759367
19962,1170,38.87874,-122.44277,-4.40655719943695
19963,1170,37.28744,-121.86422,-0.2196196108197575
19964,1170,37.81647,-122.06302,-1.5937370641417483
19965,1170,37.9889,-122.2156,-0.0966024802939926
19966,1170,37.94906,-122.40851,1.0993935071142324
19967,1170,37.72416,-122.11929,-1.478694425080305
19968,1170,37.80787,-122.3618,3.8784164781382895
19969,1170,37.12043,-122.1552,0.7686447107986354
19970,1170,37.67433,-122.39855,1.4703151802582803
19971,1170,37.16067,-121.89899,2.0772588745546554
19972,1170,37.92144,-122.71806,0.9754598614502624
19973,1170,38.04962,-122.52331,0.7395096177850445
19974,1170,38.20025,-122.4644,-0.4209325428483021
19975,1170,38.233,-122.636,1.1827852470598992
19976,1170,37.77737,-122.39689,0.5375737494442976
19977,1170,37.76386,-122.4736,0.6794953339491802
19978,1170,37.40701,-122.0946,-1.072792518965636
19979,1170,37.68,-121.739,-3.2753053654629385
19980,1170,37.59094,-122.36741,-1.3203487740010218
19981,1170,37.74766,-122.42528,0.5068689550204549
19982,1170,37.40718,-122.00001,0.04378762301668
19983,1170,37.74664,-122.38679,-0.0991190224873511
19984,1170,37.39415,-122.06041,-0.8881440898733965
19985,1170,37.376,-121.84367,-1.5136828304930183
19986,1170,37.27117,-121.98617,-1.074768097291607
19987,1170,37.45098,-122.4287,0.2182845795049927
19988,1170,37.59268,-122.07449,-1.2119131385205486
19989,1170,37.71737,-121.72701,-3.664122323525207
19990,1170,37.77934,-122.486,-0.295578059216901
19991,1170,37.71633,-122.43117,0.5862287130444227
19992,1170,37.81076,-122.29252,-0.3331251910261998
19993,1170,37.8251,-122.27606,-0.0074397785237085
19994,1170,37.72416,-122.44841,-0.1133595146411264
19995,1170,38.29027,-122.46125,-1.1851644899174925
19996,1170,37.37418,-122.0781,-1.306373162490058
19997,1170,37.69169,-122.16982,-1.0205805828563843
19998,1170,37.68873,-121.78351,-2.871363474326944
19999,1170,37.72688,-122.15092,0.2524654663265634
20000,1170,37.8852,-122.03217,-1.2966873261220255
20001,1170,37.94215,-121.93047,-0.361989369562668
20002,1170,37.16346,-121.62645,0.1636192713562427
20003,1170,37.45035,-121.80037,-2.130784479677159
20004,1170,37.74766,-121.70843,-0.9175296169009756
20005,1170,37.7294,-121.83346,-2.4255084156698783
20006,1170,37.37289,-121.76887,-1.5216959809047894
20007,1170,37.31861,-122.15314,0.372874003623755
20008,1170,37.17217,-122.01121,1.5442272036361435
20009,1170,37.04922,-121.80722,-0.3811214353039924
20010,1170,36.92745,-121.82764,-0.4276902623401594
20011,1170,37.51604,-122.45815,1.415832149767777
20012,1170,37.15432,-121.73467,0.463118000408179
20013,1170,37.2708,-122.21276,0.3961459333324726
20014,1170,37.19855,-122.34671,1.597402105384882
20015,1170,37.58644,-122.50217,0.8174936489918221
20016,1170,38.43951,-122.25272,-1.9123545168035
20017,1170,38.26021,-122.55179,-1.290576498697728
20018,1170,38.30988,-122.943,4.1180409472231405
20019,1170,38.33656,-122.81082,2.2318020753130425
20020,1170,38.46769,-122.89651,0.774328744357985
20021,1170,38.28043,-122.21582,-0.9351735078369268
20022,1170,38.15486,-121.80438,-2.4765614910878666
20023,1170,37.99642,-123.01949,0.7986678839420938
20024,1170,38.14361,-122.44969,-2.553182183727135
20025,1170,38.38921,-122.66297,-0.8672965762378697
17890,1178,34.68708,-118.29946,-0.0510612950588195
17891,1178,35.1269,-118.83009,-2.192149304155934
17892,1178,34.2623,-116.92075,0.966675693964838
17893,1178,34.94009,-119.41313,0.034510068286718
17896,1178,34.23883,-117.65853,-0.5356402099636468
17897,1178,34.069,-116.39,0.2772110783011568
17899,1178,34.68224,-118.57398,-0.014389922652742
17900,1178,35.30819,-119.84583,0.5866502001061926
17901,1178,35.52495,-117.36453,0.8577703114649287
17902,1178,36.5504,-117.80295,-1.337029788589687
17905,1178,38.03455,-120.38651,1.8494227352228865
17906,1178,36.43988,-118.08016,-0.2424792489294351
17907,1178,34.25353,-118.33383,0.0150012527867419
17909,1178,34.10618,-118.45505,-1.385558424246036
17912,1178,34.72832,-119.98803,-0.7503532211011743
17917,1178,35.30177,-116.80574,-1.0405431177597122
17918,1178,34.8294,-116.335,0.2457368519154419
17919,1178,35.66278,-118.47403,-1.4129615543475926
17921,1178,35.98249,-117.80885,1.7319191421067583
17922,1178,34.36622,-116.61266,0.8282543670465482
17923,1178,35.13066,-115.18416,-0.09256050919508
17924,1178,34.9906,-118.34156,0.0878512707113376
17925,1178,34.80762,-118.86775,-1.425621094198143
17926,1178,35.47954,-117.68212,0.7846552467705533
17928,1178,37.63227,-119.07935,1.8416413442663315
17930,1178,37.63019,-118.83605,-0.4214332655855
17932,1178,34.28085,-118.9049,0.0125518239039082
17933,1178,36.05799,-117.48901,-0.7643556304198819
17934,1178,34.88848,-119.81362,-0.333973372493038
17935,1178,34.039,-116.648,2.717171363504145
17938,1178,34.22362,-118.05832,0.5299858653773262
17939,1178,34.78035,-116.55798,0.0070165360300055
17940,1178,34.53412,-120.17737,-0.0834690377645233
17941,1178,33.94539,-117.92372,1.49494570934665
17943,1178,34.6145,-118.7235,-2.426563685513695
17944,1178,36.38562,-117.85973,-1.876978876713284
17945,1178,35.40773,-120.54556,1.0432490872565443
17947,1178,33.7953,-117.60906,0.6497359469464875
17949,1178,34.09181,-117.80709,-0.5529495306508324
17951,1178,34.87533,-116.99684,-0.0453554741092331
17952,1178,33.99351,-117.37545,-0.8849643102393231
17955,1178,34.44076,-119.71492,0.0023742023117942
17957,1178,34.43692,-119.1375,-1.2482748307206812
17958,1178,35.8996,-116.27515,0.2943807613333473
17959,1178,35.89095,-117.28332,-0.2621113221223128
17961,1178,35.3142,-119.99581,0.2129222915281046
17963,1178,35.01108,-120.40997,-0.4749386051645355
17964,1178,34.035,-116.808,0.4631473978490847
17965,1178,34.05933,-118.64614,-1.0783596685637136
17967,1178,33.829,-117.789,1.7424125451017016
17968,1178,34.30302,-119.18676,0.0772360125728322
17970,1178,34.106,-117.098,1.880929674857617
17971,1178,34.52775,-119.97834,0.6606710794785211
17972,1178,34.38203,-117.67822,1.0838531336697974
17973,1178,35.14592,-119.41946,0.0496363581247066
17974,1178,37.05422,-118.23009,-0.4537943949678241
17977,1178,34.48364,-118.11783,0.533789263335368
17978,1178,35.84089,-119.08469,-0.1651463060054447
17979,1178,35.53664,-118.14035,0.9870347999977964
17980,1178,34.51085,-119.27407,-2.131468065856668
17982,1178,36.601,-118.06,0.5325466594659842
17983,1178,36.279,-118.007,0.2104585910480364
18051,1186,35.263,-119.815,2.868226941331438
18052,1186,34.55046,-117.43391,-0.3402228425691494
18053,1186,34.68708,-118.29946,-1.5460726214851477
18054,1186,35.1269,-118.83009,-0.5836065374026456
18055,1186,35.34444,-119.10445,0.7860460662076635
18056,1186,34.2623,-116.92075,0.3535373853840064
18057,1186,33.921,-116.981,-0.0013758975208797
18059,1186,34.94009,-119.41313,0.3446891418873664
18061,1186,34.23883,-117.65853,-1.24113275303974
18062,1186,34.069,-116.39,-0.3416259118237448
18064,1186,34.68224,-118.57398,-0.0779177908341216
18066,1186,35.30819,-119.84583,0.8008559977371448
18067,1186,35.52495,-117.36453,0.1736190827218711
18068,1186,36.5504,-117.80295,-0.5739727706283086
18069,1186,33.999,-117.68,-0.1737049909599744
18072,1186,38.03455,-120.38651,1.334878541434709
18074,1186,36.43988,-118.08016,1.2044144119217548
18075,1186,34.63745,-115.38115,0.5213389335189195
18076,1186,34.25353,-118.33383,-0.315338762307698
18077,1186,33.93597,-116.57794,0.271070981732814
18078,1186,34.10618,-118.45505,-1.400101984432626
18082,1186,34.094,-116.936,0.2212450404023018
18083,1186,34.72832,-119.98803,-0.2077140387366021
18084,1186,36.46719,-116.86322,0.0626159687646197
18088,1186,36.99608,-117.36621,0.059166796704975
18089,1186,35.30177,-116.80574,-1.4593882988477995
18090,1186,34.8294,-116.335,-0.3780237836429861
18091,1186,35.66278,-118.47403,-1.2231897763174662
18092,1186,35.98249,-117.80885,0.7273982400034733
18093,1186,34.36622,-116.61266,0.0139171643398449
18094,1186,34.73551,-120.27996,2.2610083412563347
18095,1186,35.13066,-115.18416,0.3386406233375853
18096,1186,34.9906,-118.34156,-0.0633175284572756
18097,1186,34.30529,-118.48805,0.0307217540466416
18098,1186,34.10819,-119.06587,-0.6034926678565754
18099,1186,34.80762,-118.86775,0.0109067008111217
18100,1186,34.93439,-117.69629,-1.649428404417606
18101,1186,35.47954,-117.68212,-0.148264603329748
18103,1186,37.63227,-119.07935,1.4359894153362247
18105,1186,37.63019,-118.83605,-0.2450882058090458
18106,1186,34.005,-117.562,0.2053234267121221
18107,1186,34.28085,-118.9049,0.5545812617010409
18108,1186,34.81258,-119.1453,-1.411549616396142
18109,1186,36.05799,-117.48901,-1.4949798698109806
18110,1186,34.88848,-119.81362,0.3270480159236095
18111,1186,34.039,-116.648,1.861559961503239
18112,1186,33.808,-116.968,0.5864080985484826
18115,1186,34.22362,-118.05832,-0.0177862520558539
18116,1186,34.78035,-116.55798,-0.7894760976753105
18117,1186,34.53412,-120.17737,0.7204031061877829
18118,1186,34.6145,-118.7235,-0.805954949782956
18119,1186,34.44199,-118.58215,-0.3849045654855267
18121,1186,34.1207,-117.63808,-1.233974750780838
18123,1186,35.40773,-120.54556,0.959162775877756
18127,1186,34.09181,-117.80709,-0.8593531854660543
18128,1186,36.30523,-119.24384,-0.3353201977616473
18130,1186,34.10473,-117.97956,-0.0070138086319543
18131,1186,33.74346,-118.40412,-0.229159850854437
18132,1186,34.87533,-116.99684,-0.2859509372702905
18133,1186,33.99351,-117.37545,-1.2708101235573643
18136,1186,34.44076,-119.71492,0.8230982358949821
18137,1186,34.232,-117.235,-0.621713608695496
18139,1186,34.43692,-119.1375,-1.0555666482909605
18140,1186,35.8996,-116.27515,0.2223545186425377
18141,1186,35.89095,-117.28332,-0.6406271731103846
18142,1186,35.3142,-119.99581,-0.1125743054457197
18143,1186,34.035,-116.808,-0.2988393857147566
18144,1186,34.05933,-118.64614,-0.9223309947993706
18146,1186,33.829,-117.789,-0.1179900216755363
18147,1186,34.30302,-119.18676,0.2773846661156672
18149,1186,34.106,-117.098,0.8048231560100723
18150,1186,34.52775,-119.97834,1.4603391015575429
18151,1186,34.38203,-117.67822,-0.1669598633671375
18153,1186,35.14592,-119.41946,0.8472677733449502
18154,1186,37.05422,-118.23009,-0.8979162917506484
18156,1186,34.48364,-118.11783,-0.0877648348120822
18157,1186,35.84089,-119.08469,0.5253328436655342
18158,1186,35.53664,-118.14035,0.8431562973615714
18159,1186,34.51085,-119.27407,-1.504303202526872
18160,1186,34.00948,-117.95077,0.3421637209487354
18162,1186,36.80179,-118.20398,-0.4343787896060055
18164,1186,36.601,-118.06,0.6247128980884779
18165,1186,36.279,-118.007,0.8544946189425728
18239,1190,35.1269,-118.83009,-1.0369640801828754
18240,1190,35.34444,-119.10445,1.724729787691207
18241,1190,34.2623,-116.92075,0.1862511517861566
18242,1190,34.94009,-119.41313,1.3231604271370443
18243,1190,34.68224,-118.57398,-0.1658526971879256
18244,1190,35.30819,-119.84583,1.7739802303686265
18245,1190,35.52495,-117.36453,-0.4183780066847321
18246,1190,36.5504,-117.80295,-1.779252659516365
18248,1190,38.03455,-120.38651,2.398215584866449
18249,1190,34.25353,-118.33383,-0.7454569963395403
18253,1190,36.46719,-116.86322,-1.0607269130708952
18256,1190,36.99608,-117.36621,-1.774638249750334
18257,1190,35.30177,-116.80574,-1.4270544014703803
18258,1190,34.8294,-116.335,-0.008495729856803
18259,1190,35.66278,-118.47403,-1.051823676778383
18260,1190,35.98249,-117.80885,0.3460168544059827
18261,1190,34.36622,-116.61266,0.3470496271536068
18262,1190,34.73551,-120.27996,1.719832118381151
18263,1190,35.13066,-115.18416,-1.057149604991153
18264,1190,34.9906,-118.34156,-0.7663016131871542
18265,1190,34.80762,-118.86775,-0.6983055168402759
18266,1190,37.63227,-119.07935,1.1722642521403517
18267,1190,37.63019,-118.83605,0.8171431812936407
18268,1190,36.05799,-117.48901,-1.7382134596249303
18269,1190,34.88848,-119.81362,0.7724898727960332
18270,1190,34.039,-116.648,2.199731028791846
18271,1190,34.78035,-116.55798,-0.6070482954506138
18272,1190,34.53412,-120.17737,0.7553243132250792
18274,1190,34.6145,-118.7235,-1.8726947031657128
18275,1190,35.40773,-120.54556,2.2708141658155485
18276,1190,33.7953,-117.60906,0.3164075382854764
18277,1190,34.09181,-117.80709,-1.1469077362554592
18278,1190,36.30523,-119.24384,0.6498948646252628
18279,1190,34.87533,-116.99684,-0.9071544382197164
18281,1190,34.44076,-119.71492,0.5046449651109192
18282,1190,35.8996,-116.27515,-0.943101504539504
18283,1190,35.89095,-117.28332,-0.9221412046376376
18284,1190,35.3142,-119.99581,0.2652120619488713
18285,1190,34.035,-116.808,0.1182566782598288
18288,1190,34.52775,-119.97834,1.4223748925101605
18290,1190,35.14592,-119.41946,0.9834730451222958
18291,1190,37.05422,-118.23009,-0.1181051023741949
18293,1190,34.48364,-118.11783,-0.2195890578730762
18294,1190,35.84089,-119.08469,1.01573080337664
18295,1190,35.53664,-118.14035,0.6804274427307022
18296,1190,34.51085,-119.27407,-1.107626076778058
18298,1190,36.80179,-118.20398,0.2529452400898791
18299,1190,36.601,-118.06,-0.4255870460998827
18300,1190,36.279,-118.007,-0.0640084674604065
18565,1215,37.68,-121.739,0.2689595636234644
18566,1215,37.41702,-121.9154,-0.8039370057479863
18567,1215,37.59094,-122.36741,0.6079698174591833
18568,1215,37.34655,-121.80774,-1.3240055523317429
18569,1215,37.40718,-122.00001,1.1993764684663184
18570,1215,37.39415,-122.06041,0.2770930206592499
18571,1215,37.376,-121.84367,-2.1677547901761223
18572,1215,37.71737,-121.72701,-0.5209184367305905
18573,1215,37.67928,-122.48405,2.8214371013938067
18574,1215,37.41395,-121.87085,-1.2847953550529962
18575,1215,37.85835,-122.25252,0.3319535880057123
18576,1215,37.36408,-122.01817,-0.394880407073014
18577,1215,37.28537,-121.93602,-0.8834110395980703
18578,1215,37.35834,-121.97775,-0.2897841928716405
18579,1215,37.91881,-122.15176,-1.4316763385056297
18580,1215,37.16346,-121.62645,-0.3277493547921494
18581,1215,37.85727,-122.42266,2.680413177242913
18582,1215,37.45035,-121.80037,-0.8260835699615503
18583,1215,37.7294,-121.83346,-2.1621641088423176
18584,1215,37.73786,-122.06486,-0.3982969854657072
18585,1215,38.03455,-120.38651,-1.4980875894435928
18586,1215,37.81041,-121.80272,-1.3370637682140936
18587,1215,37.69782,-123.0011,-0.5752074649370458
18588,1215,36.3887,-121.5514,-0.2394178226612533
18589,1215,37.34305,-122.33976,1.7442118959701851
18590,1215,37.17217,-122.01121,0.2513231603963395
18591,1215,37.36045,-122.18986,1.3190672735666016
18592,1215,37.20631,-121.97726,0.2755150087223685
18593,1215,37.15432,-121.73467,-0.3021815475688693
18594,1215,37.63719,-122.47482,1.93747271301908
18595,1215,37.79499,-122.4746,0.9087107699423213
18596,1215,37.19855,-122.34671,1.3818514558483992
18597,1215,37.58225,-122.42006,2.081858496254106
18598,1215,37.40372,-122.17596,-0.3326588885308202
18599,1215,37.58644,-122.50217,1.877265141480636
18600,1215,37.34164,-121.64257,-1.1129078904390983
18601,1215,38.00198,-122.47466,1.9797546381100413
18602,1215,38.07601,-122.2585,0.4680696384774126
18603,1215,37.008,-121.287,-1.549048340228401
18604,1215,37.28744,-121.86422,-0.3206134149363284
18605,1215,37.62211,-121.75697,-1.5644260024443462
18606,1216,37.68,-121.739,-2.0366308878844483
18607,1216,37.41702,-121.9154,-0.2982806732357473
18608,1216,37.34655,-121.80774,-2.4432573591742104
18609,1216,37.40718,-122.00001,0.5010111767214529
18610,1216,37.39415,-122.06041,0.15938163592141
18611,1216,37.27117,-121.98617,-1.8931266961047908
18612,1216,37.67928,-122.48405,2.8969966680072337
18613,1216,37.71633,-122.43117,2.462394660294204
18614,1216,37.41395,-121.87085,-0.5518650475202852
18615,1216,37.36408,-122.01817,-1.155226366395527
18616,1216,37.42549,-122.07772,0.4032714964713476
18617,1216,37.38332,-121.91088,0.1240349160384618
18618,1216,37.28537,-121.93602,-0.1052683055091394
18619,1216,37.74766,-121.70843,-0.3817201032186502
18620,1216,37.37289,-121.76887,-0.3430800197131324
18621,1216,37.73786,-122.06486,-0.2500574271172884
18622,1216,38.03455,-120.38651,-1.883223245291355
18623,1216,37.9889,-122.2156,-1.020011630713782
18624,1216,37.94906,-122.40851,0.9947551627364842
18625,1216,37.91233,-121.90716,-2.0173864514158515
18626,1216,38.34526,-122.4584,-1.8052383436460453
18627,1216,37.0254,-121.4845,-0.7318442099842163
18628,1216,37.34305,-122.33976,1.295314817097492
18629,1216,37.31861,-122.15314,-1.1481786778597591
18630,1216,37.36045,-122.18986,0.4841505271315191
18631,1216,37.51604,-122.45815,3.475816169504101
18632,1216,37.21427,-122.17168,0.5036499495724913
18633,1216,37.20631,-121.97726,-0.0778250772887047
18634,1216,37.15432,-121.73467,-0.1364768293005561
18635,1216,37.40373,-122.23868,-1.7157222719910157
18636,1216,37.58225,-122.42006,0.4646010863702406
18637,1216,37.40372,-122.17596,-0.7687829750492015
18638,1216,37.58644,-122.50217,2.1079793870952903
18639,1216,37.16067,-121.89899,-0.2359219636575974
18640,1216,37.34164,-121.64257,-0.6432993860256597
18641,1216,37.92144,-122.71806,1.755409178064521
18642,1216,38.00198,-122.47466,1.794899450120626
18643,1216,38.33656,-122.81082,2.339049016517196
18644,1216,38.16488,-122.71296,2.274477117312881
18645,1216,37.92371,-122.59649,2.510043310651452
18646,1216,37.008,-121.287,-0.452849583056568
18647,1216,37.28744,-121.86422,-1.1767656388075944
18648,1216,37.62211,-121.75697,-2.229729283664536
18748,1221,37.54187,-122.30471,-0.5190773876249228
18749,1221,37.30249,-121.97978,-0.1703497713677846
18750,1221,37.26748,-121.86656,0.8381080492882728
18751,1221,37.26352,-121.91617,-0.4978275128753004
18752,1221,37.31816,-121.94354,-0.3419395677475104
18753,1221,37.3066,-121.84915,0.6310278259081381
18754,1221,37.68,-121.739,-1.483918780859629
18755,1221,37.41702,-121.9154,0.1725969028636663
18756,1221,37.59094,-122.36741,1.2155356462534666
18757,1221,37.34655,-121.80774,-0.8893131032692269
18758,1221,37.40718,-122.00001,0.5080434483709485
18759,1221,37.39415,-122.06041,1.7390868694255637
18760,1221,37.376,-121.84367,-1.274372662335348
18761,1221,37.27117,-121.98617,-1.7780684144919994
18762,1221,37.71737,-121.72701,-2.004532418099409
18763,1221,37.67928,-122.48405,2.500573074642628
18764,1221,37.91056,-122.53778,2.8728250506268904
18765,1221,38.03445,-122.27016,-0.7755139699535001
18766,1221,37.71633,-122.43117,1.8364305020892664
18767,1221,37.72416,-122.44841,0.975726237963176
18768,1221,37.41395,-121.87085,0.4256120176410469
18769,1221,37.6806,-121.92098,-0.3115623616055985
18770,1221,37.37418,-122.0781,0.9194906433426404
18771,1221,37.38332,-121.91088,-0.0986421091402149
18772,1221,37.28537,-121.93602,-0.1685710305549378
18773,1221,37.35834,-121.97775,0.3793496521143529
18774,1221,37.68873,-121.78351,-1.9945549757859624
18775,1221,37.66666,-121.85715,-2.430748155901224
18776,1221,36.88311,-121.3908,-0.1197152269068674
18777,1221,38.94596,-120.96897,-1.373369816997421
18778,1221,36.57849,-121.03956,-0.3201334958449331
18779,1221,37.95397,-121.86554,-2.53227592683295
18780,1221,36.61809,-121.31468,1.3058723439431996
18781,1221,37.87622,-122.23558,-2.701748891878387
18782,1221,37.91881,-122.15176,-2.11506142109886
18783,1221,37.87352,-122.26099,-2.437731836315716
18784,1221,37.5215,-121.93376,1.3849406796326045
18785,1221,37.55845,-122.03451,-0.1446074524869097
18786,1221,37.84406,-122.21795,-1.3310277006700613
18787,1221,37.81075,-122.23608,-0.8626052178738519
18788,1221,37.59178,-122.05824,0.0127046109277268
18789,1221,37.89557,-122.2628,-0.6652279127227517
18790,1221,37.89565,-122.29359,-0.3460285120262517
18791,1221,37.944,-122.00993,-1.4802123185258282
18792,1221,37.92636,-122.31248,0.6763953296537609
18793,1221,37.68269,-122.06,-1.013492070818763
18794,1221,37.55944,-121.99373,-0.8286607800484544
18795,1221,37.39635,-121.86703,-0.4816396778088971
18796,1221,37.50649,-121.9262,-0.1780504407797641
18797,1221,37.80085,-122.20752,-1.7650779002402603
18798,1221,37.695,-122.06376,-1.2901614577827
18799,1221,37.53614,-121.97495,0.2685991937777298
18800,1221,37.51044,-121.954,-1.2360260930045102
18801,1221,37.64372,-121.90046,-0.2274399338229096
18802,1221,37.87052,-122.05135,-0.700251276676994
18803,1221,37.85095,-122.24588,0.0857056154172019
18804,1221,37.78882,-121.97125,-1.319211159964992
18805,1221,37.15491,-121.60989,0.0159053556598896
18806,1221,38.08251,-122.15759,-0.6967344621525718
18807,1221,37.16346,-121.62645,-0.6578523687637003
18808,1221,37.85727,-122.42266,2.040165035052187
18809,1221,37.45035,-121.80037,0.4402661009992797
18810,1221,37.74766,-121.70843,0.1867027593246353
18811,1221,37.81647,-122.06302,-2.6225805845097225
18812,1221,37.25898,-121.67311,-1.4335348312358365
18813,1221,37.7294,-121.83346,-0.6740798121845847
18814,1221,37.37289,-121.76887,-0.2179163891253691
18815,1221,37.73786,-122.06486,-0.3997705250056183
18816,1221,38.03455,-120.38651,-1.1144388425535092
18817,1221,37.81041,-121.80272,-1.4105451392979855
18818,1221,37.9889,-122.2156,-0.4960733020577654
18819,1221,37.94906,-122.40851,1.023595960211658
18820,1221,37.85884,-121.99264,-0.8332969543377857
18821,1221,37.91233,-121.90716,-0.8926078461807764
18822,1221,37.72416,-122.11929,-1.0548963394905668
18823,1221,38.02691,-122.01599,-0.8304349994553898
18824,1221,38.34526,-122.4584,-0.5970632793746861
18825,1221,37.80787,-122.3618,1.3847235899961867
18826,1221,37.69782,-123.0011,-0.3347508110969954
18827,1221,36.3887,-121.5514,1.0591128238674798
18828,1221,37.0254,-121.4845,-0.0893088351609724
18829,1221,36.68011,-119.02282,0.4606661478382971
18830,1221,36.82681,-121.64349,-0.9298036864615308
18831,1221,37.36775,-122.15358,1.1292593233159949
18832,1221,37.31746,-122.03644,0.0864028641275221
18833,1221,37.29606,-121.96046,-0.7598934512167966
18834,1221,37.49236,-122.24467,0.5340940764042921
18835,1221,37.51974,-122.51173,1.6727775520918249
18836,1221,37.45796,-122.43623,1.858915103340472
18837,1221,37.40599,-122.10693,-1.5924067609756962
18838,1221,37.33187,-121.87612,-0.850537029747382
18839,1221,37.45744,-122.25167,-0.0816303520594195
18840,1221,37.31959,-122.07355,0.3743105924143825
18841,1221,37.43433,-122.19835,0.7471268973528606
18842,1221,37.76603,-122.44114,1.78598044598856
18843,1221,37.35655,-122.23656,0.8971497176304022
18844,1221,37.39475,-122.07255,0.7552302633242718
18845,1221,37.3476,-122.08417,0.0141054111969458
18846,1221,37.5813,-122.48242,2.0997112585223325
18847,1221,37.45286,-122.19582,-1.4969778507807685
18848,1221,37.37023,-122.11345,0.351206702991451
18849,1221,37.34305,-122.33976,1.7069265370760187
18850,1221,37.31861,-122.15314,0.3639116220892452
18851,1221,37.12043,-122.1552,2.293987440791424
18852,1221,37.17217,-122.01121,0.9271702804997228
18853,1221,37.51704,-122.37731,0.6595304159822188
18854,1221,36.92745,-121.82764,0.5331821844324635
18855,1221,37.36045,-122.18986,1.2186351052920523
18856,1221,37.51604,-122.45815,3.233611948796893
18857,1221,37.21427,-122.17168,0.8826841318626207
18858,1221,37.20631,-121.97726,0.1172149477382794
18859,1221,37.15432,-121.73467,0.2303204313407034
18860,1221,37.63719,-122.47482,0.8056325904239701
18861,1221,37.2708,-122.21276,-0.1914684629058597
18862,1221,37.79499,-122.4746,0.4132994698467651
18863,1221,37.19855,-122.34671,1.693619638671056
18864,1221,37.40373,-122.23868,-1.220804820419335
18865,1221,37.58225,-122.42006,1.0837412010251135
18866,1221,37.67433,-122.39855,1.1827511631896797
18867,1221,37.40372,-122.17596,0.9167939167092012
18868,1221,37.28397,-122.05017,-1.2676782517458984
18869,1221,37.58644,-122.50217,1.3776874140585833
18870,1221,37.16067,-121.89899,1.7933509809906731
18872,1221,37.6444,-118.89683,1.701046252814104
18873,1221,38.14478,-122.88018,-0.6488464105949759
18874,1221,37.34164,-121.64257,-0.7168878689544855
18875,1221,37.65909,-118.97907,2.3682303891681595
18876,1221,38.87874,-122.44277,-2.8888649340772905
18877,1221,37.92144,-122.71806,1.047726822978654
18878,1221,38.26021,-122.55179,-0.8682745486265547
18879,1221,38.00198,-122.47466,1.3916338132347223
18880,1221,38.30988,-122.943,2.751174401237197
18881,1221,38.33656,-122.81082,2.1303977272012284
18882,1221,38.46769,-122.89651,0.116747772053556
18883,1221,38.04962,-122.52331,2.1079523994693066
18884,1221,38.15486,-121.80438,-0.8277383465896959
18885,1221,38.16488,-122.71296,1.771831382172087
18886,1221,38.12282,-122.14921,-0.8100720458692303
18887,1221,38.07601,-122.2585,-0.4785093524181612
18888,1221,37.99642,-123.01949,-0.2319748043523039
18889,1221,38.20025,-122.4644,-0.1192900795563959
18890,1221,37.92371,-122.59649,1.97497669274152
18891,1221,38.14361,-122.44969,-0.5358829287450836
18892,1221,38.24039,-122.79842,0.4118371925895725
18893,1221,38.38921,-122.66297,-0.2073157176477192
18894,1221,39.55451,-121.50036,-1.8326354852397129
18895,1221,37.008,-121.287,0.3306073400583331
18896,1221,35.945,-120.542,-1.4628238996639684
18897,1221,36.2159,-120.80126,-1.5687966650037757
18898,1221,35.63597,-120.86984,0.580555549924433
18899,1221,37.91608,-122.33607,0.2075420334457749
18900,1221,36.76403,-121.44722,-0.8719195852814896
18901,1221,37.28744,-121.86422,0.9266548733612908
18902,1221,37.62211,-121.75697,-2.2744652636138643
19352,1264,34.224,-117.331,-1.818118078998847
19353,1264,34.55046,-117.43391,-0.1854013349605618
19354,1264,34.68708,-118.29946,-0.0002063444782244
19355,1264,35.1269,-118.83009,0.3217453010914903
19356,1264,32.68005,-116.67215,1.610770845052439
19357,1264,34.2623,-116.92075,-1.8249831284975568
19358,1264,33.921,-116.981,-1.307993930245174
19359,1264,34.23883,-117.65853,0.5490568972843353
19360,1264,34.069,-116.39,0.0247121903607193
19361,1264,33.268,-116.417,1.9883212152617096
19363,1264,33.999,-117.68,-1.496702463655709
19364,1264,33.4019,-118.41502,2.3763825612548253
19365,1264,34.093,-117.317,0.8969950398491895
19366,1264,34.25353,-118.33383,0.6034700818468246
19367,1264,33.65,-117.009,2.535077187173665
19368,1264,33.567,-116.631,0.8096550910079621
19369,1264,32.999,-116.942,-7.289387656733613
19371,1264,33.71264,-118.29381,-0.8938090820459179
19372,1264,34.1,-117.439,1.1368796132418384
19373,1264,33.1537,-117.22921,0.2911596872141975
19374,1264,35.30177,-116.80574,-0.1293612744626746
19375,1264,34.36622,-116.61266,-0.2122070425908252
19376,1264,33.7141,-116.7119,0.7595404475419363
19377,1264,33.86889,-118.33143,1.1763222506361368
19378,1264,34.9906,-118.34156,1.0344558698725954
19379,1264,34.80762,-118.86775,0.6087044269462253
19380,1264,34.93439,-117.69629,0.6703018154543325
19381,1264,34.3656,-117.36683,-1.2922513769980752
19383,1264,33.6,-117.195,0.47527066082844
19384,1264,33.94539,-117.92372,0.2188117188012048
19385,1264,34.6145,-118.7235,-0.5291534932590338
19386,1264,34.1207,-117.63808,-1.7587773608838833
19388,1264,33.354,-116.863,0.4859294097820703
19389,1264,33.7953,-117.60906,-1.5811065578085708
19391,1264,34.09181,-117.80709,-1.3082823106084305
19392,1264,33.63,-116.8478,1.8271004637133628
19393,1264,34.10473,-117.97956,-0.5905783233139165
19394,1264,33.74346,-118.40412,1.3765525414955644
19395,1264,34.87533,-116.99684,0.3962208101847899
19396,1264,33.973,-117.327,1.321567267776371
19397,1264,33.97327,-117.32674,0.0517139485199785
19398,1264,34.05073,-118.08085,-0.1248861762609053
19399,1264,33.99351,-117.37545,1.2401357247503686
19401,1264,33.829,-117.789,-0.0154047771223781
19402,1264,33.664,-117.769,-1.317477923003344
19403,1264,34.106,-117.098,-0.4727918297732699
19404,1264,34.38203,-117.67822,0.193936205545643
19406,1264,34.48364,-118.11783,1.0914961431198078
19407,1264,34.56065,-117.3296,0.8276434449535072
19408,1264,34.00948,-117.95077,1.7721059766434262
